timestamp,request_type,node,key,latency_ms,stale,returned_version,latest_version,interval_ms,status_code
1775116940.1344159,read,http://localhost:8080,k2,11.147022247314453,False,303,0,,200
1775116941.412894,write,http://localhost:8084,k1,1286.302089691162,False,308,308,,201
1775116941.4132018,write,http://localhost:8081,k1,1285.5806350708008,False,309,309,,201
1775116941.413345,write,http://localhost:8081,k1,1285.2332592010498,False,308,308,,201
1775116941.413502,write,http://localhost:8082,k4,1286.5731716156006,False,296,296,,201
1775116941.413625,write,http://localhost:8080,k1,1286.327838897705,False,311,311,,201
1775116941.4137442,write,http://localhost:8083,k2,1286.2789630889893,False,305,305,,201
1775116941.41386,write,http://localhost:8082,k3,1286.097764968872,False,311,311,,201
1775116941.413974,write,http://localhost:8083,k3,1286.073923110962,False,311,311,,201
1775116941.4140851,write,http://localhost:8080,k2,1285.796880722046,False,304,304,,201
1775116941.4142091,write,http://localhost:8083,k1,1268.0540084838867,False,308,308,,201
1775116942.382467,write,http://localhost:8081,k5,1246.7260360717773,False,291,291,,201
1775116942.3829901,write,http://localhost:8081,k1,1247.8389739990234,False,309,309,,201
1775116942.383266,write,http://localhost:8081,k2,1250.6299018859863,False,306,306,,201
1775116942.3834932,write,http://localhost:8080,k2,1248.0647563934326,False,306,306,,201
1775116942.383765,write,http://localhost:8082,k2,1250.2641677856445,False,306,306,,201
1775116942.38398,write,http://localhost:8082,k4,1252.974033355713,False,297,297,,201
1775116942.384181,write,http://localhost:8083,k5,1250.2679824829102,False,292,292,,201
1775116942.384424,write,http://localhost:8082,k1,1249.8431205749512,False,309,309,,201
1775116942.384695,write,http://localhost:8083,k2,1250.4210472106934,False,305,305,,201
1775116942.384932,write,http://localhost:8082,k5,1250.0782012939453,False,291,291,,201
1775116942.400716,read,http://localhost:8083,k3,15.665054321289062,False,314,311,986.7367744445801,200
1775116942.684444,write,http://localhost:8080,k5,1267.8229808807373,False,292,292,,201
1775116942.685003,write,http://localhost:8081,k5,1269.773006439209,False,292,292,,201
1775116942.6853602,write,http://localhost:8080,k3,1263.8468742370605,False,312,312,,201
1775116942.685728,write,http://localhost:8081,k3,1267.261028289795,False,312,312,,201
1775116942.6859899,write,http://localhost:8081,k4,1270.435094833374,False,297,297,,201
1775116942.686225,write,http://localhost:8080,k2,1268.2478427886963,False,307,307,,201
1775116942.686487,write,http://localhost:8081,k5,1268.282175064087,False,293,293,,201
1775116942.6868532,write,http://localhost:8080,k5,1263.918161392212,False,293,293,,201
1775116942.687148,write,http://localhost:8080,k2,1264.7569179534912,False,308,308,,201
1775116942.687488,write,http://localhost:8081,k4,1264.725923538208,False,298,298,,201
1775116942.703574,read,http://localhost:8081,k3,8.841991424560547,False,314,312,17.83919334411621,200
1775116942.705183,read,http://localhost:8083,k1,12.806892395019531,True,309,311,320.756196975708,200
1775116943.163332,read,http://localhost:8081,k5,26.856184005737305,False,294,293,476.4738082885742,200
1775116943.164695,read,http://localhost:8083,k2,22.665023803710938,False,310,308,477.54406929016113,200
1775116943.165083,read,http://localhost:8080,k3,27.00185775756836,False,314,312,479.3531894683838,200
1775116943.40133,write,http://localhost:8083,k3,1252.0389556884766,False,314,314,,201
1775116943.4019141,write,http://localhost:8082,k5,1254.6980381011963,False,293,293,,201
1775116943.402267,write,http://localhost:8080,k3,1256.9420337677002,False,313,313,,201
1775116943.402564,write,http://localhost:8082,k4,1256.3068866729736,False,298,298,,201
1775116943.402827,write,http://localhost:8084,k1,1253.816843032837,False,310,310,,201
1775116943.403063,write,http://localhost:8083,k3,1255.3668022155762,False,313,313,,201
1775116943.403296,write,http://localhost:8084,k1,1255.0358772277832,False,309,309,,201
1775116943.4035258,write,http://localhost:8083,k2,1255.0196647644043,False,309,309,,201
1775116943.403741,write,http://localhost:8080,k5,1255.7439804077148,False,294,294,,201
1775116943.40397,write,http://localhost:8082,k5,1255.2101612091064,False,294,294,,201
1775116943.417414,read,http://localhost:8082,k4,5.00178337097168,False,299,298,14.847993850708008,200
1775116943.615564,write,http://localhost:8082,k3,1223.6237525939941,False,313,313,,201
1775116943.6158788,write,http://localhost:8083,k4,1229.4912338256836,False,299,299,,201
1775116943.616099,write,http://localhost:8083,k2,1227.0820140838623,False,311,311,,201
1775116943.616352,write,http://localhost:8083,k3,1228.1579971313477,False,316,316,,201
1775116943.6166651,write,http://localhost:8083,k2,1224.3878841400146,False,310,310,,201
1775116943.616931,write,http://localhost:8083,k3,1231.1530113220215,False,315,315,,201
1775116943.6171572,write,http://localhost:8084,k1,1227.6391983032227,False,310,310,,201
1775116943.617363,write,http://localhost:8084,k5,1222.3398685455322,False,292,292,,201
1775116943.617562,write,http://localhost:8082,k1,1226.8452644348145,False,310,310,,201
1775116943.6251352,read,http://localhost:8080,k4,5.357027053833008,True,298,299,9.251832962036133,200
1775116943.675551,write,http://localhost:8080,k2,1265.34104347229,False,310,310,,201
1775116943.9172091,write,http://localhost:8082,k4,1229.137897491455,False,299,299,,201
1775116943.9178822,write,http://localhost:8080,k2,1222.6109504699707,False,312,312,,201
1775116943.918405,write,http://localhost:8082,k4,1221.8878269195557,False,300,300,,201
1775116943.918783,write,http://localhost:8080,k3,1229.4819355010986,False,316,316,,201
1775116943.919096,write,http://localhost:8083,k3,1227.1721363067627,False,317,317,,201
1775116943.919352,write,http://localhost:8083,k3,1226.2670993804932,False,318,318,,201
1775116943.919598,write,http://localhost:8084,k5,1222.332239151001,False,294,294,,201
1775116943.919831,write,http://localhost:8083,k5,1226.3240814208984,False,294,294,,201
1775116943.936182,write,http://localhost:8081,k4,1225.1827716827393,False,299,299,,201
1775116943.936573,write,http://localhost:8082,k3,1228.698968887329,False,314,314,,201
1775116943.937259,read,http://localhost:8082,k1,10.844945907592773,False,313,311,319.69475746154785,200
1775116944.180248,read,http://localhost:8081,k3,36.376953125,True,317,318,243.67403984069824,200
1775116944.180406,read,http://localhost:8083,k3,36.878108978271484,True,315,318,243.8340187072754,200
1775116944.1805172,read,http://localhost:8084,k1,37.45889663696289,False,313,311,562.9558563232422,200
1775116944.387928,write,http://localhost:8080,k1,1247.560977935791,False,311,311,,201
1775116944.396678,write,http://localhost:8084,k4,1255.9571266174316,False,298,298,,201
1775116944.396897,write,http://localhost:8084,k3,1256.9317817687988,False,313,313,,201
1775116944.398499,write,http://localhost:8084,k5,1225.7719039916992,False,295,295,,201
1775116944.398724,write,http://localhost:8083,k4,1257.369041442871,False,300,300,,201
1775116944.3989382,write,http://localhost:8083,k4,1257.2619915008545,False,299,299,,201
1775116944.399144,write,http://localhost:8083,k2,1229.5801639556885,False,311,311,,201
1775116944.39936,write,http://localhost:8082,k3,1261.8911266326904,False,316,316,,201
1775116944.399559,write,http://localhost:8080,k1,1233.6959838867188,False,312,312,,201
1775116944.3997738,write,http://localhost:8082,k2,1258.7478160858154,False,312,312,,201
1775116944.640378,write,http://localhost:8084,k3,1236.2627983093262,False,314,314,,201
1775116944.640985,write,http://localhost:8082,k5,1231.7790985107422,False,293,293,,201
1775116944.6413388,write,http://localhost:8082,k3,1234.7221374511719,False,317,317,,201
1775116944.641631,write,http://localhost:8083,k5,1236.6228103637695,False,294,294,,201
1775116944.641897,write,http://localhost:8080,k1,1230.1068305969238,False,313,313,,201
1775116944.642138,write,http://localhost:8080,k2,1230.7910919189453,False,312,312,,201
1775116944.6423948,write,http://localhost:8082,k5,1234.847068786621,False,294,294,,201
1775116944.642611,write,http://localhost:8082,k5,1232.1841716766357,False,295,295,,201
1775116944.642824,write,http://localhost:8082,k3,1231.921911239624,False,318,318,,201
1775116944.6470249,write,http://localhost:8081,k3,1224.8198986053467,False,315,315,,201
1775116944.844378,write,http://localhost:8084,k3,1226.7382144927979,False,317,317,,201
1775116944.853566,write,http://localhost:8081,k3,1230.8368682861328,False,317,317,,201
1775116944.853751,write,http://localhost:8081,k2,1220.2000617980957,False,312,312,,201
1775116944.858944,write,http://localhost:8082,k5,1238.7030124664307,False,296,296,,201
1775116944.859267,write,http://localhost:8081,k5,1235.356092453003,False,296,296,,201
1775116944.863036,write,http://localhost:8084,k1,1243.8042163848877,False,311,311,,201
1775116944.863227,write,http://localhost:8080,k2,1242.5951957702637,False,313,313,,201
1775116944.8634298,write,http://localhost:8083,k3,1241.3568496704102,False,315,315,,201
1775116944.8636181,write,http://localhost:8080,k5,1241.955041885376,False,296,296,,201
1775116944.865501,read,http://localhost:8080,k1,4.934072494506836,False,314,313,2.4640560150146484,200
1775116944.87648,read,http://localhost:8081,k5,3.186941146850586,False,297,296,12.861013412475586,200
1775116944.908169,write,http://localhost:8083,k3,1225.1801490783691,False,316,316,,201
1775116945.1593962,write,http://localhost:8084,k3,1234.4367504119873,False,315,315,,201
1775116945.1595972,write,http://localhost:8084,k1,1230.349063873291,False,312,312,,201
1775116945.1722581,write,http://localhost:8083,k2,1252.2189617156982,False,313,313,,201
1775116945.1724842,write,http://localhost:8082,k2,1230.560064315796,False,312,312,,201
1775116945.172658,write,http://localhost:8084,k4,1227.3128032684326,False,300,300,,201
1775116945.172821,write,http://localhost:8084,k1,1231.76908493042,False,313,313,,201
1775116945.173032,write,http://localhost:8080,k1,1251.5199184417725,False,312,312,,201
1775116945.173179,write,http://localhost:8080,k3,1246.2010383605957,False,317,317,,201
1775116945.173337,write,http://localhost:8080,k2,1250.7777214050293,False,313,313,,201
1775116945.173482,write,http://localhost:8080,k2,1245.5449104309082,False,314,314,,201
1775116945.179564,read,http://localhost:8080,k5,1.31988525390625,False,299,296,315.9451484680176,200
1775116945.395081,write,http://localhost:8084,k5,1249.9299049377441,False,295,295,,201
1775116945.3955562,write,http://localhost:8081,k3,1254.439115524292,False,317,317,,201
1775116945.3958862,write,http://localhost:8080,k1,1256.9191455841064,False,314,314,,201
1775116945.396148,write,http://localhost:8083,k1,1251.2247562408447,False,314,314,,201
1775116945.396411,write,http://localhost:8081,k2,1252.1631717681885,False,315,315,,201
1775116945.396733,write,http://localhost:8083,k2,1256.4430236816406,False,313,313,,201
1775116945.397164,write,http://localhost:8083,k5,1252.668857574463,False,296,296,,201
1775116945.409871,read,http://localhost:8084,k4,10.476827621459961,False,300,300,237.2109889984131,200
1775116945.410948,read,http://localhost:8082,k4,10.061979293823242,True,299,300,238.28792572021484,200
1775116945.412461,write,http://localhost:8081,k2,1228.0678749084473,False,316,316,,201
1775116945.412721,write,http://localhost:8084,k2,1229.590892791748,False,313,313,,201
1775116945.412933,write,http://localhost:8083,k4,1223.2599258422852,False,300,300,,201
1775116945.632086,write,http://localhost:8083,k4,1227.2722721099854,False,299,299,,201
1775116945.632472,write,http://localhost:8084,k2,1230.7147979736328,False,312,312,,201
1775116945.6327198,write,http://localhost:8083,k1,1227.6010513305664,False,315,315,,201
1775116945.632929,write,http://localhost:8081,k5,1227.0641326904297,False,298,298,,201
1775116945.633166,write,http://localhost:8080,k3,1230.4041385650635,False,318,318,,201
1775116945.633354,write,http://localhost:8083,k5,1227.8950214385986,False,297,297,,201
1775116945.633547,write,http://localhost:8081,k5,1242.3450946807861,False,297,297,,201
1775116945.633766,write,http://localhost:8082,k4,1232.936143875122,False,301,301,,201
1775116945.633972,write,http://localhost:8081,k3,1229.9268245697021,False,316,316,,201
1775116945.634159,write,http://localhost:8080,k1,1230.6201457977295,False,315,315,,201
1775116945.643455,read,http://localhost:8082,k3,3.2491683959960938,False,319,318,9.480953216552734,200
1775116945.645473,read,http://localhost:8082,k2,3.0121803283691406,True,315,316,12.997865676879883,200
1775116945.8885708,write,http://localhost:8080,k5,1236.0279560089111,False,299,299,,201
1775116945.8887,write,http://localhost:8080,k3,1233.2642078399658,False,318,318,,201
1775116945.888803,write,http://localhost:8080,k3,1231.1928272247314,False,317,317,,201
1775116945.88889,write,http://localhost:8083,k1,1243.0660724639893,False,312,312,,201
1775116945.890352,write,http://localhost:8084,k5,1240.7770156860352,False,297,297,,201
1775116945.890434,write,http://localhost:8081,k2,1239.5009994506836,False,314,314,,201
1775116945.890518,write,http://localhost:8084,k1,1241.9447898864746,False,314,314,,201
1775116945.890597,write,http://localhost:8083,k5,1233.4070205688477,False,298,298,,201
1775116945.890677,write,http://localhost:8082,k4,1240.309238433838,False,301,301,,201
1775116945.891233,write,http://localhost:8080,k4,1239.8509979248047,False,300,300,,201
1775116946.086545,write,http://localhost:8084,k3,1239.159107208252,False,317,317,,201
1775116946.102017,write,http://localhost:8083,k5,1237.056016921997,False,299,299,,201
1775116946.102171,write,http://localhost:8080,k3,1231.440782546997,False,319,319,,201
1775116946.104362,write,http://localhost:8081,k2,1231.7321300506592,False,313,313,,201
1775116946.104528,write,http://localhost:8082,k2,1232.5787544250488,False,314,314,,201
1775116946.10467,write,http://localhost:8082,k3,1231.0450077056885,False,317,317,,201
1775116946.104789,write,http://localhost:8082,k4,1249.0880489349365,False,302,302,,201
1775116946.104907,write,http://localhost:8084,k5,1249.6092319488525,False,298,298,,201
1775116946.105029,write,http://localhost:8084,k1,1223.052978515625,False,315,315,,201
1775116946.137792,write,http://localhost:8083,k1,1219.1379070281982,False,315,315,,201
1775116946.408233,write,http://localhost:8082,k5,1225.8658409118652,False,298,298,,201
1775116946.408879,write,http://localhost:8084,k1,1227.8492450714111,False,313,313,,201
1775116946.409364,write,http://localhost:8080,k3,1231.4050197601318,False,319,319,,201
1775116946.409693,write,http://localhost:8080,k3,1246.377944946289,False,318,318,,201
1775116946.409975,write,http://localhost:8081,k2,1228.6531925201416,False,314,314,,201
1775116946.410228,write,http://localhost:8083,k4,1235.9979152679443,False,302,302,,201
1775116946.410479,write,http://localhost:8084,k5,1229.8691272735596,False,299,299,,201
1775116946.4107368,write,http://localhost:8081,k3,1240.7119274139404,False,320,320,,201
1775116946.41099,write,http://localhost:8084,k2,1232.339859008789,False,314,314,,201
1775116946.4119859,write,http://localhost:8080,k2,1225.748062133789,False,315,315,,201
1775116946.422508,read,http://localhost:8081,k5,3.155946731567383,False,299,299,12.027740478515625,200
1775116946.625776,write,http://localhost:8083,k4,1227.2388935089111,False,301,301,,201
1775116946.6263318,write,http://localhost:8084,k2,1223.2372760772705,False,317,317,,201
1775116946.6267421,write,http://localhost:8083,k1,1222.0149040222168,False,316,316,,201
1775116946.627092,write,http://localhost:8083,k5,1225.2171039581299,False,300,300,,201
1775116946.6273699,write,http://localhost:8083,k4,1230.0927639007568,False,302,302,,201
1775116946.6299798,write,http://localhost:8084,k1,1215.2910232543945,False,315,315,,201
1775116946.636472,write,http://localhost:8084,k5,1216.1951065063477,False,297,297,,201
1775116946.6369019,write,http://localhost:8080,k2,1219.6297645568848,False,315,315,,201
1775116946.637247,write,http://localhost:8081,k2,1217.5581455230713,False,316,316,,201
1775116946.6375911,write,http://localhost:8083,k3,1219.6590900421143,False,318,318,,201
1775116946.6503098,read,http://localhost:8081,k4,4.124164581298828,False,307,302,22.936105728149414,200
1775116946.653343,read,http://localhost:8083,k2,5.630970001220703,True,316,317,16.09325408935547,200
1775116946.6578948,read,http://localhost:8083,k4,2.3009777069091797,True,300,302,30.52210807800293,200
1775116946.854749,write,http://localhost:8081,k3,1219.4619178771973,False,320,320,,201
1775116946.855086,write,http://localhost:8083,k5,1218.2960510253906,False,301,301,,201
1775116946.855316,write,http://localhost:8084,k2,1219.4709777832031,False,318,318,,201
1775116946.855529,write,http://localhost:8083,k4,1217.9009914398193,False,303,303,,201
1775116946.8557692,write,http://localhost:8083,k5,1214.6248817443848,False,303,303,,201
1775116946.855978,write,http://localhost:8081,k2,1216.3949012756348,False,315,315,,201
1775116946.8561878,write,http://localhost:8083,k5,1214.3232822418213,False,302,302,,201
1775116946.8564339,write,http://localhost:8084,k4,1219.2728519439697,False,300,300,,201
1775116946.8639512,read,http://localhost:8083,k2,2.532958984375,False,318,318,7.970094680786133,200
1775116946.864286,write,http://localhost:8080,k2,1216.804027557373,False,317,317,,201
1775116946.868335,write,http://localhost:8083,k3,1218.9786434173584,False,320,320,,201
1775116946.8693252,read,http://localhost:8083,k4,3.7567615509033203,False,305,303,12.884140014648438,200
1775116946.881834,read,http://localhost:8080,k4,4.487276077270508,False,303,303,25.397062301635742,200
1775116947.1404421,write,http://localhost:8081,k2,1245.7799911499023,False,318,318,,201
1775116947.140672,write,http://localhost:8081,k3,1246.6790676116943,False,319,319,,201
1775116947.140838,write,http://localhost:8081,k5,1240.3321266174316,False,298,298,,201
1775116947.140979,write,http://localhost:8084,k3,1245.0661659240723,False,318,318,,201
1775116947.141093,write,http://localhost:8082,k2,1246.2279796600342,False,316,316,,201
1775116947.141206,write,http://localhost:8082,k2,1247.8609085083008,False,315,315,,201
1775116947.1413581,write,http://localhost:8084,k4,1248.852252960205,False,303,303,,201
1775116947.141514,write,http://localhost:8084,k1,1245.4838752746582,False,313,313,,201
1775116947.141665,write,http://localhost:8084,k1,1244.7991371154785,False,314,314,,201
1775116947.1417751,write,http://localhost:8081,k1,1240.7360076904297,False,316,316,,201
1775116947.146878,read,http://localhost:8084,k4,2.8231143951416016,False,305,303,5.518913269042969,200
1775116947.344809,write,http://localhost:8080,k2,1234.3227863311768,False,316,316,,201
1775116947.345435,write,http://localhost:8082,k5,1238.5568618774414,False,300,300,,201
1775116947.345852,write,http://localhost:8083,k5,1239.4819259643555,False,299,299,,201
1775116947.346178,write,http://localhost:8082,k3,1238.2419109344482,False,321,321,,201
1775116947.346451,write,http://localhost:8080,k5,1239.7358417510986,False,299,299,,201
1775116947.346706,write,http://localhost:8080,k4,1235.6371879577637,False,305,305,,201
1775116947.346946,write,http://localhost:8080,k4,1249.24898147583,False,304,304,,201
1775116947.3471842,write,http://localhost:8082,k1,1241.375207901001,False,314,314,,201
1775116947.3474119,write,http://localhost:8082,k2,1241.286039352417,False,318,318,,201
1775116947.36381,read,http://localhost:8083,k5,8.116960525512695,True,300,303,17.353057861328125,200
1775116947.373018,write,http://localhost:8080,k1,1225.522756576538,False,317,317,,201
1775116947.6504152,write,http://localhost:8081,k1,1235.0201606750488,False,314,314,,201
1775116947.650857,write,http://localhost:8083,k2,1234.6107959747314,False,318,318,,201
1775116947.6511428,write,http://localhost:8081,k3,1237.4489307403564,False,319,319,,201
1775116947.651386,write,http://localhost:8080,k4,1237.2589111328125,False,307,307,,201
1775116947.651618,write,http://localhost:8084,k3,1239.1760349273682,False,321,321,,201
1775116947.6518369,write,http://localhost:8080,k4,1240.7598495483398,False,306,306,,201
1775116947.6520588,write,http://localhost:8084,k2,1239.2733097076416,False,316,316,,201
1775116947.6528692,write,http://localhost:8081,k2,1238.2071018218994,False,316,316,,201
1775116947.653078,write,http://localhost:8084,k3,1237.3991012573242,False,322,322,,201
1775116947.653312,write,http://localhost:8081,k3,1220.5240726470947,False,320,320,,201
1775116947.668024,read,http://localhost:8081,k2,5.143880844116211,False,318,318,15.151023864746094,200
1775116947.853651,write,http://localhost:8083,k4,1225.6629467010498,False,304,304,,201
1775116947.8622699,write,http://localhost:8081,k1,1226.9999980926514,False,315,315,,201
1775116947.862729,write,http://localhost:8081,k5,1233.625888824463,False,300,300,,201
1775116947.864483,write,http://localhost:8084,k4,1230.0832271575928,False,303,303,,201
1775116947.864786,write,http://localhost:8083,k3,1225.2137660980225,False,320,320,,201
1775116947.865401,write,http://localhost:8081,k2,1233.534812927246,False,319,319,,201
1775116947.873976,write,http://localhost:8084,k1,1234.9541187286377,False,317,317,,201
1775116947.874798,write,http://localhost:8080,k5,1228.0330657958984,False,300,300,,201
1775116947.880971,write,http://localhost:8082,k3,1219.3808555603027,False,319,319,,201
1775116947.885664,write,http://localhost:8080,k2,1218.0609703063965,False,317,317,,201
1775116947.886456,read,http://localhost:8081,k4,2.460002899169922,True,305,307,21.971940994262695,200
1775116947.88671,read,http://localhost:8081,k5,2.344846725463867,False,303,303,11.91091537475586,200
1775116947.896102,read,http://localhost:8083,k4,2.5658607482910156,True,304,307,31.6159725189209,200
1775116948.07706,write,http://localhost:8082,k4,1218.9409732818604,False,308,308,,201
1775116948.077739,write,http://localhost:8082,k3,1218.5108661651611,False,321,321,,201
1775116948.078194,write,http://localhost:8081,k3,1219.377040863037,False,323,323,,201
1775116948.082171,write,http://localhost:8080,k5,1216.3031101226807,False,301,301,,201
1775116948.0829818,write,http://localhost:8083,k5,1218.5988426208496,False,300,300,,201
1775116948.083283,write,http://localhost:8083,k5,1218.580961227417,False,301,301,,201
1775116948.083529,write,http://localhost:8084,k5,1218.4147834777832,False,304,304,,201
1775116948.087795,read,http://localhost:8082,k2,4.148960113525391,True,318,319,202.12602615356445,200
1775116948.1070578,read,http://localhost:8083,k1,20.839214324951172,False,318,317,233.0801486968994,200
1775116948.109448,write,http://localhost:8083,k4,1236.8559837341309,False,306,306,,201
1775116948.1097229,write,http://localhost:8083,k4,1231.9681644439697,False,307,307,,201
1775116948.112293,read,http://localhost:8083,k5,23.51093292236328,True,303,304,28.762102127075195,200
1775116948.116435,write,http://localhost:8082,k1,1232.7589988708496,False,315,315,,201
1775116948.3834848,write,http://localhost:8080,k1,1238.5118007659912,False,316,316,,201
1775116948.3841128,write,http://localhost:8082,k2,1233.694076538086,False,317,317,,201
1775116948.3845398,write,http://localhost:8080,k2,1236.8810176849365,False,320,320,,201
1775116948.384862,write,http://localhost:8080,k1,1237.3847961425781,False,317,317,,201
1775116948.385139,write,http://localhost:8083,k5,1234.1852188110352,False,302,302,,201
1775116948.385459,write,http://localhost:8080,k4,1239.5069599151611,False,308,308,,201
1775116948.385687,write,http://localhost:8081,k2,1237.7138137817383,False,319,319,,201
1775116948.385904,write,http://localhost:8081,k4,1237.2558116912842,False,304,304,,201
1775116948.386116,write,http://localhost:8084,k5,1236.6540431976318,False,300,300,,201
1775116948.386335,write,http://localhost:8081,k5,1235.6867790222168,False,302,302,,201
1775116948.3919308,read,http://localhost:8083,k5,2.504110336303711,False,304,304,5.594015121459961,200
1775116948.5806909,write,http://localhost:8082,k5,1233.1430912017822,False,302,302,,201
1775116948.581208,write,http://localhost:8082,k5,1227.4010181427002,False,303,303,,201
1775116948.5816572,write,http://localhost:8082,k3,1232.8720092773438,False,324,324,,201
1775116948.583055,write,http://localhost:8080,k2,1230.705976486206,False,318,318,,201
1775116948.58599,write,http://localhost:8080,k4,1230.7310104370117,False,305,305,,201
1775116948.5864189,write,http://localhost:8082,k1,1218.764066696167,False,318,318,,201
1775116948.5881212,write,http://localhost:8081,k1,1235.3191375732422,False,316,316,,201
1775116948.588394,write,http://localhost:8081,k2,1231.7209243774414,False,321,321,,201
1775116948.588667,write,http://localhost:8081,k3,1235.3510856628418,False,322,322,,201
1775116948.610413,write,http://localhost:8080,k3,1234.2450618743896,False,322,322,,201
1775116948.887037,write,http://localhost:8083,k2,1226.106882095337,False,317,317,,201
1775116948.8876119,write,http://localhost:8081,k2,1235.4350090026855,False,318,318,,201
1775116948.8880188,write,http://localhost:8080,k3,1230.0598621368408,False,323,323,,201
1775116948.8882859,write,http://localhost:8080,k1,1226.5801429748535,False,319,319,,201
1775116948.888543,write,http://localhost:8080,k5,1232.9957485198975,False,304,304,,201
1775116948.889856,write,http://localhost:8081,k1,1217.4639701843262,False,317,317,,201
1775116948.891041,write,http://localhost:8084,k5,1234.6680164337158,False,301,301,,201
1775116948.891356,write,http://localhost:8084,k1,1234.3480587005615,False,316,316,,201
1775116948.8916092,write,http://localhost:8084,k4,1233.9098453521729,False,305,305,,201
1775116948.891843,write,http://localhost:8082,k2,1229.6600341796875,False,321,321,,201
1775116949.093421,write,http://localhost:8084,k4,1215.2061462402344,False,309,309,,201
1775116949.094037,write,http://localhost:8083,k5,1231.1530113220215,False,303,303,,201
1775116949.094353,write,http://localhost:8083,k1,1226.4819145202637,False,318,318,,201
1775116949.0946188,write,http://localhost:8081,k3,1219.4240093231201,False,324,324,,201
1775116949.094861,write,http://localhost:8084,k5,1226.5479564666748,False,302,302,,201
1775116949.095089,write,http://localhost:8081,k3,1224.8790264129639,False,325,325,,201
1775116949.095306,write,http://localhost:8080,k5,1226.370096206665,False,302,302,,201
1775116949.109271,write,http://localhost:8081,k2,1216.1288261413574,False,319,319,,201
1775116949.109662,write,http://localhost:8080,k4,1215.8679962158203,False,306,306,,201
1775116949.109973,read,http://localhost:8081,k3,9.394168853759766,False,328,325,14.882802963256836,200
1775116949.1102521,read,http://localhost:8082,k1,14.192819595336914,True,317,319,15.898942947387695,200
1775116949.132241,write,http://localhost:8081,k3,1226.701021194458,False,326,326,,201
1775116949.316511,write,http://localhost:8082,k5,1230.942964553833,False,305,305,,201
1775116949.3296819,write,http://localhost:8081,k4,1221.1480140686035,False,306,306,,201
1775116949.3300428,write,http://localhost:8082,k4,1218.1570529937744,False,306,306,,201
1775116949.330297,write,http://localhost:8082,k3,1234.5762252807617,False,324,324,,201
1775116949.3305469,write,http://localhost:8084,k2,1223.1690883636475,False,318,318,,201
1775116949.330915,write,http://localhost:8080,k4,1222.116231918335,False,310,310,,201
1775116949.3313558,write,http://localhost:8080,k3,1219.851016998291,False,327,327,,201
1775116949.3368828,write,http://localhost:8083,k5,1217.700719833374,False,305,305,,201
1775116949.3371782,write,http://localhost:8083,k5,1218.5959815979004,False,304,304,,201
1775116949.337454,write,http://localhost:8081,k1,1217.5958156585693,False,317,317,,201
1775116949.611603,write,http://localhost:8084,k1,1223.4549522399902,False,317,317,,201
1775116949.615573,write,http://localhost:8083,k2,1225.452184677124,False,322,322,,201
1775116949.6162932,write,http://localhost:8081,k3,1222.6598262786865,False,328,328,,201
1775116949.616951,write,http://localhost:8083,k3,1224.2639064788818,False,324,324,,201
1775116949.61746,write,http://localhost:8082,k4,1230.031967163086,False,306,306,,201
1775116949.618285,write,http://localhost:8080,k2,1217.5796031951904,False,319,319,,201
1775116949.618571,write,http://localhost:8080,k3,1227.6301383972168,False,325,325,,201
1775116949.618869,write,http://localhost:8080,k5,1227.5769710540771,False,306,306,,201
1775116949.6190999,write,http://localhost:8080,k1,1226.848840713501,False,318,318,,201
1775116949.619317,write,http://localhost:8080,k5,1226.3209819793701,False,307,307,,201
1775116949.638979,read,http://localhost:8080,k2,13.015031814575195,True,321,322,20.688772201538086,200
1775116949.6394649,read,http://localhost:8082,k5,14.053821563720703,True,303,307,20.14613151550293,200
1775116949.817833,write,http://localhost:8083,k5,1228.1861305236816,False,303,303,,201
1775116949.818402,write,http://localhost:8083,k1,1231.834888458252,False,318,318,,201
1775116949.818945,write,http://localhost:8083,k2,1231.5919399261475,False,323,323,,201
1775116949.819308,write,http://localhost:8084,k5,1227.0350456237793,False,304,304,,201
1775116949.819581,write,http://localhost:8080,k3,1228.8756370544434,False,325,325,,201
1775116949.819791,write,http://localhost:8083,k2,1226.3798713684082,False,324,324,,201
1775116949.820676,write,http://localhost:8082,k3,1226.2721061706543,False,328,328,,201
1775116949.8209898,write,http://localhost:8081,k4,1230.9799194335938,False,307,307,,201
1775116949.8212621,write,http://localhost:8082,k5,1229.3939590454102,False,303,303,,201
1775116949.8256261,read,http://localhost:8080,k1,3.038167953491211,False,320,319,7.224082946777344,200
1775116949.840908,write,http://localhost:8084,k2,1224.5049476623535,False,322,322,,201
1775116950.122009,write,http://localhost:8080,k3,1226.4468669891357,False,329,329,,201
1775116950.123225,write,http://localhost:8080,k2,1233.1469058990479,False,323,323,,201
1775116950.123609,write,http://localhost:8084,k4,1225.6748676300049,False,306,306,,201
1775116950.1239731,write,http://localhost:8084,k2,1227.8800010681152,False,322,322,,201
1775116950.124358,write,http://localhost:8084,k5,1221.6300964355469,False,303,303,,201
1775116950.1246521,write,http://localhost:8082,k5,1228.165864944458,False,305,305,,201
1775116950.124904,write,http://localhost:8081,k4,1228.1270027160645,False,307,307,,201
1775116950.125231,write,http://localhost:8082,k1,1223.013162612915,False,319,319,,201
1775116950.128282,write,http://localhost:8081,k2,1227.0519733428955,False,323,323,,201
1775116950.1286259,write,http://localhost:8081,k3,1226.128101348877,False,325,325,,201
1775116950.3258922,write,http://localhost:8083,k5,1214.1189575195312,False,309,309,,201
1775116950.326426,write,http://localhost:8080,k4,1223.9179611206055,False,308,308,,201
1775116950.32688,write,http://localhost:8083,k5,1222.4090099334717,False,307,307,,201
1775116950.327126,write,http://localhost:8084,k5,1224.9438762664795,False,304,304,,201
1775116950.327342,write,http://localhost:8082,k4,1225.8679866790771,False,308,308,,201
1775116950.3275578,write,http://localhost:8083,k5,1227.8459072113037,False,308,308,,201
1775116950.3297338,write,http://localhost:8083,k4,1216.5319919586182,False,307,307,,201
1775116950.3473449,write,http://localhost:8081,k1,1227.9179096221924,False,319,319,,201
1775116950.347806,write,http://localhost:8083,k4,1228.151798248291,False,308,308,,201
1775116950.354617,write,http://localhost:8083,k2,1215.3520584106445,False,319,319,,201
1775116950.544944,write,http://localhost:8080,k5,1222.7332592010498,False,305,305,,201
1775116950.549875,write,http://localhost:8083,k4,1216.2220478057861,False,308,308,,201
1775116950.550239,write,http://localhost:8082,k4,1216.015100479126,False,308,308,,201
1775116950.55055,write,http://localhost:8080,k2,1217.4122333526611,False,320,320,,201
1775116950.557004,write,http://localhost:8080,k5,1214.8852348327637,False,306,306,,201
1775116950.557516,write,http://localhost:8083,k4,1219.254970550537,False,309,309,,201
1775116950.558081,write,http://localhost:8083,k4,1219.3679809570312,False,310,310,,201
1775116950.558555,write,http://localhost:8083,k1,1214.9970531463623,False,319,319,,201
1775116950.5589812,write,http://localhost:8084,k3,1227.1051406860352,False,325,325,,201
1775116950.559366,write,http://localhost:8084,k2,1219.6557521820068,False,320,320,,201
1775116950.849129,write,http://localhost:8083,k5,1226.3140678405762,False,306,306,,201
1775116950.849625,write,http://localhost:8083,k1,1220.90482711792,False,320,320,,201
1775116950.849984,write,http://localhost:8082,k1,1226.7382144927979,False,320,320,,201
1775116950.85037,write,http://localhost:8083,k5,1228.468894958496,False,307,307,,201
1775116950.851321,write,http://localhost:8080,k2,1222.0711708068848,False,321,321,,201
1775116950.851597,write,http://localhost:8080,k1,1223.459005355835,False,320,320,,201
1775116950.851839,write,http://localhost:8081,k2,1225.456953048706,False,320,320,,201
1775116950.8520582,write,http://localhost:8081,k5,1227.447748184204,False,305,305,,201
1775116950.859621,write,http://localhost:8084,k2,1215.5869007110596,False,325,325,,201
1775116950.860707,read,http://localhost:8080,k3,5.633115768432617,True,328,329,301.724910736084,200
1775116950.8672059,write,http://localhost:8080,k1,1218.9090251922607,False,321,321,,201
1775116951.0460842,write,http://localhost:8083,k3,1222.795009613037,False,326,326,,201
1775116951.046271,write,http://localhost:8082,k2,1211.7919921875,False,322,322,,201
1775116951.0463822,write,http://localhost:8082,k2,1221.8618392944336,False,321,321,,201
1775116951.046484,write,http://localhost:8083,k4,1220.0648784637451,False,309,309,,201
1775116951.046577,write,http://localhost:8082,k5,1222.6591110229492,False,309,309,,201
1775116951.0466719,write,http://localhost:8080,k4,1223.6711978912354,False,311,311,,201
1775116951.0467641,write,http://localhost:8081,k1,1220.5719947814941,False,322,322,,201
1775116951.046859,write,http://localhost:8084,k3,1220.9267616271973,False,329,329,,201
1775116951.046952,write,http://localhost:8084,k1,1227.088212966919,False,319,319,,201
1775116951.062401,write,http://localhost:8081,k4,1216.3927555084229,False,310,310,,201
1775116951.348475,write,http://localhost:8084,k5,1218.9428806304932,False,309,309,,201
1775116951.3487842,write,http://localhost:8083,k3,1219.627857208252,False,327,327,,201
1775116951.348997,write,http://localhost:8080,k1,1221.6722965240479,False,323,323,,201
1775116951.3491871,write,http://localhost:8080,k1,1210.7150554656982,False,324,324,,201
1775116951.349372,write,http://localhost:8082,k5,1220.6590175628662,False,306,306,,201
1775116951.3495538,write,http://localhost:8084,k3,1217.771053314209,False,326,326,,201
1775116951.34973,write,http://localhost:8080,k2,1219.146966934204,False,323,323,,201
1775116951.349914,write,http://localhost:8082,k4,1214.5020961761475,False,311,311,,201
1775116951.351638,write,http://localhost:8083,k3,1218.412160873413,False,328,328,,201
1775116951.3525062,write,http://localhost:8081,k3,1219.6180820465088,False,326,326,,201
1775116951.3605509,read,http://localhost:8082,k1,6.503820419311523,True,320,324,11.362075805664062,200
1775116951.552282,write,http://localhost:8080,k1,1224.6301174163818,False,325,325,,201
1775116951.553191,write,http://localhost:8084,k4,1224.2748737335205,False,309,309,,201
1775116951.5553029,write,http://localhost:8082,k1,1217.5588607788086,False,323,323,,201
1775116951.555613,write,http://localhost:8082,k3,1220.5579280853271,False,326,326,,201
1775116951.556546,write,http://localhost:8084,k5,1224.0440845489502,False,310,310,,201
1775116951.557388,write,http://localhost:8080,k5,1221.8749523162842,False,310,310,,201
1775116951.5583491,read,http://localhost:8084,k3,4.188776016235352,True,328,329,2.735137939453125,200
1775116951.5587032,write,http://localhost:8081,k3,1224.5378494262695,False,327,327,,201
1775116951.559808,read,http://localhost:8083,k4,2.019166946411133,True,310,311,6.603002548217773,200
1775116951.564524,write,http://localhost:8083,k3,1215.1379585266113,False,329,329,,201
1775116951.564866,write,http://localhost:8081,k3,1214.8160934448242,False,328,328,,201
1775116951.5795531,write,http://localhost:8084,k3,1219.0582752227783,False,327,327,,201
1775116951.774959,write,http://localhost:8080,k2,1219.677209854126,False,324,324,,201
1775116951.775442,write,http://localhost:8080,k5,1214.8940563201904,False,311,311,,201
1775116951.786687,write,http://localhost:8081,k4,1221.9910621643066,False,312,312,,201
1775116951.787433,write,http://localhost:8084,k3,1226.511001586914,False,328,328,,201
1775116951.787735,write,http://localhost:8082,k1,1223.6127853393555,False,325,325,,201
1775116951.7879949,write,http://localhost:8084,k1,1222.2800254821777,False,320,320,,201
1775116951.78823,write,http://localhost:8084,k4,1222.0449447631836,False,311,311,,201
1775116951.788457,write,http://localhost:8083,k1,1223.203182220459,False,323,323,,201
1775116951.788688,write,http://localhost:8084,k5,1228.6851406097412,False,307,307,,201
1775116951.7889369,write,http://localhost:8081,k5,1221.6770648956299,False,310,310,,201
1775116951.7938838,read,http://localhost:8081,k4,3.3571720123291016,True,310,312,5.651950836181641,200
1775116951.799245,read,http://localhost:8082,k2,6.066322326660156,True,323,325,24.28579330444336,200
1775116951.801707,read,http://localhost:8080,k3,3.220081329345703,False,330,329,14.275789260864258,200
1775116951.801964,read,http://localhost:8083,k2,4.386186599731445,False,326,325,27.0078182220459,200
1775116951.808158,read,http://localhost:8082,k1,2.4840831756591797,False,327,325,19.698143005371094,200
1775116952.0789251,write,http://localhost:8081,k3,1228.3670902252197,False,328,328,,201
1775116952.079635,write,http://localhost:8081,k3,1223.2460975646973,False,330,330,,201
1775116952.0801752,write,http://localhost:8080,k2,1228.0280590057373,False,325,325,,201
1775116952.080509,write,http://localhost:8083,k1,1215.8842086791992,False,326,326,,201
1775116952.0808508,write,http://localhost:8083,k1,1227.583885192871,False,325,325,,201
1775116952.081292,write,http://localhost:8082,k2,1227.1599769592285,False,324,324,,201
1775116952.081562,write,http://localhost:8081,k3,1226.041316986084,False,329,329,,201
1775116952.095289,write,http://localhost:8081,k1,1227.5357246398926,False,324,324,,201
1775116952.095758,write,http://localhost:8084,k3,1238.7688159942627,False,327,327,,201
1775116952.0960572,write,http://localhost:8083,k1,1220.2811241149902,False,327,327,,201
1775116952.10115,read,http://localhost:8080,k3,2.485036849975586,False,330,330,5.389928817749023,200
1775116952.1076438,read,http://localhost:8080,k5,1.7671585083007812,False,312,311,318.70317459106445,200
1775116952.276819,write,http://localhost:8084,k2,1220.1640605926514,False,323,323,,201
1775116952.277219,write,http://localhost:8081,k4,1224.2770195007324,False,312,312,,201
1775116952.277355,write,http://localhost:8081,k1,1228.8382053375244,False,321,321,,201
1775116952.277489,write,http://localhost:8081,k2,1221.0562229156494,False,326,326,,201
1775116952.277611,write,http://localhost:8083,k3,1221.804141998291,False,328,328,,201
1775116952.277736,write,http://localhost:8081,k1,1221.2038040161133,False,322,322,,201
1775116952.2778518,write,http://localhost:8081,k3,1224.071979522705,False,329,329,,201
1775116952.277971,write,http://localhost:8082,k1,1223.6731052398682,False,326,326,,201
1775116952.278087,write,http://localhost:8082,k3,1222.4607467651367,False,329,329,,201
1775116952.291862,write,http://localhost:8080,k1,1217.4420356750488,False,328,328,,201
1775116952.309578,read,http://localhost:8084,k1,3.8678646087646484,False,328,328,17.713069915771484,200
1775116952.582224,write,http://localhost:8084,k4,1225.0597476959229,False,313,313,,201
1775116952.5827641,write,http://localhost:8081,k2,1227.6921272277832,False,325,325,,201
1775116952.583195,write,http://localhost:8081,k4,1219.4890975952148,False,314,314,,201
1775116952.5837498,write,http://localhost:8081,k4,1226.0816097259521,False,313,313,,201
1775116952.5842109,write,http://localhost:8080,k1,1226.7818450927734,False,327,327,,201
1775116952.584617,write,http://localhost:8083,k4,1226.4659404754639,False,310,310,,201
1775116952.584926,write,http://localhost:8080,k4,1224.8809337615967,False,313,313,,201
1775116952.585168,write,http://localhost:8084,k4,1233.4792613983154,False,312,312,,201
1775116952.585398,write,http://localhost:8084,k1,1230.9269905090332,False,324,324,,201
1775116952.58562,write,http://localhost:8082,k4,1230.1959991455078,False,312,312,,201
1775116952.783346,write,http://localhost:8084,k3,1220.8161354064941,False,329,329,,201
1775116952.783788,write,http://localhost:8082,k3,1218.8150882720947,False,330,330,,201
1775116952.7840939,write,http://localhost:8080,k3,1220.9880352020264,False,330,330,,201
1775116952.784422,write,http://localhost:8081,k1,1216.2771224975586,False,328,328,,201
1775116952.784817,write,http://localhost:8084,k2,1228.1787395477295,False,324,324,,201
1775116952.785131,write,http://localhost:8081,k5,1217.6799774169922,False,308,308,,201
1775116952.785374,write,http://localhost:8083,k5,1226.3550758361816,False,311,311,,201
1775116952.785598,write,http://localhost:8080,k1,1219.5827960968018,False,325,325,,201
1775116952.789779,read,http://localhost:8084,k5,2.644062042236328,False,313,311,4.403829574584961,200
1775116952.793029,read,http://localhost:8084,k5,3.1528472900390625,False,313,311,7.652997970581055,200
1775116952.795203,write,http://localhost:8080,k4,1219.8541164398193,False,315,315,,201
1775116952.7989671,read,http://localhost:8080,k5,3.2601356506347656,False,313,311,13.592004776000977,200
1775116952.803645,write,http://localhost:8082,k1,1214.9732112884521,False,328,328,,201
1775116953.022348,write,http://localhost:8083,k3,1215.6920433044434,False,330,330,,201
1775116953.0240672,write,http://localhost:8083,k4,1231.504201889038,False,313,313,,201
1775116953.025316,write,http://localhost:8084,k5,1228.4491062164307,False,312,312,,201
1775116953.027136,write,http://localhost:8084,k5,1245.9440231323242,False,311,311,,201
1775116953.028255,write,http://localhost:8083,k1,1249.0379810333252,False,323,323,,201
1775116953.028526,write,http://localhost:8080,k2,1227.4291515350342,False,325,325,,201
1775116953.028758,write,http://localhost:8081,k5,1236.9890213012695,False,309,309,,201
1775116953.0289652,write,http://localhost:8082,k3,1237.9209995269775,False,329,329,,201
1775116953.0291688,write,http://localhost:8080,k1,1234.7378730773926,False,329,329,,201
1775116953.044699,write,http://localhost:8082,k3,1235.0380420684814,False,330,330,,201
1775116953.059953,read,http://localhost:8084,k2,29.31499481201172,True,325,326,31.423091888427734,200
1775116953.062042,read,http://localhost:8082,k5,31.101226806640625,False,314,312,33.28084945678711,200
1775116953.0754418,read,http://localhost:8082,k1,3.8030147552490234,True,325,329,46.269893646240234,200
1775116953.3249211,write,http://localhost:8082,k1,1237.847089767456,False,325,325,,201
1775116953.330556,write,http://localhost:8082,k3,1241.8010234832764,False,331,331,,201
1775116953.33082,write,http://localhost:8084,k5,1236.353874206543,False,313,313,,201
1775116953.334764,write,http://localhost:8082,k1,1240.6938076019287,False,326,326,,201
1775116953.3351629,write,http://localhost:8082,k4,1232.010841369629,False,314,314,,201
1775116953.3353689,write,http://localhost:8084,k4,1246.0589408874512,False,313,313,,201
1775116953.335563,write,http://localhost:8082,k2,1250.6120204925537,False,324,324,,201
1775116953.347626,write,http://localhost:8080,k2,1261.6589069366455,False,326,326,,201
1775116953.347767,write,http://localhost:8084,k4,1233.935832977295,False,314,314,,201
1775116953.362078,write,http://localhost:8080,k1,1260.6348991394043,False,324,324,,201
1775116953.362269,read,http://localhost:8080,k5,26.63397789001465,False,315,313,31.45003318786621,200
1775116953.3800662,read,http://localhost:8083,k2,50.41694641113281,False,327,326,32.43899345397949,200
1775116953.524431,write,http://localhost:8080,k2,1237.657070159912,False,325,325,,201
1775116953.5545118,write,http://localhost:8081,k1,1270.3039646148682,False,325,325,,201
1775116953.555134,write,http://localhost:8083,k2,1275.0859260559082,False,326,326,,201
1775116953.555278,write,http://localhost:8080,k3,1274.2509841918945,False,332,332,,201
1775116953.5553842,write,http://localhost:8082,k4,1272.0839977264404,False,315,315,,201
1775116953.5554812,write,http://localhost:8081,k2,1269.5579528808594,False,327,327,,201
1775116953.555572,write,http://localhost:8083,k3,1270.2670097351074,False,331,331,,201
1775116953.555661,write,http://localhost:8080,k4,1273.0669975280762,False,315,315,,201
1775116953.555748,write,http://localhost:8080,k2,1270.9059715270996,False,326,326,,201
1775116953.6078348,write,http://localhost:8082,k3,1285.7131958007812,False,330,330,,201
1775116953.612732,read,http://localhost:8082,k2,33.881187438964844,True,326,327,56.98204040527344,200
1775116953.828537,write,http://localhost:8080,k5,1238.3010387420654,False,314,314,,201
1775116953.829487,write,http://localhost:8080,k5,1238.4929656982422,False,315,315,,201
1775116953.829751,write,http://localhost:8084,k5,1243.046760559082,False,312,312,,201
1775116953.8299909,write,http://localhost:8084,k5,1240.7817840576172,False,313,313,,201
1775116953.8302422,write,http://localhost:8084,k2,1235.611915588379,False,326,326,,201
1775116953.840767,read,http://localhost:8081,k3,1.190185546875,True,331,332,232.92875289916992,200
1775116953.9157948,write,http://localhost:8081,k5,1327.4600505828857,False,314,314,,201
1775116953.916116,write,http://localhost:8083,k4,1326.1897563934326,False,314,314,,201
1775116953.916338,write,http://localhost:8083,k4,1323.901891708374,False,315,315,,201
1775116953.916565,write,http://localhost:8083,k1,1325.2968788146973,False,330,330,,201
1775116953.9167612,write,http://localhost:8082,k2,1329.369068145752,False,327,327,,201
1775116953.9194949,read,http://localhost:8080,k5,0.9307861328125,False,316,315,3.699064254760742,200
1775116954.028521,write,http://localhost:8083,k2,1237.4467849731445,False,325,325,,201
1775116954.028967,write,http://localhost:8082,k3,1228.1501293182373,False,333,333,,201
1775116954.030575,write,http://localhost:8084,k3,1244.8890209197998,False,331,331,,201
1775116954.032893,write,http://localhost:8084,k3,1226.8497943878174,False,332,332,,201
1775116954.033206,write,http://localhost:8084,k4,1239.610195159912,False,316,316,,201
1775116954.034539,write,http://localhost:8080,k2,1240.0789260864258,False,328,328,,201
1775116954.034923,write,http://localhost:8080,k4,1238.8312816619873,False,315,315,,201
1775116954.0356412,write,http://localhost:8082,k4,1247.3621368408203,False,316,316,,201
1775116954.035927,write,http://localhost:8080,k5,1228.6262512207031,False,314,314,,201
1775116954.036181,write,http://localhost:8080,k2,1247.2219467163086,False,327,327,,201
1775116954.0374122,read,http://localhost:8083,k5,2.4099349975585938,False,315,315,1.4851093292236328,200
1775116954.040641,read,http://localhost:8083,k2,1.2788772583007812,True,326,328,4.455804824829102,200
1775116954.043475,read,http://localhost:8083,k3,2.2690296173095703,True,331,333,10.576009750366211,200
1775116954.333452,write,http://localhost:8080,k1,1299.8921871185303,False,331,331,,201
1775116954.3337998,write,http://localhost:8081,k1,1282.4602127075195,False,331,331,,201
1775116954.3340821,write,http://localhost:8082,k4,1304.8040866851807,False,316,316,,201
1775116954.334294,write,http://localhost:8080,k5,1299.8950481414795,False,315,315,,201
1775116954.334517,write,http://localhost:8081,k2,1297.616958618164,False,327,327,,201
1775116954.334723,write,http://localhost:8080,k3,1299.1600036621094,False,333,333,,201
1775116954.334941,write,http://localhost:8080,k2,1257.1709156036377,False,326,326,,201
1775116954.335146,write,http://localhost:8080,k4,1305.284023284912,False,317,317,,201
1775116954.336677,write,http://localhost:8082,k4,1300.0540733337402,False,315,315,,201
1775116954.339361,write,http://localhost:8081,k1,1275.4786014556885,False,332,332,,201
1775116954.3421729,read,http://localhost:8082,k3,2.4738311767578125,False,334,333,7.447004318237305,200
1775116954.6360772,write,http://localhost:8084,k5,1262.6760005950928,False,310,310,,201
1775116954.636466,write,http://localhost:8082,k5,1289.1252040863037,False,314,314,,201
1775116954.636744,write,http://localhost:8080,k1,1280.1992893218994,False,333,333,,201
1775116954.636977,write,http://localhost:8081,k5,1289.7441387176514,False,316,316,,201
1775116954.639447,write,http://localhost:8083,k1,1292.3071384429932,False,326,326,,201
1775116954.640179,write,http://localhost:8084,k3,1304.1870594024658,False,331,331,,201
1775116954.6404202,write,http://localhost:8083,k5,1293.5669422149658,False,316,316,,201
1775116954.640673,write,http://localhost:8084,k1,1285.0701808929443,False,326,326,,201
1775116954.642147,write,http://localhost:8084,k4,1252.5739669799805,False,316,316,,201
1775116954.642389,write,http://localhost:8084,k2,1269.6430683135986,False,326,326,,201
1775116954.8307872,write,http://localhost:8080,k4,1250.9009838104248,False,317,317,,201
1775116954.831328,write,http://localhost:8080,k3,1225.1880168914795,False,332,332,,201
1775116954.8317308,write,http://localhost:8081,k4,1219.5062637329102,False,316,316,,201
1775116954.832063,write,http://localhost:8082,k1,1226.100206375122,False,332,332,,201
1775116954.832324,write,http://localhost:8080,k5,1252.8049945831299,False,316,316,,201
1775116954.83258,write,http://localhost:8083,k1,1252.0627975463867,False,327,327,,201
1775116954.83288,write,http://localhost:8080,k5,1280.10892868042,False,315,315,,201
1775116954.833185,write,http://localhost:8081,k3,1227.4680137634277,False,334,334,,201
1775116954.836989,write,http://localhost:8084,k3,1230.69429397583,False,332,332,,201
1775116954.841356,read,http://localhost:8081,k4,2.174854278564453,False,317,317,9.623050689697266,200
1775116954.842603,write,http://localhost:8084,k5,1222.6219177246094,False,316,316,,201
1775116955.054413,write,http://localhost:8080,k4,1216.7198657989502,False,317,317,,201
1775116955.054691,write,http://localhost:8082,k1,1216.7141437530518,False,334,334,,201
1775116955.054851,write,http://localhost:8084,k2,1223.2389450073242,False,329,329,,201
1775116955.0550132,write,http://localhost:8081,k2,1217.8540229797363,False,327,327,,201
1775116955.055145,write,http://localhost:8081,k5,1212.8090858459473,False,317,317,,201
1775116955.062325,read,http://localhost:8084,k2,2.0949840545654297,True,327,329,7.309913635253906,200
1775116955.068639,read,http://localhost:8080,k5,0.8840560913085938,False,317,317,13.493061065673828,200
1775116955.148191,write,http://localhost:8080,k4,1220.991849899292,False,318,318,,201
1775116955.148454,write,http://localhost:8081,k4,1221.4820384979248,False,317,317,,201
1775116955.1486459,write,http://localhost:8080,k3,1222.3570346832275,False,333,333,,201
1775116955.148824,write,http://localhost:8084,k5,1222.0847606658936,False,315,315,,201
1775116955.148979,write,http://localhost:8084,k4,1231.5430641174316,False,316,316,,201
1775116955.158112,read,http://localhost:8080,k5,1.2598037719726562,False,317,317,9.287834167480469,200
1775116955.259231,write,http://localhost:8081,k1,1222.710132598877,False,328,328,,201
1775116955.259812,write,http://localhost:8080,k1,1227.6489734649658,False,335,335,,201
1775116955.260237,write,http://localhost:8081,k3,1218.1401252746582,False,334,334,,201
1775116955.2605598,write,http://localhost:8080,k5,1223.7839698791504,False,316,316,,201
1775116955.2624059,write,http://localhost:8080,k4,1230.6878566741943,False,318,318,,201
1775116955.263253,write,http://localhost:8082,k5,1223.3669757843018,False,317,317,,201
1775116955.2737951,write,http://localhost:8084,k5,1226.261854171753,False,316,316,,201
1775116955.274143,read,http://localhost:8080,k3,8.614063262939453,False,335,334,13.906002044677734,200
1775116955.274401,write,http://localhost:8080,k1,1224.0099906921387,False,337,337,,201
1775116955.2748291,write,http://localhost:8080,k4,1232.116937637329,False,319,319,,201
1775116955.275081,write,http://localhost:8080,k1,1233.2520484924316,False,336,336,,201
1775116955.564487,write,http://localhost:8084,k3,1227.6887893676758,False,334,334,,201
1775116955.565111,write,http://localhost:8082,k3,1227.9679775238037,False,334,334,,201
1775116955.565393,write,http://localhost:8082,k2,1222.6982116699219,False,328,328,,201
1775116955.565674,write,http://localhost:8081,k4,1227.9951572418213,False,317,317,,201
1775116955.5659788,write,http://localhost:8081,k3,1227.1490097045898,False,335,335,,201
1775116955.574336,write,http://localhost:8080,k3,1230.2839756011963,False,335,335,,201
1775116955.5797791,write,http://localhost:8083,k1,1238.872766494751,False,333,333,,201
1775116955.58023,write,http://localhost:8083,k2,1237.009048461914,False,327,327,,201
1775116955.580529,write,http://localhost:8081,k5,1236.0692024230957,False,316,316,,201
1775116955.580805,write,http://localhost:8081,k3,1240.2310371398926,False,336,336,,201
1775116955.58347,read,http://localhost:8080,k2,7.659912109375,False,329,329,3.239870071411133,200
1775116955.869205,write,http://localhost:8080,k3,1227.5488376617432,False,337,337,,201
1775116955.8696709,write,http://localhost:8083,k2,1232.3918342590332,False,328,328,,201
1775116955.8700428,write,http://localhost:8082,k1,1226.7649173736572,False,338,338,,201
1775116955.870288,write,http://localhost:8082,k2,1228.9903163909912,False,330,330,,201
1775116955.870516,write,http://localhost:8081,k2,1226.7539501190186,False,330,330,,201
1775116955.880536,write,http://localhost:8084,k1,1239.767074584961,False,333,333,,201
1775116955.882613,write,http://localhost:8080,k1,1236.1948490142822,False,334,334,,201
1775116955.8829298,write,http://localhost:8080,k3,1235.9371185302734,False,338,338,,201
1775116955.883222,write,http://localhost:8083,k3,1238.5821342468262,False,334,334,,201
1775116955.883465,write,http://localhost:8083,k2,1237.6658916473389,False,329,329,,201
1775116956.0702422,write,http://localhost:8081,k1,1223.8471508026123,False,336,336,,201
1775116956.0711281,write,http://localhost:8082,k1,1233.6418628692627,False,339,339,,201
1775116956.071466,write,http://localhost:8083,k1,1232.6397895812988,False,338,338,,201
1775116956.071748,write,http://localhost:8081,k4,1224.9410152435303,False,318,318,,201
1775116956.072005,write,http://localhost:8081,k3,1234.1508865356445,False,339,339,,201
1775116956.072254,write,http://localhost:8084,k1,1231.5120697021484,False,335,335,,201
1775116956.072504,write,http://localhost:8082,k5,1238.0857467651367,False,317,317,,201
1775116956.072785,write,http://localhost:8081,k1,1234.656810760498,False,335,335,,201
1775116956.073013,write,http://localhost:8084,k1,1232.6459884643555,False,334,334,,201
1775116956.073292,write,http://localhost:8082,k2,1224.2372035980225,False,331,331,,201
1775116956.275557,write,http://localhost:8084,k2,1212.738037109375,False,328,328,,201
1775116956.278552,write,http://localhost:8081,k4,1217.355728149414,False,319,319,,201
1775116956.278646,write,http://localhost:8081,k3,1216.763973236084,False,335,335,,201
1775116956.2787368,write,http://localhost:8081,k1,1218.1050777435303,False,334,334,,201
1775116956.292172,write,http://localhost:8083,k4,1212.981939315796,False,318,318,,201
1775116956.372437,write,http://localhost:8084,k1,1218.6970710754395,False,337,337,,201
1775116956.372586,write,http://localhost:8081,k1,1214.9391174316406,False,335,335,,201
1775116956.376673,write,http://localhost:8081,k2,1218.376874923706,False,330,330,,201
1775116956.3985522,write,http://localhost:8083,k1,1229.4809818267822,False,339,339,,201
1775116956.3987489,write,http://localhost:8083,k5,1240.0739192962646,False,317,317,,201
1775116956.497737,write,http://localhost:8080,k3,1231.1909198760986,False,336,336,,201
1775116956.498257,write,http://localhost:8081,k3,1234.8408699035645,False,336,336,,201
1775116956.50098,write,http://localhost:8081,k3,1216.6237831115723,False,337,337,,201
1775116956.50116,write,http://localhost:8083,k5,1228.7309169769287,False,318,318,,201
1775116956.501327,write,http://localhost:8083,k2,1233.2098484039307,False,329,329,,201
1775116956.501483,write,http://localhost:8081,k1,1216.4030075073242,False,340,340,,201
1775116956.501893,write,http://localhost:8084,k5,1223.5877513885498,False,318,318,,201
1775116956.502055,write,http://localhost:8084,k3,1229.0589809417725,False,335,335,,201
1775116956.50222,write,http://localhost:8084,k4,1225.7649898529053,False,320,320,,201
1775116956.5023758,write,http://localhost:8080,k4,1223.649024963379,False,319,319,,201
1775116956.505982,read,http://localhost:8083,k5,1.2807846069335938,False,320,318,4.088878631591797,200
1775116956.5125818,read,http://localhost:8080,k4,1.1708736419677734,False,322,320,10.205268859863281,200
1775116956.803583,write,http://localhost:8080,k2,1226.2988090515137,False,330,330,,201
1775116956.804258,write,http://localhost:8081,k5,1232.6462268829346,False,318,318,,201
1775116956.804854,write,http://localhost:8082,k4,1219.4161415100098,False,320,320,,201
1775116956.805287,write,http://localhost:8082,k1,1230.4201126098633,False,337,337,,201
1775116956.8056462,write,http://localhost:8082,k1,1235.9201908111572,False,336,336,,201
1775116956.806018,write,http://localhost:8083,k1,1237.2198104858398,False,336,336,,201
1775116956.8063328,write,http://localhost:8083,k3,1219.5122241973877,False,340,340,,201
1775116956.806637,write,http://localhost:8080,k3,1221.6880321502686,False,338,338,,201
1775116956.8069172,write,http://localhost:8080,k1,1219.7561264038086,False,341,341,,201
1775116956.816672,write,http://localhost:8084,k2,1223.7329483032227,False,328,328,,201
1775116957.1044228,write,http://localhost:8083,k5,1231.3029766082764,False,318,318,,201
1775116957.107615,write,http://localhost:8080,k2,1233.3180904388428,False,329,329,,201
1775116957.1079922,write,http://localhost:8081,k3,1231.3439846038818,False,339,339,,201
1775116957.108383,write,http://localhost:8080,k4,1230.0071716308594,False,321,321,,201
1775116957.108636,write,http://localhost:8081,k2,1229.8171520233154,False,331,331,,201
1775116957.1088781,write,http://localhost:8082,k5,1221.5139865875244,False,318,318,,201
1775116957.109122,write,http://localhost:8084,k1,1223.5240936279297,False,336,336,,201
1775116957.109488,write,http://localhost:8080,k4,1223.1450080871582,False,322,322,,201
1775116957.1228218,write,http://localhost:8084,k2,1229.2170524597168,False,332,332,,201
1775116957.123274,write,http://localhost:8084,k5,1230.3810119628906,False,318,318,,201
1775116957.1236632,read,http://localhost:8080,k3,9.338855743408203,False,342,340,15.668869018554688,200
1775116957.123934,read,http://localhost:8082,k3,10.062694549560547,False,344,340,15.941858291625977,200
1775116957.311321,write,http://localhost:8082,k3,1231.5921783447266,False,339,339,,201
1775116957.311771,write,http://localhost:8083,k3,1237.4379634857178,False,338,338,,201
1775116957.3121111,write,http://localhost:8082,k2,1231.4929962158203,False,331,331,,201
1775116957.3123698,write,http://localhost:8081,k3,1235.1863384246826,False,341,341,,201
1775116957.312615,write,http://localhost:8080,k3,1237.5450134277344,False,340,340,,201
1775116957.312861,write,http://localhost:8084,k5,1232.860803604126,False,319,319,,201
1775116957.313201,write,http://localhost:8082,k2,1235.710859298706,False,332,332,,201
1775116957.313548,write,http://localhost:8082,k5,1236.8829250335693,False,319,319,,201
1775116957.313764,write,http://localhost:8080,k2,1231.6792011260986,False,333,333,,201
1775116957.3171651,write,http://localhost:8083,k2,1236.8528842926025,False,329,329,,201
1775116957.327376,read,http://localhost:8081,k3,8.2550048828125,False,341,341,14.756917953491211,200
1775116957.509256,write,http://localhost:8083,k2,1230.9861183166504,False,330,330,,201
1775116957.5097332,write,http://localhost:8082,k4,1228.2321453094482,False,321,321,,201
1775116957.510135,write,http://localhost:8081,k2,1228.4252643585205,False,334,334,,201
1775116957.510422,write,http://localhost:8080,k3,1225.646734237671,False,342,342,,201
1775116957.515281,write,http://localhost:8083,k1,1217.6620960235596,False,337,337,,201
1775116957.620758,write,http://localhost:8083,k5,1243.6559200286865,False,319,319,,201
1775116957.62168,write,http://localhost:8080,k1,1243.9959049224854,False,337,337,,201
1775116957.622236,write,http://localhost:8080,k3,1241.2869930267334,False,343,343,,201
1775116957.622724,write,http://localhost:8083,k5,1216.1719799041748,False,320,320,,201
1775116957.62342,write,http://localhost:8081,k3,1215.6269550323486,False,343,343,,201
1775116957.7173078,write,http://localhost:8084,k5,1216.7699337005615,False,319,319,,201
1775116957.717916,write,http://localhost:8083,k2,1212.9390239715576,False,331,331,,201
1775116957.7183208,write,http://localhost:8084,k2,1212.0330333709717,False,330,330,,201
1775116957.725548,write,http://localhost:8083,k3,1217.0281410217285,False,337,337,,201
1775116957.726887,write,http://localhost:8080,k4,1216.0871028900146,False,322,322,,201
1775116957.727741,write,http://localhost:8083,k3,1220.2298641204834,False,336,336,,201
1775116957.728056,write,http://localhost:8081,k3,1219.8503017425537,False,339,339,,201
1775116957.728458,write,http://localhost:8080,k3,1218.696117401123,False,344,344,,201
1775116957.739376,read,http://localhost:8081,k3,10.441780090332031,True,339,344,10.918140411376953,200
1775116957.739616,write,http://localhost:8083,k5,1227.4930477142334,False,321,321,,201
1775116957.739817,write,http://localhost:8082,k2,1222.7768898010254,False,334,334,,201
1775116958.041887,write,http://localhost:8080,k3,1228.3170223236084,False,337,337,,201
1775116958.04244,write,http://localhost:8081,k4,1233.0901622772217,False,322,322,,201
1775116958.042835,write,http://localhost:8080,k1,1228.8830280303955,False,338,338,,201
1775116958.043218,write,http://localhost:8080,k4,1234.389066696167,False,323,323,,201
1775116958.043574,write,http://localhost:8080,k3,1217.0398235321045,False,338,338,,201
1775116958.043822,write,http://localhost:8080,k5,1232.7208518981934,False,322,322,,201
1775116958.044058,write,http://localhost:8081,k1,1229.0630340576172,False,338,338,,201
1775116958.044325,write,http://localhost:8082,k5,1232.738971710205,False,320,320,,201
1775116958.044679,write,http://localhost:8083,k5,1229.9797534942627,False,320,320,,201
1775116958.04496,write,http://localhost:8083,k3,1232.9790592193604,False,341,341,,201
1775116958.352452,write,http://localhost:8083,k3,1230.7939529418945,False,344,344,,201
1775116958.353163,write,http://localhost:8083,k5,1237.6182079315186,False,320,320,,201
1775116958.353604,write,http://localhost:8081,k2,1221.2591171264648,False,336,336,,201
1775116958.353914,write,http://localhost:8084,k2,1222.3379611968994,False,331,331,,201
1775116958.354207,write,http://localhost:8081,k2,1225.6059646606445,False,335,335,,201
1775116958.3544698,write,http://localhost:8084,k2,1241.6512966156006,False,330,330,,201
1775116958.355825,write,http://localhost:8082,k4,1233.7729930877686,False,323,323,,201
1775116958.356126,write,http://localhost:8081,k1,1226.2921333312988,False,339,339,,201
1775116958.357739,write,http://localhost:8080,k2,1245.6719875335693,False,335,335,,201
1775116958.358764,write,http://localhost:8080,k3,1245.661973953247,False,342,342,,201
1775116958.370652,read,http://localhost:8081,k4,13.385295867919922,False,326,323,14.825105667114258,200
1775116958.5742579,write,http://localhost:8083,k4,1250.8280277252197,False,323,323,,201
1775116958.574903,write,http://localhost:8082,k1,1250.7479190826416,False,339,339,,201
1775116958.575286,write,http://localhost:8083,k3,1254.9338340759277,False,345,345,,201
1775116958.575642,write,http://localhost:8083,k1,1257.6732635498047,False,338,338,,201
1775116958.576027,write,http://localhost:8082,k3,1255.307912826538,False,339,339,,201
1775116958.5763981,write,http://localhost:8084,k2,1257.6220035552979,False,331,331,,201
1775116958.5766761,write,http://localhost:8084,k2,1258.2941055297852,False,332,332,,201
1775116958.5769029,write,http://localhost:8082,k5,1259.6027851104736,False,322,322,,201
1775116958.577163,write,http://localhost:8080,k3,1240.9698963165283,False,345,345,,201
1775116958.577481,write,http://localhost:8080,k5,1255.4168701171875,False,321,321,,201
1775116958.581627,read,http://localhost:8083,k2,3.342151641845703,True,332,336,4.945039749145508,200
1775116958.7428968,write,http://localhost:8080,k4,1222.6769924163818,False,324,324,,201
1775116958.74353,write,http://localhost:8081,k5,1229.0980815887451,False,322,322,,201
1775116958.74398,write,http://localhost:8082,k3,1231.0400009155273,False,340,340,,201
1775116958.744302,write,http://localhost:8081,k1,1233.1750392913818,False,340,340,,201
1775116958.74457,write,http://localhost:8083,k5,1228.61909866333,False,323,323,,201
1775116958.753367,read,http://localhost:8082,k2,2.7618408203125,True,335,336,176.68795585632324,200
1775116958.770294,read,http://localhost:8082,k4,4.495859146118164,False,325,324,27.395963668823242,200
1775116958.785067,read,http://localhost:8080,k5,5.787849426269531,False,325,323,40.49205780029297,200
1775116958.884706,write,http://localhost:8082,k4,1258.544921875,False,325,325,,201
1775116958.884932,write,http://localhost:8084,k5,1259.38081741333,False,322,322,,201
1775116958.885073,write,http://localhost:8083,k3,1257.978916168213,False,339,339,,201
1775116958.885222,write,http://localhost:8083,k2,1252.5050640106201,False,331,331,,201
1775116958.885343,write,http://localhost:8082,k4,1261.817216873169,False,324,324,,201
1775116958.961035,write,http://localhost:8081,k1,1222.4388122558594,False,340,340,,201
1775116958.9653702,write,http://localhost:8081,k2,1241.2049770355225,False,332,332,,201
1775116958.9665122,write,http://localhost:8081,k3,1237.9460334777832,False,340,340,,201
1775116958.966906,write,http://localhost:8082,k1,1233.5309982299805,False,340,340,,201
1775116958.967768,write,http://localhost:8082,k3,1236.3409996032715,False,342,342,,201
1775116958.972348,read,http://localhost:8080,k3,5.311012268066406,True,340,345,4.575967788696289,200
1775116958.984308,write,http://localhost:8080,k4,1257.2548389434814,False,326,326,,201
1775116958.9846988,write,http://localhost:8084,k1,1235.0621223449707,False,338,338,,201
1775116958.985481,write,http://localhost:8080,k5,1251.2640953063965,False,323,323,,201
1775116958.9865851,write,http://localhost:8084,k3,1243.7191009521484,False,338,338,,201
1775116958.9868538,write,http://localhost:8084,k2,1241.7652606964111,False,335,335,,201
1775116958.987089,read,http://localhost:8081,k4,14.575958251953125,True,324,326,2.7840137481689453,200
1775116959.001987,read,http://localhost:8082,k3,11.752128601074219,True,339,345,15.399932861328125,200
1775116959.296534,write,http://localhost:8080,k1,1247.068166732788,False,339,339,,201
1775116959.297608,write,http://localhost:8080,k3,1243.3562278747559,False,339,339,,201
1775116959.298042,write,http://localhost:8081,k5,1246.675968170166,False,323,323,,201
1775116959.298406,write,http://localhost:8083,k4,1245.4028129577637,False,324,324,,201
1775116959.299134,write,http://localhost:8081,k5,1246.6650009155273,False,324,324,,201
1775116959.2995808,write,http://localhost:8084,k5,1245.9650039672852,False,321,321,,201
1775116959.299936,write,http://localhost:8081,k1,1252.5949478149414,False,342,342,,201
1775116959.300261,write,http://localhost:8084,k3,1251.7399787902832,False,339,339,,201
1775116959.300564,write,http://localhost:8081,k4,1252.3491382598877,False,325,325,,201
1775116959.3008819,write,http://localhost:8081,k1,1253.046989440918,False,341,341,,201
1775116959.310287,read,http://localhost:8082,k4,8.608102798461914,False,328,326,9.720087051391602,200
1775116959.314635,read,http://localhost:8084,k1,10.340213775634766,True,340,342,13.749837875366211,200
1775116959.605006,write,http://localhost:8081,k5,1248.6839294433594,False,326,326,,201
1775116959.6057699,write,http://localhost:8081,k5,1244.3599700927734,False,327,327,,201
1775116959.606338,write,http://localhost:8081,k1,1242.6278591156006,False,339,339,,201
1775116959.606714,write,http://localhost:8081,k2,1240.9729957580566,False,336,336,,201
1775116959.6070569,write,http://localhost:8081,k4,1241.6059970855713,False,326,326,,201
1775116959.607491,write,http://localhost:8083,k1,1245.642900466919,False,341,341,,201
1775116959.607848,write,http://localhost:8081,k5,1244.7490692138672,False,325,325,,201
1775116959.6081831,write,http://localhost:8082,k2,1231.8580150604248,False,332,332,,201
1775116959.609361,write,http://localhost:8082,k1,1242.6669597625732,False,341,341,,201
1775116959.609695,write,http://localhost:8080,k2,1247.2360134124756,False,336,336,,201
1775116959.6227741,read,http://localhost:8084,k1,4.382848739624023,True,340,342,13.408184051513672,200
1775116959.80302,write,http://localhost:8083,k5,1223.2351303100586,False,324,324,,201
1775116959.803406,write,http://localhost:8083,k4,1223.2627868652344,False,327,327,,201
1775116959.803673,write,http://localhost:8082,k1,1222.6617336273193,False,340,340,,201
1775116959.803901,write,http://localhost:8082,k5,1219.695806503296,False,324,324,,201
1775116959.804118,write,http://localhost:8083,k4,1218.6028957366943,False,328,328,,201
1775116959.8043242,write,http://localhost:8082,k3,1220.7121849060059,False,340,340,,201
1775116959.80453,write,http://localhost:8082,k3,1225.6019115447998,False,339,339,,201
1775116959.8047302,write,http://localhost:8080,k1,1221.9641208648682,False,342,342,,201
1775116959.8081222,write,http://localhost:8083,k5,1221.816062927246,False,325,325,,201
1775116959.810142,write,http://localhost:8081,k1,1223.5162258148193,False,340,340,,201
1775116959.819099,read,http://localhost:8083,k5,8.176088333129883,False,329,327,10.973930358886719,200
1775116959.821373,read,http://localhost:8082,k4,4.685163497924805,True,327,328,17.25006103515625,200
1775116959.821763,read,http://localhost:8081,k3,2.1219253540039062,True,343,345,17.23170280456543,200
1775116959.968881,write,http://localhost:8083,k2,1222.409963607788,False,333,333,,201
1775116959.9692822,write,http://localhost:8084,k4,1215.04807472229,False,325,325,,201
1775116959.969537,write,http://localhost:8081,k3,1223.6838340759277,False,340,340,,201
1775116959.9697862,write,http://localhost:8083,k2,1218.4431552886963,False,334,334,,201
1775116960.018593,write,http://localhost:8083,k4,1223.9587306976318,False,326,326,,201
1775116960.1118112,write,http://localhost:8083,k5,1221.465826034546,False,324,324,,201
1775116960.112471,write,http://localhost:8080,k4,1225.1460552215576,False,326,326,,201
1775116960.1128561,write,http://localhost:8081,k1,1223.6649990081787,False,342,342,,201
1775116960.1131399,write,http://localhost:8080,k5,1224.7121334075928,False,326,326,,201
1775116960.117386,write,http://localhost:8082,k5,1223.722219467163,False,328,328,,201
1775116960.128947,read,http://localhost:8081,k3,9.341239929199219,True,344,345,159.4071388244629,200
1775116960.2175272,write,http://localhost:8080,k1,1236.0219955444336,False,341,341,,201
1775116960.2182431,write,http://localhost:8081,k3,1249.1402626037598,False,341,341,,201
1775116960.218678,write,http://localhost:8084,k4,1227.018117904663,False,327,327,,201
1775116960.219032,write,http://localhost:8084,k4,1230.2260398864746,False,328,328,,201
1775116960.2193332,write,http://localhost:8084,k5,1249.1121292114258,False,324,324,,201
1775116960.2196128,write,http://localhost:8084,k5,1236.7660999298096,False,325,325,,201
1775116960.2199402,write,http://localhost:8080,k3,1226.4461517333984,False,341,341,,201
1775116960.220235,write,http://localhost:8080,k5,1230.6158542633057,False,329,329,,201
1775116960.2205062,write,http://localhost:8082,k1,1229.924201965332,False,341,341,,201
1775116960.222904,write,http://localhost:8080,k2,1219.2509174346924,False,335,335,,201
1775116960.2340522,read,http://localhost:8083,k1,2.2220611572265625,False,343,342,13.541936874389648,200
1775116960.5305998,write,http://localhost:8081,k4,1227.409839630127,False,327,327,,201
1775116960.5345201,write,http://localhost:8084,k2,1233.4802150726318,False,333,333,,201
1775116960.53509,write,http://localhost:8084,k1,1230.163812637329,False,340,340,,201
1775116960.535573,write,http://localhost:8084,k2,1230.3600311279297,False,334,334,,201
1775116960.537361,write,http://localhost:8082,k1,1230.454921722412,False,343,343,,201
1775116960.5400698,write,http://localhost:8082,k3,1226.4208793640137,False,341,341,,201
1775116960.541044,write,http://localhost:8082,k2,1234.6742153167725,False,338,338,,201
1775116960.5412931,write,http://localhost:8082,k2,1236.6797924041748,False,337,337,,201
1775116960.541554,write,http://localhost:8081,k3,1237.6229763031006,False,342,342,,201
1775116960.54179,write,http://localhost:8084,k5,1221.4431762695312,False,324,324,,201
1775116960.837714,write,http://localhost:8084,k2,1220.6308841705322,False,338,338,,201
1775116960.838283,write,http://localhost:8084,k4,1222.6781845092773,False,328,328,,201
1775116960.8387241,write,http://localhost:8083,k4,1228.9249897003174,False,327,327,,201
1775116960.8390799,write,http://localhost:8084,k2,1228.2829284667969,False,337,337,,201
1775116960.8394098,write,http://localhost:8083,k2,1225.1091003417969,False,333,333,,201
1775116960.842477,write,http://localhost:8080,k3,1229.321002960205,False,342,342,,201
1775116960.8503392,write,http://localhost:8081,k5,1242.0098781585693,False,326,326,,201
1775116960.85074,write,http://localhost:8081,k4,1231.525182723999,False,328,328,,201
1775116960.851048,write,http://localhost:8081,k4,1234.7400188446045,False,329,329,,201
1775116960.852299,read,http://localhost:8084,k2,5.630016326904297,True,335,338,12.886762619018555,200
1775116960.8567228,read,http://localhost:8083,k2,2.8002262115478516,True,335,338,17.309904098510742,200
1775116960.859584,write,http://localhost:8082,k2,1224.442720413208,False,334,334,,201
1775116961.0319848,write,http://localhost:8082,k5,1224.6427536010742,False,326,326,,201
1775116961.0329359,write,http://localhost:8080,k1,1227.7731895446777,False,341,341,,201
1775116961.038104,write,http://localhost:8082,k2,1225.694179534912,False,335,335,,201
1775116961.038503,write,http://localhost:8081,k3,1227.0698547363281,False,343,343,,201
1775116961.0388072,write,http://localhost:8081,k4,1214.9560451507568,False,330,330,,201
1775116961.039078,write,http://localhost:8083,k1,1229.672908782959,False,342,342,,201
1775116961.039344,write,http://localhost:8084,k4,1228.180170059204,False,329,329,,201
1775116961.039665,write,http://localhost:8080,k1,1229.43115234375,False,342,342,,201
1775116961.044806,write,http://localhost:8084,k3,1215.317964553833,False,341,341,,201
1775116961.045095,write,http://localhost:8084,k2,1214.9391174316406,False,335,335,,201
1775116961.052381,read,http://localhost:8082,k3,3.4449100494384766,False,345,345,7.57288932800293,200
1775116961.223101,write,http://localhost:8084,k5,1235.1410388946533,False,329,329,,201
1775116961.2235389,write,http://localhost:8083,k3,1250.5171298980713,False,342,342,,201
1775116961.223945,write,http://localhost:8081,k5,1251.7039775848389,False,325,325,,201
1775116961.224509,write,http://localhost:8083,k3,1250.9260177612305,False,343,343,,201
1775116961.232573,read,http://localhost:8082,k1,4.220008850097656,False,344,343,192.90590286254883,200
1775116961.239737,write,http://localhost:8081,k3,1215.0840759277344,False,344,344,,201
1775116961.3429592,write,http://localhost:8080,k5,1227.6020050048828,False,326,326,,201
1775116961.343564,write,http://localhost:8083,k3,1227.4479866027832,False,343,343,,201
1775116961.350271,write,http://localhost:8083,k2,1223.890781402588,False,339,339,,201
1775116961.350574,write,http://localhost:8084,k3,1230.536937713623,False,342,342,,201
1775116961.352653,write,http://localhost:8081,k5,1217.8030014038086,False,326,326,,201
1775116961.359222,read,http://localhost:8083,k3,1.8401145935058594,False,345,345,8.645772933959961,200
1775116961.45136,write,http://localhost:8081,k1,1225.8689403533936,False,343,343,,201
1775116961.4525518,write,http://localhost:8080,k2,1226.6387939453125,False,341,341,,201
1775116961.452692,write,http://localhost:8080,k4,1224.308967590332,False,331,331,,201
1775116961.4527922,write,http://localhost:8080,k3,1229.7649383544922,False,343,343,,201
1775116961.452878,write,http://localhost:8080,k2,1228.7518978118896,False,340,340,,201
1775116961.454117,write,http://localhost:8083,k2,1224.9929904937744,False,341,341,,201
1775116961.457679,read,http://localhost:8083,k1,1.0061264038085938,False,343,343,6.318092346191406,200
1775116961.457958,write,http://localhost:8083,k2,1234.3239784240723,False,340,340,,201
1775116961.460429,write,http://localhost:8084,k1,1234.180212020874,False,342,342,,201
1775116961.463371,write,http://localhost:8080,k4,1217.2760963439941,False,332,332,,201
1775116961.463833,write,http://localhost:8082,k2,1236.1128330230713,False,335,335,,201
1775116961.75904,write,http://localhost:8084,k2,1216.616153717041,False,339,339,,201
1775116961.76225,write,http://localhost:8084,k1,1211.85302734375,False,344,344,,201
1775116961.762951,write,http://localhost:8080,k1,1218.484878540039,False,343,343,,201
1775116961.763526,write,http://localhost:8080,k3,1224.848747253418,False,344,344,,201
1775116961.763856,write,http://localhost:8084,k5,1218.585729598999,False,330,330,,201
1775116961.764205,write,http://localhost:8080,k3,1212.8655910491943,False,345,345,,201
1775116961.765151,write,http://localhost:8083,k1,1214.1180038452148,False,343,343,,201
1775116961.765742,write,http://localhost:8082,k5,1222.2161293029785,False,327,327,,201
1775116961.76615,write,http://localhost:8082,k2,1225.8570194244385,False,336,336,,201
1775116961.766437,write,http://localhost:8082,k1,1228.9552688598633,False,343,343,,201
1775116962.06005,write,http://localhost:8082,k4,1218.8527584075928,False,333,333,,201
1775116962.060885,write,http://localhost:8080,k3,1220.4489707946777,False,346,346,,201
1775116962.061318,write,http://localhost:8084,k3,1217.1640396118164,False,344,344,,201
1775116962.0616179,write,http://localhost:8080,k2,1216.5520191192627,False,340,340,,201
1775116962.071936,write,http://localhost:8084,k1,1216.8209552764893,False,343,343,,201
1775116962.072385,write,http://localhost:8080,k3,1224.8539924621582,False,347,347,,201
1775116962.0727081,write,http://localhost:8083,k5,1219.8841571807861,False,327,327,,201
1775116962.0730639,write,http://localhost:8082,k4,1220.6730842590332,False,334,334,,201
1775116962.080992,write,http://localhost:8084,k4,1216.2649631500244,False,331,331,,201
1775116962.085263,read,http://localhost:8082,k1,5.197048187255859,False,345,344,13.326168060302734,200
1775116962.096441,read,http://localhost:8081,k1,2.6650428771972656,False,344,344,24.502992630004883,200
1775116962.1109078,write,http://localhost:8084,k4,1241.8038845062256,False,332,332,,201
1775116962.258261,write,http://localhost:8081,k4,1223.6778736114502,False,333,333,,201
1775116962.26229,write,http://localhost:8083,k2,1218.2581424713135,False,336,336,,201
1775116962.262867,write,http://localhost:8082,k2,1221.9929695129395,False,341,341,,201
1775116962.263259,write,http://localhost:8083,k5,1227.1149158477783,False,330,330,,201
1775116962.263566,write,http://localhost:8082,k1,1217.257022857666,False,344,344,,201
1775116962.265878,write,http://localhost:8084,k4,1216.5310382843018,False,333,333,,201
1775116962.266251,write,http://localhost:8084,k3,1224.3421077728271,False,345,345,,201
1775116962.266573,write,http://localhost:8084,k1,1219.1619873046875,False,344,344,,201
1775116962.273153,write,http://localhost:8081,k5,1217.0372009277344,False,328,328,,201
1775116962.274254,write,http://localhost:8084,k3,1219.6869850158691,False,346,346,,201
1775116962.274922,read,http://localhost:8081,k4,5.635976791381836,False,339,334,9.04393196105957,200
1775116962.275368,read,http://localhost:8082,k5,2.9070377349853516,True,328,330,2.215147018432617,200
1775116962.460619,write,http://localhost:8081,k3,1232.8791618347168,False,348,348,,201
1775116962.461115,write,http://localhost:8083,k1,1219.3548679351807,False,344,344,,201
1775116962.461416,write,http://localhost:8082,k5,1234.989881515503,False,330,330,,201
1775116962.465193,write,http://localhost:8080,k2,1233.957052230835,False,337,337,,201
1775116962.466233,write,http://localhost:8084,k3,1216.9609069824219,False,344,344,,201
1775116962.4818718,read,http://localhost:8081,k4,6.2351226806640625,False,339,334,215.99411964416504,200
1775116962.59021,write,http://localhost:8083,k5,1236.9790077209473,False,328,328,,201
1775116962.590434,write,http://localhost:8080,k5,1238.610029220581,False,331,331,,201
1775116962.590558,write,http://localhost:8081,k3,1232.0911884307861,False,345,345,,201
1775116962.5906718,write,http://localhost:8082,k4,1222.0520973205566,False,335,335,,201
1775116962.59615,write,http://localhost:8080,k3,1235.5031967163086,False,345,345,,201
1775116962.6845329,write,http://localhost:8082,k4,1227.241039276123,False,334,334,,201
1775116962.684999,write,http://localhost:8081,k1,1225.5609035491943,False,345,345,,201
1775116962.6851509,write,http://localhost:8081,k1,1222.6600646972656,False,346,346,,201
1775116962.685289,write,http://localhost:8081,k4,1226.003885269165,False,334,334,,201
1775116962.685415,write,http://localhost:8082,k1,1225.6791591644287,False,344,344,,201
1775116962.6855528,write,http://localhost:8081,k4,1215.907096862793,False,335,335,,201
1775116962.68617,write,http://localhost:8084,k3,1227.1828651428223,False,345,345,,201
1775116962.686317,write,http://localhost:8082,k2,1213.6061191558838,False,341,341,,201
1775116962.686785,write,http://localhost:8083,k1,1220.6699848175049,False,344,344,,201
1775116962.6871412,write,http://localhost:8080,k2,1230.2558422088623,False,338,338,,201
1775116962.99727,write,http://localhost:8084,k2,1227.7791500091553,False,337,337,,201
1775116962.997919,write,http://localhost:8081,k3,1230.2122116088867,False,345,345,,201
1775116962.998336,write,http://localhost:8083,k1,1229.2559146881104,False,345,345,,201
1775116962.998802,write,http://localhost:8081,k4,1225.595235824585,False,337,337,,201
1775116962.9991128,write,http://localhost:8082,k5,1228.9042472839355,False,332,332,,201
1775116962.999407,write,http://localhost:8081,k4,1228.1248569488525,False,336,336,,201
1775116962.9996722,write,http://localhost:8083,k2,1227.5891304016113,False,342,342,,201
1775116962.999935,write,http://localhost:8083,k5,1225.4447937011719,False,329,329,,201
1775116963.000263,write,http://localhost:8082,k1,1231.999158859253,False,345,345,,201
1775116963.000594,write,http://localhost:8080,k4,1224.1871356964111,False,336,336,,201
1775116963.3065028,write,http://localhost:8084,k4,1229.7542095184326,False,334,334,,201
1775116963.307029,write,http://localhost:8082,k1,1237.5340461730957,False,345,345,,201
1775116963.307462,write,http://localhost:8080,k5,1224.4699001312256,False,331,331,,201
1775116963.307791,write,http://localhost:8080,k1,1230.4246425628662,False,346,346,,201
1775116963.3081758,write,http://localhost:8082,k4,1246.1938858032227,False,336,336,,201
1775116963.3085089,write,http://localhost:8081,k2,1229.7441959381104,False,342,342,,201
1775116963.308797,write,http://localhost:8080,k5,1239.819049835205,False,330,330,,201
1775116963.3090692,write,http://localhost:8080,k2,1242.2010898590088,False,343,343,,201
1775116963.3291829,write,http://localhost:8081,k3,1226.4831066131592,False,346,346,,201
1775116963.335179,write,http://localhost:8080,k4,1218.8389301300049,False,338,338,,201
1775116963.341596,read,http://localhost:8080,k4,2.111196517944336,False,344,338,6.417274475097656,200
1775116963.506021,write,http://localhost:8081,k4,1238.3790016174316,False,339,339,,201
1775116963.506925,write,http://localhost:8080,k5,1235.3339195251465,False,332,332,,201
1775116963.5072691,write,http://localhost:8080,k3,1246.6979026794434,False,347,347,,201
1775116963.5078368,write,http://localhost:8080,k5,1234.1351509094238,False,333,333,,201
1775116963.5090659,write,http://localhost:8083,k4,1244.3878650665283,False,336,336,,201
1775116963.5094762,write,http://localhost:8083,k3,1237.304925918579,False,345,345,,201
1775116963.5098839,write,http://localhost:8083,k5,1227.4889945983887,False,332,332,,201
1775116963.511067,write,http://localhost:8082,k3,1228.3539772033691,False,346,346,,201
1775116963.511391,write,http://localhost:8082,k2,1227.8499603271484,False,339,339,,201
1775116963.5116968,write,http://localhost:8083,k1,1230.0081253051758,False,347,347,,201
1775116963.708085,write,http://localhost:8083,k2,1245.7211017608643,False,342,342,,201
1775116963.708631,write,http://localhost:8084,k3,1243.0038452148438,False,346,346,,201
1775116963.708956,write,http://localhost:8081,k1,1247.0717430114746,False,347,347,,201
1775116963.709326,write,http://localhost:8080,k4,1235.9490394592285,False,340,340,,201
1775116963.7095768,write,http://localhost:8082,k5,1222.9998111724854,False,330,330,,201
1775116963.81698,write,http://localhost:8082,k2,1220.5209732055664,False,343,343,,201
1775116963.8176289,write,http://localhost:8080,k2,1220.5438613891602,False,343,343,,201
1775116963.818124,write,http://localhost:8081,k4,1217.8008556365967,False,341,341,,201
1775116963.818594,write,http://localhost:8083,k5,1219.3429470062256,False,333,333,,201
1775116963.8190541,write,http://localhost:8081,k4,1213.994026184082,False,342,342,,201
1775116963.829345,read,http://localhost:8083,k2,3.529787063598633,False,343,343,11.71112060546875,200
1775116963.9134688,write,http://localhost:8083,k2,1219.9480533599854,False,343,343,,201
1775116963.914001,write,http://localhost:8080,k1,1225.172996520996,False,348,348,,201
1775116963.914774,write,http://localhost:8082,k5,1223.7930297851562,False,332,332,,201
1775116963.915332,write,http://localhost:8080,k4,1221.560001373291,False,341,341,,201
1775116963.9157739,write,http://localhost:8081,k1,1225.0418663024902,False,346,346,,201
1775116963.916189,write,http://localhost:8081,k1,1222.8758335113525,False,347,347,,201
1775116963.916675,write,http://localhost:8083,k3,1219.9280261993408,False,347,347,,201
1775116963.917079,write,http://localhost:8084,k3,1230.7109832763672,False,347,347,,201
1775116963.917418,write,http://localhost:8083,k3,1229.6421527862549,False,346,346,,201
1775116963.91774,write,http://localhost:8084,k5,1224.1158485412598,False,329,329,,201
1775116964.223211,write,http://localhost:8083,k5,1218.865156173706,False,333,333,,201
1775116964.2234502,write,http://localhost:8083,k2,1217.8869247436523,False,340,340,,201
1775116964.223614,write,http://localhost:8081,k3,1220.1321125030518,False,347,347,,201
1775116964.227787,write,http://localhost:8082,k4,1221.1189270019531,False,344,344,,201
1775116964.227942,write,http://localhost:8082,k4,1226.6387939453125,False,343,343,,201
1775116964.22809,write,http://localhost:8083,k3,1217.4108028411865,False,347,347,,201
1775116964.2282329,write,http://localhost:8084,k1,1218.5661792755127,False,346,346,,201
1775116964.2283971,write,http://localhost:8082,k4,1227.7002334594727,False,342,342,,201
1775116964.2290251,write,http://localhost:8084,k3,1221.724033355713,False,347,347,,201
1775116964.229173,write,http://localhost:8084,k3,1223.2639789581299,False,346,346,,201
1775116964.234515,read,http://localhost:8080,k4,4.9190521240234375,False,345,344,6.115913391113281,200
1775116964.5375412,write,http://localhost:8080,k4,1225.660800933838,False,344,344,,201
1775116964.537764,write,http://localhost:8080,k5,1226.396083831787,False,334,334,,201
1775116964.53789,write,http://localhost:8080,k2,1221.4767932891846,False,341,341,,201
1775116964.5406919,write,http://localhost:8081,k4,1223.823070526123,False,342,342,,201
1775116964.541,write,http://localhost:8083,k5,1228.19185256958,False,331,331,,201
1775116964.541261,write,http://localhost:8083,k3,1228.0371189117432,False,348,348,,201
1775116964.541475,write,http://localhost:8081,k2,1230.8270931243896,False,344,344,,201
1775116964.541677,write,http://localhost:8084,k5,1227.398157119751,False,333,333,,201
1775116964.5562198,write,http://localhost:8084,k2,1222.4671840667725,False,340,340,,201
1775116964.584758,write,http://localhost:8080,k1,1232.1629524230957,False,347,347,,201
1775116964.743186,write,http://localhost:8083,k1,1224.8649597167969,False,349,349,,201
1775116964.743619,write,http://localhost:8083,k4,1229.9001216888428,False,342,342,,201
1775116964.74394,write,http://localhost:8084,k3,1228.2497882843018,False,347,347,,201
1775116964.744268,write,http://localhost:8082,k2,1226.3050079345703,False,344,344,,201
1775116964.74453,write,http://localhost:8083,k5,1232.1741580963135,False,333,333,,201
1775116964.744837,write,http://localhost:8084,k4,1234.8358631134033,False,341,341,,201
1775116964.74512,write,http://localhost:8082,k3,1227.5073528289795,False,348,348,,201
1775116964.745516,write,http://localhost:8080,k4,1229.5401096343994,False,343,343,,201
1775116964.745837,write,http://localhost:8080,k1,1230.872631072998,False,348,348,,201
1775116964.746119,write,http://localhost:8080,k3,1231.5130233764648,False,349,349,,201
1775116964.9468951,write,http://localhost:8080,k3,1233.1321239471436,False,349,349,,201
1775116964.947884,write,http://localhost:8080,k4,1233.6699962615967,False,343,343,,201
1775116964.9487412,write,http://localhost:8080,k2,1237.220287322998,False,345,345,,201
1775116964.949336,write,http://localhost:8082,k3,1236.0949516296387,False,349,349,,201
1775116964.949913,write,http://localhost:8084,k1,1235.429286956787,False,349,349,,201
1775116964.961635,read,http://localhost:8082,k3,3.888845443725586,False,349,349,12.297868728637695,200
1775116965.05135,write,http://localhost:8084,k4,1217.6971435546875,False,342,342,,201
1775116965.052264,write,http://localhost:8083,k4,1230.7910919189453,False,343,343,,201
1775116965.053086,write,http://localhost:8081,k4,1226.5839576721191,False,344,344,,201
1775116965.05375,write,http://localhost:8084,k5,1233.3409786224365,False,333,333,,201
1775116965.0543842,write,http://localhost:8082,k3,1227.3569107055664,False,348,348,,201
1775116965.1594,write,http://localhost:8080,k4,1240.0319576263428,False,344,344,,201
1775116965.159957,write,http://localhost:8084,k1,1238.7347221374512,False,350,350,,201
1775116965.160386,write,http://localhost:8083,k4,1233.1409454345703,False,345,345,,201
1775116965.1606798,write,http://localhost:8083,k2,1239.1350269317627,False,344,344,,201
1775116965.1609569,write,http://localhost:8083,k4,1240.1142120361328,False,344,344,,201
1775116965.1612318,write,http://localhost:8083,k1,1238.6140823364258,False,350,350,,201
1775116965.161509,write,http://localhost:8081,k4,1237.4000549316406,False,342,342,,201
1775116965.161889,write,http://localhost:8080,k4,1242.1298027038574,False,345,345,,201
1775116965.162577,write,http://localhost:8082,k4,1236.9849681854248,False,343,343,,201
1775116965.162962,write,http://localhost:8084,k3,1244.3149089813232,False,348,348,,201
1775116965.172256,read,http://localhost:8084,k1,4.398107528686523,False,350,350,11.01994514465332,200
1775116965.466551,write,http://localhost:8080,k5,1229.1579246520996,False,334,334,,201
1775116965.467068,write,http://localhost:8084,k3,1236.863136291504,False,348,348,,201
1775116965.467438,write,http://localhost:8083,k5,1235.224962234497,False,335,335,,201
1775116965.4677172,write,http://localhost:8083,k4,1229.7141551971436,False,345,345,,201
1775116965.467989,write,http://localhost:8083,k4,1237.2958660125732,False,344,344,,201
1775116965.4682539,write,http://localhost:8080,k2,1236.2780570983887,False,345,345,,201
1775116965.492484,write,http://localhost:8082,k1,1258.3670616149902,False,350,350,,201
1775116965.492723,write,http://localhost:8082,k3,1255.1581859588623,False,348,348,,201
1775116965.492876,write,http://localhost:8082,k1,1253.8261413574219,False,351,351,,201
1775116965.493325,read,http://localhost:8084,k4,11.640071868896484,True,344,345,25.336027145385742,200
1775116965.493475,write,http://localhost:8082,k5,1255.7477951049805,False,334,334,,201
1775116965.4936168,read,http://localhost:8083,k1,25.236845016479492,False,351,351,0.7410049438476562,200
1775116965.79762,write,http://localhost:8080,k3,1249.8769760131836,False,349,349,,201
1775116965.7982159,write,http://localhost:8084,k3,1251.0151863098145,False,350,350,,201
1775116965.798691,write,http://localhost:8080,k2,1250.6611347198486,False,346,346,,201
1775116965.799049,write,http://localhost:8083,k4,1255.6180953979492,False,342,342,,201
1775116965.799412,write,http://localhost:8083,k5,1254.302978515625,False,334,334,,201
1775116965.799732,write,http://localhost:8084,k4,1253.3280849456787,False,344,344,,201
1775116965.8000362,write,http://localhost:8083,k2,1249.424934387207,False,346,346,,201
1775116965.8003368,write,http://localhost:8081,k3,1256.1161518096924,False,349,349,,201
1775116965.800801,write,http://localhost:8084,k3,1241.1699295043945,False,351,351,,201
1775116965.8115551,read,http://localhost:8083,k5,2.1016597747802734,False,336,335,12.140035629272461,200
1775116965.812756,write,http://localhost:8084,k1,1218.9981937408447,False,349,349,,201
1775116966.016247,write,http://localhost:8080,k5,1269.193172454834,False,335,335,,201
1775116966.016512,write,http://localhost:8084,k1,1265.1259899139404,False,351,351,,201
1775116966.0166788,write,http://localhost:8084,k1,1267.8289413452148,False,350,350,,201
1775116966.016822,write,http://localhost:8084,k4,1269.4618701934814,False,344,344,,201
1775116966.017038,write,http://localhost:8084,k4,1266.8511867523193,False,345,345,,201
1775116966.017193,write,http://localhost:8084,k3,1270.989179611206,False,350,350,,201
1775116966.017335,write,http://localhost:8081,k2,1262.9249095916748,False,347,347,,201
1775116966.017455,write,http://localhost:8082,k1,1265.359878540039,False,351,351,,201
1775116966.017575,write,http://localhost:8081,k5,1269.9260711669922,False,335,335,,201
1775116966.017689,write,http://localhost:8082,k2,1270.99609375,False,345,345,,201
1775116966.024572,read,http://localhost:8081,k4,1.0061264038085938,False,345,345,7.533073425292969,200
1775116966.217904,write,http://localhost:8081,k4,1259.6440315246582,False,345,345,,201
1775116966.218179,write,http://localhost:8080,k5,1246.006965637207,False,336,336,,201
1775116966.2183769,write,http://localhost:8081,k5,1263.469934463501,False,335,335,,201
1775116966.2185652,write,http://localhost:8083,k4,1264.9989128112793,False,343,343,,201
1775116966.2192562,write,http://localhost:8080,k2,1264.8162841796875,False,348,348,,201
1775116966.32289,write,http://localhost:8081,k5,1264.23978805542,False,336,336,,201
1775116966.323447,write,http://localhost:8081,k1,1260.8919143676758,False,350,350,,201
1775116966.323777,write,http://localhost:8082,k5,1262.1889114379883,False,337,337,,201
1775116966.324112,write,http://localhost:8082,k3,1264.2450332641602,False,350,350,,201
1775116966.3243752,write,http://localhost:8082,k5,1269.848108291626,False,336,336,,201
1775116966.410826,write,http://localhost:8084,k3,1241.1870956420898,False,350,350,,201
1775116966.411454,write,http://localhost:8083,k3,1244.6808815002441,False,349,349,,201
1775116966.411778,write,http://localhost:8083,k2,1242.9158687591553,False,346,346,,201
1775116966.412044,write,http://localhost:8084,k3,1244.8649406433105,False,349,349,,201
1775116966.4122932,write,http://localhost:8084,k5,1249.2101192474365,False,334,334,,201
1775116966.412529,write,http://localhost:8081,k5,1245.0227737426758,False,337,337,,201
1775116966.412796,write,http://localhost:8084,k3,1232.7549457550049,False,351,351,,201
1775116966.4130292,write,http://localhost:8082,k1,1246.9902038574219,False,352,352,,201
1775116966.413255,write,http://localhost:8082,k1,1243.9990043640137,False,354,354,,201
1775116966.413569,write,http://localhost:8082,k1,1243.006944656372,False,353,353,,201
1775116966.4171789,read,http://localhost:8084,k1,3.4749507904052734,True,353,354,3.607034683227539,200
1775116966.717194,write,http://localhost:8083,k5,1214.463233947754,False,336,336,,201
1775116966.717355,write,http://localhost:8082,k4,1215.2769565582275,False,345,345,,201
1775116966.7174559,write,http://localhost:8082,k2,1233.8058948516846,False,349,349,,201
1775116966.7177742,write,http://localhost:8081,k2,1215.1989936828613,False,346,346,,201
1775116966.717865,write,http://localhost:8083,k1,1235.14986038208,False,352,352,,201
1775116966.7179542,write,http://localhost:8080,k5,1221.7490673065186,False,338,338,,201
1775116966.7180429,write,http://localhost:8081,k3,1234.070062637329,False,351,351,,201
1775116966.718132,write,http://localhost:8081,k1,1215.8708572387695,False,351,351,,201
1775116966.718299,write,http://localhost:8080,k2,1235.0609302520752,False,347,347,,201
1775116966.718385,write,http://localhost:8080,k4,1222.8331565856934,False,346,346,,201
1775116966.7228339,read,http://localhost:8080,k3,1.435995101928711,False,353,351,4.790067672729492,200
1775116966.724706,read,http://localhost:8081,k4,0.9918212890625,True,345,346,6.320953369140625,200
1775116967.022934,write,http://localhost:8082,k3,1220.8878993988037,False,351,351,,201
1775116967.023811,write,http://localhost:8084,k5,1222.8569984436035,False,336,336,,201
1775116967.0246131,write,http://localhost:8080,k2,1220.560073852539,False,347,347,,201
1775116967.025035,write,http://localhost:8084,k2,1223.4392166137695,False,346,346,,201
1775116967.0254002,write,http://localhost:8084,k3,1219.9630737304688,False,350,350,,201
1775116967.025728,write,http://localhost:8084,k2,1222.1360206604004,False,347,347,,201
1775116967.026222,write,http://localhost:8080,k1,1220.308780670166,False,352,352,,201
1775116967.026538,write,http://localhost:8082,k4,1221.8098640441895,False,344,344,,201
1775116967.0461152,write,http://localhost:8084,k3,1225.7180213928223,False,351,351,,201
1775116967.046711,write,http://localhost:8081,k1,1227.7770042419434,False,353,353,,201
1775116967.047051,read,http://localhost:8080,k2,12.555837631225586,False,349,349,21.323204040527344,200
1775116967.2468789,write,http://localhost:8084,k3,1220.6251621246338,False,353,353,,201
1775116967.24769,write,http://localhost:8084,k1,1224.501132965088,False,352,352,,201
1775116967.248311,write,http://localhost:8084,k3,1225.1691818237305,False,352,352,,201
1775116967.24869,write,http://localhost:8084,k1,1224.9667644500732,False,353,353,,201
1775116967.2496011,write,http://localhost:8084,k4,1222.9640483856201,False,344,344,,201
1775116967.2499,write,http://localhost:8080,k4,1228.5947799682617,False,345,345,,201
1775116967.250784,write,http://localhost:8084,k3,1224.3399620056152,False,354,354,,201
1775116967.25106,write,http://localhost:8080,k1,1224.139928817749,False,354,354,,201
1775116967.2513092,write,http://localhost:8080,k2,1226.6249656677246,False,348,348,,201
1775116967.2520509,write,http://localhost:8081,k5,1219.7551727294922,False,337,337,,201
1775116967.254081,read,http://localhost:8083,k3,4.062175750732422,True,353,354,3.2958984375,200
1775116967.257737,read,http://localhost:8080,k4,4.150867462158203,True,345,346,7.835865020751953,200
1775116967.260818,read,http://localhost:8081,k3,3.68499755859375,True,352,354,10.033130645751953,200
1775116967.2636108,read,http://localhost:8084,k3,1.2009143829345703,True,351,354,12.825965881347656,200
1775116967.272487,read,http://localhost:8080,k2,5.549192428588867,False,350,349,21.174192428588867,200
1775116967.28599,read,http://localhost:8081,k1,2.9659271240234375,False,357,354,34.924983978271484,200
1775116967.297791,read,http://localhost:8084,k3,3.6988258361816406,True,351,354,47.00303077697754,200
1775116967.4431858,write,http://localhost:8082,k1,1220.4070091247559,False,353,353,,201
1775116967.44374,write,http://localhost:8080,k1,1219.9671268463135,False,353,353,,201
1775116967.444181,write,http://localhost:8082,k2,1219.7761535644531,False,348,348,,201
1775116967.4447381,write,http://localhost:8083,k3,1222.9640483856201,False,351,351,,201
1775116967.4450932,write,http://localhost:8080,k1,1216.3610458374023,False,354,354,,201
1775116967.55138,write,http://localhost:8082,k1,1222.217082977295,False,354,354,,201
1775116967.5521548,write,http://localhost:8080,k1,1219.86985206604,False,354,354,,201
1775116967.5525188,write,http://localhost:8083,k1,1219.5770740509033,False,352,352,,201
1775116967.5528162,write,http://localhost:8081,k1,1219.482183456421,False,355,355,,201
1775116967.559375,write,http://localhost:8080,k4,1230.9048175811768,False,345,345,,201
1775116967.562586,read,http://localhost:8082,k5,4.543066024780273,True,337,338,310.5299472808838,200
1775116967.64219,write,http://localhost:8084,k1,1223.7231731414795,False,354,354,,201
1775116967.6541471,write,http://localhost:8082,k1,1237.870216369629,False,355,355,,201
1775116967.6549911,write,http://localhost:8081,k1,1240.736961364746,False,356,356,,201
1775116967.655435,write,http://localhost:8083,k5,1237.3919486999512,False,335,335,,201
1775116967.655793,write,http://localhost:8083,k1,1240.7338619232178,False,353,353,,201
1775116967.656132,write,http://localhost:8084,k1,1234.7989082336426,False,355,355,,201
1775116967.656446,write,http://localhost:8082,k4,1240.5200004577637,False,347,347,,201
1775116967.656791,write,http://localhost:8081,k3,1237.734079360962,False,352,352,,201
1775116967.659002,write,http://localhost:8081,k2,1238.0549907684326,False,348,348,,201
1775116967.6592798,write,http://localhost:8081,k3,1236.0661029815674,False,353,353,,201
1775116967.662207,read,http://localhost:8082,k4,2.84576416015625,True,345,347,5.7582855224609375,200
1775116967.667552,read,http://localhost:8082,k3,2.964019775390625,False,356,354,8.26883316040039,200
1775116967.947005,write,http://localhost:8081,k1,1228.1599044799805,False,354,354,,201
1775116967.9615722,write,http://localhost:8082,k2,1228.8289070129395,False,349,349,,201
1775116967.962278,write,http://localhost:8081,k3,1239.1338348388672,False,352,352,,201
1775116967.962798,write,http://localhost:8084,k5,1232.313871383667,False,339,339,,201
1775116967.963179,write,http://localhost:8082,k2,1241.1220073699951,False,348,348,,201
1775116967.963479,write,http://localhost:8083,k3,1240.121841430664,False,352,352,,201
1775116967.9637399,write,http://localhost:8083,k4,1239.2311096191406,False,345,345,,201
1775116967.9650939,write,http://localhost:8080,k2,1243.8418865203857,False,349,349,,201
1775116967.9653702,write,http://localhost:8080,k5,1238.56782913208,False,336,336,,201
1775116967.9662652,write,http://localhost:8080,k3,1240.9579753875732,False,354,354,,201
1775116967.971592,read,http://localhost:8084,k2,2.953052520751953,False,349,349,6.496906280517578,200
1775116967.973249,read,http://localhost:8080,k3,4.266023635864258,True,353,354,6.98089599609375,200
1775116967.97489,read,http://localhost:8082,k5,4.208087921142578,True,337,339,9.518861770629883,200
1775116968.268517,write,http://localhost:8084,k2,1240.0028705596924,False,349,349,,201
1775116968.2690828,write,http://localhost:8084,k3,1238.619327545166,False,352,352,,201
1775116968.269637,write,http://localhost:8081,k1,1239.7048473358154,False,357,357,,201
1775116968.269942,write,http://localhost:8081,k1,1242.2058582305908,False,356,356,,201
1775116968.270248,write,http://localhost:8081,k5,1235.0640296936035,False,337,337,,201
1775116968.2801101,write,http://localhost:8082,k2,1245.2380657196045,False,349,349,,201
1775116968.280525,write,http://localhost:8082,k1,1250.9360313415527,False,353,353,,201
1775116968.282123,read,http://localhost:8080,k4,8.44883918762207,False,348,347,318.38107109069824,200
1775116968.28245,write,http://localhost:8081,k3,1213.8702869415283,False,355,355,,201
1775116968.282748,write,http://localhost:8083,k5,1214.6830558776855,False,337,337,,201
1775116968.2830038,write,http://localhost:8082,k1,1225.581169128418,False,354,354,,201
1775116968.2834299,read,http://localhost:8083,k4,4.195928573608398,True,346,347,319.688081741333,200
1775116968.488511,write,http://localhost:8081,k2,1233.2489490509033,False,350,350,,201
1775116968.489163,write,http://localhost:8083,k3,1234.3149185180664,False,354,354,,201
1775116968.489446,write,http://localhost:8080,k1,1236.1631393432617,False,355,355,,201
1775116968.489671,write,http://localhost:8084,k2,1229.386806488037,False,349,349,,201
1775116968.489887,write,http://localhost:8080,k5,1231.6949367523193,False,338,338,,201
1775116968.490102,write,http://localhost:8084,k2,1228.5571098327637,False,350,350,,201
1775116968.4903092,write,http://localhost:8080,k2,1230.6909561157227,False,350,350,,201
1775116968.490515,write,http://localhost:8080,k3,1237.9930019378662,False,356,356,,201
1775116968.494688,write,http://localhost:8084,k5,1226.719856262207,False,338,338,,201
1775116968.549095,write,http://localhost:8084,k1,1240.7801151275635,False,355,355,,201
1775116968.689601,write,http://localhost:8083,k1,1236.341953277588,False,356,356,,201
1775116968.691296,write,http://localhost:8082,k5,1238.779067993164,False,340,340,,201
1775116968.691642,write,http://localhost:8082,k2,1242.2258853912354,False,350,350,,201
1775116968.6919549,write,http://localhost:8082,k1,1238.1339073181152,False,356,356,,201
1775116968.692846,write,http://localhost:8082,k3,1242.149829864502,False,353,353,,201
1775116968.702007,read,http://localhost:8081,k3,1.7430782318115234,False,358,356,9.157896041870117,200
1775116968.79779,write,http://localhost:8080,k4,1241.170883178711,False,346,346,,201
1775116968.798511,write,http://localhost:8081,k4,1229.9280166625977,False,346,346,,201
1775116968.7989461,write,http://localhost:8080,k3,1243.0801391601562,False,354,354,,201
1775116968.799294,write,http://localhost:8080,k3,1230.0550937652588,False,355,355,,201
1775116968.799619,write,http://localhost:8081,k1,1239.1140460968018,False,355,355,,201
1775116968.8077178,read,http://localhost:8080,k3,3.7517547607421875,False,358,356,8.421182632446289,200
1775116968.877743,write,http://localhost:8081,k3,1220.1731204986572,False,353,353,,201
1775116968.878369,write,http://localhost:8084,k5,1215.0020599365234,False,336,336,,201
1775116968.884556,write,http://localhost:8083,k4,1235.3589534759521,False,348,348,,201
1775116968.89006,write,http://localhost:8081,k4,1225.1830101013184,False,347,347,,201
1775116968.890531,write,http://localhost:8080,k3,1227.5199890136719,False,356,356,,201
1775116968.890989,write,http://localhost:8081,k5,1222.804069519043,False,338,338,,201
1775116968.891335,write,http://localhost:8083,k5,1231.619119644165,False,337,337,,201
1775116968.89165,write,http://localhost:8080,k4,1227.3638248443604,False,347,347,,201
1775116968.8919559,write,http://localhost:8080,k5,1221.5080261230469,False,341,341,,201
1775116968.892273,write,http://localhost:8083,k5,1226.0069847106934,False,338,338,,201
1775116968.900703,read,http://localhost:8081,k1,4.3430328369140625,False,362,357,101.07898712158203,200
1775116968.904354,read,http://localhost:8082,k4,2.9840469360351562,False,349,348,12.700796127319336,200
1775116969.186662,write,http://localhost:8083,k3,1232.2380542755127,False,356,356,,201
1775116969.1869519,write,http://localhost:8081,k3,1217.0517444610596,False,355,355,,201
1775116969.1927109,write,http://localhost:8082,k3,1224.4701385498047,False,355,355,,201
1775116969.19393,write,http://localhost:8084,k2,1218.9500331878662,False,350,350,,201
1775116969.19411,write,http://localhost:8080,k2,1228.6491394042969,False,351,351,,201
1775116969.195745,write,http://localhost:8081,k3,1229.4049263000488,False,354,354,,201
1775116969.195925,write,http://localhost:8080,k5,1212.4810218811035,False,339,339,,201
1775116969.1960828,write,http://localhost:8081,k2,1225.7368564605713,False,351,351,,201
1775116969.198972,write,http://localhost:8080,k4,1214.5931720733643,False,348,348,,201
1775116969.199232,write,http://localhost:8081,k3,1218.9340591430664,False,356,356,,201
1775116969.200408,read,http://localhost:8082,k5,1.7919540405273438,False,342,341,4.482030868530273,200
1775116969.4987142,write,http://localhost:8083,k3,1221.5359210968018,False,356,356,,201
1775116969.499213,write,http://localhost:8083,k5,1223.4249114990234,False,341,341,,201
1775116969.4996202,write,http://localhost:8082,k3,1226.8197536468506,False,357,357,,201
1775116969.5034041,write,http://localhost:8081,k4,1219.876766204834,False,349,349,,201
1775116969.5037398,write,http://localhost:8081,k1,1217.9300785064697,False,357,357,,201
1775116969.504032,write,http://localhost:8080,k4,1218.6057567596436,False,349,349,,201
1775116969.5042958,write,http://localhost:8083,k5,1219.3539142608643,False,342,342,,201
1775116969.504599,write,http://localhost:8083,k4,1216.4499759674072,False,347,347,,201
1775116969.518775,write,http://localhost:8083,k3,1228.78098487854,False,357,357,,201
1775116969.519228,write,http://localhost:8082,k4,1226.1290550231934,False,348,348,,201
1775116969.713301,write,http://localhost:8081,k1,1221.5399742126465,False,358,358,,201
1775116969.714831,write,http://localhost:8080,k3,1223.740816116333,False,358,358,,201
1775116969.72644,write,http://localhost:8084,k2,1223.456859588623,False,351,351,,201
1775116969.7289422,write,http://localhost:8081,k3,1232.6138019561768,False,356,356,,201
1775116969.729337,write,http://localhost:8082,k2,1230.3650379180908,False,352,352,,201
1775116969.729672,write,http://localhost:8081,k1,1226.2918949127197,False,360,360,,201
1775116969.729994,write,http://localhost:8081,k2,1234.6577644348145,False,351,351,,201
1775116969.73024,write,http://localhost:8081,k4,1231.7218780517578,False,350,350,,201
1775116969.730931,write,http://localhost:8081,k1,1234.264850616455,False,359,359,,201
1775116969.7357252,read,http://localhost:8084,k5,1.8069744110107422,True,340,342,231.42695426940918,200
1775116969.738407,read,http://localhost:8081,k3,2.0749568939208984,False,360,358,9.46497917175293,200
1775116969.7386298,read,http://localhost:8082,k2,1.9712448120117188,False,354,352,8.636236190795898,200
1775116969.786558,write,http://localhost:8080,k2,1235.9240055084229,False,351,351,,201
1775116969.909759,write,http://localhost:8080,k4,1217.6530361175537,False,351,351,,201
1775116969.93063,write,http://localhost:8082,k5,1233.9379787445068,False,340,340,,201
1775116969.931211,write,http://localhost:8081,k3,1234.895944595337,False,358,358,,201
1775116969.9315479,write,http://localhost:8083,k5,1221.1809158325195,False,340,340,,201
1775116969.931838,write,http://localhost:8083,k1,1236.4070415496826,False,356,356,,201
1775116970.033765,write,http://localhost:8081,k1,1225.5597114562988,False,361,361,,201
1775116970.034326,write,http://localhost:8080,k4,1231.900930404663,False,352,352,,201
1775116970.034689,write,http://localhost:8082,k3,1225.602149963379,False,357,357,,201
1775116970.0352168,write,http://localhost:8080,k5,1230.8168411254883,False,341,341,,201
1775116970.035562,write,http://localhost:8080,k5,1223.7448692321777,False,342,342,,201
1775116970.062817,read,http://localhost:8083,k4,20.746946334838867,False,352,352,28.486967086791992,200
1775116970.063381,read,http://localhost:8084,k3,19.906997680664062,False,359,358,28.69105339050293,200
1775116970.068712,read,http://localhost:8082,k3,2.1691322326660156,False,361,358,34.02113914489746,200
1775116970.1040251,write,http://localhost:8082,k1,1220.405101776123,False,358,358,,201
1775116970.106596,write,http://localhost:8080,k3,1223.9513397216797,False,359,359,,201
1775116970.110917,write,http://localhost:8081,k1,1224.167823791504,False,362,362,,201
1775116970.1280909,write,http://localhost:8083,k4,1231.0948371887207,False,350,350,,201
1775116970.128478,write,http://localhost:8083,k4,1230.5030822753906,False,349,349,,201
1775116970.128721,write,http://localhost:8083,k5,1229.9158573150635,False,341,341,,201
1775116970.1294389,write,http://localhost:8083,k2,1231.0478687286377,False,352,352,,201
1775116970.1297212,write,http://localhost:8084,k1,1215.8362865447998,False,356,356,,201
1775116970.132438,write,http://localhost:8080,k1,1223.3076095581055,False,362,362,,201
1775116970.132732,write,http://localhost:8080,k5,1238.0900382995605,False,341,341,,201
1775116970.1339111,read,http://localhost:8082,k4,2.228975296020508,False,352,352,5.43212890625,200
1775116970.1372612,read,http://localhost:8083,k2,1.3430118560791016,False,355,352,7.819890975952148,200
1775116970.432417,write,http://localhost:8080,k5,1238.9881610870361,False,342,342,,201
1775116970.432679,write,http://localhost:8080,k2,1228.5618782043457,False,354,354,,201
1775116970.43287,write,http://localhost:8082,k4,1236.1736297607422,False,352,352,,201
1775116970.4330208,write,http://localhost:8083,k3,1231.0400009155273,False,359,359,,201
1775116970.4331598,write,http://localhost:8082,k5,1230.8337688446045,False,343,343,,201
1775116970.4333,write,http://localhost:8082,k2,1228.377103805542,False,352,352,,201
1775116970.433434,write,http://localhost:8080,k2,1233.6528301239014,False,353,353,,201
1775116970.436639,write,http://localhost:8084,k1,1228.450059890747,False,357,357,,201
1775116970.436797,write,http://localhost:8081,k3,1244.685173034668,False,360,360,,201
1775116970.437546,write,http://localhost:8080,k4,1235.3770732879639,False,351,351,,201
1775116970.4442098,read,http://localhost:8082,k2,1.6989707946777344,True,353,354,10.772943496704102,200
1775116970.7456121,write,http://localhost:8084,k4,1236.5210056304932,False,349,349,,201
1775116970.746081,write,http://localhost:8083,k3,1238.170862197876,False,359,359,,201
1775116970.746326,write,http://localhost:8082,k5,1232.123851776123,False,341,341,,201
1775116970.7465532,write,http://localhost:8080,k1,1216.1200046539307,False,358,358,,201
1775116970.74678,write,http://localhost:8080,k2,1225.315809249878,False,353,353,,201
1775116970.7470222,write,http://localhost:8084,k2,1232.362985610962,False,352,352,,201
1775116970.747276,write,http://localhost:8081,k1,1244.9169158935547,False,357,357,,201
1775116970.7475321,write,http://localhost:8080,k3,1241.9278621673584,False,360,360,,201
1775116970.7477708,write,http://localhost:8084,k1,1239.4301891326904,False,359,359,,201
1775116970.74798,write,http://localhost:8082,k3,1238.3191585540771,False,360,360,,201
1775116970.758582,read,http://localhost:8082,k3,4.8618316650390625,False,361,360,10.598182678222656,200
1775116970.94798,write,http://localhost:8081,k3,1223.7389087677002,False,360,360,,201
1775116970.9484868,write,http://localhost:8082,k5,1220.6273078918457,False,342,342,,201
1775116970.948812,write,http://localhost:8081,k1,1216.1657810211182,False,359,359,,201
1775116970.949145,write,http://localhost:8082,k4,1226.1440753936768,False,352,352,,201
1775116970.95711,write,http://localhost:8083,k1,1219.2788124084473,False,363,363,,201
1775116970.9875278,write,http://localhost:8081,k4,1248.464822769165,False,353,353,,201
1775116970.988158,write,http://localhost:8081,k1,1244.0319061279297,False,360,360,,201
1775116970.988867,write,http://localhost:8081,k1,1240.43607711792,False,361,361,,201
1775116970.989352,write,http://localhost:8083,k5,1240.6949996948242,False,342,342,,201
1775116970.9934678,read,http://localhost:8083,k4,1.5721321105957031,False,354,353,5.939960479736328,200
1775116970.998553,read,http://localhost:8083,k2,1.9249916076660156,False,356,354,251.5280246734619,200
1775116971.0263722,write,http://localhost:8080,k3,1236.1469268798828,False,361,361,,201
1775116971.150508,write,http://localhost:8082,k2,1232.5897216796875,False,355,355,,201
1775116971.1690361,write,http://localhost:8083,k4,1232.043981552124,False,352,352,,201
1775116971.191896,write,http://localhost:8082,k3,1250.504970550537,False,361,361,,201
1775116971.192568,write,http://localhost:8083,k2,1250.7929801940918,False,355,355,,201
1775116971.192805,write,http://localhost:8082,k3,1252.1190643310547,False,360,360,,201
1775116971.203219,read,http://localhost:8083,k5,3.8471221923828125,True,342,343,213.86313438415527,200
1775116971.2910058,write,http://localhost:8082,k2,1250.4582405090332,False,354,354,,201
1775116971.292727,write,http://localhost:8081,k2,1219.5699214935303,False,354,354,,201
1775116971.29314,write,http://localhost:8081,k2,1250.38480758667,False,353,353,,201
1775116971.2935581,write,http://localhost:8080,k4,1253.6940574645996,False,354,354,,201
1775116971.293906,write,http://localhost:8080,k2,1222.2020626068115,False,356,356,,201
1775116971.302474,read,http://localhost:8084,k2,1.753091812133789,False,357,356,8.565187454223633,200
1775116971.3588421,write,http://localhost:8083,k5,1247.0152378082275,False,344,344,,201
1775116971.359401,write,http://localhost:8081,k3,1229.0689945220947,False,361,361,,201
1775116971.359841,write,http://localhost:8083,k1,1224.4751453399658,False,357,357,,201
1775116971.360246,write,http://localhost:8082,k3,1239.912986755371,False,362,362,,201
1775116971.3605518,write,http://localhost:8083,k3,1221.1651802062988,False,361,361,,201
1775116971.3608801,write,http://localhost:8081,k5,1229.5482158660889,False,342,342,,201
1775116971.361164,write,http://localhost:8082,k3,1223.586082458496,False,361,361,,201
1775116971.362453,write,http://localhost:8084,k2,1251.276969909668,False,353,353,,201
1775116971.3627121,write,http://localhost:8084,k5,1228.3599376678467,False,342,342,,201
1775116971.363919,write,http://localhost:8081,k1,1221.1380004882812,False,360,360,,201
1775116971.3665721,read,http://localhost:8081,k3,4.715919494628906,False,363,362,5.40614128112793,200
1775116971.367549,read,http://localhost:8080,k4,2.8688907623291016,True,352,354,73.99106025695801,200
1775116971.373869,read,http://localhost:8084,k2,3.2639503479003906,False,357,356,11.413097381591797,200
1775116971.665824,write,http://localhost:8081,k1,1227.2822856903076,False,364,364,,201
1775116971.666477,write,http://localhost:8080,k3,1227.6737689971924,False,362,362,,201
1775116971.667104,write,http://localhost:8082,k4,1220.9420204162598,False,350,350,,201
1775116971.667507,write,http://localhost:8083,k3,1221.5070724487305,False,361,361,,201
1775116971.667867,write,http://localhost:8082,k2,1233.4270477294922,False,353,353,,201
1775116971.66834,write,http://localhost:8081,k2,1233.5619926452637,False,356,356,,201
1775116971.668751,write,http://localhost:8080,k3,1222.435712814331,False,364,364,,201
1775116971.6690829,write,http://localhost:8080,k3,1226.3758182525635,False,363,363,,201
1775116971.669343,write,http://localhost:8080,k4,1233.0338954925537,False,353,353,,201
1775116971.6695921,write,http://localhost:8084,k5,1223.8030433654785,False,343,343,,201
1775116971.675492,read,http://localhost:8082,k1,4.9762725830078125,False,364,364,9.668111801147461,200
1775116971.9727879,write,http://localhost:8084,k2,1217.5660133361816,False,354,354,,201
1775116971.9729888,write,http://localhost:8080,k1,1216.292142868042,False,366,366,,201
1775116971.973123,write,http://localhost:8080,k5,1215.73805809021,False,344,344,,201
1775116971.973253,write,http://localhost:8080,k1,1221.5778827667236,False,365,365,,201
1775116971.973373,write,http://localhost:8084,k5,1219.2120552062988,False,343,343,,201
1775116971.973491,write,http://localhost:8082,k4,1221.0438251495361,False,353,353,,201
1775116971.975504,write,http://localhost:8081,k4,1219.1479206085205,False,354,354,,201
1775116971.975619,write,http://localhost:8082,k2,1219.6307182312012,False,356,356,,201
1775116971.975734,write,http://localhost:8082,k1,1218.0230617523193,False,361,361,,201
1775116972.0008261,write,http://localhost:8082,k1,1231.0068607330322,False,362,362,,201
1775116972.19518,write,http://localhost:8082,k1,1242.1870231628418,False,365,365,,201
1775116972.195616,write,http://localhost:8082,k5,1243.8840866088867,False,345,345,,201
1775116972.1959949,write,http://localhost:8081,k2,1234.3978881835938,False,354,354,,201
1775116972.196285,write,http://localhost:8080,k1,1238.4769916534424,False,363,363,,201
1775116972.197556,write,http://localhost:8084,k4,1246.8297481536865,False,354,354,,201
1775116972.208202,write,http://localhost:8081,k1,1218.7068462371826,False,367,367,,201
1775116972.208937,write,http://localhost:8080,k1,1212.9642963409424,False,364,364,,201
1775116972.209609,read,http://localhost:8084,k2,6.911993026733398,False,357,356,13.61393928527832,200
1775116972.210588,write,http://localhost:8080,k5,1211.9159698486328,False,344,344,,201
1775116972.2108119,read,http://localhost:8082,k5,3.629922866821289,False,347,345,0.22411346435546875,200
1775116972.2237709,read,http://localhost:8080,k2,9.315729141235352,False,359,356,27.776002883911133,200
1775116972.2241669,write,http://localhost:8084,k3,1217.790126800537,False,362,362,,201
1775116972.277515,write,http://localhost:8084,k1,1245.243787765503,False,361,361,,201
1775116972.382844,write,http://localhost:8080,k3,1226.9287109375,False,363,363,,201
1775116972.3954,write,http://localhost:8083,k2,1213.7651443481445,False,357,357,,201
1775116972.416103,write,http://localhost:8083,k4,1217.4718379974365,False,351,351,,201
1775116972.41654,write,http://localhost:8081,k5,1216.860294342041,False,344,344,,201
1775116972.429149,write,http://localhost:8080,k4,1214.9221897125244,False,355,355,,201
1775116972.5134232,write,http://localhost:8083,k2,1216.642141342163,False,358,358,,201
1775116972.514125,write,http://localhost:8081,k5,1216.414213180542,False,345,345,,201
1775116972.514555,write,http://localhost:8084,k2,1215.904951095581,False,357,357,,201
1775116972.516665,write,http://localhost:8083,k5,1213.813066482544,False,343,343,,201
1775116972.5274189,write,http://localhost:8080,k4,1219.92826461792,False,352,352,,201
1775116972.584718,write,http://localhost:8084,k5,1223.4091758728027,False,343,343,,201
1775116972.5852458,write,http://localhost:8081,k5,1219.5160388946533,False,346,346,,201
1775116972.585696,write,http://localhost:8080,k2,1220.6392288208008,False,358,358,,201
1775116972.586949,write,http://localhost:8082,k1,1220.8943367004395,False,367,367,,201
1775116972.587413,write,http://localhost:8082,k2,1220.404863357544,False,357,357,,201
1775116972.592291,write,http://localhost:8082,k2,1222.0702171325684,False,358,358,,201
1775116972.593135,write,http://localhost:8082,k1,1220.4678058624268,False,368,368,,201
1775116972.594267,write,http://localhost:8081,k5,1223.3810424804688,False,347,347,,201
1775116972.59457,write,http://localhost:8084,k4,1218.2857990264893,False,355,355,,201
1775116972.5948532,write,http://localhost:8081,k5,1223.7129211425781,False,348,348,,201
1775116972.9080372,write,http://localhost:8084,k5,1233.1418991088867,False,344,344,,201
1775116972.908439,write,http://localhost:8080,k4,1229.491949081421,False,356,356,,201
1775116972.908658,write,http://localhost:8084,k2,1230.968713760376,False,355,355,,201
1775116972.908918,write,http://localhost:8084,k2,1236.2558841705322,False,354,354,,201
1775116972.9091358,write,http://localhost:8081,k5,1232.6509952545166,False,347,347,,201
1775116972.9093492,write,http://localhost:8084,k1,1235.6030941009521,False,365,365,,201
1775116972.909545,write,http://localhost:8081,k3,1236.3038063049316,False,363,363,,201
1775116972.9097412,write,http://localhost:8084,k3,1229.4342517852783,False,365,365,,201
1775116972.909939,write,http://localhost:8081,k4,1232.9249382019043,False,352,352,,201
1775116972.9101288,write,http://localhost:8081,k5,1236.016035079956,False,346,346,,201
1775116973.217443,write,http://localhost:8082,k4,1232.7702045440674,False,353,353,,201
1775116973.218063,write,http://localhost:8082,k4,1235.5139255523682,False,352,352,,201
1775116973.21841,write,http://localhost:8083,k1,1237.5411987304688,False,366,366,,201
1775116973.218791,write,http://localhost:8083,k1,1239.4239902496338,False,365,365,,201
1775116973.2190971,write,http://localhost:8082,k5,1237.926959991455,False,349,349,,201
1775116973.22621,write,http://localhost:8083,k2,1248.0978965759277,False,355,355,,201
1775116973.233521,write,http://localhost:8084,k1,1253.9310455322266,False,363,363,,201
1775116973.2345312,write,http://localhost:8080,k1,1253.4959316253662,False,366,366,,201
1775116973.234745,write,http://localhost:8080,k2,1254.1730403900146,False,356,356,,201
1775116973.234921,write,http://localhost:8081,k2,1227.149248123169,False,359,359,,201
1775116973.2350872,read,http://localhost:8084,k1,6.402730941772461,False,369,368,0.5559921264648438,200
1775116973.246274,read,http://localhost:8080,k2,2.3941993713378906,False,359,359,11.350870132446289,200
1775116973.4415271,write,http://localhost:8082,k5,1223.8707542419434,False,348,348,,201
1775116973.4421701,write,http://localhost:8081,k5,1228.8661003112793,False,345,345,,201
1775116973.4426072,write,http://localhost:8082,k3,1236.2351417541504,False,364,364,,201
1775116973.442896,write,http://localhost:8082,k4,1235.4822158813477,False,353,353,,201
1775116973.443248,write,http://localhost:8084,k5,1230.936050415039,False,345,345,,201
1775116973.444422,write,http://localhost:8083,k1,1237.475872039795,False,369,369,,201
1775116973.4447,write,http://localhost:8083,k4,1233.0281734466553,False,353,353,,201
1775116973.445,write,http://localhost:8083,k2,1215.6836986541748,False,359,359,,201
1775116973.445267,write,http://localhost:8083,k3,1214.4696712493896,False,363,363,,201
1775116973.449374,read,http://localhost:8081,k4,3.368854522705078,True,355,356,4.672765731811523,200
1775116973.449683,read,http://localhost:8084,k2,3.2281875610351562,False,359,359,4.682064056396484,200
1775116973.541326,write,http://localhost:8084,k2,1260.699987411499,False,358,358,,201
1775116973.622915,write,http://localhost:8084,k3,1229.0160655975342,False,364,364,,201
1775116973.6292522,write,http://localhost:8081,k5,1222.6521968841553,False,350,350,,201
1775116973.644945,write,http://localhost:8082,k3,1220.6621170043945,False,366,366,,201
1775116973.645293,write,http://localhost:8083,k5,1219.6178436279297,False,348,348,,201
1775116973.653898,read,http://localhost:8084,k1,1.4531612396240234,False,370,369,209.4738483428955,200
1775116973.6643672,write,http://localhost:8080,k4,1226.7651557922363,False,354,354,,201
1775116973.742325,write,http://localhost:8081,k4,1223.865032196045,False,354,354,,201
1775116973.745139,write,http://localhost:8081,k3,1227.112054824829,False,366,366,,201
1775116973.745425,write,http://localhost:8081,k3,1224.5092391967773,False,367,367,,201
1775116973.746376,write,http://localhost:8084,k5,1229.0139198303223,False,348,348,,201
1775116973.7491908,write,http://localhost:8081,k1,1212.8992080688477,False,367,367,,201
1775116973.8534021,write,http://localhost:8080,k5,1252.784013748169,False,349,349,,201
1775116973.854244,write,http://localhost:8082,k3,1265.7890319824219,False,367,367,,201
1775116973.854733,write,http://localhost:8081,k3,1267.1308517456055,False,368,368,,201
1775116973.855089,write,http://localhost:8083,k3,1261.8601322174072,False,364,364,,201
1775116973.85544,write,http://localhost:8084,k5,1262.943983078003,False,349,349,,201
1775116973.8560882,write,http://localhost:8083,k5,1254.7647953033447,False,349,349,,201
1775116973.857213,write,http://localhost:8083,k2,1252.3648738861084,False,358,358,,201
1775116973.8580952,write,http://localhost:8080,k1,1252.9268264770508,False,370,370,,201
1775116973.859066,write,http://localhost:8082,k2,1259.523868560791,False,361,361,,201
1775116973.860129,write,http://localhost:8082,k2,1269.4110870361328,False,360,360,,201
1775116973.868648,read,http://localhost:8084,k3,6.793975830078125,False,368,368,13.558149337768555,200
1775116973.86882,read,http://localhost:8082,k3,7.407903671264648,True,366,368,13.730764389038086,200
1775116973.8691149,read,http://localhost:8080,k2,3.7300586700439453,False,361,361,8.986234664916992,200
1775116974.158595,write,http://localhost:8082,k2,1244.8348999023438,False,356,356,,201
1775116974.158839,write,http://localhost:8080,k2,1245.6161975860596,False,359,359,,201
1775116974.1589959,write,http://localhost:8081,k1,1245.9890842437744,False,371,371,,201
1775116974.159125,write,http://localhost:8084,k5,1245.1672554016113,False,347,347,,201
1775116974.159253,write,http://localhost:8084,k1,1241.6517734527588,False,369,369,,201
1775116974.1593752,write,http://localhost:8082,k4,1244.1449165344238,False,355,355,,201
1775116974.1595001,write,http://localhost:8083,k3,1241.335153579712,False,366,366,,201
1775116974.15962,write,http://localhost:8084,k2,1241.7018413543701,False,359,359,,201
1775116974.159745,write,http://localhost:8081,k5,1247.1599578857422,False,349,349,,201
1775116974.1598668,write,http://localhost:8081,k3,1245.6200122833252,False,367,367,,201
1775116974.464772,write,http://localhost:8084,k5,1236.2723350524902,False,349,349,,201
1775116974.4654431,write,http://localhost:8082,k1,1237.9720211029053,False,371,371,,201
1775116974.465863,write,http://localhost:8083,k3,1222.5730419158936,False,368,368,,201
1775116974.466243,write,http://localhost:8080,k1,1239.821195602417,False,370,370,,201
1775116974.4665651,write,http://localhost:8084,k5,1224.7669696807861,False,350,350,,201
1775116974.466945,write,http://localhost:8080,k1,1224.4060039520264,False,371,371,,201
1775116974.4672372,write,http://localhost:8084,k1,1223.660945892334,False,370,370,,201
1775116974.467537,write,http://localhost:8082,k5,1238.5470867156982,False,349,349,,201
1775116974.4678268,write,http://localhost:8083,k2,1233.9980602264404,False,360,360,,201
1775116974.4718158,write,http://localhost:8082,k3,1218.0018424987793,False,365,365,,201
1775116974.478901,read,http://localhost:8083,k1,8.612871170043945,False,371,371,11.660099029541016,200
1775116974.479926,read,http://localhost:8084,k4,9.141921997070312,False,356,356,320.54901123046875,200
1775116974.4810398,read,http://localhost:8081,k3,3.1630992889404297,True,367,368,9.22393798828125,200
1775116974.6659358,write,http://localhost:8083,k4,1218.3411121368408,False,356,356,,201
1775116974.666334,write,http://localhost:8083,k4,1222.9528427124023,False,355,355,,201
1775116974.668594,write,http://localhost:8081,k5,1215.852975845337,False,348,348,,201
1775116974.668909,write,http://localhost:8082,k2,1218.4512615203857,False,360,360,,201
1775116974.6692271,write,http://localhost:8081,k2,1218.1320190429688,False,357,357,,201
1775116974.6695051,write,http://localhost:8082,k1,1217.4887657165527,False,372,372,,201
1775116974.6704252,write,http://localhost:8080,k4,1219.6309566497803,False,356,356,,201
1775116974.673953,write,http://localhost:8084,k4,1216.446876525879,False,354,354,,201
1775116974.674807,read,http://localhost:8083,k3,1.7552375793457031,True,367,368,202.9886245727539,200
1775116974.6755562,read,http://localhost:8082,k2,1.3282299041748047,False,361,361,6.328105926513672,200
1775116974.679275,write,http://localhost:8080,k1,1221.0710048675537,False,371,371,,201
1775116974.684659,read,http://localhost:8082,k1,1.7819404602050781,False,373,372,5.382061004638672,200
1775116974.770011,write,http://localhost:8084,k2,1224.2650985717773,False,360,360,,201
1775116974.7804632,read,http://localhost:8082,k5,4.446983337402344,False,351,350,111.86599731445312,200
1775116974.8605518,write,http://localhost:8081,k3,1221.5240001678467,False,367,367,,201
1775116974.861087,write,http://localhost:8083,k5,1233.2971096038818,False,349,349,,201
1775116974.8691149,write,http://localhost:8081,k5,1213.8879299163818,False,351,351,,201
1775116974.875925,write,http://localhost:8083,k1,1214.7629261016846,False,372,372,,201
1775116974.892492,write,http://localhost:8080,k3,1216.810941696167,False,366,366,,201
1775116974.9728909,write,http://localhost:8083,k2,1223.1688499450684,False,360,360,,201
1775116974.973398,write,http://localhost:8081,k1,1219.336986541748,False,371,371,,201
1775116974.974135,write,http://localhost:8083,k4,1226.7510890960693,False,356,356,,201
1775116974.974496,write,http://localhost:8081,k3,1219.7637557983398,False,366,366,,201
1775116974.982829,write,http://localhost:8083,k2,1229.4058799743652,False,361,361,,201
1775116975.080707,write,http://localhost:8083,k1,1214.7998809814453,False,373,373,,201
1775116975.084343,write,http://localhost:8082,k5,1219.4240093231201,False,349,349,,201
1775116975.08479,write,http://localhost:8084,k1,1217.000961303711,False,372,372,,201
1775116975.08511,write,http://localhost:8084,k1,1224.8210906982422,False,371,371,,201
1775116975.085393,write,http://localhost:8081,k5,1209.9010944366455,False,352,352,,201
1775116975.08566,write,http://localhost:8082,k5,1210.5000019073486,False,350,350,,201
1775116975.085929,write,http://localhost:8080,k1,1219.4240093231201,False,372,372,,201
1775116975.086279,write,http://localhost:8080,k1,1218.743085861206,False,373,373,,201
1775116975.086572,write,http://localhost:8082,k3,1220.4158306121826,False,367,367,,201
1775116975.0902662,write,http://localhost:8082,k1,1211.28511428833,False,372,372,,201
1775116975.092252,read,http://localhost:8083,k3,4.828929901123047,False,368,368,5.680084228515625,200
1775116975.397414,write,http://localhost:8081,k3,1235.4469299316406,False,367,367,,201
1775116975.398622,write,http://localhost:8084,k2,1232.0170402526855,False,357,357,,201
1775116975.3992891,write,http://localhost:8082,k1,1235.9399795532227,False,372,372,,201
1775116975.3996742,write,http://localhost:8082,k4,1236.1879348754883,False,356,356,,201
1775116975.400088,write,http://localhost:8083,k4,1236.3348007202148,False,357,357,,201
1775116975.4003808,write,http://localhost:8083,k5,1233.6711883544922,False,349,349,,201
1775116975.4006631,write,http://localhost:8080,k1,1231.9869995117188,False,373,373,,201
1775116975.4036942,write,http://localhost:8082,k3,1242.884874343872,False,367,367,,201
1775116975.404033,write,http://localhost:8082,k2,1242.8669929504395,False,361,361,,201
1775116975.404319,write,http://localhost:8082,k2,1235.4240417480469,False,362,362,,201
1775116975.409091,read,http://localhost:8082,k1,6.43610954284668,False,373,373,8.42595100402832,200
1775116975.40936,read,http://localhost:8084,k2,4.480123519897461,False,362,362,5.0411224365234375,200
1775116975.409815,read,http://localhost:8084,k4,1.6460418701171875,False,357,357,9.72604751586914,200
1775116975.413433,read,http://localhost:8081,k5,1.7871856689453125,False,352,352,13.018131256103516,200
1775116975.423454,read,http://localhost:8084,k3,5.282878875732422,True,367,368,19.75703239440918,200
1775116975.701497,write,http://localhost:8083,k4,1224.1871356964111,False,355,355,,201
1775116975.701937,write,http://localhost:8081,k4,1223.7958908081055,False,357,357,,201
1775116975.70278,write,http://localhost:8081,k1,1234.1480255126953,False,374,374,,201
1775116975.703091,write,http://localhost:8081,k5,1231.968879699707,False,351,351,,201
1775116975.703476,write,http://localhost:8081,k2,1230.8013439178467,False,362,362,,201
1775116975.703917,write,http://localhost:8081,k1,1235.9619140625,False,373,373,,201
1775116975.7042382,write,http://localhost:8082,k5,1231.9040298461914,False,350,350,,201
1775116975.70529,write,http://localhost:8083,k4,1217.0138359069824,False,356,356,,201
1775116975.706517,write,http://localhost:8083,k4,1217.6530361175537,False,357,357,,201
1775116975.706756,write,http://localhost:8083,k1,1217.2949314117432,False,372,372,,201
1775116975.709973,read,http://localhost:8081,k2,3.1371116638183594,False,362,362,6.494998931884766,200
1775116975.9028559,write,http://localhost:8083,k2,1224.1089344024658,False,361,361,,201
1775116975.903693,write,http://localhost:8084,k5,1230.2310466766357,False,352,352,,201
1775116975.9043179,write,http://localhost:8084,k2,1218.9137935638428,False,359,359,,201
1775116975.9047759,write,http://localhost:8084,k4,1226.7367839813232,False,357,357,,201
1775116975.905132,write,http://localhost:8080,k4,1226.6666889190674,False,357,357,,201
1775116975.9054441,write,http://localhost:8084,k2,1229.5968532562256,False,358,358,,201
1775116975.9057121,write,http://localhost:8081,k5,1236.1130714416504,False,350,350,,201
1775116975.905993,write,http://localhost:8082,k3,1218.2259559631348,False,368,368,,201
1775116975.917691,write,http://localhost:8082,k5,1223.7460613250732,False,351,351,,201
1775116975.922107,read,http://localhost:8080,k4,9.550094604492188,False,358,357,16.972064971923828,200
1775116976.010314,write,http://localhost:8082,k3,1222.5768566131592,False,369,369,,201
1775116976.1046028,write,http://localhost:8083,k1,1233.1361770629883,False,373,373,,201
1775116976.1054668,write,http://localhost:8081,k1,1228.1060218811035,False,373,373,,201
1775116976.105867,write,http://localhost:8083,k2,1238.0321025848389,False,362,362,,201
1775116976.106175,write,http://localhost:8082,k5,1241.8382167816162,False,352,352,,201
1775116976.10957,write,http://localhost:8082,k1,1214.9109840393066,False,374,374,,201
1775116976.2097971,write,http://localhost:8080,k3,1233.5946559906006,False,370,370,,201
1775116976.210114,write,http://localhost:8083,k3,1228.9819717407227,False,368,368,,201
1775116976.2103329,write,http://localhost:8082,k4,1235.459804534912,False,358,358,,201
1775116976.210537,write,http://localhost:8084,k4,1226.8900871276855,False,357,357,,201
1775116976.210731,write,http://localhost:8082,k2,1225.0502109527588,False,363,363,,201
1775116976.215337,read,http://localhost:8083,k1,2.028226852416992,False,375,374,105.76701164245605,200
1775116976.2177432,read,http://localhost:8080,k4,1.5780925750732422,False,358,358,7.205009460449219,200
1775116976.222416,read,http://localhost:8082,k4,1.6231536865234375,False,362,358,11.877059936523438,200
1775116976.23209,read,http://localhost:8083,k5,1.6360282897949219,False,353,352,125.9150505065918,200
1775116976.3135061,write,http://localhost:8084,k5,1225.1009941101074,False,351,351,,201
1775116976.314451,write,http://localhost:8082,k2,1220.0579643249512,False,364,364,,201
1775116976.3150148,write,http://localhost:8082,k3,1222.6550579071045,False,370,370,,201
1775116976.31541,write,http://localhost:8080,k2,1224.9939441680908,False,365,365,,201
1775116976.315725,write,http://localhost:8080,k1,1229.0499210357666,False,375,375,,201
1775116976.3160162,write,http://localhost:8080,k2,1225.2559661865234,False,364,364,,201
1775116976.32288,read,http://localhost:8083,k4,3.020048141479492,False,360,358,112.34092712402344,200
1775116976.3265338,write,http://localhost:8081,k3,1226.7446517944336,False,369,369,,201
1775116976.327321,write,http://localhost:8082,k4,1231.4519882202148,False,358,358,,201
1775116976.329154,read,http://localhost:8084,k2,4.040241241455078,True,364,365,13.135910034179688,200
1775116976.3379788,read,http://localhost:8084,k2,1.7669200897216797,False,365,365,21.960973739624023,200
1775116976.345612,write,http://localhost:8084,k1,1253.906011581421,False,373,373,,201
1775116976.3459451,write,http://localhost:8084,k2,1250.7591247558594,False,362,362,,201
1775116976.3548281,read,http://localhost:8082,k5,1.8830299377441406,False,353,352,41.3210391998291,200
1775116976.630066,write,http://localhost:8081,k4,1228.5778522491455,False,359,359,,201
1775116976.648279,write,http://localhost:8083,k2,1219.844102859497,False,363,363,,201
1775116976.648813,write,http://localhost:8083,k5,1230.2989959716797,False,352,352,,201
1775116976.6492102,write,http://localhost:8083,k3,1243.351936340332,False,369,369,,201
1775116976.6495402,write,http://localhost:8083,k3,1246.480941772461,False,370,370,,201
1775116976.651228,write,http://localhost:8082,k3,1250.450849533081,False,371,371,,201
1775116976.6523001,write,http://localhost:8081,k2,1240.1800155639648,False,364,364,,201
1775116976.652582,write,http://localhost:8082,k5,1246.4330196380615,False,353,353,,201
1775116976.652828,write,http://localhost:8081,k4,1237.8191947937012,False,360,360,,201
1775116976.6530619,write,http://localhost:8081,k1,1245.7497119903564,False,375,375,,201
1775116976.656307,read,http://localhost:8084,k4,1.7490386962890625,False,360,360,3.477334976196289,200
1775116976.659178,read,http://localhost:8082,k4,2.206087112426758,False,360,360,6.348133087158203,200
1775116976.939248,write,http://localhost:8084,k4,1229.902982711792,False,359,359,,201
1775116976.949562,write,http://localhost:8080,k3,1232.4590682983398,False,370,370,,201
1775116976.949655,write,http://localhost:8080,k3,1232.1226596832275,False,371,371,,201
1775116976.952843,write,http://localhost:8084,k3,1241.199016571045,False,369,369,,201
1775116976.9529269,write,http://localhost:8084,k4,1247.5309371948242,False,358,358,,201
1775116976.955415,write,http://localhost:8082,k2,1249.4499683380127,False,363,363,,201
1775116976.9554958,write,http://localhost:8083,k3,1247.4520206451416,False,371,371,,201
1775116976.9555771,write,http://localhost:8083,k1,1245.2449798583984,False,375,375,,201
1775116976.9561229,read,http://localhost:8081,k4,3.985881805419922,False,363,360,3.196239471435547,200
1775116976.956204,write,http://localhost:8082,k3,1245.5658912658691,False,369,369,,201
1775116976.956285,write,http://localhost:8082,k3,1245.3701496124268,False,370,370,,201
1775116976.960607,read,http://localhost:8084,k2,3.3321380615234375,True,364,365,5.191802978515625,200
1775116977.1419818,write,http://localhost:8080,k4,1229.743242263794,False,359,359,,201
1775116977.142179,write,http://localhost:8081,k4,1230.2849292755127,False,359,359,,201
1775116977.1423192,write,http://localhost:8081,k2,1228.2299995422363,False,364,364,,201
1775116977.142443,write,http://localhost:8083,k4,1232.5732707977295,False,359,359,,201
1775116977.1516402,write,http://localhost:8082,k4,1241.1470413208008,False,361,361,,201
1775116977.151768,write,http://localhost:8082,k4,1240.8208847045898,False,362,362,,201
1775116977.1520588,write,http://localhost:8084,k4,1237.5059127807617,False,360,360,,201
1775116977.163726,write,http://localhost:8080,k1,1237.3039722442627,False,376,376,,201
1775116977.1638882,write,http://localhost:8081,k3,1238.1069660186768,False,371,371,,201
1775116977.244628,write,http://localhost:8083,k4,1230.7581901550293,False,358,358,,201
1775116977.344676,write,http://localhost:8083,k1,1235.8410358428955,False,376,376,,201
1775116977.345267,write,http://localhost:8081,k1,1237.3919486999512,False,377,377,,201
1775116977.3456619,write,http://localhost:8080,k2,1238.8720512390137,False,365,365,,201
1775116977.3459342,write,http://localhost:8081,k2,1225.0750064849854,False,365,365,,201
1775116977.346185,write,http://localhost:8083,k5,1224.402904510498,False,352,352,,201
1775116977.44688,write,http://localhost:8084,k5,1232.5139045715332,False,353,353,,201
1775116977.447398,write,http://localhost:8081,k4,1226.356029510498,False,359,359,,201
1775116977.4477491,write,http://localhost:8084,k1,1231.8449020385742,False,376,376,,201
1775116977.448093,write,http://localhost:8082,k3,1234.3337535858154,False,370,370,,201
1775116977.4593658,write,http://localhost:8082,k4,1214.9639129638672,False,363,363,,201
1775116977.545206,write,http://localhost:8081,k2,1219.3772792816162,False,366,366,,201
1775116977.545652,write,http://localhost:8082,k5,1222.0101356506348,False,353,353,,201
1775116977.5459971,write,http://localhost:8084,k2,1213.744878768921,False,365,365,,201
1775116977.5462751,write,http://localhost:8080,k3,1225.7840633392334,False,371,371,,201
1775116977.546636,write,http://localhost:8081,k4,1212.7280235290527,False,360,360,,201
1775116977.546918,write,http://localhost:8080,k3,1223.761796951294,False,372,372,,201
1775116977.547182,write,http://localhost:8080,k5,1218.9030647277832,False,354,354,,201
1775116977.5620952,write,http://localhost:8081,k3,1221.4288711547852,False,372,372,,201
1775116977.566417,write,http://localhost:8083,k3,1218.1718349456787,False,372,372,,201
1775116977.578519,write,http://localhost:8081,k4,1218.7697887420654,False,361,361,,201
1775116977.86237,write,http://localhost:8082,k5,1224.5211601257324,False,354,354,,201
1775116977.872416,write,http://localhost:8082,k1,1218.5702323913574,False,378,378,,201
1775116977.872928,write,http://localhost:8082,k5,1221.5690612792969,False,355,355,,201
1775116977.878277,write,http://localhost:8083,k4,1215.4059410095215,False,362,362,,201
1775116977.878762,write,http://localhost:8082,k2,1220.3760147094727,False,366,366,,201
1775116977.883975,write,http://localhost:8081,k5,1226.1989116668701,False,354,354,,201
1775116977.8843951,write,http://localhost:8081,k5,1226.2871265411377,False,355,355,,201
1775116977.884733,write,http://localhost:8081,k5,1218.9350128173828,False,356,356,,201
1775116977.885053,write,http://localhost:8081,k2,1224.7791290283203,False,367,367,,201
1775116977.885364,write,http://localhost:8084,k2,1224.632740020752,False,364,364,,201
1775116977.885838,read,http://localhost:8082,k4,3.7488937377929688,True,359,363,7.561922073364258,200
1775116977.889986,read,http://localhost:8080,k4,2.135038375854492,False,363,363,11.709928512573242,200
1775116977.9055512,read,http://localhost:8082,k1,4.227161407470703,False,378,378,33.13422203063965,200
1775116977.909871,read,http://localhost:8082,k5,2.4101734161376953,True,354,356,25.135278701782227,200
1775116977.921679,read,http://localhost:8081,k3,2.7379989624023438,False,374,372,355.25989532470703,200
1775116978.174491,write,http://localhost:8083,k1,1229.7630310058594,False,378,378,,201
1775116978.182592,write,http://localhost:8082,k2,1228.6500930786133,False,367,367,,201
1775116978.18307,write,http://localhost:8084,k4,1221.6088771820068,False,363,363,,201
1775116978.183361,write,http://localhost:8081,k1,1225.2600193023682,False,377,377,,201
1775116978.183593,write,http://localhost:8081,k2,1221.0462093353271,False,366,366,,201
1775116978.183818,write,http://localhost:8083,k5,1222.5959300994873,False,354,354,,201
1775116978.184074,write,http://localhost:8084,k5,1227.6089191436768,False,354,354,,201
1775116978.1843169,write,http://localhost:8084,k4,1227.4858951568604,False,362,362,,201
1775116978.18875,write,http://localhost:8082,k1,1220.5641269683838,False,377,377,,201
1775116978.18913,write,http://localhost:8080,k1,1225.001335144043,False,379,379,,201
1775116978.192645,read,http://localhost:8082,k3,1.6450881958007812,False,374,372,626.227855682373,200
1775116978.376427,write,http://localhost:8080,k3,1227.586030960083,False,373,373,,201
1775116978.377146,write,http://localhost:8081,k3,1232.578992843628,False,373,373,,201
1775116978.377742,write,http://localhost:8082,k4,1219.6857929229736,False,362,362,,201
1775116978.37815,write,http://localhost:8084,k4,1232.9270839691162,False,359,359,,201
1775116978.3784409,write,http://localhost:8084,k1,1226.6340255737305,False,377,377,,201
1775116978.378747,write,http://localhost:8084,k1,1224.9209880828857,False,378,378,,201
1775116978.37904,write,http://localhost:8081,k1,1213.597059249878,False,380,380,,201
1775116978.3793201,write,http://localhost:8084,k2,1221.5828895568848,False,366,366,,201
1775116978.3897972,write,http://localhost:8081,k1,1222.3708629608154,False,381,381,,201
1775116978.4008,read,http://localhost:8083,k2,3.281831741333008,False,367,367,21.476030349731445,200
1775116978.478485,write,http://localhost:8080,k5,1228.68013381958,False,355,355,,201
1775116978.4924521,read,http://localhost:8084,k2,3.607034683227539,True,366,367,113.12699317932129,200
1775116978.571691,write,http://localhost:8083,k5,1217.3089981079102,False,355,355,,201
1775116978.572284,write,http://localhost:8081,k3,1220.606803894043,False,375,375,,201
1775116978.5726001,write,http://localhost:8080,k1,1217.93794631958,False,382,382,,201
1775116978.572862,write,http://localhost:8082,k3,1222.4767208099365,False,373,373,,201
1775116978.573141,write,http://localhost:8081,k3,1223.4349250793457,False,374,374,,201
1775116978.5851982,read,http://localhost:8083,k1,3.3779144287109375,True,380,382,12.59303092956543,200
1775116978.676399,write,http://localhost:8083,k3,1224.7889041900635,False,373,373,,201
1775116978.6782699,write,http://localhost:8081,k1,1224.694013595581,False,378,378,,201
1775116978.680096,write,http://localhost:8084,k3,1222.2118377685547,False,373,373,,201
1775116978.680495,write,http://localhost:8084,k1,1228.2497882843018,False,379,379,,201
1775116978.680819,write,http://localhost:8084,k3,1218.4100151062012,False,374,374,,201
1775116978.7804742,write,http://localhost:8081,k1,1225.5008220672607,False,383,383,,201
1775116978.780858,write,http://localhost:8080,k2,1224.816083908081,False,367,367,,201
1775116978.781099,write,http://localhost:8084,k1,1227.3437976837158,False,380,380,,201
1775116978.781323,write,http://localhost:8080,k3,1232.931137084961,False,375,375,,201
1775116978.7815602,write,http://localhost:8082,k1,1232.1698665618896,False,380,380,,201
1775116978.781776,write,http://localhost:8082,k4,1225.419044494629,False,363,363,,201
1775116978.781981,write,http://localhost:8082,k1,1226.269006729126,False,381,381,,201
1775116978.791195,write,http://localhost:8082,k3,1224.1458892822266,False,374,374,,201
1775116978.791683,read,http://localhost:8084,k4,4.352092742919922,False,365,363,9.904861450195312,200
1775116978.793273,write,http://localhost:8084,k3,1219.4111347198486,False,375,375,,201
1775116978.802492,write,http://localhost:8084,k3,1218.080997467041,False,376,376,,201
1775116978.811867,read,http://localhost:8082,k2,2.1240711212158203,False,369,367,31.003952026367188,200
1775116979.097332,write,http://localhost:8083,k3,1223.1299877166748,False,374,374,,201
1775116979.097862,write,http://localhost:8084,k5,1217.7832126617432,False,356,356,,201
1775116979.0983229,write,http://localhost:8084,k3,1230.018138885498,False,377,377,,201
1775116979.1113868,write,http://localhost:8081,k2,1228.867769241333,False,368,368,,201
1775116979.1248121,write,http://localhost:8083,k2,1231.9128513336182,False,365,365,,201
1775116979.1252549,write,http://localhost:8080,k4,1233.0670356750488,False,364,364,,201
1775116979.127695,write,http://localhost:8084,k4,1237.34712600708,False,363,363,,201
1775116979.128026,write,http://localhost:8081,k4,1235.450267791748,False,363,363,,201
1775116979.128991,write,http://localhost:8084,k1,1237.7941608428955,False,379,379,,201
1775116979.17732,write,http://localhost:8082,k2,1245.1820373535156,False,367,367,,201
1775116979.4036648,write,http://localhost:8084,k1,1223.2921123504639,False,381,381,,201
1775116979.404427,write,http://localhost:8083,k3,1218.0087566375732,False,374,374,,201
1775116979.405091,write,http://localhost:8083,k4,1217.454195022583,False,360,360,,201
1775116979.411602,read,http://localhost:8081,k2,3.650188446044922,False,369,368,234.27319526672363,200
1775116979.444295,write,http://localhost:8080,k5,1258.5008144378662,False,357,357,,201
1775116979.444937,write,http://localhost:8082,k4,1246.7961311340332,False,360,360,,201
1775116979.4453702,write,http://localhost:8082,k1,1257.3020458221436,False,380,380,,201
1775116979.445741,write,http://localhost:8084,k3,1248.9211559295654,False,375,375,,201
1775116979.446063,write,http://localhost:8080,k1,1255.9618949890137,False,380,380,,201
1775116979.446372,write,http://localhost:8082,k4,1247.189998626709,False,361,361,,201
1775116979.446673,write,http://localhost:8084,k3,1255.1538944244385,False,374,374,,201
1775116979.6184819,write,http://localhost:8080,k3,1230.5827140808105,False,376,376,,201
1775116979.619047,write,http://localhost:8080,k5,1236.8590831756592,False,358,358,,201
1775116979.619405,write,http://localhost:8080,k2,1232.2542667388916,False,368,368,,201
1775116979.626566,write,http://localhost:8080,k3,1222.0699787139893,False,377,377,,201
1775116979.632322,write,http://localhost:8081,k5,1248.4941482543945,False,358,358,,201
1775116979.6327198,write,http://localhost:8084,k5,1248.567819595337,False,356,356,,201
1775116979.633065,write,http://localhost:8083,k5,1245.5651760101318,False,355,355,,201
1775116979.633355,write,http://localhost:8083,k4,1249.955654144287,False,364,364,,201
1775116979.633615,write,http://localhost:8084,k5,1247.265100479126,False,357,357,,201
1775116979.752411,write,http://localhost:8082,k3,1250.4808902740479,False,377,377,,201
1775116979.800857,write,http://localhost:8081,k2,1226.025104522705,False,369,369,,201
1775116979.8115,write,http://localhost:8082,k2,1230.5879592895508,False,369,369,,201
1775116979.812861,write,http://localhost:8084,k4,1234.1649532318115,False,364,364,,201
1775116979.8132842,write,http://localhost:8081,k3,1231.9068908691406,False,378,378,,201
1775116979.8151,write,http://localhost:8084,k1,1218.3349132537842,False,384,384,,201
1775116979.918944,write,http://localhost:8083,k1,1236.877202987671,False,381,381,,201
1775116979.921602,write,http://localhost:8080,k4,1240.6678199768066,False,365,365,,201
1775116979.922063,write,http://localhost:8080,k2,1232.745885848999,False,370,370,,201
1775116979.934954,write,http://localhost:8084,k4,1252.3279190063477,False,365,365,,201
1775116979.935879,write,http://localhost:8084,k2,1252.7663707733154,False,368,368,,201
1775116980.03743,write,http://localhost:8082,k2,1245.19681930542,False,369,369,,201
1775116980.0429282,read,http://localhost:8083,k1,1.7919540405273438,False,386,384,123.98529052734375,200
1775116980.0542731,write,http://localhost:8084,k5,1270.9953784942627,False,358,358,,201
1775116980.054537,write,http://localhost:8084,k1,1253.5130977630615,False,385,385,,201
1775116980.054791,write,http://localhost:8083,k3,1270.9028720855713,False,377,377,,201
1775116980.0550148,write,http://localhost:8083,k3,1262.3817920684814,False,378,378,,201
1775116980.0552409,write,http://localhost:8081,k4,1268.6848640441895,False,366,366,,201
1775116980.055451,write,http://localhost:8080,k5,1265.8360004425049,False,356,356,,201
1775116980.05568,write,http://localhost:8080,k1,1252.551794052124,False,383,383,,201
1775116980.0558999,write,http://localhost:8080,k1,1261.098861694336,False,382,382,,201
1775116980.05613,write,http://localhost:8080,k5,1238.2991313934326,False,357,357,,201
1775116980.058254,read,http://localhost:8083,k1,4.526853561401367,False,386,385,2.3517608642578125,200
1775116980.3559418,write,http://localhost:8084,k2,1227.7710437774658,False,368,368,,201
1775116980.35646,write,http://localhost:8080,k4,1218.6479568481445,False,367,367,,201
1775116980.356885,write,http://localhost:8081,k1,1224.2801189422607,False,382,382,,201
1775116980.3572102,write,http://localhost:8083,k1,1255.1300525665283,False,380,380,,201
1775116980.357485,write,http://localhost:8083,k3,1251.8019676208496,False,378,378,,201
1775116980.357745,write,http://localhost:8082,k1,1224.5759963989258,False,382,382,,201
1775116980.357985,write,http://localhost:8080,k3,1239.4282817840576,False,379,379,,201
1775116980.35821,write,http://localhost:8084,k4,1251.6040802001953,False,364,364,,201
1775116980.358434,write,http://localhost:8081,k2,1224.3750095367432,False,369,369,,201
1775116980.413352,write,http://localhost:8080,k1,1232.3250770568848,False,386,386,,201
1775116980.626776,write,http://localhost:8083,k3,1210.9200954437256,False,379,379,,201
1775116980.627232,write,http://localhost:8083,k2,1220.2990055084229,False,370,370,,201
1775116980.6275399,write,http://localhost:8084,k1,1217.4949645996094,False,381,381,,201
1775116980.6701288,write,http://localhost:8081,k5,1221.3618755340576,False,359,359,,201
1775116980.670572,write,http://localhost:8081,k4,1220.202922821045,False,368,368,,201
1775116980.675859,write,http://localhost:8083,k1,1228.3461093902588,False,382,382,,201
1775116980.676194,write,http://localhost:8083,k1,1225.3618240356445,False,383,383,,201
1775116980.67697,write,http://localhost:8081,k4,1224.3261337280273,False,369,369,,201
1775116980.67733,write,http://localhost:8081,k5,1222.477912902832,False,360,360,,201
1775116980.697749,write,http://localhost:8084,k1,1245.80979347229,False,382,382,,201
1775116980.841032,write,http://localhost:8082,k5,1215.6269550323486,False,359,359,,201
1775116980.841708,write,http://localhost:8081,k4,1220.0536727905273,False,365,365,,201
1775116980.842088,write,http://localhost:8081,k1,1218.479871749878,False,383,383,,201
1775116980.8430011,write,http://localhost:8083,k1,1213.1118774414062,False,385,385,,201
1775116980.854413,read,http://localhost:8082,k1,3.567934036254883,False,387,386,11.406183242797852,200
1775116980.858974,write,http://localhost:8083,k5,1219.609022140503,False,358,358,,201
1775116980.859384,write,http://localhost:8084,k2,1221.1153507232666,False,370,370,,201
1775116980.859673,write,http://localhost:8082,k2,1222.3310470581055,False,370,370,,201
1775116980.859956,write,http://localhost:8080,k2,1222.0637798309326,False,371,371,,201
1775116980.860209,write,http://localhost:8084,k5,1220.099687576294,False,359,359,,201
1775116980.98381,write,http://localhost:8083,k4,1224.7612476348877,False,366,366,,201
1775116981.0345888,write,http://localhost:8081,k2,1222.8338718414307,False,372,372,,201
1775116981.035187,write,http://localhost:8084,k3,1221.275806427002,False,379,379,,201
1775116981.035684,write,http://localhost:8080,k5,1219.609022140503,False,360,360,,201
1775116981.036086,write,http://localhost:8080,k2,1220.6470966339111,False,371,371,,201
1775116981.043603,write,http://localhost:8083,k1,1220.3278541564941,False,386,386,,201
1775116981.143734,write,http://localhost:8082,k4,1211.993932723999,False,370,370,,201
1775116981.144195,write,http://localhost:8082,k5,1219.2678451538086,False,361,361,,201
1775116981.144463,write,http://localhost:8080,k2,1215.9841060638428,False,373,373,,201
1775116981.1513531,write,http://localhost:8081,k2,1214.749813079834,False,372,372,,201
1775116981.163399,write,http://localhost:8084,k1,1220.52001953125,False,383,383,,201
1775116981.308104,write,http://localhost:8081,k1,1241.1060333251953,False,386,386,,201
1775116981.3085089,write,http://localhost:8084,k2,1243.6981201171875,False,370,370,,201
1775116981.3087842,write,http://localhost:8082,k1,1244.859218597412,False,384,384,,201
1775116981.3090172,write,http://localhost:8080,k2,1246.4821338653564,False,373,373,,201
1775116981.309244,write,http://localhost:8082,k3,1243.669033050537,False,379,379,,201
1775116981.309512,write,http://localhost:8083,k5,1248.4607696533203,False,359,359,,201
1775116981.309731,write,http://localhost:8083,k2,1246.0720539093018,False,370,370,,201
1775116981.309962,write,http://localhost:8081,k5,1245.4028129577637,False,359,359,,201
1775116981.310184,write,http://localhost:8081,k4,1250.3077983856201,False,366,366,,201
1775116981.310507,write,http://localhost:8080,k3,1248.856782913208,False,380,380,,201
1775116981.318173,read,http://localhost:8084,k1,3.854990005493164,True,384,386,9.384870529174805,200
1775116981.3197281,read,http://localhost:8080,k3,3.5729408264160156,False,382,380,9.220123291015625,200
1775116981.327755,read,http://localhost:8082,k5,7.915019989013672,False,361,361,17.791032791137695,200
1775116981.590632,write,http://localhost:8081,k2,1228.7821769714355,False,374,374,,201
1775116981.5915651,write,http://localhost:8083,k1,1231.1782836914062,False,384,384,,201
1775116981.592891,write,http://localhost:8084,k3,1229.4719219207764,False,380,380,,201
1775116981.5934489,write,http://localhost:8084,k3,1233.811855316162,False,379,379,,201
1775116981.593861,write,http://localhost:8084,k4,1230.1039695739746,False,368,368,,201
1775116981.594208,write,http://localhost:8084,k5,1229.8202514648438,False,358,358,,201
1775116981.594574,write,http://localhost:8084,k5,1229.81595993042,False,359,359,,201
1775116981.594949,write,http://localhost:8080,k4,1232.4211597442627,False,367,367,,201
1775116981.5952609,write,http://localhost:8080,k1,1233.901023864746,False,387,387,,201
1775116981.607981,read,http://localhost:8081,k2,3.2281875610351562,True,373,374,17.349958419799805,200
1775116981.647594,write,http://localhost:8084,k2,1228.35373878479,False,370,370,,201
1775116981.65944,read,http://localhost:8080,k4,2.496957778930664,True,369,370,64.48793411254883,200
1775116981.85427,write,http://localhost:8082,k4,1223.9668369293213,False,367,367,,201
1775116981.854827,write,http://localhost:8081,k4,1225.14009475708,False,368,368,,201
1775116981.8552902,write,http://localhost:8084,k2,1222.0449447631836,False,371,371,,201
1775116981.897721,write,http://localhost:8080,k5,1216.634750366211,False,360,360,,201
1775116981.8982458,write,http://localhost:8084,k5,1223.6278057098389,False,359,359,,201
1775116981.8991091,write,http://localhost:8084,k5,1218.3277606964111,False,361,361,,201
1775116981.899455,write,http://localhost:8084,k5,1219.7980880737305,False,360,360,,201
1775116981.8998,write,http://localhost:8082,k3,1219.7039127349854,False,380,380,,201
1775116981.9018009,write,http://localhost:8081,k4,1216.0718441009521,False,369,369,,201
1775116981.90578,read,http://localhost:8084,k2,3.396749496459961,True,371,374,50.48799514770508,200
1775116981.906477,read,http://localhost:8084,k3,2.669811248779297,False,381,380,6.675958633422852,200
1775116981.921521,write,http://localhost:8084,k5,1219.0959453582764,False,362,362,,201
1775116982.063663,write,http://localhost:8084,k5,1215.919017791748,False,361,361,,201
1775116982.0712252,write,http://localhost:8083,k5,1219.8870182037354,False,360,360,,201
1775116982.071531,write,http://localhost:8082,k4,1219.7802066802979,False,368,368,,201
1775116982.082125,write,http://localhost:8083,k3,1224.5509624481201,False,380,380,,201
1775116982.092203,write,http://localhost:8084,k3,1225.390911102295,False,380,380,,201
1775116982.092329,write,http://localhost:8080,k2,1226.4139652252197,False,372,372,,201
1775116982.092578,write,http://localhost:8083,k3,1225.4579067230225,False,381,381,,201
1775116982.09268,write,http://localhost:8081,k2,1226.1919975280762,False,371,371,,201
1775116982.092774,write,http://localhost:8083,k5,1224.0228652954102,False,361,361,,201
1775116982.0993888,read,http://localhost:8083,k1,1.5568733215332031,False,387,387,504.12893295288086,200
1775116982.207768,write,http://localhost:8081,k3,1219.3610668182373,False,381,381,,201
1775116982.227796,read,http://localhost:8081,k5,12.593746185302734,False,363,362,135.02073287963867,200
1775116982.239742,read,http://localhost:8083,k2,0.885009765625,False,374,374,147.06182479858398,200
1775116982.264155,write,http://localhost:8084,k3,1222.884178161621,False,381,381,,201
1775116982.264308,write,http://localhost:8083,k3,1222.0840454101562,False,382,382,,201
1775116982.2644281,write,http://localhost:8081,k1,1217.7329063415527,False,385,385,,201
1775116982.264533,write,http://localhost:8082,k2,1221.8842506408691,False,371,371,,201
1775116982.2652822,write,http://localhost:8080,k1,1219.5699214935303,False,385,385,,201
1775116982.366094,write,http://localhost:8083,k2,1214.2601013183594,False,371,371,,201
1775116982.3663192,write,http://localhost:8082,k5,1220.9103107452393,False,361,361,,201
1775116982.36665,write,http://localhost:8083,k2,1213.644027709961,False,372,372,,201
1775116982.374614,write,http://localhost:8083,k2,1215.7080173492432,False,373,373,,201
1775116982.385847,write,http://localhost:8081,k5,1216.0377502441406,False,363,363,,201
1775116982.5299242,write,http://localhost:8083,k1,1219.2730903625488,False,388,388,,201
1775116982.530622,write,http://localhost:8082,k1,1213.46116065979,False,385,385,,201
1775116982.5311308,write,http://localhost:8083,k5,1216.1242961883545,False,362,362,,201
1775116982.5314791,write,http://localhost:8080,k2,1217.7298069000244,False,374,374,,201
1775116982.542611,read,http://localhost:8081,k5,6.804227828979492,False,363,363,11.47603988647461,200
1775116982.5463932,write,http://localhost:8083,k4,1222.3432064056396,False,368,368,,201
1775116982.546925,write,http://localhost:8083,k2,1228.2848358154297,False,374,374,,201
1775116982.547356,write,http://localhost:8082,k1,1228.430986404419,False,386,386,,201
1775116982.5483232,write,http://localhost:8080,k4,1223.970890045166,False,369,369,,201
1775116982.548596,write,http://localhost:8081,k4,1229.421854019165,False,369,369,,201
1775116982.549742,write,http://localhost:8084,k1,1217.9217338562012,False,385,385,,201
1775116982.824311,write,http://localhost:8084,k2,1226.1450290679932,False,375,375,,201
1775116982.825006,write,http://localhost:8082,k4,1223.1690883636475,False,370,370,,201
1775116982.825702,write,http://localhost:8080,k5,1221.4090824127197,False,363,363,,201
1775116982.826016,write,http://localhost:8080,k1,1229.7618389129639,False,386,386,,201
1775116982.8263092,write,http://localhost:8082,k2,1229.675054550171,False,372,372,,201
1775116982.826623,write,http://localhost:8081,k1,1231.0268878936768,False,386,386,,201
1775116982.8270562,write,http://localhost:8081,k5,1227.2930145263672,False,362,362,,201
1775116982.8274539,write,http://localhost:8083,k1,1224.8291969299316,False,389,389,,201
1775116982.834274,write,http://localhost:8081,k3,1223.2840061187744,False,383,383,,201
1775116982.886813,write,http://localhost:8081,k4,1217.3137664794922,False,370,370,,201
1775116983.09446,write,http://localhost:8083,k3,1238.5470867156982,False,382,382,,201
1775116983.095319,write,http://localhost:8082,k4,1232.3992252349854,False,370,370,,201
1775116983.095653,write,http://localhost:8080,k4,1231.2660217285156,False,371,371,,201
1775116983.129477,write,http://localhost:8082,k2,1216.8941497802734,False,374,374,,201
1775116983.1298518,write,http://localhost:8080,k3,1225.6760597229004,False,384,384,,201
1775116983.130102,write,http://localhost:8082,k4,1225.5749702453613,False,371,371,,201
1775116983.1303282,write,http://localhost:8081,k1,1222.005844116211,False,386,386,,201
1775116983.132535,write,http://localhost:8080,k1,1224.6899604797363,False,390,390,,201
1775116983.13809,write,http://localhost:8080,k2,1215.1072025299072,False,374,374,,201
1775116983.138518,write,http://localhost:8080,k2,1224.2350578308105,False,373,373,,201
1775116983.139262,read,http://localhost:8082,k3,3.934144973754883,True,383,384,9.407997131347656,200
1775116983.139549,read,http://localhost:8082,k1,3.3850669860839844,True,386,390,7.014274597167969,200
1775116983.145428,read,http://localhost:8083,k3,2.5098323822021484,False,385,384,15.571832656860352,200
1775116983.2949781,write,http://localhost:8083,k1,1215.583086013794,False,387,387,,201
1775116983.295573,write,http://localhost:8081,k2,1225.036859512329,False,375,375,,201
1775116983.296742,write,http://localhost:8080,k5,1223.1450080871582,False,363,363,,201
1775116983.3172832,write,http://localhost:8080,k4,1216.6469097137451,False,372,372,,201
1775116983.317815,write,http://localhost:8084,k4,1216.5648937225342,False,369,369,,201
1775116983.318229,write,http://localhost:8081,k3,1218.796968460083,False,385,385,,201
1775116983.31853,write,http://localhost:8081,k5,1226.743221282959,False,363,363,,201
1775116983.3190222,write,http://localhost:8081,k2,1216.9930934906006,False,377,377,,201
1775116983.3193212,write,http://localhost:8081,k2,1221.203088760376,False,376,376,,201
1775116983.458096,write,http://localhost:8081,k2,1216.0799503326416,False,378,378,,201
1775116983.488802,write,http://localhost:8084,k5,1219.0251350402832,False,364,364,,201
1775116983.489196,write,http://localhost:8083,k1,1220.000982284546,False,388,388,,201
1775116983.4894552,write,http://localhost:8084,k5,1216.3341045379639,False,365,365,,201
1775116983.489687,write,http://localhost:8081,k4,1224.2159843444824,False,373,373,,201
1775116983.4899771,write,http://localhost:8080,k4,1217.0021533966064,False,370,370,,201
1775116983.5977862,write,http://localhost:8083,k4,1229.6409606933594,False,371,371,,201
1775116983.598068,write,http://localhost:8083,k5,1212.6028537750244,False,363,363,,201
1775116983.6012852,write,http://localhost:8080,k2,1227.754831314087,False,380,380,,201
1775116983.601525,write,http://localhost:8080,k2,1233.116865158081,False,379,379,,201
1775116983.605213,write,http://localhost:8083,k1,1214.799165725708,False,386,386,,201
1775116983.765536,write,http://localhost:8084,k4,1218.0171012878418,False,370,370,,201
1775116983.765953,write,http://localhost:8081,k3,1217.2749042510986,False,383,383,,201
1775116983.7662468,write,http://localhost:8080,k3,1229.5207977294922,False,386,386,,201
1775116983.7664618,write,http://localhost:8080,k5,1230.1058769226074,False,364,364,,201
1775116983.7666728,write,http://localhost:8080,k3,1225.667953491211,False,387,387,,201
1775116983.766877,write,http://localhost:8080,k2,1215.0318622589111,False,381,381,,201
1775116983.767358,write,http://localhost:8081,k2,1214.9169445037842,False,381,381,,201
1775116983.7721338,write,http://localhost:8084,k1,1214.1237258911133,False,387,387,,201
1775116983.7725928,read,http://localhost:8080,k2,2.092123031616211,True,380,381,5.233287811279297,200
1775116983.774229,write,http://localhost:8082,k4,1218.357801437378,False,373,373,,201
1775116983.778462,write,http://localhost:8081,k2,1223.2539653778076,False,382,382,,201
1775116984.075795,write,http://localhost:8083,k5,1234.511137008667,False,364,364,,201
1775116984.076436,write,http://localhost:8081,k1,1241.6040897369385,False,389,389,,201
1775116984.076728,write,http://localhost:8084,k1,1247.9050159454346,False,390,390,,201
1775116984.0775151,write,http://localhost:8084,k2,1242.3911094665527,False,373,373,,201
1775116984.0779269,write,http://localhost:8081,k1,1250.2131462097168,False,387,387,,201
1775116984.078178,write,http://localhost:8082,k4,1248.2690811157227,False,370,370,,201
1775116984.078419,write,http://localhost:8081,k5,1244.018793106079,False,364,364,,201
1775116984.078857,write,http://localhost:8081,k1,1242.546796798706,False,390,390,,201
1775116984.0791318,write,http://localhost:8081,k1,1249.943733215332,False,388,388,,201
1775116984.11055,write,http://localhost:8084,k4,1219.4619178771973,False,371,371,,201
1775116984.315802,write,http://localhost:8080,k2,1216.9198989868164,False,374,374,,201
1775116984.315979,write,http://localhost:8081,k2,1215.9600257873535,False,382,382,,201
1775116984.316097,write,http://localhost:8083,k4,1216.3879871368408,False,371,371,,201
1775116984.375403,write,http://localhost:8084,k2,1235.7702255249023,False,377,377,,201
1775116984.376008,write,http://localhost:8083,k2,1237.3778820037842,False,380,380,,201
1775116984.376194,write,http://localhost:8083,k4,1230.2279472351074,False,370,370,,201
1775116984.385366,write,http://localhost:8080,k1,1245.0239658355713,False,391,391,,201
1775116984.385503,write,http://localhost:8080,k5,1243.1161403656006,False,365,365,,201
1775116984.385609,write,http://localhost:8081,k5,1234.0490818023682,False,365,365,,201
1775116984.3856971,write,http://localhost:8080,k1,1241.1549091339111,False,392,392,,201
1775116984.4019048,read,http://localhost:8080,k5,8.688926696777344,False,365,365,16.237974166870117,200
1775116984.520437,write,http://localhost:8080,k4,1219.6581363677979,False,371,371,,201
1775116984.5205948,write,http://localhost:8083,k5,1217.919111251831,False,365,365,,201
1775116984.521205,write,http://localhost:8083,k1,1217.6539897918701,False,391,391,,201
1775116984.569151,write,http://localhost:8080,k3,1244.6773052215576,False,384,384,,201
1775116984.569309,write,http://localhost:8080,k5,1246.8280792236328,False,366,366,,201
1775116984.569427,write,http://localhost:8080,k3,1241.0190105438232,False,385,385,,201
1775116984.574771,write,http://localhost:8081,k5,1246.7849254608154,False,365,365,,201
1775116984.574893,write,http://localhost:8083,k4,1254.6818256378174,False,374,374,,201
1775116984.574995,write,http://localhost:8081,k4,1248.9631175994873,False,372,372,,201
1775116984.579896,read,http://localhost:8084,k4,1.2731552124023438,True,372,374,4.900217056274414,200
1775116984.683712,write,http://localhost:8080,k1,1216.7689800262451,False,392,392,,201
1775116984.7074618,write,http://localhost:8081,k4,1215.472936630249,False,372,372,,201
1775116984.707639,write,http://localhost:8083,k5,1215.9349918365479,False,366,366,,201
1775116984.712439,write,http://localhost:8080,k1,1221.3733196258545,False,393,393,,201
1775116984.712574,write,http://localhost:8084,k3,1216.7890071868896,False,386,386,,201
1775116984.712693,write,http://localhost:8084,k5,1216.3639068603516,False,364,364,,201
1775116984.716753,read,http://localhost:8081,k2,0.8680820465087891,True,379,382,340.745210647583,200
1775116984.88146,write,http://localhost:8080,k1,1271.6290950775146,False,394,394,,201
1775116984.8816159,write,http://localhost:8081,k3,1279.0169715881348,False,386,386,,201
1775116984.8817449,write,http://localhost:8084,k4,1278.4340381622314,False,374,374,,201
1775116984.8819551,write,http://localhost:8083,k4,1280.3359031677246,False,371,371,,201
1775116984.882058,write,http://localhost:8083,k1,1266.8352127075195,False,388,388,,201
1775116984.885264,read,http://localhost:8084,k3,1.3608932495117188,True,384,387,3.6468505859375,200
1775116985.030262,write,http://localhost:8083,k2,1252.6991367340088,False,383,383,,201
1775116985.0306401,write,http://localhost:8083,k3,1251.3551712036133,False,385,385,,201
1775116985.0307899,write,http://localhost:8080,k3,1259.5899105072021,False,387,387,,201
1775116985.047233,write,http://localhost:8083,k3,1268.2459354400635,False,384,384,,201
1775116985.047425,write,http://localhost:8084,k2,1273.914098739624,False,383,383,,201
1775116985.0475562,write,http://localhost:8082,k2,1265.3210163116455,False,374,374,,201
1775116985.047671,write,http://localhost:8084,k4,1276.200294494629,False,375,375,,201
1775116985.0477939,write,http://localhost:8082,k1,1273.5083103179932,False,392,392,,201
1775116985.047905,write,http://localhost:8080,k5,1262.7427577972412,False,365,365,,201
1775116985.0480158,write,http://localhost:8081,k3,1280.2836894989014,False,387,387,,201
1775116985.381098,write,http://localhost:8084,k5,1301.6140460968018,False,365,365,,201
1775116985.381584,write,http://localhost:8081,k2,1294.1467761993408,False,378,378,,201
1775116985.381962,write,http://localhost:8080,k4,1292.6709651947021,False,376,376,,201
1775116985.382271,write,http://localhost:8080,k1,1297.0359325408936,False,395,395,,201
1775116985.382591,write,http://localhost:8083,k1,1296.2210178375244,False,392,392,,201
1775116985.3828192,write,http://localhost:8084,k3,1300.3652095794678,False,384,384,,201
1775116985.383028,write,http://localhost:8080,k1,1301.835060119629,False,393,393,,201
1775116985.383231,write,http://localhost:8081,k3,1303.1229972839355,False,387,387,,201
1775116985.383462,write,http://localhost:8080,k1,1298.7048625946045,False,394,394,,201
1775116985.391714,write,http://localhost:8080,k5,1269.7489261627197,False,366,366,,201
1775116985.392664,read,http://localhost:8080,k4,2.850055694580078,False,380,376,10.70094108581543,200
1775116985.646854,write,http://localhost:8082,k4,1328.9446830749512,False,372,372,,201
1775116985.677171,write,http://localhost:8084,k4,1284.879207611084,False,377,377,,201
1775116985.677858,write,http://localhost:8083,k4,1356.7249774932861,False,373,373,,201
1775116985.678429,write,http://localhost:8084,k4,1294.2399978637695,False,375,375,,201
1775116985.6789079,write,http://localhost:8080,k1,1361.4780902862549,False,393,393,,201
1775116985.679253,write,http://localhost:8084,k5,1294.2321300506592,False,366,366,,201
1775116985.679571,write,http://localhost:8084,k4,1288.4321212768555,False,376,376,,201
1775116985.684802,write,http://localhost:8082,k5,1275.723934173584,False,365,365,,201
1775116985.686271,write,http://localhost:8083,k3,1306.4279556274414,False,387,387,,201
1775116985.6868181,write,http://localhost:8083,k4,1292.712926864624,False,374,374,,201
1775116985.694304,read,http://localhost:8083,k1,3.773927688598633,False,395,395,15.393972396850586,200
1775116985.861548,write,http://localhost:8081,k1,1330.9240341186523,False,393,393,,201
1775116985.862082,write,http://localhost:8081,k1,1282.9890251159668,False,394,394,,201
1775116985.862432,write,http://localhost:8083,k5,1282.762050628662,False,365,365,,201
1775116985.862942,write,http://localhost:8082,k1,1284.5780849456787,False,395,395,,201
1775116985.8633401,write,http://localhost:8083,k3,1333.4269523620605,False,387,387,,201
1775116985.8637109,write,http://localhost:8081,k5,1285.1808071136475,False,366,366,,201
1775116985.864065,write,http://localhost:8084,k3,1337.2631072998047,False,385,385,,201
1775116985.864404,write,http://localhost:8084,k5,1282.318115234375,False,367,367,,201
1775116985.864676,write,http://localhost:8080,k2,1285.9430313110352,False,379,379,,201
1775116985.972082,write,http://localhost:8084,k1,1282.9067707061768,False,389,389,,201
1775116985.983788,write,http://localhost:8080,k5,1263.4990215301514,False,368,368,,201
1775116985.986409,write,http://localhost:8083,k1,1272.571086883545,False,393,393,,201
1775116985.987066,write,http://localhost:8080,k2,1273.690938949585,False,380,380,,201
1775116985.987942,write,http://localhost:8084,k2,1271.878957748413,False,381,381,,201
1775116985.989504,write,http://localhost:8082,k4,1267.859935760498,False,377,377,,201
1775116986.181369,write,http://localhost:8083,k2,1294.036865234375,False,379,379,,201
1775116986.181897,write,http://localhost:8082,k4,1293.7371730804443,False,379,379,,201
1775116986.182139,write,http://localhost:8081,k4,1294.311285018921,False,377,377,,201
1775116986.1823611,write,http://localhost:8081,k5,1294.0452098846436,False,369,369,,201
1775116986.1825888,write,http://localhost:8082,k4,1298.3248233795166,False,378,378,,201
1775116986.192341,read,http://localhost:8084,k3,4.715204238891602,True,385,387,328.26995849609375,200
1775116986.292889,write,http://localhost:8083,k5,1242.5518035888672,False,367,367,,201
1775116986.2936,write,http://localhost:8083,k1,1242.8908348083496,False,396,396,,201
1775116986.294086,write,http://localhost:8084,k5,1255.3679943084717,False,366,366,,201
1775116986.294389,write,http://localhost:8080,k1,1258.4137916564941,False,394,394,,201
1775116986.294718,write,http://localhost:8081,k2,1242.234230041504,False,382,382,,201
1775116986.294973,write,http://localhost:8081,k2,1239.1481399536133,False,384,384,,201
1775116986.2952151,write,http://localhost:8081,k2,1240.1981353759766,False,383,383,,201
1775116986.29546,write,http://localhost:8081,k2,1257.0490837097168,False,381,381,,201
1775116986.295829,write,http://localhost:8082,k3,1245.3031539916992,False,385,385,,201
1775116986.296111,write,http://localhost:8082,k1,1245.3229427337646,False,395,395,,201
1775116986.319139,read,http://localhost:8083,k5,11.909008026123047,False,370,369,25.049924850463867,200
1775116986.319493,read,http://localhost:8082,k4,12.740135192871094,False,381,379,136.9030475616455,200
1775116986.325006,read,http://localhost:8080,k3,1.7910003662109375,False,387,387,29.174089431762695,200
1775116986.611531,write,http://localhost:8080,k4,1222.2683429718018,False,380,380,,201
1775116986.618597,write,http://localhost:8082,k4,1229.0091514587402,False,378,378,,201
1775116986.6190689,write,http://localhost:8080,k3,1230.0801277160645,False,386,386,,201
1775116986.619432,write,http://localhost:8080,k2,1228.4321784973145,False,384,384,,201
1775116986.6209931,write,http://localhost:8083,k1,1222.5639820098877,False,395,395,,201
1775116986.6216152,write,http://localhost:8083,k2,1224.8077392578125,False,380,380,,201
1775116986.623522,write,http://localhost:8081,k1,1238.759994506836,False,394,394,,201
1775116986.623868,write,http://localhost:8084,k4,1235.487937927246,False,377,377,,201
1775116986.624146,write,http://localhost:8084,k5,1236.4082336425781,False,367,367,,201
1775116986.624397,write,http://localhost:8081,k5,1235.6667518615723,False,368,368,,201
1775116986.918216,write,http://localhost:8084,k4,1259.9422931671143,False,374,374,,201
1775116986.91902,write,http://localhost:8080,k1,1225.8880138397217,False,396,396,,201
1775116986.919383,write,http://localhost:8081,k2,1229.517936706543,False,385,385,,201
1775116986.92474,write,http://localhost:8080,k4,1234.5271110534668,False,378,378,,201
1775116986.9253492,write,http://localhost:8082,k4,1224.3201732635498,False,379,379,,201
1775116986.925592,write,http://localhost:8082,k3,1231.173038482666,False,386,386,,201
1775116986.934384,write,http://localhost:8084,k4,1251.5490055084229,False,375,375,,201
1775116986.934597,write,http://localhost:8084,k3,1243.8209056854248,False,388,388,,201
1775116986.9347851,write,http://localhost:8084,k4,1246.4470863342285,False,376,376,,201
1775116986.9349709,write,http://localhost:8081,k4,1251.3937950134277,False,381,381,,201
1775116988.0152562,write,http://localhost:8080,k5,2017.8959369659424,False,371,371,,201
1775116988.016145,write,http://localhost:8080,k1,2147.5110054016113,False,398,398,,201
1775116988.018432,write,http://localhost:8080,k3,2027.7462005615234,False,388,388,,201
1775116988.019009,write,http://localhost:8080,k1,2151.8020629882812,False,397,397,,201
1775116988.019936,write,http://localhost:8083,k5,2025.2361297607422,False,368,368,,201
1775116988.02426,write,http://localhost:8081,k2,2030.339002609253,False,381,381,,201
1775116988.0249221,write,http://localhost:8080,k5,2048.5570430755615,False,370,370,,201
1775116988.025067,write,http://localhost:8084,k3,2158.696174621582,False,389,389,,201
1775116988.025655,write,http://localhost:8080,k3,2153.6083221435547,False,387,387,,201
1775116988.026599,write,http://localhost:8084,k3,2158.560037612915,False,390,390,,201
1775116988.027244,write,http://localhost:8082,k1,2159.541130065918,False,395,395,,201
1775116988.027498,write,http://localhost:8082,k5,2162.7209186553955,False,369,369,,201
1775116988.0277178,write,http://localhost:8084,k5,2029.6027660369873,False,370,370,,201
1775116988.031002,write,http://localhost:8081,k1,2159.515142440796,False,396,396,,201
1775116988.036376,read,http://localhost:8084,k1,10.596036911010742,True,396,398,5.371809005737305,200
1775116988.061389,write,http://localhost:8081,k3,2191.0388469696045,False,387,387,,201
1775116988.333908,write,http://localhost:8084,k2,2032.7820777893066,False,383,383,,201
1775116988.334134,write,http://localhost:8084,k3,2145.0741291046143,False,386,386,,201
1775116988.334261,write,http://localhost:8084,k5,2034.7492694854736,False,368,368,,201
1775116988.338149,write,http://localhost:8082,k3,2150.1638889312744,False,387,387,,201
1775116988.3382668,write,http://localhost:8083,k5,2153.187036514282,False,369,369,,201
1775116988.338389,write,http://localhost:8083,k3,2131.1442852020264,False,387,387,,201
1775116988.338502,write,http://localhost:8083,k1,2040.9777164459229,False,395,395,,201
1775116988.338599,write,http://localhost:8081,k1,2152.775764465332,False,399,399,,201
1775116988.338697,write,http://localhost:8081,k1,2041.8431758880615,False,396,396,,201
1775116988.3388212,write,http://localhost:8083,k4,2036.0279083251953,False,379,379,,201
1775116988.33938,write,http://localhost:8080,k1,2039.4229888916016,False,400,400,,201
1775116988.339486,write,http://localhost:8080,k3,2013.611078262329,False,388,388,,201
1775116988.3467531,read,http://localhost:8082,k2,0.6480216979980469,False,385,385,12.843132019042969,200
1775116988.350681,write,http://localhost:8083,k3,2049.175024032593,False,388,388,,201
1775116988.537911,write,http://localhost:8081,k5,2199.106216430664,False,370,370,,201
1775116988.538526,write,http://localhost:8083,k5,2236.624002456665,False,370,370,,201
1775116988.545867,read,http://localhost:8083,k5,1.9910335540771484,False,371,371,7.341861724853516,200
1775116988.552799,read,http://localhost:8080,k4,2.0232200622558594,False,383,381,213.9749526977539,200
1775116988.642418,write,http://localhost:8081,k1,2014.5373344421387,False,401,401,,201
1775116988.643429,write,http://localhost:8082,k3,2017.1449184417725,False,391,391,,201
1775116988.644256,write,http://localhost:8084,k4,2010.4150772094727,False,379,379,,201
1775116988.6450188,write,http://localhost:8080,k1,2020.5230712890625,False,397,397,,201
1775116988.6453602,write,http://localhost:8080,k2,2017.9672241210938,False,384,384,,201
1775116988.645638,write,http://localhost:8080,k2,2016.8428421020508,False,385,385,,201
1775116988.675717,write,http://localhost:8081,k5,2059.814214706421,False,370,370,,201
1775116988.6763709,write,http://localhost:8081,k2,2045.5610752105713,False,382,382,,201
1775116988.6767921,write,http://localhost:8081,k4,2048.632860183716,False,376,376,,201
1775116988.677233,write,http://localhost:8081,k3,2048.79093170166,False,388,388,,201
1775116988.96426,write,http://localhost:8084,k4,2037.3609066009521,False,382,382,,201
1775116988.964988,write,http://localhost:8082,k3,2037.2920036315918,False,387,387,,201
1775116988.965396,write,http://localhost:8080,k1,2036.0469818115234,False,402,402,,201
1775116988.966218,write,http://localhost:8080,k1,2027.449131011963,False,403,403,,201
1775116988.966632,write,http://localhost:8084,k3,2038.008213043213,False,388,388,,201
1775116988.980376,write,http://localhost:8081,k3,2046.6549396514893,False,389,389,,201
1775116988.9808571,write,http://localhost:8081,k2,2058.804988861084,False,385,385,,201
1775116988.98116,write,http://localhost:8081,k4,2042.4158573150635,False,380,380,,201
1775116989.1492171,write,http://localhost:8082,k1,2208.6880207061768,False,396,396,,201
1775116989.2703629,write,http://localhost:8082,k4,1241.213083267212,False,377,377,,201
1775116989.270622,write,http://localhost:8081,k3,1249.9890327453613,False,392,392,,201
1775116989.270871,write,http://localhost:8082,k5,1232.630968093872,False,372,372,,201
1775116989.2710888,write,http://localhost:8082,k5,1251.0440349578857,False,371,371,,201
1775116989.280146,write,http://localhost:8083,k4,1255.8109760284424,False,377,377,,201
1775116989.280372,write,http://localhost:8081,k4,1244.7381019592285,False,380,380,,201
1775116989.280596,write,http://localhost:8084,k3,1251.7719268798828,False,389,389,,201
1775116989.28079,write,http://localhost:8081,k4,1252.8111934661865,False,381,381,,201
1775116989.280991,write,http://localhost:8084,k2,1245.8319664001465,False,382,382,,201
1775116989.281194,write,http://localhost:8080,k3,1249.7951984405518,False,390,390,,201
1775116989.2814121,write,http://localhost:8080,k1,1250.30517578125,False,397,397,,201
1775116989.281622,write,http://localhost:8083,k2,1244.2128658294678,False,382,382,,201
1775116989.281846,write,http://localhost:8084,k5,2337.2411727905273,False,369,369,,201
1775116989.2849832,write,http://localhost:8081,k1,1251.9171237945557,False,403,403,,201
1775116989.285192,write,http://localhost:8081,k3,1256.1850547790527,False,393,393,,201
1775116989.2903528,write,http://localhost:8084,k2,1218.0497646331787,False,383,383,,201
1775116989.594372,write,http://localhost:8081,k3,1249.6740818023682,False,391,391,,201
1775116989.594833,write,http://localhost:8081,k1,1232.5949668884277,False,398,398,,201
1775116989.5951831,write,http://localhost:8081,k4,1252.5889873504639,False,383,383,,201
1775116989.595558,write,http://localhost:8083,k5,1254.6350955963135,False,371,371,,201
1775116989.595896,write,http://localhost:8080,k1,1246.5217113494873,False,404,404,,201
1775116989.5962172,write,http://localhost:8081,k5,1247.6329803466797,False,372,372,,201
1775116989.596524,write,http://localhost:8081,k5,1256.77490234375,False,371,371,,201
1775116989.596823,write,http://localhost:8081,k1,1256.5109729766846,False,397,397,,201
1775116989.597148,write,http://localhost:8083,k2,1252.6583671569824,False,383,383,,201
1775116989.597409,write,http://localhost:8080,k3,1248.6557960510254,False,395,395,,201
1775116989.597648,write,http://localhost:8080,k3,1253.5011768341064,False,394,394,,201
1775116989.597866,write,http://localhost:8080,k5,1260.0510120391846,False,373,373,,201
1775116989.5990589,write,http://localhost:8082,k5,1254.7881603240967,False,373,373,,201
1775116989.7676501,write,http://localhost:8083,k2,1227.4398803710938,False,386,386,,201
1775116989.7940521,write,http://localhost:8084,k1,1236.18483543396,False,402,402,,201
1775116989.888892,write,http://localhost:8084,k3,1236.1490726470947,False,389,389,,201
1775116989.889566,write,http://localhost:8080,k5,1239.6447658538818,False,373,373,,201
1775116989.889902,write,http://localhost:8084,k5,1238.1649017333984,False,371,371,,201
1775116989.890316,write,http://localhost:8080,k4,1244.5480823516846,False,384,384,,201
1775116989.9082901,write,http://localhost:8083,k3,1257.6520442962646,False,390,390,,201
1775116989.908437,write,http://localhost:8083,k1,1225.1253128051758,False,397,397,,201
1775116989.908555,write,http://localhost:8082,k2,1223.646879196167,False,386,386,,201
1775116989.90866,write,http://localhost:8081,k1,1227.403163909912,False,405,405,,201
1775116989.908774,write,http://localhost:8080,k4,1225.9678840637207,False,385,385,,201
1775116989.908876,write,http://localhost:8081,k4,1253.0410289764404,False,378,378,,201
1775116989.9168608,read,http://localhost:8082,k3,5.529880523681641,True,391,395,8.57090950012207,200
1775116990.215358,write,http://localhost:8080,k1,1239.5048141479492,False,398,398,,201
1775116990.2162402,write,http://localhost:8082,k1,1245.5368041992188,False,399,399,,201
1775116990.216618,write,http://localhost:8083,k1,1228.323221206665,False,404,404,,201
1775116990.21689,write,http://localhost:8080,k1,1233.2899570465088,False,399,399,,201
1775116990.21714,write,http://localhost:8083,k2,1240.1559352874756,False,387,387,,201
1775116990.217364,write,http://localhost:8082,k5,1229.7327518463135,False,374,374,,201
1775116990.217587,write,http://localhost:8083,k5,1241.1179542541504,False,372,372,,201
1775116990.2178361,write,http://localhost:8084,k4,1251.0950565338135,False,381,381,,201
1775116990.224828,read,http://localhost:8080,k1,2.9261112213134766,False,405,405,7.935047149658203,200
1775116990.237507,read,http://localhost:8082,k3,2.7277469635009766,True,391,395,329.211950302124,200
1775116990.3809862,write,http://localhost:8081,k2,1229.264259338379,False,387,387,,201
1775116990.5265212,write,http://localhost:8082,k4,1249.1397857666016,False,386,386,,201
1775116990.527008,write,http://localhost:8084,k1,1237.8060817718506,False,405,405,,201
1775116990.527924,write,http://localhost:8082,k1,1240.1812076568604,False,403,403,,201
1775116990.528269,write,http://localhost:8080,k2,1251.93190574646,False,388,388,,201
1775116990.5286121,write,http://localhost:8080,k1,1238.8150691986084,False,406,406,,201
1775116990.5289202,write,http://localhost:8082,k3,1244.335651397705,False,395,395,,201
1775116990.52913,write,http://localhost:8080,k1,1243.7469959259033,False,405,405,,201
1775116990.529355,write,http://localhost:8081,k2,1247.0200061798096,False,388,388,,201
1775116990.5296881,write,http://localhost:8080,k4,1253.0708312988281,False,382,382,,201
1775116990.529931,write,http://localhost:8081,k3,1253.983974456787,False,391,391,,201
1775116990.530101,write,http://localhost:8083,k4,1234.403133392334,False,385,385,,201
1775116990.530742,write,http://localhost:8084,k5,1243.2470321655273,False,373,373,,201
1775116990.5309708,write,http://localhost:8084,k4,1245.0649738311768,False,378,378,,201
1775116990.531348,write,http://localhost:8083,k4,1246.985912322998,False,384,384,,201
1775116990.531494,write,http://localhost:8083,k2,1247.3809719085693,False,384,384,,201
1775116990.531868,write,http://localhost:8084,k1,1243.154764175415,False,404,404,,201
1775116990.8596532,write,http://localhost:8081,k2,1259.9310874938965,False,389,389,,201
1775116990.86079,write,http://localhost:8082,k2,1252.0122528076172,False,389,389,,201
1775116990.8609211,write,http://localhost:8082,k2,1261.728048324585,False,388,388,,201
1775116990.8610299,write,http://localhost:8082,k4,1253.377914428711,False,387,387,,201
1775116990.871477,write,http://localhost:8081,k1,1264.2278671264648,False,405,405,,201
1775116990.871613,write,http://localhost:8080,k5,1265.0511264801025,False,374,374,,201
1775116990.8717089,write,http://localhost:8080,k4,1267.836093902588,False,387,387,,201
1775116990.8718028,write,http://localhost:8081,k2,1270.292043685913,False,388,388,,201
1775116990.8718998,write,http://localhost:8080,k4,1269.4909572601318,False,386,386,,201
1775116990.871999,write,http://localhost:8081,k4,1274.0519046783447,False,383,383,,201
1775116990.872087,write,http://localhost:8083,k3,1269.2639827728271,False,396,396,,201
1775116990.872172,write,http://localhost:8081,k2,1267.8556442260742,False,390,390,,201
1775116990.87226,write,http://localhost:8081,k4,1266.5560245513916,False,384,384,,201
1775116991.027578,write,http://localhost:8083,k5,1253.6799907684326,False,375,375,,201
1775116991.027782,write,http://localhost:8084,k2,1227.5350093841553,False,387,387,,201
1775116991.162903,write,http://localhost:8080,k3,1271.19779586792,False,397,397,,201
1775116991.163053,write,http://localhost:8081,k2,1247.743844985962,False,385,385,,201
1775116991.16316,write,http://localhost:8082,k2,1237.2369766235352,False,389,389,,201
1775116991.164955,write,http://localhost:8082,k2,1254.5018196105957,False,388,388,,201
1775116991.172365,write,http://localhost:8083,k1,1255.7423114776611,False,400,400,,201
1775116991.1724741,write,http://localhost:8084,k3,1268.3279514312744,False,391,391,,201
1775116991.172565,write,http://localhost:8084,k1,1258.4409713745117,False,406,406,,201
1775116991.17269,write,http://localhost:8081,k1,1264.7569179534912,False,406,406,,201
1775116991.172788,write,http://localhost:8081,k1,1266.58296585083,False,405,405,,201
1775116991.1729221,write,http://localhost:8083,k1,1254.2409896850586,False,401,401,,201
1775116991.4607449,write,http://localhost:8080,k4,1241.1508560180664,False,388,388,,201
1775116991.4658508,write,http://localhost:8084,k1,1239.5691871643066,False,400,400,,201
1775116991.466042,write,http://localhost:8084,k4,1225.6810665130615,False,386,386,,201
1775116991.468844,write,http://localhost:8082,k4,1245.8760738372803,False,385,385,,201
1775116991.469019,write,http://localhost:8082,k2,1244.0299987792969,False,389,389,,201
1775116991.469194,write,http://localhost:8082,k4,1243.360996246338,False,386,386,,201
1775116991.474334,write,http://localhost:8083,k1,1250.5099773406982,False,404,404,,201
1775116991.477191,write,http://localhost:8080,k4,1250.216007232666,False,389,389,,201
1775116991.644133,write,http://localhost:8082,k1,1248.9049434661865,False,406,406,,201
1775116991.7653089,write,http://localhost:8081,k5,1231.421947479248,False,376,376,,201
1775116991.7659829,write,http://localhost:8083,k5,1232.8088283538818,False,375,375,,201
1775116991.7668018,write,http://localhost:8081,k2,1234.0474128723145,False,390,390,,201
1775116991.767342,write,http://localhost:8083,k3,1234.0760231018066,False,396,396,,201
1775116991.769973,write,http://localhost:8084,k2,1227.3237705230713,False,389,389,,201
1775116991.7701602,write,http://localhost:8082,k5,1228.2350063323975,False,377,377,,201
1775116991.770263,write,http://localhost:8083,k3,1228.503942489624,False,397,397,,201
1775116991.770448,write,http://localhost:8080,k3,1232.4249744415283,False,392,392,,201
1775116991.770538,write,http://localhost:8083,k5,1229.1738986968994,False,376,376,,201
1775116991.770653,write,http://localhost:8083,k1,1235.8989715576172,False,406,406,,201
1775116991.770786,write,http://localhost:8083,k1,1229.2728424072266,False,408,408,,201
1775116991.770881,write,http://localhost:8083,k5,1233.198881149292,False,377,377,,201
1775116991.771181,write,http://localhost:8083,k1,1236.5820407867432,False,407,407,,201
1775116991.7715452,write,http://localhost:8083,k2,1230.687141418457,False,390,390,,201
1775116991.771807,write,http://localhost:8082,k5,1230.186939239502,False,376,376,,201
1775116991.7858088,write,http://localhost:8080,k5,1252.2461414337158,False,376,376,,201
1775116991.786857,read,http://localhost:8084,k5,13.6260986328125,False,377,377,1.0488033294677734,200
1775116991.78704,read,http://localhost:8080,k1,15.03610610961914,True,405,408,15.859127044677734,200
1775116991.7953541,read,http://localhost:8081,k5,1.5349388122558594,False,378,377,9.544849395751953,200
1775116991.7996202,read,http://localhost:8082,k1,1.7571449279785156,True,407,408,28.438091278076172,200
1775116991.80851,read,http://localhost:8084,k1,1.461029052734375,True,407,408,37.32800483703613,200
1775116992.098586,write,http://localhost:8084,k2,1227.6551723480225,False,391,391,,201
1775116992.098855,write,http://localhost:8083,k3,1234.4777584075928,False,398,398,,201
1775116992.099013,write,http://localhost:8084,k1,1233.8449954986572,False,406,406,,201
1775116992.099222,write,http://localhost:8083,k4,1224.6580123901367,False,388,388,,201
1775116992.099461,write,http://localhost:8084,k5,1224.196195602417,False,376,376,,201
1775116992.09962,write,http://localhost:8080,k3,1225.430965423584,False,398,398,,201
1775116992.099798,write,http://localhost:8082,k2,1223.9820957183838,False,388,388,,201
1775116992.099945,write,http://localhost:8081,k3,1219.904899597168,False,394,394,,201
1775116992.100074,write,http://localhost:8081,k4,1224.1291999816895,False,386,386,,201
1775116992.100501,write,http://localhost:8081,k3,1232.4180603027344,False,393,393,,201
1775116992.100634,write,http://localhost:8081,k4,1222.0189571380615,False,387,387,,201
1775116992.106399,write,http://localhost:8084,k1,1227.3809909820557,False,407,407,,201
1775116992.106576,write,http://localhost:8083,k5,1227.3778915405273,False,378,378,,201
1775116992.2621849,write,http://localhost:8081,k3,1224.4200706481934,False,399,399,,201
1775116992.268695,write,http://localhost:8083,k5,1239.0217781066895,False,379,379,,201
1775116992.410923,write,http://localhost:8082,k2,1231.867790222168,False,391,391,,201
1775116992.411225,write,http://localhost:8084,k4,1232.3222160339355,False,388,388,,201
1775116992.411432,write,http://localhost:8082,k3,1243.804931640625,False,393,393,,201
1775116992.411615,write,http://localhost:8080,k3,1241.696834564209,False,400,400,,201
1775116992.4117792,write,http://localhost:8082,k4,1245.1591491699219,False,387,387,,201
1775116992.411953,write,http://localhost:8081,k1,1244.9779510498047,False,408,408,,201
1775116992.4121192,write,http://localhost:8084,k1,1233.6089611053467,False,402,402,,201
1775116992.41229,write,http://localhost:8084,k5,1231.462001800537,False,377,377,,201
1775116992.412432,write,http://localhost:8083,k3,1230.4129600524902,False,392,392,,201
1775116992.4125671,write,http://localhost:8083,k2,1231.6031455993652,False,390,390,,201
1775116992.718167,write,http://localhost:8084,k2,1250.9140968322754,False,390,390,,201
1775116992.718334,write,http://localhost:8080,k3,1235.8520030975342,False,393,393,,201
1775116992.718445,write,http://localhost:8084,k5,1245.957851409912,False,378,378,,201
1775116992.718533,write,http://localhost:8080,k1,1241.3060665130615,False,403,403,,201
1775116992.7186172,write,http://localhost:8081,k5,1239.069938659668,False,380,380,,201
1775116992.720086,write,http://localhost:8082,k2,1244.0299987792969,False,391,391,,201
1775116992.720213,write,http://localhost:8082,k3,1252.6309490203857,False,400,400,,201
1775116992.720293,write,http://localhost:8082,k4,1246.3228702545166,False,388,388,,201
1775116992.723504,read,http://localhost:8082,k4,0.6699562072753906,False,389,389,3.2100677490234375,200
1775116992.8883588,write,http://localhost:8084,k5,1235.3122234344482,False,377,377,,201
1775116993.017482,write,http://localhost:8080,k1,1237.8191947937012,False,404,404,,201
1775116993.017666,write,http://localhost:8083,k5,1240.6699657440186,False,377,377,,201
1775116993.017791,write,http://localhost:8080,k1,1244.7831630706787,False,405,405,,201
1775116993.017889,write,http://localhost:8081,k4,1224.2319583892822,False,391,391,,201
1775116993.018006,write,http://localhost:8081,k3,1240.0901317596436,False,393,393,,201
1775116993.019265,write,http://localhost:8081,k4,1245.7749843597412,False,389,389,,201
1775116993.0195782,write,http://localhost:8081,k4,1241.8591976165771,False,390,390,,201
1775116993.019825,write,http://localhost:8081,k5,1248.5942840576172,False,378,378,,201
1775116993.02008,write,http://localhost:8081,k3,1227.031946182251,False,394,394,,201
1775116993.022537,write,http://localhost:8084,k3,1250.9400844573975,False,395,395,,201
1775116993.0229068,write,http://localhost:8084,k3,1244.8608875274658,False,393,393,,201
1775116993.023227,write,http://localhost:8084,k3,1248.7070560455322,False,394,394,,201
1775116993.023656,write,http://localhost:8082,k5,1244.1987991333008,False,380,380,,201
1775116993.023915,write,http://localhost:8084,k1,1251.7750263214111,False,407,407,,201
1775116993.025169,write,http://localhost:8082,k5,1249.4111061096191,False,380,380,,201
1775116993.0330932,read,http://localhost:8082,k2,5.222082138061523,False,393,391,313.0059242248535,200
1775116993.123203,write,http://localhost:8082,k2,1302.2739887237549,False,392,392,,201
1775116993.3304162,write,http://localhost:8083,k3,1226.7789840698242,False,394,394,,201
1775116993.3310971,write,http://localhost:8083,k1,1228.5816669464111,False,408,408,,201
1775116993.331723,write,http://localhost:8080,k5,1223.59299659729,False,381,381,,201
1775116993.332017,write,http://localhost:8083,k1,1223.5162258148193,False,409,409,,201
1775116993.3326101,write,http://localhost:8082,k2,1225.0268459320068,False,392,392,,201
1775116993.337923,write,http://localhost:8084,k1,1221.9030857086182,False,408,408,,201
1775116993.3382452,write,http://localhost:8084,k5,1230.5140495300293,False,380,380,,201
1775116993.338948,write,http://localhost:8082,k2,1236.745834350586,False,391,391,,201
1775116993.342783,write,http://localhost:8081,k1,1226.9418239593506,False,407,407,,201
1775116993.343159,write,http://localhost:8084,k2,1234.3800067901611,False,389,389,,201
1775116993.343631,write,http://localhost:8081,k1,1237.9248142242432,False,406,406,,201
1775116993.3439229,write,http://localhost:8081,k3,1236.7660999298096,False,401,401,,201
1775116993.344269,write,http://localhost:8081,k4,1236.877679824829,False,389,389,,201
1775116993.3484192,read,http://localhost:8082,k3,7.835865020751953,True,394,401,4.492044448852539,200
1775116993.5148969,write,http://localhost:8082,k2,1249.661922454834,False,391,391,,201
1775116993.515624,write,http://localhost:8083,k4,1242.3698902130127,False,389,389,,201
1775116993.523846,read,http://localhost:8084,k2,3.2329559326171875,False,392,392,8.94784927368164,200
1775116993.6427252,write,http://localhost:8082,k5,1228.3308506011963,False,378,378,,201
1775116993.644402,write,http://localhost:8081,k5,1230.5290699005127,False,382,382,,201
1775116993.644756,write,http://localhost:8081,k5,1230.1709651947021,False,383,383,,201
1775116993.6450508,write,http://localhost:8083,k2,1223.2301235198975,False,392,392,,201
1775116993.732394,write,http://localhost:8083,k2,1310.4183673858643,False,393,393,,201
1775116993.732691,write,http://localhost:8081,k2,1313.2948875427246,False,393,393,,201
1775116993.732926,write,http://localhost:8081,k1,1312.8750324249268,False,408,408,,201
1775116993.7331672,write,http://localhost:8084,k3,1314.8069381713867,False,393,393,,201
1775116993.733372,write,http://localhost:8082,k5,1311.7029666900635,False,379,379,,201
1775116993.7335622,write,http://localhost:8082,k3,1311.4633560180664,False,394,394,,201
1775116993.9510028,write,http://localhost:8081,k5,1222.36967086792,False,381,381,,201
1775116993.951644,write,http://localhost:8082,k2,1222.3479747772217,False,392,392,,201
1775116993.952024,write,http://localhost:8082,k4,1223.6418724060059,False,390,390,,201
1775116993.952343,write,http://localhost:8080,k1,1228.586196899414,False,409,409,,201
1775116993.952634,write,http://localhost:8083,k3,1232.1231365203857,False,394,394,,201
1775116993.952908,write,http://localhost:8083,k1,1224.4062423706055,False,405,405,,201
1775116993.953216,write,http://localhost:8083,k4,1227.1296977996826,False,390,390,,201
1775116993.9534972,write,http://localhost:8084,k2,1227.586030960083,False,392,392,,201
1775116994.1385448,write,http://localhost:8082,k4,1239.7658824920654,False,391,391,,201
1775116994.25566,write,http://localhost:8084,k4,1223.6428260803223,False,390,390,,201
1775116994.258359,write,http://localhost:8084,k3,1230.961799621582,False,396,396,,201
1775116994.2681699,write,http://localhost:8084,k5,1241.6038513183594,False,381,381,,201
1775116994.277322,write,http://localhost:8081,k1,1249.5930194854736,False,410,410,,201
1775116994.277834,write,http://localhost:8081,k4,1253.3071041107178,False,390,390,,201
1775116994.277947,write,http://localhost:8082,k2,1249.9570846557617,False,394,394,,201
1775116994.278055,write,http://localhost:8082,k1,1239.5031452178955,False,409,409,,201
1775116994.278155,write,http://localhost:8082,k5,1249.574899673462,False,383,383,,201
1775116994.278264,write,http://localhost:8081,k3,1257.6780319213867,False,395,395,,201
1775116994.278362,write,http://localhost:8084,k3,1250.0200271606445,False,395,395,,201
1775116994.2784698,write,http://localhost:8081,k3,1254.4729709625244,False,396,396,,201
1775116994.2790148,write,http://localhost:8083,k4,1250.539779663086,False,390,390,,201
1775116994.279149,write,http://localhost:8083,k2,1248.6519813537598,False,392,392,,201
1775116994.282824,write,http://localhost:8080,k2,1252.4917125701904,False,393,393,,201
1775116994.282957,write,http://localhost:8080,k4,1254.0638446807861,False,392,392,,201
1775116994.358279,write,http://localhost:8083,k5,1228.7120819091797,False,379,379,,201
1775116994.5598452,write,http://localhost:8084,k1,1223.8881587982178,False,408,408,,201
1775116994.582006,write,http://localhost:8082,k3,1247.5051879882812,False,394,394,,201
1775116994.5870929,write,http://localhost:8081,k3,1240.1278018951416,False,396,396,,201
1775116994.587849,write,http://localhost:8080,k1,1236.9849681854248,False,411,411,,201
1775116994.588128,write,http://localhost:8080,k1,1246.5879917144775,False,410,410,,201
1775116994.588356,write,http://localhost:8080,k4,1240.9820556640625,False,391,391,,201
1775116994.588583,write,http://localhost:8081,k1,1242.8019046783447,False,406,406,,201
1775116994.5888,write,http://localhost:8081,k3,1242.755651473999,False,395,395,,201
1775116994.59233,write,http://localhost:8083,k2,1239.2268180847168,False,394,394,,201
1775116994.593162,write,http://localhost:8083,k5,1247.9708194732666,False,380,380,,201
1775116994.5933812,write,http://localhost:8083,k1,1244.0650463104248,False,410,410,,201
1775116994.594356,write,http://localhost:8083,k1,1254.486083984375,False,409,409,,201
1775116994.594573,write,http://localhost:8080,k2,1244.1198825836182,False,395,395,,201
1775116994.594798,read,http://localhost:8081,k5,7.609844207763672,False,385,383,1.6360282897949219,200
1775116994.763118,write,http://localhost:8084,k5,1243.312120437622,False,384,384,,201
1775116994.763639,write,http://localhost:8082,k2,1230.2589416503906,False,394,394,,201
1775116994.778653,read,http://localhost:8081,k1,3.5119056701660156,False,412,411,184.2951774597168,200
1775116994.897611,write,http://localhost:8080,k1,1245.2518939971924,False,411,411,,201
1775116994.897928,write,http://localhost:8083,k3,1248.0881214141846,False,394,394,,201
1775116994.898263,write,http://localhost:8083,k5,1249.032735824585,False,382,382,,201
1775116994.898655,write,http://localhost:8081,k3,1246.8440532684326,False,397,397,,201
1775116994.965508,write,http://localhost:8080,k2,1227.7140617370605,False,395,395,,201
1775116994.965835,write,http://localhost:8080,k2,1222.2959995269775,False,396,396,,201
1775116994.9731379,write,http://localhost:8081,k5,1235.8691692352295,False,380,380,,201
1775116994.9733918,write,http://localhost:8081,k5,1233.6070537567139,False,381,381,,201
1775116994.9739609,write,http://localhost:8083,k4,1230.0679683685303,False,393,393,,201
1775116994.9750102,write,http://localhost:8082,k3,1238.553762435913,False,396,396,,201
1775116994.98627,read,http://localhost:8083,k4,5.422830581665039,True,392,393,12.306928634643555,200
1775116995.186521,write,http://localhost:8084,k2,1225.8708477020264,False,393,393,,201
1775116995.187095,write,http://localhost:8084,k4,1226.9630432128906,False,392,392,,201
1775116995.194518,write,http://localhost:8082,k5,1237.090826034546,False,380,380,,201
1775116995.1979399,write,http://localhost:8081,k2,1241.2641048431396,False,395,395,,201
1775116995.208252,write,http://localhost:8083,k5,1250.486135482788,False,384,384,,201
1775116995.2088609,write,http://localhost:8083,k5,1253.744125366211,False,385,385,,201
1775116995.2093172,write,http://localhost:8083,k5,1247.952938079834,False,386,386,,201
1775116995.209883,write,http://localhost:8081,k1,1252.8502941131592,False,412,412,,201
1775116995.380809,write,http://localhost:8081,k4,1232.0258617401123,False,392,392,,201
1775116995.4974139,write,http://localhost:8084,k4,1229.0828227996826,False,391,391,,201
1775116995.501409,write,http://localhost:8084,k5,1229.9692630767822,False,380,380,,201
1775116995.528497,write,http://localhost:8080,k1,1244.690179824829,False,413,413,,201
1775116995.528852,write,http://localhost:8080,k2,1245.2919483184814,False,394,394,,201
1775116995.5291462,write,http://localhost:8084,k4,1242.6769733428955,False,392,392,,201
1775116995.529373,write,http://localhost:8082,k4,1243.9827919006348,False,392,392,,201
1775116995.5295842,write,http://localhost:8080,k3,1245.298147201538,False,397,397,,201
1775116995.52981,write,http://localhost:8082,k1,1248.427152633667,False,411,411,,201
1775116995.530057,write,http://localhost:8084,k5,1252.640962600708,False,381,381,,201
1775116995.530275,write,http://localhost:8084,k2,1248.2781410217285,False,395,395,,201
1775116995.530537,write,http://localhost:8083,k1,1240.473747253418,False,412,412,,201
1775116995.531143,write,http://localhost:8083,k5,1240.725040435791,False,382,382,,201
1775116995.531755,write,http://localhost:8083,k2,1249.5408058166504,False,395,395,,201
1775116995.532187,write,http://localhost:8082,k4,1242.372989654541,False,393,393,,201
1775116995.532438,write,http://localhost:8081,k2,1243.3600425720215,False,396,396,,201
1775116995.539246,read,http://localhost:8082,k4,6.166934967041016,False,397,393,7.057905197143555,200
1775116995.539593,read,http://localhost:8081,k1,5.553245544433594,False,414,413,9.054899215698242,200
1775116995.545192,read,http://localhost:8084,k1,4.734992980957031,True,412,413,14.652252197265625,200
1775116995.58712,write,http://localhost:8082,k3,1227.1668910980225,False,398,398,,201
1775116995.805801,write,http://localhost:8080,k4,1235.4459762573242,False,394,394,,201
1775116995.834753,write,http://localhost:8080,k1,1239.5730018615723,False,413,413,,201
1775116995.835365,write,http://localhost:8084,k1,1232.3241233825684,False,411,411,,201
1775116995.835683,write,http://localhost:8082,k4,1232.208013534546,False,394,394,,201
1775116995.83602,write,http://localhost:8080,k3,1242.319107055664,False,399,399,,201
1775116995.8364632,write,http://localhost:8083,k5,1233.6571216583252,False,386,386,,201
1775116995.83678,write,http://localhost:8082,k1,1233.525037765503,False,414,414,,201
1775116995.8370292,write,http://localhost:8081,k1,1243.5901165008545,False,414,414,,201
1775116995.837261,write,http://localhost:8083,k5,1241.4917945861816,False,385,385,,201
1775116995.8374798,write,http://localhost:8082,k1,1244.7738647460938,False,413,413,,201
1775116995.837697,write,http://localhost:8081,k5,1243.764877319336,False,386,386,,201
1775116995.8379068,write,http://localhost:8082,k4,1245.521068572998,False,393,393,,201
1775116995.8380952,write,http://localhost:8081,k1,1236.738920211792,False,415,415,,201
1775116995.8458612,read,http://localhost:8082,k4,2.4709701538085938,True,393,394,7.952213287353516,200
1775116996.009883,write,http://localhost:8082,k4,1235.356092453003,False,393,393,,201
1775116996.010887,write,http://localhost:8081,k4,1223.7648963928223,False,394,394,,201
1775116996.157665,write,http://localhost:8082,k1,1255.5961608886719,False,414,414,,201
1775116996.158203,write,http://localhost:8082,k4,1255.1441192626953,False,395,395,,201
1775116996.158446,write,http://localhost:8082,k4,1255.7792663574219,False,394,394,,201
1775116996.158636,write,http://localhost:8084,k3,1257.8339576721191,False,397,397,,201
1775116996.203373,write,http://localhost:8083,k4,1228.9249897003174,False,393,393,,201
1775116996.212149,write,http://localhost:8081,k5,1230.787754058838,False,383,383,,201
1775116996.2122939,write,http://localhost:8080,k5,1224.62797164917,False,387,387,,201
1775116996.212401,write,http://localhost:8081,k4,1227.4999618530273,False,396,396,,201
1775116996.2124999,write,http://localhost:8082,k5,1231.3570976257324,False,386,386,,201
1775116996.212595,write,http://localhost:8081,k4,1240.178108215332,False,395,395,,201
1775116996.418636,write,http://localhost:8084,k2,1230.2639484405518,False,396,396,,201
1775116996.419607,write,http://localhost:8082,k2,1229.074239730835,False,396,396,,201
1775116996.467227,write,http://localhost:8080,k2,1263.1418704986572,False,397,397,,201
1775116996.467527,write,http://localhost:8081,k5,1249.9630451202393,False,389,389,,201
1775116996.4677088,write,http://localhost:8081,k5,1256.8917274475098,False,388,388,,201
1775116996.467852,write,http://localhost:8080,k4,1254.9312114715576,False,397,397,,201
1775116996.467958,write,http://localhost:8084,k4,1261.418104171753,False,393,393,,201
1775116996.46805,write,http://localhost:8083,k4,1252.0921230316162,False,394,394,,201
1775116996.4770198,read,http://localhost:8080,k1,1.8570423126220703,True,413,415,319.3850517272949,200
1775116996.6206431,write,http://localhost:8081,k3,1230.9799194335938,False,398,398,,201
1775116996.7714539,write,http://localhost:8082,k3,1222.052812576294,False,400,400,,201
1775116996.771871,write,http://localhost:8081,k4,1229.2420864105225,False,395,395,,201
1775116996.772267,write,http://localhost:8083,k5,1233.7758541107178,False,387,387,,201
1775116996.772606,write,http://localhost:8083,k5,1229.7279834747314,False,388,388,,201
1775116996.772932,write,http://localhost:8083,k2,1230.8580875396729,False,397,397,,201
1775116996.773219,write,http://localhost:8083,k2,1236.3429069519043,False,396,396,,201
1775116996.77357,write,http://localhost:8081,k4,1236.994743347168,False,394,394,,201
1775116996.7738292,write,http://localhost:8084,k1,1268.1469917297363,False,412,412,,201
1775116996.774059,write,http://localhost:8081,k5,1241.5130138397217,False,387,387,,201
1775116996.774278,write,http://localhost:8084,k5,1236.147165298462,False,383,383,,201
1775116996.774486,write,http://localhost:8083,k5,1230.1759719848633,False,389,389,,201
1775116996.774698,write,http://localhost:8082,k4,1269.9120044708252,False,397,397,,201
1775116996.7748961,write,http://localhost:8082,k1,1238.7840747833252,False,412,412,,201
1775116996.775806,write,http://localhost:8080,k2,1242.1348094940186,False,397,397,,201
1775116996.776006,write,http://localhost:8080,k1,1241.5647506713867,False,415,415,,201
1775116996.782996,read,http://localhost:8081,k5,2.1839141845703125,False,390,389,8.510112762451172,200
1775116996.825377,write,http://localhost:8081,k2,1226.7749309539795,False,397,397,,201
1775116997.041877,write,http://localhost:8083,k2,1233.057975769043,False,398,398,,201
1775116997.219981,write,http://localhost:8081,k1,1374.59397315979,False,416,416,,201
1775116997.220284,write,http://localhost:8081,k2,1373.054027557373,False,398,398,,201
1775116997.243238,write,http://localhost:8084,k5,1402.5747776031494,False,387,387,,201
1775116997.243617,write,http://localhost:8082,k3,1403.7878513336182,False,399,399,,201
1775116997.243998,write,http://localhost:8082,k5,1404.4361114501953,False,389,389,,201
1775116997.244297,write,http://localhost:8084,k3,1405.116081237793,False,400,400,,201
1775116997.244628,write,http://localhost:8084,k2,1400.8681774139404,False,397,397,,201
1775116997.244904,write,http://localhost:8084,k3,1403.6190509796143,False,401,401,,201
1775116997.245169,write,http://localhost:8082,k2,1400.7439613342285,False,398,398,,201
1775116997.2468429,write,http://localhost:8081,k3,1406.4183235168457,False,400,400,,201
1775116997.248364,write,http://localhost:8081,k3,1410.0289344787598,False,399,399,,201
1775116997.248636,write,http://localhost:8080,k3,1398.1411457061768,False,401,401,,201
1775116997.25327,read,http://localhost:8080,k3,4.22215461730957,False,402,401,4.6329498291015625,200
1775116997.256364,read,http://localhost:8084,k4,4.565954208374023,False,398,397,481.66513442993164,200
1775116997.3482208,write,http://localhost:8080,k1,1331.1259746551514,False,417,417,,201
1775116997.348585,write,http://localhost:8081,k4,1329.7011852264404,False,398,398,,201
1775116997.5253792,write,http://localhost:8083,k5,1363.9769554138184,False,389,389,,201
1775116997.547682,write,http://localhost:8084,k3,1325.8728981018066,False,402,402,,201
1775116997.5482209,write,http://localhost:8081,k5,1386.5840435028076,False,390,390,,201
1775116997.548481,write,http://localhost:8081,k1,1327.528953552246,False,418,418,,201
1775116997.548994,write,http://localhost:8082,k1,1338.414192199707,False,416,416,,201
1775116997.549259,write,http://localhost:8080,k4,1384.1421604156494,False,399,399,,201
1775116997.549483,write,http://localhost:8080,k5,1388.8421058654785,False,390,390,,201
1775116997.5497,write,http://localhost:8083,k5,1328.404188156128,False,390,390,,201
1775116997.549883,write,http://localhost:8083,k1,1329.1668891906738,False,413,413,,201
1775116997.5500648,write,http://localhost:8083,k1,1333.8088989257812,False,412,412,,201
1775116997.653749,write,http://localhost:8084,k2,1233.915090560913,False,398,398,,201
1775116997.6540868,write,http://localhost:8084,k5,1230.978012084961,False,389,389,,201
1775116997.853388,write,http://localhost:8083,k1,1384.1137886047363,False,413,413,,201
1775116997.853804,write,http://localhost:8083,k5,1378.2069683074951,False,388,388,,201
1775116997.854167,write,http://localhost:8083,k4,1377.0771026611328,False,398,398,,201
1775116997.854435,write,http://localhost:8082,k3,1383.415937423706,False,401,401,,201
1775116997.8547132,write,http://localhost:8081,k5,1375.608205795288,False,392,392,,201
1775116997.854988,write,http://localhost:8081,k5,1381.3817501068115,False,391,391,,201
1775116997.866668,read,http://localhost:8080,k3,8.130073547363281,False,404,402,12.22991943359375,200
1775116997.870991,read,http://localhost:8082,k3,9.389162063598633,False,403,402,16.555070877075195,200
1775116997.8715122,read,http://localhost:8081,k4,9.18722152709961,False,402,399,17.343997955322266,200
1775116997.958254,write,http://localhost:8082,k4,1333.791971206665,False,400,400,,201
1775116998.1472142,write,http://localhost:8083,k3,1360.771894454956,False,401,401,,201
1775116998.155117,write,http://localhost:8084,k2,1374.108076095581,False,398,398,,201
1775116998.1552582,write,http://localhost:8084,k4,1374.8831748962402,False,396,396,,201
1775116998.155363,write,http://localhost:8084,k5,1377.8717517852783,False,388,388,,201
1775116998.155662,write,http://localhost:8080,k5,1380.3074359893799,False,393,393,,201
1775116998.15579,write,http://localhost:8080,k4,1375.6608963012695,False,401,401,,201
1775116998.1558988,write,http://localhost:8080,k5,1375.2059936523438,False,394,394,,201
1775116998.155992,write,http://localhost:8080,k4,1374.6740818023682,False,402,402,,201
1775116998.1568608,write,http://localhost:8081,k3,1380.0690174102783,False,403,403,,201
1775116998.1569788,write,http://localhost:8081,k2,1375.474214553833,False,399,399,,201
1775116998.157283,write,http://localhost:8082,k1,1373.9259243011475,False,420,420,,201
1775116998.1574469,write,http://localhost:8082,k4,1379.5080184936523,False,401,401,,201
1775116998.157562,write,http://localhost:8083,k2,1382.591962814331,False,399,399,,201
1775116998.157675,write,http://localhost:8082,k1,1381.612777709961,False,419,419,,201
1775116998.157771,write,http://localhost:8083,k1,1372.8117942810059,False,418,418,,201
1775116998.158201,write,http://localhost:8084,k1,1329.698085784912,False,413,413,,201
1775116998.18047,read,http://localhost:8084,k3,20.912885665893555,True,402,403,23.60820770263672,200
1775116998.182741,read,http://localhost:8081,k5,22.64714241027832,False,394,394,26.83877944946289,200
1775116998.1829262,read,http://localhost:8084,k2,14.116048812866211,False,399,399,25.36296844482422,200
1775116998.279088,write,http://localhost:8081,k3,1230.9887409210205,False,402,402,,201
1775116998.4593852,write,http://localhost:8080,k1,1229.2451858520508,False,420,420,,201
1775116998.459736,write,http://localhost:8083,k5,1230.0589084625244,False,391,391,,201
1775116998.4812238,write,http://localhost:8082,k1,1233.778953552246,False,414,414,,201
1775116998.48148,write,http://localhost:8084,k3,1235.6150150299072,False,400,400,,201
1775116998.483562,write,http://localhost:8080,k2,1224.0431308746338,False,401,401,,201
1775116998.485333,write,http://localhost:8080,k2,1230.9761047363281,False,400,400,,201
1775116998.485476,write,http://localhost:8084,k1,1231.5337657928467,False,418,418,,201
1775116998.486912,write,http://localhost:8083,k1,1236.3040447235107,False,418,418,,201
1775116998.487026,write,http://localhost:8083,k1,1237.4720573425293,False,417,417,,201
1775116998.489168,write,http://localhost:8082,k4,1225.5151271820068,False,402,402,,201
1775116998.489644,write,http://localhost:8081,k1,1237.1320724487305,False,414,414,,201
1775116998.490266,write,http://localhost:8081,k3,1239.2499446868896,False,403,403,,201
1775116998.5848708,write,http://localhost:8081,k1,1232.6819896697998,False,414,414,,201
1775116998.585053,write,http://localhost:8083,k1,1234.4698905944824,False,419,419,,201
1775116998.774925,write,http://localhost:8080,k2,1240.3812408447266,False,402,402,,201
1775116998.7941492,write,http://localhost:8082,k3,1236.9730472564697,False,403,403,,201
1775116998.79677,write,http://localhost:8084,k1,1241.434097290039,False,414,414,,201
1775116998.798629,write,http://localhost:8083,k2,1240.8359050750732,False,400,400,,201
1775116998.799566,write,http://localhost:8084,k4,1248.5167980194092,False,400,400,,201
1775116998.800087,write,http://localhost:8082,k1,1243.6590194702148,False,414,414,,201
1775116998.800464,write,http://localhost:8082,k5,1247.0300197601318,False,394,394,,201
1775116998.8007438,write,http://localhost:8083,k2,1243.8852787017822,False,399,399,,201
1775116998.801003,write,http://localhost:8080,k2,1245.976209640503,False,403,403,,201
1775116998.8166988,write,http://localhost:8081,k1,1262.0182037353516,False,415,415,,201
1775116998.8177989,read,http://localhost:8082,k5,16.649961471557617,False,395,394,17.333984375,200
1775116998.818959,read,http://localhost:8083,k2,8.561134338378906,False,405,403,17.956018447875977,200
1775116998.896582,write,http://localhost:8082,k4,1237.0491027832031,False,397,397,,201
1775116998.89698,write,http://localhost:8083,k2,1234.5902919769287,False,400,400,,201
1775116999.10324,write,http://localhost:8083,k1,1221.3959693908691,False,420,420,,201
1775116999.103734,write,http://localhost:8081,k1,1225.6803512573242,False,420,420,,201
1775116999.1040041,write,http://localhost:8081,k4,1240.6740188598633,False,403,403,,201
1775116999.104264,write,http://localhost:8084,k3,1223.6769199371338,False,402,402,,201
1775116999.1094122,write,http://localhost:8080,k3,1253.1979084014893,False,404,404,,201
1775116999.109803,write,http://localhost:8080,k1,1246.877908706665,False,415,415,,201
1775116999.1112828,read,http://localhost:8080,k4,5.883932113647461,False,405,403,7.277011871337891,200
1775116999.201814,write,http://localhost:8081,k2,1238.9371395111084,False,404,404,,201
1775116999.391744,write,http://localhost:8084,k1,1241.2397861480713,False,421,421,,201
1775116999.414068,write,http://localhost:8082,k3,1250.3423690795898,False,401,401,,201
1775116999.420244,write,http://localhost:8082,k3,1235.3458404541016,False,402,402,,201
1775116999.421213,write,http://localhost:8084,k3,1261.3980770111084,False,403,403,,201
1775116999.421628,write,http://localhost:8083,k5,1258.432149887085,False,389,389,,201
1775116999.4220212,write,http://localhost:8082,k4,1233.0970764160156,False,398,398,,201
1775116999.422288,write,http://localhost:8082,k1,1260.3120803833008,False,420,420,,201
1775116999.423102,write,http://localhost:8084,k4,1265.0928497314453,False,402,402,,201
1775116999.423445,write,http://localhost:8082,k3,1236.677885055542,False,403,403,,201
1775116999.42367,write,http://localhost:8083,k2,1265.8627033233643,False,402,402,,201
1775116999.423886,write,http://localhost:8084,k4,1262.5672817230225,False,404,404,,201
1775116999.424174,write,http://localhost:8080,k4,1261.9929313659668,False,404,404,,201
1775116999.4244711,write,http://localhost:8081,k3,1265.5329704284668,False,404,404,,201
1775116999.424715,write,http://localhost:8081,k4,1266.0987377166748,False,398,398,,201
1775116999.425997,write,http://localhost:8081,k5,1260.9872817993164,False,395,395,,201
1775116999.426281,write,http://localhost:8084,k4,1267.1961784362793,False,403,403,,201
1775116999.436167,read,http://localhost:8084,k1,4.87208366394043,True,420,421,13.875961303710938,200
1775116999.509686,write,http://localhost:8080,k2,1223.5710620880127,False,403,403,,201
1775116999.696866,write,http://localhost:8082,k1,1232.0079803466797,False,421,421,,201
1775116999.697236,write,http://localhost:8083,k3,1231.241226196289,False,404,404,,201
1775116999.7173288,write,http://localhost:8081,k5,1226.2871265411377,False,396,396,,201
1775116999.7178931,write,http://localhost:8081,k1,1223.7780094146729,False,421,421,,201
1775116999.718771,write,http://localhost:8082,k5,1222.5990295410156,False,392,392,,201
1775116999.72365,write,http://localhost:8080,k4,1230.391025543213,False,399,399,,201
1775116999.723989,write,http://localhost:8080,k1,1230.6060791015625,False,422,422,,201
1775116999.724294,write,http://localhost:8080,k2,1236.219882965088,False,404,404,,201
1775116999.731682,write,http://localhost:8080,k1,1239.544153213501,False,421,421,,201
1775116999.734196,write,http://localhost:8084,k4,1250.082015991211,False,403,403,,201
1775116999.734584,write,http://localhost:8084,k2,1239.5098209381104,False,401,401,,201
1775116999.734902,write,http://localhost:8084,k4,1237.9379272460938,False,404,404,,201
1775116999.814873,write,http://localhost:8084,k1,1226.3948917388916,False,415,415,,201
1775116999.815557,write,http://localhost:8084,k2,1227.9629707336426,False,401,401,,201
