read_latency_ms,write_latency_ms
7.161140441894531,1249.3209838867188
6.910085678100586,1241.441011428833
6.75201416015625,1226.0291576385498
6.970882415771484,1225.588083267212
8.260965347290039,1254.6370029449463
7.51495361328125,1227.1699905395508
13.69786262512207,1223.1800556182861
8.259057998657227,1253.5197734832764
7.891178131103516,1238.189697265625
7.306098937988281,1246.3128566741943
2.629995346069336,1240.0591373443604
2.9571056365966797,1215.1248455047607
1.8048286437988281,1229.255199432373
0.8709430694580078,1223.4320640563965
1.6546249389648438,1214.2319679260254
1.2369155883789062,1233.5360050201416
2.062082290649414,1222.3708629608154
2.0117759704589844,1223.6928939819336
0.7269382476806641,1223.681926727295
1.9581317901611328,1230.3969860076904
1.6350746154785156,1228.792667388916
1.6891956329345703,1225.8758544921875
1.2199878692626953,1235.2640628814697
1.0890960693359375,1213.2387161254883
2.0759105682373047,1233.6509227752686
3.8421154022216797,1218.1923389434814
4.4498443603515625,1235.8179092407227
3.9010047912597656,1228.3611297607422
2.471923828125,1225.4109382629395
2.166748046875,1257.934808731079
1.5721321105957031,1231.3978672027588
1.2388229370117188,1223.6011028289795
1.3620853424072266,1219.1448211669922
2.187967300415039,1213.7930393218994
7.497072219848633,1212.9852771759033
7.555723190307617,1211.1780643463135
7.89189338684082,1259.167194366455
7.610797882080078,1229.1038036346436
14.536142349243164,1224.7371673583984
1.8093585968017578,1219.7859287261963
9.675025939941406,1218.489170074463
1.6620159149169922,1219.9440002441406
1.4050006866455078,1229.1309833526611
1.9137859344482422,1218.0399894714355
1.1301040649414062,1224.945306777954
1.810312271118164,1241.3208484649658
0.8089542388916016,1250.363826751709
1.0180473327636719,1223.2921123504639
2.6068687438964844,1212.9552364349365
0.8420944213867188,1233.2780361175537
1.6281604766845703,1235.4559898376465
0.9598731994628906,1248.0907440185547
1.8701553344726562,1218.122959136963
1.1069774627685547,1218.9531326293945
0.8819103240966797,1249.8540878295898
0.6880760192871094,1219.228982925415
4.359006881713867,1226.4320850372314
4.603862762451172,1232.9280376434326
2.692699432373047,1225.0421047210693
1.2409687042236328,1220.423936843872
0.8840560913085938,1221.4913368225098
0.5278587341308594,1224.6830463409424
0.9872913360595703,1220.5870151519775
6.572961807250977,1225.1982688903809
5.918979644775391,1216.357707977295
9.412765502929688,1218.2209491729736
7.956981658935547,1216.4700031280518
1.825094223022461,1214.9419784545898
2.3097991943359375,1215.6589031219482
0.9858608245849609,1212.4900817871094
1.627206802368164,1217.0090675354004
1.1551380157470703,1213.587999343872
2.6340484619140625,1219.0310955047607
1.505136489868164,1212.432861328125
1.0268688201904297,1214.8442268371582
0.988006591796875,1212.352991104126
1.6412734985351562,1213.4530544281006
13.650894165039062,1213.7861251831055
4.830837249755859,1214.6239280700684
0.6971359252929688,1213.9887809753418
0.8251667022705078,1217.3411846160889
0.6692409515380859,1215.831995010376
0.6442070007324219,1238.0330562591553
4.827976226806641,1212.2459411621094
2.1169185638427734,1257.1072578430176
3.9911270141601562,1223.4587669372559
1.4500617980957031,1227.6690006256104
1.3239383697509766,1220.6108570098877
12.803077697753906,1216.629981994629
0.6570816040039062,1219.142198562622
0.7848739624023438,1216.4740562438965
11.822223663330078,1215.475082397461
8.185148239135742,1216.0930633544922
16.761064529418945,1221.3149070739746
15.626907348632812,1225.6619930267334
14.414072036743164,1231.0428619384766
4.770994186401367,1248.5508918762207
12.80522346496582,1214.8780822753906
17.542123794555664,1250.8337497711182
1.1239051818847656,1229.2122840881348
20.637035369873047,1232.4669361114502
14.739990234375,1224.6558666229248
0.598907470703125,1217.320203781128
2.343893051147461,1217.519760131836
0.5700588226318359,1234.8887920379639
2.015829086303711,1222.231149673462
1.3158321380615234,1217.3569202423096
2.0711421966552734,1235.6679439544678
2.2652149200439453,1213.9298915863037
1.0650157928466797,1217.0560359954834
2.7189254760742188,1226.9549369812012
2.5129318237304688,1238.9960289001465
2.178192138671875,1259.9527835845947
1.7087459564208984,1278.5229682922363
1.2481212615966797,1243.2787418365479
0.7801055908203125,1217.344045639038
0.5118846893310547,1215.8288955688477
1.4319419860839844,1265.2459144592285
0.6911754608154297,1220.2203273773193
0.6229877471923828,1229.4340133666992
0.6279945373535156,1265.7239437103271
2.953052520751953,1229.099988937378
0.9927749633789062,1230.6311130523682
2.788066864013672,1213.4721279144287
2.2590160369873047,1232.0661544799805
1.3141632080078125,1223.7560749053955
1.8091201782226562,1280.4629802703857
4.443883895874023,1266.9949531555176
2.928018569946289,1216.156005859375
1.786947250366211,1211.5981578826904
3.117084503173828,1214.472770690918
1.4758110046386719,1214.7800922393799
4.326820373535156,1217.5328731536865
4.145145416259766,1230.8027744293213
0.5698204040527344,1240.7569885253906
0.8580684661865234,1276.4911651611328
1.0209083557128906,1270.3218460083008
1.1630058288574219,1308.5858821868896
0.8766651153564453,1306.9908618927002
1.8939971923828125,1215.0359153747559
0.7138252258300781,1283.262014389038
1.4500617980957031,1261.7359161376953
0.5021095275878906,1217.0681953430176
0.5900859832763672,1227.2582054138184
1.210927963256836,1208.3971500396729
1.4247894287109375,1216.8710231781006
5.818843841552734,1210.9789848327637
3.5560131072998047,1225.968837738037
0.4260540008544922,1225.628137588501
1.3990402221679688,1220.7179069519043
0.6411075592041016,1222.2697734832764
0.598907470703125,1222.6848602294922
0.44274330139160156,1288.794994354248
0.5090236663818359,1240.5920028686523
0.8039474487304688,1241.6679859161377
0.6818771362304688,1289.8659706115723
0.9169578552246094,1259.5949172973633
0.7538795471191406,1220.6380367279053
0.492095947265625,1268.1629657745361
0.4341602325439453,1304.4519424438477
0.4496574401855469,1219.1321849822998
0.4138946533203125,1221.6339111328125
0.9388923645019531,1265.7227516174316
0.9238719940185547,1275.5722999572754
0.8220672607421875,1292.1180725097656
2.125263214111328,1265.312910079956
1.8057823181152344,1258.3589553833008
0.4639625549316406,1229.2001247406006
0.5896091461181641,1221.4148044586182
0.8249282836914062,1217.0090675354004
0.5271434783935547,1221.7669486999512
0.7872581481933594,1217.1928882598877
0.6449222564697266,1218.822956085205
0.4851818084716797,1214.8900032043457
1.7180442810058594,1222.75972366333
1.1391639709472656,1232.8200340270996
1.062154769897461,1217.8339958190918
0.6856918334960938,1219.2959785461426
0.5168914794921875,1232.0528030395508
0.5171298980712891,1215.9850597381592
1.7290115356445312,1273.5939025878906
1.615762710571289,1222.048044204712
0.5669593811035156,1220.5471992492676
0.8552074432373047,1212.066888809204
1.2760162353515625,1236.7277145385742
4.6977996826171875,1216.2630558013916
0.6072521209716797,1231.3296794891357
1.0669231414794922,1214.8542404174805
0.7207393646240234,1213.625192642212
0.8368492126464844,1217.6799774169922
1.4998912811279297,1275.6211757659912
0.8130073547363281,1219.5639610290527
4.86302375793457,1233.7560653686523
4.625082015991211,1218.4507846832275
0.9281635284423828,1224.4746685028076
1.3458728790283203,1227.0309925079346
1.2371540069580078,1226.7460823059082
2.129793167114258,1213.9520645141602
2.129077911376953,1214.5018577575684
3.1430721282958984,1209.8770141601562
2.9249191284179688,1220.777988433838
1.953125,1221.9548225402832
1.5630722045898438,1240.6508922576904
1.8041133880615234,1245.889663696289
0.9219646453857422,1245.5942630767822
1.4150142669677734,1251.7950534820557
4.667758941650391,1234.6689701080322
1.3811588287353516,1219.264030456543
2.7081966400146484,1274.5540142059326
3.5817623138427734,1263.620138168335
5.517721176147461,1225.1222133636475
2.5467872619628906,1221.8830585479736
6.654977798461914,1234.6351146697998
6.578922271728516,1237.6031875610352
4.343986511230469,1266.8368816375732
4.17780876159668,1291.612148284912
2.6051998138427734,1236.2067699432373
2.8328895568847656,1235.116958618164
2.543926239013672,1228.628158569336
1.3439655303955078,1250.7247924804688
3.6077499389648438,1216.702938079834
0.9288787841796875,1214.3621444702148
1.1870861053466797,1221.2071418762207
0.8978843688964844,1245.6920146942139
3.0961036682128906,1220.7517623901367
7.032155990600586,1214.137077331543
1.1439323425292969,1210.0498676300049
1.0371208190917969,1212.9380702972412
0.9357929229736328,1247.0529079437256
0.8819103240966797,1237.8320693969727
1.4009475708007812,1217.735767364502
4.502058029174805,1229.3050289154053
0.6978511810302734,1216.5141105651855
1.0082721710205078,1225.9509563446045
3.309965133666992,1219.120979309082
10.010242462158203,1231.661081314087
10.947227478027344,1255.073070526123
9.458065032958984,1251.7077922821045
29.072046279907227,1219.1059589385986
24.941205978393555,1213.6919498443604
23.87094497680664,1218.3868885040283
0.965118408203125,1237.6389503479004
0.9598731994628906,1243.8931465148926
0.8661746978759766,1259.2711448669434
1.416921615600586,1221.4961051940918
0.9138584136962891,1220.736026763916
2.2211074829101562,1215.0301933288574
0.8368492126464844,1223.7329483032227
2.5551319122314453,1225.0158786773682
1.3298988342285156,1214.9310111999512
2.0177364349365234,1216.036081314087
2.0532608032226562,1232.4609756469727
2.5682449340820312,1243.030071258545
1.7330646514892578,1244.0569400787354
1.4579296112060547,1214.378833770752
1.5940666198730469,1214.3809795379639
1.2760162353515625,1213.299036026001
1.1289119720458984,1212.1028900146484
1.6410350799560547,1214.4181728363037
2.611398696899414,1214.9748802185059
2.1038055419921875,1220.7977771759033
1.0890960693359375,1228.6858558654785
1.0707378387451172,1218.9280986785889
1.013040542602539,1219.2859649658203
1.435995101928711,1211.073875427246
3.1430721282958984,1235.3839874267578
3.523111343383789,1222.8329181671143
2.8791427612304688,1211.9362354278564
1.6329288482666016,1209.2359066009521
1.1639595031738281,1212.3398780822754
2.862215042114258,1217.857837677002
2.6519298553466797,1224.5278358459473
2.1691322326660156,1214.7150039672852
2.2988319396972656,1214.920997619629
1.3790130615234375,1263.3931636810303
4.866123199462891,1267.6880359649658
4.36091423034668,1216.649055480957
4.372119903564453,1221.0378646850586
5.727052688598633,1248.5010623931885
13.264894485473633,1216.7530059814453
5.248069763183594,1218.353033065796
12.649774551391602,1224.7979640960693
12.172937393188477,1251.952886581421
10.879993438720703,1215.5487537384033
6.866931915283203,1220.4899787902832
12.371063232421875,1213.0811214447021
11.68680191040039,1213.4151458740234
10.971784591674805,1218.6601161956787
1.4729499816894531,1273.6949920654297
1.615285873413086,1230.7560443878174
3.2231807708740234,1213.3660316467285
3.616809844970703,1213.529109954834
3.7250518798828125,1214.392900466919
2.9799938201904297,1252.8038024902344
2.87628173828125,1244.3630695343018
1.5292167663574219,1218.7168598175049
2.6984214782714844,1214.8008346557617
3.144979476928711,1219.5768356323242
0.6139278411865234,1253.9479732513428
1.5921592712402344,1234.1947555541992
0.5288124084472656,1221.2049961090088
0.7238388061523438,1254.8329830169678
3.0689239501953125,1271.0041999816895
0.6132125854492188,1215.3379917144775
1.4221668243408203,1236.320972442627
1.3818740844726562,1239.776849746704
1.377105712890625,1263.7848854064941
1.024007797241211,1232.6030731201172
1.7726421356201172,1233.1159114837646
1.722097396850586,1243.8490390777588
1.8358230590820312,1236.522912979126
1.775979995727539,1225.2600193023682
1.5850067138671875,1277.4298191070557
1.7087459564208984,1226.2461185455322
0.9739398956298828,1227.895975112915
2.2573471069335938,1224.2629528045654
8.59212875366211,1222.022294998169
7.278203964233398,1215.7740592956543
3.8802623748779297,1218.2810306549072
8.896112442016602,1220.855951309204
2.061128616333008,1225.1861095428467
2.023935317993164,1251.112937927246
2.3691654205322266,1225.8622646331787
1.7421245574951172,1220.777988433838
1.4541149139404297,1211.3502025604248
1.840829849243164,1211.1568450927734
19.978046417236328,1214.7998809814453
23.571014404296875,1216.264247894287
24.486064910888672,1213.31787109375
1.6231536865234375,1220.391035079956
1.2927055358886719,1225.3289222717285
0.9887218475341797,1225.3248691558838
0.9489059448242188,1230.5989265441895
2.2912025451660156,1218.609094619751
3.4668445587158203,1216.7470455169678
2.318143844604492,1216.0868644714355
1.9352436065673828,1239.1722202301025
1.7001628875732422,1214.5648002624512
2.526998519897461,1214.9240970611572
3.512144088745117,1214.68186378479
1.4269351959228516,1235.395908355713
2.290010452270508,1223.9348888397217
1.9159317016601562,1213.942050933838
3.087759017944336,1214.9860858917236
2.101898193359375,1228.306770324707
10.41102409362793,1224.3380546569824
3.1380653381347656,1251.7869472503662
2.475738525390625,1220.5712795257568
1.9919872283935547,1258.307933807373
1.850128173828125,1238.5711669921875
1.2600421905517578,1236.2561225891113
1.4290809631347656,1277.1530151367188
2.2230148315429688,1223.7560749053955
2.3920536041259766,1238.717794418335
2.928018569946289,1219.0260887145996
5.113124847412109,1213.4947776794434
3.7827491760253906,1214.5311832427979
2.5811195373535156,1270.8399295806885
2.5720596313476562,1251.4407634735107
2.8963088989257812,1261.702299118042
2.132892608642578,1256.1841011047363
3.5712718963623047,1243.4391975402832
2.2530555725097656,1241.4851188659668
1.7197132110595703,1215.7669067382812
4.443883895874023,1233.9770793914795
6.628990173339844,1214.6580219268799
8.054971694946289,1215.7177925109863
4.9381256103515625,1218.414068222046
1.97601318359375,1244.0619468688965
3.1282901763916016,1229.7899723052979
2.174854278564453,1217.5390720367432
2.081155776977539,1271.630048751831
2.354860305786133,1214.3239974975586
1.9919872283935547,1240.0579452514648
1.814126968383789,1236.6132736206055
2.1009445190429688,1221.0540771484375
1.7940998077392578,1235.5589866638184
1.50299072265625,1231.3311100006104
1.1949539184570312,1247.3950386047363
3.1249523162841797,1217.32497215271
2.4869441986083984,1225.5170345306396
2.2330284118652344,1212.9909992218018
3.450155258178711,1215.4269218444824
3.145933151245117,1215.7697677612305
4.393815994262695,1249.1402626037598
4.98199462890625,1214.6360874176025
3.8449764251708984,1218.3940410614014
3.8492679595947266,1232.046127319336
4.685640335083008,1257.6830387115479
2.1369457244873047,1224.7276306152344
1.7609596252441406,1222.8081226348877
2.0170211791992188,1245.2030181884766
1.5597343444824219,1217.1308994293213
1.1920928955078125,1268.8920497894287
3.340005874633789,1215.0099277496338
2.9549598693847656,1218.3310985565186
2.852916717529297,1221.1740016937256
1.8818378448486328,1219.8851108551025
2.5222301483154297,1210.9692096710205
3.0112266540527344,1215.360164642334
2.6869773864746094,1213.698148727417
3.531932830810547,1219.5820808410645
3.225088119506836,1215.0981426239014
5.187034606933594,1218.7228202819824
3.3278465270996094,1222.654104232788
2.5801658630371094,1220.8592891693115
3.957033157348633,1233.6528301239014
3.0438899993896484,1232.6419353485107
3.3369064331054688,1224.3130207061768
4.83393669128418,1215.0330543518066
12.51673698425293,1225.1520156860352
7.822990417480469,1219.2771434783936
3.062009811401367,1221.2979793548584
1.728057861328125,1214.6649360656738
1.5811920166015625,1223.8609790802002
3.3152103424072266,1215.580940246582
1.3458728790283203,1221.4839458465576
1.043081283569336,1221.0261821746826
2.4042129516601562,1216.0038948059082
2.3589134216308594,1228.510856628418
1.631021499633789,1221.5940952301025
0.9829998016357422,1224.9078750610352
1.7132759094238281,1222.543716430664
1.852273941040039,1218.8489437103271
1.9268989562988281,1224.5750427246094
1.5079975128173828,1258.1079006195068
1.3728141784667969,1255.3319931030273
1.3568401336669922,1234.0459823608398
2.760171890258789,1228.9478778839111
2.651214599609375,1229.7499179840088
2.9191970825195312,1222.0449447631836
2.619028091430664,1220.954179763794
2.132892608642578,1246.5839385986328
1.2371540069580078,1221.7631340026855
1.7039775848388672,1214.9367332458496
4.172086715698242,1210.6919288635254
2.8312206268310547,1218.6651229858398
6.629228591918945,1230.6270599365234
1.2791156768798828,1211.2760543823242
2.9850006103515625,1221.8871116638184
4.124879837036133,1216.3300514221191
3.6542415618896484,1212.831974029541
3.45611572265625,1212.9039764404297
11.97195053100586,1213.7172222137451
11.394023895263672,1221.6441631317139
11.452198028564453,1230.769157409668
12.809038162231445,1247.7128505706787
3.6971569061279297,1211.1639976501465
1.9059181213378906,1213.5250568389893
1.917123794555664,1217.0038223266602
1.6582012176513672,1211.709976196289
1.7001628875732422,1212.925910949707
1.4519691467285156,1252.8440952301025
1.9910335540771484,1256.3660144805908
1.361846923828125,1231.489896774292
2.5763511657714844,1218.7871932983398
10.432004928588867,1218.3599472045898
8.446931838989258,1216.3472175598145
9.011983871459961,1214.7760391235352
11.908769607543945,1217.20290184021
11.546134948730469,1220.6130027770996
1.8320083618164062,1220.3669548034668
1.772165298461914,1215.1637077331543
6.178140640258789,1220.4339504241943
6.237983703613281,1213.3450508117676
6.283044815063477,1216.1118984222412
5.618810653686523,1216.2139415740967
35.635948181152344,1229.3219566345215
34.36779975891113,1212.3520374298096
5.459070205688477,1213.5210037231445
6.150007247924805,1214.0989303588867
1.399993896484375,1212.9549980163574
0.8449554443359375,1212.8362655639648
0.8628368377685547,1219.3760871887207
0.8149147033691406,1211.1597061157227
0.6372928619384766,1212.7809524536133
0.7061958312988281,1226.1266708374023
0.5598068237304688,1225.6920337677002
0.6351470947265625,1213.3309841156006
0.5779266357421875,1212.6128673553467
0.8282661437988281,1211.7445468902588
0.5269050598144531,1222.247838973999
0.591278076171875,1224.9484062194824
0.5681514739990234,1226.5360355377197
1.6932487487792969,1217.0591354370117
0.6542205810546875,1219.325065612793
0.5829334259033203,1218.0390357971191
0.7469654083251953,1213.0579948425293
3.7088394165039062,1214.0111923217773
0.885009765625,1218.7530994415283
1.2090206146240234,1215.1870727539062
0.6670951843261719,1214.6809101104736
0.6992816925048828,1218.451976776123
0.5810260772705078,1218.468189239502
1.413106918334961,1232.1979999542236
1.6248226165771484,1219.1977500915527
27.83203125,1217.5178527832031
0.7848739624023438,1211.8558883666992
0.6158351898193359,1216.7561054229736
0.7250308990478516,1226.0689735412598
11.836051940917969,1217.3056602478027
10.790109634399414,1213.258981704712
11.974096298217773,1211.8949890136719
10.885238647460938,1214.324951171875
13.767242431640625,1217.4298763275146
14.91093635559082,1219.9680805206299
12.318134307861328,1219.9771404266357
11.014938354492188,1217.5753116607666
14.093875885009766,1217.0801162719727
11.792182922363281,1216.9888019561768
4.654884338378906,1214.6999835968018
5.820989608764648,1216.8328762054443
5.604267120361328,1214.639663696289
4.688024520874023,1212.996006011963
4.1599273681640625,1214.008092880249
5.554914474487305,1218.3549404144287
2.1181106567382812,1220.78275680542
4.502773284912109,1220.7789421081543
5.100250244140625,1224.6577739715576
4.358053207397461,1213.144063949585
4.829883575439453,1218.472957611084
1.6720294952392578,1221.5371131896973
1.6529560089111328,1218.902587890625
2.1071434020996094,1233.2141399383545
1.2068748474121094,1221.376895904541
1.2400150299072266,1216.8340682983398
3.8042068481445312,1219.9740409851074
0.9989738464355469,1235.92209815979
3.4279823303222656,1234.7278594970703
2.8426647186279297,1214.8551940917969
2.6617050170898438,1215.7421112060547
2.7840137481689453,1213.850736618042
1.1172294616699219,1210.4790210723877
1.0120868682861328,1217.221736907959
2.892017364501953,1218.5769081115723
2.125263214111328,1217.7040576934814
2.173185348510742,1226.8941402435303
1.4531612396240234,1215.4731750488281
1.0581016540527344,1223.4718799591064
1.3952255249023438,1210.7651233673096
1.7600059509277344,1233.536958694458
3.0481815338134766,1220.6921577453613
2.162933349609375,1217.073917388916
2.9458999633789062,1223.7870693206787
1.3549327850341797,1221.224069595337
1.3267993927001953,1220.329999923706
1.1138916015625,1216.1200046539307
0.7719993591308594,1214.421033859253
0.7529258728027344,1214.5390510559082
0.8759498596191406,1224.9317169189453
1.7788410186767578,1222.4781513214111
2.6760101318359375,1234.6820831298828
1.6970634460449219,1232.361078262329
1.3699531555175781,1220.5491065979004
1.6560554504394531,1214.7772312164307
3.398895263671875,1225.5890369415283
1.0199546813964844,1219.9280261993408
1.3689994812011719,1223.775863647461
1.2760162353515625,1227.7178764343262
0.9641647338867188,1225.14009475708
1.1119842529296875,1223.9410877227783
0.8699893951416016,1213.1659984588623
0.820159912109375,1222.7721214294434
1.0223388671875,1222.2208976745605
1.8978118896484375,1230.6199073791504
2.6400089263916016,1215.505838394165
1.5070438385009766,1216.0289287567139
1.6200542449951172,1223.167896270752
1.0368824005126953,1222.3589420318604
0.8559226989746094,1222.1789360046387
1.0917186737060547,1224.5371341705322
0.9508132934570312,1218.3058261871338
0.9257793426513672,1247.3978996276855
2.0389556884765625,1229.288101196289
2.4209022521972656,1238.8310432434082
1.5680789947509766,1240.001916885376
1.2569427490234375,1223.6080169677734
0.9920597076416016,1229.5489311218262
0.9992122650146484,1224.6110439300537
1.5208721160888672,1216.3829803466797
1.432180404663086,1214.5600318908691
1.8320083618164062,1214.9310111999512
1.3828277587890625,1214.1649723052979
1.947164535522461,1215.7399654388428
1.901865005493164,1213.564157485962
2.6731491088867188,1220.8600044250488
2.321004867553711,1216.9373035430908
5.508184432983398,1216.432809829712
1.973867416381836,1241.2338256835938
1.893758773803711,1215.7859802246094
2.0248889923095703,1255.342960357666
1.7647743225097656,1239.4449710845947
2.160787582397461,1239.833116531372
1.1200904846191406,1232.9039573669434
2.274036407470703,1217.4980640411377
2.2351741790771484,1210.1161479949951
3.001689910888672,1216.2129878997803
2.374887466430664,1214.1988277435303
11.122941970825195,1248.716115951538
1.3279914855957031,1243.3500289916992
12.749910354614258,1242.8498268127441
2.5179386138916016,1212.4478816986084
1.8870830535888672,1257.0831775665283
1.7800331115722656,1244.7519302368164
1.3270378112792969,1251.4939308166504
0.6928443908691406,1217.237949371338
1.9788742065429688,1212.8498554229736
3.726959228515625,1212.7680778503418
10.90693473815918,1215.000867843628
3.1280517578125,1211.0388278961182
3.5219192504882812,1225.9047031402588
3.0612945556640625,1233.1678867340088
3.8149356842041016,1219.649076461792
2.902984619140625,1252.4969577789307
3.2358169555664062,1224.3528366088867
0.6558895111083984,1228.7812232971191
3.2510757446289062,1216.8138027191162
3.0372142791748047,1216.6860103607178
1.9848346710205078,1216.5329456329346
3.3440589904785156,1214.2949104309082
2.2242069244384766,1220.4220294952393
2.062082290649414,1222.6049900054932
4.74095344543457,1220.452070236206
4.684925079345703,1230.098009109497
13.581037521362305,1216.2079811096191
10.88404655456543,1219.3880081176758
11.039018630981445,1260.4742050170898
26.184797286987305,1230.3712368011475
29.035091400146484,1222.6979732513428
12.484073638916016,1224.5728969573975
1.3387203216552734,1223.707914352417
1.5611648559570312,1217.4558639526367
1.8341541290283203,1216.784954071045
1.1749267578125,1216.536045074463
3.5097599029541016,1226.2542247772217
2.6879310607910156,1214.1749858856201
1.0440349578857422,1248.4071254730225
1.5289783477783203,1220.8917140960693
2.2237300872802734,1212.7339839935303
1.0869503021240234,1233.3109378814697
2.55584716796875,1211.712121963501
2.390146255493164,1211.4112377166748
2.8281211853027344,1218.7058925628662
5.4779052734375,1216.6788578033447
1.6262531280517578,1220.0291156768799
3.3380985260009766,1214.4207954406738
1.6601085662841797,1214.198112487793
2.2211074829101562,1225.0428199768066
2.7000904083251953,1211.0021114349365
3.572225570678711,1230.9050559997559
2.029895782470703,1249.861240386963
3.454923629760742,1219.1190719604492
2.4302005767822266,1217.771053314209
2.293825149536133,1255.8629512786865
3.214120864868164,1259.6700191497803
2.3827552795410156,1257.0698261260986
1.506805419921875,1215.954065322876
1.432180404663086,1211.9476795196533
1.9698143005371094,1219.4082736968994
1.5139579772949219,1231.1019897460938
1.7383098602294922,1242.375373840332
1.4410018920898438,1211.2998962402344
1.0676383972167969,1226.1440753936768
1.7819404602050781,1223.8657474517822
4.34422492980957,1221.98486328125
4.317998886108398,1217.4241542816162
2.560138702392578,1238.9109134674072
1.6241073608398438,1256.2518119812012
1.4002323150634766,1233.5789203643799
0.9572505950927734,1230.9057712554932
0.8969306945800781,1235.5797290802002
0.9648799896240234,1256.3238143920898
7.467985153198242,1237.1301651000977
2.908945083618164,1224.8320579528809
5.438804626464844,1229.7589778900146
8.984088897705078,1219.5048332214355
7.05409049987793,1218.6100482940674
1.3282299041748047,1219.447135925293
1.50299072265625,1223.3343124389648
1.5001296997070312,1236.4909648895264
2.4390220642089844,1253.265142440796
1.5149116516113281,1213.6070728302002
1.45721435546875,1229.8190593719482
1.5499591827392578,1220.0090885162354
1.802682876586914,1215.6729698181152
1.2166500091552734,1235.0270748138428
1.0519027709960938,1219.040870666504
2.380847930908203,1234.550952911377
2.804994583129883,1234.1811656951904
2.232074737548828,1219.3820476531982
2.6640892028808594,1214.1380310058594
1.3201236724853516,1219.8419570922852
1.0552406311035156,1220.0512886047363
1.0077953338623047,1249.3512630462646
1.1010169982910156,1237.0669841766357
1.1699199676513672,1236.2432479858398
1.1472702026367188,1234.9629402160645
1.4731884002685547,1242.6128387451172
1.9478797912597656,1247.6460933685303
1.2967586517333984,1252.8300285339355
0.7929801940917969,1220.4411029815674
0.7739067077636719,1220.1149463653564
0.9191036224365234,1217.257022857666
2.4280548095703125,1228.7139892578125
2.8829574584960938,1227.5521755218506
3.3729076385498047,1234.8549365997314
1.5408992767333984,1214.6070003509521
1.500844955444336,1216.784954071045
2.2139549255371094,1216.8309688568115
2.8858184814453125,1224.99418258667
1.9192695617675781,1218.6789512634277
1.544952392578125,1218.2190418243408
1.9009113311767578,1217.0689105987549
2.9511451721191406,1229.140043258667
2.5780200958251953,1221.5321063995361
1.889944076538086,1215.2597904205322
1.7199516296386719,1237.2407913208008
1.8160343170166016,1221.729040145874
1.8079280853271484,1260.9620094299316
1.8608570098876953,1215.574026107788
3.3159255981445312,1213.5820388793945
2.104043960571289,1224.5872020721436
3.5681724548339844,1228.050947189331
3.317117691040039,1225.3978252410889
2.4199485778808594,1218.7047004699707
2.290010452270508,1222.4218845367432
2.022981643676758,1216.4769172668457
3.2858848571777344,1251.3196468353271
2.1791458129882812,1235.9068393707275
3.6878585815429688,1216.081142425537
4.380941390991211,1214.8849964141846
2.3348331451416016,1219.9270725250244
6.8149566650390625,1231.2471866607666
2.5849342346191406,1216.2890434265137
2.298116683959961,1217.278003692627
2.1026134490966797,1213.9010429382324
3.0448436737060547,1224.107027053833
3.8290023803710938,1222.9948043823242
2.270936965942383,1230.7610511779785
1.6510486602783203,1211.0846042633057
2.8238296508789062,1252.4259090423584
2.6831626892089844,1231.9800853729248
1.989126205444336,1240.1690483093262
1.74713134765625,1254.4529438018799
1.9419193267822266,1220.9289073944092
5.126953125,1219.9928760528564
2.0368099212646484,1217.79203414917
2.565145492553711,1217.3900604248047
2.4709701538085938,1227.9372215270996
1.9989013671875,1216.6061401367188
4.348039627075195,1212.2468948364258
2.7937889099121094,1211.7891311645508
2.8438568115234375,1209.8891735076904
2.4290084838867188,1247.9500770568848
2.260923385620117,1233.4699630737305
2.0499229431152344,1218.1358337402344
3.099203109741211,1237.7803325653076
2.323150634765625,1223.9160537719727
2.218961715698242,1220.771074295044
3.5600662231445312,1212.608814239502
4.601716995239258,1208.6057662963867
3.470897674560547,1216.198205947876
1.728057861328125,1249.7639656066895
1.5730857849121094,1219.3620204925537
1.5971660614013672,1209.787130355835
2.1829605102539062,1210.4690074920654
1.7600059509277344,1213.1500244140625
2.7039051055908203,1214.3278121948242
2.3300647735595703,1212.3358249664307
2.9277801513671875,1224.086046218872
1.756906509399414,1215.5530452728271
2.756834030151367,1215.9180641174316
2.680063247680664,1214.1988277435303
3.408193588256836,1210.6311321258545
2.523183822631836,1215.2400016784668
2.6831626892089844,1239.0589714050293
2.13623046875,1209.9509239196777
2.4461746215820312,1214.0872478485107
2.251148223876953,1214.217185974121
1.9540786743164062,1218.1220054626465
2.3698806762695312,1209.8841667175293
2.446889877319336,1219.3222045898438
3.728151321411133,1210.724115371704
3.6602020263671875,1215.6920433044434
4.734039306640625,1215.4850959777832
2.663135528564453,1218.9381122589111
2.1979808807373047,1220.3950881958008
4.503011703491211,1217.5397872924805
8.014678955078125,1222.9371070861816
4.859209060668945,1213.3712768554688
3.5059452056884766,1211.3990783691406
10.550975799560547,1212.803840637207
4.318952560424805,1210.8919620513916
2.2401809692382812,1209.7222805023193
2.849102020263672,1218.0068492889404
2.1619796752929688,1213.43994140625
1.3511180877685547,1211.859941482544
1.5518665313720703,1222.1229076385498
2.0737648010253906,1217.8001403808594
2.0837783813476562,1211.2481594085693
2.033233642578125,1211.1060619354248
2.3040771484375,1210.0348472595215
6.923913955688477,1213.9170169830322
8.573055267333984,1213.1950855255127
6.026029586791992,1215.7418727874756
7.781744003295898,1221.606969833374
7.079839706420898,1211.4229202270508
5.181789398193359,1215.514898300171
3.0350685119628906,1213.8676643371582
2.6061534881591797,1220.9389209747314
3.6983489990234375,1235.3301048278809
3.754854202270508,1224.3788242340088
1.9021034240722656,1213.1168842315674
2.724170684814453,1241.682767868042
3.3109188079833984,1210.6359004974365
1.7583370208740234,1238.3191585540771
1.795053482055664,1212.7361297607422
1.1761188507080078,1208.6529731750488
1.1789798736572266,1214.257001876831
1.5492439270019531,1210.4411125183105
1.4088153839111328,1245.8791732788086
1.0209083557128906,1253.4139156341553
1.6336441040039062,1258.8889598846436
2.088785171508789,1260.5860233306885
2.008199691772461,1253.4232139587402
1.5621185302734375,1214.5318984985352
1.2297630310058594,1237.1211051940918
1.4879703521728516,1220.4382419586182
1.359701156616211,1211.1060619354248
1.3818740844726562,1216.32981300354
1.5649795532226562,1223.8810062408447
2.02178955078125,1216.4649963378906
2.7229785919189453,1213.913917541504
2.4678707122802734,1236.339807510376
4.442930221557617,1237.1578216552734
2.4509429931640625,1259.3071460723877
3.726959228515625,1258.1748962402344
2.3391246795654297,1249.2601871490479
2.7039051055908203,1228.496789932251
2.1820068359375,1242.4719333648682
3.3559799194335938,1234.1032028198242
4.605293273925781,1232.8500747680664
3.1321048736572266,1210.9320163726807
2.8638839721679688,1272.4621295928955
1.5590190887451172,1252.5248527526855
1.4200210571289062,1233.0946922302246
1.1630058288574219,1234.011173248291
1.1398792266845703,1220.7891941070557
3.731250762939453,1255.481243133545
2.9408931732177734,1216.784954071045
3.6449432373046875,1217.85306930542
4.549980163574219,1212.311029434204
4.560947418212891,1218.2819843292236
3.999948501586914,1225.6660461425781
2.187013626098633,1231.6946983337402
1.912832260131836,1232.0938110351562
2.9289722442626953,1231.5399646759033
2.0830631256103516,1216.4008617401123
4.680395126342773,1248.55375289917
1.5621185302734375,1262.3498439788818
2.0668506622314453,1259.6101760864258
2.5069713592529297,1229.4750213623047
2.1839141845703125,1211.8463516235352
2.1047592163085938,1216.3889408111572
5.13005256652832,1210.8418941497803
2.5179386138916016,1217.054843902588
6.901264190673828,1222.7511405944824
1.9998550415039062,1225.5120277404785
1.1167526245117188,1290.8740043640137
1.798868179321289,1278.2280445098877
2.294778823852539,1217.329978942871
1.8661022186279297,1213.852882385254
1.9431114196777344,1221.555233001709
2.179861068725586,1223.8857746124268
1.5423297882080078,1214.6661281585693
3.633260726928711,1228.633165359497
3.1099319458007812,1232.2397232055664
3.5309791564941406,1213.313102722168
3.924846649169922,1217.1499729156494
4.590749740600586,1219.938039779663
1.7499923706054688,1227.0679473876953
1.425027847290039,1214.4711017608643
2.398967742919922,1245.5086708068848
7.208824157714844,1234.910011291504
2.257108688354492,1216.360092163086
1.7969608306884766,1225.8920669555664
1.2440681457519531,1214.3402099609375
1.7049312591552734,1222.2669124603271
3.4341812133789062,1220.3779220581055
1.5747547149658203,1227.8881072998047
0.9510517120361328,1254.9121379852295
1.0869503021240234,1234.3738079071045
1.2080669403076172,1213.6149406433105
1.2080669403076172,1218.9559936523438
2.516031265258789,1251.904010772705
2.4390220642089844,1224.829912185669
1.2102127075195312,1233.733892440796
2.309083938598633,1250.3621578216553
0.8687973022460938,1215.4030799865723
4.548072814941406,1228.3909320831299
1.0809898376464844,1217.393159866333
1.123666763305664,1217.604160308838
0.8862018585205078,1232.6951026916504
0.9517669677734375,1252.1967887878418
1.0149478912353516,1262.1769905090332
0.6620883941650391,1228.046178817749
1.0988712310791016,1239.8350238800049
0.9567737579345703,1222.0580577850342
0.9570121765136719,1214.392900466919
0.6158351898193359,1225.1489162445068
0.6787776947021484,1234.673023223877
0.5931854248046875,1232.3729991912842
0.698089599609375,1213.9818668365479
1.4679431915283203,1217.2892093658447
1.2011528015136719,1247.2617626190186
1.6980171203613281,1248.6650943756104
1.7170906066894531,1238.8489246368408
1.64031982421875,1223.3421802520752
1.4190673828125,1250.7216930389404
1.8169879913330078,1211.2758159637451
1.9538402557373047,1210.594892501831
1.722097396850586,1218.7068462371826
1.0340213775634766,1216.0329818725586
1.7049312591552734,1214.5609855651855
1.9309520721435547,1211.8487358093262
1.8970966339111328,1218.4209823608398
1.4271736145019531,1213.6080265045166
1.171112060546875,1228.668212890625
1.9278526306152344,1212.1269702911377
2.285003662109375,1217.5798416137695
4.463911056518555,1248.7123012542725
0.637054443359375,1220.6480503082275
3.7260055541992188,1235.072135925293
3.936290740966797,1223.6337661743164
4.4841766357421875,1247.0808029174805
3.8809776306152344,1214.9887084960938
5.1708221435546875,1214.768886566162
4.388093948364258,1225.0208854675293
5.653858184814453,1216.5181636810303
5.110025405883789,1223.5009670257568
5.053997039794922,1217.8840637207031
1.1260509490966797,1255.0301551818848
0.8728504180908203,1218.7070846557617
0.8966922760009766,1252.868890762329
1.3539791107177734,1211.6706371307373
0.44536590576171875,1214.7409915924072
0.44798851013183594,1218.9860343933105
0.5540847778320312,1229.6319007873535
0.8609294891357422,1220.8850383758545
2.565145492553711,1214.4372463226318
2.238035202026367,1217.592716217041
1.920938491821289,1216.817855834961
0.43201446533203125,1215.3213024139404
2.2389888763427734,1210.9639644622803
1.664876937866211,1215.1570320129395
2.418994903564453,1214.468240737915
0.7240772247314453,1215.2032852172852
2.115011215209961,1213.559865951538
0.5621910095214844,1214.582920074463
0.5371570587158203,1225.3797054290771
0.5240440368652344,1215.7907485961914
1.4309883117675781,1213.742971420288
0.44989585876464844,1220.5839157104492
0.7359981536865234,1216.0849571228027
1.9612312316894531,1212.4121189117432
1.0612010955810547,1214.928150177002
1.847982406616211,1222.1288681030273
1.5552043914794922,1213.879108428955
0.5602836608886719,1220.639944076538
0.6651878356933594,1217.371940612793
1.096963882446289,1214.142084121704
0.46372413635253906,1224.754810333252
0.9818077087402344,1241.6901588439941
0.7688999176025391,1238.4240627288818
0.7238388061523438,1217.2539234161377
1.6009807586669922,1224.0161895751953
2.039194107055664,1215.8269882202148
0.8299350738525391,1213.7119770050049
0.5240440368652344,1221.6970920562744
0.4990100860595703,1225.5690097808838
1.233816146850586,1217.522144317627
0.5757808685302734,1213.7069702148438
0.5171298980712891,1215.498924255371
0.4420280456542969,1214.7331237792969
0.4229545593261719,1219.8007106781006
2.010822296142578,1211.8330001831055
2.3877620697021484,1216.95876121521
2.290964126586914,1216.0799503326416
1.1479854583740234,1267.9190635681152
1.1339187622070312,1250.5600452423096
0.47898292541503906,1247.2069263458252
0.530242919921875,1219.7661399841309
0.5109310150146484,1217.4363136291504
0.4951953887939453,1211.3070487976074
0.6339550018310547,1215.6343460083008
0.8959770202636719,1215.5611515045166
0.5328655242919922,1223.952054977417
0.47707557678222656,1264.7547721862793
0.6148815155029297,1223.4487533569336
0.8549690246582031,1218.6377048492432
0.6539821624755859,1213.1288051605225
0.47206878662109375,1208.8689804077148
0.7259845733642578,1212.095022201538
1.7299652099609375,1254.868984222412
2.0580291748046875,1236.4118099212646
1.5530586242675781,1226.9189357757568
1.499176025390625,1250.9822845458984
1.1188983917236328,1256.253957748413
1.0921955108642578,1248.6588954925537
0.6258487701416016,1224.6639728546143
0.7071495056152344,1219.1109657287598
0.5860328674316406,1246.0429668426514
0.5331039428710938,1259.5608234405518
0.5450248718261719,1212.1407985687256
0.6196498870849609,1210.981845855713
0.8900165557861328,1218.7120914459229
0.74005126953125,1215.9490585327148
0.6260871887207031,1215.3630256652832
0.4401206970214844,1216.1149978637695
0.4780292510986328,1216.2675857543945
0.6549358367919922,1220.6969261169434
0.6330013275146484,1215.39306640625
0.6358623504638672,1213.3221626281738
0.5781650543212891,1216.1312103271484
1.4262199401855469,1226.4621257781982
1.338958740234375,1215.1029109954834
1.1129379272460938,1244.325876235962
1.4081001281738281,1245.9237575531006
1.1758804321289062,1216.8898582458496
0.5738735198974609,1214.3101692199707
0.5850791931152344,1212.8980159759521
1.725912094116211,1212.251901626587
0.5512237548828125,1221.938133239746
1.5680789947509766,1215.852975845337
1.550912857055664,1217.3540592193604
1.0118484497070312,1217.740774154663
0.5650520324707031,1222.9487895965576
0.5939006805419922,1233.2489490509033
0.5500316619873047,1254.469871520996
0.5900859832763672,1230.6079864501953
1.7490386962890625,1231.4367294311523
0.7801055908203125,1250.352144241333
0.7040500640869141,1241.1818504333496
0.7240772247314453,1250.2222061157227
1.1322498321533203,1223.078727722168
0.7927417755126953,1215.2490615844727
0.6229877471923828,1218.1727886199951
0.6418228149414062,1221.4632034301758
0.9438991546630859,1239.8200035095215
0.9829998016357422,1214.1828536987305
0.9610652923583984,1229.2170524597168
0.843048095703125,1214.3731117248535
0.7638931274414062,1210.456132888794
1.0759830474853516,1216.615915298462
1.0530948638916016,1214.4808769226074
1.0569095611572266,1220.8750247955322
0.8299350738525391,1238.5578155517578
0.6990432739257812,1242.1340942382812
0.8978843688964844,1219.4411754608154
0.7879734039306641,1219.7308540344238
0.7352828979492188,1226.94993019104
0.6508827209472656,1218.9397811889648
0.6730556488037109,1252.155065536499
0.6170272827148438,1214.0190601348877
0.6282329559326172,1214.447259902954
0.6527900695800781,1237.7357482910156
0.5571842193603516,1221.1811542510986
0.6289482116699219,1214.2229080200195
0.5960464477539062,1216.843843460083
0.5638599395751953,1214.792251586914
0.644683837890625,1215.2059078216553
0.6251335144042969,1244.8430061340332
0.8566379547119141,1232.983112335205
0.7829666137695312,1216.926097869873
0.7328987121582031,1217.2539234161377
1.0199546813964844,1217.2870635986328
0.9870529174804688,1213.879108428955
0.7500648498535156,1216.0840034484863
0.6110668182373047,1212.954044342041
0.7719993591308594,1227.2241115570068
0.7171630859375,1216.0227298736572
0.6668567657470703,1217.2460556030273
1.6498565673828125,1216.034173965454
1.6222000122070312,1219.763994216919
0.8130073547363281,1219.4807529449463
0.8330345153808594,1226.0360717773438
0.6778240203857422,1215.9323692321777
1.2021064758300781,1219.6900844573975
1.1420249938964844,1218.9619541168213
0.8440017700195312,1212.7749919891357
0.8368492126464844,1213.2432460784912
0.7631778717041016,1213.6890888214111
0.9169578552246094,1214.7760391235352
1.0769367218017578,1223.0901718139648
0.9548664093017578,1213.0260467529297
1.4243125915527344,1212.8772735595703
1.3530254364013672,1218.506097793579
1.2891292572021484,1213.5717868804932
1.1031627655029297,1212.0850086212158
3.6978721618652344,1213.235855102539
1.500844955444336,1215.0311470031738
2.811908721923828,1212.1100425720215
5.959033966064453,1222.8448390960693
2.7310848236083984,1221.668004989624
1.6820430755615234,1222.484827041626
2.6950836181640625,1226.3171672821045
4.861116409301758,1236.4017963409424
1.5218257904052734,1213.9310836791992
1.0449886322021484,1210.7548713684082
1.46484375,1213.9902114868164
3.373861312866211,1217.298984527588
2.2170543670654297,1217.5099849700928
1.2018680572509766,1213.568925857544
2.160787582397461,1219.301700592041
1.2481212615966797,1217.3213958740234
2.972126007080078,1220.2179431915283
2.6731491088867188,1223.3290672302246
1.2850761413574219,1213.089942932129
3.818988800048828,1221.9288349151611
3.6008358001708984,1216.6929244995117
1.2748241424560547,1232.7759265899658
1.171112060546875,1217.836856842041
1.2021064758300781,1216.1448001861572
5.645751953125,1212.480068206787
5.4569244384765625,1217.6048755645752
2.9997825622558594,1234.1649532318115
1.8851757049560547,1237.0011806488037
3.278017044067383,1221.5728759765625
2.8378963470458984,1223.1590747833252
2.9888153076171875,1219.0041542053223
2.151966094970703,1235.947847366333
3.137826919555664,1233.1149578094482
3.467082977294922,1222.762107849121
2.6891231536865234,1242.3489093780518
3.6249160766601562,1244.3301677703857
3.6249160766601562,1216.7983055114746
2.346038818359375,1218.6179161071777
5.847930908203125,1243.8490390777588
4.870176315307617,1224.4927883148193
12.90130615234375,1222.0370769500732
3.3211708068847656,1233.9961528778076
2.131938934326172,1236.1838817596436
2.2268295288085938,1220.8571434020996
3.4036636352539062,1229.327917098999
1.3511180877685547,1242.7928447723389
0.7982254028320312,1235.6009483337402
5.361080169677734,1236.7448806762695
5.700826644897461,1229.884147644043
7.064104080200195,1232.269048690796
8.228778839111328,1223.388910293579
2.5758743286132812,1215.4428958892822
1.9068717956542969,1228.7371158599854
4.64177131652832,1224.8871326446533
4.254817962646484,1214.9434089660645
4.6520233154296875,1217.8480625152588
5.175113677978516,1228.1761169433594
1.2700557708740234,1234.489917755127
1.15203857421875,1227.217197418213
0.9760856628417969,1228.4071445465088
0.7710456848144531,1226.1650562286377
0.6880760192871094,1243.3316707611084
0.5550384521484375,1226.0327339172363
1.2841224670410156,1212.9101753234863
1.6357898712158203,1226.4289855957031
2.2559165954589844,1232.820987701416
0.6721019744873047,1215.4760360717773
0.8389949798583984,1224.520206451416
1.4557838439941406,1232.0821285247803
1.4767646789550781,1223.1533527374268
1.130819320678711,1242.3560619354248
0.9868144989013672,1229.8307418823242
2.1920204162597656,1222.7787971496582
2.4619102478027344,1228.5940647125244
6.826877593994141,1220.7038402557373
2.3620128631591797,1217.4022197723389
6.603002548217773,1213.9849662780762
1.3680458068847656,1234.644889831543
1.0728836059570312,1209.7477912902832
3.5161972045898438,1228.7139892578125
1.4300346374511719,1232.611894607544
1.5170574188232422,1217.5872325897217
1.8079280853271484,1215.6219482421875
1.1992454528808594,1220.7000255584717
1.2028217315673828,1255.3081512451172
1.8868446350097656,1217.4568176269531
1.0461807250976562,1221.898078918457
1.0333061218261719,1247.5910186767578
1.5859603881835938,1247.3781108856201
1.554727554321289,1244.870901107788
0.9801387786865234,1213.838815689087
0.8919239044189453,1212.5279903411865
1.1038780212402344,1216.3469791412354
1.088857650756836,1213.7088775634766
1.6710758209228516,1213.3228778839111
1.6241073608398438,1214.6570682525635
0.7879734039306641,1227.3941040039062
1.6281604766845703,1209.0489864349365
2.2559165954589844,1220.4740047454834
2.2139549255371094,1221.5518951416016
1.4488697052001953,1222.9809761047363
1.4560222625732422,1216.4568901062012
1.3010501861572266,1227.1499633789062
1.0750293731689453,1240.6809329986572
1.1401176452636719,1227.4229526519775
0.9081363677978516,1220.4182147979736
1.116037368774414,1214.6587371826172
2.0651817321777344,1212.8100395202637
1.7180442810058594,1214.576005935669
1.7769336700439453,1231.0550212860107
3.1769275665283203,1232.0690155029297
1.7118453979492188,1216.5820598602295
1.5637874603271484,1212.9547595977783
0.9770393371582031,1221.0490703582764
1.68609619140625,1219.7058200836182
1.2416839599609375,1213.4778499603271
0.8959770202636719,1213.745355606079
1.3060569763183594,1217.7619934082031
1.1332035064697266,1212.702751159668
1.1031627655029297,1211.446762084961
2.379894256591797,1224.2228984832764
2.3298263549804688,1219.3269729614258
2.69317626953125,1216.5021896362305
1.5058517456054688,1217.5068855285645
2.5620460510253906,1212.266206741333
1.4469623565673828,1214.660882949829
1.6779899597167969,1221.7237949371338
1.6732215881347656,1212.5768661499023
1.5900135040283203,1211.4520072937012
2.0809173583984375,1210.3359699249268
1.2619495391845703,1215.5849933624268
1.7299652099609375,1210.5920314788818
1.2238025665283203,1212.6471996307373
1.1680126190185547,1224.8623371124268
1.0607242584228516,1226.1252403259277
1.3370513916015625,1211.5449905395508
1.5721321105957031,1214.508056640625
1.1429786682128906,1215.7440185546875
1.2009143829345703,1216.0131931304932
1.1870861053466797,1217.4952030181885
1.1603832244873047,1213.841199874878
1.6357898712158203,1221.7180728912354
3.1778812408447266,1217.2930240631104
2.856016159057617,1214.3118381500244
1.6210079193115234,1214.3778800964355
1.8351078033447266,1214.1270637512207
1.7821788787841797,1211.0788822174072
2.7489662170410156,1213.4630680084229
2.7468204498291016,1221.3292121887207
2.7980804443359375,1211.838960647583
2.974987030029297,1213.0911350250244
2.3040771484375,1214.5841121673584
1.6779899597167969,1216.5420055389404
1.3229846954345703,1212.6851081848145
2.9439926147460938,1221.7700481414795
2.542257308959961,1211.9488716125488
2.6330947875976562,1211.496114730835
2.8662681579589844,1213.2058143615723
3.4990310668945312,1222.6741313934326
2.5200843811035156,1222.588062286377
2.6700496673583984,1231.105089187622
2.044200897216797,1212.0440006256104
1.8379688262939453,1215.1107788085938
2.276182174682617,1216.8221473693848
2.2058486938476562,1214.6751880645752
1.8491744995117188,1211.2829685211182
1.74713134765625,1226.5307903289795
8.061885833740234,1216.4480686187744
9.18126106262207,1215.9910202026367
4.764080047607422,1211.7578983306885
7.130861282348633,1214.0181064605713
4.936933517456055,1215.4979705810547
5.025148391723633,1211.5190029144287
4.374027252197266,1221.182107925415
2.5551319122314453,1216.8009281158447
2.110004425048828,1227.799892425537
2.573251724243164,1221.2929725646973
2.701997756958008,1213.7629985809326
1.9710063934326172,1216.7458534240723
2.933979034423828,1218.1661128997803
3.679990768432617,1213.0529880523682
5.074024200439453,1225.1272201538086
3.1731128692626953,1212.5608921051025
2.1538734436035156,1218.1439399719238
3.426074981689453,1215.1401042938232
2.346038818359375,1217.7889347076416
2.942800521850586,1217.177152633667
1.4181137084960938,1217.2081470489502
1.1980533599853516,1227.5872230529785
1.3480186462402344,1221.177101135254
1.6829967498779297,1228.8312911987305
1.5730857849121094,1236.5467548370361
1.9981861114501953,1240.4799461364746
3.237009048461914,1214.7901058197021
19.858837127685547,1222.1989631652832
2.429962158203125,1216.9427871704102
15.529870986938477,1218.2860374450684
1.2578964233398438,1217.6260948181152
0.8008480072021484,1234.6467971801758
0.8661746978759766,1214.8149013519287
2.3407936096191406,1216.2399291992188
2.3419857025146484,1223.7191200256348
1.9249916076660156,1218.4338569641113
0.8230209350585938,1218.1379795074463
0.7891654968261719,1256.1280727386475
0.7498264312744141,1219.8779582977295
0.6108283996582031,1215.5139446258545
0.6427764892578125,1219.2859649658203
0.5509853363037109,1219.6626663208008
0.6031990051269531,1228.9707660675049
0.8130073547363281,1218.1339263916016
1.1887550354003906,1219.7039127349854
1.046895980834961,1216.8240547180176
1.171112060546875,1225.7070541381836
2.8569698333740234,1225.5537509918213
2.260923385620117,1224.146842956543
2.8989315032958984,1218.1739807128906
6.968975067138672,1213.2518291473389
8.074045181274414,1213.447093963623
6.136178970336914,1211.2441062927246
6.205081939697266,1231.104850769043
43.699026107788086,1219.1798686981201
38.890838623046875,1221.949815750122
41.46599769592285,1243.73197555542
42.11091995239258,1215.3682708740234
0.6856918334960938,1222.9368686676025
1.0449886322021484,1230.7229042053223
0.7832050323486328,1233.0200672149658
0.7491111755371094,1212.306022644043
0.6139278411865234,1219.0520763397217
0.5271434783935547,1224.9228954315186
0.5037784576416016,1216.8900966644287
0.6580352783203125,1217.146873474121
0.7176399230957031,1218.7199592590332
0.614166259765625,1218.6386585235596
0.5791187286376953,1217.2112464904785
0.6110668182373047,1218.0378437042236
0.8769035339355469,1218.1119918823242
0.5397796630859375,1229.0587425231934
0.6890296936035156,1220.8099365234375
0.7331371307373047,1216.8192863464355
0.9229183197021484,1216.6290283203125
1.0230541229248047,1212.3239040374756
1.0061264038085938,1213.9170169830322
0.9951591491699219,1215.4889106750488
0.8780956268310547,1211.8027210235596
0.6990432739257812,1214.7431373596191
0.9310245513916016,1217.3919677734375
0.6749629974365234,1224.7018814086914
1.058816909790039,1221.0838794708252
1.0251998901367188,1225.6519794464111
1.0700225830078125,1224.836826324463
0.8237361907958984,1218.1189060211182
0.7550716400146484,1228.2078266143799
0.7557868957519531,1225.0587940216064
1.1560916900634766,1224.381923675537
1.6200542449951172,1215.4231071472168
20.8890438079834,1243.6647415161133
5.131006240844727,1237.6346588134766
4.993915557861328,1232.9797744750977
2.816915512084961,1224.9846458435059
0.7951259613037109,1215.895175933838
0.7579326629638672,1229.614019393921
0.6721019744873047,1216.5701389312744
0.7569789886474609,1221.3499546051025
0.7359981536865234,1213.6328220367432
0.9260177612304688,1216.331958770752
0.8351802825927734,1215.9979343414307
1.2500286102294922,1222.4440574645996
0.6539821624755859,1211.8301391601562
0.843048095703125,1213.1080627441406
0.7910728454589844,1231.928825378418
0.7686614990234375,1232.5420379638672
0.6892681121826172,1223.3550548553467
0.6701946258544922,1213.1009101867676
0.6086826324462891,1225.801944732666
5.027055740356445,1210.3378772735596
2.6209354400634766,1220.973014831543
4.07719612121582,1229.69388961792
5.2700042724609375,1218.2209491729736
3.7839412689208984,1216.7718410491943
3.0808448791503906,1220.386028289795
6.108999252319336,1217.75484085083
8.983612060546875,1240.062952041626
5.94782829284668,1223.214864730835
3.2939910888671875,1222.5141525268555
12.133121490478516,1213.9840126037598
8.405923843383789,1213.3958339691162
11.975765228271484,1210.77299118042
5.496025085449219,1212.7201557159424
8.606910705566406,1214.9229049682617
2.5739669799804688,1216.0518169403076
4.70280647277832,1220.027208328247
7.052898406982422,1212.6708030700684
7.0400238037109375,1220.844030380249
9.139060974121094,1221.8081951141357
1.631021499633789,1214.0512466430664
10.762929916381836,1215.4309749603271
9.279012680053711,1216.1998748779297
14.66679573059082,1214.4279479980469
2.5789737701416016,1211.798906326294
11.852025985717773,1209.5770835876465
10.71310043334961,1222.226858139038
2.897977828979492,1218.2409763336182
3.3648014068603516,1214.294195175171
4.090070724487305,1211.8656635284424
2.8128623962402344,1230.7558059692383
1.6868114471435547,1221.8916416168213
6.627082824707031,1222.4183082580566
7.881879806518555,1214.3139839172363
6.557941436767578,1210.1449966430664
2.9382705688476562,1215.9559726715088
1.1088848114013672,1222.0630645751953
2.5310516357421875,1226.4881134033203
1.497030258178711,1220.4177379608154
1.44195556640625,1211.1310958862305
2.1207332611083984,1216.7799472808838
6.796836853027344,1216.9039249420166
21.35610580444336,1216.7668342590332
20.21312713623047,1228.0361652374268
1.445770263671875,1216.3982391357422
1.338958740234375,1217.2431945800781
1.1398792266845703,1227.7681827545166
0.6437301635742188,1213.7870788574219
0.9112358093261719,1214.8990631103516
4.903316497802734,1216.9768810272217
1.3899803161621094,1216.355800628662
1.3549327850341797,1216.6881561279297
1.0099411010742188,1213.9091491699219
0.9648799896240234,1215.7962322235107
0.8859634399414062,1226.1381149291992
2.196073532104492,1217.6990509033203
0.743865966796875,1227.931022644043
0.9479522705078125,1219.7990417480469
0.9388923645019531,1219.184160232544
0.7939338684082031,1235.0809574127197
0.5509853363037109,1211.3549709320068
0.7970333099365234,1211.0178470611572
1.0700225830078125,1219.9370861053467
1.1639595031738281,1259.2010498046875
1.0271072387695312,1263.240098953247
3.9768218994140625,1244.0850734710693
4.553079605102539,1253.377914428711
0.6000995635986328,1246.823787689209
0.8578300476074219,1225.7599830627441
0.9369850158691406,1225.0759601593018
0.7452964782714844,1211.4050388336182
0.6589889526367188,1255.481243133545
0.6477832794189453,1246.6380596160889
1.196146011352539,1230.5750846862793
8.794069290161133,1235.605001449585
6.19816780090332,1240.8499717712402
1.1205673217773438,1259.7780227661133
5.243778228759766,1218.7938690185547
0.8058547973632812,1259.2151165008545
1.1131763458251953,1215.230941772461
1.7981529235839844,1212.4240398406982
1.6608238220214844,1216.339111328125
1.7209053039550781,1213.7529850006104
0.7271766662597656,1228.3971309661865
2.557039260864258,1270.7140445709229
0.6480216979980469,1245.285987854004
0.8599758148193359,1234.5106601715088
1.1909008026123047,1210.40678024292
1.0769367218017578,1213.9551639556885
1.3158321380615234,1255.4569244384766
0.7851123809814453,1236.1609935760498
0.8931159973144531,1255.1231384277344
0.9160041809082031,1225.6779670715332
2.4268627166748047,1222.5279808044434
1.4619827270507812,1270.4899311065674
0.7829666137695312,1221.2400436401367
0.5917549133300781,1222.9208946228027
0.7479190826416016,1248.5449314117432
1.0540485382080078,1236.9179725646973
0.9570121765136719,1242.7327632904053
0.9818077087402344,1231.3189506530762
0.9548664093017578,1215.8470153808594
0.6341934204101562,1232.0640087127686
0.7269382476806641,1211.5790843963623
0.6432533264160156,1216.3169384002686
2.4521350860595703,1226.3259887695312
1.3532638549804688,1277.3852348327637
1.6589164733886719,1220.2861309051514
2.841949462890625,1229.9599647521973
0.8020401000976562,1281.6860675811768
0.6818771362304688,1271.8300819396973
0.598907470703125,1216.0310745239258
0.6549358367919922,1224.820852279663
1.1708736419677734,1214.92600440979
2.094745635986328,1222.369909286499
2.0558834075927734,1211.2629413604736
0.9148120880126953,1217.4851894378662
1.428842544555664,1217.4980640411377
1.3880729675292969,1214.8330211639404
1.3828277587890625,1213.5050296783447
1.0700225830078125,1214.8101329803467
1.6551017761230469,1218.42622756958
2.1381378173828125,1220.3199863433838
0.9939670562744141,1214.951992034912
2.2988319396972656,1215.2769565582275
2.2859573364257812,1217.1850204467773
2.801179885864258,1217.4861431121826
1.2469291687011719,1216.628074645996
1.5969276428222656,1217.5281047821045
2.5861263275146484,1221.1368083953857
4.94694709777832,1213.8378620147705
4.100799560546875,1216.1657810211182
1.5261173248291016,1215.8429622650146
1.1088848114013672,1215.0788307189941
7.651090621948242,1218.1382179260254
7.243871688842773,1214.7319316864014
5.179166793823242,1216.567039489746
5.690097808837891,1210.9127044677734
1.970052719116211,1214.054822921753
2.4518966674804688,1210.6990814208984
1.0569095611572266,1245.3739643096924
1.0533332824707031,1220.4291820526123
1.233816146850586,1247.5881576538086
1.024007797241211,1245.2192306518555
1.3167858123779297,1225.9588241577148
1.7287731170654297,1227.7798652648926
1.695871353149414,1215.0249481201172
1.5230178833007812,1237.2090816497803
1.5017986297607422,1209.3391418457031
1.0249614715576172,1209.0091705322266
1.5330314636230469,1212.3970985412598
1.291036605834961,1225.0661849975586
1.7628669738769531,1226.17506980896
1.703023910522461,1244.5018291473389
2.7740001678466797,1228.3000946044922
2.2377967834472656,1213.0208015441895
2.5091171264648438,1219.1872596740723
3.3960342407226562,1215.9652709960938
2.914905548095703,1218.8951969146729
4.689931869506836,1219.555139541626
4.348993301391602,1253.769874572754
8.376836776733398,1212.7258777618408
6.832122802734375,1224.9820232391357
4.809856414794922,1217.432975769043
3.597259521484375,1220.6029891967773
1.7969608306884766,1259.7050666809082
1.5859603881835938,1223.7472534179688
1.5201568603515625,1214.5640850067139
2.830982208251953,1216.0468101501465
1.5418529510498047,1225.9089946746826
1.2972354888916016,1225.7170677185059
1.1448860168457031,1227.9160022735596
1.9609928131103516,1229.5901775360107
4.772186279296875,1267.0042514801025
3.0159950256347656,1211.3471031188965
1.8122196197509766,1214.5459651947021
3.045797348022461,1216.3240909576416
2.980947494506836,1244.4579601287842
3.634929656982422,1216.7019844055176
4.329919815063477,1217.4971103668213
5.605936050415039,1211.6279602050781
5.146026611328125,1218.4820175170898
2.8939247131347656,1215.3496742248535
3.7910938262939453,1246.5331554412842
3.763914108276367,1274.1880416870117
4.012107849121094,1222.139835357666
2.696990966796875,1226.6910076141357
2.0639896392822266,1224.5020866394043
2.2735595703125,1210.1221084594727
2.293825149536133,1214.2479419708252
2.5250911712646484,1212.9600048065186
1.7559528350830078,1214.5180702209473
4.729032516479492,1216.5777683258057
6.170034408569336,1213.0258083343506
1.97601318359375,1219.0260887145996
1.1677742004394531,1242.3501014709473
3.5371780395507812,1217.6101207733154
3.0341148376464844,1214.163064956665
2.302408218383789,1218.470811843872
1.0161399841308594,1222.6908206939697
0.9748935699462891,1220.6552028656006
0.9427070617675781,1228.0383110046387
2.0437240600585938,1223.3352661132812
1.608133316040039,1226.7639636993408
2.9587745666503906,1214.0820026397705
2.532958984375,1219.916820526123
3.1239986419677734,1218.9440727233887
0.8509159088134766,1213.163137435913
1.5368461608886719,1221.2772369384766
0.6940364837646484,1216.8083190917969
1.0340213775634766,1216.0351276397705
1.3828277587890625,1213.5629653930664
3.155231475830078,1216.2070274353027
2.8138160705566406,1213.5610580444336
1.7712116241455078,1210.691213607788
1.5349388122558594,1222.5730419158936
4.379034042358398,1250.4830360412598
1.6791820526123047,1230.0598621368408
1.299142837524414,1255.2151679992676
1.4951229095458984,1215.970754623413
1.1026859283447266,1253.6611557006836
7.310152053833008,1215.3301239013672
1.1889934539794922,1213.1850719451904
2.415895462036133,1212.242841720581
2.361297607421875,1215.6977653503418
0.6420612335205078,1238.663911819458
3.446817398071289,1252.0618438720703
4.309892654418945,1267.937183380127
1.444101333618164,1271.9841003417969
2.184152603149414,1214.6258354187012
77.80003547668457,1209.9409103393555
78.51886749267578,1213.446855545044
37.303924560546875,1225.0292301177979
0.9899139404296875,1214.2579555511475
1.5323162078857422,1222.4149703979492
0.7548332214355469,1208.9080810546875
1.0790824890136719,1229.1648387908936
1.7638206481933594,1234.374761581421
2.151966094970703,1233.9341640472412
1.8901824951171875,1211.8909358978271
1.8167495727539062,1249.2680549621582
2.5742053985595703,1215.871810913086
5.045413970947266,1211.4369869232178
3.9260387420654297,1237.626075744629
2.638101577758789,1214.6739959716797
1.8978118896484375,1229.3140888214111
0.9143352508544922,1220.1008796691895
1.768350601196289,1213.418960571289
1.5950202941894531,1263.5149955749512
1.9540786743164062,1218.1141376495361
3.860950469970703,1212.5568389892578
2.931833267211914,1219.7270393371582
2.5360584259033203,1244.9989318847656
1.981973648071289,1238.4881973266602
5.134105682373047,1270.7550525665283
5.0811767578125,1235.875129699707
2.7709007263183594,1224.6630191802979
6.515979766845703,1220.4079627990723
9.299039840698242,1257.7202320098877
8.75997543334961,1254.6360492706299
10.715961456298828,1252.0298957824707
10.18381118774414,1213.6170864105225
3.10516357421875,1221.0052013397217
2.2950172424316406,1214.8993015289307
0.6811618804931641,1220.2601432800293
0.576019287109375,1214.7772312164307
0.9021759033203125,1216.9406414031982
0.8697509765625,1219.1810607910156
3.4139156341552734,1247.8291988372803
2.446889877319336,1213.9477729797363
0.8869171142578125,1217.238187789917
2.613067626953125,1214.684247970581
3.0319690704345703,1212.580919265747
6.578922271728516,1214.8840427398682
4.36091423034668,1216.0940170288086
6.747007369995117,1219.606637954712
2.1581649780273438,1242.478847503662
1.2350082397460938,1258.6259841918945
1.7290115356445312,1218.2691097259521
2.229928970336914,1217.4029350280762
2.560853958129883,1214.6658897399902
3.325939178466797,1221.125841140747
1.2619495391845703,1214.4689559936523
1.0440349578857422,1211.7152214050293
1.3720989227294922,1213.1497859954834
1.699209213256836,1210.5019092559814
1.4450550079345703,1221.5368747711182
1.689910888671875,1216.109037399292
0.8192062377929688,1225.034236907959
0.9300708770751953,1219.8381423950195
0.9059906005859375,1215.7719135284424
0.8330345153808594,1217.1730995178223
0.8721351623535156,1211.3151550292969
1.6350746154785156,1237.8268241882324
1.2569427490234375,1255.2299499511719
1.3620853424072266,1216.2649631500244
1.7848014831542969,1219.8882102966309
1.7199516296386719,1216.2182331085205
2.8839111328125,1216.3341045379639
2.2919178009033203,1214.595079421997
4.023075103759766,1240.5781745910645
1.1577606201171875,1216.568946838379
1.0120868682861328,1216.1388397216797
2.563953399658203,1230.0148010253906
1.7709732055664062,1228.5540103912354
1.6350746154785156,1232.3670387268066
1.1789798736572266,1218.0299758911133
1.664876937866211,1226.9039154052734
2.1500587463378906,1217.9040908813477
3.4470558166503906,1220.6730842590332
2.986907958984375,1222.076177597046
2.180814743041992,1212.5129699707031
2.093076705932617,1224.236011505127
6.103992462158203,1260.3390216827393
2.580881118774414,1255.303144454956
3.080129623413086,1230.5669784545898
30.67326545715332,1248.028039932251
5.016088485717773,1280.0860404968262
0.6389617919921875,1258.3730220794678
0.6358623504638672,1260.666847229004
0.9138584136962891,1213.3278846740723
0.5640983581542969,1228.7380695343018
0.5602836608886719,1233.6032390594482
0.7071495056152344,1223.2520580291748
0.7517337799072266,1222.5699424743652
1.0380744934082031,1224.3480682373047
0.701904296875,1273.2360363006592
0.6601810455322266,1226.6311645507812
0.9508132934570312,1225.6462574005127
0.5970001220703125,1267.4980163574219
0.5729198455810547,1226.48286819458
0.6189346313476562,1255.6190490722656
0.9369850158691406,1294.7990894317627
0.7550716400146484,1279.6988487243652
0.8440017700195312,1252.326250076294
3.448009490966797,1224.9038219451904
3.034830093383789,1217.3209190368652
2.6276111602783203,1232.630968093872
3.704071044921875,1233.1321239471436
3.400087356567383,1270.817756652832
2.8710365295410156,1218.7080383300781
7.329702377319336,1219.0768718719482
19.621849060058594,1217.5302505493164
4.602909088134766,1222.524881362915
6.083965301513672,1231.5828800201416
4.844188690185547,1227.4770736694336
3.078937530517578,1237.6227378845215
2.785921096801758,1228.4080982208252
1.4262199401855469,1244.76957321167
1.6999244689941406,1238.4319305419922
1.477956771850586,1265.7909393310547
1.6760826110839844,1246.5500831604004
1.1281967163085938,1230.0057411193848
1.1720657348632812,1223.5898971557617
1.4178752899169922,1241.905927658081
3.8001537322998047,1216.8738842010498
2.318143844604492,1234.8880767822266
2.0880699157714844,1213.4349346160889
2.015829086303711,1222.5799560546875
2.068042755126953,1211.8911743164062
3.824949264526367,1213.912010192871
2.03704833984375,1215.3339385986328
1.9550323486328125,1214.4451141357422
1.8641948699951172,1215.3680324554443
1.3561248779296875,1216.4809703826904
1.390695571899414,1214.5252227783203
1.8999576568603516,1213.2198810577393
2.5408267974853516,1217.7951335906982
1.714944839477539,1219.851016998291
1.7993450164794922,1219.1381454467773
1.9938945770263672,1230.5426597595215
1.6341209411621094,1216.9249057769775
1.8222332000732422,1225.5752086639404
2.0499229431152344,1217.4880504608154
1.8401145935058594,1215.2812480926514
6.135702133178711,1224.4758605957031
2.048015594482422,1245.412826538086
1.7251968383789062,1219.6259498596191
1.5311241149902344,1213.0482196807861
2.783060073852539,1220.0822830200195
2.454996109008789,1213.0177021026611
2.975940704345703,1215.2578830718994
3.4780502319335938,1249.013900756836
2.888917922973633,1216.8970108032227
2.810239791870117,1218.6548709869385
2.3288726806640625,1216.614007949829
2.298116683959961,1217.2188758850098
2.151966094970703,1229.9320697784424
2.1021366119384766,1217.972993850708
1.8999576568603516,1220.911979675293
2.5069713592529297,1215.3751850128174
4.382133483886719,1211.5452289581299
4.151821136474609,1241.0917282104492
4.611015319824219,1226.8447875976562
3.183126449584961,1219.519853591919
5.256891250610352,1232.5098514556885
2.1953582763671875,1218.1241512298584
2.8340816497802734,1215.6338691711426
3.548860549926758,1238.5179996490479
3.036975860595703,1219.696044921875
3.131866455078125,1215.8148288726807
1.8019676208496094,1219.2199230194092
2.2552013397216797,1217.44704246521
1.7821788787841797,1217.0939445495605
2.17437744140625,1222.299337387085
2.1190643310546875,1223.5660552978516
2.0170211791992188,1215.1949405670166
5.507946014404297,1226.449966430664
6.459951400756836,1217.0748710632324
6.448268890380859,1216.8960571289062
3.6547183990478516,1217.1540260314941
4.579067230224609,1228.0819416046143
1.3213157653808594,1217.3960208892822
1.0669231414794922,1218.5378074645996
1.8050670623779297,1229.0799617767334
1.7549991607666016,1210.85524559021
1.5261173248291016,1214.932918548584
1.1570453643798828,1218.1060314178467
1.6322135925292969,1223.9649295806885
1.1649131774902344,1220.2508449554443
1.1250972747802734,1213.9921188354492
1.4789104461669922,1212.857723236084
1.4209747314453125,1221.96626663208
1.712799072265625,1213.4428024291992
1.184225082397461,1243.6740398406982
1.2378692626953125,1225.5339622497559
1.4290809631347656,1229.5076847076416
1.1861324310302734,1215.803861618042
1.5170574188232422,1214.7819995880127
1.5110969543457031,1212.3689651489258
1.4789104461669922,1218.0979251861572
1.6891956329345703,1217.836856842041
1.1110305786132812,1214.1997814178467
1.1582374572753906,1213.2689952850342
2.329111099243164,1217.3597812652588
3.245830535888672,1212.419033050537
2.192974090576172,1212.7161026000977
3.0930042266845703,1218.8794612884521
1.6548633575439453,1224.8821258544922
1.332998275756836,1216.1478996276855
1.1599063873291016,1220.4279899597168
0.9639263153076172,1215.3711318969727
0.8349418640136719,1216.3569927215576
1.0399818420410156,1218.9741134643555
1.771688461303711,1219.588041305542
1.7278194427490234,1215.9547805786133
1.644134521484375,1218.4078693389893
1.9428730010986328,1211.1408710479736
2.1669864654541016,1240.8559322357178
1.6388893127441406,1234.7557544708252
2.360105514526367,1215.1899337768555
1.6069412231445312,1223.3810424804688
1.1157989501953125,1261.6240978240967
1.9190311431884766,1224.0641117095947
1.8880367279052734,1216.3550853729248
1.332998275756836,1218.8551425933838
1.9450187683105469,1223.5150337219238
1.5330314636230469,1221.4577198028564
1.4939308166503906,1225.6078720092773
1.444101333618164,1210.3478908538818
2.644062042236328,1244.9588775634766
2.5959014892578125,1261.9037628173828
2.991199493408203,1219.4948196411133
1.9841194152832031,1210.4840278625488
2.012014389038086,1260.4639530181885
1.6520023345947266,1221.7209339141846
1.4181137084960938,1239.9039268493652
1.2431144714355469,1252.9730796813965
1.2729167938232422,1232.6760292053223
1.3878345489501953,1223.5651016235352
1.344919204711914,1226.8669605255127
1.1219978332519531,1214.0259742736816
1.6632080078125,1211.5890979766846
1.6620159149169922,1221.7280864715576
2.020120620727539,1236.6349697113037
1.7719268798828125,1248.5952377319336
1.5113353729248047,1235.3899478912354
1.2543201446533203,1228.060245513916
1.232147216796875,1223.0041027069092
1.1000633239746094,1252.2330284118652
2.151012420654297,1214.9412631988525
0.9560585021972656,1214.2457962036133
0.8828639984130859,1246.1268901824951
1.0607242584228516,1260.1559162139893
0.84686279296875,1230.280876159668
1.3632774353027344,1242.3181533813477
1.2619495391845703,1218.4860706329346
0.9541511535644531,1217.9441452026367
1.2848377227783203,1228.9233207702637
1.3070106506347656,1250.1108646392822
1.7468929290771484,1235.996961593628
1.5978813171386719,1255.9611797332764
1.1429786682128906,1269.974946975708
0.9241104125976562,1246.4878559112549
1.127004623413086,1253.6132335662842
1.2409687042236328,1209.5317840576172
1.1601448059082031,1220.7930088043213
0.8330345153808594,1225.322961807251
1.474142074584961,1264.190912246704
1.4331340789794922,1214.7340774536133
1.3849735260009766,1228.5540103912354
1.8770694732666016,1223.869800567627
1.8470287322998047,1225.0471115112305
3.9091110229492188,1217.585802078247
2.4192333221435547,1215.545892715454
4.599094390869141,1217.1566486358643
4.611968994140625,1214.6401405334473
4.749059677124023,1215.6789302825928
3.454923629760742,1211.8990421295166
2.8018951416015625,1225.4490852355957
3.103017807006836,1222.2461700439453
1.8417835235595703,1214.8218154907227
1.5370845794677734,1211.773157119751
1.1630058288574219,1233.7119579315186
1.0631084442138672,1245.3968524932861
1.3492107391357422,1223.1659889221191
1.2979507446289062,1218.1951999664307
1.5921592712402344,1218.839168548584
1.6770362854003906,1238.9400005340576
1.6300678253173828,1237.7710342407227
1.6238689422607422,1226.012945175171
1.344919204711914,1212.3451232910156
1.0519027709960938,1214.2939567565918
2.148151397705078,1234.9841594696045
2.3970603942871094,1236.0870838165283
1.6720294952392578,1254.9161911010742
2.434968948364258,1225.041151046753
1.3570785522460938,1218.4169292449951
1.1620521545410156,1217.3700332641602
1.97601318359375,1255.1748752593994
1.56402587890625,1246.8857765197754
2.354145050048828,1259.2272758483887
2.546072006225586,1256.8142414093018
2.5300979614257812,1235.8500957489014
1.6760826110839844,1259.2418193817139
1.5101432800292969,1214.6329879760742
2.1147727966308594,1224.4369983673096
2.1190643310546875,1290.747880935669
1.9772052764892578,1268.4972286224365
1.482248306274414,1282.4101448059082
3.119945526123047,1216.0499095916748
2.4390220642089844,1221.1198806762695
2.3980140686035156,1234.4188690185547
3.2682418823242188,1240.0870323181152
2.8362274169921875,1227.766752243042
1.638174057006836,1246.8581199645996
1.6360282897949219,1244.149923324585
2.0599365234375,1255.7759284973145
2.607107162475586,1245.62406539917
3.525257110595703,1215.5358791351318
2.2249221801757812,1219.2511558532715
2.0699501037597656,1225.7800102233887
3.4880638122558594,1221.5559482574463
2.048969268798828,1215.2020931243896
4.378318786621094,1216.4607048034668
2.0079612731933594,1228.7161350250244
4.513025283813477,1238.529920578003
2.0079612731933594,1234.8589897155762
2.343893051147461,1227.4420261383057
3.0219554901123047,1275.413990020752
2.9807090759277344,1224.1909503936768
3.648996353149414,1215.8777713775635
2.248048782348633,1215.0859832763672
2.0499229431152344,1215.0850296020508
2.2878646850585938,1213.1597995758057
5.387067794799805,1218.5659408569336
2.4499893188476562,1239.0341758728027
1.9431114196777344,1260.0951194763184
3.0062198638916016,1247.0269203186035
12.378692626953125,1223.2389450073242
7.725715637207031,1240.7751083374023
1.1358261108398438,1255.431890487671
1.0528564453125,1243.4020042419434
2.5968551635742188,1216.3100242614746
2.061128616333008,1249.0689754486084
2.1209716796875,1228.2378673553467
2.958059310913086,1236.208200454712
7.236003875732422,1235.454797744751
1.2028217315673828,1215.595006942749
0.9849071502685547,1213.9639854431152
0.8809566497802734,1232.2187423706055
0.8161067962646484,1251.246690750122
0.9429454803466797,1231.6601276397705
0.74005126953125,1224.3850231170654
0.8728504180908203,1284.9571704864502
0.8370876312255859,1213.7458324432373
1.2171268463134766,1213.03129196167
1.3668537139892578,1217.1452045440674
1.4410018920898438,1218.8212871551514
0.9169578552246094,1215.942144393921
7.1430206298828125,1214.7750854492188
9.37795639038086,1211.9710445404053
2.1753311157226562,1219.557285308838
2.4709701538085938,1211.7500305175781
1.4579296112060547,1214.0729427337646
1.4507770538330078,1220.2398777008057
1.5361309051513672,1222.6848602294922
2.707958221435547,1213.533878326416
3.8499832153320312,1219.86985206604
7.065057754516602,1216.9890403747559
3.5982131958007812,1210.6008529663086
2.470254898071289,1226.1428833007812
2.357006072998047,1214.2260074615479
3.590822219848633,1210.7329368591309
2.087831497192383,1228.2450199127197
1.9991397857666016,1215.2152061462402
1.7790794372558594,1214.514970779419
1.7080307006835938,1222.998857498169
1.811981201171875,1215.1269912719727
1.5668869018554688,1211.0190391540527
1.3298988342285156,1231.7008972167969
6.084918975830078,1236.8621826171875
6.63304328918457,1237.334966659546
5.146980285644531,1211.2398147583008
3.4248828887939453,1212.8632068634033
3.036022186279297,1226.909875869751
2.115964889526367,1235.6441020965576
1.905202865600586,1223.310947418213
2.232074737548828,1215.3520584106445
4.13203239440918,1257.8978538513184
2.5720596313476562,1212.7811908721924
3.050088882446289,1215.8238887786865
2.286195755004883,1220.499038696289
2.994060516357422,1230.058193206787
13.644933700561523,1287.2099876403809
14.970064163208008,1230.8580875396729
2.741098403930664,1246.2518215179443
2.8460025787353516,1240.5650615692139
2.9430389404296875,1232.3939800262451
1.9428730010986328,1227.748155593872
1.6551017761230469,1218.2772159576416
2.465963363647461,1212.731122970581
2.961874008178711,1209.5839977264404
7.0362091064453125,1221.647024154663
4.752874374389648,1219.6619510650635
4.718303680419922,1231.4441204071045
0.8640289306640625,1270.1361179351807
0.9438991546630859,1256.9808959960938
0.8819103240966797,1272.3143100738525
0.8692741394042969,1244.7688579559326
1.0690689086914062,1266.1199569702148
1.337289810180664,1248.114824295044
1.2333393096923828,1229.2919158935547
3.1991004943847656,1237.3712062835693
3.5877227783203125,1246.7918395996094
2.148866653442383,1228.2559871673584
7.993221282958984,1246.4001178741455
66.67804718017578,1236.1111640930176
63.16089630126953,1231.2448024749756
62.89792060852051,1256.5367221832275
55.21798133850098,1219.0020084381104
0.8461475372314453,1214.5769596099854
1.2066364288330078,1221.9641208648682
0.7841587066650391,1217.0171737670898
0.6296634674072266,1215.4300212860107
0.476837158203125,1213.7410640716553
0.5300045013427734,1222.8138446807861
0.5488395690917969,1272.012710571289
0.576019287109375,1244.9779510498047
0.5490779876708984,1231.6510677337646
0.5059242248535156,1227.403163909912
2.190113067626953,1220.3776836395264
2.5489330291748047,1244.981050491333
2.492189407348633,1216.20512008667
1.9440650939941406,1225.2297401428223
1.8491744995117188,1230.20601272583
1.8000602722167969,1219.4061279296875
1.497030258178711,1244.0948486328125
1.8808841705322266,1246.229887008667
1.4472007751464844,1216.0639762878418
1.2769699096679688,1219.6309566497803
1.2671947479248047,1256.1168670654297
0.9589195251464844,1222.503900527954
0.9891986846923828,1222.1200466156006
1.4657974243164062,1225.121021270752
1.5838146209716797,1228.8062572479248
1.4569759368896484,1230.9069633483887
1.2428760528564453,1222.9351997375488
1.741170883178711,1214.1201496124268
2.613067626953125,1234.3871593475342
2.171754837036133,1237.1759414672852
2.053976058959961,1211.0579013824463
1.1649131774902344,1240.0288581848145
2.4530887603759766,1219.4368839263916
1.8129348754882812,1213.888168334961
2.329111099243164,1223.7911224365234
2.206087112426758,1216.2399291992188
2.0132064819335938,1218.4510231018066
1.9352436065673828,1227.7510166168213
1.3089179992675781,1226.3500690460205
2.361774444580078,1220.168113708496
2.004861831665039,1238.8010025024414
2.562999725341797,1219.2540168762207
4.203081130981445,1237.0140552520752
5.077123641967773,1216.5229320526123
5.026817321777344,1233.139991760254
3.258228302001953,1223.6120700836182
2.4280548095703125,1216.2950038909912
2.8107166290283203,1217.4901962280273
3.016948699951172,1245.7149028778076
3.4270286560058594,1252.443790435791
4.023075103759766,1238.9330863952637
3.426790237426758,1244.2512512207031
2.8007030487060547,1224.3390083312988
2.318859100341797,1239.522933959961
1.338958740234375,1231.9211959838867
1.1057853698730469,1216.871976852417
1.6181468963623047,1219.3660736083984
2.021312713623047,1220.2072143554688
2.2039413452148438,1217.993974685669
1.8529891967773438,1221.1637496948242
1.8460750579833984,1211.3268375396729
1.516103744506836,1216.6037559509277
1.9392967224121094,1220.310926437378
2.8460025787353516,1214.2419815063477
2.7539730072021484,1241.213321685791
2.26593017578125,1230.633020401001
2.196073532104492,1223.5147953033447
1.7218589782714844,1230.2672863006592
2.2110939025878906,1236.1938953399658
2.012968063354492,1226.3758182525635
1.9609928131103516,1227.7247905731201
1.8641948699951172,1237.9601001739502
1.7011165618896484,1245.4421520233154
2.588987350463867,1214.68186378479
2.868175506591797,1219.6080684661865
2.079010009765625,1270.4789638519287
2.949953079223633,1233.6812019348145
2.3190975189208984,1224.4799137115479
1.9659996032714844,1233.3319187164307
1.9571781158447266,1213.501214981079
1.8031597137451172,1216.7212963104248
1.6138553619384766,1235.9728813171387
1.7740726470947266,1216.7341709136963
2.3088455200195312,1242.1822547912598
2.140045166015625,1243.215799331665
1.9557476043701172,1222.316026687622
2.039670944213867,1215.9578800201416
2.611875534057617,1213.58323097229
1.653909683227539,1226.0158061981201
1.5912055969238281,1274.129867553711
6.054878234863281,1239.3817901611328
2.5420188903808594,1225.8260250091553
2.2852420806884766,1238.495111465454
2.531766891479492,1220.6909656524658
2.3000240325927734,1222.8119373321533
1.8548965454101562,1242.7449226379395
2.0439624786376953,1218.1990146636963
1.445770263671875,1246.1509704589844
1.86920166015625,1269.455909729004
1.6281604766845703,1233.2770824432373
1.9571781158447266,1276.7150402069092
1.9381046295166016,1213.6938571929932
1.7910003662109375,1216.2730693817139
1.2826919555664062,1224.1601943969727
1.7631053924560547,1225.126028060913
3.300189971923828,1213.3748531341553
5.198001861572266,1214.7490978240967
3.595113754272461,1270.2970504760742
3.08990478515625,1212.7857208251953
7.86900520324707,1211.6889953613281
7.238149642944336,1212.5041484832764
4.889011383056641,1218.599796295166
3.5462379455566406,1216.609001159668
5.578041076660156,1225.8012294769287
2.794027328491211,1215.3000831604004
2.434968948364258,1227.9610633850098
2.2509098052978516,1215.6169414520264
3.0641555786132812,1213.1080627441406
1.9299983978271484,1217.6759243011475
3.7310123443603516,1219.6791172027588
6.78706169128418,1233.2038879394531
7.68280029296875,1212.7180099487305
4.6100616455078125,1224.2391109466553
6.220102310180664,1218.3208465576172
7.956981658935547,1222.8810787200928
2.3260116577148438,1210.824966430664
3.6940574645996094,1221.1849689483643
3.5638809204101562,1216.7718410491943
3.484964370727539,1216.4196968078613
1.2888908386230469,1220.0679779052734
1.5599727630615234,1224.1599559783936
1.9631385803222656,1223.3209609985352
2.6972293853759766,1225.126028060913
1.9919872283935547,1217.5629138946533
1.5320777893066406,1230.600118637085
1.6589164733886719,1218.186378479004
6.067991256713867,1215.7340049743652
6.934642791748047,1224.3316173553467
6.742954254150391,1219.86985206604
6.702661514282227,1262.4671459197998
3.2372474670410156,1213.9029502868652
1.9838809967041016,1226.8962860107422
1.0569095611572266,1214.3120765686035
1.071929931640625,1215.9209251403809
1.026153564453125,1215.9512042999268
0.9417533874511719,1223.1199741363525
1.2710094451904297,1246.3757991790771
1.1610984802246094,1220.0472354888916
1.7750263214111328,1235.8551025390625
1.0890960693359375,1244.9488639831543
1.6057491302490234,1217.1118259429932
1.5900135040283203,1210.6938362121582
1.316070556640625,1211.5471363067627
1.6629695892333984,1218.714952468872
1.4197826385498047,1224.0591049194336
2.151012420654297,1238.785982131958
2.8328895568847656,1229.7139167785645
3.882884979248047,1228.1889915466309
1.4960765838623047,1235.9609603881836
1.4319419860839844,
1.5308856964111328,
1.2378692626953125,
1.0349750518798828,
1.1153221130371094,
1.0190010070800781,
0.9961128234863281,
2.8150081634521484,
1.6019344329833984,
1.558065414428711,
1.024007797241211,
0.9961128234863281,
0.9930133819580078,
1.0302066802978516,
1.0199546813964844,
1.1477470397949219,
1.3051033020019531,
1.3432502746582031,
0.9472370147705078,
3.748178482055664,
4.262208938598633,
3.142118453979492,
2.7930736541748047,
2.042055130004883,
1.0890960693359375,
1.0371208190917969,
0.9860992431640625,
1.1279582977294922,
1.4688968658447266,
0.9989738464355469,
1.0340213775634766,
3.0672550201416016,
2.975940704345703,
1.2500286102294922,
0.7569789886474609,
2.0389556884765625,
2.110004425048828,
5.634069442749023,
3.3981800079345703,
5.713224411010742,
3.986358642578125,
6.272792816162109,
1.8448829650878906,
1.7828941345214844,
1.379251480102539,
0.9238719940185547,
1.5728473663330078,
2.6750564575195312,
3.3028125762939453,
2.836942672729492,
1.4998912811279297,
3.62396240234375,
1.512289047241211,
1.1546611785888672,
1.4998912811279297,
1.2221336364746094,
1.1789798736572266,
0.8401870727539062,
0.8690357208251953,
0.7269382476806641,
0.9069442749023438,
0.8518695831298828,
0.7970333099365234,
2.115011215209961,
2.093076705932617,
3.4651756286621094,
4.931211471557617,
4.444122314453125,
2.2771358489990234,
2.2118091583251953,
1.6529560089111328,
1.2595653533935547,
1.230001449584961,
1.1818408966064453,
1.2860298156738281,
1.0008811950683594,
1.3382434844970703,
1.4810562133789062,
1.6438961029052734,
0.9868144989013672,
17.99774169921875,
19.461870193481445,
18.99409294128418,
23.095130920410156,
16.754150390625,
1.528024673461914,
1.0600090026855469,
1.0762214660644531,
1.4102458953857422,
0.7319450378417969,
0.8509159088134766,
0.8060932159423828,
0.8308887481689453,
1.1551380157470703,
1.8930435180664062,
1.1591911315917969,
1.7271041870117188,
0.6031990051269531,
0.8921623229980469,
0.8623600006103516,
1.3890266418457031,
0.8032321929931641,
0.7579326629638672,
1.232147216796875,
0.8692741394042969,
0.8051395416259766,
0.8139610290527344,
1.5060901641845703,
0.621795654296875,
0.5822181701660156,
0.6289482116699219,
0.9469985961914062,
1.1188983917236328,
0.7271766662597656,
0.7429122924804688,
0.7710456848144531,
0.7758140563964844,
0.7781982421875,
1.0890960693359375,
1.1820793151855469,
1.3971328735351562,
1.371145248413086,
0.5860328674316406,
0.6721019744873047,
0.8590221405029297,
1.9168853759765625,
8.952140808105469,
12.938976287841797,
23.76866340637207,
15.424966812133789,
19.56629753112793,
13.309955596923828,
0.782012939453125,
0.8881092071533203,
0.6270408630371094,
0.7648468017578125,
0.8728504180908203,
0.5662441253662109,
0.47397613525390625,
0.4801750183105469,
0.7030963897705078,
0.5240440368652344,
0.4870891571044922,
2.1347999572753906,
1.4050006866455078,
0.759124755859375,
0.48089027404785156,
0.6189346313476562,
0.7622241973876953,
0.7181167602539062,
5.933046340942383,
29.034852981567383,
8.548974990844727,
0.8709430694580078,
0.7841587066650391,
0.5681514739990234,
0.6020069122314453,
0.9069442749023438,
0.7281303405761719,
1.7211437225341797,
1.996755599975586,
2.238035202026367,
1.9350051879882812,
1.7957687377929688,
1.4319419860839844,
2.3620128631591797,
2.007007598876953,
5.141973495483398,
7.996797561645508,
10.008811950683594,
3.174304962158203,
2.565145492553711,
2.6459693908691406,
2.6311874389648438,
14.916658401489258,
14.399051666259766,
2.4652481079101562,
1.5790462493896484,
2.9010772705078125,
2.1958351135253906,
1.7910003662109375,
5.86700439453125,
3.7529468536376953,
3.0999183654785156,
2.75421142578125,
2.443075180053711,
1.6231536865234375,
1.7380714416503906,
1.9898414611816406,
2.103090286254883,
1.6980171203613281,
2.3338794708251953,
4.173755645751953,
5.3920745849609375,
3.9141178131103516,
3.1790733337402344,
2.691984176635742,
2.9718875885009766,
7.608890533447266,
6.738185882568359,
8.175849914550781,
3.401041030883789,
4.911899566650391,
6.002187728881836,
2.652883529663086,
3.9548873901367188,
5.260229110717773,
2.814054489135742,
2.1877288818359375,
2.462148666381836,
2.2890567779541016,
2.8429031372070312,
2.0380020141601562,
2.767324447631836,
1.3020038604736328,
2.763032913208008,
5.379199981689453,
2.4759769439697266,
3.9491653442382812,
3.4689903259277344,
7.92694091796875,
3.543853759765625,
5.389928817749023,
4.179954528808594,
4.642009735107422,
4.173994064331055,
3.3910274505615234,
2.050161361694336,
2.6159286499023438,
3.1461715698242188,
2.7551651000976562,
2.962827682495117,
2.318143844604492,
1.6632080078125,
1.7161369323730469,
0.9510517120361328,
0.9846687316894531,
1.4629364013671875,
1.445770263671875,
1.5611648559570312,
1.1229515075683594,
1.1909008026123047,
1.6279220581054688,
1.4851093292236328,
1.3468265533447266,
0.9419918060302734,
1.4820098876953125,
0.9007453918457031,
0.9281635284423828,
1.1429786682128906,
1.010894775390625,
1.7538070678710938,
1.1179447174072266,
0.8268356323242188,
1.5387535095214844,
1.5249252319335938,
1.3320446014404297,
1.0921955108642578,
1.110076904296875,
1.2481212615966797,
3.74603271484375,
4.27699089050293,
2.6941299438476562,
3.9811134338378906,
1.966238021850586,
4.114866256713867,
0.9019374847412109,
1.071929931640625,
1.4789104461669922,
1.4462471008300781,
3.773927688598633,
3.532886505126953,
3.754854202270508,
4.355192184448242,
3.271818161010742,
3.983020782470703,
4.042863845825195,
1.2788772583007812,
1.3687610626220703,
1.4660358428955078,
1.4290809631347656,
0.9090900421142578,
0.8568763732910156,
0.8511543273925781,
1.1327266693115234,
1.2259483337402344,
1.0747909545898438,
0.8308887481689453,
1.1260509490966797,
1.6939640045166016,
1.2221336364746094,
1.8429756164550781,
1.3060569763183594,
0.9658336639404297,
1.3828277587890625,
0.8749961853027344,
1.1410713195800781,
1.0728836059570312,
0.9238719940185547,
0.8337497711181641,
1.3523101806640625,
1.0998249053955078,
1.6651153564453125,
1.6469955444335938,
1.9478797912597656,
0.8871555328369141,
0.7970333099365234,
2.8700828552246094,
3.1402111053466797,
1.2211799621582031,
1.0221004486083984,
1.0030269622802734,
0.9248256683349609,
0.9829998016357422,
0.9369850158691406,
1.5287399291992188,
2.2759437561035156,
1.4700889587402344,
1.6977787017822266,
1.1680126190185547,
1.378774642944336,
1.7468929290771484,
3.934144973754883,
1.5621185302734375,
4.218339920043945,
1.644134521484375,
1.0538101196289062,
0.9720325469970703,
0.9891986846923828,
1.4739036560058594,
1.6148090362548828,
2.468109130859375,
1.8990039825439453,
1.4488697052001953,
1.4328956604003906,
1.4772415161132812,
1.4171600341796875,
1.5807151794433594,
1.1670589447021484,
1.107931137084961,
2.4559497833251953,
2.2420883178710938,
2.221822738647461,
1.7039775848388672,
1.6269683837890625,
2.377033233642578,
1.6510486602783203,
1.6450881958007812,
1.9791126251220703,
2.0067691802978516,
1.859903335571289,
2.6099681854248047,
2.674102783203125,
1.786947250366211,
1.5931129455566406,
1.5816688537597656,
1.8367767333984375,
1.5380382537841797,
1.302957534790039,
1.2538433074951172,
1.5399456024169922,
1.682281494140625,
1.8470287322998047,
1.8150806427001953,
2.43377685546875,
2.030611038208008,
1.3399124145507812,
2.279996871948242,
2.2242069244384766,
2.1839141845703125,
1.4622211456298828,
4.5299530029296875,
4.336357116699219,
4.587888717651367,
2.5360584259033203,
3.2529830932617188,
1.7290115356445312,
1.7709732055664062,
1.9321441650390625,
1.6529560089111328,
1.8770694732666016,
2.0160675048828125,
2.315044403076172,
1.6477108001708984,
2.0852088928222656,
1.5802383422851562,
2.1927356719970703,
2.8591156005859375,
2.3429393768310547,
2.335071563720703,
2.0449161529541016,
1.756906509399414,
2.9098987579345703,
2.893686294555664,
2.5289058685302734,
3.033161163330078,
2.9990673065185547,
2.701997756958008,
4.392147064208984,
3.734111785888672,
1.8260478973388672,
2.9218196868896484,
2.4008750915527344,
3.262042999267578,
2.5730133056640625,
2.435922622680664,
2.485990524291992,
2.115011215209961,
2.1190643310546875,
2.228975296020508,
2.4843215942382812,
2.8531551361083984,
8.795022964477539,
7.552146911621094,
6.554841995239258,
8.810043334960938,
4.163026809692383,
6.310939788818359,
5.759954452514648,
4.060983657836914,
7.815837860107422,
7.060050964355469,
7.787227630615234,
3.2880306243896484,
3.1380653381347656,
2.1779537200927734,
1.6407966613769531,
2.4700164794921875,
2.1681785583496094,
2.5930404663085938,
2.9001235961914062,
1.8088817596435547,
2.3832321166992188,
3.33404541015625,
3.7860870361328125,
2.2149085998535156,
3.7479400634765625,
2.573728561401367,
3.3791065216064453,
2.9969215393066406,
3.670930862426758,
2.2079944610595703,
1.995086669921875,
2.702951431274414,
1.3651847839355469,
2.3260116577148438,
2.2230148315429688,
1.9268989562988281,
2.1963119506835938,
1.3480186462402344,
1.085042953491211,
1.055002212524414,
1.0709762573242188,
1.8870830535888672,
1.10626220703125,
1.3320446014404297,
2.9571056365966797,
2.167224884033203,
1.8110275268554688,
1.7609596252441406,
1.8448829650878906,
1.6329288482666016,
1.4240741729736328,
1.1420249938964844,
0.9243488311767578,
1.9850730895996094,
2.1429061889648438,
2.3508071899414062,
3.3180713653564453,
7.241964340209961,
5.579948425292969,
4.336833953857422,
2.953767776489258,
2.402067184448242,
1.603841781616211,
3.1898021697998047,
2.050161361694336,
3.5009384155273438,
6.236076354980469,
3.412008285522461,
4.645109176635742,
2.332925796508789,
1.7311573028564453,
3.5462379455566406,
3.297090530395508,
3.032684326171875,
1.45721435546875,
1.3141632080078125,
1.52587890625,
1.4190673828125,
1.1091232299804688,
1.1258125305175781,
1.1887550354003906,
5.139827728271484,
2.258777618408203,
2.924203872680664,
1.04522705078125,
0.9939670562744141,
1.0111331939697266,
2.7010440826416016,
2.856731414794922,
1.2671947479248047,
1.3887882232666016,
1.3661384582519531,
1.5528202056884766,
1.4731884002685547,
1.4469623565673828,
2.249002456665039,
1.0497570037841797,
3.160715103149414,
1.0387897491455078,
1.544952392578125,
2.0830631256103516,
3.0951499938964844,
1.8811225891113281,
1.3730525970458984,
1.317739486694336,
1.2443065643310547,
1.80816650390625,
4.666805267333984,
2.779722213745117,
5.535125732421875,
1.6160011291503906,
1.6429424285888672,
2.1288394927978516,
1.8229484558105469,
1.5690326690673828,
1.458883285522461,
2.3190975189208984,
2.351045608520508,
2.2878646850585938,
2.3179054260253906,
2.626180648803711,
2.009868621826172,
1.0960102081298828,
1.2421607971191406,
2.931833267211914,
2.541065216064453,
1.9021034240722656,
1.5709400177001953,
3.2761096954345703,
2.3958683013916016,
2.3038387298583984,
2.820253372192383,
3.0999183654785156,
1.6751289367675781,
1.6558170318603516,
2.7790069580078125,
1.1279582977294922,
2.1009445190429688,
1.3811588287353516,
1.2569427490234375,
1.2950897216796875,
4.456996917724609,
3.4949779510498047,
5.023002624511719,
2.1059513092041016,
1.2679100036621094,
2.630949020385742,
3.182649612426758,
4.810094833374023,
2.8569698333740234,
3.3500194549560547,
3.938913345336914,
2.2199153900146484,
3.8318634033203125,
3.4182071685791016,
4.369974136352539,
1.4138221740722656,
1.2760162353515625,
0.9982585906982422,
1.7809867858886719,
1.9028186798095703,
3.376007080078125,
1.6789436340332031,
2.524852752685547,
2.089977264404297,
5.2280426025390625,
3.4589767456054688,
3.159046173095703,
3.511190414428711,
3.034830093383789,
3.4410953521728516,
2.830982208251953,
1.6150474548339844,
2.621889114379883,
2.641916275024414,
3.0426979064941406,
2.2962093353271484,
1.9829273223876953,
1.825094223022461,
2.686023712158203,
3.242015838623047,
2.780914306640625,
1.9640922546386719,
2.8717517852783203,
2.020120620727539,
2.4280548095703125,
2.9261112213134766,
3.444194793701172,
3.39508056640625,
3.547191619873047,
3.099203109741211,
3.0069351196289062,
2.393007278442383,
2.532958984375,
2.526998519897461,
2.407073974609375,
2.313852310180664,
2.2590160369873047,
2.0830631256103516,
1.8596649169921875,
2.3751258850097656,
3.2639503479003906,
3.147125244140625,
3.4971237182617188,
2.833127975463867,
3.281831741333008,
3.759145736694336,
2.8579235076904297,
2.0132064819335938,
2.769947052001953,
1.233816146850586,
2.2428035736083984,
2.311229705810547,
1.110076904296875,
0.9291172027587891,
1.3470649719238281,
0.8590221405029297,
1.940011978149414,
1.9168853759765625,
1.4851093292236328,
1.44195556640625,
1.148223876953125,
1.1019706726074219,
1.6789436340332031,
1.5270709991455078,
1.558065414428711,
1.4221668243408203,
0.8356571197509766,
0.8611679077148438,
1.8019676208496094,
2.209186553955078,
2.6237964630126953,
1.4612674713134766,
1.1358261108398438,
1.0023117065429688,
0.8628368377685547,
0.8029937744140625,
0.9131431579589844,
1.3778209686279297,
2.254009246826172,
1.9688606262207031,
1.8570423126220703,
2.2017955780029297,
2.682924270629883,
2.3980140686035156,
1.4219284057617188,
3.1397342681884766,
2.498149871826172,
2.2890567779541016,
8.519887924194336,
6.938934326171875,
4.666805267333984,
4.129171371459961,
1.4100074768066406,
2.7282238006591797,
2.6841163635253906,
1.6591548919677734,
1.2552738189697266,
6.376028060913086,
3.0100345611572266,
2.9168128967285156,
1.873016357421875,
36.759138107299805,
31.831979751586914,
31.805992126464844,
0.8471012115478516,
0.7038116455078125,
0.5621910095214844,
0.8938312530517578,
0.6511211395263672,
0.8780956268310547,
0.8828639984130859,
1.5130043029785156,
0.9539127349853516,
3.476858139038086,
3.1359195709228516,
2.287149429321289,
2.7959346771240234,
36.338090896606445,
39.090871810913086,
2.045869827270508,
1.6632080078125,
1.966238021850586,
1.6469955444335938,
4.501104354858398,
1.4710426330566406,
1.0638236999511719,
1.956939697265625,
1.1911392211914062,
1.703023910522461,
1.1780261993408203,
2.1698474884033203,
1.9638538360595703,
1.7821788787841797,
1.9812583923339844,
2.1741390228271484,
1.8608570098876953,
1.7690658569335938,
2.0461082458496094,
2.1729469299316406,
2.4330615997314453,
1.4181137084960938,
1.7940998077392578,
1.5158653259277344,
1.374959945678711,
1.3132095336914062,
1.2497901916503906,
1.2772083282470703,
2.1529197692871094,
1.9009113311767578,
2.2530555725097656,
2.209901809692383,
2.0999908447265625,
2.0530223846435547,
1.5740394592285156,
1.3959407806396484,
1.7957687377929688,
1.4042854309082031,
2.3970603942871094,
2.527952194213867,
2.026081085205078,
1.4681816101074219,
2.8307437896728516,
2.2766590118408203,
2.015829086303711,
1.8811225891113281,
1.8267631530761719,
1.322031021118164,
1.7158985137939453,
2.1550655364990234,
2.7120113372802734,
2.4971961975097656,
2.0599365234375,
1.7542839050292969,
1.6138553619384766,
5.283117294311523,
5.862951278686523,
2.5496482849121094,
1.764059066772461,
1.8489360809326172,
1.5649795532226562,
2.3970603942871094,
3.262042999267578,
2.456188201904297,
3.0448436737060547,
1.8181800842285156,
2.20489501953125,
4.122257232666016,
5.1670074462890625,
4.624128341674805,
3.3979415893554688,
1.9359588623046875,
4.243135452270508,
5.072832107543945,
4.514217376708984,
2.0520687103271484,
1.6889572143554688,
1.6300678253173828,
3.7031173706054688,
4.192829132080078,
1.157999038696289,
1.4379024505615234,
1.2860298156738281,
1.5039443969726562,
1.6021728515625,
1.5611648559570312,
1.6291141510009766,
1.6870498657226562,
1.6689300537109375,
1.5690326690673828,
1.7421245574951172,
2.3131370544433594,
2.505064010620117,
1.8608570098876953,
2.343893051147461,
2.490997314453125,
2.391815185546875,
2.863168716430664,
2.1212100982666016,
1.9598007202148438,
1.9679069519042969,
2.568960189819336,
1.1630058288574219,
1.7390251159667969,
1.6047954559326172,
2.177000045776367,
2.357006072998047,
3.4592151641845703,
2.093076705932617,
3.1099319458007812,
3.3469200134277344,
2.3882389068603516,
1.4998912811279297,
1.895904541015625,
2.7031898498535156,
1.2350082397460938,
2.088785171508789,
1.4998912811279297,
3.162860870361328,
6.473064422607422,
4.708051681518555,
2.9439926147460938,
4.565000534057617,
3.4279823303222656,
29.047012329101562,
1.2917518615722656,
1.6367435455322266,
1.3620853424072266,
0.9229183197021484,
0.7519721984863281,
1.1551380157470703,
0.5559921264648438,
0.9558200836181641,
0.8738040924072266,
0.7410049438476562,
0.6389617919921875,
0.5440711975097656,
0.6630420684814453,
0.6639957427978516,
0.5779266357421875,
0.5481243133544922,
1.489877700805664,
1.1677742004394531,
0.6959438323974609,
0.8268356323242188,
7.030010223388672,
1.7230510711669922,
1.2149810791015625,
1.1792182922363281,
1.2612342834472656,
1.2340545654296875,
1.6319751739501953,
1.4307498931884766,
1.5358924865722656,
1.5537738800048828,
1.2400150299072266,
0.926971435546875,
1.275777816772461,
1.238107681274414,
1.4569759368896484,
1.3470649719238281,
1.3661384582519531,
1.6362667083740234,
1.4350414276123047,
1.4469623565673828,
1.4848709106445312,
1.2660026550292969,
1.0852813720703125,
1.1401176452636719,
2.727031707763672,
10.07699966430664,
11.345863342285156,
3.805875778198242,
4.42814826965332,
4.37617301940918,
2.028942108154297,
1.3997554779052734,
1.7960071563720703,
1.748800277709961,
1.577138900756836,
1.6787052154541016,
1.180887222290039,
1.1777877807617188,
3.264904022216797,
4.199028015136719,
2.056121826171875,
3.9958953857421875,
1.850128173828125,
2.3300647735595703,
1.6980171203613281,
2.0208358764648438,
1.5749931335449219,
2.373933792114258,
3.0448436737060547,
1.9609928131103516,
2.5169849395751953,
2.3369789123535156,
2.3849010467529297,
4.066944122314453,
2.413034439086914,
2.0008087158203125,
1.9156932830810547,
1.651763916015625,
2.368927001953125,
2.584218978881836,
2.6319026947021484,
2.6633739471435547,
1.9750595092773438,
2.081632614135742,
2.034902572631836,
1.7960071563720703,
1.7819404602050781,
2.343893051147461,
1.7499923706054688,
2.5701522827148438,
2.2439956665039062,
2.505064010620117,
2.0987987518310547,
4.047870635986328,
4.122257232666016,
1.9419193267822266,
2.202272415161133,
1.9030570983886719,
1.973867416381836,
2.22015380859375,
2.0110607147216797,
2.6628971099853516,
2.9420852661132812,
5.168914794921875,
3.147125244140625,
2.432107925415039,
4.349946975708008,
3.3147335052490234,
2.020120620727539,
2.0532608032226562,
4.909992218017578,
4.82487678527832,
5.568027496337891,
4.537820816040039,
5.062341690063477,
2.5169849395751953,
2.357006072998047,
11.862039566040039,
1.6629695892333984,
8.630990982055664,
4.469871520996094,
8.277177810668945,
3.635883331298828,
4.527091979980469,
4.822015762329102,
4.13203239440918,
4.836797714233398,
3.780841827392578,
5.871057510375977,
5.033016204833984,
4.083395004272461,
3.3571720123291016,
4.09698486328125,
3.0069351196289062,
2.748250961303711,
3.4880638122558594,
2.5010108947753906,
2.615690231323242,
1.886129379272461,
2.089977264404297,
1.9516944885253906,
1.611948013305664,
1.2621879577636719,
1.2481212615966797,
1.7228126525878906,
1.3530254364013672,
2.231121063232422,
2.6578903198242188,
1.4579296112060547,
1.1217594146728516,
1.2118816375732422,
1.2559890747070312,
1.7881393432617188,
1.1188983917236328,
1.5759468078613281,
1.2688636779785156,
1.1069774627685547,
1.1699199676513672,
1.8222332000732422,
2.5968551635742188,
3.3380985260009766,
1.5943050384521484,
2.2962093353271484,
1.1589527130126953,
1.0962486267089844,
1.6071796417236328,
1.5540122985839844,
3.0100345611572266,
3.159761428833008,
2.9718875885009766,
2.1409988403320312,
1.3141632080078125,
1.4979839324951172,
1.5330314636230469,
2.088785171508789,
1.2459754943847656,
1.2857913970947266,
1.8150806427001953,
1.6481876373291016,
1.9886493682861328,
2.0978450775146484,
1.5442371368408203,
2.0148754119873047,
1.730203628540039,
1.7058849334716797,
1.8320083618164062,
1.67083740234375,
1.4102458953857422,
1.4181137084960938,
1.3668537139892578,
1.238107681274414,
1.1372566223144531,
1.7240047454833984,
0.9610652923583984,
1.3468265533447266,
1.2540817260742188,
1.0170936584472656,
2.2172927856445312,
1.0898113250732422,
1.2290477752685547,
1.2772083282470703,
0.8697509765625,
1.1892318725585938,
1.0271072387695312,
1.2900829315185547,
1.6362667083740234,
1.6071796417236328,
1.1761188507080078,
1.194000244140625,
2.0990371704101562,
1.3339519500732422,
1.1336803436279297,
1.2750625610351562,
0.9627342224121094,
2.4449825286865234,
2.2449493408203125,
2.69317626953125,
1.7750263214111328,
1.5139579772949219,
1.798868179321289,
3.4379959106445312,
1.6481876373291016,
2.4712085723876953,
5.94019889831543,
2.0737648010253906,
1.9648075103759766,
2.0029544830322266,
1.6241073608398438,
2.5637149810791016,
2.007007598876953,
1.8112659454345703,
1.7039775848388672,
1.9001960754394531,
1.8286705017089844,
1.7316341400146484,
2.2687911987304688,
1.5718936920166016,
2.1300315856933594,
2.9990673065185547,
1.950979232788086,
1.6698837280273438,
1.911163330078125,
4.749059677124023,
5.689859390258789,
6.270885467529297,
3.7031173706054688,
4.344701766967773,
4.256963729858398,
4.288911819458008,
3.6008358001708984,
2.0596981048583984,
2.006053924560547,
2.249002456665039,
2.753019332885742,
3.297090530395508,
2.5310516357421875,
2.146005630493164,
1.9249916076660156,
1.7638206481933594,
1.580953598022461,
2.108335494995117,
3.559112548828125,
2.476930618286133,
3.6890506744384766,
2.962827682495117,
1.940011978149414,
1.8711090087890625,
2.393007278442383,
3.2150745391845703,
2.6590824127197266,
1.9252300262451172,
1.9252300262451172,
1.5039443969726562,
1.5630722045898438,
1.979827880859375,
2.3949146270751953,
1.8460750579833984,
1.5840530395507812,
1.4469623565673828,
1.725912094116211,
2.134084701538086,
2.0151138305664062,
2.985239028930664,
2.658843994140625,
2.1491050720214844,
1.5192031860351562,
1.9562244415283203,
1.4069080352783203,
1.2919902801513672,
5.131006240844727,
5.975961685180664,
1.962900161743164,
1.5208721160888672,
1.585245132446289,
2.0589828491210938,
1.9719600677490234,
1.7669200897216797,
1.3120174407958984,
2.1669864654541016,
1.3420581817626953,
1.4832019805908203,
1.2030601501464844,
2.086162567138672,
3.145933151245117,
2.525806427001953,
2.2542476654052734,
2.305746078491211,
1.6367435455322266,
3.2210350036621094,
3.04412841796875,
4.379034042358398,
8.840084075927734,
2.363920211791992,
2.5811195373535156,
3.1828880310058594,
3.6039352416992188,
2.8009414672851562,
2.930164337158203,
3.1440258026123047,
2.7399063110351562,
2.6488304138183594,
9.335994720458984,
3.131866455078125,
10.290861129760742,
1.9710063934326172,
3.0121803283691406,
1.9252300262451172,
1.4629364013671875,
1.056671142578125,
3.100872039794922,
2.3179054260253906,
2.6183128356933594,
3.5860538482666016,
4.621982574462891,
3.080129623413086,
5.574226379394531,
4.673004150390625,
4.2591094970703125,
2.5153160095214844,
2.062082290649414,
4.712104797363281,
3.4317970275878906,
1.3461112976074219,
4.7760009765625,
9.371280670166016,
10.21885871887207,
1.7609596252441406,
2.222776412963867,
1.5637874603271484,
2.079010009765625,
1.657247543334961,
2.2170543670654297,
1.8510818481445312,
1.8460750579833984,
5.63812255859375,
2.8181076049804688,
3.0078887939453125,
1.558065414428711,
2.212047576904297,
1.851797103881836,
1.5981197357177734,
3.170013427734375,
2.925872802734375,
3.863096237182617,
1.3370513916015625,
1.573324203491211,
2.688884735107422,
2.9807090759277344,
2.531290054321289,
1.9981861114501953,
1.332998275756836,
3.942728042602539,
1.775979995727539,
2.213001251220703,
2.8197765350341797,
3.0219554901123047,
7.408857345581055,
2.9561519622802734,
2.7761459350585938,
3.8080215454101562,
3.7200450897216797,
5.280017852783203,
2.404928207397461,
1.8689632415771484,
1.725912094116211,
1.5878677368164062,
2.5360584259033203,
4.13203239440918,
3.5600662231445312,
2.6788711547851562,
2.5229454040527344,
2.591848373413086,
3.564119338989258,
2.541065216064453,
2.9039382934570312,
3.511667251586914,
2.2249221801757812,
7.9631805419921875,
5.51605224609375,
7.627964019775391,
6.754159927368164,
2.048969268798828,
1.8780231475830078,
7.978916168212891,
7.611989974975586,
5.1670074462890625,
3.1681060791015625,
2.390146255493164,
2.9098987579345703,
1.9881725311279297,
2.5327205657958984,
2.1491050720214844,
2.457141876220703,
2.3610591888427734,
2.260923385620117,
1.9321441650390625,
2.3469924926757812,
3.2091140747070312,
4.055023193359375,
4.807233810424805,
3.610849380493164,
4.804134368896484,
1.180887222290039,
4.870176315307617,
7.439136505126953,
1.1410713195800781,
1.300811767578125,
3.033161163330078,
3.612995147705078,
2.315998077392578,
1.9588470458984375,
1.7290115356445312,
1.6140937805175781,
1.1432170867919922,
1.0318756103515625,
1.7688274383544922,
1.5289783477783203,
2.413034439086914,
2.020120620727539,
1.9392967224121094,
2.9592514038085938,
2.7098655700683594,
4.123926162719727,
44.54803466796875,
43.09415817260742,
44.6929931640625,
41.953086853027344,
1.583099365234375,
1.313924789428711,
1.2252330780029297,
0.6649494171142578,
0.6849765777587891,
0.6811618804931641,
0.5886554718017578,
1.0890960693359375,
1.077890396118164,
1.5358924865722656,
0.7779598236083984,
0.7112026214599609,
0.5998611450195312,
0.5450248718261719,
0.7200241088867188,
0.7109642028808594,
0.5679130554199219,
0.7827281951904297,
0.5319118499755859,
0.5528926849365234,
0.579833984375,
0.5350112915039062,
0.6101131439208984,
0.6668567657470703,
0.8180141448974609,
0.759124755859375,
0.8091926574707031,
0.7894039154052734,
20.312070846557617,
19.009828567504883,
20.805835723876953,
22.37725257873535,
24.64604377746582,
0.6499290466308594,
0.6158351898193359,
0.7259845733642578,
0.8678436279296875,
0.7238388061523438,
1.2440681457519531,
1.088857650756836,
1.4929771423339844,
1.0819435119628906,
3.4019947052001953,
3.626108169555664,
2.8531551361083984,
4.908084869384766,
6.160259246826172,
2.3751258850097656,
2.1049976348876953,
2.607107162475586,
2.4547576904296875,
1.9838809967041016,
1.4531612396240234,
1.4672279357910156,
1.2919902801513672,
1.3051033020019531,
6.319999694824219,
7.92384147644043,
13.164997100830078,
3.0138492584228516,
3.741025924682617,
2.552032470703125,
1.5130043029785156,
2.218008041381836,
2.7701854705810547,
2.2149085998535156,
2.068758010864258,
1.8842220306396484,
2.123117446899414,
2.3720264434814453,
1.86920166015625,
2.609729766845703,
2.333402633666992,
1.8050670623779297,
10.030746459960938,
7.23719596862793,
8.109092712402344,
7.314920425415039,
2.5930404663085938,
1.811981201171875,
5.653142929077148,
6.226062774658203,
39.50905799865723,
0.6499290466308594,
0.5781650543212891,
0.5323886871337891,
0.5040168762207031,
0.8740425109863281,
0.8690357208251953,
0.8640289306640625,
0.8730888366699219,
0.6699562072753906,
0.6899833679199219,
0.9768009185791016,
1.2500286102294922,
0.6818771362304688,
0.6208419799804688,
0.6291866302490234,
0.6570816040039062,
0.9570121765136719,
0.7741451263427734,
0.8387565612792969,
0.6546974182128906,
1.4178752899169922,
2.029895782470703,
2.667665481567383,
42.65594482421875,
3.554821014404297,
0.7960796356201172,
0.49996376037597656,
1.1932849884033203,
1.6620159149169922,
1.5189647674560547,
1.3399124145507812,
1.2967586517333984,
1.2428760528564453,
1.1878013610839844,
1.0769367218017578,
0.8261203765869141,
0.7541179656982422,
0.4260540008544922,
0.5240440368652344,
0.5071163177490234,
0.4773139953613281,
0.6783008575439453,
0.57220458984375,
1.1341571807861328,
1.1029243469238281,
0.5469322204589844,
0.5128383636474609,
0.41484832763671875,
0.40602684020996094,
0.3829002380371094,
0.5419254302978516,
0.6091594696044922,
0.5838871002197266,
0.38313865661621094,
0.49591064453125,
0.4379749298095703,
0.44989585876464844,
0.48804283142089844,
0.4761219024658203,
0.43201446533203125,
0.5350112915039062,
0.5059242248535156,
0.4029273986816406,
0.3650188446044922,
0.5030632019042969,
0.7448196411132812,
1.1699199676513672,
0.7841587066650391,
0.6568431854248047,
1.8198490142822266,
1.6658306121826172,
2.0940303802490234,
1.992940902709961,
2.8281211853027344,
3.8700103759765625,
1.6438961029052734,
3.226757049560547,
3.194093704223633,
2.2439956665039062,
1.3511180877685547,
1.3079643249511719,
1.9021034240722656,
1.9698143005371094,
1.5301704406738281,
1.4019012451171875,
1.8799304962158203,
4.106760025024414,
1.6911029815673828,
1.603841781616211,
1.2638568878173828,
1.6970634460449219,
1.8510818481445312,
1.2431144714355469,
1.3377666473388672,
15.130996704101562,
18.819093704223633,
1.0390281677246094,
0.8606910705566406,
0.6358623504638672,
0.5960464477539062,
1.4939308166503906,
3.5789012908935547,
2.0978450775146484,
2.464771270751953,
2.2249221801757812,
1.2011528015136719,
3.9701461791992188,
11.8408203125,
7.842779159545898,
5.502939224243164,
4.998922348022461,
6.220817565917969,
5.243062973022461,
4.516839981079102,
4.339933395385742,
0.9069442749023438,
0.7319450378417969,
0.6537437438964844,
0.5717277526855469,
0.6568431854248047,
0.6406307220458984,
0.9012222290039062,
0.8292198181152344,
1.6582012176513672,
2.3450851440429688,
3.139019012451172,
1.8627643585205078,
1.6951560974121094,
2.4797916412353516,
3.4940242767333984,
2.576112747192383,
6.023168563842773,
3.3180713653564453,
17.04716682434082,
14.58597183227539,
2.0639896392822266,
2.6340484619140625,
2.26593017578125,
2.109050750732422,
1.3692378997802734,
1.6400814056396484,
1.9059181213378906,
1.4240741729736328,
2.955913543701172,
4.124164581298828,
2.5758743286132812,
8.400201797485352,
8.008956909179688,
2.584218978881836,
3.552675247192383,
2.5789737701416016,
3.473997116088867,
3.4821033477783203,
1.9199848175048828,
2.471923828125,
1.9040107727050781,
1.9359588623046875,
1.6901493072509766,
5.686759948730469,
6.810903549194336,
2.975940704345703,
6.90913200378418,
2.7561187744140625,
2.418994903564453,
2.331972122192383,
1.5087127685546875,
1.8770694732666016,
2.199888229370117,
3.4461021423339844,
3.0930042266845703,
1.9426345825195312,
1.9159317016601562,
1.651763916015625,
1.2428760528564453,
2.5038719177246094,
1.7719268798828125,
2.190113067626953,
1.4672279357910156,
1.573801040649414,
1.767873764038086,
2.885103225708008,
2.888917922973633,
2.9959678649902344,
3.6058425903320312,
3.1728744506835938,
12.597799301147461,
12.783050537109375,
5.542755126953125,
15.740156173706055,
6.603002548217773,
2.021312713623047,
2.713918685913086,
4.931211471557617,
1.56402587890625,
1.3570785522460938,
1.6751289367675781,
1.438140869140625,
1.7969608306884766,
1.2500286102294922,
2.0132064819335938,
1.8618106842041016,
1.8229484558105469,
1.425027847290039,
1.188039779663086,
1.725912094116211,
1.8091201782226562,
2.079010009765625,
2.0189285278320312,
1.8830299377441406,
1.5261173248291016,
1.2950897216796875,
1.9080638885498047,
1.0230541229248047,
1.6713142395019531,
1.4069080352783203,
2.586841583251953,
1.5671253204345703,
1.2748241424560547,
1.6138553619384766,
1.4400482177734375,
1.4221668243408203,
1.5842914581298828,
1.2958049774169922,
1.1992454528808594,
1.0607242584228516,
1.3241767883300781,
2.2161006927490234,
2.165079116821289,
1.6472339630126953,
1.6391277313232422,
1.2311935424804688,
2.3658275604248047,
2.871990203857422,
2.685070037841797,
1.287221908569336,
2.8400421142578125,
1.2171268463134766,
1.0578632354736328,
1.1570453643798828,
1.7838478088378906,
2.1889209747314453,
2.6230812072753906,
4.331111907958984,
3.2470226287841797,
1.2950897216796875,
1.2810230255126953,
1.6679763793945312,
1.5938282012939453,
1.8949508666992188,
1.1489391326904297,
1.3210773468017578,
1.8301010131835938,
1.5957355499267578,
2.1178722381591797,
3.0913352966308594,
1.3370513916015625,
1.1210441589355469,
1.1599063873291016,
1.0139942169189453,
1.0061264038085938,
0.8299350738525391,
0.9758472442626953,
0.9708404541015625,
0.8268356323242188,
1.2617111206054688,
1.1289119720458984,
0.8151531219482422,
1.2547969818115234,
1.1920928955078125,
1.2171268463134766,
1.1603832244873047,
1.168966293334961,
1.0688304901123047,
1.1048316955566406,
1.1780261993408203,
1.1987686157226562,
1.3530254364013672,
1.271963119506836,
1.3048648834228516,
1.6851425170898438,
1.0249614715576172,
1.6620159149169922,
1.9040107727050781,
1.3659000396728516,
1.1932849884033203,
2.094745635986328,
2.663850784301758,
1.2078285217285156,
1.3301372528076172,
2.6748180389404297,
1.6632080078125,
2.9180049896240234,
2.554178237915039,
2.467632293701172,
1.4812946319580078,
1.9919872283935547,
1.577138900756836,
1.5327930450439453,
1.940011978149414,
1.9831657409667969,
1.8842220306396484,
2.0177364349365234,
2.0139217376708984,
1.7087459564208984,
4.263162612915039,
3.206968307495117,
2.843141555786133,
2.6988983154296875,
3.304004669189453,
3.2758712768554688,
2.9480457305908203,
2.1190643310546875,
2.0029544830322266,
1.7483234405517578,
1.8897056579589844,
1.3852119445800781,
1.6679763793945312,
2.886056900024414,
2.6350021362304688,
1.5931129455566406,
1.476287841796875,
2.007007598876953,
3.180980682373047,
2.2401809692382812,
1.9309520721435547,
2.080202102661133,
1.5799999237060547,
1.5869140625,
1.9237995147705078,
1.8277168273925781,
1.7561912536621094,
1.856088638305664,
2.167224884033203,
2.2079944610595703,
1.6558170318603516,
7.147073745727539,
7.242918014526367,
3.239870071411133,
1.8181800842285156,
1.531839370727539,
1.7321109771728516,
1.7747879028320312,
2.1131038665771484,
2.3450851440429688,
3.412961959838867,
2.593994140625,
2.359151840209961,
2.187013626098633,
3.559112548828125,
2.418994903564453,
2.132892608642578,
2.2788047790527344,
2.527952194213867,
2.0911693572998047,
3.804922103881836,
1.9409656524658203,
2.186298370361328,
3.222942352294922,
2.6481151580810547,
1.6820430755615234,
1.992940902709961,
2.3927688598632812,
2.3963451385498047,
4.256963729858398,
6.371974945068359,
5.825996398925781,
3.4780502319335938,
3.5898685455322266,
3.3881664276123047,
2.374887466430664,
2.2139549255371094,
1.7828941345214844,
8.305072784423828,
9.38105583190918,
8.965730667114258,
5.91588020324707,
2.730131149291992,
2.8901100158691406,
3.846883773803711,
5.021095275878906,
5.995035171508789,
2.6738643646240234,
2.180814743041992,
30.831098556518555,
3.6020278930664062,
30.39097785949707,
4.300117492675781,
2.7980804443359375,
1.7790794372558594,
2.03704833984375,
1.917123794555664,
1.566171646118164,
2.2280216217041016,
2.9861927032470703,
2.937793731689453,
2.917766571044922,
2.1228790283203125,
2.458810806274414,
1.1987686157226562,
0.7178783416748047,
0.7278919219970703,
0.6718635559082031,
1.6908645629882812,
1.6677379608154297,
2.3069381713867188,
2.246856689453125,
1.4309883117675781,
1.3341903686523438,
0.9150505065917969,
0.9288787841796875,
1.1050701141357422,
1.0046958923339844,
1.3151168823242188,
1.1348724365234375,
0.9121894836425781,
0.7250308990478516,
5.7392120361328125,
3.116130828857422,
0.7557868957519531,
1.0428428649902344,
1.0080337524414062,
0.8280277252197266,
3.6351680755615234,
2.7070045471191406,
2.7289390563964844,
2.7899742126464844,
1.6980171203613281,
0.7827281951904297,
1.1429786682128906,
0.9627342224121094,
1.110076904296875,
0.9548664093017578,
1.049041748046875,
1.027822494506836,
7.086753845214844,
6.726264953613281,
5.09190559387207,
6.8378448486328125,
6.818056106567383,
0.7359981536865234,
1.2350082397460938,
2.009153366088867,
1.8391609191894531,
0.9820461273193359,
1.5780925750732422,
1.28173828125,
1.0540485382080078,
0.9868144989013672,
0.8168220520019531,
3.523111343383789,
0.9849071502685547,
0.9212493896484375,
0.9589195251464844,
0.8590221405029297,
1.0001659393310547,
3.412961959838867,
1.6117095947265625,
5.474090576171875,
0.9968280792236328,
0.9860992431640625,
1.7228126525878906,
2.1250247955322266,
2.816915512084961,
3.078937530517578,
1.978158950805664,
0.9679794311523438,
0.701904296875,
0.6039142608642578,
2.580881118774414,
2.865314483642578,
2.9451847076416016,
1.627206802368164,
2.0439624786376953,
1.4641284942626953,
8.175134658813477,
2.331972122192383,
1.6188621520996094,
1.653909683227539,
1.3561248779296875,
1.7418861389160156,
1.0991096496582031,
1.0139942169189453,
0.9479522705078125,
0.7102489471435547,
0.8029937744140625,
1.0271072387695312,
0.8368492126464844,
0.972747802734375,
0.6570816040039062,
0.6301403045654297,
1.1479854583740234,
1.5218257904052734,
1.0249614715576172,
0.6437301635742188,
0.9176731109619141,
0.8509159088134766,
0.7140636444091797,
0.682830810546875,
1.0290145874023438,
1.2288093566894531,
1.5149116516113281,
1.6140937805175781,
1.631021499633789,
5.157709121704102,
5.139827728271484,
6.206274032592773,
1.8100738525390625,
1.0619163513183594,
1.2049674987792969,
2.366304397583008,
2.877950668334961,
2.3648738861083984,
8.845090866088867,
3.113985061645508,
8.391857147216797,
3.1261444091796875,
0.6968975067138672,
0.6861686706542969,
1.251220703125,
1.2028217315673828,
1.2221336364746094,
0.9472370147705078,
1.3530254364013672,
0.8771419525146484,
2.125978469848633,
2.5200843811035156,
1.5139579772949219,
1.5039443969726562,
1.489877700805664,
0.9829998016357422,
1.2280941009521484,
1.0581016540527344,
0.8502006530761719,
0.7560253143310547,
0.888824462890625,
1.0552406311035156,
0.7481575012207031,
0.8828639984130859,
1.3110637664794922,
0.8409023284912109,
0.7512569427490234,
0.6172657012939453,
1.2128353118896484,
1.4410018920898438,
10.536909103393555,
10.792016983032227,
11.052846908569336,
8.016824722290039,
9.037971496582031,
1.4548301696777344,
0.8330345153808594,
1.1658668518066406,
0.7879734039306641,
0.7600784301757812,
1.1849403381347656,
1.0378360748291016,
7.027149200439453,
15.013933181762695,
15.533208847045898,
0.9720325469970703,
0.6368160247802734,
1.8129348754882812,
1.188039779663086,
0.9930133819580078,
0.8211135864257812,
3.9620399475097656,
2.92205810546875,
1.0118484497070312,
2.8111934661865234,
4.873037338256836,
1.973867416381836,
2.017974853515625,
7.266044616699219,
3.9331912994384766,
2.8028488159179688,
4.092931747436523,
3.5080909729003906,
3.4332275390625,
2.798795700073242,
1.1928081512451172,
2.2132396697998047,
2.2721290588378906,
1.5058517456054688,
1.4219284057617188,
1.5289783477783203,
0.9062290191650391,
3.226757049560547,
2.5017261505126953,
1.8432140350341797,
1.5571117401123047,
1.3267993927001953,
7.987022399902344,
8.460760116577148,
11.991262435913086,
2.3910999298095703,
1.09100341796875,
1.9528865814208984,
2.5250911712646484,
2.0339488983154297,
2.4480819702148438,
3.905773162841797,
2.946138381958008,
3.2377243041992188,
2.162933349609375,
4.368782043457031,
2.9799938201904297,
2.978086471557617,
3.4110546112060547,
3.6878585815429688,
2.769947052001953,
2.830982208251953,
2.8810501098632812,
3.0291080474853516,
1.9900798797607422,
1.7049312591552734,
1.7359256744384766,
2.03704833984375,
1.756906509399414,
1.8200874328613281,
3.0777454376220703,
2.1622180938720703,
2.599000930786133,
2.6068687438964844,
1.9521713256835938,
1.608133316040039,
3.152132034301758,
2.852916717529297,
6.574153900146484,
2.7570724487304688,
3.4308433532714844,
2.933979034423828,
3.484010696411133,
2.5589466094970703,
2.458810806274414,
2.1240711212158203,
6.977081298828125,
5.676031112670898,
6.638050079345703,
3.39508056640625,
1.8792152404785156,
2.619028091430664,
2.2840499877929688,
1.6150474548339844,
2.1538734436035156,
2.1066665649414062,
2.0537376403808594,
1.4209747314453125,
0.9069442749023438,
0.8587837219238281,
1.2967586517333984,
7.503032684326172,
1.9679069519042969,
2.6018619537353516,
1.405954360961914,
1.2891292572021484,
2.2618770599365234,
4.863977432250977,
44.687747955322266,
44.682979583740234,
42.05775260925293,
4.803895950317383,
38.24782371520996,
0.9119510650634766,
0.8068084716796875,
0.6721019744873047,
0.6127357482910156,
0.8242130279541016,
0.9090900421142578,
0.5981922149658203,
1.065969467163086,
0.7522106170654297,
0.6680488586425781,
0.7090568542480469,
0.5950927734375,
0.8649826049804688,
0.7851123809814453,
0.6573200225830078,
0.7028579711914062,
1.0497570037841797,
1.2319087982177734,
1.0120868682861328,
0.7760524749755859,
0.6079673767089844,
0.7381439208984375,
0.5860328674316406,
0.7660388946533203,
0.560760498046875,
0.7898807525634766,
2.0139217376708984,
4.739999771118164,
2.785921096801758,
2.619028091430664,
4.394054412841797,
0.7841587066650391,
0.6909370422363281,
0.7491111755371094,
0.6289482116699219,
0.8387565612792969,
1.0230541229248047,
0.6799697875976562,
0.6160736083984375,
0.5087852478027344,
0.5781650543212891,
0.7731914520263672,
0.4563331604003906,
1.1060237884521484,
0.4248619079589844,
0.5450248718261719,
1.8579959869384766,
1.6760826110839844,
1.4469623565673828,
1.7158985137939453,
2.780914306640625,
1.8210411071777344,
1.6472339630126953,
1.646280288696289,
1.3759136199951172,
1.2662410736083984,
1.4100074768066406,
1.1870861053466797,
1.5888214111328125,
1.4100074768066406,
1.1179447174072266,
1.6660690307617188,
1.482248306274414,
1.3947486877441406,
1.2652873992919922,
1.5881061553955078,
1.2793540954589844,
0.9400844573974609,
1.619100570678711,
1.3859272003173828,
1.0128021240234375,
1.3799667358398438,
1.4929771423339844,
1.708984375,
1.7409324645996094,
1.5330314636230469,
2.3717880249023438,
1.6798973083496094,
1.1332035064697266,
0.9119510650634766,
2.5169849395751953,
1.9290447235107422,
1.847982406616211,
1.1560916900634766,
1.0371208190917969,
1.580953598022461,
1.4569759368896484,
1.3439655303955078,
1.3613700866699219,
4.1961669921875,
4.383087158203125,
4.476785659790039,
1.6376972198486328,
3.000020980834961,
2.7878284454345703,
1.7032623291015625,
1.4777183532714844,
2.0780563354492188,
2.14385986328125,
2.089977264404297,
3.020048141479492,
2.628803253173828,
2.9501914978027344,
2.209186553955078,
2.5010108947753906,
1.2431144714355469,
1.560211181640625,
1.4369487762451172,
2.3963451385498047,
2.099275588989258,
2.2001266479492188,
1.4488697052001953,
1.7962455749511719,
1.6210079193115234,
1.4929771423339844,
1.1749267578125,
1.8150806427001953,
2.763986587524414,
2.9692649841308594,
3.6547183990478516,
3.324270248413086,
1.711130142211914,
2.2802352905273438,
2.131938934326172,
1.348733901977539,
0.9670257568359375,
1.9850730895996094,
1.8270015716552734,
2.321004867553711,
1.6570091247558594,
2.4390220642089844,
2.008199691772461,
2.3000240325927734,
2.483844757080078,
1.4541149139404297,
1.3811588287353516,
1.615285873413086,
1.4100074768066406,
1.89208984375,
1.44195556640625,
0.96893310546875,
3.219127655029297,
4.40216064453125,
1.9519329071044922,
1.8510818481445312,
1.7139911651611328,
1.2810230255126953,
0.8549690246582031,
2.1131038665771484,
1.6510486602783203,
1.8868446350097656,
1.9488334655761719,
1.5659332275390625,
1.4081001281738281,
1.6047954559326172,
1.6798973083496094,
1.7490386962890625,
3.644704818725586,
3.2498836517333984,
4.641056060791016,
4.312992095947266,
2.2721290588378906,
1.8279552459716797,
1.5728473663330078,
1.1451244354248047,
1.4958381652832031,
1.680135726928711,
1.7879009246826172,
1.7480850219726562,
1.5201568603515625,
2.7971267700195312,
2.0220279693603516,
2.1157264709472656,
1.1229515075683594,
1.8720626831054688,
2.5191307067871094,
1.3432502746582031,
2.056121826171875,
2.445220947265625,
2.2690296173095703,
1.9190311431884766,
2.009153366088867,
1.5578269958496094,
1.0519027709960938,
1.157999038696289,
0.9019374847412109,
5.821943283081055,
3.598928451538086,
1.600027084350586,
1.1339187622070312,
2.048015594482422,
2.130270004272461,
2.5930404663085938,
1.4309883117675781,
1.4128684997558594,
1.0249614715576172,
0.9489059448242188,
0.9918212890625,
1.2738704681396484,
1.0538101196289062,
3.135204315185547,
1.2133121490478516,
1.1699199676513672,
0.8442401885986328,
0.9169578552246094,
0.9698867797851562,
1.1410713195800781,
1.004934310913086,
1.3988018035888672,
1.271963119506836,
0.8609294891357422,
0.8320808410644531,
0.7359981536865234,
0.8699893951416016,
1.4700889587402344,
1.3871192932128906,
1.3768672943115234,
0.8649826049804688,
0.7832050323486328,
1.245260238647461,
1.1959075927734375,
0.9489059448242188,
2.730131149291992,
1.962900161743164,
2.252817153930664,
2.2950172424316406,
5.026102066040039,
2.7017593383789062,
2.516031265258789,
2.3810863494873047,
1.5599727630615234,
4.987955093383789,
4.90880012512207,
2.116680145263672,
5.441188812255859,
3.0410289764404297,
2.447843551635742,
2.256155014038086,
1.6770362854003906,
2.251148223876953,
2.864837646484375,
2.602100372314453,
2.315998077392578,
2.328157424926758,
1.744985580444336,
2.3279190063476562,
4.087924957275391,
2.8848648071289062,
2.5780200958251953,
1.811981201171875,
1.8379688262939453,
1.4331340789794922,
2.4161338806152344,
2.315044403076172,
1.909017562866211,
1.8720626831054688,
2.166748046875,
2.115011215209961,
2.0279884338378906,
1.5141963958740234,
2.168893814086914,
2.8557777404785156,
3.3028125762939453,
2.107858657836914,
1.9898414611816406,
1.7752647399902344,
1.9719600677490234,
2.6209354400634766,
1.6450881958007812,
1.5442371368408203,
1.8169879913330078,
1.4979839324951172,
2.0329952239990234,
1.9450187683105469,
1.584768295288086,
1.756906509399414,
3.793001174926758,
3.671884536743164,
2.5739669799804688,
3.706216812133789,
2.4902820587158203,
6.359100341796875,
6.846904754638672,
2.5069713592529297,
2.223968505859375,
2.215147018432617,
1.981973648071289,
1.895904541015625,
2.3581981658935547,
2.343893051147461,
2.331972122192383,
2.3589134216308594,
2.4530887603759766,
2.407073974609375,
4.136085510253906,
2.5780200958251953,
2.4390220642089844,
2.749919891357422,
1.2860298156738281,
1.8482208251953125,
1.6620159149169922,
2.1088123321533203,
1.8582344055175781,
3.123044967651367,
2.8982162475585938,
2.866029739379883,
2.959728240966797,
3.056049346923828,
2.0499229431152344,
2.8510093688964844,
2.2089481353759766,
1.4259815216064453,
1.0652542114257812,
1.093149185180664,
1.1980533599853516,
0.9248256683349609,
0.8730888366699219,
1.627206802368164,
1.5740394592285156,
1.5332698822021484,
0.9157657623291016,
1.196146011352539,
0.9999275207519531,
0.7171630859375,
0.7879734039306641,
1.149892807006836,
1.0020732879638672,
1.215219497680664,
1.0881423950195312,
0.7638931274414062,
1.856088638305664,
2.0759105682373047,
1.0437965393066406,
0.7569789886474609,
1.0046958923339844,
0.8358955383300781,
0.6809234619140625,
0.7619857788085938,
1.249074935913086,
0.8981227874755859,
0.9300708770751953,
0.8878707885742188,
1.1839866638183594,
1.055002212524414,
1.3267993927001953,
1.127004623413086,
0.8869171142578125,
2.3539066314697266,
1.165151596069336,
1.1050701141357422,
1.0917186737060547,
1.6078948974609375,
1.3287067413330078,
1.9834041595458984,
1.6047954559326172,
1.2390613555908203,
1.3990402221679688,
1.4159679412841797,
1.2972354888916016,
7.679939270019531,
6.232976913452148,
8.939027786254883,
3.092050552368164,
2.610921859741211,
3.1468868255615234,
2.6879310607910156,
1.4662742614746094,
3.9119720458984375,
4.004955291748047,
2.4640560150146484,
1.8470287322998047,
2.4671554565429688,
3.671884536743164,
4.107952117919922,
3.2510757446289062,
4.691839218139648,
4.878759384155273,
6.001949310302734,
1.9741058349609375,
1.7359256744384766,
2.868175506591797,
3.8950443267822266,
12.603044509887695,
1.1179447174072266,
1.0139942169189453,
0.8649826049804688,
0.7779598236083984,
1.2271404266357422,
1.2161731719970703,
2.0771026611328125,
1.107931137084961,
1.7058849334716797,
2.203226089477539,
9.192943572998047,
7.312774658203125,
3.7689208984375,
1.8849372863769531,
1.8832683563232422,
1.9867420196533203,
2.8581619262695312,
2.907991409301758,
4.105091094970703,
1.4929771423339844,
2.736806869506836,
5.309104919433594,
3.818988800048828,
4.951000213623047,
3.217935562133789,
2.2211074829101562,
3.086090087890625,
2.489805221557617,
3.0260086059570312,
2.727031707763672,
3.1671524047851562,
4.313945770263672,
2.4728775024414062,
1.8079280853271484,
3.657102584838867,
4.394054412841797,
3.564119338989258,
3.56292724609375,
1.529693603515625,
2.1262168884277344,
1.9211769104003906,
1.5490055084228516,
1.7757415771484375,
2.3040771484375,
1.8181800842285156,
2.75421142578125,
3.2422542572021484,
2.947092056274414,
1.6148090362548828,
2.688884735107422,
6.310939788818359,
6.28972053527832,
6.675958633422852,
5.710124969482422,
5.408048629760742,
1.51824951171875,
6.681203842163086,
6.609916687011719,
4.805088043212891,
4.591226577758789,
3.512144088745117,
1.936197280883789,
1.039266586303711,
1.255035400390625,
1.0099411010742188,
1.0099411010742188,
1.0533332824707031,
1.6438961029052734,
1.5730857849121094,
1.051187515258789,
1.0139942169189453,
0.8440017700195312,
1.0151863098144531,
2.880573272705078,
2.899169921875,
3.7889480590820312,
4.260778427124023,
1.348257064819336,
1.2869834899902344,
2.3899078369140625,
2.335071563720703,
2.599954605102539,
1.123189926147461,
1.554250717163086,
1.589059829711914,
1.8799304962158203,
1.1441707611083984,
1.6202926635742188,
0.9260177612304688,
1.7230510711669922,
1.3110637664794922,
4.897117614746094,
2.512216567993164,
5.048036575317383,
2.1271705627441406,
2.051830291748047,
2.3059844970703125,
2.7740001678466797,
2.067089080810547,
1.5807151794433594,
1.6300678253173828,
4.698038101196289,
2.3119449615478516,
3.4148693084716797,
3.4410953521728516,
3.026247024536133,
6.2961578369140625,
6.032228469848633,
3.4019947052001953,
3.2508373260498047,
1.5480518341064453,
1.4181137084960938,
0.9260177612304688,
1.783132553100586,
5.36036491394043,
2.986907958984375,
4.186868667602539,
1.8439292907714844,
1.4050006866455078,
4.523754119873047,
5.06591796875,
2.8388500213623047,
2.227783203125,
4.574775695800781,
1.8239021301269531,
6.253957748413086,
7.086753845214844,
7.009983062744141,
2.6450157165527344,
1.522064208984375,
3.8590431213378906,
35.35318374633789,
31.74614906311035,
30.969858169555664,
33.87188911437988,
11.797904968261719,
11.495113372802734,
7.635354995727539,
6.001949310302734,
8.004903793334961,
0.7951259613037109,
4.782915115356445,
6.130218505859375,
6.033897399902344,
5.108833312988281,
3.1239986419677734,
0.904083251953125,
0.6618499755859375,
0.6487369537353516,
0.6961822509765625,
3.5178661346435547,
4.459857940673828,
3.367900848388672,
3.069162368774414,
1.0311603546142578,
1.4379024505615234,
1.5716552734375,
1.4929771423339844,
1.7342567443847656,
2.0689964294433594,
1.7631053924560547,
1.6789436340332031,
7.300138473510742,
13.529777526855469,
10.510921478271484,
6.720066070556641,
7.177829742431641,
8.411169052124023,
7.905006408691406,
5.176067352294922,
3.688812255859375,
8.04901123046875,
3.7369728088378906,
3.6270618438720703,
2.932310104370117,
3.7140846252441406,
3.6292076110839844,
1.6279220581054688,
1.5330314636230469,
1.5308856964111328,
1.5780925750732422,
1.4417171478271484,
1.8310546875,
1.4693737030029297,
0.9310245513916016,
1.0149478912353516,
1.1501312255859375,
1.4231204986572266,
1.0600090026855469,
0.8409023284912109,
1.1248588562011719,
1.5420913696289062,
1.405954360961914,
1.2159347534179688,
1.0266304016113281,
0.9989738464355469,
0.9169578552246094,
0.8671283721923828,
3.0088424682617188,
3.223896026611328,
2.0499229431152344,
1.9500255584716797,
1.8970966339111328,
1.7480850219726562,
0.7431507110595703,
0.7641315460205078,
1.413106918334961,
1.7709732055664062,
1.4820098876953125,
1.809835433959961,
1.5327930450439453,
1.4352798461914062,
1.5711784362792969,
1.5289783477783203,
1.4069080352783203,
1.383066177368164,
1.2621879577636719,
0.9150505065917969,
1.2009143829345703,
1.6400814056396484,
1.6057491302490234,
0.9729862213134766,
1.3051033020019531,
1.071929931640625,
0.7357597351074219,
0.7817745208740234,
0.7789134979248047,
1.1227130889892578,
0.9970664978027344,
0.9851455688476562,
0.8568763732910156,
1.5368461608886719,
1.7681121826171875,
1.6508102416992188,
1.316070556640625,
1.6567707061767578,
1.5358924865722656,
1.0521411895751953,
0.8912086486816406,
0.8549690246582031,
0.8037090301513672,
0.9810924530029297,
1.1298656463623047,
0.9076595306396484,
0.9770393371582031,
1.2390613555908203,
1.1568069458007812,
1.1930465698242188,
0.7762908935546875,
0.9839534759521484,
1.6810894012451172,
1.7161369323730469,
1.4200210571289062,
1.1432170867919922,
0.7691383361816406,
1.2319087982177734,
1.5940666198730469,
1.2979507446289062,
1.3890266418457031,
1.2958049774169922,
0.6668567657470703,
0.6799697875976562,
0.8006095886230469,
0.7138252258300781,
0.6711483001708984,
0.5979537963867188,
1.0139942169189453,
0.9710788726806641,
0.8668899536132812,
1.0440349578857422,
0.7548332214355469,
1.1191368103027344,
0.9429454803466797,
0.6031990051269531,
1.7130374908447266,
2.379894256591797,
2.6688575744628906,
1.1248588562011719,
1.2307167053222656,
0.7779598236083984,
0.7822513580322266,
0.7369518280029297,
0.8499622344970703,
0.7526874542236328,
0.8471012115478516,
0.8111000061035156,
1.0209083557128906,
0.9970664978027344,
1.3840198516845703,
1.199960708618164,
1.0018348693847656,
1.3020038604736328,
0.6582736968994141,
0.8101463317871094,
0.9438991546630859,
0.8947849273681641,
0.7307529449462891,
0.6260871887207031,
1.2202262878417969,
0.720977783203125,
0.9500980377197266,
0.8339881896972656,
0.96893310546875,
0.7836818695068359,
0.8280277252197266,
0.9419918060302734,
1.1138916015625,
0.9508132934570312,
1.0118484497070312,
0.8656978607177734,
0.7929801940917969,
0.7507801055908203,
0.7851123809814453,
0.6880760192871094,
1.3818740844726562,
1.3499259948730469,
1.1761188507080078,
1.1801719665527344,
1.1372566223144531,
0.7867813110351562,
0.7679462432861328,
0.8039474487304688,
0.8759498596191406,
1.3649463653564453,
1.2040138244628906,
1.2688636779785156,
1.161813735961914,
1.3980865478515625,
1.7099380493164062,
1.1401176452636719,
1.2040138244628906,
1.1811256408691406,
1.3928413391113281,
1.4238357543945312,
2.048969268798828,
2.0017623901367188,
1.5041828155517578,
1.360177993774414,
1.4619827270507812,
1.86920166015625,
0.8220672607421875,
0.8068084716796875,
1.7130374908447266,
1.4307498931884766,
1.7812252044677734,
2.0630359649658203,
1.3599395751953125,
1.0859966278076172,
1.5459060668945312,
1.6193389892578125,
1.3580322265625,
2.4290084838867188,
2.3851394653320312,
2.3050308227539062,
3.7441253662109375,
2.6781558990478516,
3.6478042602539062,
4.418134689331055,
3.8230419158935547,
2.2461414337158203,
3.412961959838867,
1.7080307006835938,
1.5919208526611328,
1.0056495666503906,
1.0459423065185547,
0.843048095703125,
0.9808540344238281,
0.9968280792236328,
1.0747909545898438,
1.4269351959228516,
1.1017322540283203,
8.229970932006836,
3.935098648071289,
3.217935562133789,
1.8770694732666016,
10.729789733886719,
4.6939849853515625,
24.059295654296875,
0.6959438323974609,
0.5340576171875,
0.49304962158203125,
0.6577968597412109,
0.5192756652832031,
0.4990100860595703,
0.598907470703125,
0.8041858673095703,
1.2669563293457031,
1.013040542602539,
0.5896091461181641,
0.6868839263916016,
0.8723735809326172,
1.2640953063964844,
0.7643699645996094,
0.8308887481689453,
6.279230117797852,
11.02590560913086,
7.570028305053711,
2.541065216064453,
2.4819374084472656,
2.6340484619140625,
1.8281936645507812,
4.624128341674805,
11.307954788208008,
4.472255706787109,
3.592967987060547,
2.4650096893310547,
2.557039260864258,
2.4640560150146484,
1.6210079193115234,
1.5668869018554688,
1.4691352844238281,
1.2462139129638672,
1.6298294067382812,
1.470327377319336,
1.255035400390625,
1.3988018035888672,
3.201007843017578,
2.7730464935302734,
2.8829574584960938,
2.1619796752929688,
2.8820037841796875,
3.3540725708007812,
2.7170181274414062,
4.312038421630859,
3.662109375,
4.680871963500977,
1.764059066772461,
2.3250579833984375,
2.916097640991211,
1.7397403717041016,
1.6901493072509766,
4.087209701538086,
7.027149200439453,
8.023262023925781,
15.204191207885742,
12.090206146240234,
3.0498504638671875,
7.668972015380859,
11.282920837402344,
2.9151439666748047,
0.827789306640625,
0.7078647613525391,
0.9589195251464844,
0.720977783203125,
0.6897449493408203,
0.6079673767089844,
1.4200210571289062,
1.0731220245361328,
2.5911331176757812,
1.0790824890136719,
2.4878978729248047,
1.4529228210449219,
0.9400844573974609,
1.703023910522461,
1.1827945709228516,
1.3692378997802734,
1.8372535705566406,
0.7898807525634766,
1.0249614715576172,
0.9970664978027344,
1.1739730834960938,
1.2009143829345703,
1.2710094451904297,
1.9292831420898438,
1.9409656524658203,
2.8150081634521484,
2.271890640258789,
2.1140575408935547,
1.6241073608398438,
1.3079643249511719,
1.3508796691894531,
1.0688304901123047,
1.512765884399414,
1.6489028930664062,
1.6188621520996094,
1.5659332275390625,
2.3217201232910156,
1.9490718841552734,
2.6350021362304688,
2.731800079345703,
3.2510757446289062,
3.0939579010009766,
3.398895263671875,
4.791975021362305,
6.95490837097168,
8.26406478881836,
2.7167797088623047,
4.914999008178711,
2.4950504302978516,
1.5940666198730469,
2.8018951416015625,
2.4499893188476562,
2.0461082458496094,
1.9869804382324219,
1.956939697265625,
1.8229484558105469,
5.298852920532227,
1.8489360809326172,
5.295991897583008,
1.9140243530273438,
1.847982406616211,
1.809835433959961,
1.722097396850586,
1.6629695892333984,
1.4688968658447266,
1.4688968658447266,
1.40380859375,
1.7328262329101562,
1.7240047454833984,
2.668142318725586,
3.660917282104492,
3.6149024963378906,
3.591775894165039,
3.39508056640625,
2.203226089477539,
2.9120445251464844,
2.760171890258789,
2.9098987579345703,
3.1080245971679688,
2.2268295288085938,
1.2459754943847656,
2.2089481353759766,
2.1719932556152344,
2.888917922973633,
2.3581981658935547,
3.1681060791015625,
2.811908721923828,
1.8842220306396484,
3.8309097290039062,
4.142999649047852,
1.898050308227539,
1.4810562133789062,
1.2469291687011719,
3.359079360961914,
2.360105514526367,
3.0031204223632812,
2.227306365966797,
3.0031204223632812,
2.1071434020996094,
1.6179084777832031,
2.296924591064453,
2.398967742919922,
2.942800521850586,
4.441976547241211,
2.7060508728027344,
1.2922286987304688,
4.070043563842773,
1.80816650390625,
1.9631385803222656,
1.7087459564208984,
2.1970272064208984,
1.7790794372558594,
1.7900466918945312,
2.0551681518554688,
4.003047943115234,
2.930879592895508,
1.3840198516845703,
2.4890899658203125,
3.8878917694091797,
3.264904022216797,
2.850055694580078,
2.7320384979248047,
2.820253372192383,
2.6710033416748047,
2.9430389404296875,
1.6248226165771484,
1.6279220581054688,
1.667022705078125,
1.6219615936279297,
1.1510848999023438,
1.9960403442382812,
2.4671554565429688,
2.0558834075927734,
1.8482208251953125,
3.985166549682617,
2.9449462890625,
3.4732818603515625,
4.036188125610352,
1.3110637664794922,
1.3651847839355469,
1.3890266418457031,
1.4750957489013672,
1.466989517211914,
2.3050308227539062,
2.332925796508789,
1.7349720001220703,
1.4269351959228516,
1.6257762908935547,
1.6329288482666016,
3.046751022338867,
1.7409324645996094,
1.3110637664794922,
1.2900829315185547,
1.386880874633789,
2.652883529663086,
4.444122314453125,
3.3330917358398438,
2.275228500366211,
2.228260040283203,
3.077268600463867,
2.652883529663086,
2.177000045776367,
1.873016357421875,
2.315998077392578,
2.145051956176758,
1.8520355224609375,
2.3331642150878906,
2.0220279693603516,
2.652883529663086,
2.547025680541992,
1.8401145935058594,
2.454996109008789,
2.2192001342773438,
2.1610260009765625,
2.1080970764160156,
2.212047576904297,
2.930164337158203,
1.7011165618896484,
1.5118122100830078,
1.6422271728515625,
1.7330646514892578,
1.959085464477539,
1.6868114471435547,
1.4910697937011719,
2.054929733276367,
2.0248889923095703,
1.622915267944336,
1.4410018920898438,
1.7971992492675781,
1.7271041870117188,
1.936197280883789,
2.5959014892578125,
1.9602775573730469,
2.0189285278320312,
2.585887908935547,
2.2878646850585938,
1.4879703521728516,
1.9261837005615234,
2.4886131286621094,
1.6410350799560547,
1.4808177947998047,
4.244804382324219,
2.081632614135742,
2.0160675048828125,
3.4942626953125,
3.313302993774414,
1.7139911651611328,
1.7781257629394531,
1.7137527465820312,
1.5501976013183594,
1.7020702362060547,
2.1059513092041016,
2.0461082458496094,
1.7058849334716797,
2.088785171508789,
1.9571781158447266,
1.7669200897216797,
1.865386962890625,
2.4547576904296875,
2.6569366455078125,
2.0630359649658203,
2.447843551635742,
1.7848014831542969,
1.7540454864501953,
1.7201900482177734,
2.2521018981933594,
2.482891082763672,
1.9152164459228516,
2.090930938720703,
1.7609596252441406,
1.432657241821289,
1.9497871398925781,
1.9049644470214844,
2.469778060913086,
2.215147018432617,
2.1529197692871094,
3.0770301818847656,
2.8319358825683594,
2.7861595153808594,
2.9392242431640625,
2.254009246826172,
3.506898880004883,
4.317045211791992,
3.041982650756836,
2.602100372314453,
1.8608570098876953,
1.6260147094726562,
2.729177474975586,
3.5429000854492188,
8.565902709960938,
8.387088775634766,
3.9620399475097656,
2.429962158203125,
2.637147903442383,
2.1250247955322266,
1.8811225891113281,
2.476930618286133,
1.8830299377441406,
2.0012855529785156,
1.8548965454101562,
1.6481876373291016,
2.1567344665527344,
1.8961429595947266,
1.9829273223876953,
3.2339096069335938,
2.334117889404297,
1.8818378448486328,
2.0041465759277344,
3.0829906463623047,
3.0808448791503906,
2.8228759765625,
2.8641223907470703,
1.8770694732666016,
2.057313919067383,
1.8310546875,
2.0647048950195312,
1.8949508666992188,
1.7027854919433594,
2.068042755126953,
2.006053924560547,
1.8439292907714844,
2.2161006927490234,
1.91497802734375,
2.660036087036133,
2.438068389892578,
2.5238990783691406,
2.221822738647461,
2.4619102478027344,
1.8498897552490234,
1.8019676208496094,
1.5518665313720703,
1.3766288757324219,
2.3818016052246094,
2.208709716796875,
2.7718544006347656,
2.7620792388916016,
2.0110607147216797,
1.4472007751464844,
2.009153366088867,
7.414102554321289,
8.307933807373047,
3.9076805114746094,
8.24594497680664,
4.78816032409668,
3.017902374267578,
1.7020702362060547,
2.3620128631591797,
3.0698776245117188,
2.994060516357422,
2.929210662841797,
3.468036651611328,
2.5680065155029297,
2.619028091430664,
2.1779537200927734,
2.608776092529297,
1.6629695892333984,
3.0069351196289062,
2.7129650115966797,
2.803325653076172,
2.7358531951904297,
2.6702880859375,
2.1169185638427734,
1.0571479797363281,
1.2547969818115234,
1.7769336700439453,
2.5458335876464844,
3.282785415649414,
2.164125442504883,
2.6280879974365234,
1.5931129455566406,
1.7161369323730469,
1.3260841369628906,
2.0318031311035156,
1.9903182983398438,
1.2531280517578125,
1.3759136199951172,
1.3089179992675781,
1.4979839324951172,
1.6202926635742188,
1.5227794647216797,
1.4238357543945312,
1.2159347534179688,
1.302957534790039,
1.9118785858154297,
2.3221969604492188,
3.1142234802246094,
3.628969192504883,
4.088878631591797,
3.564119338989258,
2.4008750915527344,
2.8672218322753906,
1.683950424194336,
3.072023391723633,
2.15911865234375,
3.7491321563720703,
2.599954605102539,
1.9648075103759766,
1.811981201171875,
1.9750595092773438,
2.045154571533203,
1.9049644470214844,
1.6551017761230469,
2.0380020141601562,
1.7838478088378906,
2.027750015258789,
2.498149871826172,
1.74713134765625,
2.691030502319336,
2.655029296875,
1.5988349914550781,
1.7957687377929688,
1.706838607788086,
1.4870166778564453,
1.241922378540039,
2.1719932556152344,
2.4352073669433594,
1.8749237060546875,
2.582073211669922,
3.735065460205078,
3.6852359771728516,
3.674030303955078,
2.6350021362304688,
3.103017807006836,
3.5240650177001953,
3.467082977294922,
3.793001174926758,
1.5881061553955078,
1.322031021118164,
2.437114715576172,
2.38800048828125,
2.1309852600097656,
2.5739669799804688,
1.6012191772460938,
2.3577213287353516,
2.824068069458008,
2.2051334381103516,
2.4929046630859375,
1.9221305847167969,
1.6760826110839844,
1.583099365234375,
1.9810199737548828,
2.794981002807617,
2.5610923767089844,
3.0410289764404297,
1.5511512756347656,
1.7609596252441406,
2.187967300415039,
2.196073532104492,
4.769802093505859,
3.8766860961914062,
6.182193756103516,
5.255937576293945,
2.0270347595214844,
1.9681453704833984,
1.889944076538086,
0.9679794311523438,
2.590179443359375,
1.6391277313232422,
3.631114959716797,
3.5469532012939453,
9.822845458984375,
5.175113677978516,
2.4251937866210938,
1.9512176513671875,
1.4660358428955078,
1.3432502746582031,
3.715991973876953,
6.110191345214844,
3.999948501586914,
3.5500526428222656,
2.8831958770751953,
3.010988235473633,
2.463102340698242,
1.1897087097167969,
3.142833709716797,
2.126932144165039,
2.836942672729492,
1.7011165618896484,
1.3699531555175781,
3.5560131072998047,
2.5069713592529297,
1.7838478088378906,
1.5532970428466797,
1.8260478973388672,
2.408266067504883,
2.089977264404297,
1.6319751739501953,
2.2966861724853516,
2.67791748046875,
2.6030540466308594,
1.4820098876953125,
1.3549327850341797,
1.9588470458984375,
4.503011703491211,
2.9718875885009766,
2.197265625,
1.5652179718017578,
1.8413066864013672,
1.5628337860107422,
2.1390914916992188,
6.342887878417969,
1.741170883178711,
3.253936767578125,
1.1126995086669922,
1.1157989501953125,
1.1293888092041016,
0.8587837219238281,
1.316070556640625,
1.2247562408447266,
2.6018619537353516,
7.208824157714844,
40.58194160461426,
0.8311271667480469,
0.5908012390136719,
0.5640983581542969,
0.6561279296875,
0.6411075592041016,
0.6270408630371094,
0.6792545318603516,
0.8540153503417969,
0.6978511810302734,
0.6320476531982422,
0.5309581756591797,
0.7228851318359375,
1.1930465698242188,
1.087188720703125,
0.7879734039306641,
0.8282661437988281,
2.1278858184814453,
21.694183349609375,
16.833782196044922,
35.5677604675293,
12.521982192993164,
0.7770061492919922,
0.5671977996826172,
0.5421638488769531,
0.5230903625488281,
0.6241798400878906,
1.8172264099121094,
0.5810260772705078,
0.6270408630371094,
1.6188621520996094,
1.3179779052734375,
1.4319419860839844,
1.8658638000488281,
2.315044403076172,
2.0542144775390625,
1.9309520721435547,
1.2350082397460938,
2.393007278442383,
1.918792724609375,
2.914905548095703,
3.6427974700927734,
4.48298454284668,
3.0040740966796875,
2.093076705932617,
2.9108524322509766,
2.6998519897460938,
4.252910614013672,
2.5959014892578125,
1.9640922546386719,
2.1429061889648438,
1.573324203491211,
2.5670528411865234,
2.392292022705078,
1.9710063934326172,
3.2608509063720703,
3.0488967895507812,
1.7447471618652344,
1.9688606262207031,
1.9698143005371094,
1.5881061553955078,
5.173683166503906,
2.885103225708008,
2.0890235900878906,
4.318952560424805,
2.8181076049804688,
2.293109893798828,
2.8018951416015625,
2.404928207397461,
2.385854721069336,
2.6159286499023438,
2.8638839721679688,
3.6153793334960938,
4.457235336303711,
1.7859935760498047,
2.7780532836914062,
3.7949085235595703,
5.451679229736328,
6.262779235839844,
4.752874374389648,
5.277872085571289,
2.8269290924072266,
3.451824188232422,
2.498149871826172,
1.7809867858886719,
2.3529529571533203,
3.0221939086914062,
4.8828125,
4.907131195068359,
3.957033157348633,
4.492998123168945,
3.282785415649414,
5.370140075683594,
2.4940967559814453,
2.4967193603515625,
3.0319690704345703,
1.7940998077392578,
1.0581016540527344,
2.13623046875,
2.504110336303711,
1.8100738525390625,
3.3369064331054688,
1.4603137969970703,
1.2249946594238281,
1.0030269622802734,
1.5780925750732422,
1.5637874603271484,
1.524209976196289,
1.043081283569336,
0.8771419525146484,
1.2590885162353516,
1.4052391052246094,
1.4452934265136719,
1.0921955108642578,
0.8089542388916016,
1.0879039764404297,
1.051187515258789,
1.0459423065185547,
1.1363029479980469,
1.4760494232177734,
1.6102790832519531,
1.2660026550292969,
3.297090530395508,
3.239154815673828,
3.0558109283447266,
2.7170181274414062,
3.0090808868408203,
1.1751651763916016,
1.6450881958007812,
2.134084701538086,
1.3611316680908203,
1.2600421905517578,
1.016855239868164,
2.048015594482422,
1.9609928131103516,
1.5709400177001953,
1.4736652374267578,
1.332998275756836,
1.3110637664794922,
1.1620521545410156,
1.0747909545898438,
2.505779266357422,
1.6410350799560547,
1.9519329071044922,
1.89208984375,
1.583099365234375,
2.646207809448242,
2.187967300415039,
1.8491744995117188,
1.8541812896728516,
1.7237663269042969,
2.4819374084472656,
3.1440258026123047,
2.337932586669922,
3.804922103881836,
3.757953643798828,
4.271984100341797,
3.662109375,
2.396106719970703,
1.8131732940673828,
2.850055694580078,
3.117084503173828,
3.4978389739990234,
2.6111602783203125,
2.5658607482910156,
1.363992691040039,
1.3802051544189453,
0.8308887481689453,
0.8971691131591797,
0.8549690246582031,
1.6057491302490234,
1.6510486602783203,
1.0309219360351562,
1.6977787017822266,
3.6611557006835938,
1.5664100646972656,
1.2099742889404297,
1.0502338409423828,
1.3461112976074219,
1.3496875762939453,
1.7962455749511719,
1.4369487762451172,
1.6400814056396484,
1.9049644470214844,
1.8680095672607422,
1.2629032135009766,
2.456188201904297,
3.062009811401367,
4.733085632324219,
4.180908203125,
2.101898193359375,
3.3822059631347656,
2.8848648071289062,
2.7599334716796875,
2.827882766723633,
4.019975662231445,
3.0930042266845703,
2.129077911376953,
2.8090476989746094,
2.432107925415039,
3.072023391723633,
3.0379295349121094,
3.4818649291992188,
6.653308868408203,
5.364894866943359,
2.429962158203125,
2.4261474609375,
2.651691436767578,
2.1262168884277344,
4.017829895019531,
4.21595573425293,
6.332874298095703,
3.486156463623047,
6.421089172363281,
5.852222442626953,
4.059314727783203,
3.255128860473633,
1.4519691467285156,
8.265018463134766,
7.873773574829102,
14.688968658447266,
11.564016342163086,
1.9080638885498047,
4.637002944946289,
3.370046615600586,
3.158092498779297,
2.2242069244384766,
2.0248889923095703,
1.7383098602294922,
1.584768295288086,
3.9701461791992188,
4.422187805175781,
3.681182861328125,
2.1910667419433594,
1.5821456909179688,
1.1138916015625,
1.825094223022461,
1.6639232635498047,
1.6219615936279297,
1.978158950805664,
1.8420219421386719,
2.75421142578125,
4.059076309204102,
2.4001598358154297,
1.7421245574951172,
1.15203857421875,
1.3172626495361328,
1.0149478912353516,
1.2640953063964844,
1.2290477752685547,
2.0110607147216797,
2.9211044311523438,
2.0761489868164062,
3.0951499938964844,
2.917766571044922,
2.2940635681152344,
1.8758773803710938,
1.689910888671875,
0.9541511535644531,
4.61125373840332,
3.6821365356445312,
4.382133483886719,
6.733179092407227,
6.205081939697266,
6.682157516479492,
6.300926208496094,
7.718086242675781,
1.7850399017333984,
2.385854721069336,
2.2687911987304688,
2.7849674224853516,
2.9990673065185547,
3.004789352416992,
3.765106201171875,
2.254962921142578,
1.50299072265625,
1.0759830474853516,
0.9448528289794922,
1.1370182037353516,
1.4400482177734375,
1.0802745819091797,
1.0600090026855469,
2.1178722381591797,
2.6950836181640625,
3.432035446166992,
3.4160614013671875,
0.9441375732421875,
1.1641979217529297,
1.466989517211914,
2.543926239013672,
2.5899410247802734,
3.049135208129883,
2.3908615112304688,
1.9588470458984375,
1.3890266418457031,
0.9100437164306641,
0.9491443634033203,
0.9829998016357422,
0.9748935699462891,
0.9989738464355469,
1.4510154724121094,
0.972747802734375,
0.8242130279541016,
1.3761520385742188,
1.1339187622070312,
1.2879371643066406,
1.1820793151855469,
2.5148391723632812,
2.682209014892578,
1.5397071838378906,
1.2710094451904297,
1.3370513916015625,
1.8439292907714844,
1.2359619140625,
1.6548633575439453,
1.5439987182617188,
3.4759044647216797,
3.3979415893554688,
3.3617019653320312,
2.2270679473876953,
1.6639232635498047,
1.3949871063232422,
1.8041133880615234,
1.8758773803710938,
1.878976821899414,
1.4379024505615234,
1.7023086547851562,
1.4309883117675781,
2.035856246948242,
1.8832683563232422,
1.7039775848388672,
2.2308826446533203,
1.7616748809814453,
1.4920234680175781,
1.5480518341064453,
2.0291805267333984,
2.0987987518310547,
1.6498565673828125,
2.077817916870117,
1.7919540405273438,
2.4950504302978516,
1.6620159149169922,
1.6241073608398438,
2.0079612731933594,
1.9409656524658203,
1.6350746154785156,
2.063274383544922,
2.0630359649658203,
1.5559196472167969,
2.537965774536133,
1.9390583038330078,
3.408193588256836,
3.869771957397461,
3.1800270080566406,
2.6810169219970703,
1.3661384582519531,
2.5920867919921875,
2.8848648071289062,
2.6900768280029297,
3.2830238342285156,
3.173828125,
3.4570693969726562,
4.7359466552734375,
3.2067298889160156,
4.370927810668945,
2.063274383544922,
3.3338069915771484,
3.0760765075683594,
2.1300315856933594,
3.15093994140625,
2.3827552795410156,
2.4750232696533203,
3.3111572265625,
2.9811859130859375,
2.5610923767089844,
6.068944931030273,
2.8040409088134766,
3.0252933502197266,
3.3838748931884766,
4.7206878662109375,
4.049777984619141,
4.106044769287109,
5.423069000244141,
2.398252487182617,
2.4099349975585938,
2.502918243408203,
3.7980079650878906,
3.056764602661133,
3.2379627227783203,
1.9378662109375,
2.3651123046875,
3.570079803466797,
3.537893295288086,
5.404233932495117,
2.3069381713867188,
3.1609535217285156,
2.3360252380371094,
2.410888671875,
3.3669471740722656,
4.0111541748046875,
19.098997116088867,
16.14999771118164,
0.7181167602539062,
0.7491111755371094,
0.7178783416748047,
0.6551742553710938,
0.6759166717529297,
1.1811256408691406,
1.0700225830078125,
0.7622241973876953,
0.6818771362304688,
0.6690025329589844,
1.6829967498779297,
1.7380714416503906,
0.8170604705810547,
1.3632774353027344,
1.4040470123291016,
1.2388229370117188,
1.9767284393310547,
2.513885498046875,
2.615690231323242,
1.6252994537353516,
1.5530586242675781,
1.6407966613769531,
1.8038749694824219,
1.3990402221679688,
2.3260116577148438,
2.3338794708251953,
2.691030502319336,
1.68609619140625,
2.321958541870117,
2.1071434020996094,
2.974987030029297,
4.287958145141602,
2.454996109008789,
2.9675960540771484,
1.4619827270507812,
1.7406940460205078,
1.7590522766113281,
1.7330646514892578,
1.1379718780517578,
1.4040470123291016,
1.3539791107177734,
1.9299983978271484,
1.9907951354980469,
2.185821533203125,
1.9440650939941406,
1.9540786743164062,
1.7092227935791016,
1.6312599182128906,
1.6818046569824219,
1.7011165618896484,
3.741025924682617,
3.9310455322265625,
3.6101341247558594,
6.2007904052734375,
15.504837036132812,
10.086297988891602,
14.110088348388672,
3.7751197814941406,
1.9788742065429688,
1.6260147094726562,
0.9958744049072266,
4.663944244384766,
2.244234085083008,
6.025075912475586,
3.1158924102783203,
1.7101764678955078,
1.68609619140625,
1.5420913696289062,
1.352071762084961,
1.209259033203125,
1.1758804321289062,
2.443075180053711,
1.332998275756836,
5.893945693969727,
7.524967193603516,
9.38105583190918,
1.8718242645263672,
2.0439624786376953,
2.5849342346191406,
2.856016159057617,
2.0279884338378906,
2.03704833984375,
1.8489360809326172,
1.5606880187988281,
1.5690326690673828,
2.268075942993164,
5.176067352294922,
6.760835647583008,
2.1848678588867188,
3.1769275665283203,
2.299070358276367,
3.245830535888672,
5.754709243774414,
6.2713623046875,
1.3580322265625,
2.2809505462646484,
2.7217864990234375,
2.6509761810302734,
2.7170181274414062,
2.641916275024414,
1.7728805541992188,
3.0460357666015625,
3.1931400299072266,
2.8100013732910156,
3.383159637451172,
2.5081634521484375,
2.5031566619873047,
2.424001693725586,
2.398967742919922,
3.0188560485839844,
2.454996109008789,
6.031990051269531,
5.767822265625,
3.0248165130615234,
2.768278121948242,
42.494773864746094,
47.47819900512695,
44.14105415344238,
47.50490188598633,
0.9379386901855469,
1.3880729675292969,
0.7159709930419922,
0.6008148193359375,
0.9429454803466797,
2.130746841430664,
2.1209716796875,
1.9719600677490234,
2.73895263671875,
11.482000350952148,
2.119302749633789,
0.5691051483154297,
0.8130073547363281,
0.4260540008544922,
0.5059242248535156,
0.4730224609375,
0.48089027404785156,
0.4611015319824219,
0.42176246643066406,
0.4508495330810547,
0.7128715515136719,
0.43201446533203125,
0.4410743713378906,
0.5590915679931641,
0.48279762268066406,
0.8347034454345703,
0.5140304565429688,
0.4801750183105469,
0.7410049438476562,
0.5598068237304688,
0.3399848937988281,
0.5028247833251953,
0.47707557678222656,
0.39386749267578125,
0.4620552062988281,
0.5741119384765625,
0.5481243133544922,
0.3540515899658203,
0.5571842193603516,
0.5402565002441406,
0.5507469177246094,
0.5609989166259766,
0.5009174346923828,
1.1472702026367188,
1.096963882446289,
0.5719661712646484,
0.5049705505371094,
0.39196014404296875,
1.1301040649414062,
1.313924789428711,
0.7162094116210938,
1.0759830474853516,
0.7908344268798828,
1.0249614715576172,
0.720977783203125,
0.7488727569580078,
0.8440017700195312,
0.92315673828125,
0.8232593536376953,
0.7832050323486328,
0.8518695831298828,
0.7710456848144531,
0.9920597076416016,
0.9982585906982422,
1.1148452758789062,
1.065969467163086,
1.1088848114013672,
1.3318061828613281,
0.9539127349853516,
1.1990070343017578,
1.3103485107421875,
1.5270709991455078,
1.7740726470947266,
1.1582374572753906,
0.9560585021972656,
1.1370182037353516,
0.9212493896484375,
0.9148120880126953,
1.1141300201416016,
1.065969467163086,
0.9148120880126953,
0.762939453125,
0.7538795471191406,
0.9131431579589844,
0.8800029754638672,
0.7851123809814453,
0.7748603820800781,
2.357006072998047,
1.6477108001708984,
0.8828639984130859,
1.1639595031738281,
1.4040470123291016,
1.6193389892578125,
1.9989013671875,
1.9447803497314453,
1.9321441650390625,
1.127004623413086,
0.9419918060302734,
0.9169578552246094,
1.5649795532226562,
1.5490055084228516,
0.9751319885253906,
0.9400844573974609,
1.0221004486083984,
1.7158985137939453,
1.4438629150390625,
1.5709400177001953,
1.3670921325683594,
1.3098716735839844,
1.2617111206054688,
0.9710788726806641,
1.3930797576904297,
3.8499832153320312,
1.8820762634277344,
1.8281936645507812,
1.6722679138183594,
1.3887882232666016,
1.8851757049560547,
1.2981891632080078,
1.5621185302734375,
1.7940998077392578,
1.3489723205566406,
1.6999244689941406,
1.8010139465332031,
2.2819042205810547,
1.7290115356445312,
2.260923385620117,
3.0188560485839844,
2.9189586639404297,
2.2470951080322266,
2.804994583129883,
2.5076866149902344,
3.423929214477539,
2.1228790283203125,
1.9588470458984375,
2.195119857788086,
2.233743667602539,
1.7132759094238281,
3.80706787109375,
4.376649856567383,
2.3260116577148438,
1.7452239990234375,
1.6469955444335938,
1.811981201171875,
1.8711090087890625,
2.026081085205078,
1.466989517211914,
1.0380744934082031,
1.013040542602539,
1.0669231414794922,
1.0411739349365234,
0.9698867797851562,
1.280069351196289,
1.7309188842773438,
1.1000633239746094,
1.5630722045898438,
1.3377666473388672,
1.8758773803710938,
1.5208721160888672,
1.9390583038330078,
0.6840229034423828,
1.0640621185302734,
1.3151168823242188,
1.4460086822509766,
1.2590885162353516,
1.6560554504394531,
1.5101432800292969,
5.496025085449219,
4.168033599853516,
3.9429664611816406,
2.777099609375,
1.7249584197998047,
14.35089111328125,
11.018037796020508,
12.302875518798828,
11.687994003295898,
10.128021240234375,
1.0869503021240234,
2.51007080078125,
2.7489662170410156,
2.384185791015625,
0.7276535034179688,
0.7750988006591797,
0.7469654083251953,
0.7238388061523438,
0.6792545318603516,
0.6580352783203125,
1.7349720001220703,
1.8219947814941406,
0.9548664093017578,
0.6487369537353516,
0.5888938903808594,
2.862691879272461,
5.115032196044922,
4.719257354736328,
6.370067596435547,
3.2858848571777344,
1.0249614715576172,
1.024007797241211,
0.9930133819580078,
1.5110969543457031,
2.9358863830566406,
3.972768783569336,
1.577138900756836,
1.5668869018554688,
31.629085540771484,
39.804935455322266,
40.947914123535156,
34.609079360961914,
1.0120868682861328,
0.9000301361083984,
0.7221698760986328,
0.6601810455322266,
0.5168914794921875,
0.6530284881591797,
0.6060600280761719,
0.6008148193359375,
0.49495697021484375,
0.7157325744628906,
0.6670951843261719,
0.492095947265625,
0.9131431579589844,
0.8759498596191406,
0.8170604705810547,
0.9360313415527344,
2.135038375854492,
1.9841194152832031,
3.4551620483398438,
2.6960372924804688,
2.6140213012695312,
4.464864730834961,
39.51883316040039,
8.467912673950195,
35.887956619262695,
36.61918640136719,
16.24894142150879,
0.7648468017578125,
0.6859302520751953,
0.6120204925537109,
0.7741451263427734,
0.74005126953125,
0.5161762237548828,
0.6189346313476562,
0.5691051483154297,
0.4940032958984375,
0.4639625549316406,
0.4711151123046875,
0.5068778991699219,
0.46515464782714844,
0.5278587341308594,
0.6101131439208984,
0.5779266357421875,
0.5171298980712891,
0.4448890686035156,
0.45800209045410156,
0.45609474182128906,
0.6742477416992188,
0.6229877471923828,
0.46896934509277344,
0.7429122924804688,
0.7181167602539062,
0.4811286926269531,
0.6670951843261719,
0.6310939788818359,
2.324819564819336,
2.1941661834716797,
2.7740001678466797,
3.1740665435791016,
1.8610954284667969,
1.2831687927246094,
1.4009475708007812,
1.2919902801513672,
4.76527214050293,
16.01409912109375,
6.84809684753418,
9.62686538696289,
5.69605827331543,
10.71310043334961,
1.9712448120117188,
2.5358200073242188,
1.7459392547607422,
1.6508102416992188,
5.437374114990234,
4.130840301513672,
3.2181739807128906,
2.081632614135742,
2.125978469848633,
1.9650459289550781,
5.717992782592773,
5.256891250610352,
6.283044815063477,
2.6531219482421875,
2.5300979614257812,
3.2682418823242188,
5.126953125,
7.662773132324219,
11.61813735961914,
1.7058849334716797,
4.282951354980469,
4.738092422485352,
3.0450820922851562,
4.791021347045898,
3.155946731567383,
2.1181106567382812,
1.8291473388671875,
1.4531612396240234,
1.6388893127441406,
2.149820327758789,
2.227783203125,
1.0349750518798828,
1.0981559753417969,
1.1861324310302734,
1.653909683227539,
2.1402835845947266,
6.849050521850586,
10.54692268371582,
3.6606788635253906,
1.2810230255126953,
2.6221275329589844,
3.4787654876708984,
2.8121471405029297,
1.6622543334960938,
1.9130706787109375,
2.4499893188476562,
2.1848678588867188,
7.7228546142578125,
1.8339157104492188,
1.8019676208496094,
3.7887096405029297,
1.8658638000488281,
1.3887882232666016,
1.4319419860839844,
3.2320022583007812,
2.4871826171875,
2.315998077392578,
1.9969940185546875,
2.062082290649414,
2.622842788696289,
3.8521289825439453,
3.442049026489258,
4.123926162719727,
7.0590972900390625,
2.9082298278808594,
2.2649765014648438,
3.4248828887939453,
5.766153335571289,
2.7441978454589844,
3.062009811401367,
4.276037216186523,
2.521038055419922,
2.1009445190429688,
1.5180110931396484,
1.5769004821777344,
1.5859603881835938,
1.8322467803955078,
2.027750015258789,
1.8930435180664062,
1.7421245574951172,
1.9462108612060547,
1.809835433959961,
1.7168521881103516,
1.6939640045166016,
1.5208721160888672,
1.817941665649414,
2.3207664489746094,
1.940011978149414,
1.6508102416992188,
1.9581317901611328,
1.627206802368164,
1.9540786743164062,
1.9631385803222656,
1.8382072448730469,
1.461029052734375,
1.922607421875,
2.6137828826904297,
1.7309188842773438,
4.390954971313477,
2.382993698120117,
1.5769004821777344,
1.9948482513427734,
1.9466876983642578,
1.5900135040283203,
1.692056655883789,
1.5218257904052734,
1.7399787902832031,
1.6942024230957031,
1.558065414428711,
1.9237995147705078,
2.4149417877197266,
1.9922256469726562,
2.3860931396484375,
2.753019332885742,
3.314971923828125,
2.9990673065185547,
2.3927688598632812,
1.924276351928711,
1.6620159149169922,
1.9807815551757812,
2.074718475341797,
2.3679733276367188,
3.3049583435058594,
2.4099349975585938,
2.722024917602539,
2.8591156005859375,
1.8467903137207031,
1.8260478973388672,
1.9350051879882812,
1.50299072265625,
1.8172264099121094,
2.8269290924072266,
3.468036651611328,
3.159046173095703,
2.5191307067871094,
2.4061203002929688,
2.329111099243164,
2.6350021362304688,
2.8100013732910156,
2.485036849975586,
3.1960010528564453,
2.9439926147460938,
2.86102294921875,
2.6521682739257812,
1.6100406646728516,
4.757881164550781,
5.428314208984375,
5.458831787109375,
2.708911895751953,
2.911090850830078,
1.7778873443603516,
1.6350746154785156,
1.628875732421875,
1.7459392547607422,
2.048969268798828,
2.5720596313476562,
2.500772476196289,
1.791238784790039,
2.355337142944336,
1.4789104461669922,
3.2432079315185547,
3.537893295288086,
4.336833953857422,
5.817174911499023,
7.690906524658203,
3.8237571716308594,
3.6449432373046875,
3.537893295288086,
2.2101402282714844,
2.679109573364258,
2.2399425506591797,
2.7399063110351562,
2.0270347595214844,
2.5773048400878906,
1.9779205322265625,
1.5332698822021484,
1.8301010131835938,
1.4491081237792969,
2.1250247955322266,
2.4759769439697266,
2.749919891357422,
3.038167953491211,
1.5969276428222656,
1.547098159790039,
2.9511451721191406,
1.6298294067382812,
1.811981201171875,
1.6241073608398438,
2.527952194213867,
2.4580955505371094,
1.6293525695800781,
1.5690326690673828,
1.8978118896484375,
2.3500919342041016,
2.3260116577148438,
1.596212387084961,
4.357099533081055,
2.6559829711914062,
3.1239986419677734,
6.2580108642578125,
1.4951229095458984,
2.0558834075927734,
2.328157424926758,
1.708984375,
2.0008087158203125,
1.9156932830810547,
2.077817916870117,
1.9230842590332031,
2.045869827270508,
2.084970474243164,
2.421855926513672,
2.974987030029297,
2.788066864013672,
2.576112747192383,
2.9637813568115234,
2.894163131713867,
2.7780532836914062,
2.813100814819336,
1.5430450439453125,
2.259969711303711,
1.8949508666992188,
3.075838088989258,
2.523183822631836,
2.4700164794921875,
4.378080368041992,
2.662181854248047,
3.915071487426758,
2.75421142578125,
2.4330615997314453,
1.5752315521240234,
1.7900466918945312,
1.653909683227539,
1.8048286437988281,
3.023862838745117,
2.946138381958008,
3.0279159545898438,
2.6612281799316406,
2.498626708984375,
2.583026885986328,
2.5420188903808594,
1.7690658569335938,
2.104043960571289,
3.195047378540039,
2.246856689453125,
2.355337142944336,
2.254962921142578,
2.1529197692871094,
3.5028457641601562,
4.845142364501953,
8.094310760498047,
7.524967193603516,
2.6900768280029297,
2.9997825622558594,
2.092123031616211,
1.8911361694335938,
2.415180206298828,
2.347707748413086,
2.4518966674804688,
3.3299922943115234,
2.834320068359375,
2.0720958709716797,
2.705812454223633,
2.6450157165527344,
2.178192138671875,
1.7879009246826172,
2.09808349609375,
1.9092559814453125,
1.8000602722167969,
2.22015380859375,
2.3920536041259766,
1.859903335571289,
4.802227020263672,
4.385232925415039,
3.9870738983154297,
4.555702209472656,
3.2100677490234375,
2.2590160369873047,
2.420186996459961,
2.795696258544922,
1.3189315795898438,
2.151966094970703,
2.6350021362304688,
2.274036407470703,
1.7421245574951172,
1.4772415161132812,
2.341032028198242,
3.0558109283447266,
1.4007091522216797,
2.0339488983154297,
1.8398761749267578,
2.5398731231689453,
2.6540756225585938,
2.343893051147461,
2.0928382873535156,
2.057790756225586,
2.0301342010498047,
1.8467903137207031,
2.151966094970703,
2.2919178009033203,
1.4410018920898438,
6.165027618408203,
6.840944290161133,
6.996870040893555,
4.42194938659668,
8.296966552734375,
2.162933349609375,
3.1380653381347656,
4.666805267333984,
5.096912384033203,
0.9601116180419922,
0.8990764617919922,
1.2159347534179688,
1.2390613555908203,
1.092672348022461,
0.9720325469970703,
1.0371208190917969,
1.7383098602294922,
1.6160011291503906,
0.9310245513916016,
1.252889633178711,
1.4760494232177734,
1.219034194946289,
0.8130073547363281,
0.8599758148193359,
0.8101463317871094,
0.8549690246582031,
0.8680820465087891,
0.9160041809082031,
1.7821788787841797,
1.8019676208496094,
1.447916030883789,
4.780054092407227,
4.477977752685547,
1.4789104461669922,
1.415252685546875,
0.9417533874511719,
0.9160041809082031,
1.9876956939697266,
1.4889240264892578,
1.447916030883789,
1.2848377227783203,
1.3580322265625,
1.1451244354248047,
1.5869140625,
1.2998580932617188,
1.2481212615966797,
1.1909008026123047,
1.1420249938964844,
4.174947738647461,
3.9260387420654297,
3.0257701873779297,
2.9230117797851562,
1.149892807006836,
2.618074417114258,
4.000186920166016,
4.3182373046875,
5.465984344482422,
6.758928298950195,
11.660099029541016,
15.429973602294922,
12.703895568847656,
15.359878540039062,
2.515077590942383,
1.9688606262207031,
1.3208389282226562,
1.3930797576904297,
1.4901161193847656,
1.1911392211914062,
1.795053482055664,
2.115011215209961,
1.5990734100341797,
1.348257064819336,
1.2722015380859375,
0.7610321044921875,
0.6220340728759766,
0.6840229034423828,
3.117084503173828,
2.5641918182373047,
3.023862838745117,
0.9341239929199219,
0.6978511810302734,
0.7369518280029297,
2.007722854614258,
1.6529560089111328,
1.7330646514892578,
1.5659332275390625,
1.6908645629882812,
2.0911693572998047,
3.136873245239258,
1.7383098602294922,
1.7578601837158203,
1.1279582977294922,
3.3960342407226562,
3.8928985595703125,
2.0308494567871094,
1.9748210906982422,
1.950979232788086,
4.166364669799805,
4.169940948486328,
4.063844680786133,
1.920938491821289,
1.6651153564453125,
1.4882087707519531,
1.5282630920410156,
1.489877700805664,
1.4061927795410156,
1.3511180877685547,
1.0890960693359375,
0.9899139404296875,
0.9489059448242188,
2.2912025451660156,
1.5621185302734375,
2.0220279693603516,
8.857011795043945,
7.748842239379883,
5.100011825561523,
2.006053924560547,
1.4290809631347656,
1.5218257904052734,
1.712799072265625,
1.5227794647216797,
3.910064697265625,
1.9412040710449219,
5.111217498779297,
5.988121032714844,
6.259918212890625,
4.266977310180664,
2.624034881591797,
2.6543140411376953,
3.8127899169921875,
1.5811920166015625,
2.146005630493164,
1.7998218536376953,
3.0188560485839844,
3.158092498779297,
4.682302474975586,
4.2324066162109375,
3.5791397094726562,
1.7478466033935547,
2.7849674224853516,
1.7011165618896484,
1.6040802001953125,
3.173828125,
2.565145492553711,
2.7539730072021484,
2.7091503143310547,
2.1440982818603516,
2.359151840209961,
2.2878646850585938,
3.9238929748535156,
7.906913757324219,
5.0411224365234375,
2.714872360229492,
1.543283462524414,
1.0921955108642578,
1.300811767578125,
1.1069774627685547,
1.1608600616455078,
1.5759468078613281,
1.6062259674072266,
1.4181137084960938,
1.6677379608154297,
2.5899410247802734,
1.1568069458007812,
1.0540485382080078,
1.2040138244628906,
0.9212493896484375,
1.3582706451416016,
0.9891986846923828,
0.9348392486572266,
1.2459754943847656,
1.5072822570800781,
1.087188720703125,
1.4069080352783203,
1.3320446014404297,
2.2962093353271484,
2.835988998413086,
1.6980171203613281,
1.4469623565673828,
1.8041133880615234,
1.4879703521728516,
1.9707679748535156,
2.146005630493164,
1.683950424194336,
2.210855484008789,
3.426074981689453,
3.113985061645508,
4.2018890380859375,
3.103971481323242,
3.2927989959716797,
4.485845565795898,
2.7608871459960938,
2.597808837890625,
3.180980682373047,
2.847909927368164,
1.8768310546875,
5.172014236450195,
5.162954330444336,
2.5103092193603516,
2.765178680419922,
2.077817916870117,
1.4650821685791016,
1.2140274047851562,
1.2857913970947266,
1.8401145935058594,
2.435922622680664,
2.0699501037597656,
1.081705093383789,
0.9479522705078125,
2.031087875366211,
1.5540122985839844,
1.4281272888183594,
1.3048648834228516,
1.4200210571289062,
1.3699531555175781,
2.7201175689697266,
3.8802623748779297,
2.9189586639404297,
2.8269290924072266,
2.9439926147460938,
3.0450820922851562,
1.9710063934326172,
1.6400814056396484,
1.6140937805175781,
3.258943557739258,
4.121065139770508,
2.4280548095703125,
1.9469261169433594,
2.516031265258789,
1.8837451934814453,
1.6841888427734375,
2.525806427001953,
1.657724380493164,
1.7910003662109375,
1.8229484558105469,
2.501249313354492,
2.7818679809570312,
9.267091751098633,
2.374887466430664,
1.422882080078125,
2.440214157104492,
3.565073013305664,
1.6350746154785156,
8.394956588745117,
5.178928375244141,
9.460210800170898,
3.171205520629883,
2.569913864135742,
3.4792423248291016,
3.2949447631835938,
6.491184234619141,
5.228996276855469,
6.147146224975586,
1.6901493072509766,
4.642963409423828,
1.6391277313232422,
2.4518966674804688,
1.8880367279052734,
1.9021034240722656,
45.51410675048828,
48.38991165161133,
0.9279251098632812,
0.9200572967529297,
0.8871555328369141,
0.7200241088867188,
0.5970001220703125,
1.2898445129394531,
1.168966293334961,
0.9872913360595703,
1.127004623413086,
1.188039779663086,
0.7429122924804688,
0.7486343383789062,
0.5328655242919922,
0.7836818695068359,
0.8077621459960938,
0.8471012115478516,
0.7181167602539062,
0.6549358367919922,
0.6489753723144531,
15.594005584716797,
2.5856494903564453,
4.356145858764648,
3.435850143432617,
2.371072769165039,
2.7120113372802734,
1.8680095672607422,
1.60980224609375,
1.506805419921875,
1.3859272003173828,
1.1467933654785156,
0.9400844573974609,
0.5388259887695312,
7.627010345458984,
11.038780212402344,
7.921934127807617,
7.070064544677734,
3.3860206604003906,
3.6978721618652344,
4.465818405151367,
1.8329620361328125,
2.023935317993164,
1.68609619140625,
1.9598007202148438,
2.577066421508789,
3.8487911224365234,
1.0688304901123047,
0.5331039428710938,
0.6480216979980469,
1.1708736419677734,
1.2149810791015625,
1.3129711151123047,
1.5468597412109375,
4.215002059936523,
1.9061565399169922,
4.982233047485352,
1.0361671447753906,
0.8301734924316406,
1.033782958984375,
0.7081031799316406,
0.4858970642089844,
0.6611347198486328,
0.6530284881591797,
0.8242130279541016,
0.5290508270263672,
0.4951953887939453,
0.8561611175537109,
0.8378028869628906,
0.47898292541503906,
0.762939453125,
0.6301403045654297,
0.5788803100585938,
0.6561279296875,
0.7741451263427734,
0.7569789886474609,
0.7419586181640625,
0.49495697021484375,
0.4417896270751953,
0.43487548828125,
0.5450248718261719,
0.5419254302978516,
0.5679130554199219,
0.9310245513916016,
0.6699562072753906,
0.6880760192871094,
0.7231235504150391,
0.5109310150146484,
0.6458759307861328,
0.8540153503417969,
0.4680156707763672,
2.885103225708008,
8.604049682617188,
8.378982543945312,
0.6780624389648438,
0.9911060333251953,
0.5407333374023438,
0.43702125549316406,
1.4941692352294922,
0.5640983581542969,
0.5669593811035156,
0.4677772521972656,
0.6861686706542969,
1.7800331115722656,
1.409769058227539,
1.0271072387695312,
1.329183578491211,
0.6988048553466797,
0.5497932434082031,
1.1188983917236328,
1.2879371643066406,
0.8587837219238281,
2.6879310607910156,
1.7840862274169922,
1.180887222290039,
0.7882118225097656,
0.7131099700927734,
0.5521774291992188,
6.346940994262695,
5.464792251586914,
5.842924118041992,
1.3308525085449219,
1.383066177368164,
1.1489391326904297,
1.6331672668457031,
1.5940666198730469,
1.6429424285888672,
2.1622180938720703,
1.0743141174316406,
0.759124755859375,
0.5598068237304688,
0.5886554718017578,
0.6799697875976562,
0.5271434783935547,
0.5509853363037109,
0.5941390991210938,
0.6210803985595703,
0.9989738464355469,
1.1630058288574219,
1.2028217315673828,
0.9279251098632812,
2.3620128631591797,
1.917123794555664,
1.3210773468017578,
0.4520416259765625,
0.46896934509277344,
0.43702125549316406,
0.8292198181152344,
0.6363391876220703,
0.3788471221923828,
0.44608116149902344,
0.4401206970214844,
2.1028518676757812,
2.048015594482422,
2.546072006225586,
2.1109580993652344,
0.6918907165527344,
0.6258487701416016,
0.4410743713378906,
0.4050731658935547,
0.579833984375,
0.5528926849365234,
0.4889965057373047,
2.3779869079589844,
1.8770694732666016,
0.7810592651367188,
0.7429122924804688,
0.7450580596923828,
2.5489330291748047,
1.7459392547607422,
1.7008781433105469,
1.2149810791015625,
1.728057861328125,
1.2569427490234375,
0.7994174957275391,
0.9200572967529297,
0.7772445678710938,
1.0879039764404297,
1.027822494506836,
0.7581710815429688,
0.8368492126464844,
1.111745834350586,
3.787994384765625,
1.104116439819336,
1.3680458068847656,
3.242015838623047,
3.198862075805664,
1.0480880737304688,
0.9450912475585938,
1.3051033020019531,
1.233816146850586,
0.8728504180908203,
1.4278888702392578,
1.7809867858886719,
1.5361309051513672,
1.3740062713623047,
1.9528865814208984,
1.5950202941894531,
1.0819435119628906,
0.8111000061035156,
0.6480216979980469,
1.6651153564453125,
0.7641315460205078,
1.3382434844970703,
0.5960464477539062,
0.8220672607421875,
0.8080005645751953,
0.4668235778808594,
0.49304962158203125,
0.4990100860595703,
0.43082237243652344,
0.6611347198486328,
0.6122589111328125,
0.5328655242919922,
0.57220458984375,
0.5590915679931641,
0.8540153503417969,
0.9279251098632812,
0.8101463317871094,
0.881195068359375,
0.9188652038574219,
2.351045608520508,
1.4629364013671875,
1.8010139465332031,
0.46181678771972656,
0.6558895111083984,
0.6802082061767578,
0.5598068237304688,
0.4830360412597656,
0.8990764617919922,
0.7350444793701172,
0.41294097900390625,
1.0571479797363281,
1.2669563293457031,
1.2710094451904297,
2.92205810546875,
2.897977828979492,
2.5949478149414062,
0.9419918060302734,
0.8618831634521484,
0.9160041809082031,
1.489877700805664,
1.3790130615234375,
1.3229846954345703,
2.830982208251953,
1.6660690307617188,
2.1691322326660156,
2.185344696044922,
4.539012908935547,
2.0651817321777344,
7.133960723876953,
3.542184829711914,
3.1769275665283203,
2.8989315032958984,
2.52532958984375,
2.727985382080078,
3.0770301818847656,
2.4008750915527344,
4.749059677124023,
2.374887466430664,
2.978086471557617,
3.2072067260742188,
2.4619102478027344,
2.0563602447509766,
2.454996109008789,
4.3201446533203125,
1.894235610961914,
2.0749568939208984,
6.603002548217773,
7.488727569580078,
4.237890243530273,
4.0130615234375,
3.542661666870117,
2.803802490234375,
2.749919891357422,
2.9060840606689453,
5.007028579711914,
4.896879196166992,
2.0341873168945312,
1.5747547149658203,
1.6999244689941406,
4.9648284912109375,
5.730867385864258,
1.7948150634765625,
2.187013626098633,
1.9578933715820312,
1.940011978149414,
3.0760765075683594,
3.7229061126708984,
1.2969970703125,
1.4677047729492188,
2.1309852600097656,
2.2089481353759766,
3.0100345611572266,
3.8080215454101562,
2.794981002807617,
3.245830535888672,
2.4590492248535156,
3.802061080932617,
3.3876895904541016,
1.9488334655761719,
4.311084747314453,
2.5510787963867188,
1.7170906066894531,
2.3469924926757812,
1.6200542449951172,
1.5842914581298828,
2.096891403198242,
2.232789993286133,
2.1810531616210938,
1.7321109771728516,
1.8320083618164062,
1.7957687377929688,
2.1147727966308594,
1.795053482055664,
2.3407936096191406,
1.2507438659667969,
2.046823501586914,
2.0101070404052734,
2.1147727966308594,
2.2399425506591797,
1.7590522766113281,
1.3942718505859375,
1.0859966278076172,
2.1309852600097656,
2.048015594482422,
2.2389888763427734,
1.7800331115722656,
1.728057861328125,
1.9435882568359375,
1.6589164733886719,
1.9047260284423828,
1.8680095672607422,
1.6360282897949219,
3.879070281982422,
4.050254821777344,
2.6590824127197266,
2.3729801177978516,
1.2993812561035156,
1.4231204986572266,
1.4071464538574219,
1.50299072265625,
1.2519359588623047,
1.077413558959961,
2.427816390991211,
3.098011016845703,
1.6717910766601562,
1.6210079193115234,
2.315998077392578,
1.4281272888183594,
1.2810230255126953,
5.8650970458984375,
3.3359527587890625,
4.009008407592773,
5.028963088989258,
1.6849040985107422,
1.52587890625,
1.2340545654296875,
2.9871463775634766,
3.106832504272461,
2.135038375854492,
2.2411346435546875,
1.5249252319335938,
1.25885009765625,
0.7939338684082031,
1.129150390625,
1.1477470397949219,
0.7779598236083984,
1.2290477752685547,
1.4069080352783203,
1.5559196472167969,
1.4810562133789062,
1.0509490966796875,
2.496004104614258,
2.3300647735595703,
3.9217472076416016,
2.348184585571289,
2.5091171264648438,
2.1402835845947266,
1.6472339630126953,
1.3399124145507812,
1.600027084350586,
1.9910335540771484,
4.92405891418457,
4.918813705444336,
2.2907257080078125,
1.1742115020751953,
3.075122833251953,
1.8391609191894531,
2.6493072509765625,
4.348039627075195,
5.5370330810546875,
2.2430419921875,
6.262063980102539,
3.448963165283203,
1.251220703125,
3.2739639282226562,
3.117799758911133,
2.821207046508789,
2.415895462036133,
2.577066421508789,
2.0751953125,
1.83868408203125,
1.8160343170166016,
1.5621185302734375,
1.6047954559326172,
1.6078948974609375,
2.020120620727539,
1.4772415161132812,
1.878976821899414,
2.3670196533203125,
2.170085906982422,
1.9550323486328125,
1.8610954284667969,
0.90789794921875,
1.2390613555908203,
1.6150474548339844,
1.461029052734375,
1.0747909545898438,
3.426074981689453,
3.7682056427001953,
1.352071762084961,
2.319812774658203,
1.7311573028564453,
2.119302749633789,
1.7540454864501953,
3.0913352966308594,
3.004312515258789,
1.0449886322021484,
1.058816909790039,
1.043081283569336,
0.7748603820800781,
1.8570423126220703,
1.9299983978271484,
0.6902217864990234,
0.8261203765869141,
0.7839202880859375,
0.9489059448242188,
1.3110637664794922,
0.7920265197753906,
3.654003143310547,
2.9299259185791016,
3.0128955841064453,
1.7468929290771484,
5.091190338134766,
3.5431385040283203,
4.813909530639648,
4.659175872802734,
2.012968063354492,
3.030061721801758,
3.047943115234375,
8.745908737182617,
3.7038326263427734,
7.140159606933594,
11.091947555541992,
7.606983184814453,
6.633996963500977,
2.6149749755859375,
1.8270015716552734,
3.265857696533203,
2.1190643310546875,
3.192901611328125,
3.8750171661376953,
5.352973937988281,
2.3670196533203125,
2.651691436767578,
2.505064010620117,
2.2232532501220703,
1.4820098876953125,
5.896091461181641,
5.779027938842773,
1.5301704406738281,
3.1731128692626953,
5.698204040527344,
9.744882583618164,
3.4978389739990234,
1.2650489807128906,
1.2068748474121094,
0.9710788726806641,
0.6961822509765625,
2.3789405822753906,
0.9169578552246094,
0.9839534759521484,
0.8690357208251953,
1.191854476928711,
1.0800361633300781,
0.637054443359375,
0.8561611175537109,
0.49567222595214844,
0.41794776916503906,
0.5650520324707031,
0.45990943908691406,
0.5621910095214844,
0.8137226104736328,
0.6279945373535156,
0.48470497131347656,
0.6020069122314453,
0.7939338684082031,
0.591278076171875,
0.8940696716308594,
0.7460117340087891,
0.5071163177490234,
0.9810924530029297,
0.48995018005371094,
0.5459785461425781,
1.0540485382080078,
0.55694580078125,
0.49114227294921875,
0.5621910095214844,
0.8590221405029297,
0.6668567657470703,
0.6411075592041016,
0.5931854248046875,
1.138925552368164,
1.065969467163086,
0.6811618804931641,
0.881195068359375,
1.0838508605957031,
0.8838176727294922,
0.5440711975097656,
0.5042552947998047,
0.6239414215087891,
0.4489421844482422,
0.5102157592773438,
0.5481243133544922,
0.6241798400878906,
0.5707740783691406,
1.0988712310791016,
1.323699951171875,
0.6439685821533203,
0.9860992431640625,
0.8780956268310547,
0.7538795471191406,
0.4711151123046875,
0.5958080291748047,
0.5538463592529297,
0.4360675811767578,
0.67901611328125,
0.6458759307861328,
0.49877166748046875,
0.44989585876464844,
0.4360675811767578,
0.5393028259277344,
0.5221366882324219,
0.5640983581542969,
0.41484832763671875,
0.4379749298095703,
0.4818439483642578,
0.44798851013183594,
0.6399154663085938,
0.4239082336425781,
0.41103363037109375,
0.4227161407470703,
0.5218982696533203,
0.46825408935546875,
0.5040168762207031,
0.3960132598876953,
0.370025634765625,
0.5321502685546875,
0.5021095275878906,
0.4649162292480469,
0.4730224609375,
0.4210472106933594,
0.5481243133544922,
0.7979869842529297,
1.0900497436523438,
0.5772113800048828,
0.6442070007324219,
0.7219314575195312,
0.6558895111083984,
0.5757808685302734,
0.4448890686035156,
0.45990943908691406,
1.291036605834961,
0.7860660552978516,
0.8780956268310547,
0.782012939453125,
0.7321834564208984,
0.637054443359375,
0.6809234619140625,
0.6561279296875,
0.5218982696533203,
0.6868839263916016,
0.5979537963867188,
0.6818771362304688,
0.7750988006591797,
1.313924789428711,
0.7658004760742188,
0.7460117340087891,
0.6840229034423828,
0.8370876312255859,
0.9531974792480469,
0.9138584136962891,
0.5788803100585938,
0.6830692291259766,
0.9131431579589844,
0.8730888366699219,
0.9541511535644531,
0.6718635559082031,
0.8578300476074219,
0.6189346313476562,
0.9920597076416016,
0.7002353668212891,
0.8599758148193359,
0.7789134979248047,
1.0628700256347656,
1.1851787567138672,
1.1661052703857422,
1.4851093292236328,
0.8089542388916016,
1.0409355163574219,
1.177072525024414,
1.0898113250732422,
0.8718967437744141,
1.0800361633300781,
0.7002353668212891,
1.0828971862792969,
0.8308887481689453,
1.466989517211914,
1.500844955444336,
0.9591579437255859,
0.7331371307373047,
0.5917549133300781,
0.7839202880859375,
1.806020736694336,
1.6901493072509766,
0.9605884552001953,
0.8251667022705078,
1.0371208190917969,
0.7491111755371094,
0.7600784301757812,
0.9679794311523438,
0.8299350738525391,
0.6358623504638672,
0.5240440368652344,
0.9560585021972656,
0.9059906005859375,
0.8108615875244141,
0.7929801940917969,
1.0788440704345703,
0.659942626953125,
0.5280971527099609,
0.6341934204101562,
0.6399154663085938,
0.8080005645751953,
0.5910396575927734,
0.7836818695068359,
0.843048095703125,
0.6148815155029297,
1.3911724090576172,
0.9820461273193359,
0.7429122924804688,
0.9679794311523438,
0.8761882781982422,
0.7398128509521484,
0.6322860717773438,
0.9429454803466797,
0.6721019744873047,
0.5719661712646484,
1.110076904296875,
0.6859302520751953,
0.7479190826416016,
0.701904296875,
0.6389617919921875,
0.9598731994628906,
0.6840229034423828,
0.6089210510253906,
0.7731914520263672,
0.8721351623535156,
1.4338493347167969,
1.7650127410888672,
0.8821487426757812,
0.8320808410644531,
0.8740425109863281,
1.110076904296875,
0.8699893951416016,
0.7488727569580078,
1.0149478912353516,
0.6759166717529297,
0.7312297821044922,
0.9467601776123047,
0.9028911590576172,
0.7429122924804688,
0.9920597076416016,
0.8058547973632812,
0.7908344268798828,
0.8692741394042969,
0.8342266082763672,
1.5189647674560547,
1.2259483337402344,
2.262115478515625,
1.0960102081298828,
1.4493465423583984,
1.3968944549560547,
5.950212478637695,
2.633810043334961,
1.360177993774414,
0.9441375732421875,
1.0826587677001953,
1.1730194091796875,
0.9338855743408203,
1.0788440704345703,
1.010894775390625,
1.2438297271728516,
1.415252685546875,
0.942230224609375,
1.4998912811279297,
1.5978813171386719,
1.4429092407226562,
1.3599395751953125,
2.5091171264648438,
1.6818046569824219,
1.2729167938232422,
2.0520687103271484,
1.4309883117675781,
2.0110607147216797,
1.9369125366210938,
1.3310909271240234,
2.933979034423828,
1.4019012451171875,
1.714944839477539,
1.7881393432617188,
2.1080970764160156,
2.7709007263183594,
3.103017807006836,
2.892017364501953,
1.5480518341064453,
1.0390281677246094,
1.2521743774414062,
1.5120506286621094,
1.7898082733154297,
1.260995864868164,
1.4278888702392578,
1.3709068298339844,
0.7958412170410156,
0.8387565612792969,
1.0762214660644531,
1.416921615600586,
1.3799667358398438,
1.1680126190185547,
1.3422966003417969,
1.2819766998291016,
0.6208419799804688,
1.1518001556396484,
1.027822494506836,
0.8389949798583984,
0.9989738464355469,
0.9729862213134766,
0.9112358093261719,
0.6630420684814453,
0.8640289306640625,
1.2359619140625,
0.9901523590087891,
1.1749267578125,
0.8687973022460938,
1.1341571807861328,
0.8218288421630859,
0.8058547973632812,
0.8630752563476562,
0.96893310546875,
0.7259845733642578,
0.6983280181884766,
0.8082389831542969,
0.8947849273681641,
0.9541511535644531,
0.7328987121582031,
1.028299331665039,
0.8409023284912109,
0.9782314300537109,
1.020193099975586,
0.9188652038574219,
0.8950233459472656,
2.2940635681152344,
2.109050750732422,
2.3660659790039062,
0.7469654083251953,
0.6010532379150391,
1.0800361633300781,
1.0786056518554688,
1.0061264038085938,
1.3921260833740234,
1.2450218200683594,
1.5079975128173828,
1.0759830474853516,
1.2030601501464844,
1.45721435546875,
0.7290840148925781,
0.8733272552490234,
1.087188720703125,
1.355886459350586,
1.6400814056396484,
0.6740093231201172,
1.0249614715576172,
1.0712146759033203,
0.8347034454345703,
0.6687641143798828,
0.9140968322753906,
0.7200241088867188,
1.0058879852294922,
1.3518333435058594,
1.6508102416992188,
1.0390281677246094,
0.7519721984863281,
1.1320114135742188,
1.444101333618164,
2.1791458129882812,
2.0821094512939453,
2.7070045471191406,
1.585245132446289,
1.7790794372558594,
1.7218589782714844,
1.7690658569335938,
0.8761882781982422,
1.4009475708007812,
3.2210350036621094,
3.6630630493164062,
3.184080123901367,
3.762960433959961,
1.4910697937011719,
1.1568069458007812,
1.7228126525878906,
1.52587890625,
1.68609619140625,
1.5850067138671875,
1.5001296997070312,
1.5299320220947266,
1.5289783477783203,
1.4989376068115234,
1.3010501861572266,
1.979827880859375,
2.4869441986083984,
0.9248256683349609,
1.432180404663086,
1.2099742889404297,
1.5308856964111328,
1.2078285217285156,
1.3308525085449219,
1.9803047180175781,
2.4461746215820312,
2.053976058959961,
1.15203857421875,
11.135101318359375,
10.281801223754883,
9.110689163208008,
9.470224380493164,
6.832122802734375,
0.8852481842041016,
24.93906021118164,
28.14483642578125,
28.512954711914062,
28.184175491333008,
25.924205780029297,
24.135828018188477,
3.4754276275634766,
3.164052963256836,
3.5848617553710938,
1.7619132995605469,
4.572153091430664,
3.6940574645996094,
2.523183822631836,
2.498149871826172,
1.405954360961914,
1.283884048461914,
0.8308887481689453,
0.6999969482421875,
0.6058216094970703,
0.6279945373535156,
0.5512237548828125,
0.598907470703125,
1.4219284057617188,
1.6210079193115234,
1.889944076538086,
1.924276351928711,
0.8492469787597656,
0.9222030639648438,
0.9262561798095703,
0.7839202880859375,
0.7369518280029297,
0.6337165832519531,
2.5970935821533203,
0.7090568542480469,
0.7119178771972656,
0.7040500640869141,
0.6420612335205078,
1.3451576232910156,
1.2140274047851562,
1.0399818420410156,
6.476163864135742,
6.245136260986328,
0.9121894836425781,
0.7150173187255859,
0.6778240203857422,
2.7801990509033203,
2.525806427001953,
1.7817020416259766,
1.165151596069336,
0.8249282836914062,
1.0631084442138672,
1.4820098876953125,
1.9037723541259766,
1.7201900482177734,
0.9620189666748047,
0.9260177612304688,
1.7092227935791016,
1.4019012451171875,
1.5020370483398438,
1.6601085662841797,
1.3020038604736328,
3.027200698852539,
1.1992454528808594,
1.1250972747802734,
1.2390613555908203,
1.1441707611083984,
1.5010833740234375,
1.8360614776611328,
1.6429424285888672,
3.306865692138672,
0.8690357208251953,
0.7860660552978516,
0.6759166717529297,
1.3480186462402344,
1.9350051879882812,
0.8847713470458984,
2.2110939025878906,
1.9278526306152344,
1.8382072448730469,
1.3990402221679688,
1.3628005981445312,
1.5909671783447266,
1.2607574462890625,
0.9143352508544922,
0.7879734039306641,
1.0030269622802734,
0.7607936859130859,
0.9407997131347656,
0.9088516235351562,
0.7486343383789062,
0.7688999176025391,
0.7522106170654297,
0.6899833679199219,
0.6501674652099609,
0.7569789886474609,
0.9291172027587891,
1.2662410736083984,
1.0538101196289062,
0.9322166442871094,
0.8912086486816406,
0.8580684661865234,
0.8761882781982422,
0.6992816925048828,
0.6568431854248047,
0.7669925689697266,
1.1072158813476562,
0.7038116455078125,
0.827789306640625,
0.7531642913818359,
0.8749961853027344,
0.7328987121582031,
0.7412433624267578,
0.8492469787597656,
0.7660388946533203,
0.6358623504638672,
0.8242130279541016,
1.2068748474121094,
0.9198188781738281,
5.242109298706055,
1.5423297882080078,
1.0669231414794922,
0.9927749633789062,
0.8709430694580078,
2.357006072998047,
1.8770694732666016,
1.8858909606933594,
1.3241767883300781,
0.9601116180419922,
1.0981559753417969,
1.7981529235839844,
2.1467208862304688,
1.6429424285888672,
1.6818046569824219,
1.306295394897461,
1.1508464813232422,
1.2598037719726562,
1.2938976287841797,
2.537965774536133,
3.267049789428711,
17.9593563079834,
17.782926559448242,
17.76885986328125,
10.11204719543457,
1.7590522766113281,
1.1708736419677734,
0.7889270782470703,
4.765987396240234,
2.852201461791992,
3.2122135162353516,
0.7059574127197266,
0.7841587066650391,
0.9062290191650391,
0.579833984375,
0.5397796630859375,
0.4799365997314453,
0.6420612335205078,
0.75531005859375,
0.46896934509277344,
0.6268024444580078,
0.5581378936767578,
0.8120536804199219,
0.5440711975097656,
0.4749298095703125,
0.5140304565429688,
1.1119842529296875,
0.47397613525390625,
0.5068778991699219,
0.5121231079101562,
0.6101131439208984,
0.66375732421875,
0.4990100860595703,
0.6010532379150391,
0.8158683776855469,
0.5240440368652344,
0.5109310150146484,
0.5528926849365234,
0.48995018005371094,
0.4248619079589844,
0.5209445953369141,
0.7910728454589844,
0.7469654083251953,
0.6430149078369141,
0.45108795166015625,
0.7188320159912109,
0.42629241943359375,
0.5369186401367188,
0.5147457122802734,
0.44989585876464844,
0.5540847778320312,
0.7617473602294922,
0.44417381286621094,
0.6709098815917969,
0.4401206970214844,
0.9799003601074219,
1.4791488647460938,
0.9620189666748047,
1.5180110931396484,
2.6040077209472656,
9.867668151855469,
3.7391185760498047,
3.186941146850586,
42.71101951599121,
42.92798042297363,
4.9800872802734375,
1.252889633178711,
2.203226089477539,
6.972074508666992,
7.598876953125,
12.367963790893555,
1.3241767883300781,
1.0120868682861328,
1.5859603881835938,
0.9491443634033203,
0.47278404235839844,
1.4340877532958984,
1.3501644134521484,
0.66375732421875,
0.5540847778320312,
0.7600784301757812,
0.45180320739746094,
0.6411075592041016,
0.5147457122802734,
0.6392002105712891,
0.9500980377197266,
0.5061626434326172,
0.5390644073486328,
0.46706199645996094,
0.5350112915039062,
0.47016143798828125,
0.453948974609375,
0.6029605865478516,
1.1508464813232422,
0.6661415100097656,
0.4870891571044922,
0.5309581756591797,
0.49805641174316406,
0.49996376037597656,
1.1870861053466797,
1.0578632354736328,
2.5298595428466797,
2.836942672729492,
0.7958412170410156,
0.6010532379150391,
0.5171298980712891,
0.7050037384033203,
0.6647109985351562,
1.2350082397460938,
0.762939453125,
0.6060600280761719,
1.2989044189453125,
0.7619857788085938,
1.7359256744384766,
1.9359588623046875,
0.7112026214599609,
0.6909370422363281,
1.9440650939941406,
1.6782283782958984,
3.407001495361328,
3.156900405883789,
1.7528533935546875,
1.611948013305664,
2.3407936096191406,
2.7840137481689453,
3.5779476165771484,
2.498149871826172,
1.4941692352294922,
0.9670257568359375,
2.115011215209961,
2.811908721923828,
2.767801284790039,
2.7399063110351562,
1.89208984375,
1.569986343383789,
1.110076904296875,
1.30462646484375,
4.667997360229492,
2.177000045776367,
5.265951156616211,
4.67681884765625,
1.7940998077392578,
1.1680126190185547,
1.5840530395507812,
1.5721321105957031,
1.524209976196289,
1.2359619140625,
0.9918212890625,
3.283977508544922,
1.1990070343017578,
1.4951229095458984,
1.8570423126220703,
1.5537738800048828,
1.8229484558105469,
2.2993087768554688,
1.5850067138671875,
2.4330615997314453,
2.917051315307617,
3.1647682189941406,
2.8200149536132812,
3.3032894134521484,
1.878976821899414,
2.668142318725586,
2.438783645629883,
2.7780532836914062,
3.219127655029297,
6.537914276123047,
5.555868148803711,
5.057811737060547,
3.815889358520508,
3.8356781005859375,
2.534151077270508,
2.668142318725586,
3.576040267944336,
4.629611968994141,
5.748987197875977,
3.6187171936035156,
5.672216415405273,
1.27410888671875,
1.6720294952392578,
1.5721321105957031,
3.101825714111328,
2.233743667602539,
2.1469593048095703,
2.9540061950683594,
2.8150081634521484,
2.274751663208008,
2.218961715698242,
1.9719600677490234,
1.3000965118408203,
1.3539791107177734,
0.9388923645019531,
1.9860267639160156,
1.6870498657226562,
2.4521350860595703,
1.3611316680908203,
2.3958683013916016,
2.1958351135253906,
1.3530254364013672,
1.9431114196777344,
1.8260478973388672,
1.3051033020019531,
1.050710678100586,
2.460956573486328,
2.3648738861083984,
1.355886459350586,
2.1941661834716797,
2.1979808807373047,
2.2149085998535156,
1.6551017761230469,
1.5337467193603516,
1.7018318176269531,
1.1138916015625,
3.031015396118164,
1.6198158264160156,
1.516103744506836,
1.0027885437011719,
1.3499259948730469,
0.9489059448242188,
0.7760524749755859,
0.8199214935302734,
1.2519359588623047,
0.8530616760253906,
0.7929801940917969,
0.8203983306884766,
0.942230224609375,
1.6376972198486328,
2.193927764892578,
2.293109893798828,
1.1980533599853516,
1.2989044189453125,
2.0749568939208984,
2.1431446075439453,
1.9979476928710938,
1.371145248413086,
1.275777816772461,
1.0230541229248047,
0.8089542388916016,
1.0311603546142578,
1.081705093383789,
0.9379386901855469,
1.149892807006836,
1.79290771484375,
1.5461444854736328,
1.9450187683105469,
1.6901493072509766,
1.1000633239746094,
1.1723041534423828,
1.2340545654296875,
0.9860992431640625,
0.9770393371582031,
1.0042190551757812,
2.1729469299316406,
2.7840137481689453,
1.3821125030517578,
2.722024917602539,
1.7368793487548828,
1.1467933654785156,
0.9779930114746094,
2.2039413452148438,
1.4510154724121094,
2.4251937866210938,
1.2562274932861328,
1.071929931640625,
3.165006637573242,
3.2927989959716797,
4.297971725463867,
2.7382373809814453,
2.5811195373535156,
1.1909008026123047,
1.0190010070800781,
0.8721351623535156,
2.008676528930664,
0.8819103240966797,
1.222848892211914,
1.2259483337402344,
0.9982585906982422,
1.1909008026123047,
0.9720325469970703,
1.1477470397949219,
1.1188983917236328,
1.6388893127441406,
1.4939308166503906,
1.672983169555664,
1.9288063049316406,
1.878976821899414,
1.9519329071044922,
1.3060569763183594,
1.4958381652832031,
1.5149116516113281,
2.057790756225586,
3.1900405883789062,
2.6268959045410156,
1.2619495391845703,
2.1851062774658203,
1.4162063598632812,
2.0399093627929688,
1.9841194152832031,
1.4979839324951172,
1.2748241424560547,
3.3168792724609375,
2.8662681579589844,
2.1550655364990234,
2.5250911712646484,
1.8579959869384766,
2.9380321502685547,
2.4251937866210938,
4.94384765625,
5.18798828125,
2.7871131896972656,
2.788066864013672,
2.0647048950195312,
3.2210350036621094,
3.0050277709960938,
2.936124801635742,
1.7342567443847656,
2.138853073120117,
2.778768539428711,
2.441883087158203,
1.5621185302734375,
2.405881881713867,
2.1140575408935547,
1.5978813171386719,
2.035379409790039,
2.057790756225586,
1.7459392547607422,
1.7809867858886719,
1.7902851104736328,
1.7549991607666016,
1.8379688262939453,
1.7189979553222656,
3.139019012451172,
2.2399425506591797,
2.393007278442383,
3.2041072845458984,
13.85188102722168,
15.788078308105469,
15.735149383544922,
7.462739944458008,
4.032135009765625,
2.522706985473633,
1.6231536865234375,
1.5540122985839844,
1.544952392578125,
1.291036605834961,
2.485990524291992,
1.6620159149169922,
3.8580894470214844,
4.606962203979492,
1.6908645629882812,
1.1072158813476562,
1.1000633239746094,
1.1913776397705078,
1.7049312591552734,
4.230976104736328,
10.377883911132812,
12.991905212402344,
4.894018173217773,
4.509925842285156,
1.5981197357177734,
1.8558502197265625,
3.749847412109375,
4.163980484008789,
3.9548873901367188,
5.567312240600586,
4.940032958984375,
41.021108627319336,
4.875898361206055,
5.527973175048828,
0.6089210510253906,
0.5769729614257812,
0.9469985961914062,
0.9219646453857422,
0.7710456848144531,
1.0540485382080078,
0.6537437438964844,
1.0030269622802734,
0.5741119384765625,
0.6959438323974609,
0.9660720825195312,
0.9090900421142578,
0.8690357208251953,
0.5998611450195312,
0.6988048553466797,
0.5841255187988281,
0.6928443908691406,
0.9889602661132812,
0.5509853363037109,
0.9939670562744141,
1.3971328735351562,
1.116037368774414,
0.7128715515136719,
0.8499622344970703,
0.8299350738525391,
3.412961959838867,
3.6530494689941406,
4.815816879272461,
4.204988479614258,
0.6618499755859375,
0.591278076171875,
0.5431175231933594,
0.6511211395263672,
0.6549358367919922,
0.5991458892822266,
0.5922317504882812,
0.5183219909667969,
0.49591064453125,
1.8768310546875,
1.8510818481445312,
0.8280277252197266,
0.5681514739990234,
0.8339881896972656,
1.0731220245361328,
0.8897781372070312,
0.5948543548583984,
0.6000995635986328,
0.8373260498046875,
0.6229877471923828,
0.61798095703125,
0.5919933319091797,
0.5588531494140625,
0.5671977996826172,
0.5099773406982422,
0.7560253143310547,
0.7092952728271484,
0.6089210510253906,
0.7500648498535156,
0.7321834564208984,
0.8859634399414062,
0.6551742553710938,
6.3018798828125,
7.903814315795898,
6.357908248901367,
4.63104248046875,
4.249811172485352,
4.231929779052734,
2.526998519897461,
1.9750595092773438,
3.423929214477539,
3.392934799194336,
2.4051666259765625,
2.371072769165039,
1.4829635620117188,
2.5527477264404297,
4.389047622680664,
4.067897796630859,
4.017353057861328,
3.021717071533203,
2.379179000854492,
3.3342838287353516,
2.135038375854492,
3.3042430877685547,
4.534006118774414,
4.6138763427734375,
4.567861557006836,
2.213001251220703,
1.544952392578125,
2.3920536041259766,
2.328157424926758,
2.3241043090820312,
1.4047622680664062,
1.1718273162841797,
1.5578269958496094,
1.7821788787841797,
1.622915267944336,
1.7080307006835938,
1.277923583984375,
1.7142295837402344,
1.6598701477050781,
1.241922378540039,
3.6220550537109375,
5.251169204711914,
4.798412322998047,
2.045869827270508,
4.637956619262695,
5.5999755859375,
2.456188201904297,
1.8620491027832031,
2.6869773864746094,
1.2791156768798828,
2.5908946990966797,
2.267122268676758,
3.412008285522461,
2.496004104614258,
1.8770694732666016,
1.7290115356445312,
1.7609596252441406,
1.7931461334228516,
1.7626285552978516,
1.5778541564941406,
1.8570423126220703,
1.2199878692626953,
1.19781494140625,
1.9178390502929688,
2.086162567138672,
1.6808509826660156,
2.035856246948242,
2.7937889099121094,
2.991914749145508,
6.23321533203125,
5.031108856201172,
1.233816146850586,
2.346038818359375,
1.6231536865234375,
1.7001628875732422,
2.2308826446533203,
6.95490837097168,
7.673978805541992,
5.127906799316406,
1.3790130615234375,
1.3759136199951172,
5.934000015258789,
2.930164337158203,
7.111787796020508,
4.7512054443359375,
1.4951229095458984,
2.5129318237304688,
8.186101913452148,
2.09808349609375,
1.73187255859375,
1.4698505401611328,
1.007080078125,
1.0619163513183594,
1.165151596069336,
0.8230209350585938,
0.8246898651123047,
1.0020732879638672,
1.4510154724121094,
1.7368793487548828,
0.9148120880126953,
0.8733272552490234,
1.3370513916015625,
0.8270740509033203,
0.7259845733642578,
0.6580352783203125,
0.6783008575439453,
0.6618499755859375,
1.6222000122070312,
0.9768009185791016,
0.9398460388183594,
1.5060901641845703,
1.4760494232177734,
0.8258819580078125,
1.094818115234375,
2.3403167724609375,
1.439809799194336,
1.7349720001220703,
1.2760162353515625,
1.172780990600586,
1.1398792266845703,
1.5261173248291016,
1.2099742889404297,
0.8039474487304688,
1.1539459228515625,
1.6291141510009766,
1.5900135040283203,
1.107931137084961,
1.0190010070800781,
1.4901161193847656,
1.2018680572509766,
1.2829303741455078,
1.589059829711914,
1.519918441772461,
1.8188953399658203,
1.5730857849121094,
1.8699169158935547,
2.106904983520508,
2.688169479370117,
1.5451908111572266,
1.6603469848632812,
1.6231536865234375,
1.405954360961914,
1.149892807006836,
1.024007797241211,
1.7850399017333984,
1.125335693359375,
1.4500617980957031,
1.483917236328125,
1.7518997192382812,
1.3880729675292969,
1.3189315795898438,
1.104116439819336,
1.1720657348632812,
1.1818408966064453,
1.2862682342529297,
1.6300678253173828,
2.3238658905029297,
2.644777297973633,
2.763986587524414,
2.7189254760742188,
2.3958683013916016,
0.9531974792480469,
1.2638568878173828,
1.489877700805664,
1.4257431030273438,
1.1310577392578125,
1.5459060668945312,
1.0099411010742188,
1.4538764953613281,
2.209901809692383,
2.49481201171875,
1.1970996856689453,
1.522064208984375,
1.4081001281738281,
1.4719963073730469,
2.443075180053711,
2.4099349975585938,
4.806041717529297,
2.1011829376220703,
1.2600421905517578,
1.1878013610839844,
1.6028881072998047,
1.024007797241211,
1.6489028930664062,
1.5408992767333984,
1.3277530670166016,
1.3909339904785156,
1.0502338409423828,
0.8568763732910156,
1.2829303741455078,
1.3408660888671875,
1.2836456298828125,
1.5239715576171875,
1.1980533599853516,
1.130819320678711,
1.1327266693115234,
1.4712810516357422,
0.9648799896240234,
1.2447834014892578,
1.0678768157958984,
1.497030258178711,
1.4660358428955078,
1.2531280517578125,
1.7838478088378906,
1.0190010070800781,
0.8900165557861328,
1.6109943389892578,
3.5352706909179688,
2.3889541625976562,
1.2412071228027344,
1.7080307006835938,
2.022981643676758,
1.4450550079345703,
1.7981529235839844,
1.3971328735351562,
1.280069351196289,
1.6162395477294922,
1.2409687042236328,
1.1188983917236328,
1.8870830535888672,
1.863718032836914,
1.5840530395507812,
1.8470287322998047,
1.672983169555664,
1.5268325805664062,
1.7840862274169922,
1.4750957489013672,
1.6818046569824219,
1.8770694732666016,
1.7769336700439453,
2.2499561309814453,
1.783132553100586,
1.6970634460449219,
1.6469955444335938,
1.2979507446289062,
1.6989707946777344,
1.3580322265625,
1.4269351959228516,
1.129150390625,
1.7893314361572266,
1.6162395477294922,
1.2290477752685547,
1.661062240600586,
1.3921260833740234,
1.7490386962890625,
3.0279159545898438,
1.2900829315185547,
2.0139217376708984,
2.7027130126953125,
2.691984176635742,
2.719879150390625,
2.5260448455810547,
3.0579566955566406,
1.9519329071044922,
2.009153366088867,
1.9998550415039062,
1.306772232055664,
1.2998580932617188,
1.7218589782714844,
1.528024673461914,
1.7616748809814453,
2.5742053985595703,
3.0739307403564453,
1.4019012451171875,
4.097938537597656,
4.528999328613281,
1.7940998077392578,
1.5790462493896484,
1.7631053924560547,
5.070209503173828,
5.443096160888672,
1.9426345825195312,
2.0008087158203125,
1.4300346374511719,
2.593994140625,
1.3580322265625,
1.6660690307617188,
1.7001628875732422,
2.7899742126464844,
2.727985382080078,
3.1080245971679688,
2.0341873168945312,
2.0682811737060547,
0.9958744049072266,
1.0759830474853516,
0.9720325469970703,
1.6021728515625,
2.6209354400634766,
5.86390495300293,
1.234292984008789,
1.1870861053466797,
1.6760826110839844,
2.672910690307617,
2.5942325592041016,
1.6021728515625,
1.5230178833007812,
1.7008781433105469,
1.19781494140625,
0.8699893951416016,
2.9151439666748047,
2.8700828552246094,
1.2691020965576172,
2.998828887939453,
3.480195999145508,
0.9138584136962891,
1.0039806365966797,
1.482248306274414,
2.051115036010742,
1.5606880187988281,
1.210927963256836,
2.8128623962402344,
1.0192394256591797,
1.1630058288574219,
1.1241436004638672,
7.51805305480957,
7.2879791259765625,
7.686853408813477,
1.363992691040039,
1.180887222290039,
1.123189926147461,
1.1110305786132812,
0.9717941284179688,
1.1730194091796875,
1.9769668579101562,
1.9268989562988281,
1.7397403717041016,
10.65683364868164,
3.8890838623046875,
0.885009765625,
0.7166862487792969,
0.7050037384033203,
1.8448829650878906,
2.3300647735595703,
3.094196319580078,
1.583099365234375,
2.808094024658203,
3.5521984100341797,
2.939939498901367,
1.7940998077392578,
1.7027854919433594,
1.6739368438720703,
1.026153564453125,
0.8471012115478516,
0.9000301361083984,
1.5559196472167969,
1.9669532775878906,
1.3439655303955078,
1.7406940460205078,
1.6062259674072266,
1.2240409851074219,
1.0938644409179688,
1.814126968383789,
2.219676971435547,
1.2001991271972656,
2.599954605102539,
1.31988525390625,
1.7020702362060547,
3.2851696014404297,
1.6658306121826172,
1.1680126190185547,
1.499176025390625,
1.911163330078125,
1.5480518341064453,
1.8079280853271484,
1.3530254364013672,
1.7518997192382812,
2.4399757385253906,
2.8400421142578125,
2.796649932861328,
2.3851394653320312,
1.1889934539794922,
1.4538764953613281,
1.5716552734375,
1.2881755828857422,
1.8939971923828125,
1.859903335571289,
1.3158321380615234,
1.1589527130126953,
1.7409324645996094,
1.9001960754394531,
2.580881118774414,
2.4499893188476562,
3.982067108154297,
3.7550926208496094,
2.6531219482421875,
13.626813888549805,
13.479948043823242,
13.336181640625,
12.965679168701172,
8.903026580810547,
12.962102890014648,
6.761074066162109,
1.8010139465332031,
2.2072792053222656,
2.1071434020996094,
1.8041133880615234,
1.7998218536376953,
1.750946044921875,
1.1839866638183594,
0.95367431640625,
1.1277198791503906,
1.0449886322021484,
1.2691020965576172,
1.3587474822998047,
1.8391609191894531,
1.1200904846191406,
2.1779537200927734,
2.5839805603027344,
2.2246837615966797,
1.2569427490234375,
1.2099742889404297,
2.8917789459228516,
1.8780231475830078,
2.015352249145508,
4.768848419189453,
4.010915756225586,
3.248929977416992,
1.2111663818359375,
1.6939640045166016,
1.4879703521728516,
1.110076904296875,
1.0528564453125,
1.8739700317382812,
1.0502338409423828,
1.5978813171386719,
1.7740726470947266,
1.6047954559326172,
1.3470649719238281,
1.2278556823730469,
1.3179779052734375,
1.092672348022461,
1.104116439819336,
1.661062240600586,
1.1000633239746094,
1.7361640930175781,
1.2211799621582031,
1.3051033020019531,
1.245260238647461,
1.1110305786132812,
0.9799003601074219,
1.0612010955810547,
1.275777816772461,
2.516031265258789,
2.2389888763427734,
3.2279491424560547,
1.4979839324951172,
1.5590190887451172,
2.482175827026367,
2.135038375854492,
1.5909671783447266,
4.303216934204102,
5.010843276977539,
1.767873764038086,
3.7491321563720703,
2.7570724487304688,
3.3838748931884766,
1.4388561248779297,
0.9748935699462891,
1.3921260833740234,
2.7399063110351562,
2.769947052001953,
1.5468597412109375,
3.4186840057373047,
2.4399757385253906,
2.643108367919922,
3.287076950073242,
3.062009811401367,
1.7459392547607422,
1.9991397857666016,
1.9600391387939453,
2.241849899291992,
1.8372535705566406,
2.187967300415039,
3.057241439819336,
1.878976821899414,
1.6698837280273438,
1.4438629150390625,
1.6601085662841797,
4.638195037841797,
4.578113555908203,
3.1440258026123047,
2.856016159057617,
2.78472900390625,
2.794027328491211,
1.5020370483398438,
1.5659332275390625,
1.8696784973144531,
1.3387203216552734,
1.1298656463623047,
1.0039806365966797,
0.8769035339355469,
1.020193099975586,
0.9388923645019531,
1.2001991271972656,
1.1708736419677734,
0.9930133819580078,
0.8890628814697266,
1.138925552368164,
0.762939453125,
1.2569427490234375,
1.6472339630126953,
1.0898113250732422,
1.068115234375,
1.5401840209960938,
3.131866455078125,
1.6820430755615234,
3.7381649017333984,
0.6887912750244141,
0.5309581756591797,
2.315998077392578,
6.054162979125977,
6.639957427978516,
6.294012069702148,
2.953052520751953,
2.2478103637695312,
1.4410018920898438,
1.4348030090332031,
1.870870590209961,
1.535177230834961,
4.786968231201172,
6.82520866394043,
6.582021713256836,
1.9762516021728516,
0.9908676147460938,
0.86212158203125,
0.9357929229736328,
0.8559226989746094,
0.6711483001708984,
0.8931159973144531,
1.0988712310791016,
0.9939670562744141,
0.7607936859130859,
0.6737709045410156,
1.1091232299804688,
1.0330677032470703,
0.8149147033691406,
0.7679462432861328,
0.5800724029541016,
1.0859966278076172,
0.9407997131347656,
0.8440017700195312,
0.7991790771484375,
0.7600784301757812,
1.007080078125,
0.576019287109375,
1.0826587677001953,
1.3070106506347656,
1.1510848999023438,
1.0199546813964844,
1.2347698211669922,
0.6761550903320312,
0.6227493286132812,
1.5621185302734375,
1.5261173248291016,
0.6539821624755859,
0.6420612335205078,
0.5691051483154297,
0.659942626953125,
0.6239414215087891,
0.6330013275146484,
0.5750656127929688,
0.7030963897705078,
0.9198188781738281,
0.8809566497802734,
0.7348060607910156,
0.7841587066650391,
0.5788803100585938,
0.6880760192871094,
0.6377696990966797,
0.8208751678466797,
0.7061958312988281,
0.6260871887207031,
0.9429454803466797,
0.6189346313476562,
0.6101131439208984,
0.7131099700927734,
0.5717277526855469,
0.6010532379150391,
0.8740425109863281,
0.6411075592041016,
0.6837844848632812,
1.2519359588623047,
1.2090206146240234,
0.8339881896972656,
0.5767345428466797,
0.888824462890625,
0.8656978607177734,
0.7648468017578125,
0.9388923645019531,
0.8649826049804688,
0.7231235504150391,
0.7197856903076172,
0.6368160247802734,
0.8900165557861328,
0.7457733154296875,
0.8630752563476562,
0.8208751678466797,
0.7681846618652344,
0.7672309875488281,
0.7402896881103516,
0.6048679351806641,
0.7140636444091797,
0.9701251983642578,
1.5223026275634766,
1.3141632080078125,
1.5919208526611328,
0.7081031799316406,
0.7810592651367188,
0.6918907165527344,
0.5900859832763672,
0.6008148193359375,
0.8299350738525391,
0.6990432739257812,
0.5719661712646484,
0.7109642028808594,
0.6029605865478516,
0.6158351898193359,
0.9329319000244141,
1.168966293334961,
1.4221668243408203,
0.9338855743408203,
1.3051033020019531,
0.7319450378417969,
0.9667873382568359,
0.6539821624755859,
0.6158351898193359,
0.8487701416015625,
0.8058547973632812,
0.8728504180908203,
0.8339881896972656,
1.0333061218261719,
0.9407997131347656,
1.15203857421875,
0.9298324584960938,
0.9131431579589844,
0.8981227874755859,
1.291036605834961,
0.7650852203369141,
0.7791519165039062,
1.0471343994140625,
0.7078647613525391,
0.6530284881591797,
0.7097721099853516,
0.5691051483154297,
0.8211135864257812,
0.7691383361816406,
0.6279945373535156,
0.7388591766357422,
0.7891654968261719,
1.0569095611572266,
0.885009765625,
1.0251998901367188,
0.9768009185791016,
0.8118152618408203,
0.7491111755371094,
1.748800277709961,
1.7321109771728516,
0.6682872772216797,
0.7648468017578125,
0.9489059448242188,
0.9157657623291016,
0.7710456848144531,
1.3279914855957031,
1.1262893676757812,
1.4219284057617188,
0.8778572082519531,
0.8437633514404297,
0.7822513580322266,
0.9527206420898438,
0.9260177612304688,
0.797271728515625,
0.904083251953125,
0.7779598236083984,
0.9191036224365234,
1.245260238647461,
0.9372234344482422,
0.8051395416259766,
1.1260509490966797,
1.2578964233398438,
1.0437965393066406,
0.9171962738037109,
1.007080078125,
0.9763240814208984,
0.6620883941650391,
0.9310245513916016,
1.0941028594970703,
1.0743141174316406,
0.9219646453857422,
0.7460117340087891,
0.7510185241699219,
0.7727146148681641,
4.519939422607422,
7.511138916015625,
2.357006072998047,
3.5860538482666016,
3.676176071166992,
2.67791748046875,
4.006862640380859,
4.752874374389648,
5.880117416381836,
5.537986755371094,
1.4719963073730469,
1.3539791107177734,
4.822015762329102,
5.317211151123047,
1.0449886322021484,
0.9360313415527344,
0.7228851318359375,
0.6968975067138672,
0.8921623229980469,
2.9587745666503906,
1.2481212615966797,
0.7328987121582031,
11.238336563110352,
7.5969696044921875,
0.7581710815429688,
0.6389617919921875,
0.7708072662353516,
1.4879703521728516,
2.974987030029297,
0.7212162017822266,
0.6892681121826172,
0.8490085601806641,
1.2269020080566406,
0.6840229034423828,
0.6058216094970703,
42.556047439575195,
50.54116249084473,
1.2278556823730469,
1.316070556640625,
1.1701583862304688,
0.8900165557861328,
1.1363029479980469,
1.8329620361328125,
1.7309188842773438,
0.7128715515136719,
0.6351470947265625,
0.5450248718261719,
0.5710124969482422,
0.6749629974365234,
0.5779266357421875,
0.55694580078125,
1.6322135925292969,
2.2859573364257812,
1.6503334045410156,
1.4538764953613281,
1.1260509490966797,
1.1539459228515625,
0.7729530334472656,
0.9031295776367188,
1.7919540405273438,
0.972747802734375,
1.7600059509277344,
1.9409656524658203,
2.1560192108154297,
1.361846923828125,
1.0831356048583984,
1.0790824890136719,
0.9019374847412109,
0.8308887481689453,
0.965118408203125,
0.9508132934570312,
1.094818115234375,
4.294872283935547,
4.609107971191406,
1.7940998077392578,
1.9872188568115234,
0.9107589721679688,
1.3360977172851562,
2.462148666381836,
0.8120536804199219,
3.0558109283447266,
2.3322105407714844,
5.527973175048828,
3.9298534393310547,
2.5551319122314453,
2.9001235961914062,
1.196146011352539,
1.196146011352539,
0.9148120880126953,
1.3637542724609375,
1.0461807250976562,
1.0058879852294922,
1.4789104461669922,
1.7478466033935547,
0.8881092071533203,
1.1210441589355469,
1.1718273162841797,
0.7522106170654297,
0.8800029754638672,
0.9913444519042969,
1.2769699096679688,
1.2390613555908203,
0.8461475372314453,
1.7480850219726562,
2.7740001678466797,
2.1162033081054688,
1.132965087890625,
1.3689994812011719,
1.783132553100586,
1.8870830535888672,
1.0497570037841797,
0.9181499481201172,
0.9489059448242188,
0.9579658508300781,
1.2202262878417969,
1.4941692352294922,
0.8590221405029297,
1.5950202941894531,
1.5668869018554688,
0.8392333984375,
0.8800029754638672,
2.5599002838134766,
2.469301223754883,
2.6590824127197266,
0.9710788726806641,
1.1570453643798828,
5.877017974853516,
4.621982574462891,
0.8780956268310547,
0.84686279296875,
1.138925552368164,
2.3789405822753906,
3.387928009033203,
2.4597644805908203,
0.8869171142578125,
0.9200572967529297,
1.0671615600585938,
1.3709068298339844,
1.2021064758300781,
1.4269351959228516,
2.897977828979492,
2.7561187744140625,
3.255605697631836,
4.763126373291016,
6.134748458862305,
1.3959407806396484,
1.1451244354248047,
1.9106864929199219,
3.629922866821289,
1.3241767883300781,
1.953125,
3.8862228393554688,
4.19926643371582,
1.38092041015625,
1.6698837280273438,
1.1870861053466797,
1.4629364013671875,
1.313924789428711,
1.027822494506836,
1.1909008026123047,
0.6859302520751953,
1.2269020080566406,
1.2691020965576172,
1.6071796417236328,
1.4808177947998047,
1.4600753784179688,
0.9570121765136719,
1.1119842529296875,
1.299142837524414,
1.3439655303955078,
0.8728504180908203,
0.9472370147705078,
0.9429454803466797,
0.9810924530029297,
0.9570121765136719,
1.0459423065185547,
1.1210441589355469,
2.330780029296875,
2.8841495513916016,
1.9383430480957031,
1.0869503021240234,
1.8148422241210938,
2.1288394927978516,
1.956939697265625,
1.4781951904296875,
2.115964889526367,
1.5978813171386719,
1.071929931640625,
1.4081001281738281,
1.210927963256836,
1.9099712371826172,
1.8360614776611328,
1.8210411071777344,
1.2471675872802734,
1.049041748046875,
2.2072792053222656,
1.9841194152832031,
1.9581317901611328,
2.4700164794921875,
1.283884048461914,
1.4259815216064453,
1.7039775848388672,
3.0667781829833984,
1.5537738800048828,
3.650188446044922,
3.452301025390625,
1.3859272003173828,
1.5957355499267578,
1.3530254364013672,
1.3272762298583984,
1.528024673461914,
2.048015594482422,
1.528024673461914,
1.0571479797363281,
1.0251998901367188,
1.3911724090576172,
1.4090538024902344,
1.7499923706054688,
2.1009445190429688,
2.8438568115234375,
1.6779899597167969,
1.725912094116211,
1.6927719116210938,
1.5761852264404297,
1.8360614776611328,
1.773834228515625,
1.313924789428711,
0.9317398071289062,
1.3880729675292969,
1.348257064819336,
1.3301372528076172,
1.104116439819336,
1.2879371643066406,
1.6338825225830078,
1.1157989501953125,
1.4581680297851562,
1.8072128295898438,
1.8146038055419922,
0.8540153503417969,
0.8943080902099609,
1.3840198516845703,
1.1966228485107422,
1.6431808471679688,
1.336812973022461,
1.5621185302734375,
1.9669532775878906,
1.5020370483398438,
1.3670921325683594,
2.106904983520508,
2.1941661834716797,
3.3380985260009766,
2.3407936096191406,
1.7409324645996094,
1.1992454528808594,
1.9578933715820312,
1.8620491027832031,
1.5408992767333984,
1.3759136199951172,
3.178119659423828,
2.827882766723633,
3.3550262451171875,
3.2989978790283203,
3.052949905395508,
1.2958049774169922,
1.4438629150390625,
1.5268325805664062,
1.2650489807128906,
1.420736312866211,
1.7390251159667969,
1.4338493347167969,
1.4200210571289062,
1.3418197631835938,
0.9789466857910156,
2.7589797973632812,
1.7290115356445312,
2.6209354400634766,
2.6009082794189453,
2.432107925415039,
3.297090530395508,
2.519845962524414,
2.8738975524902344,
10.822057723999023,
2.395153045654297,
2.5238990783691406,
1.8911361694335938,
3.580808639526367,
3.2210350036621094,
2.6068687438964844,
2.6319026947021484,
1.7790794372558594,
1.9710063934326172,
1.7170906066894531,
1.7490386962890625,
1.5420913696289062,
2.0589828491210938,
1.3339519500732422,
1.2578964233398438,
1.631021499633789,
1.7001628875732422,
2.389192581176758,
2.9287338256835938,
1.2731552124023438,
1.8906593322753906,
2.0589828491210938,
3.5009384155273438,
3.303050994873047,
3.2892227172851562,
1.4052391052246094,
1.8279552459716797,
1.4281272888183594,
1.2040138244628906,
1.1980533599853516,
1.5039443969726562,
1.9581317901611328,
1.3282299041748047,
1.5239715576171875,
1.2042522430419922,
2.3238658905029297,
0.9911060333251953,
1.6739368438720703,
1.3620853424072266,
0.9119510650634766,
1.2102127075195312,
0.9779930114746094,
0.8409023284912109,
1.306772232055664,
1.399993896484375,
0.9138584136962891,
1.7330646514892578,
1.667022705078125,
0.7331371307373047,
1.024007797241211,
1.6021728515625,
1.5239715576171875,
1.196146011352539,
1.1792182922363281,
1.6710758209228516,
1.5392303466796875,
2.0661354064941406,
0.9050369262695312,
1.4109611511230469,
1.3580322265625,
1.566171646118164,
1.3811588287353516,
1.5838146209716797,
1.0530948638916016,
2.050161361694336,
2.0301342010498047,
0.9360313415527344,
1.3599395751953125,
1.7571449279785156,
1.3859272003173828,
0.8308887481689453,
1.2378692626953125,
1.5041828155517578,
1.2960433959960938,
0.9820461273193359,
0.9710788726806641,
0.8847713470458984,
0.6639957427978516,
0.7920265197753906,
1.3051033020019531,
1.0597705841064453,
1.1339187622070312,
1.5189647674560547,
2.135038375854492,
0.9391307830810547,
0.8492469787597656,
1.2891292572021484,
0.7207393646240234,
1.2140274047851562,
1.0950565338134766,
1.6510486602783203,
7.643222808837891,
8.832693099975586,
0.8091926574707031,
0.5891323089599609,
0.8480548858642578,
1.2269020080566406,
1.5230178833007812,
0.8120536804199219,
1.1339187622070312,
0.6852149963378906,
0.9882450103759766,
1.3210773468017578,
1.4331340789794922,
1.7168521881103516,
1.0542869567871094,
1.2118816375732422,
1.634836196899414,
0.8513927459716797,
0.7998943328857422,
2.8829574584960938,
1.9769668579101562,
1.9960403442382812,
1.2440681457519531,
0.8640289306640625,
1.0466575622558594,
1.0280609130859375,
8.77690315246582,
9.12785530090332,
9.429931640625,
1.3608932495117188,
1.1849403381347656,
1.4710426330566406,
1.4050006866455078,
1.3837814331054688,
2.3412704467773438,
1.2829303741455078,
0.843048095703125,
4.388093948364258,
4.94384765625,
1.1830329895019531,
0.8862018585205078,
1.13677978515625,
1.6560554504394531,
1.8930435180664062,
0.9379386901855469,
0.84686279296875,
1.1508464813232422,
0.8177757263183594,
1.1320114135742188,
1.0881423950195312,
0.7989406585693359,
1.1870861053466797,
1.4379024505615234,
0.9047985076904297,
1.0068416595458984,
1.4350414276123047,
0.9999275207519531,
1.3692378997802734,
1.3456344604492188,
1.0569095611572266,
2.028226852416992,
1.1599063873291016,
1.5339851379394531,
0.8342266082763672,
0.8680820465087891,
0.9160041809082031,
1.0628700256347656,
1.0190010070800781,
1.3499259948730469,
0.9772777557373047,
2.119779586791992,
2.178192138671875,
2.1419525146484375,
1.1210441589355469,
3.4770965576171875,
1.8548965454101562,
5.409717559814453,
1.9190311431884766,
1.461029052734375,
1.096963882446289,
1.9142627716064453,
1.4560222625732422,
1.5711784362792969,
1.3799667358398438,
1.4159679412841797,
3.9920806884765625,
3.7670135498046875,
2.9261112213134766,
1.497030258178711,
2.348184585571289,
3.4842491149902344,
2.2001266479492188,
1.5780925750732422,
1.4901161193847656,
1.1348724365234375,
1.3549327850341797,
1.355886459350586,
1.5480518341064453,
1.0995864868164062,
1.2459754943847656,
1.6083717346191406,
2.0329952239990234,
1.7619132995605469,
1.6779899597167969,
1.130819320678711,
1.6682147979736328,
1.2700557708740234,
1.6388893127441406,
1.9278526306152344,
1.9867420196533203,
1.5919208526611328,
2.3119449615478516,
1.1250972747802734,
1.291036605834961,
1.7809867858886719,
1.2140274047851562,
1.171112060546875,
1.9710063934326172,
1.680135726928711,
2.9108524322509766,
2.805948257446289,
1.2080669403076172,
1.1861324310302734,
1.1639595031738281,
1.2447834014892578,
1.0597705841064453,
2.017974853515625,
1.9619464874267578,
1.7478466033935547,
1.7397403717041016,
4.253864288330078,
2.808809280395508,
2.2401809692382812,
3.072023391723633,
1.8010139465332031,
1.2159347534179688,
1.9609928131103516,
5.095005035400391,
1.2772083282470703,
2.2029876708984375,
2.148866653442383,
2.068042755126953,
2.279996871948242,
1.8949508666992188,
2.7990341186523438,
2.397298812866211,
3.0510425567626953,
4.010915756225586,
4.205942153930664,
3.1249523162841797,
3.9932727813720703,
2.6438236236572266,
4.03594970703125,
2.939939498901367,
3.1082630157470703,
2.130746841430664,
2.927064895629883,
2.4900436401367188,
1.3430118560791016,
1.9900798797607422,
1.962900161743164,
9.30476188659668,
10.437965393066406,
2.8412342071533203,
3.7162303924560547,
2.8007030487060547,
2.090930938720703,
1.260995864868164,
1.0433197021484375,
1.6238689422607422,
1.4851093292236328,
2.412080764770508,
1.1799335479736328,
1.0890960693359375,
0.9868144989013672,
2.2170543670654297,
1.2018680572509766,
2.680063247680664,
2.357006072998047,
9.400129318237305,
0.8671283721923828,
1.2509822845458984,
1.6930103302001953,
1.3380050659179688,
1.371145248413086,
6.825923919677734,
6.791114807128906,
4.434108734130859,
4.788875579833984,
32.62472152709961,
32.926082611083984,
1.2478828430175781,
0.9262561798095703,
0.8051395416259766,
0.7679462432861328,
1.1360645294189453,
0.804901123046875,
0.6401538848876953,
1.0852813720703125,
0.7481575012207031,
0.6551742553710938,
0.6890296936035156,
0.6439685821533203,
0.6508827209472656,
0.6892681121826172,
0.6730556488037109,
0.9768009185791016,
0.6661415100097656,
0.8747577667236328,
1.1069774627685547,
1.116037368774414,
1.049041748046875,
1.068115234375,
0.9028911590576172,
3.0248165130615234,
1.4111995697021484,
5.747318267822266,
6.292104721069336,
6.767988204956055,
4.450798034667969,
11.803865432739258,
0.7939338684082031,
0.7159709930419922,
0.6468296051025391,
0.4856586456298828,
0.6051063537597656,
0.5161762237548828,
0.6439685821533203,
0.8008480072021484,
0.7681846618652344,
0.7619857788085938,
0.49304962158203125,
0.4940032958984375,
0.640869140625,
0.5309581756591797,
0.8318424224853516,
0.6699562072753906,
0.8220672607421875,
0.8687973022460938,
0.6399154663085938,
0.6039142608642578,
0.6728172302246094,
0.8931159973144531,
0.9620189666748047,
0.9768009185791016,
0.9028911590576172,
0.9889602661132812,
0.8709430694580078,
1.5020370483398438,
1.4431476593017578,
1.5010833740234375,
7.394075393676758,
6.804943084716797,
5.489826202392578,
6.716012954711914,
2.1927356719970703,
2.7451515197753906,
2.6519298553466797,
2.9828548431396484,
4.494667053222656,
2.8409957885742188,
1.4407634735107422,
1.058816909790039,
1.1630058288574219,
1.3179779052734375,
1.4712810516357422,
1.7268657684326172,
1.4760494232177734,
1.9068717956542969,
1.6751289367675781,
2.441883087158203,
2.093076705932617,
4.575967788696289,
2.2640228271484375,
1.8010139465332031,
2.543926239013672,
2.2101402282714844,
4.600048065185547,
3.4990310668945312,
2.0689964294433594,
2.9571056365966797,
3.5560131072998047,
1.8548965454101562,
2.766132354736328,
3.3457279205322266,
2.4480819702148438,
1.9669532775878906,
2.1038055419921875,
2.802133560180664,
2.674102783203125,
3.7450790405273438,
1.5568733215332031,
2.351999282836914,
3.258943557739258,
2.904176712036133,
3.5982131958007812,
2.454996109008789,
3.1709671020507812,
3.6368370056152344,
2.635955810546875,
2.8662681579589844,
2.769947052001953,
2.206087112426758,
1.6949176788330078,
2.3941993713378906,
3.777027130126953,
5.960941314697266,
11.97504997253418,
11.247873306274414,
11.147022247314453,
15.831947326660156,
2.8810501098632812,
1.6930103302001953,
1.712799072265625,
1.4200210571289062,
2.003192901611328,
1.9328594207763672,
1.544952392578125,
2.123117446899414,
2.0170211791992188,
2.6149749755859375,
1.8312931060791016,
2.2902488708496094,
2.4919509887695312,
2.1147727966308594,
2.062082290649414,
1.7650127410888672,
2.2542476654052734,
1.8169879913330078,
1.9011497497558594,
5.529165267944336,
9.743213653564453,
5.506753921508789,
4.564046859741211,
2.9959678649902344,
1.3360977172851562,
1.207113265991211,
3.0548572540283203,
3.300189971923828,
3.3500194549560547,
2.9458999633789062,
1.0020732879638672,
0.7660388946533203,
0.8869171142578125,
1.252889633178711,
1.3887882232666016,
1.2359619140625,
1.0318756103515625,
0.7851123809814453,
1.2221336364746094,
1.3670921325683594,
0.8299350738525391,
0.7338523864746094,
1.40380859375,
1.0478496551513672,
2.681732177734375,
3.0679702758789062,
2.9108524322509766,
1.5311241149902344,
0.8733272552490234,
1.435995101928711,
1.4162063598632812,
1.4050006866455078,
2.068042755126953,
3.7779808044433594,
2.585172653198242,
1.2450218200683594,
1.1820793151855469,
1.9059181213378906,
1.7101764678955078,
1.6682147979736328,
1.5192031860351562,
1.2784004211425781,
3.0422210693359375,
2.4700164794921875,
0.9143352508544922,
1.0099411010742188,
6.589174270629883,
4.547119140625,
2.5789737701416016,
7.49969482421875,
1.6980171203613281,
3.058910369873047,
4.337310791015625,
5.34510612487793,
2.257823944091797,
1.7709732055664062,
1.1169910430908203,
1.6551017761230469,
1.0297298431396484,
0.9849071502685547,
1.3461112976074219,
2.4061203002929688,
2.0208358764648438,
3.0667781829833984,
2.477884292602539,
2.2439956665039062,
1.9469261169433594,
1.8067359924316406,
2.341747283935547,
2.0160675048828125,
1.7218589782714844,
1.6911029815673828,
1.1959075927734375,
1.230001449584961,
2.1240711212158203,
2.318859100341797,
4.6291351318359375,
4.523992538452148,
4.465818405151367,
3.0219554901123047,
1.8579959869384766,
2.2656917572021484,
2.7070045471191406,
1.9409656524658203,
1.3699531555175781,
1.4109611511230469,
3.520965576171875,
1.992940902709961,
1.4450550079345703,
1.4178752899169922,
1.2969970703125,
1.2378692626953125,
1.445770263671875,
1.2516975402832031,
2.0360946655273438,
1.3818740844726562,
1.584768295288086,
2.008199691772461,
1.322031021118164,
1.9419193267822266,
1.6050338745117188,
0.8161067962646484,
0.9641647338867188,
1.295328140258789,
1.363992691040039,
1.332998275756836,
1.3318061828613281,
0.7491111755371094,
0.7038116455078125,
0.7250308990478516,
1.7631053924560547,
2.180814743041992,
1.600027084350586,
1.3577938079833984,
2.084016799926758,
1.280069351196289,
1.1620521545410156,
1.168966293334961,
1.1529922485351562,
0.8988380432128906,
0.8521080017089844,
0.9622573852539062,
1.8112659454345703,
1.4789104461669922,
1.4150142669677734,
1.4040470123291016,
2.838134765625,
1.15203857421875,
3.4329891204833984,
1.8689632415771484,
4.075050354003906,
4.5070648193359375,
4.265069961547852,
1.0728836059570312,
2.3789405822753906,
2.3660659790039062,
1.6880035400390625,
2.1677017211914062,
1.138925552368164,
1.2993812561035156,
1.0690689086914062,
0.9400844573974609,
1.8191337585449219,
1.7919540405273438,
2.763032913208008,
2.7048587799072266,
2.6988983154296875,
2.680063247680664,
1.4488697052001953,
0.9360313415527344,
0.8451938629150391,
0.8561611175537109,
1.7132759094238281,
1.5270709991455078,
1.6710758209228516,
1.5439987182617188,
2.048969268798828,
1.238107681274414,
1.8062591552734375,
1.445770263671875,
1.0387897491455078,
3.0908584594726562,
3.6852359771728516,
3.5178661346435547,
2.959012985229492,
2.0990371704101562,
1.577138900756836,
2.444028854370117,
2.4950504302978516,
1.795053482055664,
1.4619827270507812,
3.5669803619384766,
2.240896224975586,
1.8990039825439453,
1.89208984375,
1.3587474822998047,
3.255128860473633,
3.778696060180664,
2.110004425048828,
2.599954605102539,
1.859903335571289,
2.953052520751953,
2.5479793548583984,
3.6089420318603516,
2.173900604248047,
2.418041229248047,
1.8949508666992188,
2.5730133056640625,
1.8868446350097656,
1.9390583038330078,
2.5658607482910156,
2.5327205657958984,
2.214193344116211,
2.335071563720703,
2.26593017578125,
2.3140907287597656,
2.177000045776367,
1.6160011291503906,
2.1660327911376953,
2.7310848236083984,
2.3851394653320312,
1.9459724426269531,
1.6398429870605469,
1.8873214721679688,
1.8529891967773438,
1.867055892944336,
2.065896987915039,
1.8391609191894531,
1.737833023071289,
1.5859603881835938,
2.7201175689697266,
2.5620460510253906,
3.6468505859375,
2.753019332885742,
1.8792152404785156,
1.664876937866211,
1.9309520721435547,
1.6567707061767578,
1.756906509399414,
2.282857894897461,
2.8259754180908203,
2.6092529296875,
1.8448829650878906,
1.5838146209716797,
1.8069744110107422,
6.213188171386719,
3.6721229553222656,
7.4920654296875,
7.2479248046875,
2.178192138671875,
2.299070358276367,
2.3539066314697266,
1.5387535095214844,
1.5358924865722656,
1.6591548919677734,
2.3801326751708984,
2.359151840209961,
2.3317337036132812,
2.3398399353027344,
2.295970916748047,
1.9841194152832031,
2.866029739379883,
2.749919891357422,
2.1262168884277344,
2.151012420654297,
2.0020008087158203,
2.023935317993164,
1.5790462493896484,
1.779317855834961,
1.795053482055664,
1.6429424285888672,
1.9979476928710938,
2.229928970336914,
1.7540454864501953,
2.149820327758789,
2.090930938720703,
1.8019676208496094,
1.798868179321289,
1.6148090362548828,
1.7132759094238281,
1.8439292907714844,
1.9350051879882812,
1.8358230590820312,
1.6372203826904297,
1.9719600677490234,
1.889944076538086,
2.332925796508789,
1.9829273223876953,
1.795053482055664,
1.9619464874267578,
2.2759437561035156,
1.638174057006836,
1.9657611846923828,
1.9161701202392578,
1.5060901641845703,
1.4729499816894531,
5.033969879150391,
2.454996109008789,
2.346038818359375,
1.4309883117675781,
2.6841163635253906,
1.825094223022461,
1.89208984375,
1.6281604766845703,
1.5878677368164062,
1.7559528350830078,
1.7237663269042969,
1.8229484558105469,
2.1910667419433594,
2.1371841430664062,
1.734018325805664,
2.2819042205810547,
2.810955047607422,
2.477884292602539,
1.8398761749267578,
1.6558170318603516,
2.051115036010742,
1.9469261169433594,
1.5909671783447266,
1.6908645629882812,
1.756906509399414,
1.7042160034179688,
1.7600059509277344,
1.6121864318847656,
2.536296844482422,
1.8601417541503906,
1.5537738800048828,
1.6520023345947266,
1.8229484558105469,
1.8880367279052734,
2.096891403198242,
3.6902427673339844,
3.503084182739258,
1.7778873443603516,
1.5690326690673828,
1.737833023071289,
2.4378299713134766,
3.148794174194336,
2.5620460510253906,
1.8677711486816406,
1.6891956329345703,
1.5201568603515625,
4.055976867675781,
4.508018493652344,
1.8029212951660156,
1.7769336700439453,
2.0956993103027344,
3.6153793334960938,
2.692699432373047,
3.3330917358398438,
3.2770633697509766,
7.7800750732421875,
7.486820220947266,
3.0379295349121094,
2.4907588958740234,
2.4929046630859375,
3.4990310668945312,
4.745006561279297,
5.599021911621094,
2.1262168884277344,
2.2966861724853516,
1.7991065979003906,
2.5472640991210938,
2.346038818359375,
3.1991004943847656,
2.794981002807617,
2.849102020263672,
2.6519298553466797,
3.9103031158447266,
10.901927947998047,
2.732992172241211,
2.3212432861328125,
2.454996109008789,
3.3538341522216797,
2.1719932556152344,
1.89208984375,
1.8601417541503906,
2.905130386352539,
2.3469924926757812,
2.4690628051757812,
2.3207664489746094,
3.6580562591552734,
2.513885498046875,
8.3770751953125,
9.404897689819336,
6.759166717529297,
2.428293228149414,
4.190921783447266,
4.420042037963867,
4.427909851074219,
6.211996078491211,
7.0362091064453125,
3.8161277770996094,
2.2361278533935547,
2.855062484741211,
2.804994583129883,
2.0380020141601562,
2.4521350860595703,
2.5441646575927734,
3.2088756561279297,
2.201080322265625,
2.0780563354492188,
2.0542144775390625,
2.3779869079589844,
2.4361610412597656,
1.744985580444336,
4.570960998535156,
4.188060760498047,
4.747867584228516,
4.681825637817383,
2.452850341796875,
3.7429332733154297,
4.111289978027344,
3.2110214233398438,
3.1740665435791016,
4.100799560546875,
2.115011215209961,
4.179954528808594,
4.585981369018555,
5.949974060058594,
1.7209053039550781,
2.415895462036133,
1.8720626831054688,
2.1686553955078125,
1.6887187957763672,
1.6376972198486328,
1.3499259948730469,
2.0170211791992188,
2.2089481353759766,
2.074003219604492,
3.6690235137939453,
2.344846725463867,
3.4449100494384766,
2.780914306640625,
2.2149085998535156,
2.925872802734375,
2.6929378509521484,
2.251148223876953,
2.0639896392822266,
9.37199592590332,
5.02777099609375,
4.676103591918945,
3.3648014068603516,
2.5649070739746094,
3.8521289825439453,
2.9408931732177734,
2.466917037963867,
1.531839370727539,
1.8198490142822266,
2.4099349975585938,
1.6200542449951172,
3.7369728088378906,
2.438068389892578,
3.223896026611328,
2.5191307067871094,
0.98419189453125,
1.0900497436523438,
1.3470649719238281,
2.2666454315185547,
1.5749931335449219,
1.5001296997070312,
2.0530223846435547,
1.603841781616211,
10.40792465209961,
10.7421875,
2.569913864135742,
3.450155258178711,
2.2780895233154297,
4.313945770263672,
1.7507076263427734,
2.8951168060302734,
2.856016159057617,
3.1981468200683594,
2.348184585571289,
1.1849403381347656,
1.1556148529052734,
1.386880874633789,
1.708984375,
2.031087875366211,
1.6851425170898438,
2.264738082885742,
1.8818378448486328,
1.3418197631835938,
1.432180404663086,
1.6241073608398438,
1.3802051544189453,
2.254962921142578,
1.8241405487060547,
1.5468597412109375,
5.224943161010742,
6.173849105834961,
2.549886703491211,
5.780935287475586,
2.017974853515625,
1.0869503021240234,
1.3949871063232422,
1.8429756164550781,
2.1610260009765625,
1.8858909606933594,
1.7690658569335938,
1.264810562133789,
2.9349327087402344,
2.8276443481445312,
2.972126007080078,
2.415895462036133,
2.395153045654297,
5.105733871459961,
5.208730697631836,
6.269931793212891,
3.982067108154297,
3.247976303100586,
3.886699676513672,
14.142990112304688,
1.8360614776611328,
2.620697021484375,
13.698101043701172,
2.5849342346191406,
1.8301010131835938,
1.4650821685791016,
0.7138252258300781,
0.6248950958251953,
3.4461021423339844,
3.0698776245117188,
2.9840469360351562,
2.1049976348876953,
1.9006729125976562,
1.0919570922851562,
1.3210773468017578,
3.977060317993164,
3.818988800048828,
3.8793087005615234,
2.148866653442383,
0.8020401000976562,
0.9548664093017578,
4.182100296020508,
3.270864486694336,
3.1828880310058594,
1.867055892944336,
2.8619766235351562,
3.5698413848876953,
4.112958908081055,
2.275228500366211,
1.8649101257324219,
1.458883285522461,
1.4200210571289062,
2.270221710205078,
1.497030258178711,
1.764059066772461,
2.8028488159179688,
2.6717185974121094,
1.9059181213378906,
1.9278526306152344,
2.789020538330078,
1.8718242645263672,
1.2738704681396484,
2.933025360107422,
2.8662681579589844,
1.7008781433105469,
1.8608570098876953,
1.8918514251708984,
2.2819042205810547,
1.8172264099121094,
2.312183380126953,
2.1047592163085938,
2.736806869506836,
2.833843231201172,
2.711057662963867,
2.687215805053711,
2.3560523986816406,
1.7549991607666016,
2.9859542846679688,
4.180908203125,
2.315998077392578,
2.2780895233154297,
3.030061721801758,
2.682924270629883,
3.3540725708007812,
1.9218921661376953,
1.9669532775878906,
1.7399787902832031,
4.094123840332031,
4.217863082885742,
1.7333030700683594,
3.7009716033935547,
2.089977264404297,
1.894235610961914,
4.464864730834961,
4.271984100341797,
2.8839111328125,
2.6819705963134766,
2.4449825286865234,
2.3250579833984375,
2.1517276763916016,
1.772165298461914,
1.7421245574951172,
1.9080638885498047,
2.7480125427246094,
2.5200843811035156,
1.7993450164794922,
1.7101764678955078,
2.0170211791992188,
2.6388168334960938,
1.6620159149169922,
1.7199516296386719,
1.8312931060791016,
1.5561580657958984,
1.809835433959961,
2.837657928466797,
2.3157596588134766,
2.105712890625,
2.877950668334961,
1.9409656524658203,
1.9140243530273438,
1.9352436065673828,
1.9073486328125,
2.402782440185547,
1.91497802734375,
2.1631717681884766,
2.8018951416015625,
4.514217376708984,
2.69317626953125,
2.507925033569336,
10.719060897827148,
10.599851608276367,
5.860090255737305,
4.175901412963867,
5.31005859375,
3.582000732421875,
3.8330554962158203,
3.596782684326172,
1.8439292907714844,
2.4640560150146484,
2.649068832397461,
1.7130374908447266,
2.110004425048828,
2.577066421508789,
6.019115447998047,
1.6231536865234375,
1.1157989501953125,
2.1209716796875,
3.484964370727539,
2.6710033416748047,
2.5827884674072266,
10.759115219116211,
11.914968490600586,
16.36791229248047,
2.107858657836914,
5.187034606933594,
2.524852752685547,
1.2516975402832031,
1.8339157104492188,
1.8260478973388672,
1.2421607971191406,
1.9829273223876953,
2.1638870239257812,
2.2330284118652344,
4.4689178466796875,
4.215002059936523,
0.7791519165039062,
0.6048679351806641,
0.988006591796875,
1.0120868682861328,
1.0039806365966797,
0.7679462432861328,
1.522064208984375,
0.7851123809814453,
1.1458396911621094,
7.646799087524414,
11.802911758422852,
7.944822311401367,
2.3992061614990234,
2.344846725463867,
0.6761550903320312,
0.6110668182373047,
0.6208419799804688,
0.6928443908691406,
0.8699893951416016,
1.1370182037353516,
0.9779930114746094,
0.8118152618408203,
0.8220672607421875,
0.9560585021972656,
0.7867813110351562,
0.8828639984130859,
19.32692527770996,
20.014047622680664,
0.6768703460693359,
0.7009506225585938,
0.9109973907470703,
1.2099742889404297,
0.9920597076416016,
0.9138584136962891,
1.9040107727050781,
1.2621879577636719,
1.2359619140625,
1.1680126190185547,
2.125978469848633,
1.9810199737548828,
2.335071563720703,
1.2269020080566406,
1.2860298156738281,
1.5397071838378906,
1.3349056243896484,
1.1470317840576172,
3.3042430877685547,
3.520965576171875,
4.374980926513672,
2.747058868408203,
2.3310184478759766,
3.22723388671875,
4.521846771240234,
2.894163131713867,
1.598358154296875,
9.855031967163086,
9.989738464355469,
3.5910606384277344,
5.6209564208984375,
0.9741783142089844,
23.395061492919922,
2.6776790618896484,
25.22897720336914,
2.0432472229003906,
7.616996765136719,
15.604019165039062,
14.403104782104492,
6.864070892333984,
8.922100067138672,
1.010894775390625,
0.9729862213134766,
0.8337497711181641,
0.8797645568847656,
0.8509159088134766,
1.5919208526611328,
1.1310577392578125,
1.2340545654296875,
1.5878677368164062,
2.8040409088134766,
1.756906509399414,
10.190010070800781,
5.282163619995117,
2.671957015991211,
0.7541179656982422,
0.6840229034423828,
0.6709098815917969,
0.614166259765625,
0.9491443634033203,
0.9551048278808594,
0.9329319000244141,
0.9191036224365234,
0.7891654968261719,
1.8711090087890625,
3.0181407928466797,
2.393007278442383,
7.535696029663086,
4.47392463684082,
7.727146148681641,
8.232831954956055,
8.265972137451172,
2.752065658569336,
2.2330284118652344,
2.5310516357421875,
2.8128623962402344,
2.452850341796875,
6.654262542724609,
9.296894073486328,
8.673906326293945,
8.268117904663086,
3.9103031158447266,
3.178119659423828,
2.6459693908691406,
2.917051315307617,
3.6547183990478516,
2.705812454223633,
2.187013626098633,
2.2139549255371094,
2.7861595153808594,
1.561880111694336,
1.5652179718017578,
2.3527145385742188,
3.078937530517578,
2.6602745056152344,
1.806020736694336,
1.8649101257324219,
2.273082733154297,
2.1588802337646484,
2.929210662841797,
1.725912094116211,
1.6140937805175781,
1.9779205322265625,
2.5060176849365234,
2.0532608032226562,
2.5968551635742188,
10.635137557983398,
1.8460750579833984,
1.1601448059082031,
1.6751289367675781,
1.1768341064453125,
1.0440349578857422,
0.5340576171875,
2.123117446899414,
2.0558834075927734,
1.9671916961669922,
1.1641979217529297,
1.1670589447021484,
1.5878677368164062,
1.4069080352783203,
0.8242130279541016,
0.8120536804199219,
0.8199214935302734,
0.7140636444091797,
0.7202625274658203,
0.5011558532714844,
1.0769367218017578,
0.5631446838378906,
1.0221004486083984,
1.2841224670410156,
0.9248256683349609,
0.8859634399414062,
0.6117820739746094,
0.6861686706542969,
0.6241798400878906,
0.6289482116699219,
0.7662773132324219,
0.7290840148925781,
0.7460117340087891,
0.701904296875,
0.7328987121582031,
0.9129047393798828,
0.8537769317626953,
0.6968975067138672,
0.6458759307861328,
1.0151863098144531,
0.7836818695068359,
0.8299350738525391,
0.6680488586425781,
0.9179115295410156,
0.6878376007080078,
0.7250308990478516,
0.7290840148925781,
0.9200572967529297,
0.8151531219482422,
1.1088848114013672,
1.329183578491211,
0.7328987121582031,
0.9920597076416016,
0.8568763732910156,
0.80108642578125,
0.8428096771240234,
1.7309188842773438,
0.7519721984863281,
0.8177757263183594,
0.6961822509765625,
0.8189678192138672,
0.9238719940185547,
0.8990764617919922,
0.9398460388183594,
0.9679794311523438,
1.3141632080078125,
1.0097026824951172,
0.8912086486816406,
1.177072525024414,
1.168966293334961,
1.2080669403076172,
1.6293525695800781,
1.0619163513183594,
1.094818115234375,
0.885009765625,
1.1630058288574219,
1.1157989501953125,
1.046895980834961,
0.9379386901855469,
0.8120536804199219,
1.7237663269042969,
0.9849071502685547,
1.0082721710205078,
0.9338855743408203,
0.8778572082519531,
1.1050701141357422,
1.5790462493896484,
1.0111331939697266,
1.4159679412841797,
2.008199691772461,
2.749919891357422,
2.259969711303711,
2.6671886444091797,
2.4678707122802734,
1.6560554504394531,
2.0132064819335938,
1.4147758483886719,
1.444101333618164,
1.444101333618164,
1.3000965118408203,
1.1851787567138672,
1.474142074584961,
1.96075439453125,
5.942821502685547,
5.817174911499023,
4.078149795532227,
3.056764602661133,
2.401113510131836,
2.3097991943359375,
1.3880729675292969,
1.6551017761230469,
2.0678043365478516,
2.20489501953125,
2.454042434692383,
2.3260116577148438,
1.9731521606445312,
2.647876739501953,
2.229928970336914,
2.3870468139648438,
1.6639232635498047,
1.3298988342285156,
1.0890960693359375,
1.600027084350586,
1.5530586242675781,
1.4011859893798828,
1.4789104461669922,
0.9212493896484375,
1.0297298431396484,
1.481771469116211,
1.4348030090332031,
1.0349750518798828,
0.8282661437988281,
1.0461807250976562,
1.0569095611572266,
1.268148422241211,
1.7237663269042969,
1.1110305786132812,
1.3358592987060547,
1.2962818145751953,
1.3608932495117188,
1.4951229095458984,
2.8650760650634766,
1.6069412231445312,
2.2649765014648438,
1.9207000732421875,
2.476930618286133,
1.4410018920898438,
1.50299072265625,
1.3549327850341797,
1.795053482055664,
1.8229484558105469,
2.2618770599365234,
1.9919872283935547,
2.0248889923095703,
1.9900798797607422,
0.9479522705078125,
0.8509159088134766,
0.972747802734375,
1.6262531280517578,
1.5716552734375,
1.5559196472167969,
1.934051513671875,
2.147197723388672,
1.4760494232177734,
2.846240997314453,
2.1827220916748047,
1.8970966339111328,
2.7430057525634766,
2.5298595428466797,
3.392934799194336,
2.855062484741211,
2.7933120727539062,
2.7399063110351562,
5.950212478637695,
5.352973937988281,
9.89389419555664,
8.3770751953125,
7.93910026550293,
6.877899169921875,
2.571582794189453,
1.7910003662109375,
1.6760826110839844,
4.448175430297852,
5.343914031982422,
4.982233047485352,
3.8509368896484375,
4.019021987915039,
4.523038864135742,
5.958080291748047,
5.409955978393555,
5.052804946899414,
5.189180374145508,
2.1839141845703125,
1.0800361633300781,
1.8758773803710938,
2.360105514526367,
2.2580623626708984,
2.179861068725586,
1.2888908386230469,
1.0886192321777344,
0.9109973907470703,
1.6069412231445312,
3.1442642211914062,
3.111124038696289,
1.3577938079833984,
1.664876937866211,
1.1048316955566406,
1.0111331939697266,
1.2810230255126953,
1.4951229095458984,
1.2469291687011719,
1.64794921875,
1.207113265991211,
0.8440017700195312,
1.2221336364746094,
1.3728141784667969,
1.2428760528564453,
1.4882087707519531,
1.210927963256836,
2.5873184204101562,
2.3920536041259766,
2.1889209747314453,
2.146005630493164,
1.5828609466552734,
1.5091896057128906,
1.4462471008300781,
1.6150474548339844,
1.2080669403076172,
1.116037368774414,
1.6639232635498047,
1.3151168823242188,
1.3151168823242188,
0.9591579437255859,
1.252889633178711,
7.368803024291992,
7.310152053833008,
5.351781845092773,
3.059864044189453,
2.6769638061523438,
2.9549598693847656,
3.1800270080566406,
4.097938537597656,
1.2369155883789062,
0.9171962738037109,
2.03704833984375,
2.0568370819091797,
1.3539791107177734,
1.856088638305664,
1.5501976013183594,
1.2981891632080078,
1.1849403381347656,
0.9920597076416016,
1.0030269622802734,
2.7861595153808594,
2.730131149291992,
2.178192138671875,
1.1260509490966797,
1.2371540069580078,
1.2729167938232422,
1.5652179718017578,
1.6617774963378906,
0.9410381317138672,
1.1739730834960938,
1.3120174407958984,
2.714872360229492,
1.2438297271728516,
1.2140274047851562,
1.4977455139160156,
1.3599395751953125,
1.7898082733154297,
1.7201900482177734,
1.2521743774414062,
0.8170604705810547,
0.7450580596923828,
0.6818771362304688,
0.659942626953125,
1.8732547760009766,
0.8668899536132812,
4.951953887939453,
4.9381256103515625,
1.4500617980957031,
15.674829483032227,
15.969038009643555,
0.6802082061767578,
0.6630420684814453,
0.5257129669189453,
0.5102157592773438,
0.6098747253417969,
0.5829334259033203,
0.5059242248535156,
0.6361007690429688,
0.4858970642089844,
0.4856586456298828,
0.4990100860595703,
0.637054443359375,
0.4992485046386719,
0.49805641174316406,
0.4191398620605469,
1.0318756103515625,
0.8561611175537109,
1.7790794372558594,
1.5978813171386719,
1.7731189727783203,
0.8230209350585938,
1.196146011352539,
0.6909370422363281,
0.6022453308105469,
0.6849765777587891,
0.7829666137695312,
0.7662773132324219,
0.8809566497802734,
0.8502006530761719,
0.728607177734375,
0.965118408203125,
0.6220340728759766,
0.5631446838378906,
0.9291172027587891,
0.9100437164306641,
0.7481575012207031,
0.9300708770751953,
0.7269382476806641,
0.9112358093261719,
0.7486343383789062,
0.7898807525634766,
1.1098384857177734,
1.0328292846679688,
0.8938312530517578,
1.2242794036865234,
0.9288787841796875,
0.9107589721679688,
1.2290477752685547,
1.1572837829589844,
0.9508132934570312,
1.8661022186279297,
2.1140575408935547,
0.8370876312255859,
0.9288787841796875,
0.9098052978515625,
0.7758140563964844,
0.7989406585693359,
0.7638931274414062,
0.9341239929199219,
0.7500648498535156,
0.7379055023193359,
0.9489059448242188,
1.0738372802734375,
1.0399818420410156,
1.7600059509277344,
1.0471343994140625,
1.2979507446289062,
32.740116119384766,
33.471107482910156,
0.9760856628417969,
1.4998912811279297,
1.2001991271972656,
11.01994514465332,
2.0411014556884766,
0.5118846893310547,
0.5803108215332031,
0.48279762268066406,
0.5180835723876953,
0.4780292510986328,
0.4639625549316406,
0.4489421844482422,
0.4711151123046875,
0.39005279541015625,
0.5841255187988281,
0.5021095275878906,
0.38504600524902344,
0.4329681396484375,
0.9958744049072266,
0.5860328674316406,
0.8571147918701172,
0.8511543273925781,
0.6768703460693359,
0.6928443908691406,
0.6620883941650391,
0.6783008575439453,
0.7131099700927734,
0.7569789886474609,
0.9839534759521484,
0.9441375732421875,
0.885009765625,
0.8709430694580078,
0.8592605590820312,
0.6892681121826172,
0.7433891296386719,
1.3279914855957031,
1.1477470397949219,
1.3985633850097656,
0.7879734039306641,
0.804901123046875,
0.9341239929199219,
0.7128715515136719,
0.7233619689941406,
2.135038375854492,
2.4590492248535156,
1.032114028930664,
1.0449886322021484,
1.0249614715576172,
0.9810924530029297,
1.1241436004638672,
1.3821125030517578,
1.1949539184570312,
0.9970664978027344,
0.9598731994628906,
1.4081001281738281,
1.8939971923828125,
1.3077259063720703,
1.3580322265625,
1.1260509490966797,
2.213001251220703,
1.9292831420898438,
1.5039443969726562,
1.3370513916015625,
1.322031021118164,
1.4081001281738281,
1.9497871398925781,
1.6770362854003906,
2.2420883178710938,
1.7173290252685547,
2.4237632751464844,
6.911993026733398,
3.035306930541992,
2.343893051147461,
2.1169185638427734,
2.3131370544433594,
2.5391578674316406,
2.2389888763427734,
2.259969711303711,
1.6551017761230469,
1.9342899322509766,
2.5877952575683594,
3.3321380615234375,
2.112150192260742,
2.380847930908203,
2.3407936096191406,
1.8582344055175781,
1.4560222625732422,
1.4050006866455078,
1.6331672668457031,
1.8811225891113281,
2.0999908447265625,
1.558065414428711,
1.8360614776611328,
5.630016326904297,
3.4160614013671875,
3.3588409423828125,
2.5229454040527344,
2.026081085205078,
2.269268035888672,
1.9788742065429688,
2.1021366119384766,
1.5718936920166016,
1.2731552124023438,
1.5201568603515625,
2.6979446411132812,
2.5081634521484375,
2.7008056640625,
2.9370784759521484,
2.2089481353759766,
3.9360523223876953,
4.564046859741211,
3.8909912109375,
3.371000289916992,
3.977060317993164,
3.8759708404541016,
3.1478404998779297,
2.173185348510742,
3.030061721801758,
1.9960403442382812,
2.5870800018310547,
4.776239395141602,
2.359151840209961,
2.477884292602539,
2.20489501953125,
1.1827945709228516,
1.0631084442138672,
1.5058517456054688,
2.232789993286133,
2.213716506958008,
2.399921417236328,
1.3561248779296875,
1.2969970703125,
1.4469623565673828,
1.2347698211669922,
1.361846923828125,
1.001119613647461,
1.4719963073730469,
1.8742084503173828,
2.223968505859375,
1.8551349639892578,
2.2568702697753906,
0.9868144989013672,
1.674652099609375,
1.461029052734375,
7.55620002746582,
3.938913345336914,
8.42905044555664,
4.803180694580078,
4.745006561279297,
2.231121063232422,
1.3320446014404297,
1.7690658569335938,
1.6400814056396484,
2.4759769439697266,
2.490997314453125,
1.016855239868164,
1.4548301696777344,
1.0991096496582031,
0.6022453308105469,
0.8881092071533203,
0.8940696716308594,
1.1987686157226562,
0.9517669677734375,
0.885009765625,
0.7212162017822266,
1.055002212524414,
0.7410049438476562,
0.6971359252929688,
1.0330677032470703,
1.4367103576660156,
1.3430118560791016,
1.149892807006836,
0.9210109710693359,
0.7271766662597656,
0.8919239044189453,
0.8151531219482422,
0.5898475646972656,
1.6672611236572266,
2.3009777069091797,
1.3549327850341797,
1.0859966278076172,
1.420736312866211,
1.322031021118164,
1.9500255584716797,
1.728057861328125,
1.3818740844726562,
0.8678436279296875,
3.1096935272216797,
1.3980865478515625,
1.3709068298339844,
1.0869503021240234,
0.61798095703125,
2.7310848236083984,
1.6150474548339844,
0.5559921264648438,
0.6859302520751953,
0.6239414215087891,
0.5719661712646484,
0.5469322204589844,
0.7450580596923828,
0.5311965942382812,
0.7619857788085938,
1.0039806365966797,
1.21307373046875,
0.637054443359375,
0.5180835723876953,
0.576019287109375,
0.6911754608154297,
0.8108615875244141,
0.6117820739746094,
0.9100437164306641,
5.185127258300781,
1.416921615600586,
2.025127410888672,
5.091190338134766,
1.3761520385742188,
1.1777877807617188,
0.5710124969482422,
0.6859302520751953,
1.004934310913086,
0.8361339569091797,
0.7910728454589844,
0.7021427154541016,
0.8180141448974609,
0.9171962738037109,
0.8680820465087891,
0.8389949798583984,
0.8828639984130859,
0.8611679077148438,
0.8428096771240234,
1.2919902801513672,
0.6959438323974609,
0.6437301635742188,
0.9820461273193359,
1.194000244140625,
1.1508464813232422,
0.6389617919921875,
0.5960464477539062,
0.7741451263427734,
0.7300376892089844,
0.9691715240478516,
0.926971435546875,
0.926971435546875,
4.186153411865234,
2.2161006927490234,
1.4772415161132812,
1.0149478912353516,
1.0268688201904297,
1.2369155883789062,
1.291036605834961,
1.641988754272461,
1.5900135040283203,
2.2230148315429688,
1.809835433959961,
1.7101764678955078,
5.960941314697266,
10.147809982299805,
6.663084030151367,
5.454063415527344,
1.50299072265625,
1.3530254364013672,
1.3461112976074219,
1.0039806365966797,
0.9818077087402344,
0.8997917175292969,
0.8137226104736328,
0.7891654968261719,
0.6966590881347656,
0.9958744049072266,
1.505136489868164,
1.4429092407226562,
1.1179447174072266,
2.5260448455810547,
2.215147018432617,
2.0699501037597656,
1.9707679748535156,
1.4538764953613281,
9.04083251953125,
12.989044189453125,
10.669946670532227,
3.5958290100097656,
1.583099365234375,
2.6807785034179688,
12.44497299194336,
0.9191036224365234,
1.001119613647461,
0.9799003601074219,
1.0800361633300781,
1.4739036560058594,
3.108978271484375,
2.273082733154297,
3.8251876831054688,
5.370855331420898,
5.236148834228516,
2.8259754180908203,
4.324197769165039,
5.393028259277344,
3.1020641326904297,
2.5179386138916016,
1.7578601837158203,
2.3729801177978516,
2.0949840545654297,
8.64100456237793,
14.886856079101562,
2.8009414672851562,
1.9567012786865234,
4.563093185424805,
3.2508373260498047,
2.624988555908203,
2.154111862182617,
3.9451122283935547,
1.7333030700683594,
3.0090808868408203,
2.830028533935547,
2.7017593383789062,
4.292011260986328,
3.473997116088867,
3.844022750854492,
2.3550987243652344,
4.055976867675781,
2.5148391723632812,
3.548860549926758,
1.1928081512451172,
1.2831687927246094,
1.5120506286621094,
2.6559829711914062,
1.8310546875,
2.601146697998047,
1.6968250274658203,
1.4259815216064453,
1.7206668853759766,
1.6257762908935547,
1.3837814331054688,
1.6880035400390625,
2.0520687103271484,
1.2211799621582031,
2.8753280639648438,
2.2459030151367188,
4.491090774536133,
3.3349990844726562,
3.9129257202148438,
1.3492107391357422,
1.2059211730957031,
1.9838809967041016,
4.7740936279296875,
4.358768463134766,
0.9407997131347656,
0.9200572967529297,
0.8082389831542969,
0.7827281951904297,
0.7979869842529297,
0.6608963012695312,
0.6289482116699219,
1.4450550079345703,
1.1391639709472656,
0.7967948913574219,
1.0409355163574219,
1.3849735260009766,
1.6341209411621094,
1.6150474548339844,
1.5718936920166016,
1.5642642974853516,
1.4679431915283203,
1.1529922485351562,
0.9379386901855469,
0.8261203765869141,
1.1878013610839844,
1.0120868682861328,
0.8330345153808594,
0.7562637329101562,
0.7259845733642578,
0.7519721984863281,
0.9160041809082031,
0.8749961853027344,
0.8146762847900391,
1.119852066040039,
0.7727146148681641,
0.7832050323486328,
0.7207393646240234,
0.7569789886474609,
0.9570121765136719,
0.8959770202636719,
0.8919239044189453,
0.9911060333251953,
0.7731914520263672,
0.9050369262695312,
1.1148452758789062,
1.1162757873535156,
1.1241436004638672,
2.4690628051757812,
0.8828639984130859,
1.5087127685546875,
1.2531280517578125,
1.4591217041015625,
1.3556480407714844,
1.0128021240234375,
0.9412765502929688,
1.0831356048583984,
1.0650157928466797,
1.127004623413086,
1.1479854583740234,
1.2171268463134766,
1.4929771423339844,
1.4808177947998047,
1.9199848175048828,
1.4421939849853516,
1.3079643249511719,
1.1980533599853516,
0.9629726409912109,
1.2960433959960938,
1.177072525024414,
1.0540485382080078,
1.0380744934082031,
1.1990070343017578,
1.667022705078125,
1.6188621520996094,
1.6570091247558594,
2.0601749420166016,
1.8019676208496094,
1.7092227935791016,
1.7809867858886719,
1.5642642974853516,
1.6198158264160156,
2.382040023803711,
2.368927001953125,
1.9099712371826172,
2.6400089263916016,
1.7349720001220703,
1.8529891967773438,
1.5299320220947266,
2.045869827270508,
2.0380020141601562,
3.44085693359375,
4.013776779174805,
2.190113067626953,
1.5811920166015625,
2.0258426666259766,
4.2572021484375,
4.721164703369141,
5.405902862548828,
2.8302669525146484,
3.988981246948242,
2.518177032470703,
2.3870468139648438,
3.3180713653564453,
4.106998443603516,
3.5240650177001953,
3.406047821044922,
1.9650459289550781,
2.7811527252197266,
2.183198928833008,
2.782106399536133,
2.004861831665039,
2.1829605102539062,
2.076864242553711,
1.7659664154052734,
1.5664100646972656,
2.0182132720947266,
1.683950424194336,
2.0940303802490234,
1.9829273223876953,
2.0170211791992188,
1.8420219421386719,
1.6388893127441406,
1.497030258178711,
2.532958984375,
2.9540061950683594,
1.6028881072998047,
1.741170883178711,
1.734018325805664,
1.695871353149414,
1.810312271118164,
2.481222152709961,
2.306222915649414,
1.62506103515625,
1.6238689422607422,
1.9750595092773438,
1.924753189086914,
1.6200542449951172,
2.1209716796875,
2.2537708282470703,
3.2618045806884766,
1.7957687377929688,
3.3180713653564453,
4.136085510253906,
1.6629695892333984,
1.6019344329833984,
1.8401145935058594,
2.4569034576416016,
2.3810863494873047,
1.689910888671875,
4.370927810668945,
2.7399063110351562,
2.2389888763427734,
4.57310676574707,
4.21595573425293,
5.830287933349609,
7.418155670166016,
1.7728805541992188,
2.577066421508789,
1.4379024505615234,
1.68609619140625,
2.7208328247070312,
2.6149749755859375,
2.2628307342529297,
2.393960952758789,
2.637624740600586,
3.3860206604003906,
2.6450157165527344,
2.707242965698242,
2.658843994140625,
3.3130645751953125,
2.187967300415039,
1.7757415771484375,
1.706838607788086,
2.613544464111328,
3.8650035858154297,
1.7862319946289062,
1.4467239379882812,
1.4069080352783203,
1.255035400390625,
1.4829635620117188,
1.1589527130126953,
1.1620521545410156,
1.1532306671142578,
2.079010009765625,
1.8558502197265625,
1.7757415771484375,
3.718137741088867,
4.549741744995117,
3.081798553466797,
2.5510787963867188,
1.5749931335449219,
2.131938934326172,
2.2368431091308594,
1.5082359313964844,
1.0609626770019531,
2.8188228607177734,
8.477210998535156,
3.9496421813964844,
4.6329498291015625,
2.050161361694336,
5.249977111816406,
6.30497932434082,
7.456064224243164,
1.5799999237060547,
1.6276836395263672,
1.6379356384277344,
0.8733272552490234,
1.62506103515625,
1.416921615600586,
6.234169006347656,
7.873058319091797,
9.305953979492188,
1.4889240264892578,
1.544952392578125,
3.3011436462402344,
3.155946731567383,
4.229068756103516,
1.0950565338134766,
1.7600059509277344,
1.5769004821777344,
1.6720294952392578,
1.7218589782714844,
1.33514404296875,
0.9350776672363281,
2.0589828491210938,
2.627134323120117,
4.7740936279296875,
3.1468868255615234,
1.600027084350586,
2.3560523986816406,
0.7789134979248047,
1.9688606262207031,
2.3810863494873047,
2.457141876220703,
1.7108917236328125,
1.7170906066894531,
1.3060569763183594,
1.4128684997558594,
1.374959945678711,
1.2140274047851562,
1.4371871948242188,
1.2979507446289062,
1.1210441589355469,
1.2650489807128906,
0.9012222290039062,
1.1281967163085938,
0.9877681732177734,
0.8077621459960938,
3.017902374267578,
2.8600692749023438,
2.1829605102539062,
1.7347335815429688,
2.1240711212158203,
1.2249946594238281,
0.9579658508300781,
1.4858245849609375,
0.8711814880371094,
1.1708736419677734,
0.9152889251708984,
1.1332035064697266,
2.6929378509521484,
3.167867660522461,
1.6880035400390625,
1.3089179992675781,
0.827789306640625,
0.8370876312255859,
0.7259845733642578,
1.1069774627685547,
0.9527206420898438,
0.90789794921875,
6.705760955810547,
2.5382041931152344,
3.258943557739258,
3.2470226287841797,
7.178068161010742,
1.6160011291503906,
1.5299320220947266,
1.5227794647216797,
1.4889240264892578,
1.4569759368896484,
1.2400150299072266,
0.9949207305908203,
0.8807182312011719,
0.9357929229736328,
0.8549690246582031,
1.8448829650878906,
1.3360977172851562,
1.9650459289550781,
1.5361309051513672,
1.3172626495361328,
1.2230873107910156,
1.134634017944336,
0.9968280792236328,
1.8036365509033203,
3.0088424682617188,
2.8269290924072266,
3.9801597595214844,
1.5652179718017578,
1.4908313751220703,
1.6069412231445312,
3.425121307373047,
4.147052764892578,
1.949310302734375,
3.2618045806884766,
1.062154769897461,
0.9560585021972656,
0.9717941284179688,
2.977132797241211,
2.593994140625,
2.3229122161865234,
1.3501644134521484,
2.148866653442383,
5.15294075012207,
3.078937530517578,
2.4356842041015625,
1.8880367279052734,
2.3810863494873047,
3.6199092864990234,
2.5131702423095703,
2.2249221801757812,
1.0187625885009766,
4.209995269775391,
5.868196487426758,
5.429983139038086,
2.7642250061035156,
1.5761852264404297,
1.863241195678711,
1.4069080352783203,
0.9450912475585938,
0.9820461273193359,
1.2030601501464844,
1.058816909790039,
1.0409355163574219,
1.194000244140625,
1.0221004486083984,
2.312898635864258,
3.2188892364501953,
2.9439926147460938,
2.235889434814453,
5.657672882080078,
3.0422210693359375,
2.6781558990478516,
1.966714859008789,
1.7299652099609375,
1.4729499816894531,
1.8799304962158203,
1.8079280853271484,
2.129793167114258,
2.0580291748046875,
2.2029876708984375,
1.8901824951171875,
2.4483203887939453,
2.0771026611328125,
1.6150474548339844,
1.7740726470947266,
1.985788345336914,
1.2841224670410156,
1.2311935424804688,
3.9520263671875,
3.8199424743652344,
3.5948753356933594,
3.551959991455078,
5.426168441772461,
4.854917526245117,
2.395153045654297,
2.3651123046875,
2.25830078125,
1.8999576568603516,
2.1517276763916016,
2.042055130004883,
1.8687248229980469,
4.539251327514648,
5.028963088989258,
3.216981887817383,
1.695871353149414,
2.235889434814453,
1.9481182098388672,
2.5517940521240234,
6.098031997680664,
4.026889801025391,
3.818035125732422,
2.402067184448242,
2.233743667602539,
1.962900161743164,
2.6748180389404297,
2.608060836791992,
2.0821094512939453,
1.7201900482177734,
1.992940902709961,
7.7610015869140625,
2.9969215393066406,
8.352994918823242,
2.370119094848633,
4.895925521850586,
1.8231868743896484,
2.669811248779297,
1.9290447235107422,
1.8620491027832031,
1.6880035400390625,
1.9757747650146484,
2.0139217376708984,
1.7840862274169922,
1.7852783203125,
4.050254821777344,
1.615285873413086,
2.5169849395751953,
2.438783645629883,
1.973867416381836,
2.468109130859375,
2.6149749755859375,
2.752065658569336,
2.6988983154296875,
1.9917488098144531,
3.960847854614258,
4.925966262817383,
1.7518997192382812,
2.6519298553466797,
1.5380382537841797,
2.5548934936523438,
2.3849010467529297,
1.7588138580322266,
2.0608901977539062,
2.3779869079589844,
2.0668506622314453,
2.5730133056640625,
1.5549659729003906,
2.502918243408203,
2.435922622680664,
6.084918975830078,
2.9952526092529297,
2.296924591064453,
2.605915069580078,
2.763032913208008,
2.351999282836914,
1.9042491912841797,
2.138853073120117,
2.032041549682617,
1.6200542449951172,
4.73332405090332,
2.1719932556152344,
2.2079944610595703,
1.5680789947509766,
1.7688274383544922,
1.7611980438232422,
1.7230510711669922,
1.9390583038330078,
1.4951229095458984,
2.232074737548828,
1.8041133880615234,
2.2568702697753906,
2.524852752685547,
2.733945846557617,
1.8281936645507812,
2.348184585571289,
2.5289058685302734,
2.3491382598876953,
1.6138553619384766,
4.17327880859375,
3.9229393005371094,
2.2661685943603516,
2.093076705932617,
1.6748905181884766,
3.185272216796875,
3.080129623413086,
1.9352436065673828,
3.7240982055664062,
4.797935485839844,
2.8526782989501953,
2.4099349975585938,
3.281831741333008,
1.8320083618164062,
2.115011215209961,
2.207040786743164,
3.1630992889404297,
2.805948257446289,
2.393007278442383,
1.9006729125976562,
1.8181800842285156,
1.5859603881835938,
1.6601085662841797,
2.028942108154297,
1.293182373046875,
1.3780593872070312,
1.4870166778564453,
1.4081001281738281,
1.9698143005371094,
2.0542144775390625,
1.672983169555664,
4.176139831542969,
2.210855484008789,
1.9750595092773438,
2.1092891693115234,
2.531766891479492,
2.2530555725097656,
1.6410350799560547,
2.465963363647461,
3.1540393829345703,
3.2727718353271484,
2.404928207397461,
1.870870590209961,
2.1469593048095703,
2.5148391723632812,
1.8377304077148438,
2.1691322326660156,
2.515077590942383,
2.341032028198242,
3.2362937927246094,
10.67495346069336,
9.824991226196289,
9.148359298706055,
3.299713134765625,
3.016233444213867,
1.4660358428955078,
1.0149478912353516,
1.3890266418457031,
2.69317626953125,
2.3088455200195312,
2.477884292602539,
2.5610923767089844,
2.7756690979003906,
2.4309158325195312,
2.2459030151367188,
1.8618106842041016,
1.931905746459961,
1.603841781616211,
3.598928451538086,
1.9619464874267578,
2.26593017578125,
1.8901824951171875,
0.8280277252197266,
0.7369518280029297,
0.6129741668701172,
0.7560253143310547,
0.8549690246582031,
0.5321502685546875,
0.49304962158203125,
2.0329952239990234,
0.9150505065917969,
0.9000301361083984,
0.8409023284912109,
1.0519027709960938,
1.203775405883789,
1.4538764953613281,
3.192901611328125,
3.1991004943847656,
3.014802932739258,
2.6869773864746094,
2.894163131713867,
2.5682449340820312,
3.280162811279297,
8.385181427001953,
4.108190536499023,
4.231929779052734,
2.794981002807617,
1.007080078125,
3.0999183654785156,
1.3802051544189453,
0.9815692901611328,
0.7288455963134766,
0.6172657012939453,
4.467964172363281,
4.398107528686523,
5.228996276855469,
0.8389949798583984,
0.7648468017578125,
0.9469985961914062,
0.7419586181640625,
0.5648136138916016,
0.8718967437744141,
0.5519390106201172,
0.6461143493652344,
0.5707740783691406,
0.6639957427978516,
0.7519721984863281,
0.6358623504638672,
0.6010532379150391,
0.6902217864990234,
0.6129741668701172,
0.5860328674316406,
0.4742145538330078,
0.4131793975830078,
0.5879402160644531,
4.623174667358398,
5.009889602661133,
0.823974609375,
0.7681846618652344,
0.57220458984375,
0.6439685821533203,
1.8739700317382812,
0.7040500640869141,
1.6560554504394531,
0.8008480072021484,
0.8378028869628906,
1.1258125305175781,
0.8461475372314453,
0.9212493896484375,
0.6721019744873047,
0.8041858673095703,
1.1620521545410156,
1.1336803436279297,
0.7181167602539062,
4.101276397705078,
3.1778812408447266,
2.9709339141845703,
2.7849674224853516,
1.5947818756103516,
2.680063247680664,
1.895904541015625,
2.522706985473633,
4.221916198730469,
3.9520263671875,
3.8039684295654297,
2.3419857025146484,
3.3228397369384766,
2.933979034423828,
3.810882568359375,
3.0770301818847656,
3.473043441772461,
1.806020736694336,
1.7969608306884766,
1.7228126525878906,
2.171754837036133,
2.092123031616211,
2.691030502319336,
2.177000045776367,
2.0248889923095703,
2.5539398193359375,
2.0270347595214844,
2.076864242553711,
3.9582252502441406,
5.146026611328125,
14.482259750366211,
5.184173583984375,
2.279043197631836,
1.825094223022461,
1.8429756164550781,
1.6551017761230469,
1.9330978393554688,
1.5380382537841797,
3.0448436737060547,
2.8798580169677734,
2.4590492248535156,
2.1224021911621094,
2.2101402282714844,
2.814054489135742,
2.7441978454589844,
3.389120101928711,
3.593921661376953,
3.5779476165771484,
3.9968490600585938,
3.319978713989258,
2.8760433197021484,
12.128829956054688,
7.908105850219727,
7.432222366333008,
20.679950714111328,
13.916969299316406,
19.320011138916016,
4.548072814941406,
5.782127380371094,
6.554841995239258,
2.3407936096191406,
1.6129016876220703,
3.899097442626953,
4.050970077514648,
5.1898956298828125,
5.0067901611328125,
3.6110877990722656,
2.315044403076172,
1.7080307006835938,
1.8570423126220703,
1.6617774963378906,
1.5001296997070312,
2.496957778930664,
9.812116622924805,
11.761903762817383,
2.786874771118164,
2.1500587463378906,
2.6760101318359375,
1.1827945709228516,
2.6569366455078125,
6.405115127563477,
1.4760494232177734,
6.096124649047852,
2.8231143951416016,
1.1069774627685547,
2.298116683959961,
1.856088638305664,
1.9421577453613281,
2.031087875366211,
1.0590553283691406,
1.2240409851074219,
1.077890396118164,
1.092672348022461,
0.9369850158691406,
1.7859935760498047,
2.2988319396972656,
1.5878677368164062,
1.486063003540039,
3.983020782470703,
3.0069351196289062,
1.7242431640625,
4.456281661987305,
1.3339519500732422,
2.4890899658203125,
1.7888545989990234,
1.432180404663086,
0.9520053863525391,
0.9672641754150391,
2.0751953125,
2.087831497192383,
2.672910690307617,
1.142740249633789,
1.4050006866455078,
1.5442371368408203,
1.5001296997070312,
0.8602142333984375,
1.5821456909179688,
1.85394287109375,
2.2089481353759766,
1.3689994812011719,
1.2867450714111328,
1.2509822845458984,
1.3871192932128906,
1.1780261993408203,
1.5149116516113281,
1.4719963073730469,
3.0562877655029297,
1.9030570983886719,
4.24504280090332,
4.909753799438477,
1.2612342834472656,
1.0619163513183594,
1.5869140625,
3.8788318634033203,
2.9768943786621094,
2.8209686279296875,
2.547025680541992,
2.2728443145751953,
1.6949176788330078,
1.15203857421875,
1.628875732421875,
1.3768672943115234,
1.1928081512451172,
6.957769393920898,
6.23321533203125,
7.125139236450195,
2.1789073944091797,
2.1398067474365234,
2.7899742126464844,
1.6331672668457031,
3.1747817993164062,
2.218008041381836,
2.2499561309814453,
1.798868179321289,
2.682924270629883,
2.5107860565185547,
3.1092166900634766,
2.2819042205810547,
2.302885055541992,
3.1409263610839844,
2.306222915649414,
1.9378662109375,
1.7709732055664062,
1.9829273223876953,
2.2993087768554688,
2.1567344665527344,
3.367185592651367,
2.447843551635742,
2.3758411407470703,
2.2020339965820312,
2.156972885131836,
2.0301342010498047,
1.9941329956054688,
2.6738643646240234,
1.6808509826660156,
1.668691635131836,
6.107091903686523,
3.033876419067383,
1.8131732940673828,
1.7447471618652344,
2.3260116577148438,
2.6428699493408203,
1.8780231475830078,
3.3702850341796875,
3.0820369720458984,
2.540111541748047,
2.3539066314697266,
1.834869384765625,
2.444744110107422,
2.043008804321289,
1.7168521881103516,
1.7619132995605469,
1.7311573028564453,
2.020120620727539,
2.1648406982421875,
2.362966537475586,
2.2420883178710938,
2.4089813232421875,
1.558065414428711,
1.981973648071289,
2.401113510131836,
2.1147727966308594,
1.9431114196777344,
1.9881725311279297,
1.920938491821289,
2.1228790283203125,
2.1910667419433594,
2.0961761474609375,
1.6222000122070312,
1.6160011291503906,
1.8329620361328125,
2.034902572631836,
1.7783641815185547,
1.544952392578125,
2.683877944946289,
2.952098846435547,
1.7900466918945312,
1.7709732055664062,
1.8918514251708984,
2.4042129516601562,
3.226041793823242,
3.361940383911133,
1.8038749694824219,
1.6028881072998047,
1.5981197357177734,
1.4393329620361328,
4.50587272644043,
4.209041595458984,
5.238056182861328,
2.90679931640625,
3.401041030883789,
2.203226089477539,
2.3488998413085938,
2.974987030029297,
2.1920204162597656,
2.4237632751464844,
1.8970966339111328,
1.6949176788330078,
2.225160598754883,
1.7390251159667969,
1.6052722930908203,
1.422882080078125,
1.7468929290771484,
1.7189979553222656,
1.5561580657958984,
1.604318618774414,
1.6880035400390625,
1.7132759094238281,
1.5261173248291016,
1.9428730010986328,
1.889944076538086,
1.728057861328125,
1.6887187957763672,
1.5861988067626953,
2.1703243255615234,
2.070903778076172,
1.8930435180664062,
1.8312931060791016,
2.3450851440429688,
3.737211227416992,
3.4601688385009766,
3.421783447265625,
4.134178161621094,
1.486063003540039,
1.50299072265625,
1.7490386962890625,
1.7971992492675781,
2.5000572204589844,
2.221822738647461,
1.8470287322998047,
1.6951560974121094,
2.4530887603759766,
3.0660629272460938,
2.5873184204101562,
1.577138900756836,
1.5909671783447266,
2.315998077392578,
6.054162979125977,
5.429983139038086,
6.108999252319336,
3.7131309509277344,
2.309083938598633,
2.485990524291992,
2.218008041381836,
2.1409988403320312,
3.023862838745117,
1.9261837005615234,
2.1789073944091797,
3.0069351196289062,
2.004861831665039,
2.4580955505371094,
1.9419193267822266,
2.154827117919922,
1.8429756164550781,
4.944086074829102,
8.172035217285156,
2.9032230377197266,
3.080129623413086,
4.702091217041016,
3.201007843017578,
2.3670196533203125,
2.290010452270508,
2.3827552795410156,
2.2058486938476562,
1.9900798797607422,
2.0589828491210938,
1.657724380493164,
3.818035125732422,
3.7381649017333984,
3.0548572540283203,
4.975795745849609,
4.561185836791992,
3.5080909729003906,
2.227783203125,
1.9888877868652344,
2.819061279296875,
2.443075180053711,
2.730846405029297,
2.6397705078125,
3.330230712890625,
2.950906753540039,
2.8350353240966797,
2.5300979614257812,
2.0470619201660156,
2.137899398803711,
1.6512870788574219,
2.1779537200927734,
1.8069744110107422,
3.944873809814453,
1.5392303466796875,
1.6641616821289062,
1.0690689086914062,
0.9558200836181641,
1.2469291687011719,
1.2500286102294922,
1.5988349914550781,
2.5539398193359375,
1.52587890625,
2.215862274169922,
2.321958541870117,
1.9650459289550781,
5.55109977722168,
2.0940303802490234,
5.077838897705078,
12.144327163696289,
3.113269805908203,
3.946065902709961,
2.768993377685547,
2.4580955505371094,
2.7320384979248047,
3.8352012634277344,
14.223814010620117,
2.5420188903808594,
3.7729740142822266,
1.3051033020019531,
1.1477470397949219,
0.8320808410644531,
2.3529529571533203,
1.7189979553222656,
1.783132553100586,
3.0760765075683594,
3.8042068481445312,
5.41996955871582,
4.076719284057617,
3.652811050415039,
4.8351287841796875,
4.366874694824219,
1.7271041870117188,
2.8100013732910156,
5.125999450683594,
7.209062576293945,
10.046005249023438,
2.5129318237304688,
8.056163787841797,
10.490179061889648,
7.567167282104492,
3.468751907348633,
2.526998519897461,
2.285003662109375,
1.48773193359375,
2.454042434692383,
3.1659603118896484,
1.5342235565185547,
3.1681060791015625,
2.7141571044921875,
2.9420852661132812,
3.194093704223633,
3.0210018157958984,
2.9439926147460938,
2.624034881591797,
2.573728561401367,
4.983186721801758,
4.977703094482422,
3.2329559326171875,
5.1479339599609375,
4.395008087158203,
9.413003921508789,
3.771066665649414,
5.439996719360352,
5.023956298828125,
4.950046539306641,
2.942800521850586,
2.190828323364258,
2.791881561279297,
1.7940998077392578,
4.173994064331055,
3.9908885955810547,
1.7011165618896484,
3.6699771881103516,
1.9419193267822266,
1.3949871063232422,
2.2017955780029297,
2.0668506622314453,
1.912832260131836,
1.8723011016845703,
1.714944839477539,
2.429962158203125,
2.023935317993164,
3.0488967895507812,
4.274129867553711,
2.393960952758789,
2.2437572479248047,
1.9631385803222656,
1.7888545989990234,
1.3701915740966797,
1.1239051818847656,
2.1839141845703125,
5.131006240844727,
4.635810852050781,
3.6568641662597656,
4.3468475341796875,
1.645803451538086,
1.505136489868164,
1.9381046295166016,
1.5101432800292969,
1.5478134155273438,
1.2595653533935547,
1.3229846954345703,
1.840829849243164,
2.737283706665039,
3.470897674560547,
2.1789073944091797,
2.283811569213867,
2.833843231201172,
1.4069080352783203,
0.8947849273681641,
0.8311271667480469,
1.2810230255126953,
2.496004104614258,
2.2017955780029297,
1.2128353118896484,
0.9522438049316406,
1.0399818420410156,
2.026081085205078,
2.766132354736328,
2.7060508728027344,
2.5398731231689453,
2.2797584533691406,
2.824068069458008,
2.516031265258789,
2.5110244750976562,
3.227710723876953,
1.0530948638916016,
0.9567737579345703,
1.3720989227294922,
1.8858909606933594,
1.3399124145507812,
1.1088848114013672,
1.325845718383789,
1.4488697052001953,
0.9179115295410156,
0.8728504180908203,
0.9701251983642578,
1.8758773803710938,
1.7058849334716797,
1.6789436340332031,
0.9961128234863281,
0.9860992431640625,
1.0330677032470703,
2.7539730072021484,
3.2188892364501953,
1.3189315795898438,
1.3117790222167969,
3.0210018157958984,
4.154205322265625,
3.2613277435302734,
3.16619873046875,
2.5131702423095703,
2.2919178009033203,
1.7421245574951172,
2.0580291748046875,
1.499176025390625,
4.36091423034668,
2.050161361694336,
1.74713134765625,
1.634836196899414,
1.7778873443603516,
1.4748573303222656,
1.4190673828125,
1.6613006591796875,
1.558065414428711,
2.0380020141601562,
2.1219253540039062,
2.03704833984375,
3.986835479736328,
1.5549659729003906,
2.0508766174316406,
1.8219947814941406,
1.44195556640625,
4.513025283813477,
3.812074661254883,
3.021717071533203,
3.403902053833008,
2.933025360107422,
2.282857894897461,
1.9159317016601562,
2.174854278564453,
2.347707748413086,
2.6769638061523438,
1.8067359924316406,
1.7240047454833984,
1.4400482177734375,
3.648042678833008,
4.357099533081055,
2.1691322326660156,
2.275228500366211,
2.3331642150878906,
3.368854522705078,
3.287076950073242,
7.323026657104492,
1.8062591552734375,
3.6008358001708984,
3.014087677001953,
4.040002822875977,
3.081083297729492,
1.9829273223876953,
1.6918182373046875,
2.756834030151367,
2.0689964294433594,
1.8689632415771484,
1.9049644470214844,
2.1560192108154297,
2.8350353240966797,
2.8090476989746094,
2.2432804107666016,
1.8689632415771484,
1.5239715576171875,
1.7442703247070312,
1.9807815551757812,
1.9602775573730469,
2.2780895233154297,
2.3491382598876953,
2.5501251220703125,
2.4080276489257812,
1.2688636779785156,
1.026153564453125,
1.5251636505126953,
2.1500587463378906,
1.8491744995117188,
1.1870861053466797,
1.1630058288574219,
0.9407997131347656,
0.9760856628417969,
1.7418861389160156,
2.2017955780029297,
2.686023712158203,
1.8830299377441406,
1.5227794647216797,
1.2631416320800781,
2.3179054260253906,
1.4190673828125,
1.1560916900634766,
0.8969306945800781,
3.408193588256836,
3.9207935333251953,
3.7889480590820312,
1.9986629486083984,
1.9292831420898438,
1.67083740234375,
1.6200542449951172,
1.5323162078857422,
0.9889602661132812,
1.74713134765625,
1.6918182373046875,
1.232147216796875,
1.5151500701904297,
2.1390914916992188,
1.4929771423339844,
1.9581317901611328,
1.277923583984375,
1.1379718780517578,
2.6030540466308594,
2.877950668334961,
2.6443004608154297,
2.017974853515625,
1.249074935913086,
1.1968612670898438,
2.3660659790039062,
1.8360614776611328,
1.7437934875488281,
1.9369125366210938,
1.7480850219726562,
1.6613006591796875,
1.5361309051513672,
1.966238021850586,
1.5361309051513672,
1.8470287322998047,
1.585245132446289,
1.771688461303711,
1.9960403442382812,
1.5788078308105469,
2.1660327911376953,
2.380847930908203,
2.131938934326172,
5.246877670288086,
3.6890506744384766,
4.712820053100586,
2.732992172241211,
2.0990371704101562,
1.5959739685058594,
2.441883087158203,
2.3758411407470703,
7.3070526123046875,
7.3871612548828125,
4.940032958984375,
3.5791397094726562,
3.001689910888672,
2.4399757385253906,
3.0248165130615234,
1.6560554504394531,
1.9841194152832031,
2.599954605102539,
2.189159393310547,
2.515077590942383,
3.156900405883789,
2.8176307678222656,
1.9259452819824219,
2.401113510131836,
2.1300315856933594,
2.187967300415039,
4.056692123413086,
4.270076751708984,
2.8982162475585938,
2.245187759399414,
2.4919509887695312,
1.97601318359375,
2.9680728912353516,
1.8761157989501953,
1.6870498657226562,
2.696990966796875,
2.454996109008789,
1.7650127410888672,
4.3010711669921875,
2.936124801635742,
1.940011978149414,
1.9698143005371094,
11.76595687866211,
2.6586055755615234,
2.3860931396484375,
0.7328987121582031,
0.6620883941650391,
0.6930828094482422,
0.5052089691162109,
0.7190704345703125,
1.0480880737304688,
0.6940364837646484,
0.5459785461425781,
1.3408660888671875,
1.2440681457519531,
0.6420612335205078,
0.9369850158691406,
0.7321834564208984,
0.6551742553710938,
0.9579658508300781,
1.7359256744384766,
1.8148422241210938,
2.4738311767578125,
0.9620189666748047,
1.3151168823242188,
1.0459423065185547,
1.337289810180664,
0.8928775787353516,
0.8389949798583984,
0.6830692291259766,
0.6508827209472656,
0.6031990051269531,
0.8220672607421875,
0.7569789886474609,
0.8342266082763672,
0.8161067962646484,
0.759124755859375,
1.9977092742919922,
2.7620792388916016,
2.0568370819091797,
1.4841556549072266,
1.867055892944336,
0.6630420684814453,
0.8518695831298828,
0.7848739624023438,
0.7901191711425781,
0.8907318115234375,
0.8549690246582031,
21.503925323486328,
3.4940242767333984,
3.1747817993164062,
3.412961959838867,
3.9839744567871094,
3.4029483795166016,
0.6499290466308594,
0.6802082061767578,
0.6589889526367188,
0.6091594696044922,
0.6029605865478516,
0.5018711090087891,
0.4799365997314453,
0.7481575012207031,
0.7240772247314453,
0.6070137023925781,
0.49304962158203125,
1.1110305786132812,
0.6930828094482422,
0.762939453125,
0.6959438323974609,
0.6649494171142578,
0.6151199340820312,
0.8788108825683594,
3.665924072265625,
2.660036087036133,
2.3920536041259766,
1.970052719116211,
1.7778873443603516,
1.1038780212402344,
0.9379386901855469,
1.2280941009521484,
1.1551380157470703,
1.0678768157958984,
1.461029052734375,
0.946044921875,
1.8210411071777344,
1.0039806365966797,
1.1301040649414062,
1.867055892944336,
3.117084503173828,
2.6237964630126953,
2.2542476654052734,
2.507925033569336,
3.644227981567383,
3.7648677825927734,
5.795717239379883,
4.759073257446289,
13.519048690795898,
12.481689453125,
7.443904876708984,
2.460956573486328,
3.247976303100586,
3.2062530517578125,
2.279996871948242,
1.405954360961914,
1.5561580657958984,
1.399993896484375,
1.5230178833007812,
1.2562274932861328,
1.9650459289550781,
2.0291805267333984,
1.5370845794677734,
1.2242794036865234,
1.3508796691894531,
1.3027191162109375,
1.8279552459716797,
1.9230842590332031,
9.167909622192383,
2.7267932891845703,
7.258892059326172,
1.3399124145507812,
1.7001628875732422,
1.5468597412109375,
0.8599758148193359,
1.062154769897461,
0.9090900421142578,
1.1477470397949219,
1.5630722045898438,
1.4579296112060547,
0.8692741394042969,
0.9121894836425781,
1.0271072387695312,
0.9930133819580078,
1.4030933380126953,
0.8461475372314453,
0.8459091186523438,
2.1610260009765625,
1.5978813171386719,
1.0340213775634766,
0.7431507110595703,
0.6783008575439453,
3.3788681030273438,
4.623889923095703,
4.309892654418945,
4.560947418212891,
3.155946731567383,
1.6818046569824219,
1.4259815216064453,
0.9870529174804688,
1.1997222900390625,
0.8640289306640625,
0.7967948913574219,
0.6899833679199219,
1.3120174407958984,
0.9500980377197266,
1.1911392211914062,
1.8260478973388672,
2.079010009765625,
6.929874420166016,
1.9850730895996094,
1.0788440704345703,
1.2631416320800781,
1.1358261108398438,
0.7319450378417969,
1.4150142669677734,
1.1749267578125,
1.664876937866211,
1.4781951904296875,
0.7278919219970703,
0.9899139404296875,
1.2149810791015625,
1.0509490966796875,
1.071929931640625,
0.8068084716796875,
1.2788772583007812,
1.262664794921875,
1.2578964233398438,
0.9870529174804688,
1.1608600616455078,
1.6460418701171875,
1.6407966613769531,
1.3790130615234375,
1.0368824005126953,
0.8192062377929688,
0.9198188781738281,
0.9007453918457031,
1.0290145874023438,
1.2485980987548828,
1.2233257293701172,
0.9660720825195312,
0.7851123809814453,
0.7727146148681641,
0.7102489471435547,
0.6902217864990234,
1.447916030883789,
1.064300537109375,
0.8449554443359375,
1.0180473327636719,
1.9159317016601562,
2.2079944610595703,
0.7100105285644531,
0.8199214935302734,
1.9309520721435547,
1.1639595031738281,
1.058816909790039,
1.0311603546142578,
0.6697177886962891,
0.6740093231201172,
1.1818408966064453,
1.1293888092041016,
2.2249221801757812,
1.1639595031738281,
0.8771419525146484,
0.8308887481689453,
0.8971691131591797,
0.7569789886474609,
1.9519329071044922,
1.383066177368164,
1.0199546813964844,
1.230001449584961,
0.6670951843261719,
1.3222694396972656,
1.1341571807861328,
0.9238719940185547,
1.0628700256347656,
0.9121894836425781,
0.7519721984863281,
1.2137889862060547,
0.8220672607421875,
1.1091232299804688,
1.004934310913086,
0.904083251953125,
1.0650157928466797,
0.8099079132080078,
1.0080337524414062,
1.6100406646728516,
1.3229846954345703,
1.1749267578125,
1.9631385803222656,
1.3759136199951172,
1.2040138244628906,
1.1777877807617188,
0.9369850158691406,
1.1060237884521484,
1.0650157928466797,
0.9338855743408203,
1.1267662048339844,
0.9388923645019531,
0.8900165557861328,
1.0728836059570312,
1.0323524475097656,
0.8711814880371094,
0.7698535919189453,
0.8249282836914062,
0.8337497711181641,
0.6792545318603516,
0.9090900421142578,
1.249074935913086,
0.9069442749023438,
0.9009838104248047,
0.782012939453125,
1.1899471282958984,
1.0941028594970703,
1.1401176452636719,
1.19781494140625,
2.1200180053710938,
2.4738311767578125,
1.1150836944580078,
1.132965087890625,
1.4798641204833984,
1.9559860229492188,
1.264810562133789,
1.2879371643066406,
1.322031021118164,
1.4052391052246094,
1.378774642944336,
1.8191337585449219,
2.5451183319091797,
4.632234573364258,
5.743980407714844,
3.010988235473633,
2.735137939453125,
2.557992935180664,
2.511262893676758,
1.6667842864990234,
3.015279769897461,
2.189159393310547,
2.7751922607421875,
2.0041465759277344,
2.38800048828125,
1.605987548828125,
2.895832061767578,
3.0357837677001953,
2.986907958984375,
12.666940689086914,
12.124061584472656,
11.399030685424805,
2.795696258544922,
1.9397735595703125,
1.753091812133789,
2.330303192138672,
1.4767646789550781,
1.661062240600586,
1.6939640045166016,
1.4736652374267578,
1.644134521484375,
1.399993896484375,
1.2760162353515625,
1.2259483337402344,
1.1436939239501953,
4.441976547241211,
1.7609596252441406,
2.0220279693603516,
1.783132553100586,
1.277923583984375,
1.2869834899902344,
1.1668205261230469,
1.6198158264160156,
13.693094253540039,
3.8039684295654297,
9.900093078613281,
7.937908172607422,
7.330179214477539,
15.682220458984375,
4.053354263305664,
3.21197509765625,
2.6099681854248047,
2.0148754119873047,
1.6551017761230469,
0.9272098541259766,
1.2531280517578125,
1.1200904846191406,
1.725912094116211,
2.2759437561035156,
1.6939640045166016,
0.7989406585693359,
0.5381107330322266,
0.6651878356933594,
0.6780624389648438,
0.8060932159423828,
0.6968975067138672,
0.6279945373535156,
0.8447170257568359,
1.2552738189697266,
0.9362697601318359,
1.461029052734375,
2.160787582397461,
2.2962093353271484,
2.1753311157226562,
2.065896987915039,
1.4331340789794922,
1.7552375793457031,
1.2269020080566406,
2.081632614135742,
2.779245376586914,
1.1830329895019531,
1.7771720886230469,
1.4290809631347656,
1.1043548583984375,
2.947092056274414,
2.7039051055908203,
3.0531883239746094,
3.0181407928466797,
2.7120113372802734,
3.056764602661133,
1.3339519500732422,
1.2118816375732422,
1.1377334594726562,
0.7967948913574219,
0.9720325469970703,
1.2171268463134766,
1.1761188507080078,
1.580953598022461,
1.0509490966796875,
1.8379688262939453,
1.2569427490234375,
1.215219497680664,
1.2390613555908203,
1.219034194946289,
1.8239021301269531,
1.825094223022461,
1.405954360961914,
1.4150142669677734,
1.0769367218017578,
1.0480880737304688,
1.8150806427001953,
1.7490386962890625,
1.3380050659179688,
2.1991729736328125,
2.5217533111572266,
1.5919208526611328,
2.398967742919922,
2.9010772705078125,
1.2259483337402344,
1.081228256225586,
1.5339851379394531,
1.5177726745605469,
1.4770030975341797,
1.3108253479003906,
1.0628700256347656,
1.3659000396728516,
1.6770362854003906,
2.034902572631836,
2.056121826171875,
1.8491744995117188,
1.7800331115722656,
1.8990039825439453,
1.6698837280273438,
1.641988754272461,
1.3637542724609375,
2.009868621826172,
2.3529529571533203,
1.9230842590332031,
0.9849071502685547,
1.0409355163574219,
1.009225845336914,
1.132965087890625,
1.2090206146240234,
1.5070438385009766,
1.4650821685791016,
1.6679763793945312,
4.023075103759766,
5.038976669311523,
1.850128173828125,
1.123189926147461,
1.0881423950195312,
1.4150142669677734,
2.5670528411865234,
3.0481815338134766,
2.772808074951172,
2.753019332885742,
2.214193344116211,
1.9538402557373047,
2.9251575469970703,
2.63214111328125,
3.0879974365234375,
3.699064254760742,
2.2172927856445312,
1.422882080078125,
2.0568370819091797,
1.522064208984375,
3.439664840698242,
4.525184631347656,
4.487037658691406,
5.293846130371094,
1.9097328186035156,
2.4652481079101562,
2.165079116821289,
2.0668506622314453,
3.5288333892822266,
2.6879310607910156,
1.8088817596435547,
1.5599727630615234,
1.374959945678711,
1.3260841369628906,
1.809835433959961,
1.2187957763671875,
1.2369155883789062,
1.2629032135009766,
3.8290023803710938,
3.2007694244384766,
3.665924072265625,
1.9829273223876953,
1.6751289367675781,
0.9818077087402344,
1.402139663696289,
1.3239383697509766,
2.0439624786376953,
1.9941329956054688,
1.9199848175048828,
3.007173538208008,
1.8088817596435547,
1.5149116516113281,
1.138925552368164,
3.7949085235595703,
5.447149276733398,
4.987001419067383,
2.5069713592529297,
1.6701221466064453,
1.4290809631347656,
1.0859966278076172,
0.9558200836181641,
0.9980201721191406,
2.8810501098632812,
3.2248497009277344,
2.1109580993652344,
1.1911392211914062,
1.2521743774414062,
1.0051727294921875,
1.0840892791748047,
1.0781288146972656,
1.4700889587402344,
3.11279296875,
6.4640045166015625,
7.834911346435547,
7.497072219848633,
9.032964706420898,
2.595186233520508,
2.843141555786133,
2.813100814819336,
2.6047229766845703,
2.1958351135253906,
2.290964126586914,
1.6980171203613281,
1.0881423950195312,
2.469778060913086,
2.660036087036133,
4.031181335449219,
3.888845443725586,
5.019903182983398,
2.337217330932617,
2.5191307067871094,
2.98309326171875,
4.942893981933594,
7.351160049438477,
3.606081008911133,
3.92913818359375,
4.048824310302734,
1.7199516296386719,
1.825094223022461,
3.2529830932617188,
3.110170364379883,
9.825944900512695,
2.0682811737060547,
2.7968883514404297,
2.002239227294922,
1.1289119720458984,
1.5308856964111328,
2.3937225341796875,
2.0537376403808594,
2.4118423461914062,
2.8374195098876953,
2.385854721069336,
2.274036407470703,
2.2170543670654297,
1.5239715576171875,
2.379894256591797,
2.276897430419922,
2.1209716796875,
2.1448135375976562,
1.966714859008789,
1.934051513671875,
1.9359588623046875,
1.081228256225586,
0.9973049163818359,
2.1698474884033203,
2.7141571044921875,
1.8351078033447266,
2.6187896728515625,
1.8999576568603516,
1.950979232788086,
1.4569759368896484,
1.4958381652832031,
1.3799667358398438,
1.96075439453125,
1.547098159790039,
1.5158653259277344,
1.3680458068847656,
0.9610652923583984,
1.390218734741211,
2.9959678649902344,
1.2049674987792969,
1.1439323425292969,
1.1222362518310547,
0.8788108825683594,
1.3980865478515625,
1.4579296112060547,
1.8310546875,
2.318859100341797,
1.0192394256591797,
0.9579658508300781,
1.2171268463134766,
9.727954864501953,
8.556842803955078,
1.6598701477050781,
4.745960235595703,
6.062984466552734,
4.391908645629883,
2.814769744873047,
2.521991729736328,
2.0439624786376953,
2.3038387298583984,
1.111745834350586,
1.2772083282470703,
1.6210079193115234,
1.3318061828613281,
1.7080307006835938,
1.3129711151123047,
1.0411739349365234,
1.0769367218017578,
1.0519027709960938,
3.5610198974609375,
3.2541751861572266,
1.6281604766845703,
3.4360885620117188,
3.9031505584716797,
1.4390945434570312,
1.28173828125,
0.6568431854248047,
0.7548332214355469,
0.6680488586425781,
1.2841224670410156,
1.3470649719238281,
0.7767677307128906,
1.2488365173339844,
1.837015151977539,
1.4760494232177734,
1.0178089141845703,
1.3339519500732422,
0.8080005645751953,
2.4781227111816406,
2.0411014556884766,
2.2950172424316406,
1.0046958923339844,
1.2421607971191406,
1.2149810791015625,
0.9050369262695312,
0.6721019744873047,
0.8301734924316406,
1.7647743225097656,
1.3229846954345703,
0.7069110870361328,
0.6799697875976562,
0.7102489471435547,
1.0297298431396484,
0.9429454803466797,
0.6630420684814453,
0.7109642028808594,
0.6670951843261719,
0.6661415100097656,
1.1010169982910156,
1.3170242309570312,
1.2311935424804688,
0.8821487426757812,
0.8840560913085938,
0.675201416015625,
1.0612010955810547,
1.2979507446289062,
0.8928775787353516,
0.8919239044189453,
0.8218288421630859,
0.9169578552246094,
0.8902549743652344,
1.0111331939697266,
0.8218288421630859,
0.9973049163818359,
1.0912418365478516,
0.8778572082519531,
0.7560253143310547,
1.638174057006836,
1.5921592712402344,
1.3959407806396484,
0.9639263153076172,
1.5082359313964844,
0.9810924530029297,
1.1510848999023438,
0.9729862213134766,
1.0790824890136719,
0.8869171142578125,
0.80108642578125,
1.6438961029052734,
1.8229484558105469,
0.8082389831542969,
0.9968280792236328,
1.0941028594970703,
1.0480880737304688,
1.2788772583007812,
1.4619827270507812,
1.4240741729736328,
0.8871555328369141,
0.8690357208251953,
1.119852066040039,
2.2361278533935547,
1.2149810791015625,
1.5730857849121094,
1.2979507446289062,
1.068115234375,
1.0640621185302734,
1.1699199676513672,
1.6908645629882812,
1.7020702362060547,
1.4729499816894531,
2.5320053100585938,
2.146005630493164,
2.0360946655273438,
2.961874008178711,
2.2580623626708984,
2.086162567138672,
2.0890235900878906,
1.8448829650878906,
1.725912094116211,
1.6779899597167969,
1.5423297882080078,
1.7421245574951172,
1.5308856964111328,
1.5788078308105469,
1.5277862548828125,
3.9627552032470703,
2.9439926147460938,
1.7609596252441406,
2.808809280395508,
2.953052520751953,
3.4787654876708984,
3.2129287719726562,
2.3517608642578125,
1.7862319946289062,
2.289295196533203,
1.7020702362060547,
3.615856170654297,
4.091024398803711,
2.090930938720703,
2.830028533935547,
3.4990310668945312,
2.897024154663086,
3.9091110229492188,
4.511117935180664,
4.359006881713867,
4.107952117919922,
2.928018569946289,
1.6071796417236328,
1.5759468078613281,
1.2238025665283203,
1.5859603881835938,
2.119779586791992,
1.7957687377929688,
1.7862319946289062,
1.4159679412841797,
2.599000930786133,
2.418041229248047,
1.692056655883789,
1.7521381378173828,
1.6179084777832031,
2.260923385620117,
1.7578601837158203,
1.7991065979003906,
1.6489028930664062,
1.5020370483398438,
1.8413066864013672,
1.9788742065429688,
1.7011165618896484,
1.9352436065673828,
1.931905746459961,
1.7180442810058594,
2.187013626098633,
1.894235610961914,
2.209186553955078,
2.148866653442383,
2.2749900817871094,
1.8329620361328125,
1.67083740234375,
1.7650127410888672,
1.744985580444336,
2.3610591888427734,
1.8420219421386719,
1.8949508666992188,
1.6918182373046875,
1.6481876373291016,
4.130125045776367,
1.995086669921875,
1.8191337585449219,
1.5587806701660156,
1.600027084350586,
2.15911865234375,
2.079010009765625,
4.715919494628906,
5.36799430847168,
4.783153533935547,
4.498958587646484,
1.6777515411376953,
2.321004867553711,
1.7521381378173828,
2.3040771484375,
2.1789073944091797,
2.096891403198242,
1.8010139465332031,
1.7561912536621094,
1.5630722045898438,
2.8569698333740234,
2.819061279296875,
1.699209213256836,
1.7628669738769531,
1.7771720886230469,
1.7981529235839844,
2.9730796813964844,
3.2188892364501953,
2.5339126586914062,
2.789020538330078,
2.025127410888672,
6.835222244262695,
4.561901092529297,
4.395008087158203,
1.1031627655029297,
1.7440319061279297,
1.6779899597167969,
4.029989242553711,
2.0918846130371094,
2.0389556884765625,
2.054929733276367,
1.9538402557373047,
2.6581287384033203,
3.5839080810546875,
2.737283706665039,
3.2782554626464844,
5.040884017944336,
3.7691593170166016,
4.62794303894043,
1.3768672943115234,
1.2810230255126953,
1.2810230255126953,
2.2611618041992188,
1.3079643249511719,
2.804279327392578,
2.3479461669921875,
2.8150081634521484,
1.2698173522949219,
1.1529922485351562,
2.412080764770508,
1.6551017761230469,
0.6480216979980469,
1.1501312255859375,
1.1219978332519531,
1.065969467163086,
2.5641918182373047,
1.0700225830078125,
2.161741256713867,
5.934000015258789,
0.6020069122314453,
8.77523422241211,
8.674860000610352,
3.5572052001953125,
3.467082977294922,
2.4437904357910156,
2.457141876220703,
1.9690990447998047,
2.156972885131836,
1.627206802368164,
2.2401809692382812,
1.4379024505615234,
1.708984375,
1.1849403381347656,
0.5450248718261719,
0.6890296936035156,
0.8790493011474609,
1.1718273162841797,
1.3000965118408203,
1.1310577392578125,
0.6511211395263672,
0.9295940399169922,
1.1911392211914062,
1.241922378540039,
1.3058185577392578,
45.691728591918945,
45.80879211425781,
45.850276947021484,
0.7312297821044922,
0.675201416015625,
0.5772113800048828,
0.5958080291748047,
0.6668567657470703,
0.6520748138427734,
0.7009506225585938,
0.6761550903320312,
0.6909370422363281,
0.9877681732177734,
0.7569789886474609,
0.5440711975097656,
0.6227493286132812,
0.5669593811035156,
0.5359649658203125,
0.6268024444580078,
0.9069442749023438,
0.6139278411865234,
1.0149478912353516,
0.9539127349853516,
0.9241104125976562,
0.5772113800048828,
0.6058216094970703,
0.6561279296875,
0.7967948913574219,
0.5900859832763672,
0.7231235504150391,
1.0459423065185547,
0.7102489471435547,
11.404037475585938,
16.392946243286133,
11.492013931274414,
14.10818099975586,
4.846811294555664,
0.7190704345703125,
0.6871223449707031,
0.6232261657714844,
0.5559921264648438,
0.6756782531738281,
0.6449222564697266,
0.6818771362304688,
0.6959438323974609,
0.7181167602539062,
0.6902217864990234,
0.7491111755371094,
0.7390975952148438,
2.786874771118164,
2.763032913208008,
1.0838508605957031,
1.0530948638916016,
0.7560253143310547,
0.4730224609375,
0.49686431884765625,
0.5280971527099609,
0.54931640625,
0.6279945373535156,
0.5817413330078125,
0.7200241088867188,
0.9379386901855469,
0.7309913635253906,
0.6878376007080078,
1.0039806365966797,
1.0709762573242188,
1.0848045349121094,
1.2929439544677734,
1.19781494140625,
1.8579959869384766,
2.311229705810547,
4.144191741943359,
5.22303581237793,
2.374887466430664,
2.9478073120117188,
1.4688968658447266,
1.3501644134521484,
1.3129711151123047,
1.172780990600586,
1.6400814056396484,
1.1141300201416016,
1.1630058288574219,
2.1729469299316406,
2.8297901153564453,
4.207849502563477,
1.8761157989501953,
2.6559829711914062,
1.6300678253173828,
3.934144973754883,
3.1311511993408203,
3.7190914154052734,
4.3277740478515625,
7.615089416503906,
23.15497398376465,
21.102190017700195,
4.585027694702148,
5.9299468994140625,
4.388093948364258,
0.9500980377197266,
0.5891323089599609,
0.5981922149658203,
0.6310939788818359,
0.6289482116699219,
0.5781650543212891,
0.5939006805419922,
0.48828125,
0.5731582641601562,
0.6101131439208984,
2.254009246826172,
1.9421577453613281,
1.9431114196777344,
1.4469623565673828,
2.225160598754883,
2.256155014038086,
2.212047576904297,
6.247997283935547,
3.5037994384765625,
4.595041275024414,
3.1359195709228516,
2.5529861450195312,
4.418134689331055,
3.297090530395508,
4.077911376953125,
3.0591487884521484,
2.065896987915039,
1.9311904907226562,
3.0241012573242188,
4.454851150512695,
4.3048858642578125,
3.7970542907714844,
3.3092498779296875,
5.583286285400391,
5.141973495483398,
8.62884521484375,
10.64920425415039,
4.7092437744140625,
4.284143447875977,
2.4907588958740234,
1.8608570098876953,
1.9152164459228516,
2.065896987915039,
1.7101764678955078,
2.063751220703125,
2.713918685913086,
6.395816802978516,
8.293867111206055,
5.4569244384765625,
5.29932975769043,
3.055095672607422,
1.402139663696289,
4.045963287353516,
4.904985427856445,
2.6428699493408203,
3.208160400390625,
2.2449493408203125,
1.7979145050048828,
3.0350685119628906,
4.080772399902344,
3.3638477325439453,
1.8889904022216797,
1.6350746154785156,
2.666950225830078,
3.4279823303222656,
2.7730464935302734,
3.340005874633789,
2.1958351135253906,
1.8742084503173828,
1.455068588256836,
1.1599063873291016,
3.2291412353515625,
2.577066421508789,
2.4390220642089844,
2.1140575408935547,
2.2101402282714844,
2.198934555053711,
1.7271041870117188,
1.6901493072509766,
2.4771690368652344,
3.1118392944335938,
3.3311843872070312,
1.8641948699951172,
2.363920211791992,
1.657247543334961,
2.5510787963867188,
2.1829605102539062,
1.8630027770996094,
1.6298294067382812,
1.5249252319335938,
2.061128616333008,
1.516103744506836,
2.2401809692382812,
1.7712116241455078,
2.2530555725097656,
4.507780075073242,
2.5060176849365234,
2.332925796508789,
1.7788410186767578,
1.3360977172851562,
1.7979145050048828,
1.3020038604736328,
1.9938945770263672,
2.1729469299316406,
2.332925796508789,
3.202676773071289,
2.552032470703125,
2.034902572631836,
5.124807357788086,
1.6338825225830078,
2.5839805603027344,
2.723217010498047,
4.905939102172852,
5.753040313720703,
2.6350021362304688,
2.012968063354492,
2.2149085998535156,
2.076864242553711,
2.361297607421875,
2.177715301513672,
2.2301673889160156,
2.5289058685302734,
2.1071434020996094,
1.1870861053466797,
1.5707015991210938,
2.579927444458008,
1.8188953399658203,
0.9729862213134766,
0.9548664093017578,
0.8509159088134766,
1.1870861053466797,
1.383066177368164,
1.1069774627685547,
1.2750625610351562,
1.0192394256591797,
1.0731220245361328,
2.2919178009033203,
2.775907516479492,
3.2558441162109375,
1.5571117401123047,
1.4557838439941406,
1.3167858123779297,
1.2888908386230469,
3.2889842987060547,
1.7659664154052734,
2.1240711212158203,
1.8279552459716797,
1.6129016876220703,
1.1658668518066406,
1.233816146850586,
1.7447471618652344,
1.1479854583740234,
1.1608600616455078,
1.3208389282226562,
1.0609626770019531,
1.1010169982910156,
1.2137889862060547,
1.7631053924560547,
1.3599395751953125,
1.1811256408691406,
1.3420581817626953,
3.245115280151367,
1.9898414611816406,
1.725912094116211,
4.226207733154297,
6.209135055541992,
5.681037902832031,
2.1109580993652344,
2.1309852600097656,
1.447916030883789,
2.051115036010742,
1.8579959869384766,
1.6503334045410156,
2.6247501373291016,
2.3009777069091797,
3.2541751861572266,
2.368927001953125,
1.7108917236328125,
2.262115478515625,
1.6608238220214844,
1.8148422241210938,
1.4958381652832031,
1.6450881958007812,
1.7588138580322266,
1.4472007751464844,
1.5039443969726562,
3.640890121459961,
3.325939178466797,
1.8317699432373047,
1.5101432800292969,
6.513118743896484,
6.5288543701171875,
2.8181076049804688,
7.075071334838867,
1.8291473388671875,
2.0682811737060547,
2.2242069244384766,
2.3009777069091797,
3.287792205810547,
3.489971160888672,
2.826213836669922,
4.453182220458984,
2.919912338256836,
2.0132064819335938,
2.649068832397461,
2.456188201904297,
1.9152164459228516,
2.0127296447753906,
2.7532577514648438,
2.6590824127197266,
2.5091171264648438,
3.255128860473633,
2.360820770263672,
1.9142627716064453,
2.0160675048828125,
6.395101547241211,
6.267786026000977,
5.987882614135742,
3.5886764526367188,
2.8600692749023438,
3.8061141967773438,
3.7539005279541016,
2.847909927368164,
2.1419525146484375,
2.7840137481689453,
1.9130706787109375,
1.9099712371826172,
3.5598278045654297,
2.8378963470458984,
2.4809837341308594,
3.535747528076172,
2.0859241485595703,
3.509998321533203,
2.2630691528320312,
1.8541812896728516,
1.7321109771728516,
4.906892776489258,
4.8007965087890625,
1.9869804382324219,
2.752065658569336,
1.8529891967773438,
2.7070045471191406,
2.4929046630859375,
5.0067901611328125,
5.436897277832031,
2.7849674224853516,
1.497030258178711,
1.6567707061767578,
1.2979507446289062,
0.946044921875,
0.9698867797851562,
1.3861656188964844,
1.1670589447021484,
1.1577606201171875,
1.2729167938232422,
1.9190311431884766,
1.0499954223632812,
1.5170574188232422,
2.129793167114258,
2.627134323120117,
3.732919692993164,
2.346038818359375,
1.2810230255126953,
2.7098655700683594,
3.3702850341796875,
4.808902740478516,
6.207942962646484,
8.454084396362305,
6.219148635864258,
1.8377304077148438,
2.022981643676758,
1.80816650390625,
1.7740726470947266,
2.602100372314453,
2.6521682739257812,
1.8830299377441406,
3.760099411010742,
4.70280647277832,
1.8548965454101562,
3.131866455078125,
1.7163753509521484,
6.2770843505859375,
7.172107696533203,
8.167743682861328,
7.215976715087891,
5.365848541259766,
2.633333206176758,
3.401041030883789,
4.470109939575195,
2.3851394653320312,
2.162933349609375,
4.181861877441406,
5.460262298583984,
4.071950912475586,
2.457857131958008,
2.444028854370117,
5.837678909301758,
5.382776260375977,
5.484819412231445,
3.793954849243164,
6.866931915283203,
1.09100341796875,
0.8699893951416016,
1.8150806427001953,
3.3829212188720703,
2.3670196533203125,
2.853870391845703,
0.9927749633789062,
1.4498233795166016,
1.9109249114990234,
1.8129348754882812,
1.7518997192382812,
1.0387897491455078,
2.225160598754883,
9.55820083618164,
7.57288932800293,
4.781007766723633,
7.807016372680664,
10.097265243530273,
8.911848068237305,
1.1239051818847656,
1.070261001586914,
1.1279582977294922,
2.7480125427246094,
2.8772354125976562,
2.2051334381103516,
2.7382373809814453,
2.1538734436035156,
1.6422271728515625,
1.5337467193603516,
1.2249946594238281,
2.0589828491210938,
1.3360977172851562,
1.6739368438720703,
1.3477802276611328,
0.9322166442871094,
1.196146011352539,
1.2009143829345703,
1.8391609191894531,
1.3208389282226562,
1.2331008911132812,
1.5549659729003906,
2.2101402282714844,
3.6487579345703125,
4.148960113525391,
2.6140213012695312,
2.1851062774658203,
2.686023712158203,
2.3398399353027344,
1.6789436340332031,
2.162933349609375,
1.5339851379394531,
4.215002059936523,
3.4029483795166016,
3.142833709716797,
1.1701583862304688,
0.9877681732177734,
1.6319751739501953,
2.180814743041992,
2.0830631256103516,
2.1321773529052734,
1.7180442810058594,
2.460956573486328,
1.5218257904052734,
2.7420520782470703,
3.674030303955078,
6.999015808105469,
4.4269561767578125,
4.1141510009765625,
3.6468505859375,
1.8901824951171875,
3.818035125732422,
2.946138381958008,
1.7940998077392578,
1.1088848114013672,
1.374959945678711,
1.2562274932861328,
1.4803409576416016,
2.262115478515625,
1.4841556549072266,
1.3129711151123047,
1.7859935760498047,
2.4101734161376953,
3.2541751861572266,
1.7669200897216797,
2.9778480529785156,
1.363992691040039,
1.4081001281738281,
1.3740062713623047,
2.15911865234375,
1.5861988067626953,
1.7600059509277344,
1.0390281677246094,
0.9479522705078125,
0.9710788726806641,
2.1209716796875,
2.053976058959961,
2.2008419036865234,
2.3810863494873047,
1.2888908386230469,
3.1888484954833984,
2.885103225708008,
1.6529560089111328,
1.0440349578857422,
1.5265941619873047,
1.0938644409179688,
1.0302066802978516,
0.9846687316894531,
3.1158924102783203,
2.707958221435547,
2.702951431274414,
0.9891986846923828,
1.2269020080566406,
1.3301372528076172,
1.0762214660644531,
0.885009765625,
1.0042190551757812,
0.8749961853027344,
2.3412704467773438,
2.2940635681152344,
1.9860267639160156,
1.7879009246826172,
2.1979808807373047,
1.8911361694335938,
0.9720325469970703,
1.2288093566894531,
1.6169548034667969,
2.006053924560547,
1.092672348022461,
0.8099079132080078,
1.2118816375732422,
1.6918182373046875,
2.2149085998535156,
1.405954360961914,
1.0528564453125,
1.2526512145996094,
0.9410381317138672,
0.9288787841796875,
1.027822494506836,
0.7798671722412109,
1.0378360748291016,
1.3270378112792969,
1.3000965118408203,
1.4200210571289062,
1.3041496276855469,
0.9400844573974609,
0.8809566497802734,
1.3918876647949219,
1.7120838165283203,
3.3829212188720703,
2.329111099243164,
1.3880729675292969,
1.0569095611572266,
1.127004623413086,
1.0781288146972656,
0.823974609375,
0.7810592651367188,
1.210927963256836,
1.5561580657958984,
2.588033676147461,
2.540111541748047,
2.1181106567382812,
3.413677215576172,
1.4910697937011719,
1.461029052734375,
1.6601085662841797,
1.7771720886230469,
1.489877700805664,
1.0411739349365234,
0.7801055908203125,
0.8368492126464844,
0.90789794921875,
1.0669231414794922,
0.8151531219482422,
0.8580684661865234,
1.081228256225586,
1.516103744506836,
1.1932849884033203,
2.0902156829833984,
1.711130142211914,
2.222776412963867,
1.4498233795166016,
1.8801689147949219,
2.390623092651367,
2.355337142944336,
1.1289119720458984,
1.6210079193115234,
2.028226852416992,
1.3480186462402344,
1.2252330780029297,
0.9522438049316406,
1.2331008911132812,
1.2316703796386719,
1.0983943939208984,
1.5499591827392578,
1.7731189727783203,
1.6369819641113281,
1.4243125915527344,
1.8210411071777344,
2.6841163635253906,
2.4149417877197266,
1.4469623565673828,
1.3852119445800781,
1.5211105346679688,
1.4955997467041016,
1.1589527130126953,
1.1119842529296875,
1.3098716735839844,
1.4271736145019531,
1.2600421905517578,
1.2171268463134766,
1.0800361633300781,
1.013040542602539,
1.154184341430664,
1.3527870178222656,
1.2087821960449219,
2.0308494567871094,
0.9679794311523438,
1.3911724090576172,
1.0287761688232422,
2.5348663330078125,
2.7031898498535156,
1.2938976287841797,
2.4917125701904297,
2.0780563354492188,
1.1749267578125,
1.5561580657958984,
1.4438629150390625,
1.6109943389892578,
1.928091049194336,
1.5900135040283203,
1.7516613006591797,
1.692056655883789,
1.2750625610351562,
1.6460418701171875,
1.8868446350097656,
2.070903778076172,
2.786874771118164,
1.6012191772460938,
1.6546249389648438,
1.9299983978271484,
1.894235610961914,
2.0198822021484375,
2.221822738647461,
1.8680095672607422,
1.5039443969726562,
6.262779235839844,
1.7650127410888672,
2.2809505462646484,
1.9550323486328125,
2.825021743774414,
2.7680397033691406,
1.9659996032714844,
1.5590190887451172,
1.6350746154785156,
1.9488334655761719,
1.867055892944336,
3.35693359375,
3.2501220703125,
3.4601688385009766,
3.8590431213378906,
4.048824310302734,
2.5153160095214844,
2.0279884338378906,
2.276897430419922,
1.9910335540771484,
2.613067626953125,
2.067089080810547,
2.1359920501708984,
3.2880306243896484,
2.7446746826171875,
2.550840377807617,
3.0219554901123047,
2.4271011352539062,
1.4679431915283203,
1.4412403106689453,
1.3492107391357422,
1.2400150299072266,
1.8849372863769531,
1.9292831420898438,
1.6548633575439453,
1.3811588287353516,
1.4309883117675781,
1.397848129272461,
1.3790130615234375,
1.626729965209961,
1.725912094116211,
1.4538764953613281,
1.5707015991210938,
1.3468265533447266,
1.21307373046875,
1.1546611785888672,
1.1408329010009766,
2.98309326171875,
2.8998851776123047,
2.0117759704589844,
1.8281936645507812,
2.1948814392089844,
2.0189285278320312,
2.5811195373535156,
2.79998779296875,
2.213001251220703,
2.1228790283203125,
1.5261173248291016,
2.588987350463867,
2.7191638946533203,
2.816915512084961,
2.5119781494140625,
2.156972885131836,
4.266262054443359,
3.7610530853271484,
1.9710063934326172,
2.460002899169922,
2.3398399353027344,
2.3560523986816406,
3.4513473510742188,
3.5262107849121094,
3.3338069915771484,
2.836942672729492,
1.85394287109375,
5.0868988037109375,
6.133079528808594,
2.9540061950683594,
2.6061534881591797,
1.0542869567871094,
1.6298294067382812,
1.6698837280273438,
2.214193344116211,
1.0929107666015625,
1.8489360809326172,
1.5881061553955078,
2.3386478424072266,
2.293825149536133,
2.468109130859375,
2.0139217376708984,
1.2280941009521484,
1.863241195678711,
2.3059844970703125,
1.9447803497314453,
2.351999282836914,
1.4641284942626953,
1.2738704681396484,
1.1980533599853516,
1.2340545654296875,
1.264810562133789,
0.8990764617919922,
2.2978782653808594,
3.4580230712890625,
2.4209022521972656,
2.0759105682373047,
1.9180774688720703,
3.1049251556396484,
1.9969940185546875,
2.1271705627441406,
4.378080368041992,
3.5309791564941406,
2.582073211669922,
2.1979808807373047,
2.496004104614258,
2.187967300415039,
8.863210678100586,
8.630990982055664,
4.305362701416016,
12.97616958618164,
2.1162033081054688,
2.15911865234375,
2.1600723266601562,
2.251863479614258,
6.553173065185547,
4.828929901123047,
6.289005279541016,
3.8411617279052734,
4.828929901123047,
2.0699501037597656,
2.9098987579345703,
2.3832321166992188,
1.825094223022461,
1.5697479248046875,
2.4352073669433594,
2.4890899658203125,
2.126932144165039,
2.613067626953125,
2.2552013397216797,
19.512176513671875,
16.594886779785156,
19.379138946533203,
18.249988555908203,
17.359018325805664,
1.291036605834961,
0.9601116180419922,
2.134084701538086,
9.689092636108398,
1.6019344329833984,
1.2211799621582031,
1.474142074584961,
1.1048316955566406,
0.6670951843261719,
0.675201416015625,
1.6679763793945312,
1.5690326690673828,
1.4209747314453125,
1.0199546813964844,
1.1630058288574219,
1.3828277587890625,
1.5621185302734375,
4.245758056640625,
9.161949157714844,
10.083913803100586,
3.9207935333251953,
2.849102020263672,
5.423069000244141,
5.765676498413086,
1.7180442810058594,
5.362272262573242,
5.80286979675293,
0.8509159088134766,
0.6661415100097656,
0.6089210510253906,
0.6549358367919922,
0.7231235504150391,
0.6320476531982422,
0.5161762237548828,
0.7281303405761719,
0.6721019744873047,
0.6341934204101562,
0.4901885986328125,
0.5750656127929688,
2.5758743286132812,
0.7641315460205078,
1.9602775573730469,
1.6489028930664062,
2.229928970336914,
2.1009445190429688,
1.878976821899414,
0.7340908050537109,
0.7507801055908203,
0.6117820739746094,
0.9007453918457031,
0.48804283142089844,
0.7529258728027344,
0.5779266357421875,
0.5650520324707031,
0.530242919921875,
0.4799365997314453,
0.5948543548583984,
0.6084442138671875,
0.6809234619140625,
0.6558895111083984,
0.6127357482910156,
0.5919933319091797,
0.5288124084472656,
0.5702972412109375,
0.5550384521484375,
0.705718994140625,
0.6930828094482422,
0.7381439208984375,
0.7979869842529297,
1.8470287322998047,
1.5380382537841797,
1.9571781158447266,
1.1920928955078125,
3.949880599975586,
5.200862884521484,
5.645751953125,
3.9942264556884766,
3.804922103881836,
2.8181076049804688,
1.9593238830566406,
2.160310745239258,
5.232095718383789,
2.978086471557617,
3.813028335571289,
4.820108413696289,
5.895853042602539,
4.214763641357422,
5.995035171508789,
0.9508132934570312,
0.8881092071533203,
2.9621124267578125,
3.0128955841064453,
1.5459060668945312,
1.1141300201416016,
7.311105728149414,
1.1548995971679688,
1.0721683502197266,
1.9719600677490234,
1.60980224609375,
1.4619827270507812,
2.2211074829101562,
1.4421939849853516,
1.4081001281738281,
1.2831687927246094,
1.7671585083007812,
2.0101070404052734,
2.827167510986328,
3.4439563751220703,
2.8700828552246094,
2.7968883514404297,
2.162933349609375,
2.112150192260742,
2.3539066314697266,
2.115964889526367,
2.0601749420166016,
3.1180381774902344,
3.840923309326172,
2.855062484741211,
2.7420520782470703,
2.0208358764648438,
3.0350685119628906,
3.495931625366211,
2.584695816040039,
5.505084991455078,
5.04302978515625,
4.189968109130859,
2.256155014038086,
3.2079219818115234,
4.570245742797852,
2.8607845306396484,
8.126020431518555,
8.944034576416016,
3.0219554901123047,
1.9829273223876953,
5.856037139892578,
6.646633148193359,
7.534027099609375,
2.270936965942383,
6.385087966918945,
5.777835845947266,
3.3919811248779297,
2.093076705932617,
2.6509761810302734,
1.9850730895996094,
2.415895462036133,
1.8990039825439453,
1.9900798797607422,
2.4819374084472656,
2.624034881591797,
2.8839111328125,
3.557920455932617,
4.401922225952148,
1.91497802734375,
2.527952194213867,
2.2628307342529297,
2.1119117736816406,
1.522064208984375,
2.160787582397461,
2.051115036010742,
3.464937210083008,
3.8602352142333984,
3.732919692993164,
2.8319358825683594,
3.3626556396484375,
4.503011703491211,
3.592967987060547,
2.5320053100585938,
1.4519691467285156,
6.745100021362305,
2.640962600708008,
6.969213485717773,
4.353046417236328,
3.654003143310547,
3.1638145446777344,
2.949953079223633,
2.048969268798828,
2.7201175689697266,
2.8078556060791016,
2.688884735107422,
1.4557838439941406,
1.2590885162353516,
1.481771469116211,
1.2471675872802734,
1.4810562133789062,
3.3948421478271484,
2.974987030029297,
2.1209716796875,
1.867055892944336,
5.480766296386719,
2.4650096893310547,
5.681276321411133,
2.0558834075927734,
1.9278526306152344,
1.995086669921875,
2.145051956176758,
2.093076705932617,
2.0911693572998047,
1.8010139465332031,
1.9278526306152344,
2.468109130859375,
3.885030746459961,
4.671812057495117,
1.6331672668457031,
1.5490055084228516,
1.4531612396240234,
0.9169578552246094,
0.9379386901855469,
0.9200572967529297,
3.0248165130615234,
2.7189254760742188,
3.2987594604492188,
2.579212188720703,
2.535104751586914,
1.2760162353515625,
1.2881755828857422,
1.135110855102539,
2.953052520751953,
2.3407936096191406,
3.072023391723633,
2.335071563720703,
2.3632049560546875,
3.070831298828125,
2.2149085998535156,
1.2919902801513672,
1.0249614715576172,
1.6210079193115234,
1.1172294616699219,
1.4851093292236328,
2.237081527709961,
1.8298625946044922,
1.7201900482177734,
2.3632049560546875,
1.962900161743164,
4.656076431274414,
2.441883087158203,
3.3288002014160156,
2.2628307342529297,
3.0050277709960938,
4.07719612121582,
3.187894821166992,
4.023075103759766,
2.0818710327148438,
2.9981136322021484,
2.0949840545654297,
1.766204833984375,
3.15093994140625,
3.592967987060547,
3.305196762084961,
2.3272037506103516,
1.773834228515625,
1.6028881072998047,
1.9199848175048828,
2.1669864654541016,
2.1092891693115234,
2.4509429931640625,
1.8169879913330078,
2.1698474884033203,
2.685070037841797,
3.186941146850586,
1.7249584197998047,
1.9769668579101562,
1.447916030883789,
1.4691352844238281,
1.3875961303710938,
1.7690658569335938,
1.7819404602050781,
1.447916030883789,
1.5559196472167969,
1.8770694732666016,
1.9707679748535156,
2.5758743286132812,
2.2950172424316406,
2.296924591064453,
2.7298927307128906,
2.207040786743164,
3.181934356689453,
3.1862258911132812,
3.084897994995117,
3.2351016998291016,
3.190755844116211,
2.1979808807373047,
2.766847610473633,
2.070903778076172,
6.093025207519531,
3.0760765075683594,
1.9979476928710938,
1.867055892944336,
1.8768310546875,
2.8982162475585938,
2.6230812072753906,
1.6200542449951172,
2.077341079711914,
3.290891647338867,
4.605770111083984,
3.4101009368896484,
2.583026885986328,
1.8107891082763672,
1.5501976013183594,
1.9838809967041016,
2.711057662963867,
3.4630298614501953,
4.717111587524414,
2.454996109008789,
2.2759437561035156,
2.3488998413085938,
1.7199516296386719,
3.7660598754882812,
3.2150745391845703,
3.774881362915039,
2.7129650115966797,
2.8862953186035156,
2.2230148315429688,
2.044200897216797,
2.4733543395996094,
2.171039581298828,
3.475189208984375,
3.5262107849121094,
4.661083221435547,
3.371000289916992,
1.8162727355957031,
3.226041793823242,
3.201007843017578,
3.2129287719726562,
3.0057430267333984,
5.151033401489258,
3.590106964111328,
1.9690990447998047,
2.418994903564453,
2.480745315551758,
2.064943313598633,
2.141237258911133,
2.373933792114258,
5.4950714111328125,
1.9540786743164062,
2.9268264770507812,
2.537965774536133,
2.660989761352539,
1.9800662994384766,
1.3098716735839844,
2.9168128967285156,
1.6088485717773438,
1.8439292907714844,
1.7211437225341797,
2.051115036010742,
2.949953079223633,
1.9540786743164062,
2.360105514526367,
2.8438568115234375,
1.4503002166748047,
2.414703369140625,
2.711772918701172,
2.7480125427246094,
2.496004104614258,
1.9550323486328125,
2.4530887603759766,
3.0062198638916016,
2.8188228607177734,
1.8811225891113281,
1.191854476928711,
1.0769367218017578,
1.3191699981689453,
1.374959945678711,
1.9829273223876953,
1.5332698822021484,
2.161264419555664,
2.1288394927978516,
2.4290084838867188,
1.5647411346435547,
1.8076896667480469,
1.62506103515625,
1.6520023345947266,
1.5728473663330078,
1.7879009246826172,
1.6961097717285156,
1.9958019256591797,
1.8887519836425781,
2.1500587463378906,
1.7359256744384766,
5.774021148681641,
3.557920455932617,
3.0798912048339844,
2.537965774536133,
1.9690990447998047,
8.169174194335938,
7.3757171630859375,
6.535768508911133,
3.0548572540283203,
3.0679702758789062,
3.2699108123779297,
3.0913352966308594,
5.702018737792969,
4.111766815185547,
5.259037017822266,
6.255149841308594,
5.459070205688477,
2.7420520782470703,
3.5490989685058594,
3.5178661346435547,
2.4268627166748047,
1.3298988342285156,
1.2669563293457031,
1.318216323852539,
0.9829998016357422,
1.0747909545898438,
1.199960708618164,
1.0600090026855469,
1.3740062713623047,
1.3079643249511719,
2.0399093627929688,
1.9898414611816406,
0.9579658508300781,
0.6880760192871094,
0.9920597076416016,
1.2578964233398438,
0.6783008575439453,
1.210927963256836,
0.9679794311523438,
1.3527870178222656,
1.3058185577392578,
0.7529258728027344,
0.9360313415527344,
1.0488033294677734,
0.7679462432861328,
0.9253025054931641,
0.9548664093017578,
0.9307861328125,
0.6940364837646484,
0.6477832794189453,
0.7722377777099609,
0.6680488586425781,
1.8928050994873047,
2.0618438720703125,
1.001119613647461,
0.5979537963867188,
0.5640983581542969,
0.5640983581542969,
0.5540847778320312,
0.49996376037597656,
0.5970001220703125,
0.4811286926269531,
0.6861686706542969,
1.0030269622802734,
1.1920928955078125,
1.3768672943115234,
0.6728172302246094,
0.9589195251464844,
1.3189315795898438,
1.1780261993408203,
1.4088153839111328,
0.8280277252197266,
0.804901123046875,
1.1799335479736328,
1.0678768157958984,
1.4529228210449219,
0.8919239044189453,
0.7169246673583984,
1.0759830474853516,
2.563953399658203,
0.9331703186035156,
1.0449886322021484,
2.129077911376953,
1.1181831359863281,
0.8409023284912109,
1.2199878692626953,
5.990028381347656,
8.691072463989258,
6.543159484863281,
1.255035400390625,
1.0433197021484375,
0.8597373962402344,
1.3947486877441406,
1.130819320678711,
1.705169677734375,
1.4011859893798828,
0.86212158203125,
0.8959770202636719,
2.048969268798828,
8.999109268188477,
7.933139801025391,
8.369207382202148,
8.445024490356445,
6.538152694702148,
14.10818099975586,
6.823062896728516,
12.464284896850586,
1.1022090911865234,
1.1439323425292969,
0.7200241088867188,
0.6670951843261719,
0.61798095703125,
0.6499290466308594,
0.9610652923583984,
1.1072158813476562,
1.1191368103027344,
1.4948844909667969,
0.9729862213134766,
1.8742084503173828,
1.338958740234375,
1.1138916015625,
1.0008811950683594,
1.0960102081298828,
1.1370182037353516,
1.3570785522460938,
1.5091896057128906,
1.9180774688720703,
1.0192394256591797,
1.1310577392578125,
1.5630722045898438,
8.340120315551758,
4.033088684082031,
3.8938522338867188,
6.751775741577148,
0.9191036224365234,
0.8819103240966797,
0.8308887481689453,
0.7929801940917969,
0.7359981536865234,
0.7169246673583984,
1.3980865478515625,
1.3320446014404297,
0.8671283721923828,
1.4719963073730469,
0.926971435546875,
2.3391246795654297,
2.647876739501953,
2.368927001953125,
1.7719268798828125,
2.505064010620117,
1.390695571899414,
2.9451847076416016,
1.3408660888671875,
1.1131763458251953,
1.634836196899414,
2.1948814392089844,
1.8029212951660156,
1.7511844635009766,
0.8728504180908203,
1.2259483337402344,
1.1792182922363281,
0.7290840148925781,
0.8447170257568359,
0.8480548858642578,
0.8649826049804688,
1.1692047119140625,
0.9388923645019531,
1.5940666198730469,
1.2857913970947266,
3.3562183380126953,
2.496004104614258,
1.2989044189453125,
0.9400844573974609,
1.1360645294189453,
1.4150142669677734,
1.1436939239501953,
1.7778873443603516,
1.573801040649414,
1.9719600677490234,
2.424001693725586,
2.2089481353759766,
2.106904983520508,
1.5101432800292969,
1.255035400390625,
1.25885009765625,
1.3990402221679688,
1.0552406311035156,
0.8921623229980469,
0.8862018585205078,
0.9510517120361328,
0.8697509765625,
1.1527538299560547,
1.33514404296875,
2.6140213012695312,
3.718137741088867,
3.8077831268310547,
1.1451244354248047,
1.188039779663086,
1.2350082397460938,
1.0957717895507812,
2.6750564575195312,
2.7799606323242188,
1.1029243469238281,
0.9138584136962891,
0.6749629974365234,
0.5691051483154297,
1.2311935424804688,
0.9632110595703125,
0.8111000061035156,
0.8418560028076172,
1.1839866638183594,
1.7333030700683594,
2.4509429931640625,
0.6089210510253906,
0.5390644073486328,
0.5209445953369141,
0.6930828094482422,
0.6289482116699219,
0.8318424224853516,
0.7650852203369141,
0.705718994140625,
0.5469322204589844,
1.0950565338134766,
1.0402202606201172,
1.7118453979492188,
1.6300678253173828,
1.5859603881835938,
1.989126205444336,
1.1470317840576172,
0.9350776672363281,
0.881195068359375,
0.9059906005859375,
0.9312629699707031,
1.3880729675292969,
0.9458065032958984,
1.2128353118896484,
1.531839370727539,
1.2440681457519531,
1.9638538360595703,
1.3811588287353516,
1.821756362915039,
1.4879703521728516,
1.9059181213378906,
1.6469955444335938,
1.486063003540039,
1.009225845336914,
1.547098159790039,
1.291036605834961,
4.389047622680664,
4.559993743896484,
4.48918342590332,
2.6972293853759766,
3.183126449584961,
0.9851455688476562,
1.2140274047851562,
0.8471012115478516,
0.9768009185791016,
1.4801025390625,
1.1420249938964844,
1.1570453643798828,
0.9889602661132812,
1.09100341796875,
1.2040138244628906,
0.6959438323974609,
0.6768703460693359,
1.8239021301269531,
2.4251937866210938,
2.5789737701416016,
1.2040138244628906,
0.8080005645751953,
1.3859272003173828,
1.1789798736572266,
0.9279251098632812,
0.8299350738525391,
0.8337497711181641,
0.8499622344970703,
1.1699199676513672,
1.1448860168457031,
1.2631416320800781,
0.8330345153808594,
0.8790493011474609,
0.9407997131347656,
0.9911060333251953,
1.4209747314453125,
1.1410713195800781,
1.0900497436523438,
1.0538101196289062,
1.1608600616455078,
1.0831356048583984,
0.8690357208251953,
1.1467933654785156,
1.0821819305419922,
1.6918182373046875,
1.5430450439453125,
1.4929771423339844,
1.9137859344482422,
0.9450912475585938,
0.9710788726806641,
4.42814826965332,
4.277944564819336,
4.6558380126953125,
5.03230094909668,
2.507925033569336,
5.715131759643555,
2.074003219604492,
0.9891986846923828,
1.5799999237060547,
1.5151500701904297,
1.3358592987060547,
1.6410350799560547,
1.4400482177734375,
0.8981227874755859,
0.7641315460205078,
1.2540817260742188,
0.8442401885986328,
2.2630691528320312,
1.817941665649414,
1.093149185180664,
1.4808177947998047,
1.1229515075683594,
1.0418891906738281,
0.6086826324462891,
0.8120536804199219,
1.0151863098144531,
0.6201267242431641,
0.8971691131591797,
1.2669563293457031,
1.0428428649902344,
0.9720325469970703,
0.8687973022460938,
0.6561279296875,
1.2753009796142578,
0.7269382476806641,
0.5271434783935547,
1.4190673828125,
2.2079944610595703,
2.032756805419922,
1.7011165618896484,
1.6508102416992188,
1.470804214477539,
7.914066314697266,
7.636785507202148,
7.68280029296875,
2.3250579833984375,
3.1652450561523438,
1.5988349914550781,
1.3539791107177734,
1.2958049774169922,
46.68092727661133,
45.9749698638916,
8.90803337097168,
54.22711372375488,
51.93686485290527,
1.9540786743164062,
0.5660057067871094,
0.5369186401367188,
0.7522106170654297,
0.61798095703125,
0.6110668182373047,
0.6239414215087891,
0.6299018859863281,
0.8950233459472656,
0.530242919921875,
0.5578994750976562,
0.6830692291259766,
0.7238388061523438,
0.7157325744628906,
0.7348060607910156,
0.7309913635253906,
0.6871223449707031,
0.6659030914306641,
0.6701946258544922,
0.6151199340820312,
0.5397796630859375,
0.5018711090087891,
0.4830360412597656,
0.6229877471923828,
0.5650520324707031,
0.4742145538330078,
0.5347728729248047,
0.6577968597412109,
0.6458759307861328,
0.8308887481689453,
1.3480186462402344,
0.7190704345703125,
0.7531642913818359,
1.0890960693359375,
0.6449222564697266,
57.14607238769531,
63.85302543640137,
65.26589393615723,
53.374290466308594,
58.854103088378906,
0.9109973907470703,
0.7598400115966797,
0.5171298980712891,
0.5638599395751953,
0.7541179656982422,
0.7250308990478516,
0.7269382476806641,
0.5767345428466797,
0.5068778991699219,
0.5218982696533203,
1.8839836120605469,
2.0380020141601562,
0.7851123809814453,
0.6728172302246094,
0.6449222564697266,
0.5147457122802734,
0.49591064453125,
0.47707557678222656,
0.5297660827636719,
0.5619525909423828,
0.6008148193359375,
0.5049705505371094,
0.9279251098632812,
0.8978843688964844,
1.165151596069336,
0.9720325469970703,
0.6341934204101562,
0.6048679351806641,
0.9338855743408203,
1.0619163513183594,
1.558065414428711,
1.6870498657226562,
1.7888545989990234,
1.6667842864990234,
2.151966094970703,
2.0248889923095703,
2.1529197692871094,
1.7118453979492188,
0.9472370147705078,
0.9043216705322266,
0.9479522705078125,
0.9951591491699219,
1.0099411010742188,
0.8749961853027344,
0.8268356323242188,
0.7069110870361328,
0.701904296875,
1.1119842529296875,
0.9350776672363281,
1.4629364013671875,
1.45721435546875,
1.1529922485351562,
1.09100341796875,
1.0223388671875,
1.1830329895019531,
1.132965087890625,
1.02996826171875,
0.8268356323242188,
1.0120868682861328,
1.461029052734375,
1.6560554504394531,
1.1432170867919922,
1.3980865478515625,
1.2688636779785156,
1.5480518341064453,
1.0030269622802734,
0.6473064422607422,
0.7739067077636719,
0.9367465972900391,
0.9069442749023438,
1.3041496276855469,
1.1448860168457031,
1.3761520385742188,
0.7410049438476562,
0.9319782257080078,
0.8552074432373047,
0.7028579711914062,
0.7486343383789062,
0.6289482116699219,
0.6809234619140625,
2.2950172424316406,
2.2530555725097656,
1.1470317840576172,
3.065824508666992,
0.9770393371582031,
1.0151863098144531,
0.8051395416259766,
0.6771087646484375,
0.7240772247314453,
0.7190704345703125,
0.9636878967285156,
0.7522106170654297,
0.9257793426513672,
0.8571147918701172,
1.0907649993896484,
0.7627010345458984,
0.9102821350097656,
0.8692741394042969,
0.8568763732910156,
0.8301734924316406,
0.7300376892089844,
0.8211135864257812,
0.7829666137695312,
0.7522106170654297,
0.6301403045654297,
0.6840229034423828,
0.8120536804199219,
0.6740093231201172,
0.7710456848144531,
0.7510185241699219,
0.7948875427246094,
0.8871555328369141,
0.7700920104980469,
0.7112026214599609,
0.9882450103759766,
0.8189678192138672,
1.0650157928466797,
0.6489753723144531,
0.6589889526367188,
0.7050037384033203,
0.621795654296875,
0.7600784301757812,
0.7250308990478516,
0.7548332214355469,
0.6589889526367188,
0.6992816925048828,
0.8380413055419922,
1.107931137084961,
1.0099411010742188,
0.8792877197265625,
0.6971359252929688,
1.020193099975586,
1.0268688201904297,
0.8757114410400391,
0.9009838104248047,
0.7719993591308594,
0.7379055023193359,
0.6949901580810547,
0.63323974609375,
0.6330013275146484,
0.7920265197753906,
1.0859966278076172,
0.9179115295410156,
1.1630058288574219,
0.6699562072753906,
0.8971691131591797,
0.8637905120849609,
0.7150173187255859,
3.1468868255615234,
3.129243850708008,
2.6972293853759766,
3.7031173706054688,
1.1229515075683594,
1.3928413391113281,
1.2819766998291016,
1.3859272003173828,
1.0800361633300781,
1.4181137084960938,
1.3759136199951172,
2.017974853515625,
2.015829086303711,
1.0628700256347656,
0.96893310546875,
1.2278556823730469,
1.1570453643798828,
1.657724380493164,
1.0499954223632812,
2.5238990783691406,
3.0438899993896484,
1.15203857421875,
2.043008804321289,
2.402067184448242,
4.580020904541016,
4.950046539306641,
3.1931400299072266,
3.014802932739258,
1.7480850219726562,
1.8472671508789062,
1.8761157989501953,
3.1087398529052734,
1.5828609466552734,
2.012014389038086,
3.041982650756836,
1.5151500701904297,
3.0210018157958984,
1.027822494506836,
2.1491050720214844,
2.580881118774414,
2.2430419921875,
2.4261474609375,
2.785921096801758,
5.448102951049805,
2.4399757385253906,
2.7151107788085938,
6.442070007324219,
1.8520355224609375,
3.130197525024414,
7.473945617675781,
3.409862518310547,
2.0449161529541016,
1.5590190887451172,
2.0008087158203125,
3.5300254821777344,
1.02996826171875,
0.6401538848876953,
0.8511543273925781,
0.7767677307128906,
0.6289482116699219,
1.5368461608886719,
1.5399456024169922,
0.6151199340820312,
0.5991458892822266,
0.5147457122802734,
0.5533695220947266,
0.5347728729248047,
0.8580684661865234,
0.5779266357421875,
0.6270408630371094,
0.7243156433105469,
0.8540153503417969,
0.6840229034423828,
1.9679069519042969,
1.8880367279052734,
1.708984375,
2.6040077209472656,
3.7598609924316406,
2.5980472564697266,
3.3631324768066406,
1.9049644470214844,
2.4938583374023438,
38.305044174194336,
38.94782066345215,
40.296077728271484,
38.35868835449219,
0.6530284881591797,
0.5168914794921875,
0.5180835723876953,
0.4780292510986328,
0.5047321319580078,
0.5059242248535156,
0.7669925689697266,
0.7898807525634766,
0.45299530029296875,
0.5390644073486328,
0.8060932159423828,
0.5328655242919922,
0.7390975952148438,
0.7169246673583984,
0.492095947265625,
0.4990100860595703,
0.6060600280761719,
0.6060600280761719,
0.4699230194091797,
0.48732757568359375,
0.5340576171875,
0.49424171447753906,
0.5559921264648438,
0.6351470947265625,
0.5002021789550781,
2.3529529571533203,
2.4890899658203125,
0.9710788726806641,
0.9453296661376953,
0.5309581756591797,
1.1930465698242188,
0.9760856628417969,
0.8687973022460938,
0.8509159088134766,
2.9358863830566406,
2.202272415161133,
3.468036651611328,
4.816293716430664,
4.336833953857422,
4.174232482910156,
3.9598941802978516,
2.8159618377685547,
1.5597343444824219,
1.2650489807128906,
4.041910171508789,
3.732919692993164,
3.648042678833008,
2.613067626953125,
3.662109375,
2.153158187866211,
1.8510818481445312,
5.953073501586914,
2.9859542846679688,
1.007080078125,
2.900362014770508,
2.547025680541992,
3.202199935913086,
2.7260780334472656,
2.3479461669921875,
1.8799304962158203,
1.8091201782226562,
1.9268989562988281,
1.9938945770263672,
1.7628669738769531,
2.153158187866211,
1.9528865814208984,
1.6617774963378906,
1.672983169555664,
1.6541481018066406,
1.9071102142333984,
1.6980171203613281,
1.416921615600586,
2.4857521057128906,
2.3040771484375,
4.1751861572265625,
4.22215461730957,
3.2019615173339844,
2.1829605102539062,
3.3462047576904297,
5.181074142456055,
3.45611572265625,
3.1201839447021484,
2.482891082763672,
1.6438961029052734,
1.7609596252441406,
2.6161670684814453,
2.1049976348876953,
1.802206039428711,
3.3528804779052734,
2.984762191772461,
3.9720535278320312,
3.283977508544922,
3.592967987060547,
2.92205810546875,
2.5789737701416016,
2.2687911987304688,
1.7480850219726562,
1.5568733215332031,
1.5790462493896484,
2.3250579833984375,
1.7211437225341797,
2.2208690643310547,
2.2389888763427734,
1.7728805541992188,
1.5668869018554688,
1.2230873107910156,
2.5060176849365234,
4.7149658203125,
1.8491744995117188,
1.8229484558105469,
1.6360282897949219,
1.2941360473632812,
2.4309158325195312,
2.4101734161376953,
1.706838607788086,
2.1469593048095703,
2.079010009765625,
2.028226852416992,
3.9649009704589844,
2.6459693908691406,
3.3898353576660156,
3.3168792724609375,
3.1287670135498047,
1.9578933715820312,
2.2368431091308594,
3.5791397094726562,
3.560781478881836,
3.322124481201172,
2.1429061889648438,
1.8649101257324219,
2.438783645629883,
2.104043960571289,
2.0210742950439453,
1.9729137420654297,
2.8841495513916016,
3.9238929748535156,
4.580974578857422,
2.9649734497070312,
1.8019676208496094,
2.192258834838867,
2.3407936096191406,
2.1979808807373047,
2.104043960571289,
1.5621185302734375,
1.7020702362060547,
2.3009777069091797,
1.5757083892822266,
2.0008087158203125,
1.7309188842773438,
1.8298625946044922,
1.6620159149169922,
1.6016960144042969,
1.8627643585205078,
2.0978450775146484,
1.6109943389892578,
3.184795379638672,
2.7310848236083984,
2.0520687103271484,
1.8241405487060547,
1.7910003662109375,
1.5339851379394531,
1.6257762908935547,
1.4672279357910156,
1.9600391387939453,
1.898050308227539,
5.940914154052734,
3.41796875,
4.554033279418945,
1.631021499633789,
1.9881725311279297,
1.9538402557373047,
1.847982406616211,
2.4509429931640625,
1.950979232788086,
1.6889572143554688,
2.007007598876953,
1.8951892852783203,
2.1021366119384766,
1.9750595092773438,
1.9848346710205078,
1.7180442810058594,
1.5559196472167969,
2.9799938201904297,
1.5721321105957031,
1.7502307891845703,
2.296924591064453,
2.1948814392089844,
2.8069019317626953,
1.6620159149169922,
1.5308856964111328,
1.7309188842773438,
1.7669200897216797,
1.9960403442382812,
2.235889434814453,
2.948284149169922,
3.4639835357666016,
3.542184829711914,
3.9420127868652344,
3.2510757446289062,
2.450227737426758,
2.295970916748047,
1.6789436340332031,
1.6744136810302734,
1.7249584197998047,
1.9299983978271484,
2.1419525146484375,
2.476930618286133,
2.4461746215820312,
2.619028091430664,
1.5118122100830078,
2.010822296142578,
1.934051513671875,
1.7468929290771484,
2.3651123046875,
1.9390583038330078,
1.672983169555664,
2.516031265258789,
5.587339401245117,
3.141164779663086,
2.7751922607421875,
2.7408599853515625,
2.0508766174316406,
2.2649765014648438,
2.123117446899414,
1.6980171203613281,
2.3059844970703125,
1.9979476928710938,
1.856088638305664,
1.950979232788086,
2.5527477264404297,
1.847982406616211,
2.414226531982422,
2.2919178009033203,
1.8157958984375,
1.7211437225341797,
1.9719600677490234,
2.151966094970703,
1.7011165618896484,
3.1659603118896484,
7.161855697631836,
1.7981529235839844,
1.3201236724853516,
1.5354156494140625,
2.262115478515625,
2.2690296173095703,
1.9078254699707031,
1.8260478973388672,
3.283977508544922,
2.051115036010742,
2.2420883178710938,
2.0532608032226562,
2.0537376403808594,
2.696990966796875,
1.399993896484375,
2.2559165954589844,
2.271890640258789,
2.846240997314453,
2.1431446075439453,
2.315044403076172,
1.7690658569335938,
1.2547969818115234,
1.7559528350830078,
2.6569366455078125,
5.513906478881836,
7.034063339233398,
3.426074981689453,
1.7309188842773438,
1.7037391662597656,
2.056121826171875,
5.142927169799805,
4.869222640991211,
4.724025726318359,
2.989053726196289,
7.854223251342773,
5.787849426269531,
20.36595344543457,
8.466958999633789,
17.79794692993164,
9.608983993530273,
16.431808471679688,
8.090734481811523,
1.0051727294921875,
0.9152889251708984,
1.1258125305175781,
1.0380744934082031,
1.0058879852294922,
0.9758472442626953,
0.8919239044189453,
0.6880760192871094,
0.7021427154541016,
0.96893310546875,
0.7338523864746094,
0.9782314300537109,
1.0328292846679688,
0.9179115295410156,
0.7140636444091797,
0.8511543273925781,
0.6148815155029297,
0.6690025329589844,
1.0020732879638672,
1.010894775390625,
0.6279945373535156,
1.0640621185302734,
1.0290145874023438,
1.1141300201416016,
1.44195556640625,
1.2218952178955078,
0.8771419525146484,
0.6709098815917969,
0.8177757263183594,
2.0799636840820312,
1.5690326690673828,
3.3559799194335938,
1.0607242584228516,
1.3859272003173828,
1.7490386962890625,
1.5120506286621094,
1.4431476593017578,
1.4460086822509766,
0.9069442749023438,
1.0869503021240234,
1.3451576232910156,
3.4668445587158203,
4.08172607421875,
3.0121803283691406,
13.483047485351562,
13.486146926879883,
10.837078094482422,
7.1811676025390625,
6.64067268371582,
1.9898414611816406,
1.9922256469726562,
2.488851547241211,
2.454996109008789,
1.6219615936279297,
0.988006591796875,
0.9279251098632812,
1.4989376068115234,
1.1110305786132812,
1.2040138244628906,
1.68609619140625,
1.1680126190185547,
1.2249946594238281,
1.0790824890136719,
1.5070438385009766,
1.477956771850586,
2.0008087158203125,
2.5529861450195312,
1.5840530395507812,
1.8291473388671875,
1.8401145935058594,
1.5840530395507812,
1.1179447174072266,
1.3430118560791016,
0.9307861328125,
0.9229183197021484,
1.1980533599853516,
1.2831687927246094,
1.2390613555908203,
1.2171268463134766,
0.946044921875,
1.8768310546875,
1.3377666473388672,
1.5170574188232422,
3.094196319580078,
2.644777297973633,
2.2399425506591797,
2.192258834838867,
1.5189647674560547,
1.02996826171875,
1.4338493347167969,
1.619100570678711,
1.7900466918945312,
2.4950504302978516,
2.302885055541992,
1.439809799194336,
2.2430419921875,
1.9688606262207031,
2.0580291748046875,
1.7271041870117188,
2.149820327758789,
7.082939147949219,
4.747152328491211,
4.665136337280273,
4.620075225830078,
1.1239051818847656,
1.3048648834228516,
1.455068588256836,
1.2431144714355469,
1.8455982208251953,
1.682281494140625,
1.4882087707519531,
0.93841552734375,
0.9400844573974609,
0.7469654083251953,
0.8070468902587891,
1.2450218200683594,
2.1817684173583984,
2.251863479614258,
2.306699752807617,
2.2499561309814453,
1.216888427734375,
1.6829967498779297,
0.9968280792236328,
1.8341541290283203,
2.179861068725586,
1.9631385803222656,
1.9381046295166016,
2.179861068725586,
3.1540393829345703,
3.9789676666259766,
2.0258426666259766,
0.6289482116699219,
5.694150924682617,
5.857944488525391,
4.687070846557617,
5.539894104003906,
6.504297256469727,
1.8930435180664062,
3.3130645751953125,
0.885009765625,
1.232147216796875,
0.9908676147460938,
1.2099742889404297,
0.5550384521484375,
0.9539127349853516,
1.0187625885009766,
0.5869865417480469,
0.5381107330322266,
0.6718635559082031,
0.7529258728027344,
0.8058547973632812,
0.5230903625488281,
0.5991458892822266,
0.48279762268066406,
0.5900859832763672,
0.5700588226318359,
0.7722377777099609,
0.6020069122314453,
0.5478858947753906,
0.48995018005371094,
0.5598068237304688,
0.7929801940917969,
0.5030632019042969,
0.5590915679931641,
0.5340576171875,
0.6108283996582031,
0.6830692291259766,
1.2547969818115234,
1.004934310913086,
0.7960796356201172,
1.0528564453125,
1.129150390625,
1.5130043029785156,
1.132965087890625,
0.9129047393798828,
1.0650157928466797,
4.328012466430664,
0.9129047393798828,
0.7100105285644531,
1.573801040649414,
2.0689964294433594,
1.3267993927001953,
2.4938583374023438,
1.0759830474853516,
0.9703636169433594,
1.4231204986572266,
0.8831024169921875,
0.7269382476806641,
1.5780925750732422,
2.3670196533203125,
2.3221969604492188,
2.4220943450927734,
1.8508434295654297,
0.8876323699951172,
1.6121864318847656,
1.313924789428711,
1.194000244140625,
4.403114318847656,
9.944915771484375,
10.019063949584961,
9.508132934570312,
0.8590221405029297,
0.7011890411376953,
1.287221908569336,
1.1401176452636719,
3.9632320404052734,
0.8728504180908203,
1.323699951171875,
2.5701522827148438,
3.1080245971679688,
4.075050354003906,
1.2822151184082031,
1.3828277587890625,
1.110076904296875,
1.3628005981445312,
1.1050701141357422,
7.454156875610352,
1.5959739685058594,
4.876136779785156,
2.270936965942383,
6.0138702392578125,
5.6629180908203125,
5.623102188110352,
0.9758472442626953,
0.7028579711914062,
0.5850791931152344,
0.4830360412597656,
0.5939006805419922,
0.6620883941650391,
0.7879734039306641,
1.15203857421875,
0.7481575012207031,
0.6639957427978516,
2.233266830444336,
1.0728836059570312,
1.3320446014404297,
1.1680126190185547,
1.1570453643798828,
0.7109642028808594,
0.614166259765625,
0.4971027374267578,
0.6551742553710938,
0.5669593811035156,
0.47326087951660156,
0.5481243133544922,
0.5319118499755859,
0.6518363952636719,
0.5717277526855469,
0.591278076171875,
0.7650852203369141,
0.7030963897705078,
0.5030632019042969,
0.6210803985595703,
0.8592605590820312,
3.1380653381347656,
2.258777618408203,
2.916097640991211,
2.535104751586914,
10.670900344848633,
14.131307601928711,
8.754968643188477,
12.230873107910156,
15.603065490722656,
3.4711360931396484,
3.9501190185546875,
5.438089370727539,
5.613088607788086,
3.8881301879882812,
1.5730857849121094,
1.1360645294189453,
1.8088817596435547,
3.5572052001953125,
4.907131195068359,
2.8700828552246094,
2.7599334716796875,
1.6541481018066406,
2.5882720947265625,
2.7000904083251953,
1.953125,
2.4530887603759766,
2.309083938598633,
1.6629695892333984,
2.176046371459961,
3.0510425567626953,
2.130270004272461,
1.9650459289550781,
1.934051513671875,
1.577138900756836,
1.8029212951660156,
1.4088153839111328,
1.2347698211669922,
1.7209053039550781,
1.6820430755615234,
1.8379688262939453,
1.569986343383789,
1.9850730895996094,
1.277923583984375,
1.567840576171875,
1.3089179992675781,
1.4421939849853516,
1.7070770263671875,
2.2368431091308594,
1.631021499633789,
2.184152603149414,
1.190185546875,
1.329183578491211,
2.3419857025146484,
2.4340152740478516,
2.4099349975585938,
2.0809173583984375,
1.5680789947509766,
1.4269351959228516,
1.4011859893798828,
4.1980743408203125,
4.195928573608398,
3.572225570678711,
3.1690597534179688,
3.0710697174072266,
2.7549266815185547,
2.666950225830078,
2.32696533203125,
1.9457340240478516,
2.6149749755859375,
2.7818679809570312,
2.3071765899658203,
2.4940967559814453,
1.9619464874267578,
1.2218952178955078,
1.77001953125,
3.653287887573242,
3.3562183380126953,
3.8073062896728516,
3.6711692810058594,
3.5538673400878906,
1.3527870178222656,
1.2161731719970703,
2.5200843811035156,
2.2420883178710938,
2.4831295013427734,
1.9619464874267578,
1.856088638305664,
1.5559196472167969,
2.034902572631836,
3.1890869140625,
4.368305206298828,
2.5310516357421875,
3.7262439727783203,
2.2220611572265625,
2.147674560546875,
3.0269622802734375,
2.507925033569336,
2.4509429931640625,
2.994060516357422,
2.328157424926758,
2.222299575805664,
2.145051956176758,
2.496004104614258,
2.5000572204589844,
3.5021305084228516,
3.559112548828125,
3.056049346923828,
2.9571056365966797,
1.2860298156738281,
2.4390220642089844,
1.5668869018554688,
2.038717269897461,
1.2710094451904297,
1.9488334655761719,
2.5482177734375,
3.1490325927734375,
3.3559799194335938,
2.7391910552978516,
3.2460689544677734,
6.166696548461914,
4.647016525268555,
4.591941833496094,
2.808094024658203,
5.475044250488281,
4.211187362670898,
1.4390945434570312,
1.207113265991211,
1.4710426330566406,
2.7718544006347656,
2.641916275024414,
1.2409687042236328,
2.986907958984375,
1.0159015655517578,
1.4681816101074219,
1.5530586242675781,
1.5139579772949219,
4.635095596313477,
4.614353179931641,
5.350828170776367,
3.248929977416992,
1.5869140625,
1.4178752899169922,
1.8339157104492188,
2.2590160369873047,
2.1009445190429688,
2.370119094848633,
2.488851547241211,
1.9681453704833984,
2.1469593048095703,
2.103090286254883,
1.8658638000488281,
1.4960765838623047,
2.2592544555664062,
2.0520687103271484,
2.5017261505126953,
2.5489330291748047,
3.351926803588867,
3.0908584594726562,
2.3927688598632812,
1.85394287109375,
1.6739368438720703,
2.8471946716308594,
1.9969940185546875,
2.257823944091797,
3.1499862670898438,
3.819704055786133,
2.1848678588867188,
2.3529529571533203,
1.3439655303955078,
0.7250308990478516,
1.316070556640625,
2.1338462829589844,
1.5120506286621094,
1.107931137084961,
1.2590885162353516,
1.6400814056396484,
5.5389404296875,
5.115985870361328,
3.8089752197265625,
3.7550926208496094,
1.1081695556640625,
1.1110305786132812,
1.6598701477050781,
2.023935317993164,
2.931833267211914,
2.9840469360351562,
2.193927764892578,
1.6069412231445312,
1.3911724090576172,
1.1987686157226562,
1.2400150299072266,
1.4908313751220703,
1.2788772583007812,
1.0249614715576172,
4.44793701171875,
2.5491714477539062,
1.129150390625,
1.055002212524414,
2.341032028198242,
2.031087875366211,
1.9130706787109375,
0.9138584136962891,
0.7529258728027344,
2.003908157348633,
1.7709732055664062,
1.277923583984375,
0.9992122650146484,
1.0640621185302734,
5.478143692016602,
1.6057491302490234,
1.2810230255126953,
1.5799999237060547,
7.6160430908203125,
4.523992538452148,
4.095792770385742,
4.560947418212891,
9.34600830078125,
8.24427604675293,
8.721113204956055,
2.9599666595458984,
3.1762123107910156,
0.949859619140625,
1.0921955108642578,
0.5669593811035156,
0.5300045013427734,
7.088899612426758,
10.327816009521484,
6.361246109008789,
9.896993637084961,
0.6699562072753906,
0.6258487701416016,
0.7500648498535156,
0.7648468017578125,
0.7340908050537109,
0.7622241973876953,
0.5540847778320312,
0.5388259887695312,
0.6551742553710938,
0.48613548278808594,
0.9250640869140625,
1.1813640594482422,
1.0380744934082031,
1.2671947479248047,
0.7398128509521484,
0.8950233459472656,
0.7309913635253906,
0.5502700805664062,
0.6639957427978516,
0.9489059448242188,
0.5881786346435547,
0.7166862487792969,
0.9248256683349609,
0.8938312530517578,
0.6642341613769531,
0.7998943328857422,
43.25413703918457,
42.81806945800781,
44.13914680480957,
45.790910720825195,
1.4939308166503906,
2.796649932861328,
2.9878616333007812,
2.788066864013672,
4.575967788696289,
1.5268325805664062,
0.8339881896972656,
0.682830810546875,
0.6709098815917969,
0.6778240203857422,
1.6520023345947266,
1.379251480102539,
2.362966537475586,
1.3408660888671875,
0.5850791931152344,
2.043008804321289,
2.0139217376708984,
1.0619163513183594,
1.252889633178711,
0.8192062377929688,
1.5761852264404297,
0.7088184356689453,
0.5917549133300781,
0.6279945373535156,
0.6718635559082031,
0.7920265197753906,
0.6129741668701172,
1.592874526977539,
2.7251243591308594,
2.3179054260253906,
1.2030601501464844,
1.2249946594238281,
1.0578632354736328,
0.8270740509033203,
0.8590221405029297,
2.2902488708496094,
1.9228458404541016,
1.9142627716064453,
1.706838607788086,
1.5130043029785156,
1.8811225891113281,
6.558895111083984,
10.563135147094727,
7.771015167236328,
7.460832595825195,
4.37617301940918,
2.560853958129883,
5.119085311889648,
4.040002822875977,
2.2590160369873047,
2.5789737701416016,
3.699064254760742,
2.930879592895508,
2.588987350463867,
2.109050750732422,
1.3842582702636719,
3.0050277709960938,
4.601716995239258,
2.927064895629883,
3.5021305084228516,
0.7369518280029297,
0.6959438323974609,
1.2521743774414062,
1.177072525024414,
0.8592605590820312,
1.0488033294677734,
0.8690357208251953,
1.2009143829345703,
1.7628669738769531,
1.2450218200683594,
1.219034194946289,
2.2661685943603516,
3.242969512939453,
4.348993301391602,
1.97601318359375,
2.5870800018310547,
3.8950443267822266,
3.412961959838867,
2.504110336303711,
2.961874008178711,
1.6357898712158203,
2.173900604248047,
2.3736953735351562,
1.9829273223876953,
3.309011459350586,
2.6869773864746094,
2.2208690643310547,
1.4910697937011719,
1.3172626495361328,
2.2656917572021484,
2.1071434020996094,
3.735065460205078,
1.4679431915283203,
5.637168884277344,
4.088163375854492,
2.2051334381103516,
1.0859966278076172,
1.7180442810058594,
4.466056823730469,
16.48092269897461,
3.381967544555664,
1.3568401336669922,
0.8180141448974609,
0.8759498596191406,
0.743865966796875,
0.7309913635253906,
0.7722377777099609,
1.5559196472167969,
2.8400421142578125,
3.5352706909179688,
1.9049644470214844,
1.8088817596435547,
1.989126205444336,
1.9671916961669922,
1.1057853698730469,
3.3197402954101562,
1.5769004821777344,
2.3827552795410156,
1.0700225830078125,
1.1210441589355469,
1.1887550354003906,
0.9579658508300781,
1.6200542449951172,
1.4350414276123047,
1.4619827270507812,
1.68609619140625,
2.0608901977539062,
1.8513202667236328,
1.7809867858886719,
1.9528865814208984,
1.9121170043945312,
2.2306442260742188,
2.6628971099853516,
1.844167709350586,
1.7230510711669922,
1.6491413116455078,
1.226186752319336,
1.093149185180664,
1.6388893127441406,
2.5959014892578125,
1.9948482513427734,
1.6698837280273438,
2.244234085083008,
2.6161670684814453,
2.115964889526367,
1.9860267639160156,
2.0360946655273438,
1.80816650390625,
1.86920166015625,
1.8901824951171875,
1.5399456024169922,
1.4851093292236328,
2.360105514526367,
1.9378662109375,
2.0880699157714844,
2.2149085998535156,
1.651763916015625,
1.7237663269042969,
4.1141510009765625,
3.3168792724609375,
4.817962646484375,
5.650997161865234,
2.1712779998779297,
1.728057861328125,
2.225160598754883,
2.9039382934570312,
3.4797191619873047,
2.02178955078125,
1.9557476043701172,
1.8930435180664062,
2.064228057861328,
1.83868408203125,
1.6608238220214844,
2.0439624786376953,
2.0380020141601562,
2.006053924560547,
1.692056655883789,
1.8482208251953125,
1.714944839477539,
2.5069713592529297,
2.238035202026367,
2.063751220703125,
1.5349388122558594,
1.5339851379394531,
1.5790462493896484,
1.9087791442871094,
1.5790462493896484,
1.7032623291015625,
1.528024673461914,
1.6918182373046875,
1.435995101928711,
1.5439987182617188,
1.9261837005615234,
1.901865005493164,
1.569986343383789,
1.7511844635009766,
1.547098159790039,
2.4290084838867188,
2.7091503143310547,
2.786874771118164,
1.6078948974609375,
2.420186996459961,
2.4671554565429688,
2.8998851776123047,
1.9559860229492188,
1.5711784362792969,
1.4929771423339844,
1.5912055969238281,
6.236076354980469,
3.944873809814453,
2.6297569274902344,
4.133939743041992,
2.554178237915039,
2.3970603942871094,
2.7260780334472656,
1.912832260131836,
1.6281604766845703,
1.8219947814941406,
1.7757415771484375,
1.664876937866211,
1.4867782592773438,
1.7712116241455078,
1.8908977508544922,
2.527952194213867,
2.454042434692383,
1.7578601837158203,
2.0148754119873047,
1.9631385803222656,
1.46484375,
1.447916030883789,
1.6126632690429688,
1.873016357421875,
1.6100406646728516,
1.5571117401123047,
1.657724380493164,
1.4650821685791016,
1.5900135040283203,
2.1009445190429688,
1.644134521484375,
2.9675960540771484,
1.9910335540771484,
1.4998912811279297,
3.320932388305664,
2.183198928833008,
2.229928970336914,
2.8710365295410156,
2.2430419921875,
3.209829330444336,
2.521991729736328,
2.496004104614258,
3.8089752197265625,
3.3059120178222656,
2.507925033569336,
1.954793930053711,
1.809835433959961,
2.585172653198242,
3.184795379638672,
1.8758773803710938,
4.692792892456055,
4.753828048706055,
1.680135726928711,
4.104852676391602,
9.082794189453125,
9.10496711730957,
2.0852088928222656,
5.142927169799805,
5.379915237426758,
5.238056182861328,
2.0689964294433594,
2.825021743774414,
5.068063735961914,
4.50897216796875,
2.743959426879883,
2.045869827270508,
1.7781257629394531,
2.383708953857422,
1.8551349639892578,
2.731800079345703,
3.4689903259277344,
2.1266937255859375,
4.2591094970703125,
3.9789676666259766,
4.162073135375977,
2.808094024658203,
2.263784408569336,
1.5707015991210938,
1.5177726745605469,
3.0291080474853516,
2.268075942993164,
1.5909671783447266,
2.004861831665039,
3.4368038177490234,
2.794027328491211,
4.507780075073242,
7.1430206298828125,
1.6562938690185547,
1.7969608306884766,
1.203298568725586,
1.230001449584961,
1.199960708618164,
1.2030601501464844,
2.9032230377197266,
3.8652420043945312,
2.624988555908203,
2.401113510131836,
7.272958755493164,
8.82720947265625,
3.698110580444336,
2.1529197692871094,
1.8150806427001953,
1.3370513916015625,
2.732992172241211,
4.027843475341797,
3.9222240447998047,
5.3730010986328125,
2.2890567779541016,
1.4426708221435547,
3.820180892944336,
4.745960235595703,
9.210824966430664,
1.2428760528564453,
1.1417865753173828,
1.3599395751953125,
1.5418529510498047,
2.588987350463867,
2.468109130859375,
2.6171207427978516,
2.7179718017578125,
2.6848316192626953,
2.1708011627197266,
2.362966537475586,
1.5151500701904297,
1.2831687927246094,
1.359701156616211,
1.310110092163086,
1.310110092163086,
1.4462471008300781,
0.5660057067871094,
0.5290508270263672,
1.361846923828125,
1.310110092163086,
0.9131431579589844,
4.075050354003906,
3.885030746459961,
3.498077392578125,
2.7132034301757812,
1.748800277709961,
1.7580986022949219,
2.293109893798828,
3.282308578491211,
2.8350353240966797,
1.9619464874267578,
1.6450881958007812,
1.9383430480957031,
3.710031509399414,
1.001119613647461,
1.4040470123291016,
1.2040138244628906,
1.2090206146240234,
1.2819766998291016,
5.052804946899414,
1.6088485717773438,
1.3048648834228516,
1.0530948638916016,
1.878976821899414,
2.413034439086914,
2.7740001678466797,
2.665996551513672,
2.658843994140625,
1.2581348419189453,
1.1048316955566406,
1.3859272003173828,
1.1239051818847656,
1.505136489868164,
1.344919204711914,
1.2919902801513672,
3.226041793823242,
3.9250850677490234,
1.15203857421875,
1.0409355163574219,
0.9789466857910156,
1.7828941345214844,
1.6219615936279297,
1.7271041870117188,
1.4269351959228516,
1.4290809631347656,
2.0821094512939453,
2.304553985595703,
3.8080215454101562,
1.9118785858154297,
2.0856857299804688,
1.5518665313720703,
2.3741722106933594,
1.9609928131103516,
2.6640892028808594,
1.8320083618164062,
2.4220943450927734,
3.2711029052734375,
2.805948257446289,
2.4352073669433594,
5.345821380615234,
6.382942199707031,
1.4462471008300781,
1.3091564178466797,
1.5747547149658203,
1.3480186462402344,
1.322031021118164,
1.8999576568603516,
1.5821456909179688,
1.5201568603515625,
1.962900161743164,
2.1839141845703125,
1.2121200561523438,
1.89208984375,
2.213001251220703,
1.0488033294677734,
1.1441707611083984,
1.2753009796142578,
1.0728836059570312,
2.477884292602539,
2.293825149536133,
1.280069351196289,
1.580953598022461,
1.1119842529296875,
1.0268688201904297,
1.0831356048583984,
2.1140575408935547,
1.9071102142333984,
2.766132354736328,
2.0661354064941406,
2.6230812072753906,
2.042055130004883,
1.1818408966064453,
1.7671585083007812,
1.8818378448486328,
1.5659332275390625,
2.323150634765625,
2.131938934326172,
1.2042522430419922,
1.0671615600585938,
1.5480518341064453,
1.7819404602050781,
2.1288394927978516,
1.3210773468017578,
4.643917083740234,
4.852056503295898,
2.5620460510253906,
2.4461746215820312,
1.3840198516845703,
1.1370182037353516,
1.0750293731689453,
1.13677978515625,
1.0459423065185547,
1.4781951904296875,
1.1289119720458984,
1.1718273162841797,
1.3239383697509766,
1.447916030883789,
1.341104507446289,
1.2698173522949219,
2.209186553955078,
2.978086471557617,
2.0432472229003906,
3.7050247192382812,
5.679130554199219,
3.84521484375,
2.628803253173828,
6.5021514892578125,
4.103899002075195,
3.7131309509277344,
3.0651092529296875,
3.0710697174072266,
0.9431838989257812,
0.6651878356933594,
0.5457401275634766,
0.6940364837646484,
0.6608963012695312,
0.6341934204101562,
0.8220672607421875,
0.6542205810546875,
0.7979869842529297,
0.9229183197021484,
4.312276840209961,
0.6909370422363281,
0.6799697875976562,
0.7863044738769531,
0.6096363067626953,
1.0056495666503906,
1.2578964233398438,
0.7238388061523438,
1.008749008178711,
0.5629062652587891,
1.3659000396728516,
1.65557861328125,
0.5917549133300781,
0.7059574127197266,
0.6268024444580078,
0.6339550018310547,
0.9150505065917969,
0.7607936859130859,
1.1012554168701172,
1.0581016540527344,
0.7328987121582031,
26.42512321472168,
24.85179901123047,
0.9789466857910156,
0.8208751678466797,
6.236076354980469,
7.9708099365234375,
6.506919860839844,
7.384061813354492,
1.0628700256347656,
1.2600421905517578,
1.2390613555908203,
0.6787776947021484,
0.5981922149658203,
2.8107166290283203,
3.4270286560058594,
3.0999183654785156,
1.9283294677734375,
1.4460086822509766,
1.2097358703613281,
3.941774368286133,
3.092050552368164,
2.5169849395751953,
3.0181407928466797,
4.300117492675781,
5.815982818603516,
5.291938781738281,
4.326820373535156,
3.606081008911133,
3.196239471435547,
2.4492740631103516,
1.3880729675292969,
1.7859935760498047,
1.806020736694336,
1.470804214477539,
1.4190673828125,
3.149271011352539,
4.264116287231445,
3.2739639282226562,
3.132343292236328,
3.011941909790039,
2.1190643310546875,
2.079010009765625,
3.367900848388672,
1.8308162689208984,
1.5408992767333984,
1.300811767578125,
2.711057662963867,
3.431081771850586,
2.2208690643310547,
2.0568370819091797,
1.8749237060546875,
1.3828277587890625,
1.2788772583007812,
1.3031959533691406,
1.2218952178955078,
1.4739036560058594,
2.1560192108154297,
2.7008056640625,
1.1358261108398438,
1.3401508331298828,
0.8988380432128906,
1.3439655303955078,
1.4150142669677734,
1.203298568725586,
1.001119613647461,
0.8869171142578125,
1.5418529510498047,
1.3401508331298828,
1.3821125030517578,
0.843048095703125,
1.219034194946289,
1.1408329010009766,
0.8461475372314453,
1.1200904846191406,
1.3322830200195312,
1.293182373046875,
0.9429454803466797,
1.5649795532226562,
1.5020370483398438,
0.9200572967529297,
1.2898445129394531,
2.412080764770508,
2.4149417877197266,
1.6241073608398438,
1.4910697937011719,
1.2297630310058594,
0.8540153503417969,
0.7791519165039062,
1.2099742889404297,
0.9469985961914062,
1.3267993927001953,
1.0960102081298828,
10.747909545898438,
1.219034194946289,
1.4553070068359375,
2.5620460510253906,
1.3942718505859375,
1.4591217041015625,
0.9317398071289062,
0.9987354278564453,
1.1298656463623047,
6.532192230224609,
1.1780261993408203,
1.4300346374511719,
1.0650157928466797,
0.904083251953125,
1.5680789947509766,
1.4700889587402344,
1.8281936645507812,
0.9558200836181641,
2.6819705963134766,
0.9660720825195312,
2.6140213012695312,
1.4989376068115234,
1.3589859008789062,
1.2090206146240234,
1.3728141784667969,
1.4829635620117188,
1.508951187133789,
1.4798641204833984,
1.291036605834961,
1.3530254364013672,
2.331972122192383,
1.1677742004394531,
1.4190673828125,
1.425027847290039,
1.6713142395019531,
1.669168472290039,
1.5931129455566406,
3.4422874450683594,
2.4330615997314453,
2.1300315856933594,
4.227161407470703,
6.005048751831055,
2.6879310607910156,
1.8131732940673828,
2.210855484008789,
1.7158985137939453,
1.6760826110839844,
2.0508766174316406,
2.679109573364258,
2.398967742919922,
2.0830631256103516,
3.0508041381835938,
2.8810501098632812,
2.7801990509033203,
2.232074737548828,
2.1390914916992188,
3.286123275756836,
8.094310760498047,
9.669065475463867,
5.160331726074219,
2.3958683013916016,
2.0699501037597656,
2.2940635681152344,
2.7730464935302734,
1.6279220581054688,
2.9320716857910156,
2.809286117553711,
1.8990039825439453,
1.9528865814208984,
2.6061534881591797,
3.4189224243164062,
2.9964447021484375,
2.2420883178710938,
1.3990402221679688,
2.3381710052490234,
3.6280155181884766,
1.2950897216796875,
3.4210681915283203,
3.041982650756836,
4.808902740478516,
4.58979606628418,
1.6629695892333984,
1.4178752899169922,
1.672983169555664,
1.405954360961914,
2.454042434692383,
2.5370121002197266,
1.4998912811279297,
6.381034851074219,
6.248950958251953,
3.880023956298828,
2.783060073852539,
4.358768463134766,
3.5941600799560547,
3.3130645751953125,
2.5370121002197266,
3.148794174194336,
2.905130386352539,
2.6612281799316406,
3.1151771545410156,
3.2167434692382812,
2.1440982818603516,
3.242015838623047,
2.3398399353027344,
2.32696533203125,
2.889871597290039,
2.187967300415039,
1.9190311431884766,
1.4278888702392578,
1.7900466918945312,
1.6748905181884766,
1.6372203826904297,
1.6851425170898438,
3.512144088745117,
3.133058547973633,
1.7380714416503906,
2.6328563690185547,
2.7618408203125,
1.7409324645996094,
1.5869140625,
2.608060836791992,
1.9767284393310547,
2.18963623046875,
1.7559528350830078,
2.1119117736816406,
5.348682403564453,
3.3578872680664062,
3.081083297729492,
2.9859542846679688,
3.734111785888672,
3.738880157470703,
2.4230480194091797,
2.0570755004882812,
3.320932388305664,
3.242015838623047,
2.727985382080078,
2.9439926147460938,
2.6869773864746094,
4.743814468383789,
3.0260086059570312,
4.314184188842773,
5.947113037109375,
5.522012710571289,
3.4379959106445312,
1.2128353118896484,
1.8849372863769531,
2.4328231811523438,
4.3315887451171875,
3.7050247192382812,
2.01416015625,
1.6379356384277344,
6.201982498168945,
7.713079452514648,
3.353118896484375,
2.370119094848633,
1.3988018035888672,
1.2807846069335938,
1.0881423950195312,
0.9989738464355469,
3.426074981689453,
3.139972686767578,
3.6270618438720703,
1.9500255584716797,
1.3320446014404297,
5.341768264770508,
5.631923675537109,
2.930164337158203,
3.571033477783203,
3.057718276977539,
2.8579235076904297,
2.5229454040527344,
0.9379386901855469,
8.426904678344727,
3.644227981567383,
1.2869834899902344,
0.74005126953125,
0.6630420684814453,
0.6680488586425781,
0.7600784301757812,
0.7469654083251953,
0.5090236663818359,
0.6449222564697266,
0.6170272827148438,
1.0499954223632812,
1.1148452758789062,
5.051136016845703,
7.625818252563477,
8.140802383422852,
5.065202713012695,
0.6351470947265625,
0.514984130859375,
0.49614906311035156,
0.5009174346923828,
0.4680156707763672,
0.43487548828125,
0.45490264892578125,
1.1692047119140625,
0.9858608245849609,
1.2218952178955078,
0.8299350738525391,
1.2440681457519531,
0.9641647338867188,
1.3110637664794922,
1.1019706726074219,
1.0890960693359375,
1.0449886322021484,
0.9737014770507812,
0.9217262268066406,
0.9329319000244141,
1.2738704681396484,
1.6551017761230469,
1.6171932220458984,
1.1050701141357422,
1.5387535095214844,
1.3031959533691406,
1.0569095611572266,
0.9520053863525391,
0.8940696716308594,
1.2311935424804688,
1.207113265991211,
0.8058547973632812,
0.7169246673583984,
0.9441375732421875,
0.6718635559082031,
1.5168190002441406,
0.7920265197753906,
0.9579658508300781,
0.9698867797851562,
0.9098052978515625,
1.2001991271972656,
0.9021759033203125,
1.1451244354248047,
1.13677978515625,
1.4238357543945312,
1.7931461334228516,
1.2438297271728516,
2.054929733276367,
8.692026138305664,
3.6988258361816406,
3.0117034912109375,
8.24284553527832,
4.248142242431641,
1.7740726470947266,
1.1279582977294922,
0.9851455688476562,
0.9479522705078125,
1.7299652099609375,
2.4559497833251953,
1.4040470123291016,
2.4251937866210938,
2.3980140686035156,
1.6260147094726562,
2.5453567504882812,
2.588987350463867,
2.026796340942383,
1.3990402221679688,
0.8590221405029297,
0.7259845733642578,
0.7050037384033203,
0.5729198455810547,
0.6089210510253906,
0.7717609405517578,
0.8451938629150391,
0.8771419525146484,
0.7948875427246094,
0.8063316345214844,
0.7960796356201172,
0.7200241088867188,
0.7631778717041016,
0.6601810455322266,
0.6310939788818359,
0.5681514739990234,
2.6578903198242188,
2.6438236236572266,
3.0820369720458984,
1.5518665313720703,
0.8077621459960938,
0.7688999176025391,
0.9400844573974609,
1.3489723205566406,
0.9946823120117188,
1.0828971862792969,
1.2359619140625,
0.9520053863525391,
0.7910728454589844,
0.7510185241699219,
3.229856491088867,
2.962827682495117,
1.644134521484375,
1.573801040649414,
1.2760162353515625,
1.7137527465820312,
2.2978782653808594,
0.9028911590576172,
1.8439292907714844,
2.267122268676758,
1.2471675872802734,
0.9169578552246094,
1.2021064758300781,
1.0988712310791016,
1.4998912811279297,
0.988006591796875,
1.3248920440673828,
1.2738704681396484,
1.035928726196289,
2.5768280029296875,
1.3170242309570312,
1.032114028930664,
1.5339851379394531,
1.1320114135742188,
1.0437965393066406,
1.1370182037353516,
1.3649463653564453,
1.035928726196289,
1.0790824890136719,
1.6851425170898438,
2.627134323120117,
2.3741722106933594,
1.8191337585449219,
1.5990734100341797,
1.2860298156738281,
1.2829303741455078,
1.3208389282226562,
1.3189315795898438,
1.9688606262207031,
1.6870498657226562,
2.1390914916992188,
1.3186931610107422,
1.271963119506836,
1.1589527130126953,
1.077890396118164,
1.683950424194336,
2.3202896118164062,
2.8302669525146484,
1.7731189727783203,
2.390146255493164,
2.2950172424316406,
1.8589496612548828,
1.5621185302734375,
1.3568401336669922,
1.4469623565673828,
3.0670166015625,
3.014802932739258,
1.753091812133789,
2.1889209747314453,
2.074718475341797,
2.213001251220703,
2.5758743286132812,
3.6110877990722656,
2.701997756958008,
2.2652149200439453,
1.3058185577392578,
2.259969711303711,
1.8157958984375,
2.485036849975586,
2.4499893188476562,
2.0868778228759766,
1.9221305847167969,
2.8018951416015625,
2.768278121948242,
3.463268280029297,
3.4842491149902344,
1.9299983978271484,
3.1588077545166016,
3.2720565795898438,
2.8989315032958984,
2.507925033569336,
1.043081283569336,
0.9837150573730469,
1.195669174194336,
1.7490386962890625,
2.0761489868164062,
1.233816146850586,
0.885009765625,
0.9720325469970703,
2.0012855529785156,
2.0987987518310547,
1.5010833740234375,
2.2149085998535156,
1.8270015716552734,
1.6930103302001953,
1.1780261993408203,
1.2521743774414062,
2.930879592895508,
3.3669471740722656,
2.8700828552246094,
2.5959014892578125,
1.668691635131836,
2.432107925415039,
2.28118896484375,
1.4309883117675781,
1.313924789428711,
2.440929412841797,
1.695871353149414,
1.5420913696289062,
1.5978813171386719,
2.9380321502685547,
2.4759769439697266,
2.179861068725586,
2.1257400512695312,
1.8498897552490234,
2.3360252380371094,
2.2242069244384766,
3.0019283294677734,
1.7957687377929688,
1.7058849334716797,
1.865386962890625,
2.524852752685547,
1.634836196899414,
1.425027847290039,
2.794981002807617,
2.3450851440429688,
1.5628337860107422,
1.4858245849609375,
1.39617919921875,
2.450227737426758,
2.402067184448242,
2.3708343505859375,
1.7571449279785156,
2.141714096069336,
2.084970474243164,
2.1028518676757812,
1.6677379608154297,
2.1941661834716797,
2.434968948364258,
3.0269622802734375,
2.477884292602539,
2.4471282958984375,
1.5408992767333984,
1.8770694732666016,
1.7979145050048828,
1.5349388122558594,
1.455068588256836,
1.8372535705566406,
1.7671585083007812,
1.5292167663574219,
27.769088745117188,
27.85205841064453,
1.455068588256836,
28.172969818115234,
1.9087791442871094,
1.2538433074951172,
2.398967742919922,
2.2020339965820312,
1.6050338745117188,
1.317739486694336,
1.2969970703125,
1.7879009246826172,
1.2271404266357422,
1.3229846954345703,
0.9672641754150391,
0.9288787841796875,
1.0619163513183594,
0.9131431579589844,
1.0302066802978516,
1.4061927795410156,
1.767873764038086,
2.134084701538086,
2.3670196533203125,
1.7752647399902344,
1.4691352844238281,
1.1332035064697266,
1.422882080078125,
1.8470287322998047,
2.206087112426758,
1.3010501861572266,
1.7070770263671875,
1.5411376953125,
1.4979839324951172,
1.1000633239746094,
1.5170574188232422,
1.4350414276123047,
1.087188720703125,
1.3608932495117188,
1.3461112976074219,
1.7871856689453125,
1.0690689086914062,
0.9527206420898438,
1.4400482177734375,
1.817941665649414,
1.3020038604736328,
1.6908645629882812,
1.4410018920898438,
1.390218734741211,
3.0999183654785156,
2.8231143951416016,
2.7179718017578125,
1.4798641204833984,
1.8601417541503906,
1.7940998077392578,
1.7087459564208984,
1.6508102416992188,
2.1240711212158203,
2.052783966064453,
4.2896270751953125,
2.4552345275878906,
3.1239986419677734,
2.351999282836914,
2.3081302642822266,
3.298044204711914,
1.4808177947998047,
1.3010501861572266,
1.6188621520996094,
1.402139663696289,
1.5418529510498047,
2.079010009765625,
1.6970634460449219,
2.0601749420166016,
4.179954528808594,
3.9739608764648438,
2.859830856323242,
1.7962455749511719,
2.552032470703125,
3.7331581115722656,
2.4840831756591797,
5.896329879760742,
1.7020702362060547,
2.093076705932617,
2.4220943450927734,
1.6109943389892578,
1.9688606262207031,
5.3920745849609375,
5.424737930297852,
5.406856536865234,
3.1931400299072266,
2.552032470703125,
2.6476383209228516,
2.2678375244140625,
2.885103225708008,
1.6689300537109375,
1.5101432800292969,
1.6217231750488281,
1.5439987182617188,
2.531766891479492,
7.4062347412109375,
2.8188228607177734,
2.7930736541748047,
3.021240234375,
2.392292022705078,
2.4390220642089844,
2.093076705932617,
4.577159881591797,
6.317138671875,
6.592035293579102,
6.0100555419921875,
5.813837051391602,
6.393194198608398,
5.495786666870117,
2.902984619140625,
2.1071434020996094,
8.92186164855957,
3.4291744232177734,
3.224611282348633,
1.560211181640625,
1.3661384582519531,
1.1439323425292969,
1.0709762573242188,
1.1398792266845703,
1.5070438385009766,
1.2700557708740234,
1.748800277709961,
1.7631053924560547,
1.207113265991211,
1.683950424194336,
37.8270149230957,
6.049633026123047,
41.51606559753418,
0.659942626953125,
0.9939670562744141,
0.5209445953369141,
1.2979507446289062,
0.7233619689941406,
0.7309913635253906,
0.5540847778320312,
0.9250640869140625,
0.7810592651367188,
0.7619857788085938,
0.6792545318603516,
0.6020069122314453,
0.6630420684814453,
0.7810592651367188,
1.0619163513183594,
0.6248950958251953,
0.9958744049072266,
0.8568763732910156,
0.7770061492919922,
0.6127357482910156,
0.6897449493408203,
1.0080337524414062,
0.9551048278808594,
0.8680820465087891,
1.7251968383789062,
1.5201568603515625,
1.7437934875488281,
4.558086395263672,
4.424810409545898,
4.379034042358398,
0.8130073547363281,
0.7181167602539062,
0.4837512969970703,
0.4630088806152344,
0.6499290466308594,
0.7219314575195312,
0.6878376007080078,
0.6930828094482422,
0.7350444793701172,
0.9701251983642578,
0.9610652923583984,
1.2531280517578125,
0.6170272827148438,
0.5183219909667969,
0.4818439483642578,
0.46515464782714844,
0.7817745208740234,
0.7090568542480469,
0.4220008850097656,
0.4990100860595703,
0.5300045013427734,
0.4620552062988281,
0.6468296051025391,
0.6020069122314453,
1.3301372528076172,
1.3370513916015625,
0.9310245513916016,
0.9520053863525391,
0.926971435546875,
0.7507801055908203,
0.7090568542480469,
0.5300045013427734,
0.6399154663085938,
0.6310939788818359,
0.7967948913574219,
0.8220672607421875,
0.8687973022460938,
1.010894775390625,
0.8680820465087891,
1.7499923706054688,
1.5971660614013672,
1.6109943389892578,
2.1698474884033203,
0.9286403656005859,
1.6238689422607422,
3.7560462951660156,
3.2699108123779297,
5.33294677734375,
3.47900390625,
2.5730133056640625,
3.5250186920166016,
2.730846405029297,
2.924203872680664,
2.760171890258789,
2.9380321502685547,
2.763986587524414,
3.256082534790039,
3.0012130737304688,
2.5670528411865234,
3.7801265716552734,
2.445697784423828,
2.669095993041992,
2.557992935180664,
2.415180206298828,
2.4917125701904297,
2.057790756225586,
2.4759769439697266,
3.2958984375,
3.9620399475097656,
2.5069713592529297,
5.117893218994141,
1.973867416381836,
3.3049583435058594,
3.184080123901367,
5.824089050292969,
7.0629119873046875,
6.046772003173828,
3.9458274841308594,
2.5582313537597656,
2.4580955505371094,
1.725912094116211,
1.3589859008789062,
3.342866897583008,
2.8247833251953125,
1.8510818481445312,
1.7778873443603516,
1.6667842864990234,
1.7719268798828125,
1.5380382537841797,
2.384185791015625,
1.7328262329101562,
1.4142990112304688,
2.501964569091797,
2.3059844970703125,
1.7840862274169922,
5.240201950073242,
5.156993865966797,
5.14984130859375,
4.694938659667969,
3.832101821899414,
4.42194938659668,
3.988027572631836,
2.9458999633789062,
2.4619102478027344,
6.215095520019531,
2.2306442260742188,
3.154754638671875,
4.937171936035156,
3.0808448791503906,
3.5271644592285156,
3.3228397369384766,
1.8529891967773438,
1.4259815216064453,
1.506805419921875,
1.734018325805664,
1.245260238647461,
1.226186752319336,
11.19685173034668,
5.439996719360352,
6.426095962524414,
1.4159679412841797,
1.3580322265625,
1.0180473327636719,
0.6341934204101562,
0.5209445953369141,
0.6799697875976562,
0.5011558532714844,
3.35693359375,
2.0210742950439453,
9.422063827514648,
9.638071060180664,
3.592967987060547,
3.534078598022461,
2.8731822967529297,
2.8390884399414062,
1.6789436340332031,
1.2919902801513672,
1.1410713195800781,
1.8928050994873047,
2.03704833984375,
1.31988525390625,
1.260995864868164,
1.2981891632080078,
2.4878978729248047,
4.836082458496094,
1.6639232635498047,
1.6829967498779297,
2.480030059814453,
2.2430419921875,
2.330780029296875,
2.5441646575927734,
2.4690628051757812,
2.2017955780029297,
2.1359920501708984,
1.708984375,
2.146005630493164,
1.458883285522461,
1.4219284057617188,
1.2497901916503906,
0.9112358093261719,
0.9250640869140625,
1.9671916961669922,
1.6489028930664062,
0.9987354278564453,
1.6109943389892578,
1.6009807586669922,
1.7359256744384766,
1.6560554504394531,
1.146078109741211,
2.4809837341308594,
2.343893051147461,
2.2940635681152344,
1.7080307006835938,
1.641988754272461,
1.4460086822509766,
0.9357929229736328,
0.9579658508300781,
1.0731220245361328,
1.1358261108398438,
1.1620521545410156,
0.9858608245849609,
1.001119613647461,
1.4219284057617188,
1.4040470123291016,
1.2900829315185547,
1.5020370483398438,
1.708984375,
1.4350414276123047,
1.8868446350097656,
2.721071243286133,
3.170013427734375,
3.6249160766601562,
4.106044769287109,
0.8289813995361328,
0.6780624389648438,
2.021312713623047,
1.4069080352783203,
1.3229846954345703,
1.1420249938964844,
2.0508766174316406,
1.5821456909179688,
1.6078948974609375,
2.8781890869140625,
2.156972885131836,
2.7151107788085938,
2.155780792236328,
1.6489028930664062,
1.5728473663330078,
1.3129711151123047,
1.2018680572509766,
2.000093460083008,
1.3687610626220703,
1.2569427490234375,
2.0270347595214844,
2.2630691528320312,
1.973867416381836,
4.576683044433594,
2.026081085205078,
2.51007080078125,
2.038717269897461,
4.064083099365234,
3.1709671020507812,
2.0599365234375,
1.5859603881835938,
1.9378662109375,
3.6749839782714844,
1.7850399017333984,
1.9609928131103516,
2.675294876098633,
2.611875534057617,
2.235889434814453,
1.7991065979003906,
1.8858909606933594,
1.8110275268554688,
2.9001235961914062,
3.087282180786133,
2.9282569885253906,
1.9180774688720703,
2.146005630493164,
2.7980804443359375,
3.336191177368164,
2.402067184448242,
1.585245132446289,
2.023935317993164,
2.599954605102539,
1.6851425170898438,
2.359151840209961,
1.8579959869384766,
2.048969268798828,
1.4102458953857422,
1.3089179992675781,
1.4009475708007812,
1.3072490692138672,
1.817941665649414,
1.6582012176513672,
2.241849899291992,
1.6269683837890625,
1.4090538024902344,
2.360105514526367,
2.130270004272461,
3.103017807006836,
2.299785614013672,
5.735158920288086,
5.825996398925781,
5.769968032836914,
5.728006362915039,
1.7971992492675781,
1.7609596252441406,
3.465890884399414,
3.763914108276367,
4.973173141479492,
3.8480758666992188,
4.113912582397461,
2.789735794067383,
4.385948181152344,
2.479076385498047,
2.930879592895508,
2.5548934936523438,
2.7379989624023438,
2.0890235900878906,
1.5492439270019531,
2.4628639221191406,
2.523183822631836,
1.7778873443603516,
2.3031234741210938,
1.3000965118408203,
3.8192272186279297,
3.5240650177001953,
2.6159286499023438,
3.480195999145508,
2.838134765625,
2.203702926635742,
1.8758773803710938,
2.119779586791992,
1.8949508666992188,
1.9021034240722656,
4.650115966796875,
6.593227386474609,
13.17286491394043,
10.742902755737305,
11.776924133300781,
11.405706405639648,
4.9762725830078125,
5.48100471496582,
1.3210773468017578,
0.7479190826416016,
1.1091232299804688,
9.244918823242188,
10.694026947021484,
10.109186172485352,
10.798931121826172,
2.8510093688964844,
1.3890266418457031,
4.004240036010742,
4.199981689453125,
1.8208026885986328,
2.445697784423828,
2.3450851440429688,
2.1979808807373047,
2.131223678588867,
1.4002323150634766,
1.483917236328125,
0.96893310546875,
0.7421970367431641,
0.9839534759521484,
0.8528232574462891,
0.8299350738525391,
1.5380382537841797,
1.104116439819336,
0.5779266357421875,
0.8792877197265625,
0.7381439208984375,
0.995635986328125,
0.8747577667236328,
1.0488033294677734,
1.013040542602539,
41.346073150634766,
8.727073669433594,
5.028247833251953,
8.484125137329102,
2.012014389038086,
7.672786712646484,
8.439064025878906,
0.6101131439208984,
0.5600452423095703,
0.6577968597412109,
0.6270408630371094,
0.8497238159179688,
0.8788108825683594,
0.8711814880371094,
0.9350776672363281,
0.6251335144042969,
0.7429122924804688,
0.7579326629638672,
0.6368160247802734,
0.5171298980712891,
0.5319118499755859,
0.4947185516357422,
0.6320476531982422,
0.5970001220703125,
0.5428791046142578,
0.6437301635742188,
0.6029605865478516,
1.4638900756835938,
1.4081001281738281,
0.8778572082519531,
0.7317066192626953,
0.946044921875,
0.8978843688964844,
30.124187469482422,
5.742788314819336,
0.9362697601318359,
0.9360313415527344,
0.9129047393798828,
0.7770061492919922,
0.5249977111816406,
0.5071163177490234,
0.6380081176757812,
0.61798095703125,
0.45990943908691406,
0.743865966796875,
0.7207393646240234,
0.8382797241210938,
0.6351470947265625,
0.7510185241699219,
0.5779266357421875,
0.6110668182373047,
0.6120204925537109,
0.5402565002441406,
0.5817413330078125,
0.8740425109863281,
0.8959770202636719,
0.6268024444580078,
1.811981201171875,
1.7919540405273438,
1.3759136199951172,
1.5990734100341797,
2.469778060913086,
1.6508102416992188,
2.321958541870117,
3.202676773071289,
3.4198760986328125,
4.420280456542969,
3.985881805419922,
1.6560554504394531,
3.6737918853759766,
2.4521350860595703,
1.8870830535888672,
2.5191307067871094,
2.0699501037597656,
1.7528533935546875,
1.795053482055664,
5.471944808959961,
2.0799636840820312,
1.5308856964111328,
1.4929771423339844,
1.657247543334961,
1.9359588623046875,
2.505064010620117,
2.240896224975586,
1.895904541015625,
3.6661624908447266,
3.325939178466797,
2.4797916412353516,
4.935264587402344,
3.6013126373291016,
4.665851593017578,
2.7239322662353516,
2.2690296173095703,
2.309083938598633,
3.407001495361328,
3.3121109008789062,
2.474069595336914,
3.5371780395507812,
2.8810501098632812,
2.421140670776367,
1.584768295288086,
1.2669563293457031,
1.3051033020019531,
1.348257064819336,
1.9588470458984375,
1.6891956329345703,
1.5208721160888672,
2.8150081634521484,
2.0139217376708984,
2.3021697998046875,
2.229928970336914,
2.629995346069336,
2.766132354736328,
2.292156219482422,
2.4271011352539062,
1.6131401062011719,
3.3609867095947266,
3.123044967651367,
1.989126205444336,
1.3539791107177734,
12.73798942565918,
3.0410289764404297,
5.064964294433594,
2.9129981994628906,
5.532979965209961,
5.712985992431641,
7.06791877746582,
3.3578872680664062,
2.6590824127197266,
2.5420188903808594,
3.144979476928711,
16.168832778930664,
16.93892478942871,
5.465984344482422,
0.8471012115478516,
0.7748603820800781,
0.7958412170410156,
0.7610321044921875,
3.9520263671875,
2.638101577758789,
4.364967346191406,
3.3059120178222656,
4.059791564941406,
0.9541511535644531,
1.2018680572509766,
1.1708736419677734,
1.5671253204345703,
1.2760162353515625,
3.3380985260009766,
2.5298595428466797,
2.630949020385742,
2.6988983154296875,
2.868175506591797,
7.225990295410156,
7.443904876708984,
8.486270904541016,
3.3190250396728516,
4.525899887084961,
3.0231475830078125,
2.331972122192383,
2.2590160369873047,
2.199888229370117,
1.8477439880371094,
5.991935729980469,
8.14199447631836,
6.769895553588867,
8.613109588623047,
9.145975112915039,
1.7137527465820312,
5.045890808105469,
3.731966018676758,
3.5800933837890625,
2.7370452880859375,
1.7867088317871094,
1.3997554779052734,
3.298044204711914,
4.142284393310547,
2.376079559326172,
2.6721954345703125,
4.069328308105469,
3.7093162536621094,
3.2219886779785156,
1.950979232788086,
1.7848014831542969,
4.107952117919922,
2.880096435546875,
3.564119338989258,
2.5811195373535156,
2.9888153076171875,
2.092123031616211,
1.6739368438720703,
1.4522075653076172,
2.2950172424316406,
1.9519329071044922,
2.4340152740478516,
1.4238357543945312,
2.8569698333740234,
2.2089481353759766,
1.962900161743164,
1.6360282897949219,
1.889944076538086,
1.9202232360839844,
1.590728759765625,
1.5761852264404297,
2.2389888763427734,
2.874135971069336,
2.017974853515625,
4.1961669921875,
2.5589466094970703,
2.420186996459961,
2.2809505462646484,
2.5763511657714844,
3.0739307403564453,
1.8029212951660156,
5.057096481323242,
2.8238296508789062,
2.5658607482910156,
2.1550655364990234,
2.179861068725586,
3.130197525024414,
2.0020008087158203,
3.7870407104492188,
3.2939910888671875,
1.9099712371826172,
2.7997493743896484,
2.7267932891845703,
2.6149749755859375,
1.8618106842041016,
2.749204635620117,
2.3949146270751953,
2.953767776489258,
2.835988998413086,
2.9211044311523438,
2.599954605102539,
2.434968948364258,
2.6717185974121094,
2.3870468139648438,
2.5970935821533203,
1.8589496612548828,
2.1359920501708984,
2.811908721923828,
1.7819404602050781,
2.1419525146484375,
2.1598339080810547,
2.1576881408691406,
1.8100738525390625,
1.9831657409667969,
1.6171932220458984,
2.618074417114258,
3.030061721801758,
3.5109519958496094,
3.244161605834961,
3.0548572540283203,
3.056764602661133,
2.988100051879883,
2.8526782989501953,
1.9142627716064453,
1.966238021850586,
2.313852310180664,
2.033233642578125,
1.5349388122558594,
2.2940635681152344,
2.415895462036133,
2.476215362548828,
3.165006637573242,
2.3741722106933594,
2.6068687438964844,
2.0449161529541016,
5.80286979675293,
6.458044052124023,
3.6401748657226562,
3.9560794830322266,
3.63922119140625,
4.104137420654297,
1.5709400177001953,
1.5478134155273438,
1.7359256744384766,
3.297090530395508,
2.8989315032958984,
2.5680065155029297,
2.270936965942383,
1.8551349639892578,
1.5859603881835938,
1.6760826110839844,
1.2590885162353516,
1.2867450714111328,
2.1560192108154297,
3.401041030883789,
2.9108524322509766,
2.6602745056152344,
1.7910003662109375,
3.6411285400390625,
2.511262893676758,
1.730203628540039,
1.538991928100586,
1.4939308166503906,
6.2541961669921875,
6.787776947021484,
1.9330978393554688,
1.9750595092773438,
1.8849372863769531,
1.7380714416503906,
1.5838146209716797,
2.062082290649414,
2.8738975524902344,
2.001047134399414,
2.508878707885742,
3.007173538208008,
1.7421245574951172,
1.6307830810546875,
2.380847930908203,
9.463787078857422,
1.516103744506836,
0.9043216705322266,
1.0318756103515625,
0.7271766662597656,
6.050825119018555,
8.0718994140625,
0.7021427154541016,
0.5459785461425781,
0.5130767822265625,
0.48422813415527344,
0.5109310150146484,
0.8280277252197266,
0.6961822509765625,
0.6840229034423828,
0.9500980377197266,
1.2030601501464844,
1.2600421905517578,
1.207113265991211,
1.1782646179199219,
1.074075698852539,
0.9999275207519531,
1.3461112976074219,
7.605075836181641,
6.551980972290039,
1.0232925415039062,
0.9868144989013672,
0.8718967437744141,
0.8807182312011719,
0.6580352783203125,
0.5791187286376953,
0.6380081176757812,
0.9500980377197266,
0.7908344268798828,
0.7388591766357422,
0.6418228149414062,
1.2280941009521484,
1.062154769897461,
1.8587112426757812,
2.3369789123535156,
1.383066177368164,
1.6529560089111328,
4.71186637878418,
1.6429424285888672,
1.4719963073730469,
0.8699893951416016,
1.171112060546875,
1.074075698852539,
0.7522106170654297,
0.8590221405029297,
2.160787582397461,
0.8177757263183594,
1.4238357543945312,
1.6279220581054688,
1.8529891967773438,
4.887104034423828,
5.454063415527344,
5.422830581665039,
3.412961959838867,
4.2781829833984375,
5.04302978515625,
6.375789642333984,
4.967927932739258,
4.498004913330078,
1.6450881958007812,
3.3860206604003906,
1.1670589447021484,
1.0356903076171875,
1.9021034240722656,
1.9679069519042969,
2.3598670959472656,
1.8649101257324219,
1.361846923828125,
1.3630390167236328,
1.6891956329345703,
1.3048648834228516,
0.7779598236083984,
0.6239414215087891,
1.8241405487060547,
3.1518936157226562,
2.788066864013672,
2.218961715698242,
1.5540122985839844,
1.3020038604736328,
1.3439655303955078,
1.3127326965332031,
1.2180805206298828,
3.155946731567383,
4.352092742919922,
10.563135147094727,
3.184080123901367,
5.861759185791016,
4.837751388549805,
4.866123199462891,
2.8641223907470703,
1.0499954223632812,
0.9398460388183594,
2.338886260986328,
2.418041229248047,
1.2199878692626953,
0.6430149078369141,
0.9558200836181641,
0.7908344268798828,
0.6630420684814453,
0.6551742553710938,
0.7679462432861328,
1.123189926147461,
0.7920265197753906,
1.1620521545410156,
0.5698204040527344,
0.9138584136962891,
0.7801055908203125,
1.0080337524414062,
0.6189346313476562,
0.7078647613525391,
0.9870529174804688,
0.8180141448974609,
0.6661415100097656,
0.6511211395263672,
0.5640983581542969,
0.8959770202636719,
0.8828639984130859,
0.7297992706298828,
1.0280609130859375,
1.405954360961914,
0.9109973907470703,
17.465829849243164,
18.316984176635742,
20.707130432128906,
1.2972354888916016,
1.0762214660644531,
31.100988388061523,
34.83700752258301,
37.568092346191406,
2.579212188720703,
2.0787715911865234,
1.4917850494384766,
2.5179386138916016,
2.4309158325195312,
2.431154251098633,
2.3207664489746094,
2.023935317993164,
6.000041961669922,
2.8989315032958984,
2.432107925415039,
5.12385368347168,
2.5551319122314453,
5.527019500732422,
2.399921417236328,
2.838134765625,
2.1178722381591797,
1.7008781433105469,
1.394033432006836,
1.257181167602539,
1.9078254699707031,
1.8570423126220703,
1.3971328735351562,
2.6891231536865234,
3.1032562255859375,
3.921985626220703,
1.1529922485351562,
2.991914749145508,
2.9859542846679688,
2.858877182006836,
1.519918441772461,
1.293182373046875,
1.9199848175048828,
3.450155258178711,
3.0519962310791016,
1.5790462493896484,
3.2858848571777344,
2.2568702697753906,
2.574920654296875,
1.6748905181884766,
2.0079612731933594,
2.2058486938476562,
4.176139831542969,
18.998146057128906,
18.896818161010742,
3.452777862548828,
2.9408931732177734,
2.177000045776367,
1.5361309051513672,
1.7588138580322266,
2.2437572479248047,
1.580953598022461,
1.5828609466552734,
1.569986343383789,
1.5599727630615234,
1.4922618865966797,
4.828929901123047,
4.462242126464844,
1.6927719116210938,
1.3670921325683594,
2.7747154235839844,
4.585027694702148,
1.3911724090576172,
7.837057113647461,
9.254217147827148,
2.287149429321289,
1.0428428649902344,
1.0268688201904297,
1.1091232299804688,
2.1407604217529297,
2.2470951080322266,
2.1238327026367188,
2.0589828491210938,
1.6241073608398438,
2.8460025787353516,
6.417036056518555,
3.5028457641601562,
4.253387451171875,
3.6420822143554688,
1.5480518341064453,
1.5909671783447266,
1.2238025665283203,
1.2781620025634766,
1.2600421905517578,
1.3988018035888672,
2.6922225952148438,
1.1532306671142578,
1.722097396850586,
1.5201568603515625,
1.4431476593017578,
2.201080322265625,
1.3890266418457031,
1.4729499816894531,
2.0041465759277344,
1.538991928100586,
2.2950172424316406,
1.558065414428711,
1.2028217315673828,
1.8780231475830078,
1.8200874328613281,
2.2568702697753906,
1.7147064208984375,
1.3709068298339844,
1.1761188507080078,
1.5201568603515625,
1.516103744506836,
1.5490055084228516,
1.377105712890625,
1.3158321380615234,
0.9589195251464844,
0.8733272552490234,
0.8766651153564453,
1.7900466918945312,
1.0449886322021484,
3.0961036682128906,
2.821207046508789,
1.9292831420898438,
1.851797103881836,
1.7940998077392578,
1.0647773742675781,
0.9579658508300781,
1.1560916900634766,
1.56402587890625,
1.5299320220947266,
1.2559890747070312,
1.1470317840576172,
1.1630058288574219,
1.3968944549560547,
1.1289119720458984,
1.641988754272461,
0.8931159973144531,
1.4569759368896484,
1.130819320678711,
1.2211799621582031,
0.9641647338867188,
1.0371208190917969,
1.210927963256836,
1.1768341064453125,
1.055002212524414,
2.5396347045898438,
2.3109912872314453,
3.328084945678711,
1.4657974243164062,
1.09100341796875,
1.010894775390625,
0.8177757263183594,
0.7781982421875,
2.6297569274902344,
0.9088516235351562,
1.317739486694336,
1.744985580444336,
1.1701583862304688,
1.0309219360351562,
1.0139942169189453,
2.0537376403808594,
1.4870166778564453,
2.1181106567382812,
1.4271736145019531,
1.5788078308105469,
2.5370121002197266,
2.131938934326172,
1.8608570098876953,
3.4291744232177734,
2.541065216064453,
1.1110305786132812,
0.9179115295410156,
2.228975296020508,
0.9181499481201172,
2.602100372314453,
0.9779930114746094,
1.110076904296875,
1.0890960693359375,
1.5511512756347656,
1.528024673461914,
1.5261173248291016,
0.9200572967529297,
1.271963119506836,
1.232147216796875,
0.9200572967529297,
1.2011528015136719,
1.5919208526611328,
1.3320446014404297,
0.9820461273193359,
2.1009445190429688,
2.046823501586914,
2.179861068725586,
0.9558200836181641,
0.9379386901855469,
1.241922378540039,
1.2078285217285156,
0.8959770202636719,
1.7499923706054688,
1.3439655303955078,
1.8680095672607422,
0.9207725524902344,
1.2538433074951172,
1.2180805206298828,
1.7750263214111328,
1.2137889862060547,
2.2461414337158203,
2.3131370544433594,
1.8770694732666016,
1.4450550079345703,
0.8680820465087891,
0.7941722869873047,
1.207113265991211,
1.5368461608886719,
1.3918876647949219,
1.3489723205566406,
0.7421970367431641,
0.9152889251708984,
1.2218952178955078,
1.44195556640625,
1.1959075927734375,
0.904083251953125,
1.055002212524414,
1.1839866638183594,
1.1539459228515625,
2.7458667755126953,
1.444101333618164,
4.02379035949707,
2.051115036010742,
1.0390281677246094,
1.4636516571044922,
0.8759498596191406,
1.4019012451171875,
1.528024673461914,
1.3070106506347656,
1.8928050994873047,
1.146078109741211,
1.3098716735839844,
1.2710094451904297,
1.7712116241455078,
1.2760162353515625,
0.9407997131347656,
1.0671615600585938,
1.2669563293457031,
1.1830329895019531,
1.2979507446289062,
1.1048316955566406,
0.926971435546875,
1.3279914855957031,
1.1572837829589844,
1.2028217315673828,
1.2481212615966797,
0.9219646453857422,
1.5039443969726562,
1.2240409851074219,
1.672983169555664,
1.8308162689208984,
1.3806819915771484,
1.6019344329833984,
1.8579959869384766,
1.4638900756835938,
1.583099365234375,
1.6529560089111328,
1.9681453704833984,
1.5921592712402344,
1.6908645629882812,
2.2919178009033203,
2.893209457397461,
1.8832683563232422,
2.424955368041992,
2.7348995208740234,
2.1228790283203125,
4.701137542724609,
3.471851348876953,
1.9378662109375,
3.0100345611572266,
2.980947494506836,
2.949953079223633,
1.1508464813232422,
1.377105712890625,
1.9729137420654297,
1.2218952178955078,
2.2110939025878906,
1.7669200897216797,
1.1699199676513672,
2.1071434020996094,
1.538991928100586,
2.6099681854248047,
2.3691654205322266,
2.8281211853027344,
2.785205841064453,
2.228260040283203,
2.774953842163086,
2.5610923767089844,
1.9059181213378906,
2.9180049896240234,
2.749919891357422,
2.0780563354492188,
2.14385986328125,
3.113985061645508,
2.366781234741211,
2.9959678649902344,
3.0050277709960938,
3.143787384033203,
2.270936965942383,
1.9638538360595703,
2.107858657836914,
2.560138702392578,
2.5031566619873047,
1.8649101257324219,
2.2509098052978516,
3.0088424682617188,
2.4292469024658203,
1.9152164459228516,
2.6748180389404297,
2.287149429321289,
2.183198928833008,
1.9829273223876953,
2.3849010467529297,
3.092050552368164,
7.538080215454102,
3.812074661254883,
3.278017044067383,
2.012968063354492,
3.4949779510498047,
3.1239986419677734,
2.5632381439208984,
2.535104751586914,
2.6302337646484375,
2.8128623962402344,
2.351045608520508,
2.228975296020508,
1.6262531280517578,
1.5578269958496094,
2.9108524322509766,
2.6726722717285156,
3.9060115814208984,
2.422809600830078,
2.1278858184814453,
2.0132064819335938,
1.7540454864501953,
2.321958541870117,
2.5010108947753906,
2.422809600830078,
2.061128616333008,
2.202749252319336,
2.919912338256836,
2.6187896728515625,
1.8849372863769531,
1.8796920776367188,
1.978158950805664,
3.3578872680664062,
3.159046173095703,
2.880096435546875,
2.9082298278808594,
2.089977264404297,
3.0770301818847656,
1.6870498657226562,
1.5752315521240234,
1.5308856964111328,
1.60980224609375,
1.683950424194336,
1.7859935760498047,
1.9729137420654297,
1.5091896057128906,
2.9397010803222656,
3.4401416778564453,
4.139900207519531,
3.4928321838378906,
3.1931400299072266,
2.8541088104248047,
4.358768463134766,
5.002021789550781,
2.3140907287597656,
1.9159317016601562,
2.1820068359375,
1.9831657409667969,
2.833127975463867,
3.8590431213378906,
3.1371116638183594,
4.314184188842773,
3.0641555786132812,
3.7140846252441406,
3.247976303100586,
2.349853515625,
2.276182174682617,
2.3908615112304688,
3.118276596069336,
3.1049251556396484,
3.076791763305664,
2.5548934936523438,
3.6101341247558594,
3.5572052001953125,
2.2788047790527344,
1.847982406616211,
2.2149085998535156,
2.2020339965820312,
1.8417835235595703,
2.0220279693603516,
2.042055130004883,
1.6298294067382812,
1.9099712371826172,
2.398967742919922,
3.7009716033935547,
3.1211376190185547,
3.495931625366211,
3.779888153076172,
3.0770301818847656,
2.1331310272216797,
2.75421142578125,
2.1390914916992188,
2.440929412841797,
2.368927001953125,
1.9278526306152344,
7.388114929199219,
7.954120635986328,
1.5993118286132812,
1.2581348419189453,
1.371145248413086,
0.8912086486816406,
2.362966537475586,
1.0280609130859375,
0.9152889251708984,
0.9667873382568359,
1.4569759368896484,
1.3189315795898438,
1.0318756103515625,
0.8897781372070312,
0.8089542388916016,
1.2938976287841797,
1.2638568878173828,
1.7559528350830078,
1.6560554504394531,
0.8788108825683594,
1.1000633239746094,
0.7679462432861328,
0.9973049163818359,
0.9591579437255859,
0.8368492126464844,
0.90789794921875,
0.8690357208251953,
0.6461143493652344,
0.8149147033691406,
0.7898807525634766,
0.6997585296630859,
0.5948543548583984,
1.0068416595458984,
1.007080078125,
0.8640289306640625,
1.062154769897461,
0.7569789886474609,
0.6823539733886719,
1.0900497436523438,
0.6630420684814453,
0.6043910980224609,
0.7586479187011719,
0.720977783203125,
0.5772113800048828,
1.0449886322021484,
1.096963882446289,
0.6630420684814453,
0.5278587341308594,
0.6482601165771484,
0.9050369262695312,
0.576019287109375,
0.49304962158203125,
0.8070468902587891,
0.7562637329101562,
0.6859302520751953,
0.6518363952636719,
1.4960765838623047,
0.8382797241210938,
0.6508827209472656,
0.823974609375,
0.7658004760742188,
0.8330345153808594,
0.6923675537109375,
0.43272972106933594,
0.5919933319091797,
1.3499259948730469,
0.8249282836914062,
0.8912086486816406,
0.5979537963867188,
0.5772113800048828,
0.7960796356201172,
3.634929656982422,
2.858877182006836,
0.9951591491699219,
0.5319118499755859,
0.4642009735107422,
0.4220008850097656,
0.5319118499755859,
0.5939006805419922,
0.5400180816650391,
0.4780292510986328,
0.49686431884765625,
0.45418739318847656,
0.40793418884277344,
0.5192756652832031,
0.39696693420410156,
0.4639625549316406,
0.6451606750488281,
0.6220340728759766,
1.6460418701171875,
1.3990402221679688,
0.7188320159912109,
0.47898292541503906,
0.49686431884765625,
0.5939006805419922,
0.6620883941650391,
0.514984130859375,
0.5848407745361328,
0.5040168762207031,
0.5078315734863281,
0.4429817199707031,
0.42700767517089844,
0.49996376037597656,
0.4417896270751953,
0.4470348358154297,
0.6289482116699219,
0.5712509155273438,
1.1088848114013672,
0.41413307189941406,
0.45490264892578125,
0.4630088806152344,
0.5249977111816406,
0.576019287109375,
0.6210803985595703,
0.49495697021484375,
1.107931137084961,
1.051187515258789,
0.682830810546875,
0.4260540008544922,
0.39315223693847656,
0.4982948303222656,
0.37980079650878906,
0.431060791015625,
0.6639957427978516,
0.6198883056640625,
0.6010532379150391,
0.5328655242919922,
0.5688667297363281,
0.49495697021484375,
0.6241798400878906,
0.6158351898193359,
0.49304962158203125,
0.3840923309326172,
0.5040168762207031,
0.4487037658691406,
0.4138946533203125,
0.5400180816650391,
0.4649162292480469,
0.38909912109375,
0.7052421569824219,
0.6859302520751953,
0.5707740783691406,
0.5450248718261719,
0.4563331604003906,
0.4868507385253906,
0.5500316619873047,
0.5016326904296875,
0.6480216979980469,
0.6120204925537109,
0.5459785461425781,
0.4677772521972656,
1.901865005493164,
0.9670257568359375,
0.7839202880859375,
0.8928775787353516,
0.9088516235351562,
0.9307861328125,
1.416921615600586,
1.4519691467285156,
1.6160011291503906,
1.3592243194580078,
1.3599395751953125,
2.485990524291992,
1.7080307006835938,
2.028942108154297,
2.189159393310547,
4.141807556152344,
4.822731018066406,
3.329038619995117,
2.3610591888427734,
3.158092498779297,
2.13623046875,
2.0270347595214844,
2.524137496948242,
2.785921096801758,
6.734132766723633,
1.9371509552001953,
4.164218902587891,
1.3289451599121094,
1.1568069458007812,
0.6568431854248047,
0.5359649658203125,
0.7088184356689453,
0.7188320159912109,
1.1281967163085938,
1.119852066040039,
1.0800361633300781,
0.8249282836914062,
1.5001296997070312,
1.2199878692626953,
1.317739486694336,
1.2290477752685547,
2.8946399688720703,
31.25309944152832,
5.482673645019531,
5.090951919555664,
0.7989406585693359,
0.6546974182128906,
0.7891654968261719,
1.909017562866211,
1.8749237060546875,
0.6699562072753906,
0.5970001220703125,
1.0221004486083984,
0.8740425109863281,
0.8108615875244141,
1.0972023010253906,
1.0678768157958984,
0.8928775787353516,
0.5469322204589844,
0.5602836608886719,
0.8029937744140625,
1.1057853698730469,
0.782012939453125,
0.6780624389648438,
0.6740093231201172,
1.1560916900634766,
1.5752315521240234,
0.8761882781982422,
1.4209747314453125,
0.9517669677734375,
0.9839534759521484,
1.0149478912353516,
1.4498233795166016,
1.2788772583007812,
1.1000633239746094,
14.168739318847656,
11.644840240478516,
16.36195182800293,
12.228012084960938,
0.8299350738525391,
0.8261203765869141,
1.3089179992675781,
1.1990070343017578,
0.6368160247802734,
0.5209445953369141,
0.7779598236083984,
1.0712146759033203,
0.9851455688476562,
0.8971691131591797,
0.5421638488769531,
0.6017684936523438,
0.637054443359375,
0.5717277526855469,
0.8280277252197266,
0.7178783416748047,
0.5352497100830078,
1.3518333435058594,
0.9200572967529297,
0.9217262268066406,
1.3377666473388672,
1.0080337524414062,
0.7510185241699219,
1.2009143829345703,
1.708984375,
1.210927963256836,
1.3489723205566406,
1.316070556640625,
1.554250717163086,
1.2650489807128906,
1.2748241424560547,
1.5320777893066406,
1.6129016876220703,
1.2440681457519531,
0.9829998016357422,
1.7058849334716797,
1.2621879577636719,
1.5990734100341797,
1.2271404266357422,
1.341104507446289,
3.7078857421875,
3.147125244140625,
3.253936767578125,
1.6698837280273438,
1.940011978149414,
1.8041133880615234,
1.219034194946289,
1.9741058349609375,
1.374959945678711,
7.727861404418945,
3.8750171661376953,
3.882884979248047,
1.7821788787841797,
1.4133453369140625,
1.8668174743652344,
1.6710758209228516,
0.9732246398925781,
1.905202865600586,
2.271890640258789,
5.27501106262207,
8.00776481628418,
7.452964782714844,
6.240129470825195,
2.0232200622558594,
0.6830692291259766,
1.135110855102539,
0.8759498596191406,
0.8971691131591797,
2.7620792388916016,
1.0251998901367188,
2.6099681854248047,
0.408172607421875,
0.4601478576660156,
0.43320655822753906,
0.6368160247802734,
0.5848407745361328,
0.5352497100830078,
3.5440921783447266,
2.3097991943359375,
3.5262107849121094,
1.0552406311035156,
0.5748271942138672,
0.7348060607910156,
0.6208419799804688,
1.2640953063964844,
2.7189254760742188,
2.315044403076172,
3.1380653381347656,
2.1398067474365234,
1.7819404602050781,
0.8327960968017578,
1.2443065643310547,
1.207113265991211,
0.9961128234863281,
1.2159347534179688,
1.4281272888183594,
1.2209415435791016,
7.3451995849609375,
2.260923385620117,
1.8658638000488281,
2.0508766174316406,
3.072977066040039,
4.284143447875977,
53.34591865539551,
4.678964614868164,
59.99183654785156,
1.3532638549804688,
59.65280532836914,
4.797220230102539,
0.7460117340087891,
0.5800724029541016,
0.7350444793701172,
0.6999969482421875,
0.6041526794433594,
0.5071163177490234,
0.5700588226318359,
0.6070137023925781,
0.5488395690917969,
1.5501976013183594,
2.090930938720703,
0.6000995635986328,
1.0340213775634766,
1.0290145874023438,
1.4388561248779297,
0.8089542388916016,
0.7822513580322266,
0.5168914794921875,
0.6301403045654297,
0.6556510925292969,
0.7610321044921875,
0.6680488586425781,
0.5738735198974609,
0.7138252258300781,
0.6380081176757812,
0.6792545318603516,
0.9241104125976562,
0.5362033843994141,
0.5700588226318359,
0.6220340728759766,
1.4450550079345703,
1.5521049499511719,
0.7162094116210938,
0.6330013275146484,
0.7507801055908203,
0.7097721099853516,
4.765987396240234,
6.161928176879883,
6.853818893432617,
0.7119178771972656,
1.0540485382080078,
0.4868507385253906,
0.5269050598144531,
0.45228004455566406,
0.5731582641601562,
0.5152225494384766,
0.5340576171875,
0.5209445953369141,
0.5240440368652344,
0.5829334259033203,
0.7879734039306641,
0.7910728454589844,
0.7529258728027344,
1.0743141174316406,
1.055002212524414,
0.8471012115478516,
2.7549266815185547,
10.342836380004883,
3.5867691040039062,
9.572029113769531,
2.959012985229492,
2.4137496948242188,
3.146648406982422,
2.8989315032958984,
2.4619102478027344,
1.6710758209228516,
2.1708011627197266,
1.9659996032714844,
1.399993896484375,
1.7070770263671875,
1.1591911315917969,
1.2531280517578125,
1.0428428649902344,
2.337932586669922,
1.6148090362548828,
1.5790462493896484,
1.055002212524414,
1.0077953338623047,
2.444028854370117,
2.157926559448242,
2.9151439666748047,
17.402172088623047,
1.9021034240722656,
1.5370845794677734,
1.6269683837890625,
1.1870861053466797,
0.9388923645019531,
1.444101333618164,
2.251148223876953,
2.2678375244140625,
2.8409957885742188,
3.3059120178222656,
3.9548873901367188,
4.450082778930664,
3.0798912048339844,
2.3658275604248047,
3.7250518798828125,
3.1752586364746094,
2.593994140625,
2.7000904083251953,
2.8929710388183594,
6.206035614013672,
4.79888916015625,
3.5419464111328125,
3.626108169555664,
4.836797714233398,
4.741191864013672,
2.2020339965820312,
1.6980171203613281,
4.664182662963867,
4.671335220336914,
1.9130706787109375,
0.9341239929199219,
1.77001953125,
3.297090530395508,
2.858877182006836,
1.7859935760498047,
1.275777816772461,
1.997232437133789,
2.2978782653808594,
1.895904541015625,
2.218961715698242,
1.750946044921875,
1.2798309326171875,
1.3570785522460938,
1.2238025665283203,
1.1210441589355469,
1.6379356384277344,
2.859830856323242,
3.287792205810547,
3.324270248413086,
3.8819313049316406,
2.2668838500976562,
1.9290447235107422,
2.432107925415039,
1.4548301696777344,
2.5987625122070312,
2.404928207397461,
2.3190975189208984,
0.9832382202148438,
1.4929771423339844,
1.4810562133789062,
2.1800994873046875,
2.665281295776367,
1.4989376068115234,
1.3518333435058594,
2.295970916748047,
1.232147216796875,
0.9691715240478516,
1.0700225830078125,
2.167940139770508,
2.5348663330078125,
2.34222412109375,
1.4510154724121094,
1.949310302734375,
4.125118255615234,
3.690958023071289,
2.135753631591797,
1.1560916900634766,
1.712799072265625,
1.4781951904296875,
1.4081001281738281,
1.0879039764404297,
1.2018680572509766,
3.1049251556396484,
3.993988037109375,
0.9458065032958984,
0.6480216979980469,
1.4159679412841797,
1.3377666473388672,
0.8919239044189453,
0.9169578552246094,
1.0859966278076172,
1.4100074768066406,
1.4810562133789062,
1.2860298156738281,
1.0597705841064453,
1.0128021240234375,
1.1959075927734375,
2.0742416381835938,
4.734992980957031,
0.9038448333740234,
0.6928443908691406,
0.7307529449462891,
0.8356571197509766,
0.7150173187255859,
0.7719993591308594,
0.5848407745361328,
0.7879734039306641,
0.6160736083984375,
0.51116943359375,
0.7219314575195312,
0.49495697021484375,
0.5450248718261719,
0.7750988006591797,
0.6511211395263672,
1.3098716735839844,
1.2621879577636719,
1.817941665649414,
1.2149810791015625,
1.8281936645507812,
1.6913414001464844,
1.7349720001220703,
3.6051273345947266,
1.5332698822021484,
1.5101432800292969,
2.212047576904297,
1.6200542449951172,
1.8050670623779297,
3.1621456146240234,
2.6819705963134766,
4.909276962280273,
5.65791130065918,
3.6008358001708984,
13.117790222167969,
14.602899551391602,
2.0732879638671875,
1.863241195678711,
3.0159950256347656,
8.388042449951172,
7.637739181518555,
0.9391307830810547,
0.8730888366699219,
1.1248588562011719,
2.3949146270751953,
2.135038375854492,
3.0531883239746094,
2.017974853515625,
3.1511783599853516,
3.0319690704345703,
2.892732620239258,
2.126932144165039,
3.554105758666992,
4.11534309387207,
5.154132843017578,
3.143787384033203,
2.334117889404297,
2.1631717681884766,
1.8129348754882812,
2.3529529571533203,
3.4637451171875,
2.4518966674804688,
2.033233642578125,
1.9450187683105469,
1.8787384033203125,
2.1219253540039062,
1.9240379333496094,
3.3779144287109375,
4.438638687133789,
3.551959991455078,
3.6439895629882812,
5.873918533325195,
5.919218063354492,
5.797863006591797,
3.2219886779785156,
2.3012161254882812,
1.9898414611816406,
1.8413066864013672,
2.3818016052246094,
3.114938735961914,
1.9190311431884766,
2.006053924560547,
2.2890567779541016,
3.9548873901367188,
3.196239471435547,
3.9339065551757812,
2.9036998748779297,
2.3522377014160156,
3.5157203674316406,
2.9010772705078125,
2.747774124145508,
3.551006317138672,
2.7799606323242188,
3.763914108276367,
4.222869873046875,
4.107952117919922,
2.5818347930908203,
1.8260478973388672,
2.118825912475586,
2.192974090576172,
3.098011016845703,
2.1800994873046875,
2.3250579833984375,
2.960205078125,
1.7848014831542969,
1.7881393432617188,
2.5207996368408203,
1.73187255859375,
1.9979476928710938,
2.2492408752441406,
1.7249584197998047,
3.2067298889160156,
2.3670196533203125,
2.270936965942383,
1.6391277313232422,
2.218008041381836,
1.7971992492675781,
2.1162033081054688,
1.9838809967041016,
4.3201446533203125,
5.266904830932617,
2.4099349975585938,
2.3050308227539062,
2.043008804321289,
4.658222198486328,
5.552053451538086,
5.760908126831055,
6.422996520996094,
7.78508186340332,
7.290124893188477,
5.313873291015625,
2.952098846435547,
5.190849304199219,
10.706901550292969,
11.860847473144531,
3.6520957946777344,
4.420042037963867,
2.9871463775634766,
4.205226898193359,
3.918886184692383,
2.6798248291015625,
1.9772052764892578,
1.5571117401123047,
1.1432170867919922,
1.2340545654296875,
0.8351802825927734,
0.6692409515380859,
0.7710456848144531,
0.759124755859375,
0.7638931274414062,
0.8251667022705078,
0.8988380432128906,
0.8609294891357422,
0.7481575012207031,
0.7469654083251953,
0.9229183197021484,
0.904083251953125,
0.6051063537597656,
0.7710456848144531,
1.230001449584961,
0.9210109710693359,
0.6780624389648438,
0.7009506225585938,
1.077890396118164,
1.049041748046875,
1.3077259063720703,
1.191854476928711,
0.9820461273193359,
1.0449886322021484,
0.9517669677734375,
1.3120174407958984,
0.9899139404296875,
2.6891231536865234,
2.8078556060791016,
2.5947093963623047,
2.9859542846679688,
1.444101333618164,
0.7841587066650391,
1.9290447235107422,
2.337217330932617,
2.2039413452148438,
1.458883285522461,
1.2102127075195312,
1.332998275756836,
1.8339157104492188,
3.1838417053222656,
3.7009716033935547,
3.7431716918945312,
1.7249584197998047,
9.185075759887695,
1.8079280853271484,
0.8897781372070312,
0.7429122924804688,
0.7767677307128906,
0.7417201995849609,
0.7281303405761719,
3.0748844146728516,
2.675771713256836,
5.042076110839844,
4.054069519042969,
0.9772777557373047,
1.6870498657226562,
2.1119117736816406,
1.8842220306396484,
2.6280879974365234,
1.8317699432373047,
0.9579658508300781,
0.6768703460693359,
0.7910728454589844,
2.0248889923095703,
4.352092742919922,
28.28502655029297,
2.275705337524414,
1.6760826110839844,
3.0901432037353516,
3.8738250732421875,
3.4029483795166016,
5.558013916015625,
4.376888275146484,
3.1900405883789062,
1.5139579772949219,
1.5039443969726562,
1.3346672058105469,
1.1031627655029297,
6.019115447998047,
6.442785263061523,
5.933046340942383,
3.2501220703125,
7.402896881103516,
3.9920806884765625,
1.068115234375,
1.004934310913086,
0.8609294891357422,
0.6358623504638672,
0.7719993591308594,
0.675201416015625,
1.2621879577636719,
0.9829998016357422,
1.3527870178222656,
0.9331703186035156,
0.7281303405761719,
1.0821819305419922,
1.3968944549560547,
1.0991096496582031,
1.6598701477050781,
1.4281272888183594,
2.0911693572998047,
1.096963882446289,
1.3248920440673828,
1.6298294067382812,
1.8720626831054688,
2.4728775024414062,
2.260923385620117,
1.1250972747802734,
1.3811588287353516,
1.3918876647949219,
2.7399063110351562,
2.198934555053711,
2.4499893188476562,
2.238035202026367,
1.3201236724853516,
0.9388923645019531,
1.7962455749511719,
1.528024673461914,
2.785921096801758,
2.8641223907470703,
1.2619495391845703,
2.6497840881347656,
2.6328563690185547,
1.8038749694824219,
1.4939308166503906,
2.1631717681884766,
2.103090286254883,
1.4450550079345703,
1.8701553344726562,
2.383708953857422,
12.501001358032227,
11.512041091918945,
1.6069412231445312,
1.1739730834960938,
1.4011859893798828,
1.210927963256836,
1.1968612670898438,
1.2922286987304688,
1.4350414276123047,
1.4529228210449219,
1.6851425170898438,
1.5430450439453125,
1.2171268463134766,
2.1209716796875,
2.969026565551758,
3.2393932342529297,
3.1478404998779297,
2.2470951080322266,
3.0651092529296875,
2.650022506713867,
1.7123222351074219,
3.3462047576904297,
2.513885498046875,
3.3178329467773438,
2.5191307067871094,
3.1440258026123047,
2.79998779296875,
1.4309883117675781,
1.2471675872802734,
2.4712085723876953,
2.246856689453125,
5.395174026489258,
5.252838134765625,
2.2079944610595703,
1.750946044921875,
1.7430782318115234,
1.5878677368164062,
1.9218921661376953,
4.034996032714844,
3.9632320404052734,
3.3578872680664062,
1.5931129455566406,
1.5819072723388672,
2.6183128356933594,
2.5169849395751953,
2.0322799682617188,
3.1881332397460938,
2.147674560546875,
1.7230510711669922,
2.0647048950195312,
2.0449161529541016,
18.182039260864258,
16.364097595214844,
15.512704849243164,
2.203226089477539,
1.3577938079833984,
1.3811588287353516,
1.0461807250976562,
0.8759498596191406,
1.1980533599853516,
0.8189678192138672,
1.7709732055664062,
1.6698837280273438,
1.5611648559570312,
1.1029243469238281,
1.1169910430908203,
1.0900497436523438,
1.1289119720458984,
1.2350082397460938,
1.889944076538086,
2.5680065155029297,
1.222848892211914,
1.2369155883789062,
2.146005630493164,
2.126932144165039,
1.435995101928711,
1.2691020965576172,
1.0819435119628906,
2.602100372314453,
3.446817398071289,
1.8711090087890625,
1.1448860168457031,
1.363992691040039,
1.806020736694336,
1.287221908569336,
2.682924270629883,
6.012916564941406,
4.848957061767578,
6.214141845703125,
8.45193862915039,
2.938985824584961,
2.7556419372558594,
2.9790401458740234,
2.3779869079589844,
1.8830299377441406,
1.4989376068115234,
1.483917236328125,
1.7020702362060547,
2.6581287384033203,
1.6303062438964844,
2.6357173919677734,
2.611875534057617,
2.5568008422851562,
1.8320083618164062,
1.6407966613769531,
1.8999576568603516,
1.7940998077392578,
3.531217575073242,
1.766204833984375,
2.4912357330322266,
2.6040077209472656,
1.8711090087890625,
2.5360584259033203,
2.6559829711914062,
17.576217651367188,
0.9357929229736328,
1.4078617095947266,
0.7579326629638672,
0.6039142608642578,
0.6499290466308594,
0.9980201721191406,
0.9739398956298828,
3.9741992950439453,
3.749847412109375,
2.9549598693847656,
2.315044403076172,
2.9489994049072266,
3.977060317993164,
2.254009246826172,
3.918170928955078,
2.6121139526367188,
3.550291061401367,
4.019975662231445,
1.8591880798339844,
2.499818801879883,
12.634992599487305,
1.4240741729736328,
1.1889934539794922,
1.0809898376464844,
0.5810260772705078,
0.6618499755859375,
0.6899833679199219,
1.7478466033935547,
1.4452934265136719,
1.5480518341064453,
1.2867450714111328,
1.600027084350586,
1.3320446014404297,
3.5867691040039062,
3.397703170776367,
2.190113067626953,
2.1131038665771484,
3.448009490966797,
3.348112106323242,
2.413034439086914,
3.4198760986328125,
2.936840057373047,
2.889871597290039,
2.664327621459961,
4.197835922241211,
3.0138492584228516,
3.3371448516845703,
3.5469532012939453,
3.91387939453125,
3.194093704223633,
3.756999969482422,
3.0181407928466797,
8.913755416870117,
8.805274963378906,
2.7577877044677734,
3.4029483795166016,
4.288911819458008,
3.9441585540771484,
1.8999576568603516,
2.593994140625,
2.012968063354492,
2.3741722106933594,
2.4318695068359375,
2.6259422302246094,
3.551006317138672,
3.0341148376464844,
2.9048919677734375,
2.4628639221191406,
1.1551380157470703,
1.33514404296875,
1.2469291687011719,
2.5701522827148438,
1.8019676208496094,
2.2962093353271484,
1.4278888702392578,
0.885009765625,
0.9310245513916016,
1.4030933380126953,
1.2607574462890625,
1.0821819305419922,
0.9939670562744141,
1.3210773468017578,
2.6397705078125,
3.1280517578125,
1.5401840209960938,
4.182100296020508,
6.287813186645508,
2.4979114532470703,
2.3589134216308594,
1.15203857421875,
0.9930133819580078,
1.5110969543457031,
1.2140274047851562,
1.2197494506835938,
2.706289291381836,
1.7018318176269531,
1.2400150299072266,
6.03795051574707,
2.2521018981933594,
1.1811256408691406,
1.024007797241211,
1.5139579772949219,
1.7819404602050781,
1.6210079193115234,
1.150369644165039,
1.0750293731689453,
0.6520748138427734,
0.8132457733154297,
1.9903182983398438,
8.49294662475586,
7.4291229248046875,
8.014202117919922,
1.9309520721435547,
3.350973129272461,
4.477977752685547,
4.122018814086914,
3.667116165161133,
2.2232532501220703,
3.3850669860839844,
2.285003662109375,
2.8111934661865234,
8.391857147216797,
8.103132247924805,
7.498264312744141,
7.912874221801758,
0.8909702301025391,
0.7817745208740234,
0.576019287109375,
0.576019287109375,
0.5481243133544922,
0.5300045013427734,
0.5180835723876953,
0.7572174072265625,
1.0619163513183594,
0.5571842193603516,
0.5779266357421875,
0.5881786346435547,
0.6058216094970703,
0.5481243133544922,
0.6549358367919922,
0.7870197296142578,
1.15203857421875,
0.7731914520263672,
1.1718273162841797,
1.0509490966796875,
1.1742115020751953,
0.7429122924804688,
58.41994285583496,
53.95221710205078,
58.00914764404297,
0.8919239044189453,
1.4719963073730469,
1.5721321105957031,
1.1839866638183594,
1.3301372528076172,
1.54876708984375,
0.6477832794189453,
0.5018711090087891,
0.518798828125,
0.6258487701416016,
0.9207725524902344,
0.7140636444091797,
0.8289813995361328,
0.6258487701416016,
0.5059242248535156,
0.6191730499267578,
0.7071495056152344,
0.4820823669433594,
0.6349086761474609,
0.6031990051269531,
0.5521774291992188,
0.5931854248046875,
0.6940364837646484,
0.8699893951416016,
0.8137226104736328,
0.5481243133544922,
0.7658004760742188,
0.7569789886474609,
0.8497238159179688,
0.8940696716308594,
0.6682872772216797,
0.6997585296630859,
0.7221698760986328,
0.7710456848144531,
0.8609294891357422,
1.318216323852539,
2.0377635955810547,
2.6810169219970703,
2.2988319396972656,
2.521991729736328,
2.5560855865478516,
7.183074951171875,
8.639097213745117,
6.227970123291016,
6.10804557800293,
7.780790328979492,
5.558013916015625,
9.536981582641602,
4.076957702636719,
8.818864822387695,
10.783910751342773,
8.598804473876953,
3.036022186279297,
2.6578903198242188,
3.1859874725341797,
3.0891895294189453,
3.014087677001953,
1.2600421905517578,
2.1927356719970703,
1.8050670623779297,
1.7671585083007812,
1.7561912536621094,
2.190113067626953,
3.065824508666992,
4.287242889404297,
7.035970687866211,
8.977174758911133,
6.491184234619141,
1.7158985137939453,
11.220932006835938,
5.897045135498047,
0.8940696716308594,
0.7009506225585938,
0.7050037384033203,
1.188039779663086,
0.9937286376953125,
1.2018680572509766,
0.7848739624023438,
0.8728504180908203,
0.9250640869140625,
1.1966228485107422,
1.180887222290039,
0.9427070617675781,
1.1038780212402344,
1.5821456909179688,
1.377105712890625,
1.0957717895507812,
1.8918514251708984,
2.025127410888672,
2.7120113372802734,
3.7262439727783203,
3.4830570220947266,
1.3890266418457031,
1.2977123260498047,
4.215240478515625,
3.9110183715820312,
1.8887519836425781,
2.003908157348633,
1.756906509399414,
1.241922378540039,
3.999948501586914,
2.9320716857910156,
1.8050670623779297,
4.624128341674805,
4.102945327758789,
2.7551651000976562,
2.549886703491211,
1.8260478973388672,
2.473115921020508,
2.196788787841797,
3.2138824462890625,
2.7141571044921875,
3.2558441162109375,
2.6700496673583984,
2.8667449951171875,
1.9900798797607422,
3.3779144287109375,
2.8557777404785156,
4.67681884765625,
2.5708675384521484,
3.4461021423339844,
2.817869186401367,
2.833127975463867,
2.5451183319091797,
2.496004104614258,
2.324342727661133,
2.7747154235839844,
2.8841495513916016,
3.3380985260009766,
3.086090087890625,
2.593994140625,
2.5739669799804688,
2.7968883514404297,
2.0170211791992188,
3.835916519165039,
4.942893981933594,
4.387140274047852,
3.814697265625,
2.3093223571777344,
1.6760826110839844,
4.646778106689453,
4.255056381225586,
3.9229393005371094,
5.095720291137695,
4.773139953613281,
1.7337799072265625,
1.9388198852539062,
2.1390914916992188,
2.277851104736328,
2.5751590728759766,
2.1610260009765625,
1.85394287109375,
2.9289722442626953,
4.477977752685547,
5.010843276977539,
1.8079280853271484,
1.6798973083496094,
1.8711090087890625,
1.7647743225097656,
2.5599002838134766,
2.5589466094970703,
2.5370121002197266,
2.1791458129882812,
2.0782947540283203,
1.8012523651123047,
1.5208721160888672,
1.7948150634765625,
2.960205078125,
2.9418468475341797,
3.4508705139160156,
4.192113876342773,
4.677057266235352,
3.083944320678711,
3.203868865966797,
3.173828125,
2.515077590942383,
1.1022090911865234,
1.1630058288574219,
1.425027847290039,
1.032114028930664,
1.4660358428955078,
2.6671886444091797,
2.332925796508789,
2.3741722106933594,
2.0112991333007812,
2.033233642578125,
2.6819705963134766,
3.2281875610351562,
4.209995269775391,
3.8671493530273438,
4.98509407043457,
4.164218902587891,
2.500772476196289,
3.0536651611328125,
3.520965576171875,
4.146814346313477,
3.452777862548828,
3.5741329193115234,
2.161264419555664,
2.0940303802490234,
1.6608238220214844,
1.2290477752685547,
1.1570453643798828,
1.3549327850341797,
1.1529922485351562,
1.6241073608398438,
1.9180774688720703,
1.9059181213378906,
1.5799999237060547,
2.1750926971435547,
2.7036666870117188,
2.2897720336914062,
1.809835433959961,
2.2079944610595703,
1.9671916961669922,
1.2881755828857422,
1.1839866638183594,
1.1010169982910156,
0.8952617645263672,
1.6429424285888672,
1.3959407806396484,
1.4579296112060547,
1.1320114135742188,
1.0917186737060547,
1.0080337524414062,
1.2831687927246094,
1.127004623413086,
1.0800361633300781,
1.1019706726074219,
1.2133121490478516,
1.4328956604003906,
1.8630027770996094,
1.7461776733398438,
1.062154769897461,
0.7679462432861328,
0.9009838104248047,
1.0306835174560547,
0.7359981536865234,
1.0690689086914062,
1.0690689086914062,
1.1539459228515625,
1.1119842529296875,
1.2731552124023438,
1.2710094451904297,
1.6586780548095703,
1.0650157928466797,
1.1138916015625,
2.747774124145508,
1.194000244140625,
1.4507770538330078,
1.4050006866455078,
1.0519027709960938,
1.2600421905517578,
1.1699199676513672,
1.1911392211914062,
1.4281272888183594,
1.5521049499511719,
2.26593017578125,
1.4810562133789062,
2.1200180053710938,
2.062082290649414,
14.052867889404297,
4.803895950317383,
3.9610862731933594,
13.410091400146484,
2.0589828491210938,
1.67083740234375,
2.8810501098632812,
2.5370121002197266,
2.3801326751708984,
2.215862274169922,
4.434108734130859,
1.6071796417236328,
3.2110214233398438,
1.4569759368896484,
2.8252601623535156,
2.8290748596191406,
3.5381317138671875,
1.4040470123291016,
1.0228157043457031,
1.0352134704589844,
1.4939308166503906,
1.171112060546875,
5.932092666625977,
1.3418197631835938,
1.4908313751220703,
1.52587890625,
1.6341209411621094,
1.7070770263671875,
1.8088817596435547,
1.3301372528076172,
1.8439292907714844,
1.482248306274414,
2.785921096801758,
1.561880111694336,
2.4330615997314453,
1.7070770263671875,
1.032114028930664,
1.4159679412841797,
1.0089874267578125,
15.129804611206055,
16.173839569091797,
1.4581680297851562,
3.4291744232177734,
2.794027328491211,
0.6899833679199219,
0.9789466857910156,
0.8718967437744141,
0.7479190826416016,
0.8220672607421875,
0.7991790771484375,
1.730203628540039,
15.084028244018555,
9.856939315795898,
10.173320770263672,
8.744001388549805,
1.2209415435791016,
0.9930133819580078,
0.6289482116699219,
0.6010532379150391,
0.5359649658203125,
4.800081253051758,
3.7581920623779297,
6.675958633422852,
5.321025848388672,
1.6109943389892578,
1.4369487762451172,
1.3000965118408203,
1.4522075653076172,
1.6179084777832031,
1.4128684997558594,
2.025127410888672,
1.9850730895996094,
1.8780231475830078,
2.8498172760009766,
2.168893814086914,
6.899118423461914,
4.842042922973633,
6.479978561401367,
3.818988800048828,
16.28899574279785,
12.681961059570312,
10.561943054199219,
11.451005935668945,
1.4290809631347656,
0.8649826049804688,
0.6122589111328125,
0.6759166717529297,
0.6999969482421875,
2.162933349609375,
2.1219253540039062,
1.3833045959472656,
1.0991096496582031,
1.2290477752685547,
1.2128353118896484,
1.0578632354736328,
1.5368461608886719,
1.1811256408691406,
1.1501312255859375,
0.7281303405761719,
1.4560222625732422,
1.4448165893554688,
1.6980171203613281,
2.4471282958984375,
3.5529136657714844,
2.6471614837646484,
2.1398067474365234,
2.7201175689697266,
3.4418106079101562,
2.0449161529541016,
2.689838409423828,
2.640962600708008,
2.5048255920410156,
2.3849010467529297,
2.810955047607422,
1.7642974853515625,
1.9876956939697266,
2.9020309448242188,
2.460956573486328,
1.9881725311279297,
3.381967544555664,
3.384113311767578,
4.68897819519043,
6.258964538574219,
3.2088756561279297,
3.1280517578125,
2.895832061767578,
1.970052719116211,
2.8908252716064453,
2.814054489135742,
2.824068069458008,
2.547025680541992,
6.226778030395508,
6.806612014770508,
3.888845443725586,
4.555940628051758,
4.557132720947266,
3.0829906463623047,
1.728057861328125,
3.3638477325439453,
3.4220218658447266,
3.9827823638916016,
3.3440589904785156,
3.0922889709472656,
2.0227432250976562,
1.7299652099609375,
1.4729499816894531,
0.7948875427246094,
1.252889633178711,
1.1508464813232422,
1.1091232299804688,
0.7219314575195312,
1.4531612396240234,
1.5990734100341797,
1.5799999237060547,
1.1868476867675781,
1.5439987182617188,
1.653909683227539,
1.405954360961914,
1.2061595916748047,
1.1138916015625,
0.8919239044189453,
0.6883144378662109,
0.8189678192138672,
1.1720657348632812,
1.7170906066894531,
0.8666515350341797,
1.165151596069336,
1.0857582092285156,
0.7662773132324219,
1.0180473327636719,
0.9388923645019531,
1.0311603546142578,
1.0039806365966797,
3.7910938262939453,
3.39508056640625,
3.255128860473633,
1.8169879913330078,
0.8761882781982422,
0.8358955383300781,
0.9140968322753906,
1.3911724090576172,
2.774953842163086,
3.075122833251953,
3.178119659423828,
1.4102458953857422,
1.8320083618164062,
0.7810592651367188,
0.8549690246582031,
0.9379386901855469,
1.0390281677246094,
1.0640621185302734,
1.0380744934082031,
1.1861324310302734,
1.3499259948730469,
1.3322830200195312,
1.4710426330566406,
0.9109973907470703,
1.2679100036621094,
1.215219497680664,
1.2612342834472656,
1.569986343383789,
1.7361640930175781,
1.4338493347167969,
2.1469593048095703,
1.4662742614746094,
1.2481212615966797,
1.2707710266113281,
1.7499923706054688,
1.3532638549804688,
1.6009807586669922,
2.817869186401367,
2.6171207427978516,
1.544952392578125,
2.2420883178710938,
3.4151077270507812,
3.245115280151367,
2.6268959045410156,
2.7761459350585938,
2.5200843811035156,
2.0318031311035156,
2.446889877319336,
2.056121826171875,
6.478071212768555,
6.355047225952148,
4.222869873046875,
3.699064254760742,
3.963947296142578,
2.804994583129883,
1.725912094116211,
1.2769699096679688,
1.3523101806640625,
1.5759468078613281,
1.3880729675292969,
8.702993392944336,
8.42595100402832,
3.8111209869384766,
3.3049583435058594,
3.737926483154297,
4.189252853393555,
2.732992172241211,
2.553224563598633,
1.5711784362792969,
1.3298988342285156,
1.2319087982177734,
1.1582374572753906,
2.2542476654052734,
2.454996109008789,
3.1130313873291016,
2.2857189178466797,
2.657175064086914,
2.212047576904297,
1.8260478973388672,
2.5517940521240234,
3.5572052001953125,
2.1331310272216797,
2.512216567993164,
1.889944076538086,
2.474069595336914,
3.468036651611328,
2.216815948486328,
2.3698806762695312,
2.3610591888427734,
2.0139217376708984,
2.6502609252929688,
2.3369789123535156,
3.5169124603271484,
2.2377967834472656,
1.7769336700439453,
1.4698505401611328,
1.6970634460449219,
1.9998550415039062,
1.9459724426269531,
2.0220279693603516,
2.0227432250976562,
2.5529861450195312,
2.468109130859375,
2.167940139770508,
3.0362606048583984,
4.827737808227539,
2.725839614868164,
2.0279884338378906,
1.6820430755615234,
4.389762878417969,
4.186153411865234,
3.2050609588623047,
3.0388832092285156,
2.061128616333008,
1.9910335540771484,
1.9080638885498047,
1.8448829650878906,
1.8761157989501953,
2.483844757080078,
1.8088817596435547,
1.806020736694336,
2.176046371459961,
1.9922256469726562,
4.175901412963867,
2.8378963470458984,
2.301931381225586,
1.985788345336914,
2.1009445190429688,
1.7163753509521484,
2.026081085205078,
2.156972885131836,
2.0771026611328125,
2.444028854370117,
2.742767333984375,
3.4720897674560547,
2.0580291748046875,
3.3233165740966797,
2.1889209747314453,
2.135038375854492,
2.2237300872802734,
1.6970634460449219,
2.916097640991211,
2.7081966400146484,
2.3217201232910156,
2.228975296020508,
3.2510757446289062,
2.7997493743896484,
2.6988983154296875,
1.2102127075195312,
1.8961429595947266,
1.714944839477539,
1.2898445129394531,
1.2798309326171875,
3.4952163696289062,
1.7600059509277344,
3.905057907104492,
3.046751022338867,
1.8749237060546875,
2.161741256713867,
1.9190311431884766,
1.3289451599121094,
1.7940998077392578,
1.5971660614013672,
1.5759468078613281,
1.5759468078613281,
1.5139579772949219,
6.714105606079102,
1.9872188568115234,
1.7709732055664062,
1.6980171203613281,
1.4297962188720703,
1.7859935760498047,
1.8749237060546875,
1.4600753784179688,
1.2612342834472656,
1.2459754943847656,
0.9160041809082031,
1.3539791107177734,
2.2177696228027344,
1.5108585357666016,
1.0023117065429688,
0.9858608245849609,
0.8611679077148438,
0.8292198181152344,
1.2018680572509766,
1.0790824890136719,
1.2202262878417969,
0.9868144989013672,
1.0578632354736328,
1.0380744934082031,
1.0309219360351562,
0.8349418640136719,
0.8442401885986328,
0.6568431854248047,
0.7491111755371094,
0.8282661437988281,
0.7731914520263672,
0.6198883056640625,
9.91201400756836,
9.89532470703125,
8.522987365722656,
8.870840072631836,
6.666898727416992,
4.129648208618164,
10.391712188720703,
0.8451938629150391,
0.6289482116699219,
0.6079673767089844,
0.8208751678466797,
0.9751319885253906,
1.8999576568603516,
0.9808540344238281,
1.7518997192382812,
1.4069080352783203,
0.598907470703125,
0.6582736968994141,
0.8988380432128906,
1.8110275268554688,
8.775949478149414,
2.752065658569336,
2.1619796752929688,
6.031036376953125,
0.6079673767089844,
0.9148120880126953,
0.7848739624023438,
0.7009506225585938,
0.44918060302734375,
1.2271404266357422,
1.5490055084228516,
1.3039112091064453,
0.9400844573974609,
1.5308856964111328,
2.614736557006836,
0.8802413940429688,
0.6878376007080078,
0.4417896270751953,
0.44608116149902344,
9.593725204467773,
11.16490364074707,
12.894868850708008,
11.157035827636719,
0.5819797515869141,
0.5388259887695312,
0.7829666137695312,
0.6220340728759766,
0.6489753723144531,
0.6110668182373047,
0.5278587341308594,
0.5629062652587891,
0.6940364837646484,
1.5501976013183594,
0.7641315460205078,
0.7071495056152344,
0.6389617919921875,
0.5917549133300781,
0.47588348388671875,
0.5102157592773438,
0.7548332214355469,
0.5030632019042969,
0.4947185516357422,
1.5211105346679688,
1.8019676208496094,
1.7850399017333984,
4.673004150390625,
11.282920837402344,
0.6768703460693359,
0.6270408630371094,
0.49877166748046875,
0.5428791046142578,
0.5040168762207031,
0.5080699920654297,
0.4780292510986328,
30.43198585510254,
32.98592567443848,
28.75804901123047,
0.6239414215087891,
0.6561279296875,
0.6079673767089844,
0.6589889526367188,
0.6039142608642578,
0.8127689361572266,
0.7598400115966797,
0.9858608245849609,
0.9050369262695312,
0.7548332214355469,
1.2450218200683594,
1.1792182922363281,
5.87773323059082,
5.800962448120117,
1.3661384582519531,
3.2460689544677734,
3.197908401489258,
7.85517692565918,
2.2721290588378906,
2.209186553955078,
2.8810501098632812,
5.202770233154297,
3.1731128692626953,
16.228199005126953,
1.4758110046386719,
0.8881092071533203,
1.004934310913086,
1.3580322265625,
1.2259483337402344,
0.9741783142089844,
0.8947849273681641,
1.2080669403076172,
1.5959739685058594,
0.9548664093017578,
1.4140605926513672,
1.2607574462890625,
1.1267662048339844,
1.138925552368164,
0.8769035339355469,
1.3620853424072266,
1.0418891906738281,
0.9489059448242188,
1.312255859375,
2.161264419555664,
4.098176956176758,
2.4111270904541016,
1.0900497436523438,
1.0652542114257812,
1.2958049774169922,
1.232147216796875,
1.363992691040039,
0.9210109710693359,
0.8580684661865234,
1.1548995971679688,
1.1229515075683594,
1.705169677734375,
8.594989776611328,
8.668184280395508,
2.794027328491211,
1.2612342834472656,
2.4640560150146484,
2.427816390991211,
1.6720294952392578,
1.585245132446289,
1.9671916961669922,
2.260923385620117,
2.0699501037597656,
2.3512840270996094,
2.0198822021484375,
1.9261837005615234,
1.0859966278076172,
3.0231475830078125,
3.213167190551758,
1.2371540069580078,
1.3470649719238281,
2.332925796508789,
1.476287841796875,
2.5560855865478516,
5.39088249206543,
7.912158966064453,
5.878925323486328,
7.731199264526367,
9.660005569458008,
4.428625106811523,
2.6628971099853516,
4.910707473754883,
4.482030868530273,
4.36091423034668,
3.1900405883789062,
3.7870407104492188,
2.4008750915527344,
1.44195556640625,
1.3720989227294922,
1.1899471282958984,
1.0941028594970703,
1.5850067138671875,
1.5327930450439453,
1.5282630920410156,
1.5790462493896484,
1.1990070343017578,
1.0180473327636719,
0.9009838104248047,
0.8909702301025391,
0.8447170257568359,
1.5590190887451172,
1.5769004821777344,
1.0540485382080078,
1.4400482177734375,
1.4278888702392578,
1.2810230255126953,
1.4231204986572266,
1.3670921325683594,
1.589059829711914,
1.1010169982910156,
1.0590553283691406,
1.016855239868164,
1.6431808471679688,
1.5790462493896484,
1.142740249633789,
3.56292724609375,
3.451824188232422,
2.046823501586914,
1.7540454864501953,
1.0840892791748047,
0.9350776672363281,
1.313924789428711,
1.0597705841064453,
0.9610652923583984,
0.9877681732177734,
1.3120174407958984,
1.6567707061767578,
1.7638206481933594,
1.3580322265625,
1.8379688262939453,
1.0728836059570312,
1.7499923706054688,
1.6868114471435547,
1.600027084350586,
3.1309127807617188,
3.0050277709960938,
2.4137496948242188,
1.3480186462402344,
2.273082733154297,
1.706838607788086,
1.4181137084960938,
