read_latency_ms,write_latency_ms
135.86997985839844,607.7761650085449
140.43593406677246,617.671012878418
137.15791702270508,614.2802238464355
137.06493377685547,606.6880226135254
136.9190216064453,614.1612529754639
136.75880432128906,615.9060001373291
136.77191734313965,607.2142124176025
136.78884506225586,612.2498512268066
136.80315017700195,608.6227893829346
136.80195808410645,607.551097869873
115.18287658691406,605.3667068481445
113.21401596069336,608.7470054626465
115.72408676147461,605.3411960601807
115.01216888427734,626.4028549194336
111.82904243469238,611.7539405822754
112.50185966491699,627.7837753295898
112.06507682800293,607.0680618286133
108.45279693603516,613.4369373321533
114.65096473693848,619.4858551025391
115.31496047973633,612.4138832092285
117.49672889709473,614.6748065948486
114.60185050964355,607.6440811157227
117.85197257995605,615.5331134796143
117.61689186096191,620.0680732727051
113.66605758666992,611.6232872009277
116.14727973937988,626.2259483337402
112.85781860351562,609.9228858947754
115.94796180725098,610.8658313751221
112.87879943847656,611.1400127410889
114.07899856567383,607.6600551605225
112.20884323120117,610.2631092071533
111.42396926879883,611.9639873504639
119.31204795837402,616.2869930267334
121.92273139953613,607.1128845214844
124.81522560119629,614.6397590637207
125.59223175048828,618.983268737793
122.63703346252441,615.2141094207764
120.70178985595703,620.811939239502
127.17008590698242,627.4189949035645
126.93500518798828,610.3379726409912
121.0329532623291,605.6089401245117
119.77124214172363,607.4223518371582
122.09820747375488,609.5242500305176
123.64602088928223,609.7452640533447
137.15720176696777,607.213020324707
125.87499618530273,606.8103313446045
126.40714645385742,607.496976852417
121.02317810058594,618.2079315185547
127.09879875183105,605.384111404419
138.6849880218506,607.6569557189941
137.04204559326172,615.5149936676025
135.48517227172852,607.1579456329346
136.93904876708984,614.5670413970947
129.04596328735352,605.7710647583008
135.13803482055664,604.9239635467529
131.13808631896973,606.2381267547607
133.8670253753662,605.1139831542969
137.18199729919434,607.3191165924072
135.47277450561523,612.1149063110352
136.02209091186523,606.8239212036133
110.34178733825684,621.0761070251465
108.3226203918457,617.5243854522705
123.25406074523926,615.0631904602051
119.7960376739502,610.2049350738525
124.17483329772949,617.6419258117676
118.5309886932373,612.8761768341064
118.95990371704102,608.9468002319336
123.60119819641113,624.2871284484863
115.79298973083496,608.914852142334
123.92401695251465,603.8658618927002
121.54316902160645,611.8268966674805
114.27903175354004,610.1469993591309
117.31815338134766,616.2862777709961
118.62897872924805,606.3790321350098
117.45381355285645,606.8911552429199
118.60108375549316,608.6370944976807
114.33887481689453,606.6579818725586
115.52882194519043,607.874870300293
112.10203170776367,610.7566356658936
115.26179313659668,614.6209239959717
127.02727317810059,608.3672046661377
119.44985389709473,607.5882911682129
113.2960319519043,610.008955001831
107.50532150268555,608.1700325012207
123.95858764648438,623.6228942871094
131.90197944641113,604.625940322876
130.8598518371582,622.0810413360596
126.91617012023926,609.576940536499
129.8990249633789,619.7779178619385
126.43289566040039,607.4690818786621
129.48083877563477,608.875036239624
128.13806533813477,612.0021343231201
130.78713417053223,613.97385597229
108.10494422912598,607.9401969909668
107.59139060974121,607.9859733581543
106.75311088562012,607.3179244995117
107.10597038269043,606.5618991851807
106.4450740814209,609.3897819519043
104.98619079589844,608.3550453186035
107.71369934082031,612.3790740966797
103.58309745788574,616.2221431732178
104.86483573913574,603.7850379943848
104.20107841491699,606.4362525939941
104.02369499206543,606.2381267547607
105.316162109375,606.8918704986572
104.30097579956055,622.3659515380859
105.61013221740723,612.0359897613525
105.80205917358398,633.1541538238525
105.30495643615723,611.0372543334961
105.7591438293457,605.3519248962402
105.58700561523438,608.177900314331
104.72774505615234,626.2960433959961
103.26313972473145,616.0750389099121
103.33800315856934,609.0891361236572
104.3851375579834,628.1909942626953
103.64484786987305,613.8818264007568
103.4548282623291,613.4300231933594
103.34897041320801,605.5970191955566
104.43305969238281,605.9489250183105
103.7449836730957,609.5366477966309
105.40628433227539,606.6627502441406
110.32891273498535,608.5262298583984
104.50196266174316,606.6029071807861
104.91108894348145,615.4181957244873
107.95164108276367,609.0960502624512
114.22586441040039,609.6827983856201
104.2017936706543,611.2082004547119
106.89902305603027,614.4070625305176
109.07864570617676,623.5911846160889
112.83612251281738,613.2261753082275
107.19609260559082,654.3190479278564
104.95877265930176,609.3959808349609
111.17172241210938,621.4072704315186
104.64096069335938,604.8429012298584
104.83503341674805,630.3379535675049
105.3929328918457,616.3220405578613
105.9720516204834,609.4467639923096
106.47392272949219,609.6220016479492
104.42495346069336,603.938102722168
104.19893264770508,618.3440685272217
106.37903213500977,604.3257713317871
105.38792610168457,633.1708431243896
106.15801811218262,622.6270198822021
106.58478736877441,607.4349880218506
106.49394989013672,617.185115814209
105.15689849853516,606.6670417785645
106.23884201049805,616.8701648712158
106.05597496032715,611.0148429870605
106.05001449584961,609.7559928894043
106.48822784423828,604.4847965240479
106.18281364440918,620.7060813903809
105.18074035644531,607.4869632720947
105.17716407775879,616.6107654571533
104.86483573913574,614.4809722900391
105.0407886505127,618.1707382202148
105.09300231933594,608.4158420562744
104.34079170227051,606.7047119140625
104.33101654052734,606.5599918365479
110.13484001159668,618.7171936035156
106.64868354797363,636.962890625
111.13214492797852,610.5608940124512
108.94417762756348,617.9001331329346
110.66126823425293,608.0996990203857
110.64505577087402,614.793062210083
114.38369750976562,611.1459732055664
114.41302299499512,606.011152267456
108.26802253723145,617.0639991760254
108.43110084533691,608.2260608673096
112.78104782104492,606.1649322509766
108.48069190979004,610.3250980377197
111.79590225219727,646.1830139160156
113.09504508972168,618.7529563903809
111.41395568847656,615.4491901397705
109.26485061645508,610.1782321929932
107.96284675598145,608.3619594573975
106.4138412475586,654.5920372009277
105.9720516204834,646.2581157684326
129.896879196167,608.6111068725586
126.7709732055664,606.5411567687988
136.19208335876465,608.4630489349365
125.50616264343262,613.0099296569824
134.10305976867676,614.5780086517334
128.67140769958496,609.3120574951172
132.08508491516113,606.0328483581543
133.13889503479004,604.9273014068604
126.6477108001709,607.7570915222168
131.96301460266113,604.8829555511475
133.6379051208496,620.9909915924072
136.62290573120117,608.856201171875
136.63387298583984,621.1681365966797
132.01475143432617,632.9889297485352
128.5839080810547,606.0662269592285
147.50099182128906,627.42018699646
146.70705795288086,605.5312156677246
140.89608192443848,608.666181564331
143.58830451965332,604.895830154419
121.16503715515137,605.9250831604004
114.14718627929688,605.6559085845947
127.06613540649414,604.9060821533203
127.5169849395752,610.5000972747803
125.96607208251953,604.8331260681152
126.98078155517578,603.5518646240234
126.66916847229004,612.062931060791
127.87580490112305,604.14719581604
126.84893608093262,604.6321392059326
128.81779670715332,606.7662239074707
128.19361686706543,608.7589263916016
127.85005569458008,604.6972274780273
127.1817684173584,605.910062789917
120.86606025695801,604.1967868804932
130.48887252807617,608.1469058990479
120.9859848022461,606.4717769622803
129.0299892425537,606.2610149383545
130.60879707336426,603.6946773529053
131.67786598205566,604.2542457580566
110.00919342041016,607.8641414642334
113.53802680969238,612.5812530517578
114.32814598083496,606.1840057373047
115.46707153320312,606.2369346618652
112.78319358825684,604.4270992279053
111.65094375610352,604.428768157959
113.9230728149414,604.4671535491943
113.32106590270996,605.133056640625
115.0667667388916,603.752851486206
117.52986907958984,606.2111854553223
116.40501022338867,603.6138534545898
113.13104629516602,606.5430641174316
116.41430854797363,606.2829494476318
112.78820037841797,608.7157726287842
113.62695693969727,605.2370071411133
119.63105201721191,607.3248386383057
124.0231990814209,605.4069995880127
112.32209205627441,608.2031726837158
113.03496360778809,607.1727275848389
114.50695991516113,708.6799144744873
108.84380340576172,619.5430755615234
109.97509956359863,623.2380867004395
108.24918746948242,606.9800853729248
108.31785202026367,605.825662612915
110.9311580657959,605.67307472229
108.6580753326416,608.0069541931152
110.58926582336426,
110.54015159606934,
107.67602920532227,
105.72409629821777,
111.78803443908691,
109.04717445373535,
114.1960620880127,
111.77182197570801,
113.2509708404541,
111.6020679473877,
112.89787292480469,
111.35411262512207,
112.04910278320312,
115.76390266418457,
118.89791488647461,
117.51174926757812,
117.18988418579102,
118.34502220153809,
119.51494216918945,
136.22689247131348,
136.89398765563965,
136.62171363830566,
136.5978717803955,
138.228178024292,
107.67912864685059,
108.83688926696777,
111.46903038024902,
107.76591300964355,
108.33096504211426,
111.9070053100586,
107.72299766540527,
109.69901084899902,
107.70297050476074,
109.21978950500488,
109.21406745910645,
110.61501502990723,
109.18498039245605,
107.94496536254883,
105.76105117797852,
104.84719276428223,
108.90531539916992,
106.85372352600098,
107.28073120117188,
107.78617858886719,
108.18696022033691,
109.79318618774414,
109.2371940612793,
108.34908485412598,
107.1479320526123,
105.62896728515625,
106.58693313598633,
105.56793212890625,
104.3860912322998,
105.93628883361816,
106.23693466186523,
106.29105567932129,
108.18719863891602,
109.50016975402832,
109.19499397277832,
108.4299087524414,
108.89220237731934,
110.30197143554688,
111.30762100219727,
111.19675636291504,
111.16862297058105,
113.83891105651855,
112.48898506164551,
111.84525489807129,
109.26008224487305,
110.10313034057617,
113.11507225036621,
113.73281478881836,
116.51182174682617,
107.93018341064453,
109.11369323730469,
117.02513694763184,
108.11018943786621,
105.76105117797852,
107.22684860229492,
104.87985610961914,
104.36105728149414,
105.39889335632324,
106.46605491638184,
106.16588592529297,
109.67302322387695,
108.61897468566895,
107.33389854431152,
105.36503791809082,
106.98103904724121,
105.5459976196289,
107.08904266357422,
108.62016677856445,
109.50613021850586,
110.18085479736328,
109.79819297790527,
107.48004913330078,
112.10298538208008,
110.89086532592773,
109.0230941772461,
113.02876472473145,
109.06982421875,
110.22782325744629,
109.83920097351074,
110.87894439697266,
111.67097091674805,
112.68305778503418,
113.15417289733887,
110.21685600280762,
109.12585258483887,
107.40995407104492,
106.61911964416504,
106.38213157653809,
106.9190502166748,
105.8812141418457,
107.98907279968262,
105.2541732788086,
107.84626007080078,
108.9792251586914,
108.32810401916504,
105.27300834655762,
107.75613784790039,
106.90689086914062,
109.05909538269043,
110.91208457946777,
108.54291915893555,
105.40008544921875,
108.69288444519043,
107.01274871826172,
109.93528366088867,
110.53800582885742,
112.80107498168945,
110.57209968566895,
109.84373092651367,
106.16922378540039,
106.83226585388184,
107.05208778381348,
107.06090927124023,
108.51883888244629,
108.0470085144043,
106.72378540039062,
103.80792617797852,
106.36115074157715,
106.92310333251953,
107.64312744140625,
104.88295555114746,
103.66201400756836,
106.33397102355957,
107.83982276916504,
107.25116729736328,
106.89401626586914,
105.92889785766602,
104.82287406921387,
107.5599193572998,
105.15785217285156,
107.8042984008789,
107.41186141967773,
112.2429370880127,
117.58804321289062,
117.38801002502441,
115.65494537353516,
111.15384101867676,
118.35503578186035,
113.89517784118652,
112.67590522766113,
110.8551025390625,
105.10396957397461,
108.05606842041016,
116.18590354919434,
112.27607727050781,
117.02299118041992,
104.46906089782715,
105.28802871704102,
102.81801223754883,
103.56593132019043,
102.77104377746582,
105.67378997802734,
105.03411293029785,
103.79791259765625,
105.37886619567871,
104.45690155029297,
103.43408584594727,
104.85196113586426,
106.84800148010254,
105.3171157836914,
103.23786735534668,
105.54075241088867,
103.34324836730957,
103.88302803039551,
103.95216941833496,
105.31830787658691,
105.26418685913086,
105.22818565368652,
104.39491271972656,
105.98611831665039,
104.64787483215332,
104.18105125427246,
105.85808753967285,
104.48265075683594,
105.06486892700195,
105.74507713317871,
104.79617118835449,
106.7349910736084,
107.05304145812988,
104.27379608154297,
107.31291770935059,
105.82208633422852,
105.6509017944336,
107.06305503845215,
108.26277732849121,
114.95304107666016,
113.32821846008301,
113.25311660766602,
109.54689979553223,
107.35011100769043,
113.08002471923828,
116.35303497314453,
114.84813690185547,
117.63405799865723,
109.01618003845215,
112.21718788146973,
119.5981502532959,
112.46180534362793,
118.24512481689453,
117.27714538574219,
118.90673637390137,
112.95509338378906,
116.65201187133789,
149.2021083831787,
155.71117401123047,
154.36697006225586,
149.2149829864502,
153.4750461578369,
140.31529426574707,
155.09605407714844,
106.5819263458252,
105.61370849609375,
109.87186431884766,
141.33501052856445,
121.65403366088867,
117.57683753967285,
142.63033866882324,
121.08612060546875,
129.60577011108398,
124.05991554260254,
108.8860034942627,
108.27112197875977,
109.39502716064453,
108.97278785705566,
142.68207550048828,
109.17878150939941,
107.16009140014648,
110.4278564453125,
109.52401161193848,
110.15105247497559,
104.57515716552734,
110.59713363647461,
110.5189323425293,
108.55698585510254,
106.82892799377441,
106.3239574432373,
107.80000686645508,
108.69669914245605,
109.98678207397461,
113.45696449279785,
106.57000541687012,
121.50907516479492,
122.50900268554688,
122.03764915466309,
118.30592155456543,
118.63183975219727,
124.2210865020752,
124.90606307983398,
122.83205986022949,
124.77588653564453,
123.26574325561523,
123.78716468811035,
109.9698543548584,
108.52932929992676,
109.52377319335938,
108.27183723449707,
109.00497436523438,
108.14619064331055,
106.3380241394043,
106.54115676879883,
105.70216178894043,
106.96196556091309,
106.66418075561523,
106.97221755981445,
105.91793060302734,
109.18307304382324,
108.46304893493652,
109.50422286987305,
109.39693450927734,
107.78093338012695,
105.6680679321289,
106.54997825622559,
107.06615447998047,
105.93104362487793,
108.5958480834961,
108.30903053283691,
108.57295989990234,
103.65080833435059,
107.76495933532715,
103.66368293762207,
103.58190536499023,
104.46906089782715,
103.10196876525879,
103.92975807189941,
102.6771068572998,
104.68602180480957,
103.99675369262695,
102.48899459838867,
108.1993579864502,
108.03604125976562,
104.47502136230469,
105.15308380126953,
103.5468578338623,
104.86817359924316,
105.69596290588379,
103.15680503845215,
105.32617568969727,
105.39698600769043,
106.85491561889648,
108.27922821044922,
106.76813125610352,
107.3460578918457,
107.9549789428711,
109.36188697814941,
105.20410537719727,
106.7202091217041,
105.62014579772949,
104.93111610412598,
107.08808898925781,
107.02681541442871,
106.32991790771484,
108.51001739501953,
106.5061092376709,
113.72017860412598,
113.63577842712402,
105.09777069091797,
105.44204711914062,
112.27583885192871,
112.5030517578125,
113.80195617675781,
105.97491264343262,
107.23495483398438,
113.65222930908203,
113.71898651123047,
108.52408409118652,
109.95197296142578,
104.41088676452637,
106.18114471435547,
104.57921028137207,
105.97085952758789,
105.4389476776123,
108.29615592956543,
109.06219482421875,
109.93194580078125,
108.98399353027344,
105.42511940002441,
104.69913482666016,
106.18424415588379,
104.35819625854492,
110.63194274902344,
111.20009422302246,
108.7498664855957,
112.24484443664551,
110.08501052856445,
111.84525489807129,
108.02102088928223,
106.98294639587402,
107.80692100524902,
113.22808265686035,
111.19794845581055,
109.91215705871582,
106.1561107635498,
105.80182075500488,
107.63716697692871,
108.612060546875,
112.55502700805664,
113.71111869812012,
111.11783981323242,
112.24603652954102,
113.55805397033691,
111.03606224060059,
110.69416999816895,
110.05997657775879,
115.22603034973145,
112.79892921447754,
109.79604721069336,
104.80594635009766,
106.06098175048828,
104.89320755004883,
107.06281661987305,
104.7971248626709,
108.43324661254883,
104.9048900604248,
105.87811470031738,
104.88295555114746,
109.05098915100098,
110.43691635131836,
109.15994644165039,
106.7349910736084,
106.00018501281738,
105.80110549926758,
107.44285583496094,
106.61506652832031,
107.32388496398926,
109.18092727661133,
106.83488845825195,
107.42807388305664,
105.32283782958984,
104.09188270568848,
104.60090637207031,
106.2169075012207,
105.25012016296387,
113.50393295288086,
128.24130058288574,
127.83265113830566,
113.59500885009766,
114.16101455688477,
123.11124801635742,
127.73823738098145,
127.46810913085938,
124.53198432922363,
121.10781669616699,
125.74315071105957,
125.36311149597168,
116.18995666503906,
122.9701042175293,
128.9389133453369,
105.29899597167969,
104.47978973388672,
103.24907302856445,
106.11605644226074,
108.65306854248047,
106.76383972167969,
106.50181770324707,
108.83116722106934,
104.97903823852539,
106.32872581481934,
107.91230201721191,
106.80174827575684,
111.99307441711426,
109.22002792358398,
114.75872993469238,
115.64207077026367,
115.5400276184082,
112.36286163330078,
111.90199851989746,
112.44702339172363,
115.79012870788574,
103.23143005371094,
103.87897491455078,
104.80713844299316,
107.67292976379395,
110.24689674377441,
107.27810859680176,
104.38394546508789,
107.09500312805176,
108.60371589660645,
105.84282875061035,
105.37981986999512,
106.89306259155273,
110.54396629333496,
105.44204711914062,
105.80682754516602,
130.3868293762207,
106.28318786621094,
107.36989974975586,
110.77404022216797,
104.03776168823242,
104.00700569152832,
101.8519401550293,
104.01105880737305,
104.90083694458008,
126.64294242858887,
125.27322769165039,
105.2560806274414,
112.3509407043457,
113.9521598815918,
110.92400550842285,
110.04281044006348,
114.35699462890625,
114.43090438842773,
113.87515068054199,
125.55480003356934,
112.64991760253906,
113.6019229888916,
123.19278717041016,
114.41707611083984,
113.2059097290039,
108.19101333618164,
108.90603065490723,
107.80119895935059,
107.12218284606934,
109.36212539672852,
106.94217681884766,
110.3811264038086,
108.33501815795898,
110.16511917114258,
112.43581771850586,
110.56900024414062,
112.52880096435547,
109.85708236694336,
112.51282691955566,
107.12909698486328,
108.38699340820312,
109.11917686462402,
109.67683792114258,
109.42482948303223,
108.72125625610352,
110.34321784973145,
109.82918739318848,
104.5370101928711,
105.52716255187988,
107.19513893127441,
106.82296752929688,
108.6282730102539,
108.82091522216797,
109.51685905456543,
110.21995544433594,
109.70711708068848,
109.86113548278809,
110.86797714233398,
111.49287223815918,
110.69273948669434,
110.02993583679199,
109.96818542480469,
109.98773574829102,
110.46338081359863,
110.45217514038086,
111.89818382263184,
112.41507530212402,
108.3838939666748,
109.1310977935791,
109.93194580078125,
110.58187484741211,
110.60810089111328,
114.50600624084473,
115.12184143066406,
115.74411392211914,
115.81683158874512,
110.63003540039062,
116.4400577545166,
114.24517631530762,
111.4199161529541,
112.20407485961914,
118.12281608581543,
116.10984802246094,
119.16184425354004,
117.12503433227539,
113.27385902404785,
117.02394485473633,
105.3311824798584,
104.12168502807617,
106.98914527893066,
106.97603225708008,
108.91008377075195,
104.9809455871582,
111.33885383605957,
111.08922958374023,
113.01803588867188,
112.08391189575195,
115.24605751037598,
112.4422550201416,
118.0119514465332,
115.1728630065918,
117.97595024108887,
120.29314041137695,
121.31118774414062,
117.32721328735352,
115.45610427856445,
117.38276481628418,
104.88295555114746,
104.46691513061523,
105.4379940032959,
105.81827163696289,
112.55383491516113,
108.64400863647461,
109.80391502380371,
106.05788230895996,
105.87406158447266,
110.27097702026367,
110.29291152954102,
108.25395584106445,
107.75876045227051,
110.23998260498047,
106.39309883117676,
108.60800743103027,
116.96815490722656,
109.98702049255371,
110.39996147155762,
104.65788841247559,
102.82087326049805,
104.29620742797852,
108.57415199279785,
108.16812515258789,
119.11606788635254,
118.86215209960938,
105.30519485473633,
105.54814338684082,
105.5600643157959,
115.80014228820801,
116.82915687561035,
117.30408668518066,
115.0350570678711,
110.19396781921387,
117.13194847106934,
121.17624282836914,
120.69296836853027,
120.65672874450684,
119.69876289367676,
117.64097213745117,
118.76988410949707,
115.91911315917969,
114.68195915222168,
117.55108833312988,
121.87385559082031,
122.8170394897461,
121.16885185241699,
122.18809127807617,
122.07293510437012,
122.10798263549805,
105.30996322631836,
104.04396057128906,
103.19995880126953,
102.39481925964355,
103.74784469604492,
103.3017635345459,
112.46395111083984,
115.71931838989258,
116.23024940490723,
108.78491401672363,
113.06905746459961,
116.0118579864502,
105.43203353881836,
115.7529354095459,
113.1441593170166,
112.49995231628418,
115.49687385559082,
111.29975318908691,
114.31288719177246,
117.29216575622559,
113.94405364990234,
102.92887687683105,
104.03704643249512,
103.50489616394043,
105.37481307983398,
104.75802421569824,
110.30101776123047,
105.88312149047852,
103.85799407958984,
103.44219207763672,
104.67410087585449,
103.2261848449707,
104.69698905944824,
103.43384742736816,
104.7060489654541,
105.56697845458984,
104.85100746154785,
104.55203056335449,
105.18789291381836,
105.28421401977539,
108.16073417663574,
108.24894905090332,
109.23504829406738,
109.57026481628418,
106.22692108154297,
107.23090171813965,
108.44993591308594,
106.52303695678711,
106.8720817565918,
103.15203666687012,
104.05993461608887,
102.24008560180664,
104.2790412902832,
103.46722602844238,
106.11295700073242,
103.58285903930664,
103.76191139221191,
103.61289978027344,
105.13687133789062,
104.00819778442383,
104.7968864440918,
104.03275489807129,
107.68604278564453,
104.22706604003906,
104.48598861694336,
105.02076148986816,
104.8738956451416,
104.61711883544922,
105.06486892700195,
104.5389175415039,
104.96783256530762,
104.8421859741211,
103.47986221313477,
105.0722599029541,
105.45086860656738,
106.44197463989258,
105.9870719909668,
105.72981834411621,
106.89687728881836,
107.12099075317383,
106.63604736328125,
106.54306411743164,
107.57184028625488,
107.17391967773438,
107.82194137573242,
104.75301742553711,
105.50403594970703,
108.47210884094238,
105.58700561523438,
106.80484771728516,
106.36687278747559,
106.88304901123047,
106.50014877319336,
104.57515716552734,
107.37895965576172,
104.67290878295898,
105.0717830657959,
104.22396659851074,
102.42891311645508,
104.82501983642578,
104.0658950805664,
103.64007949829102,
102.27298736572266,
104.13789749145508,
106.25720024108887,
104.45475578308105,
102.16617584228516,
103.83200645446777,
103.54900360107422,
103.3329963684082,
105.47304153442383,
105.2241325378418,
106.32014274597168,
102.4010181427002,
102.9500961303711,
102.4940013885498,
104.61211204528809,
103.55901718139648,
103.40523719787598,
101.72510147094727,
103.75404357910156,
102.79703140258789,
104.00509834289551,
103.25193405151367,
102.87880897521973,
103.2719612121582,
103.9738655090332,
104.87198829650879,
104.42900657653809,
105.54289817810059,
103.75118255615234,
103.49607467651367,
104.40587997436523,
103.69300842285156,
104.2170524597168,
103.82223129272461,
104.88414764404297,
104.82978820800781,
105.54313659667969,
104.39586639404297,
104.86483573913574,
103.20305824279785,
103.84917259216309,
106.54497146606445,
107.13410377502441,
107.94186592102051,
103.48916053771973,
105.03387451171875,
105.80205917358398,
102.70881652832031,
104.55775260925293,
102.41484642028809,
102.86092758178711,
103.74188423156738,
103.86180877685547,
103.82604598999023,
104.74514961242676,
104.95519638061523,
104.26616668701172,
107.99884796142578,
105.45492172241211,
104.62594032287598,
105.29780387878418,
103.00588607788086,
103.57403755187988,
104.78806495666504,
105.45110702514648,
106.33611679077148,
104.94709014892578,
107.01203346252441,
103.09720039367676,
104.11429405212402,
103.41000556945801,
105.62324523925781,
127.64883041381836,
129.20713424682617,
125.59795379638672,
104.03585433959961,
113.32321166992188,
117.3391342163086,
125.34499168395996,
117.88296699523926,
119.14610862731934,
121.1249828338623,
122.3900318145752,
126.39904022216797,
113.70182037353516,
126.41310691833496,
111.77706718444824,
117.58804321289062,
114.42685127258301,
115.22293090820312,
119.77124214172363,
120.12195587158203,
124.62592124938965,
117.45309829711914,
122.18499183654785,
105.64494132995605,
103.73115539550781,
102.84185409545898,
103.64699363708496,
103.10506820678711,
105.48186302185059,
104.8591136932373,
106.45079612731934,
107.93375968933105,
115.96965789794922,
121.86598777770996,
121.89698219299316,
107.47575759887695,
123.0478286743164,
103.87611389160156,
108.06894302368164,
108.97374153137207,
121.66500091552734,
105.05127906799316,
121.87814712524414,
124.08900260925293,
114.43805694580078,
114.45403099060059,
125.56004524230957,
113.0361557006836,
119.66896057128906,
117.53201484680176,
124.66716766357422,
124.67813491821289,
116.48011207580566,
115.59486389160156,
119.85993385314941,
122.46966361999512,
120.9261417388916,
121.90508842468262,
115.99373817443848,
119.8420524597168,
115.87715148925781,
121.74296379089355,
113.19708824157715,
117.49792098999023,
123.74520301818848,
115.29207229614258,
121.21820449829102,
118.8359260559082,
123.84605407714844,
115.04697799682617,
119.52090263366699,
118.12090873718262,
120.16415596008301,
120.42593955993652,
111.15384101867676,
111.54580116271973,
103.59382629394531,
104.18462753295898,
103.03592681884766,
113.57402801513672,
113.44099044799805,
104.56490516662598,
107.09214210510254,
107.81288146972656,
110.5349063873291,
110.0010871887207,
107.64312744140625,
112.07818984985352,
118.23606491088867,
117.43402481079102,
112.36000061035156,
110.29505729675293,
120.01490592956543,
109.91573333740234,
118.49117279052734,
107.12695121765137,
105.77511787414551,
104.90012168884277,
105.82494735717773,
106.48298263549805,
108.11901092529297,
105.12709617614746,
107.58090019226074,
105.90410232543945,
106.70900344848633,
109.07483100891113,
107.61117935180664,
108.89291763305664,
108.48808288574219,
107.93399810791016,
107.32412338256836,
108.93011093139648,
109.51018333435059,
108.78920555114746,
107.53607749938965,
106.5969467163086,
109.06600952148438,
111.39583587646484,
108.83903503417969,
109.45725440979004,
110.63814163208008,
109.81607437133789,
110.12935638427734,
112.04195022583008,
111.44304275512695,
112.67399787902832,
111.65904998779297,
106.57286643981934,
105.7901382446289,
104.97093200683594,
105.40604591369629,
104.96306419372559,
106.05096817016602,
104.29000854492188,
104.15005683898926,
106.5211296081543,
104.49910163879395,
105.61084747314453,
105.98397254943848,
105.77201843261719,
106.8868637084961,
107.3000431060791,
106.82106018066406,
108.20508003234863,
103.79791259765625,
110.34107208251953,
111.64188385009766,
111.98902130126953,
112.56599426269531,
110.3219985961914,
111.29498481750488,
112.21766471862793,
109.51876640319824,
114.8221492767334,
115.79203605651855,
115.30590057373047,
115.3421401977539,
112.65897750854492,
115.58890342712402,
113.91711235046387,
113.861083984375,
115.58794975280762,
110.55111885070801,
114.46714401245117,
115.99087715148926,
115.60416221618652,
118.34311485290527,
117.2647476196289,
117.7520751953125,
115.15641212463379,
115.19098281860352,
106.56404495239258,
120.35012245178223,
113.8448715209961,
121.19674682617188,
115.38481712341309,
120.10478973388672,
114.55512046813965,
106.03213310241699,
104.83217239379883,
103.84726524353027,
104.43592071533203,
104.11214828491211,
104.7201156616211,
104.50315475463867,
102.61678695678711,
106.87589645385742,
105.4222583770752,
103.7282943725586,
106.19282722473145,
106.98318481445312,
107.65576362609863,
108.80708694458008,
106.0190200805664,
107.61594772338867,
109.15613174438477,
110.9628677368164,
110.99696159362793,
112.3199462890625,
108.94894599914551,
109.70234870910645,
108.39104652404785,
109.03501510620117,
110.03518104553223,
110.70585250854492,
112.21694946289062,
112.80393600463867,
113.30914497375488,
113.81983757019043,
109.52329635620117,
109.78198051452637,
110.59379577636719,
111.4041805267334,
110.55803298950195,
111.97805404663086,
111.72699928283691,
112.64705657958984,
111.00006103515625,
112.62726783752441,
111.66620254516602,
111.3882064819336,
110.1388931274414,
107.53607749938965,
111.37890815734863,
110.10098457336426,
111.10591888427734,
108.51001739501953,
111.89794540405273,
111.85908317565918,
104.07900810241699,
103.66487503051758,
103.86896133422852,
105.07583618164062,
105.88288307189941,
105.26823997497559,
103.82294654846191,
107.88726806640625,
104.70819473266602,
104.69293594360352,
103.0571460723877,
105.36313056945801,
103.14011573791504,
102.59389877319336,
107.79595375061035,
106.95576667785645,
105.96418380737305,
103.86204719543457,
107.56611824035645,
110.35299301147461,
110.39090156555176,
110.02206802368164,
109.99703407287598,
111.60111427307129,
112.31327056884766,
112.08820343017578,
108.02674293518066,
107.41114616394043,
108.34193229675293,
105.38387298583984,
111.35292053222656,
111.37104034423828,
112.10012435913086,
106.14514350891113,
107.01608657836914,
105.19790649414062,
108.61587524414062,
108.2921028137207,
109.82203483581543,
108.93011093139648,
109.83014106750488,
107.21993446350098,
108.24918746948242,
108.154296875,
110.9921932220459,
107.44905471801758,
107.61117935180664,
109.41314697265625,
110.21900177001953,
108.34693908691406,
111.08112335205078,
105.95917701721191,
105.7748794555664,
107.43117332458496,
106.22906684875488,
105.44109344482422,
107.48815536499023,
105.59296607971191,
104.0811538696289,
104.77113723754883,
102.2179126739502,
102.39315032958984,
103.74593734741211,
109.50493812561035,
104.1879653930664,
112.01596260070801,
109.33995246887207,
104.6609878540039,
106.83274269104004,
107.53798484802246,
128.1881332397461,
105.9877872467041,
109.5571517944336,
125.84781646728516,
139.88208770751953,
124.16529655456543,
117.7830696105957,
136.55972480773926,
130.079984664917,
125.20599365234375,
136.40809059143066,
130.7220458984375,
111.0680103302002,
112.15591430664062,
131.5929889678955,
129.64892387390137,
127.70700454711914,
128.05986404418945,
128.41391563415527,
136.55686378479004,
124.4208812713623,
139.16492462158203,
143.2950496673584,
107.70821571350098,
127.17413902282715,
138.43607902526855,
141.71218872070312,
139.1289234161377,
134.28997993469238,
109.38119888305664,
111.64593696594238,
143.84102821350098,
105.9122085571289,
108.11877250671387,
131.00218772888184,
131.73222541809082,
130.00798225402832,
143.28408241271973,
139.65892791748047,
133.10575485229492,
105.36599159240723,
104.97283935546875,
110.65888404846191,
118.34216117858887,
105.08489608764648,
103.12318801879883,
116.7759895324707,
116.1341667175293,
117.9647445678711,
111.31787300109863,
111.48214340209961,
114.501953125,
115.04888534545898,
112.66684532165527,
113.39902877807617,
110.44001579284668,
106.93502426147461,
108.12187194824219,
110.35418510437012,
114.88986015319824,
115.54408073425293,
108.46900939941406,
110.82005500793457,
115.40412902832031,
112.96701431274414,
116.1189079284668,
112.26892471313477,
115.36693572998047,
115.15212059020996,
115.87405204772949,
116.65487289428711,
118.68810653686523,
113.24310302734375,
118.26515197753906,
115.11516571044922,
119.6298599243164,
115.07701873779297,
119.40693855285645,
116.93000793457031,
114.29572105407715,
121.72913551330566,
118.31998825073242,
118.10302734375,
122.53594398498535,
112.46800422668457,
121.18291854858398,
118.10111999511719,
119.63200569152832,
117.0358657836914,
122.04909324645996,
115.9670352935791,
118.0579662322998,
111.11211776733398,
111.69624328613281,
118.92366409301758,
104.28690910339355,
106.94622993469238,
104.20989990234375,
104.3539047241211,
112.70904541015625,
107.61070251464844,
115.47684669494629,
115.56816101074219,
111.66691780090332,
114.20989036560059,
114.25209045410156,
115.63801765441895,
116.72520637512207,
115.87405204772949,
116.61410331726074,
115.29684066772461,
122.82490730285645,
115.38004875183105,
120.67699432373047,
122.71881103515625,
124.9551773071289,
125.0619888305664,
119.83275413513184,
121.8252182006836,
125.83518028259277,
128.59201431274414,
127.34317779541016,
124.32003021240234,
125.86402893066406,
124.61209297180176,
128.20005416870117,
129.29582595825195,
129.11391258239746,
120.65505981445312,
120.7129955291748,
130.08499145507812,
121.64568901062012,
121.03128433227539,
126.10387802124023,
126.80339813232422,
125.05340576171875,
127.90203094482422,
128.33213806152344,
125.38695335388184,
122.21693992614746,
129.13012504577637,
106.62198066711426,
104.37703132629395,
103.37090492248535,
104.05707359313965,
110.22806167602539,
112.99705505371094,
113.63577842712402,
104.39705848693848,
104.49790954589844,
103.16896438598633,
103.69706153869629,
104.5370101928711,
104.61592674255371,
105.51691055297852,
107.88893699645996,
104.94184494018555,
106.67896270751953,
111.81902885437012,
106.32514953613281,
108.83831977844238,
110.19706726074219,
109.81917381286621,
110.40091514587402,
111.11927032470703,
111.59801483154297,
111.10997200012207,
111.04393005371094,
112.9307746887207,
112.81895637512207,
112.69974708557129,
113.24405670166016,
112.80679702758789,
115.53311347961426,
113.91615867614746,
112.05887794494629,
118.19601058959961,
117.24686622619629,
118.86906623840332,
114.55202102661133,
118.54982376098633,
114.52913284301758,
114.35532569885254,
119.69327926635742,
116.91617965698242,
107.9397201538086,
116.37282371520996,
120.35512924194336,
121.07014656066895,
118.99542808532715,
120.31173706054688,
103.77097129821777,
102.53572463989258,
104.52389717102051,
103.3468246459961,
104.27594184875488,
104.62117195129395,
105.50093650817871,
105.07392883300781,
104.04682159423828,
105.75103759765625,
106.02426528930664,
106.07194900512695,
107.11216926574707,
104.20918464660645,
106.05001449584961,
104.67982292175293,
104.51316833496094,
107.70797729492188,
106.18424415588379,
107.87320137023926,
108.3059310913086,
114.1660213470459,
113.30080032348633,
103.01804542541504,
113.83700370788574,
113.44099044799805,
113.08002471923828,
113.75904083251953,
111.74607276916504,
113.42501640319824,
106.3086986541748,
106.36377334594727,
112.26320266723633,
107.9411506652832,
110.7330322265625,
113.6789321899414,
108.34479331970215,
108.88314247131348,
109.42196846008301,
106.97388648986816,
108.23607444763184,
110.49914360046387,
110.08191108703613,
108.93535614013672,
110.15105247497559,
109.94505882263184,
111.8772029876709,
110.73875427246094,
109.03596878051758,
106.7500114440918,
105.43203353881836,
103.01899909973145,
105.02386093139648,
104.1421890258789,
105.83996772766113,
105.29303550720215,
105.51691055297852,
106.92191123962402,
104.39181327819824,
105.30424118041992,
105.3309440612793,
103.78408432006836,
104.11286354064941,
105.49688339233398,
106.42528533935547,
106.61506652832031,
106.02092742919922,
108.99090766906738,
108.18314552307129,
111.58108711242676,
111.39416694641113,
109.27271842956543,
110.69798469543457,
111.53101921081543,
112.50877380371094,
114.45403099060059,
113.64412307739258,
114.20679092407227,
112.77890205383301,
112.1971607208252,
115.81707000732422,
113.94715309143066,
114.52078819274902,
115.07987976074219,
118.33596229553223,
118.87001991271973,
120.06998062133789,
114.84503746032715,
115.32187461853027,
108.56389999389648,
111.95111274719238,
117.4619197845459,
111.63902282714844,
115.56005477905273,
115.55600166320801,
111.73415184020996,
114.82024192810059,
116.10603332519531,
108.89410972595215,
106.34994506835938,
105.71789741516113,
107.76686668395996,
103.73306274414062,
107.01107978820801,
106.66298866271973,
104.48503494262695,
103.06787490844727,
107.60998725891113,
104.04729843139648,
108.37697982788086,
105.0717830657959,
107.25808143615723,
106.24194145202637,
104.63500022888184,
106.24504089355469,
105.18908500671387,
107.64622688293457,
105.15093803405762,
104.82096672058105,
106.56404495239258,
107.43594169616699,
111.19794845581055,
108.15596580505371,
109.99488830566406,
109.24100875854492,
110.0001335144043,
110.85677146911621,
111.63473129272461,
115.2348518371582,
109.63582992553711,
106.37903213500977,
110.4729175567627,
109.77816581726074,
109.43722724914551,
109.92193222045898,
109.60793495178223,
105.75079917907715,
105.76319694519043,
108.71696472167969,
105.97896575927734,
107.22875595092773,
107.37109184265137,
105.71789741516113,
108.1838607788086,
110.26406288146973,
110.43286323547363,
103.98387908935547,
105.18193244934082,
103.12986373901367,
104.31814193725586,
104.21180725097656,
104.3848991394043,
102.65493392944336,
102.99897193908691,
103.86395454406738,
103.03807258605957,
104.45284843444824,
102.05602645874023,
104.39896583557129,
104.35104370117188,
104.77590560913086,
105.46374320983887,
108.22606086730957,
108.19578170776367,
106.24098777770996,
105.49712181091309,
105.95417022705078,
106.89282417297363,
102.97822952270508,
104.85577583312988,
104.53605651855469,
103.84392738342285,
105.50403594970703,
106.06098175048828,
104.93898391723633,
108.26492309570312,
108.9777946472168,
104.72893714904785,
108.89911651611328,
107.18417167663574,
107.70297050476074,
106.3690185546875,
109.35306549072266,
106.35018348693848,
111.42396926879883,
110.2759838104248,
111.67693138122559,
109.21096801757812,
109.04908180236816,
108.2921028137207,
108.36386680603027,
108.14881324768066,
108.15286636352539,
109.36927795410156,
106.02021217346191,
103.9280891418457,
103.41119766235352,
103.18303108215332,
104.29692268371582,
104.88200187683105,
103.01494598388672,
103.81793975830078,
104.49004173278809,
107.2237491607666,
102.86402702331543,
106.04286193847656,
105.85498809814453,
104.2938232421875,
103.05523872375488,
103.30700874328613,
105.18717765808105,
102.97107696533203,
108.50095748901367,
108.16216468811035,
108.62612724304199,
112.67900466918945,
108.85000228881836,
109.36999320983887,
106.01496696472168,
106.40311241149902,
108.80494117736816,
108.6587905883789,
109.25626754760742,
107.13005065917969,
105.50880432128906,
106.87685012817383,
106.5070629119873,
106.8429946899414,
104.6750545501709,
107.51104354858398,
105.84402084350586,
105.17406463623047,
104.85124588012695,
105.34405708312988,
103.22308540344238,
104.99882698059082,
104.26998138427734,
105.68594932556152,
104.6898365020752,
105.21388053894043,
104.28071022033691,
105.49306869506836,
105.90887069702148,
108.98780822753906,
110.70489883422852,
112.94698715209961,
112.53809928894043,
110.61525344848633,
109.41314697265625,
106.4448356628418,
106.13203048706055,
106.2929630279541,
105.98087310791016,
105.03196716308594,
104.83980178833008,
104.80284690856934,
105.34310340881348,
106.02283477783203,
102.89621353149414,
101.76420211791992,
106.07624053955078,
101.60613059997559,
103.02305221557617,
103.50203514099121,
103.48010063171387,
104.90202903747559,
102.80704498291016,
105.11994361877441,
105.83305358886719,
103.56688499450684,
107.31387138366699,
105.09490966796875,
103.32512855529785,
105.48901557922363,
107.55085945129395,
106.59909248352051,
106.16016387939453,
105.09490966796875,
107.15579986572266,
107.68318176269531,
102.89406776428223,
102.04434394836426,
103.33490371704102,
103.3318042755127,
103.32703590393066,
103.23309898376465,
103.4700870513916,
102.13112831115723,
102.48494148254395,
103.0280590057373,
102.08296775817871,
103.4541130065918,
111.1147403717041,
106.93573951721191,
107.3300838470459,
107.88798332214355,
103.68728637695312,
102.88190841674805,
104.53200340270996,
103.29771041870117,
104.77280616760254,
103.11198234558105,
102.69594192504883,
102.67496109008789,
104.09021377563477,
103.31201553344727,
102.59580612182617,
102.95677185058594,
104.3701171875,
103.67798805236816,
105.57079315185547,
103.75499725341797,
102.72979736328125,
103.97911071777344,
103.0890941619873,
102.86712646484375,
102.79107093811035,
103.00207138061523,
103.41095924377441,
103.92594337463379,
103.74188423156738,
104.22682762145996,
103.14488410949707,
102.58007049560547,
102.83112525939941,
103.68728637695312,
103.2719612121582,
103.79481315612793,
103.36112976074219,
102.38289833068848,
104.97093200683594,
102.37622261047363,
105.35573959350586,
102.25892066955566,
102.07104682922363,
103.29604148864746,
103.38687896728516,
102.67996788024902,
101.87578201293945,
102.11873054504395,
102.54788398742676,
103.3928394317627,
103.33013534545898,
102.96964645385742,
102.50115394592285,
104.2318344116211,
103.5001277923584,
104.82406616210938,
103.00874710083008,
103.09004783630371,
102.79989242553711,
104.4609546661377,
105.19790649414062,
103.36804389953613,
102.36120223999023,
102.8909683227539,
105.48090934753418,
104.08806800842285,
104.36391830444336,
102.32400894165039,
105.14187812805176,
102.4789810180664,
103.43503952026367,
104.87198829650879,
104.1562557220459,
103.73091697692871,
103.74021530151367,
105.42893409729004,
104.80785369873047,
103.2259464263916,
105.04031181335449,
105.07678985595703,
105.12280464172363,
103.9130687713623,
104.48098182678223,
104.30097579956055,
104.37178611755371,
104.63094711303711,
104.54225540161133,
102.48017311096191,
102.80394554138184,
103.18899154663086,
103.73187065124512,
104.36487197875977,
103.0430793762207,
103.33895683288574,
102.97966003417969,
102.34904289245605,
103.68990898132324,
102.28705406188965,
103.79481315612793,
103.34992408752441,
103.99007797241211,
104.75397109985352,
106.43196105957031,
106.4910888671875,
106.30297660827637,
102.91194915771484,
103.84511947631836,
106.71305656433105,
102.38409042358398,
103.51705551147461,
104.15101051330566,
104.5389175415039,
104.29906845092773,
104.16293144226074,
105.93891143798828,
103.11770439147949,
104.69198226928711,
106.48512840270996,
106.0020923614502,
107.42926597595215,
107.79428482055664,
108.88481140136719,
108.78729820251465,
103.94811630249023,
106.25314712524414,
107.41305351257324,
103.55114936828613,
106.49490356445312,
106.82201385498047,
105.29088973999023,
108.17289352416992,
105.03768920898438,
109.68208312988281,
106.2781810760498,
106.32705688476562,
102.39100456237793,
104.18415069580078,
103.63602638244629,
103.64818572998047,
103.64985466003418,
104.02989387512207,
104.52985763549805,
103.6221981048584,
103.85394096374512,
104.48288917541504,
104.81524467468262,
104.41279411315918,
104.47502136230469,
108.60896110534668,
108.76274108886719,
106.83989524841309,
104.99119758605957,
105.1790714263916,
106.72831535339355,
107.19704627990723,
104.95471954345703,
103.7130355834961,
105.05795478820801,
104.77280616760254,
105.51095008850098,
105.34882545471191,
105.25178909301758,
105.98611831665039,
110.46409606933594,
105.90505599975586,
104.32314872741699,
107.64694213867188,
108.34622383117676,
106.8730354309082,
107.56111145019531,
113.2960319519043,
113.91305923461914,
105.83090782165527,
106.33516311645508,
107.60188102722168,
107.09786415100098,
106.80198669433594,
109.39288139343262,
107.7427864074707,
106.25791549682617,
106.9650650024414,
107.46979713439941,
111.56082153320312,
111.94372177124023,
104.48694229125977,
102.45203971862793,
102.37479209899902,
103.00803184509277,
103.16610336303711,
105.18503189086914,
104.81834411621094,
103.80792617797852,
105.57007789611816,
106.03213310241699,
106.17613792419434,
103.36613655090332,
106.25600814819336,
105.55386543273926,
105.35812377929688,
105.77774047851562,
103.51991653442383,
107.35201835632324,
104.7220230102539,
105.2999496459961,
108.33311080932617,
106.00137710571289,
106.26506805419922,
104.97426986694336,
105.74984550476074,
105.69620132446289,
108.69002342224121,
113.4500503540039,
111.4041805267334,
108.96468162536621,
110.5649471282959,
110.64314842224121,
109.48705673217773,
106.63557052612305,
109.64202880859375,
110.17608642578125,
110.07809638977051,
109.57789421081543,
113.14702033996582,
104.96115684509277,
113.91806602478027,
115.17786979675293,
114.65883255004883,
113.35492134094238,
115.67091941833496,
111.41824722290039,
110.88895797729492,
116.16182327270508,
112.64896392822266,
102.73003578186035,
103.99103164672852,
103.78003120422363,
103.80005836486816,
103.44314575195312,
106.98580741882324,
104.10213470458984,
103.7290096282959,
105.46374320983887,
104.2330265045166,
105.10110855102539,
106.34183883666992,
107.57207870483398,
105.2708625793457,
105.14998435974121,
105.08012771606445,
103.00111770629883,
105.04579544067383,
104.54607009887695,
103.70206832885742,
104.18581962585449,
105.5901050567627,
106.89878463745117,
105.86094856262207,
109.4350814819336,
110.39900779724121,
106.93717002868652,
110.84222793579102,
109.39311981201172,
110.29505729675293,
111.32621765136719,
107.13601112365723,
107.98478126525879,
106.75311088562012,
109.21597480773926,
104.15983200073242,
108.87908935546875,
106.69517517089844,
107.59687423706055,
105.60894012451172,
106.92882537841797,
106.90498352050781,
106.07218742370605,
106.00996017456055,
105.22079467773438,
106.12297058105469,
106.08410835266113,
104.97617721557617,
103.27696800231934,
105.50594329833984,
103.85799407958984,
103.25098037719727,
104.83813285827637,
102.96106338500977,
104.51817512512207,
107.46908187866211,
104.51197624206543,
103.5761833190918,
104.07400131225586,
104.11310195922852,
107.29408264160156,
106.74691200256348,
109.39383506774902,
105.86905479431152,
106.9190502166748,
108.02507400512695,
106.11510276794434,
105.98897933959961,
107.66887664794922,
103.50799560546875,
103.74093055725098,
105.12590408325195,
104.19201850891113,
106.35805130004883,
106.03213310241699,
108.31522941589355,
108.42013359069824,
105.62586784362793,
107.06615447998047,
104.48074340820312,
104.43711280822754,
104.26902770996094,
106.2309741973877,
104.58207130432129,
105.24487495422363,
105.23176193237305,
105.76009750366211,
104.92682456970215,
106.10103607177734,
107.14912414550781,
105.30686378479004,
104.54201698303223,
105.25679588317871,
104.01487350463867,
103.7912368774414,
104.15410995483398,
104.72989082336426,
103.12771797180176,
102.66971588134766,
104.89797592163086,
105.4840087890625,
103.28483581542969,
103.37090492248535,
105.28302192687988,
105.43417930603027,
103.84106636047363,
104.9950122833252,
107.17296600341797,
106.92906379699707,
107.55085945129395,
105.50904273986816,
105.47924041748047,
105.09419441223145,
103.9879322052002,
105.55481910705566,
103.363037109375,
103.42812538146973,
107.20276832580566,
107.99193382263184,
105.99207878112793,
105.21221160888672,
106.08386993408203,
105.82304000854492,
108.68215560913086,
107.22780227661133,
107.83791542053223,
110.13102531433105,
107.99264907836914,
110.95285415649414,
105.53193092346191,
105.76105117797852,
105.84712028503418,
107.61475563049316,
107.3157787322998,
105.59821128845215,
107.68318176269531,
105.23223876953125,
105.73577880859375,
104.47907447814941,
105.08298873901367,
103.85990142822266,
104.91204261779785,
104.88486289978027,
105.39007186889648,
106.36091232299805,
106.52518272399902,
104.81905937194824,
105.34286499023438,
102.9367446899414,
105.25202751159668,
106.12297058105469,
104.38084602355957,
103.0271053314209,
104.62784767150879,
102.52022743225098,
103.76286506652832,
102.56099700927734,
104.43496704101562,
103.26695442199707,
104.19416427612305,
104.41017150878906,
104.15410995483398,
104.55703735351562,
103.98101806640625,
103.63602638244629,
106.94313049316406,
107.17201232910156,
107.77401924133301,
104.59589958190918,
107.0709228515625,
107.13005065917969,
105.60011863708496,
109.65895652770996,
105.7589054107666,
104.91728782653809,
104.19106483459473,
106.4150333404541,
105.05986213684082,
104.31432723999023,
105.18693923950195,
106.5678596496582,
105.44514656066895,
104.93803024291992,
104.49004173278809,
105.79681396484375,
106.35805130004883,
105.95083236694336,
106.07528686523438,
107.55395889282227,
108.32691192626953,
106.70804977416992,
107.54895210266113,
107.60092735290527,
104.58207130432129,
103.21784019470215,
104.6750545501709,
106.63723945617676,
105.98397254943848,
108.10685157775879,
108.24394226074219,
102.87308692932129,
103.87802124023438,
109.01618003845215,
107.55085945129395,
104.95519638061523,
103.0728816986084,
103.11007499694824,
104.27474975585938,
105.21697998046875,
107.62691497802734,
103.90114784240723,
102.25677490234375,
103.61289978027344,
103.77621650695801,
111.09614372253418,
112.42175102233887,
114.53700065612793,
104.04086112976074,
107.1019172668457,
105.95488548278809,
104.25281524658203,
107.17606544494629,
108.03604125976562,
110.32700538635254,
109.61508750915527,
110.5189323425293,
110.34965515136719,
108.25800895690918,
107.82289505004883,
108.26373100280762,
112.56003379821777,
107.0411205291748,
107.75399208068848,
113.04402351379395,
111.4339828491211,
104.12168502807617,
111.35196685791016,
111.82093620300293,
108.01100730895996,
110.4271411895752,
104.64906692504883,
105.7281494140625,
106.3079833984375,
103.88708114624023,
102.65707969665527,
104.20036315917969,
104.20417785644531,
107.0101261138916,
104.85696792602539,
109.35306549072266,
111.52911186218262,
104.77066040039062,
105.50808906555176,
104.9051284790039,
108.95609855651855,
104.61115837097168,
103.9729118347168,
108.93988609313965,
104.15291786193848,
103.74188423156738,
107.96213150024414,
105.55005073547363,
107.23996162414551,
109.85803604125977,
120.63908576965332,
121.50192260742188,
112.60795593261719,
110.75305938720703,
116.6830062866211,
117.08283424377441,
115.27204513549805,
110.22520065307617,
116.9731616973877,
125.67687034606934,
118.32118034362793,
105.49402236938477,
107.54609107971191,
107.13911056518555,
107.48004913330078,
105.60488700866699,
106.66990280151367,
104.53987121582031,
103.43599319458008,
104.35080528259277,
103.7900447845459,
103.51896286010742,
104.59709167480469,
103.04808616638184,
103.87301445007324,
103.76381874084473,
105.93104362487793,
105.85594177246094,
105.25393486022949,
104.76803779602051,
104.66599464416504,
104.11620140075684,
118.51310729980469,
121.22392654418945,
120.85127830505371,
109.81392860412598,
107.85913467407227,
118.17288398742676,
122.00069427490234,
108.89291763305664,
117.65408515930176,
137.65501976013184,
137.5291347503662,
129.35471534729004,
138.51332664489746,
126.69897079467773,
139.73569869995117,
106.38594627380371,
138.0469799041748,
138.9622688293457,
127.69293785095215,
123.61502647399902,
123.03805351257324,
139.53900337219238,
129.74190711975098,
136.5370750427246,
130.53417205810547,
133.62407684326172,
137.5579833984375,
134.88101959228516,
135.2980136871338,
132.96222686767578,
136.27886772155762,
141.53003692626953,
136.84797286987305,
141.69716835021973,
128.53097915649414,
135.15901565551758,
142.47512817382812,
142.2102451324463,
143.2352066040039,
143.07904243469238,
137.36987113952637,
143.53299140930176,
137.81499862670898,
140.29812812805176,
139.26410675048828,
138.04197311401367,
139.10293579101562,
139.3749713897705,
140.7938003540039,
140.05708694458008,
139.9402618408203,
105.65924644470215,
146.52109146118164,
155.51996231079102,
153.95593643188477,
118.86119842529297,
120.64003944396973,
155.71093559265137,
156.36110305786133,
121.52719497680664,
113.22689056396484,
155.5490493774414,
122.80607223510742,
159.93213653564453,
103.07979583740234,
104.81882095336914,
104.75802421569824,
104.4459342956543,
117.54989624023438,
117.18130111694336,
118.25418472290039,
113.40498924255371,
114.95614051818848,
120.02205848693848,
117.68507957458496,
116.71996116638184,
119.89498138427734,
121.06800079345703,
115.21601676940918,
116.73116683959961,
115.5710220336914,
121.41799926757812,
125.81229209899902,
121.71483039855957,
119.34685707092285,
114.76612091064453,
115.79394340515137,
122.13826179504395,
123.44098091125488,
124.98879432678223,
121.34289741516113,
126.56283378601074,
122.77364730834961,
123.97909164428711,
125.91981887817383,
123.8100528717041,
120.73111534118652,
111.53721809387207,
115.25988578796387,
117.75898933410645,
116.06717109680176,
104.31981086730957,
104.40707206726074,
105.75389862060547,
104.73299026489258,
105.37886619567871,
105.21221160888672,
106.11200332641602,
104.73918914794922,
108.23822021484375,
105.8347225189209,
108.43491554260254,
109.1301441192627,
104.06494140625,
106.56905174255371,
107.78403282165527,
111.6337776184082,
113.94190788269043,
110.35704612731934,
117.25902557373047,
112.72692680358887,
111.73009872436523,
110.71920394897461,
113.17300796508789,
112.86091804504395,
114.50791358947754,
114.10880088806152,
111.5579605102539,
113.9981746673584,
111.73009872436523,
113.19971084594727,
108.85405540466309,
109.30991172790527,
108.05416107177734,
109.98773574829102,
112.08987236022949,
115.04006385803223,
113.05069923400879,
111.51885986328125,
113.12103271484375,
111.6328239440918,
110.69488525390625,
111.76490783691406,
116.0879135131836,
109.97509956359863,
106.20594024658203,
105.89098930358887,
107.15413093566895,
107.45716094970703,
107.03110694885254,
108.22010040283203,
108.81400108337402,
105.07893562316895,
107.01894760131836,
106.28581047058105,
107.07402229309082,
107.77497291564941,
105.83877563476562,
105.82089424133301,
104.21609878540039,
104.9189567565918,
103.5299301147461,
104.24661636352539,
105.30900955200195,
106.60576820373535,
104.42495346069336,
108.81471633911133,
110.70799827575684,
106.40621185302734,
107.32913017272949,
109.76004600524902,
109.49563980102539,
110.77690124511719,
112.07103729248047,
111.10401153564453,
112.36977577209473,
112.36000061035156,
113.41381072998047,
110.5031967163086,
114.37678337097168,
114.03417587280273,
112.18500137329102,
111.42396926879883,
113.65389823913574,
111.13595962524414,
111.89889907836914,
110.77094078063965,
112.19000816345215,
112.25104331970215,
114.23778533935547,
112.27011680603027,
114.65597152709961,
109.24816131591797,
104.57277297973633,
105.27300834655762,
107.21802711486816,
105.86714744567871,
108.03389549255371,
104.40397262573242,
105.32784461975098,
108.37125778198242,
104.04491424560547,
105.20291328430176,
105.30400276184082,
107.35273361206055,
107.93209075927734,
108.38174819946289,
109.38596725463867,
109.38692092895508,
105.32498359680176,
106.49704933166504,
106.54520988464355,
108.00695419311523,
106.89401626586914,
111.87601089477539,
111.74798011779785,
111.00602149963379,
111.86909675598145,
111.94181442260742,
112.78319358825684,
109.24005508422852,
113.24000358581543,
111.70291900634766,
114.87674713134766,
113.59500885009766,
116.7149543762207,
112.55097389221191,
116.70184135437012,
114.32981491088867,
114.14718627929688,
116.74118041992188,
110.69798469543457,
110.56113243103027,
118.64709854125977,
115.73123931884766,
112.71214485168457,
113.1587028503418,
116.91904067993164,
115.97895622253418,
120.6209659576416,
117.88392066955566,
105.83877563476562,
102.67186164855957,
105.2560806274414,
105.09800910949707,
103.14202308654785,
103.47509384155273,
105.38578033447266,
103.74712944030762,
104.33292388916016,
106.3539981842041,
106.2629222869873,
105.2861213684082,
105.22603988647461,
105.42917251586914,
105.90100288391113,
105.35717010498047,
104.3860912322998,
103.70826721191406,
106.83417320251465,
102.93889045715332,
104.5379638671875,
104.33411598205566,
104.60329055786133,
103.86300086975098,
107.56301879882812,
110.45312881469727,
109.87591743469238,
110.89777946472168,
110.33916473388672,
110.26501655578613,
107.54776000976562,
106.58574104309082,
111.70291900634766,
112.63418197631836,
108.57486724853516,
110.25118827819824,
112.18094825744629,
108.32881927490234,
107.24711418151855,
109.80606079101562,
115.13400077819824,
111.4201545715332,
112.18714714050293,
110.75615882873535,
110.42213439941406,
107.21182823181152,
116.95408821105957,
112.41722106933594,
111.8459701538086,
110.21304130554199,
108.85095596313477,
110.57305335998535,
106.9650650024414,
109.91406440734863,
107.7420711517334,
108.14118385314941,
111.40084266662598,
107.66077041625977,
103.81317138671875,
106.66322708129883,
106.59503936767578,
105.47614097595215,
102.17499732971191,
104.7201156616211,
103.99818420410156,
104.48384284973145,
104.76517677307129,
108.22391510009766,
104.97117042541504,
106.71687126159668,
105.40390014648438,
104.37703132629395,
104.23398017883301,
106.23908042907715,
113.79814147949219,
115.14091491699219,
115.0960922241211,
116.41383171081543,
117.22898483276367,
115.8301830291748,
113.86489868164062,
117.51294136047363,
114.68005180358887,
115.53478240966797,
112.01977729797363,
114.8989200592041,
116.83893203735352,
113.3890151977539,
113.11197280883789,
116.55187606811523,
109.01403427124023,
110.94379425048828,
110.40306091308594,
114.39633369445801,
114.44377899169922,
107.84721374511719,
110.58306694030762,
112.12897300720215,
119.47083473205566,
112.96510696411133,
110.0618839263916,
111.3729476928711,
109.30991172790527,
110.28909683227539,
111.49311065673828,
111.93132400512695,
112.3661994934082,
112.94698715209961,
111.46092414855957,
111.88507080078125,
113.26193809509277,
110.39519309997559,
112.72597312927246,
107.50699043273926,
104.57420349121094,
104.83193397521973,
104.90107536315918,
105.87692260742188,
107.24186897277832,
104.35104370117188,
104.7508716583252,
105.6067943572998,
104.92086410522461,
104.17890548706055,
110.98408699035645,
110.98980903625488,
112.72406578063965,
113.67297172546387,
113.06595802307129,
113.7080192565918,
114.59994316101074,
115.51475524902344,
111.95111274719238,
117.46406555175781,
118.39580535888672,
117.90680885314941,
117.52200126647949,
119.10724639892578,
114.15386199951172,
114.81809616088867,
113.52014541625977,
119.42100524902344,
119.27986145019531,
115.60225486755371,
120.56303024291992,
115.94009399414062,
118.30401420593262,
107.61713981628418,
118.04413795471191,
109.68899726867676,
114.70580101013184,
111.98115348815918,
113.04497718811035,
115.26203155517578,
115.33999443054199,
116.24503135681152,
120.82576751708984,
119.36593055725098,
114.88008499145508,
121.39296531677246,
117.79594421386719,
115.84591865539551,
114.5181655883789,
118.76106262207031,
115.57388305664062,
108.10494422912598,
110.63909530639648,
104.41207885742188,
103.67631912231445,
105.82685470581055,
105.4830551147461,
106.26912117004395,
104.31528091430664,
105.65805435180664,
106.67681694030762,
110.54301261901855,
116.92595481872559,
117.89798736572266,
119.66800689697266,
119.26507949829102,
118.94869804382324,
120.73397636413574,
120.27502059936523,
113.88707160949707,
114.43209648132324,
114.2280101776123,
122.27678298950195,
121.92893028259277,
114.40110206604004,
114.16387557983398,
117.23589897155762,
118.7591552734375,
116.38283729553223,
112.23721504211426,
108.76011848449707,
115.19098281860352,
122.17116355895996,
116.21975898742676,
114.17794227600098,
114.69507217407227,
114.28403854370117,
122.04170227050781,
121.71506881713867,
110.45575141906738,
124.28617477416992,
118.64805221557617,
125.54287910461426,
122.43819236755371,
126.37710571289062,
121.73700332641602,
120.30982971191406,
126.60098075866699,
124.56774711608887,
127.71987915039062,
125.49805641174316,
124.72796440124512,
120.73898315429688,
105.95893859863281,
102.61797904968262,
107.00488090515137,
108.02698135375977,
110.73517799377441,
107.21731185913086,
103.4548282623291,
105.7589054107666,
105.31806945800781,
108.1399917602539,
117.04707145690918,
118.00312995910645,
118.66903305053711,
116.26601219177246,
114.78567123413086,
114.00914192199707,
114.54105377197266,
115.74316024780273,
108.99114608764648,
109.6811294555664,
120.73206901550293,
116.82295799255371,
116.90688133239746,
109.7722053527832,
117.18392372131348,
111.49096488952637,
119.15016174316406,
111.87100410461426,
109.45487022399902,
112.18690872192383,
114.18914794921875,
117.27213859558105,
116.61267280578613,
113.36421966552734,
112.4567985534668,
116.88709259033203,
115.91506004333496,
119.43793296813965,
114.04204368591309,
119.42100524902344,
117.96021461486816,
119.4460391998291,
116.32585525512695,
113.4042739868164,
114.60208892822266,
114.53104019165039,
114.45403099060059,
107.07926750183105,
113.85703086853027,
112.92004585266113,
113.93427848815918,
104.23827171325684,
106.53328895568848,
105.61800003051758,
110.78810691833496,
108.6127758026123,
111.50813102722168,
119.9338436126709,
116.63484573364258,
114.33005332946777,
109.79485511779785,
118.87907981872559,
127.42400169372559,
127.77519226074219,
125.46420097351074,
111.97376251220703,
119.90022659301758,
136.5959644317627,
129.3649673461914,
124.58610534667969,
125.74315071105957,
129.5759677886963,
129.11176681518555,
134.83524322509766,
124.83096122741699,
130.3119659423828,
124.60589408874512,
121.05011940002441,
128.8907527923584,
125.55909156799316,
130.31506538391113,
123.9156723022461,
131.30688667297363,
130.52082061767578,
129.79507446289062,
125.77986717224121,
124.34029579162598,
122.65396118164062,
126.28006935119629,
122.71690368652344,
120.56994438171387,
122.35713005065918,
131.82377815246582,
128.53026390075684,
126.50799751281738,
128.91697883605957,
137.05873489379883,
129.47511672973633,
125.40125846862793,
126.3270378112793,
125.77295303344727,
107.3758602142334,
105.10993003845215,
139.36305046081543,
139.4340991973877,
133.9399814605713,
106.8570613861084,
106.30607604980469,
111.99164390563965,
141.90006256103516,
105.74984550476074,
104.84719276428223,
107.83624649047852,
106.19401931762695,
108.33024978637695,
109.08889770507812,
109.69972610473633,
109.37881469726562,
109.38501358032227,
110.45098304748535,
110.32390594482422,
109.22861099243164,
110.97478866577148,
110.64338684082031,
111.11593246459961,
111.2051010131836,
113.00396919250488,
114.12692070007324,
113.1138801574707,
116.11509323120117,
111.95683479309082,
114.5777702331543,
111.74392700195312,
115.27609825134277,
113.1129264831543,
112.75696754455566,
113.37590217590332,
117.10309982299805,
115.2489185333252,
113.03114891052246,
113.45505714416504,
116.02616310119629,
118.35289001464844,
118.02482604980469,
113.9528751373291,
116.09697341918945,
115.71526527404785,
117.7363395690918,
119.33493614196777,
115.14425277709961,
107.28073120117188,
107.09095001220703,
105.37004470825195,
105.08203506469727,
104.90012168884277,
106.86492919921875,
113.54184150695801,
115.53215980529785,
115.97204208374023,
117.21396446228027,
116.51396751403809,
116.86587333679199,
119.60721015930176,
119.69900131225586,
119.51208114624023,
119.62080001831055,
120.51677703857422,
112.49804496765137,
113.30318450927734,
114.18890953063965,
113.88492584228516,
117.65813827514648,
116.39809608459473,
120.67079544067383,
120.39589881896973,
118.83020401000977,
123.97289276123047,
119.81582641601562,
116.95718765258789,
122.23196029663086,
117.57898330688477,
123.52299690246582,
125.50473213195801,
122.11298942565918,
123.05188179016113,
118.41917037963867,
124.84884262084961,
120.78118324279785,
118.85905265808105,
124.26304817199707,
118.45612525939941,
122.72167205810547,
119.93789672851562,
123.88396263122559,
125.7781982421875,
122.49279022216797,
103.03783416748047,
105.49402236938477,
105.1478385925293,
105.17191886901855,
104.2947769165039,
105.94701766967773,
105.30996322631836,
108.11901092529297,
112.19906806945801,
119.52900886535645,
117.1422004699707,
120.26405334472656,
123.24905395507812,
116.27817153930664,
118.22795867919922,
117.60306358337402,
117.56205558776855,
116.26124382019043,
116.14489555358887,
105.45110702514648,
110.66079139709473,
111.15002632141113,
111.83404922485352,
111.14382743835449,
107.54585266113281,
107.14983940124512,
112.58721351623535,
110.9769344329834,
112.11705207824707,
107.75613784790039,
112.42318153381348,
110.84318161010742,
121.0489273071289,
114.7921085357666,
110.79812049865723,
111.44399642944336,
108.71410369873047,
110.91995239257812,
113.30628395080566,
110.16702651977539,
109.67803001403809,
111.98902130126953,
113.58499526977539,
112.27893829345703,
111.13595962524414,
111.65809631347656,
106.36305809020996,
106.78720474243164,
105.26227951049805,
102.53310203552246,
108.70695114135742,
105.64494132995605,
108.83617401123047,
108.37388038635254,
108.19721221923828,
109.66110229492188,
109.73882675170898,
111.41800880432129,
113.97099494934082,
118.12305450439453,
111.25707626342773,
113.24214935302734,
112.83373832702637,
113.45100402832031,
112.54024505615234,
112.65182495117188,
114.06397819519043,
114.13311958312988,
110.69583892822266,
111.83714866638184,
113.494873046875,
114.66217041015625,
114.26401138305664,
115.04530906677246,
111.03105545043945,
115.36383628845215,
114.6552562713623,
114.4559383392334,
112.5328540802002,
114.90416526794434,
114.82405662536621,
116.3480281829834,
115.02313613891602,
112.36906051635742,
113.78288269042969,
115.19312858581543,
111.7851734161377,
117.62189865112305,
116.66703224182129,
116.52493476867676,
118.12806129455566,
116.93811416625977,
109.40742492675781,
105.93891143798828,
107.52272605895996,
102.53214836120605,
105.04579544067383,
107.82480239868164,
107.64217376708984,
105.6678295135498,
108.39605331420898,
109.59887504577637,
109.5590591430664,
110.59689521789551,
110.20517349243164,
112.17308044433594,
113.06285858154297,
113.81983757019043,
111.17410659790039,
112.57672309875488,
112.4427318572998,
112.1058464050293,
109.7419261932373,
109.70187187194824,
110.47124862670898,
116.86396598815918,
111.80591583251953,
112.34569549560547,
113.20972442626953,
113.94619941711426,
110.0621223449707,
110.73017120361328,
114.34698104858398,
114.43710327148438,
113.44194412231445,
113.16204071044922,
113.85083198547363,
116.28007888793945,
114.18390274047852,
112.90907859802246,
117.42997169494629,
120.36514282226562,
117.29288101196289,
112.25223541259766,
110.60476303100586,
113.23904991149902,
121.9019889831543,
113.49296569824219,
121.40917778015137,
117.21420288085938,
121.28496170043945,
103.17492485046387,
105.41272163391113,
106.65178298950195,
104.76112365722656,
109.24601554870605,
107.94305801391602,
105.09181022644043,
104.71582412719727,
106.5371036529541,
111.45997047424316,
112.34617233276367,
111.86003684997559,
115.83685874938965,
112.89000511169434,
113.85202407836914,
113.20018768310547,
114.15290832519531,
110.03899574279785,
111.32192611694336,
116.94002151489258,
110.93878746032715,
117.23184585571289,
112.07890510559082,
111.61398887634277,
113.05809020996094,
111.22989654541016,
110.015869140625,
109.76290702819824,
106.65392875671387,
111.25922203063965,
111.20223999023438,
111.29021644592285,
110.44597625732422,
112.35690116882324,
116.80912971496582,
118.17407608032227,
118.00408363342285,
119.02713775634766,
111.67192459106445,
117.42091178894043,
115.38910865783691,
119.5058822631836,
114.54415321350098,
117.18463897705078,
119.58003044128418,
116.36805534362793,
103.50799560546875,
104.44808006286621,
104.0952205657959,
110.11195182800293,
105.06606101989746,
105.86309432983398,
106.74285888671875,
106.17804527282715,
107.53989219665527,
106.24289512634277,
116.0898208618164,
115.51380157470703,
116.45078659057617,
112.67995834350586,
113.55328559875488,
114.75086212158203,
116.02902412414551,
113.74115943908691,
115.07606506347656,
114.27688598632812,
114.33887481689453,
115.56792259216309,
116.2109375,
116.60599708557129,
117.24495887756348,
109.12609100341797,
117.4929141998291,
112.6708984375,
115.96202850341797,
111.59992218017578,
114.12715911865234,
112.08772659301758,
112.23506927490234,
115.40794372558594,
113.9979362487793,
117.97022819519043,
111.82618141174316,
118.0417537689209,
119.53377723693848,
115.48900604248047,
119.00615692138672,
115.56005477905273,
112.00499534606934,
117.3238754272461,
114.3789291381836,
115.10992050170898,
105.01813888549805,
105.85713386535645,
103.9421558380127,
105.23200035095215,
108.21104049682617,
114.60185050964355,
112.43009567260742,
106.29391670227051,
104.34198379516602,
110.50796508789062,
107.89680480957031,
111.39798164367676,
109.38811302185059,
110.80694198608398,
115.0820255279541,
111.94086074829102,
114.48311805725098,
115.02885818481445,
113.28005790710449,
113.78812789916992,
114.31312561035156,
111.29117012023926,
104.82501983642578,
108.54911804199219,
111.46426200866699,
107.82217979431152,
109.58480834960938,
110.9931468963623,
110.4128360748291,
110.7168197631836,
108.45017433166504,
111.54031753540039,
113.91878128051758,
114.59684371948242,
113.4636402130127,
112.53690719604492,
117.98596382141113,
113.59524726867676,
114.00318145751953,
118.1488037109375,
105.49330711364746,
119.4450855255127,
119.41099166870117,
113.46578598022461,
117.58804321289062,
116.06717109680176,
105.62729835510254,
105.13615608215332,
114.62712287902832,
109.59696769714355,
106.66084289550781,
106.9939136505127,
107.89108276367188,
105.89718818664551,
107.55801200866699,
104.9489974975586,
104.06875610351562,
113.75999450683594,
110.03708839416504,
114.9299144744873,
109.15207862854004,
105.13472557067871,
107.06591606140137,
108.84308815002441,
108.69002342224121,
108.41083526611328,
107.01704025268555,
106.3239574432373,
111.03487014770508,
108.32095146179199,
110.26501655578613,
108.68597030639648,
107.70797729492188,
107.57875442504883,
108.0162525177002,
109.42292213439941,
110.11815071105957,
109.29298400878906,
110.28218269348145,
108.05726051330566,
106.52422904968262,
106.78315162658691,
108.83116722106934,
110.59284210205078,
109.53497886657715,
107.5739860534668,
104.34484481811523,
110.29815673828125,
109.49921607971191,
107.70797729492188,
105.08203506469727,
103.99913787841797,
113.69013786315918,
110.05187034606934,
121.12808227539062,
113.33036422729492,
112.46800422668457,
109.40814018249512,
104.30622100830078,
103.80792617797852,
113.2512092590332,
106.27412796020508,
113.90805244445801,
114.46595191955566,
104.39801216125488,
104.56228256225586,
105.47709465026855,
104.22301292419434,
106.41813278198242,
105.70716857910156,
107.08093643188477,
105.00025749206543,
109.3301773071289,
111.95611953735352,
110.09407043457031,
108.08897018432617,
106.33492469787598,
108.5050106048584,
109.38024520874023,
106.68110847473145,
109.1151237487793,
113.83795738220215,
116.65606498718262,
112.49995231628418,
112.56194114685059,
113.67416381835938,
117.36488342285156,
108.74795913696289,
111.75394058227539,
113.17706108093262,
114.4552230834961,
111.65809631347656,
111.52982711791992,
109.59887504577637,
110.98575592041016,
110.1369857788086,
113.02804946899414,
112.32995986938477,
114.04609680175781,
104.63404655456543,
104.4306755065918,
103.29103469848633,
103.01828384399414,
106.33087158203125,
105.73196411132812,
102.15878486633301,
103.86991500854492,
106.04214668273926,
110.77404022216797,
107.78498649597168,
115.48185348510742,
118.19791793823242,
119.08793449401855,
118.13616752624512,
118.1180477142334,
119.2479133605957,
113.7850284576416,
113.13295364379883,
113.87801170349121,
115.32020568847656,
108.43920707702637,
108.24823379516602,
108.09612274169922,
108.03985595703125,
109.72881317138672,
110.32605171203613,
109.66920852661133,
110.1999282836914,
105.53383827209473,
109.94935035705566,
108.82019996643066,
109.65204238891602,
110.47601699829102,
109.7252368927002,
109.0700626373291,
110.7630729675293,
109.11202430725098,
109.53497886657715,
111.0541820526123,
109.03382301330566,
108.08396339416504,
109.06028747558594,
114.2880916595459,
106.75215721130371,
109.4050407409668,
110.75973510742188,
103.02591323852539,
108.80112648010254,
106.76717758178711,
106.33587837219238,
102.64801979064941,
107.62286186218262,
107.46502876281738,
108.76822471618652,
106.34803771972656,
106.77409172058105,
105.33285140991211,
104.30693626403809,
106.3389778137207,
106.26792907714844,
106.83822631835938,
107.50102996826172,
107.13863372802734,
110.63790321350098,
111.1607551574707,
111.09781265258789,
108.7961196899414,
107.49411582946777,
110.10384559631348,
111.0529899597168,
111.01627349853516,
111.06514930725098,
110.84699630737305,
112.31303215026855,
108.80112648010254,
109.18593406677246,
108.2456111907959,
108.24894905090332,
109.74597930908203,
106.06527328491211,
108.6430549621582,
110.93831062316895,
107.86294937133789,
110.5341911315918,
107.43379592895508,
108.26992988586426,
109.48014259338379,
107.48291015625,
110.10980606079102,
108.73579978942871,
107.09023475646973,
108.9930534362793,
106.24098777770996,
104.34985160827637,
103.05213928222656,
102.30302810668945,
104.35605049133301,
104.4008731842041,
107.19990730285645,
103.2407283782959,
102.48684883117676,
106.10508918762207,
103.09505462646484,
103.18732261657715,
104.31623458862305,
105.9868335723877,
106.88400268554688,
106.14991188049316,
106.0638427734375,
104.45785522460938,
105.26490211486816,
104.19392585754395,
107.29694366455078,
108.52503776550293,
112.31303215026855,
106.87899589538574,
107.3598861694336,
107.02800750732422,
109.60006713867188,
110.382080078125,
110.95118522644043,
109.17925834655762,
110.49485206604004,
111.92893981933594,
111.40704154968262,
109.38286781311035,
109.10391807556152,
107.67412185668945,
107.04421997070312,
107.82003402709961,
109.62200164794922,
106.5061092376709,
107.02896118164062,
110.61811447143555,
108.86001586914062,
110.74090003967285,
110.23807525634766,
111.53101921081543,
110.44192314147949,
111.84501647949219,
112.62297630310059,
104.93087768554688,
104.9032211303711,
104.71701622009277,
103.06024551391602,
105.12876510620117,
103.83319854736328,
107.37109184265137,
106.98199272155762,
103.16586494445801,
103.00803184509277,
105.82900047302246,
104.87222671508789,
107.72991180419922,
107.00106620788574,
105.85498809814453,
106.71782493591309,
107.50412940979004,
106.71401023864746,
105.73220252990723,
113.5869026184082,
110.95499992370605,
114.1660213470459,
114.6860122680664,
112.38718032836914,
112.0758056640625,
112.82992362976074,
113.61885070800781,
112.67971992492676,
113.4490966796875,
112.49589920043945,
112.81585693359375,
105.67307472229004,
106.31728172302246,
114.07995223999023,
105.85689544677734,
115.46492576599121,
110.61382293701172,
111.70220375061035,
115.73076248168945,
110.80503463745117,
109.5428466796875,
111.08207702636719,
105.36789894104004,
112.78271675109863,
115.05317687988281,
112.30993270874023,
112.030029296875,
110.81194877624512,
107.94496536254883,
106.57906532287598,
102.23698616027832,
104.47907447814941,
106.16016387939453,
104.02393341064453,
103.85465621948242,
104.37607765197754,
106.83989524841309,
104.02393341064453,
105.31902313232422,
108.58988761901855,
111.54818534851074,
105.30209541320801,
104.90608215332031,
126.15394592285156,
133.38899612426758,
122.13397026062012,
125.51617622375488,
113.70182037353516,
110.96811294555664,
112.22290992736816,
107.4519157409668,
124.4211196899414,
117.0492172241211,
107.11407661437988,
111.32287979125977,
114.12620544433594,
116.97506904602051,
110.63694953918457,
118.65758895874023,
118.20793151855469,
112.52617835998535,
117.0051097869873,
114.76802825927734,
112.23816871643066,
117.16508865356445,
112.8699779510498,
117.96689033508301,
112.52903938293457,
111.35625839233398,
115.39483070373535,
127.48217582702637,
117.79975891113281,
118.11184883117676,
119.4150447845459,
118.9429759979248,
117.86985397338867,
120.66888809204102,
102.35190391540527,
121.53983116149902,
129.32991981506348,
115.25702476501465,
124.61328506469727,
132.60793685913086,
111.24897003173828,
106.33015632629395,
114.48216438293457,
108.25395584106445,
107.89608955383301,
132.2791576385498,
102.39410400390625,
102.86593437194824,
129.2417049407959,
115.6320571899414,
125.1671314239502,
118.27588081359863,
122.87425994873047,
129.76312637329102,
119.7502613067627,
125.53596496582031,
120.00298500061035,
120.50771713256836,
126.00898742675781,
126.12199783325195,
125.86402893066406,
124.59278106689453,
127.8221607208252,
126.25885009765625,
128.5998821258545,
126.92832946777344,
125.51403045654297,
122.56884574890137,
129.85515594482422,
122.69282341003418,
123.0630874633789,
126.37710571289062,
129.1792392730713,
126.12581253051758,
125.36430358886719,
124.8478889465332,
128.74603271484375,
131.96802139282227,
126.79100036621094,
126.74093246459961,
131.49404525756836,
117.14696884155273,
110.09812355041504,
108.97183418273926,
108.9010238647461,
122.20406532287598,
125.15878677368164,
124.92585182189941,
110.29410362243652,
110.25381088256836,
104.71010208129883,
112.15019226074219,
115.27085304260254,
109.35521125793457,
107.97405242919922,
111.82212829589844,
116.78504943847656,
111.4959716796875,
111.08732223510742,
111.50693893432617,
111.54460906982422,
113.4028434753418,
112.89286613464355,
114.31884765625,
113.85655403137207,
113.61980438232422,
113.5857105255127,
112.72907257080078,
112.86401748657227,
112.38980293273926,
113.10505867004395,
113.62314224243164,
119.53306198120117,
123.81696701049805,
128.7369728088379,
128.8890838623047,
125.51093101501465,
125.41675567626953,
125.94413757324219,
125.7009506225586,
128.04102897644043,
128.9069652557373,
130.21588325500488,
126.83606147766113,
130.33604621887207,
130.31291961669922,
123.291015625,
126.78289413452148,
125.09989738464355,
128.46899032592773,
131.3929557800293,
104.65002059936523,
103.66296768188477,
104.75420951843262,
104.69508171081543,
103.93500328063965,
103.75189781188965,
104.18581962585449,
106.69612884521484,
106.09292984008789,
106.05692863464355,
105.67784309387207,
104.97617721557617,
104.57801818847656,
104.60495948791504,
106.91499710083008,
106.3680648803711,
105.4680347442627,
108.91509056091309,
109.53593254089355,
106.52017593383789,
109.77005958557129,
109.24005508422852,
111.41204833984375,
106.22787475585938,
108.49285125732422,
108.12091827392578,
108.77585411071777,
106.7819595336914,
107.63430595397949,
108.12115669250488,
108.18672180175781,
108.2921028137207,
108.91199111938477,
110.20398139953613,
111.37604713439941,
111.44495010375977,
110.77284812927246,
112.32614517211914,
114.52293395996094,
110.32485961914062,
110.076904296875,
115.14592170715332,
112.17379570007324,
116.4400577545166,
116.34111404418945,
112.58292198181152,
110.16607284545898,
109.1759204864502,
111.89866065979004,
106.80007934570312,
107.2242259979248,
106.01687431335449,
111.93084716796875,
108.0777645111084,
112.0460033416748,
104.54416275024414,
106.73093795776367,
104.27498817443848,
103.72257232666016,
103.23286056518555,
104.50482368469238,
104.45380210876465,
106.07385635375977,
105.27682304382324,
106.10604286193848,
104.43401336669922,
111.07826232910156,
111.71364784240723,
110.21995544433594,
110.28289794921875,
111.41514778137207,
107.95116424560547,
107.77902603149414,
108.98208618164062,
111.26589775085449,
111.86099052429199,
108.10422897338867,
106.77504539489746,
112.08486557006836,
105.4837703704834,
110.0013256072998,
109.31086540222168,
106.97603225708008,
110.50987243652344,
111.84215545654297,
110.22400856018066,
106.6281795501709,
109.81178283691406,
112.58912086486816,
112.0917797088623,
112.8377914428711,
107.32698440551758,
106.9791316986084,
111.63592338562012,
113.00992965698242,
109.21192169189453,
111.6800308227539,
109.38501358032227,
112.89095878601074,
105.4229736328125,
105.14402389526367,
107.27190971374512,
106.1711311340332,
103.65986824035645,
103.51419448852539,
104.16507720947266,
103.59501838684082,
102.02479362487793,
104.25281524658203,
103.5761833190918,
104.57086563110352,
104.9351692199707,
104.38108444213867,
103.41095924377441,
104.45117950439453,
107.94591903686523,
103.73592376708984,
104.41398620605469,
108.51216316223145,
107.69271850585938,
105.84187507629395,
105.20815849304199,
109.42602157592773,
106.01425170898438,
108.13117027282715,
108.02984237670898,
105.25679588317871,
104.09975051879883,
105.04722595214844,
104.09092903137207,
104.6299934387207,
106.66012763977051,
107.01203346252441,
104.60495948791504,
104.4318675994873,
104.37679290771484,
105.12924194335938,
108.38508605957031,
104.15983200073242,
106.73308372497559,
105.23605346679688,
106.3692569732666,
105.99184036254883,
107.34915733337402,
107.24782943725586,
106.10103607177734,
106.02807998657227,
105.59415817260742,
105.06701469421387,
107.4368953704834,
106.08410835266113,
104.03609275817871,
103.67798805236816,
106.02784156799316,
103.83796691894531,
104.60996627807617,
103.15489768981934,
103.7600040435791,
104.12979125976562,
103.50608825683594,
102.49710083007812,
106.2631607055664,
109.0841293334961,
102.3399829864502,
105.4232120513916,
103.3179759979248,
107.65695571899414,
104.6900749206543,
105.31497001647949,
104.52890396118164,
104.6597957611084,
105.20601272583008,
104.62093353271484,
103.46007347106934,
104.35605049133301,
104.93111610412598,
104.86483573913574,
104.80999946594238,
104.0489673614502,
104.84814643859863,
105.2560806274414,
102.61392593383789,
104.0487289428711,
106.1849594116211,
105.88884353637695,
106.12607002258301,
104.03680801391602,
103.78313064575195,
103.61003875732422,
103.13606262207031,
104.4762134552002,
104.22086715698242,
104.40802574157715,
105.48186302185059,
103.89208793640137,
104.06804084777832,
104.70986366271973,
104.05087471008301,
103.46102714538574,
104.14481163024902,
101.76372528076172,
103.32489013671875,
102.98395156860352,
104.82621192932129,
106.00972175598145,
105.00311851501465,
102.87785530090332,
102.00214385986328,
103.13701629638672,
103.80721092224121,
102.69284248352051,
102.62513160705566,
101.68313980102539,
104.05778884887695,
103.32274436950684,
102.33521461486816,
103.2099723815918,
103.68108749389648,
102.81586647033691,
102.42295265197754,
105.19599914550781,
105.4990291595459,
105.79895973205566,
103.50894927978516,
105.63898086547852,
104.47907447814941,
103.96599769592285,
105.6668758392334,
105.8039665222168,
103.84178161621094,
103.363037109375,
104.85601425170898,
104.31194305419922,
104.57301139831543,
105.4079532623291,
103.85370254516602,
104.23707962036133,
103.9280891418457,
104.25996780395508,
102.47325897216797,
103.91616821289062,
103.67608070373535,
104.86793518066406,
104.0189266204834,
103.19089889526367,
105.69596290588379,
105.8647632598877,
102.40387916564941,
104.77089881896973,
105.44109344482422,
105.31306266784668,
106.10198974609375,
107.12909698486328,
107.96070098876953,
104.30622100830078,
102.53214836120605,
102.13828086853027,
101.55820846557617,
103.17611694335938,
102.65302658081055,
101.96304321289062,
102.23793983459473,
103.21593284606934,
104.54511642456055,
102.13184356689453,
103.1789779663086,
103.69157791137695,
103.31010818481445,
104.32624816894531,
105.11398315429688,
104.85076904296875,
103.63078117370605,
103.95479202270508,
103.88612747192383,
103.35898399353027,
106.15015029907227,
103.58810424804688,
103.55305671691895,
105.6668758392334,
105.40390014648438,
105.83090782165527,
103.87182235717773,
104.17008399963379,
104.70795631408691,
105.69190979003906,
103.14321517944336,
107.57279396057129,
104.28428649902344,
105.54003715515137,
108.7031364440918,
106.67896270751953,
103.96814346313477,
104.56585884094238,
105.20792007446289,
103.50489616394043,
104.89487648010254,
105.18908500671387,
105.50904273986816,
104.4149398803711,
105.255126953125,
103.76596450805664,
104.73275184631348,
104.94780540466309,
104.9959659576416,
105.8659553527832,
106.73117637634277,
105.2241325378418,
104.31098937988281,
103.59907150268555,
105.04984855651855,
105.69286346435547,
107.62906074523926,
104.26902770996094,
104.9959659576416,
105.194091796875,
103.59573364257812,
105.83186149597168,
104.66194152832031,
106.75215721130371,
106.42504692077637,
106.14299774169922,
108.02125930786133,
110.11099815368652,
109.71188545227051,
111.38200759887695,
106.66799545288086,
108.96897315979004,
107.57088661193848,
109.79509353637695,
105.010986328125,
106.11104965209961,
104.88200187683105,
105.57699203491211,
105.98492622375488,
105.16619682312012,
105.78274726867676,
105.3318977355957,
107.2080135345459,
104.25901412963867,
106.87589645385742,
106.76121711730957,
108.75606536865234,
105.73720932006836,
104.35700416564941,
105.48806190490723,
105.01885414123535,
106.12607002258301,
105.16715049743652,
107.5589656829834,
107.04493522644043,
104.3241024017334,
105.77201843261719,
103.56473922729492,
105.21888732910156,
107.92899131774902,
107.9568862915039,
106.77599906921387,
104.4919490814209,
107.11193084716797,
105.55291175842285,
104.03776168823242,
107.08498954772949,
106.3079833984375,
119.85206604003906,
121.49620056152344,
106.70781135559082,
115.60583114624023,
108.55293273925781,
115.32807350158691,
111.9389533996582,
106.39214515686035,
105.92103004455566,
105.19289970397949,
104.78806495666504,
104.25901412963867,
103.91497611999512,
104.36129570007324,
104.11691665649414,
105.79729080200195,
104.95495796203613,
106.13822937011719,
104.08687591552734,
105.92317581176758,
105.85498809814453,
104.81810569763184,
112.10203170776367,
105.61800003051758,
106.77194595336914,
115.54288864135742,
108.45279693603516,
111.11307144165039,
107.04207420349121,
112.48207092285156,
106.83894157409668,
113.44265937805176,
110.81600189208984,
105.14521598815918,
114.01009559631348,
111.81902885437012,
106.5669059753418,
114.61281776428223,
105.50999641418457,
104.48598861694336,
104.4931411743164,
103.15895080566406,
104.44903373718262,
104.53295707702637,
107.24306106567383,
107.16414451599121,
105.88383674621582,
109.78579521179199,
105.00597953796387,
104.16698455810547,
104.29811477661133,
105.79824447631836,
103.14297676086426,
103.85417938232422,
105.85427284240723,
110.00204086303711,
104.68292236328125,
106.9951057434082,
108.99901390075684,
111.08207702636719,
109.17305946350098,
110.05616188049316,
104.38799858093262,
104.31170463562012,
102.90193557739258,
103.58715057373047,
103.02114486694336,
103.22213172912598,
103.97505760192871,
103.80792617797852,
101.77826881408691,
104.85315322875977,
104.43305969238281,
103.68204116821289,
105.68571090698242,
104.55894470214844,
104.65478897094727,
103.90186309814453,
102.91814804077148,
103.45292091369629,
102.61917114257812,
106.11820220947266,
106.84704780578613,
103.03211212158203,
107.36322402954102,
105.39078712463379,
102.96797752380371,
105.00717163085938,
107.9401969909668,
106.54902458190918,
103.44815254211426,
123.78311157226562,
123.83127212524414,
102.63705253601074,
102.60605812072754,
102.03814506530762,
101.95112228393555,
102.52213478088379,
103.09004783630371,
103.62529754638672,
105.22913932800293,
101.806640625,
103.77907752990723,
104.16102409362793,
103.6689281463623,
102.19001770019531,
105.00812530517578,
103.65509986877441,
104.48193550109863,
103.94001007080078,
104.44426536560059,
105.15022277832031,
104.38203811645508,
103.58619689941406,
103.46508026123047,
103.64007949829102,
102.98895835876465,
102.90694236755371,
104.64096069335938,
104.58111763000488,
103.54804992675781,
105.63898086547852,
105.44157028198242,
104.54583168029785,
104.01105880737305,
105.73577880859375,
106.21213912963867,
105.17287254333496,
106.29916191101074,
105.25012016296387,
107.06901550292969,
105.01408576965332,
105.66401481628418,
107.16104507446289,
105.68809509277344,
107.4669361114502,
108.37078094482422,
106.85586929321289,
103.96981239318848,
104.36415672302246,
102.62894630432129,
102.04172134399414,
103.39188575744629,
103.69729995727539,
102.50282287597656,
103.50275039672852,
104.40516471862793,
102.52904891967773,
105.24582862854004,
105.23009300231934,
104.87103462219238,
105.84402084350586,
105.9269905090332,
104.97474670410156,
105.53693771362305,
104.3550968170166,
104.67004776000977,
103.93381118774414,
105.7121753692627,
104.64000701904297,
104.0198802947998,
106.10699653625488,
107.90610313415527,
107.95783996582031,
103.31511497497559,
106.21809959411621,
107.12099075317383,
107.70201683044434,
106.00805282592773,
105.76987266540527,
105.06629943847656,
107.55801200866699,
108.39700698852539,
107.31816291809082,
108.69407653808594,
107.16104507446289,
108.9010238647461,
108.612060546875,
110.25691032409668,
106.5061092376709,
109.44676399230957,
109.00282859802246,
107.99622535705566,
105.29088973999023,
105.09705543518066,
104.94399070739746,
107.25212097167969,
104.9809455871582,
102.33807563781738,
104.93683815002441,
105.90004920959473,
104.71391677856445,
104.01582717895508,
104.51412200927734,
105.53216934204102,
105.35502433776855,
105.55410385131836,
104.95591163635254,
108.13212394714355,
104.65216636657715,
104.47573661804199,
106.0037612915039,
105.93223571777344,
106.07695579528809,
106.92381858825684,
106.11414909362793,
105.12590408325195,
106.8880558013916,
109.44914817810059,
104.37417030334473,
105.06319999694824,
104.75492477416992,
103.34587097167969,
105.41105270385742,
106.62317276000977,
106.07194900512695,
105.69214820861816,
108.54315757751465,
107.46073722839355,
108.69598388671875,
110.6870174407959,
111.52005195617676,
110.27216911315918,
108.92391204833984,
108.63208770751953,
109.11059379577637,
113.34109306335449,
107.8338623046875,
106.79388046264648,
107.87010192871094,
110.1381778717041,
106.94599151611328,
109.05814170837402,
107.11789131164551,
107.65910148620605,
104.00223731994629,
104.92587089538574,
104.42709922790527,
103.9121150970459,
102.8749942779541,
104.34818267822266,
105.10110855102539,
104.90822792053223,
109.07387733459473,
104.60186004638672,
107.25617408752441,
103.5609245300293,
107.18798637390137,
107.97500610351562,
107.80811309814453,
106.51993751525879,
108.60610008239746,
107.77902603149414,
105.13186454772949,
107.46097564697266,
104.86888885498047,
105.71599006652832,
104.08973693847656,
104.83694076538086,
104.8429012298584,
102.64301300048828,
109.32779312133789,
116.11318588256836,
119.30108070373535,
108.81304740905762,
114.74418640136719,
112.03289031982422,
109.91191864013672,
108.39009284973145,
103.64985466003418,
108.09898376464844,
109.98916625976562,
111.75036430358887,
110.69107055664062,
109.8489761352539,
111.28520965576172,
105.82089424133301,
115.11087417602539,
112.84089088439941,
108.78968238830566,
116.05596542358398,
110.92901229858398,
106.52399063110352,
104.4301986694336,
104.1102409362793,
103.48320007324219,
105.32927513122559,
110.18085479736328,
106.67085647583008,
104.1860580444336,
104.6900749206543,
107.17391967773438,
106.92191123962402,
104.60996627807617,
105.17406463623047,
106.1701774597168,
109.15207862854004,
110.31508445739746,
111.81473731994629,
110.18538475036621,
110.30387878417969,
108.44707489013672,
106.29510879516602,
112.9598617553711,
112.05410957336426,
104.78591918945312,
105.84807395935059,
107.21707344055176,
107.62500762939453,
105.46302795410156,
107.6500415802002,
104.13289070129395,
106.05406761169434,
104.57015037536621,
106.35089874267578,
106.27293586730957,
105.0260066986084,
106.29987716674805,
103.9280891418457,
103.77907752990723,
103.16586494445801,
102.47087478637695,
102.94914245605469,
103.27386856079102,
102.07390785217285,
103.99794578552246,
103.80816459655762,
104.46000099182129,
103.41501235961914,
103.1639575958252,
110.71991920471191,
107.32007026672363,
107.69510269165039,
111.38105392456055,
102.86474227905273,
101.70102119445801,
108.56294631958008,
101.49121284484863,
110.00418663024902,
115.34380912780762,
114.38894271850586,
102.48994827270508,
103.68680953979492,
104.32219505310059,
107.7430248260498,
110.26787757873535,
108.9322566986084,
110.91423034667969,
110.0759506225586,
111.14192008972168,
103.38902473449707,
102.84805297851562,
106.91404342651367,
102.6759147644043,
103.2569408416748,
106.88018798828125,
108.22224617004395,
108.9019775390625,
105.8800220489502,
106.95695877075195,
109.22813415527344,
106.12320899963379,
105.15594482421875,
106.39095306396484,
104.39801216125488,
107.88083076477051,
108.20412635803223,
106.46605491638184,
103.96385192871094,
103.28912734985352,
104.1860580444336,
104.12073135375977,
102.90694236755371,
103.47580909729004,
102.5080680847168,
102.26297378540039,
111.90295219421387,
103.31988334655762,
103.08194160461426,
104.41207885742188,
102.75101661682129,
103.65104675292969,
105.00192642211914,
103.82390022277832,
104.72607612609863,
106.07194900512695,
106.02688789367676,
105.29708862304688,
106.7650318145752,
104.55513000488281,
105.5140495300293,
103.87992858886719,
106.49299621582031,
106.14490509033203,
103.99413108825684,
104.65598106384277,
104.22301292419434,
106.0478687286377,
105.95202445983887,
104.29906845092773,
106.4307689666748,
106.4910888671875,
105.5600643157959,
104.36201095581055,
105.64994812011719,
108.08515548706055,
109.98129844665527,
109.70306396484375,
104.21299934387207,
108.02698135375977,
110.64291000366211,
110.23688316345215,
108.51788520812988,
109.14897918701172,
108.66308212280273,
108.13093185424805,
111.05513572692871,
108.88504981994629,
109.32612419128418,
111.09685897827148,
102.70476341247559,
103.56998443603516,
107.39302635192871,
108.71696472167969,
107.95903205871582,
109.00211334228516,
103.4691333770752,
104.9489974975586,
105.05199432373047,
106.26101493835449,
104.22205924987793,
105.19909858703613,
105.86810111999512,
109.0087890625,
104.71606254577637,
106.1859130859375,
107.84792900085449,
109.12108421325684,
107.14387893676758,
106.13870620727539,
106.0948371887207,
105.05509376525879,
105.7121753692627,
109.70497131347656,
110.49818992614746,
110.18681526184082,
107.87677764892578,
107.94401168823242,
107.39398002624512,
108.95204544067383,
109.6808910369873,
107.1479320526123,
109.50589179992676,
110.6879711151123,
107.77902603149414,
110.6271743774414,
110.23807525634766,
109.51495170593262,
107.33914375305176,
109.5738410949707,
109.7409725189209,
108.77108573913574,
108.49595069885254,
110.18705368041992,
109.18784141540527,
107.85198211669922,
106.87804222106934,
103.02424430847168,
102.66280174255371,
105.2250862121582,
104.72989082336426,
106.86898231506348,
105.38506507873535,
107.2378158569336,
104.06613349914551,
103.97791862487793,
105.93295097351074,
102.90789604187012,
102.71716117858887,
104.86221313476562,
104.3252944946289,
107.24496841430664,
103.70302200317383,
107.4819564819336,
108.36482048034668,
107.57303237915039,
112.22195625305176,
109.0857982635498,
105.55911064147949,
106.96172714233398,
107.89823532104492,
108.44898223876953,
109.9708080291748,
109.49397087097168,
110.08596420288086,
112.8530502319336,
110.53609848022461,
113.25311660766602,
109.99107360839844,
112.58602142333984,
116.9281005859375,
108.7491512298584,
109.33780670166016,
111.59396171569824,
114.64500427246094,
113.43979835510254,
118.13187599182129,
118.03293228149414,
113.17205429077148,
111.38916015625,
115.90003967285156,
113.14988136291504,
111.25874519348145,
105.17477989196777,
104.5382022857666,
105.80205917358398,
104.04586791992188,
103.22403907775879,
103.55806350708008,
105.38029670715332,
105.3929328918457,
105.712890625,
105.84402084350586,
105.26394844055176,
102.65707969665527,
105.70192337036133,
101.86386108398438,
107.666015625,
105.76987266540527,
102.0207405090332,
106.89997673034668,
104.06494140625,
104.5389175415039,
104.61831092834473,
107.14316368103027,
106.54687881469727,
107.05208778381348,
105.66496849060059,
108.04080963134766,
109.37285423278809,
108.43992233276367,
105.61299324035645,
106.58788681030273,
111.56606674194336,
107.22684860229492,
107.94806480407715,
108.3981990814209,
107.92803764343262,
109.06195640563965,
108.10589790344238,
108.05106163024902,
108.0622673034668,
108.73579978942871,
107.32388496398926,
107.20682144165039,
108.31785202026367,
107.10000991821289,
107.02276229858398,
109.26079750061035,
104.65788841247559,
109.95697975158691,
106.11987113952637,
107.75113105773926,
104.6302318572998,
108.24084281921387,
104.38132286071777,
103.99484634399414,
103.53207588195801,
104.05874252319336,
105.05294799804688,
106.27293586730957,
105.17716407775879,
106.41288757324219,
106.69326782226562,
108.5813045501709,
102.94198989868164,
106.24003410339355,
109.97915267944336,
106.98795318603516,
102.88310050964355,
102.85687446594238,
103.50799560546875,
103.15585136413574,
105.7121753692627,
104.49814796447754,
104.49981689453125,
106.94503784179688,
103.18708419799805,
104.92110252380371,
106.0171127319336,
106.73809051513672,
106.29606246948242,
105.26490211486816,
104.7220230102539,
106.29677772521973,
105.50689697265625,
106.33301734924316,
106.30989074707031,
107.46288299560547,
107.31863975524902,
105.45992851257324,
106.0028076171875,
107.5589656829834,
107.21206665039062,
106.25004768371582,
106.40311241149902,
108.76107215881348,
104.76803779602051,
104.42972183227539,
108.8418960571289,
109.42316055297852,
105.47494888305664,
108.87384414672852,
108.6740493774414,
108.29782485961914,
109.67588424682617,
103.72686386108398,
102.4630069732666,
103.37591171264648,
103.49726676940918,
104.62188720703125,
104.99882698059082,
104.20393943786621,
103.94096374511719,
104.44116592407227,
104.30574417114258,
105.96680641174316,
105.72695732116699,
106.3699722290039,
106.84084892272949,
107.64408111572266,
103.24883460998535,
102.43582725524902,
105.1027774810791,
106.99105262756348,
105.26800155639648,
104.42590713500977,
107.32197761535645,
105.86023330688477,
106.60910606384277,
106.31108283996582,
106.88614845275879,
104.30598258972168,
104.88080978393555,
107.33819007873535,
107.0101261138916,
104.28905487060547,
105.9107780456543,
108.1092357635498,
111.58895492553711,
108.20984840393066,
107.47432708740234,
106.95505142211914,
106.74118995666504,
105.4840087890625,
106.95481300354004,
104.40707206726074,
104.13908958435059,
106.29916191101074,
108.5958480834961,
104.21895980834961,
104.16293144226074,
105.03697395324707,
105.67975044250488,
102.9670238494873,
104.15315628051758,
105.86333274841309,
102.7379035949707,
103.34897041320801,
106.31489753723145,
105.48996925354004,
104.02512550354004,
102.71906852722168,
103.49106788635254,
102.63895988464355,
105.65495491027832,
105.32093048095703,
104.82406616210938,
103.26075553894043,
103.10912132263184,
104.83503341674805,
103.39999198913574,
104.27713394165039,
102.72002220153809,
103.3179759979248,
105.84306716918945,
103.70111465454102,
102.40411758422852,
103.26790809631348,
104.64787483215332,
106.2469482421875,
106.2917709350586,
106.25720024108887,
105.0729751586914,
105.02219200134277,
106.19997978210449,
106.7497730255127,
106.61983489990234,
105.21197319030762,
108.63995552062988,
105.38077354431152,
105.04913330078125,
105.02767562866211,
107.32793807983398,
105.87096214294434,
106.61983489990234,
108.08396339416504,
104.99119758605957,
106.51707649230957,
105.72314262390137,
107.94591903686523,
107.38205909729004,
104.22396659851074,
105.87525367736816,
105.55481910705566,
106.99295997619629,
103.58405113220215,
102.67901420593262,
103.43575477600098,
104.22921180725098,
102.8289794921875,
103.39975357055664,
105.14283180236816,
103.61194610595703,
104.99191284179688,
104.95710372924805,
105.43394088745117,
106.37283325195312,
105.75509071350098,
103.53517532348633,
103.14679145812988,
106.35089874267578,
104.66599464416504,
104.85005378723145,
108.0179214477539,
103.64103317260742,
104.7818660736084,
103.63316535949707,
107.02204704284668,
104.6602725982666,
104.80117797851562,
103.96170616149902,
104.17604446411133,
103.82580757141113,
104.9797534942627,
105.00192642211914,
105.58605194091797,
104.7060489654541,
105.24988174438477,
106.01925849914551,
105.133056640625,
105.7579517364502,
108.20412635803223,
106.96792602539062,
108.25705528259277,
104.38203811645508,
105.01480102539062,
107.81264305114746,
109.40384864807129,
106.78219795227051,
109.54809188842773,
110.02492904663086,
106.09579086303711,
107.6810359954834,
103.10602188110352,
103.04999351501465,
103.99174690246582,
105.87000846862793,
103.15704345703125,
104.56013679504395,
103.63912582397461,
103.3620834350586,
105.11469841003418,
105.21602630615234,
104.00009155273438,
106.34183883666992,
104.85410690307617,
107.70606994628906,
107.29694366455078,
104.88295555114746,
103.68990898132324,
107.6819896697998,
105.35383224487305,
105.84568977355957,
107.73873329162598,
107.19895362854004,
105.28206825256348,
105.94296455383301,
106.79101943969727,
108.1089973449707,
104.14600372314453,
104.05707359313965,
106.55522346496582,
107.18941688537598,
107.86890983581543,
109.5571517944336,
104.23874855041504,
104.4762134552002,
108.27016830444336,
108.25085639953613,
106.91976547241211,
108.0930233001709,
108.07323455810547,
106.26029968261719,
108.98995399475098,
111.18888854980469,
105.4689884185791,
109.26294326782227,
110.82291603088379,
109.40885543823242,
112.32900619506836,
104.31694984436035,
104.44188117980957,
104.70700263977051,
115.4940128326416,
108.78586769104004,
117.49815940856934,
108.36386680603027,
119.07720565795898,
108.78300666809082,
103.88302803039551,
105.55505752563477,
105.7729721069336,
102.91099548339844,
105.95297813415527,
105.73792457580566,
104.1710376739502,
113.74807357788086,
114.99762535095215,
121.99783325195312,
117.14816093444824,
121.78611755371094,
118.94083023071289,
112.91193962097168,
120.08810043334961,
116.37306213378906,
107.91969299316406,
106.11915588378906,
112.22076416015625,
108.26587677001953,
110.62002182006836,
104.10809516906738,
103.85799407958984,
123.32272529602051,
120.2392578125,
105.62992095947266,
114.58992958068848,
105.04698753356934,
122.50494956970215,
123.03996086120605,
115.54884910583496,
123.49891662597656,
122.55001068115234,
115.19408226013184,
116.24789237976074,
106.51302337646484,
123.64721298217773,
124.78899955749512,
104.04706001281738,
105.7288646697998,
106.14490509033203,
103.86896133422852,
105.57675361633301,
132.40718841552734,
128.44276428222656,
140.11335372924805,
113.07311058044434,
142.96698570251465,
132.4450969696045,
131.1359405517578,
138.40389251708984,
130.9981346130371,
113.33417892456055,
114.89295959472656,
125.94389915466309,
122.82276153564453,
125.53119659423828,
165.7860279083252,
169.9068546295166,
201.3070583343506,
181.15997314453125,
201.9813060760498,
207.18622207641602,
152.79173851013184,
174.78299140930176,
176.35083198547363,
154.09421920776367,
205.4460048675537,
210.435152053833,
176.44882202148438,
180.50098419189453,
160.75396537780762,
150.35700798034668,
211.9429111480713,
209.0890407562256,
161.76199913024902,
182.88302421569824,
185.12797355651855,
209.22183990478516,
205.36327362060547,
210.90364456176758,
183.57300758361816,
206.68697357177734,
182.95788764953613,
185.24694442749023,
183.00700187683105,
207.77010917663574,
183.79902839660645,
170.3648567199707,
127.9292106628418,
159.87300872802734,
169.5702075958252,
174.08204078674316,
169.48795318603516,
167.9208278656006,
159.80005264282227,
152.7841091156006,
169.19279098510742,
153.66601943969727,
175.80485343933105,
102.69999504089355,
110.5508804321289,
106.56285285949707,
103.85298728942871,
110.49389839172363,
102.52499580383301,
104.28380966186523,
104.10785675048828,
103.99794578552246,
103.42788696289062,
105.12304306030273,
104.42113876342773,
105.03292083740234,
104.21299934387207,
103.35063934326172,
104.19416427612305,
104.66575622558594,
115.75818061828613,
108.08515548706055,
118.79992485046387,
121.31190299987793,
121.30475044250488,
119.85492706298828,
119.7199821472168,
122.03311920166016,
111.86671257019043,
122.49588966369629,
122.18308448791504,
119.2319393157959,
124.1297721862793,
122.76387214660645,
121.05774879455566,
104.77900505065918,
105.16691207885742,
102.82421112060547,
103.74712944030762,
102.7061939239502,
103.72591018676758,
104.17318344116211,
104.49600219726562,
104.46310043334961,
104.89296913146973,
104.21895980834961,
103.77120971679688,
101.78613662719727,
103.62029075622559,
105.3309440612793,
105.64398765563965,
104.0802001953125,
104.30479049682617,
104.55584526062012,
102.17690467834473,
102.65398025512695,
104.23398017883301,
102.47302055358887,
103.44171524047852,
103.14512252807617,
103.39999198913574,
102.78916358947754,
103.06119918823242,
102.78701782226562,
102.75101661682129,
104.33506965637207,
105.34906387329102,
107.12003707885742,
107.9549789428711,
107.82098770141602,
107.18798637390137,
107.09142684936523,
106.95338249206543,
108.12592506408691,
107.29002952575684,
107.86890983581543,
102.83398628234863,
102.83780097961426,
103.32012176513672,
103.44910621643066,
104.81810569763184,
104.8581600189209,
103.00111770629883,
107.05804824829102,
103.89137268066406,
103.45315933227539,
103.15704345703125,
101.87768936157227,
103.06692123413086,
103.87086868286133,
105.19909858703613,
103.71994972229004,
104.84695434570312,
117.28382110595703,
106.50515556335449,
116.76692962646484,
104.92086410522461,
105.96489906311035,
107.5751781463623,
105.70073127746582,
104.80499267578125,
103.94597053527832,
104.58087921142578,
104.49886322021484,
102.98395156860352,
104.14600372314453,
103.9879322052002,
102.94294357299805,
102.3719310760498,
103.90520095825195,
103.11102867126465,
103.58619689941406,
102.73265838623047,
103.8661003112793,
104.2330265045166,
103.66511344909668,
102.03099250793457,
102.66280174255371,
103.43790054321289,
103.8658618927002,
104.05206680297852,
104.07495498657227,
103.74999046325684,
105.29518127441406,
104.7518253326416,
103.60193252563477,
104.31528091430664,
102.28800773620605,
102.57697105407715,
103.5311222076416,
104.23898696899414,
103.43194007873535,
103.24597358703613,
104.37679290771484,
103.91712188720703,
104.9799919128418,
103.37114334106445,
103.24311256408691,
103.49822044372559,
118.743896484375,
109.04383659362793,
105.18288612365723,
103.07979583740234,
107.05780982971191,
106.9331169128418,
104.0489673614502,
103.86204719543457,
102.7059555053711,
103.66511344909668,
104.13599014282227,
104.01296615600586,
103.07598114013672,
105.49306869506836,
106.65488243103027,
105.42798042297363,
105.8797836303711,
106.24480247497559,
105.03816604614258,
104.4771671295166,
102.94890403747559,
103.45005989074707,
104.58183288574219,
102.82182693481445,
102.59509086608887,
103.43122482299805,
102.37908363342285,
101.83978080749512,
102.94675827026367,
104.22110557556152,
104.63118553161621,
105.20386695861816,
103.31392288208008,
103.70898246765137,
103.60121726989746,
108.34908485412598,
104.66289520263672,
105.26013374328613,
103.30796241760254,
105.47685623168945,
101.93419456481934,
103.49416732788086,
102.68998146057129,
103.54733467102051,
104.83932495117188,
102.88691520690918,
105.98397254943848,
103.54399681091309,
103.58619689941406,
104.3558120727539,
106.98485374450684,
105.41605949401855,
109.9698543548584,
109.79890823364258,
111.14716529846191,
112.51020431518555,
110.52274703979492,
112.24889755249023,
110.15820503234863,
110.15605926513672,
113.41595649719238,
109.14278030395508,
115.2029037475586,
110.2449893951416,
114.70985412597656,
115.692138671875,
107.22708702087402,
107.7430248260498,
103.14083099365234,
104.00986671447754,
103.83987426757812,
103.78193855285645,
104.8738956451416,
105.23009300231934,
105.00097274780273,
105.99589347839355,
106.52399063110352,
106.05287551879883,
107.33485221862793,
106.26935958862305,
105.32593727111816,
106.66084289550781,
104.0492057800293,
103.95312309265137,
108.12711715698242,
108.11495780944824,
105.30304908752441,
108.32786560058594,
109.8031997680664,
104.63285446166992,
103.33991050720215,
104.26974296569824,
101.72104835510254,
103.55806350708008,
104.4459342956543,
106.68396949768066,
105.41605949401855,
103.70874404907227,
107.44118690490723,
104.49504852294922,
105.1321029663086,
108.4749698638916,
105.87596893310547,
105.32999038696289,
107.12194442749023,
109.79771614074707,
108.27803611755371,
110.39495468139648,
108.76107215881348,
112.87283897399902,
108.36291313171387,
107.34796524047852,
109.45510864257812,
109.96723175048828,
108.85190963745117,
108.8707447052002,
109.95817184448242,
112.50591278076172,
109.10272598266602,
106.3849925994873,
110.39304733276367,
109.63082313537598,
113.74711990356445,
110.6879711151123,
111.34696006774902,
104.85100746154785,
105.11398315429688,
106.29582405090332,
104.17294502258301,
104.53677177429199,
102.78511047363281,
102.31685638427734,
105.90720176696777,
105.71002960205078,
103.21617126464844,
105.1170825958252,
105.63921928405762,
105.45206069946289,
103.60598564147949,
104.76493835449219,
104.7978401184082,
106.11319541931152,
105.97777366638184,
106.03070259094238,
106.76693916320801,
103.6229133605957,
104.83598709106445,
107.8488826751709,
107.59496688842773,
110.18490791320801,
113.95096778869629,
108.98613929748535,
113.7089729309082,
107.44595527648926,
110.57305335998535,
108.34789276123047,
111.20486259460449,
117.9499626159668,
117.24710464477539,
109.16399955749512,
109.25698280334473,
108.50191116333008,
108.56771469116211,
107.6669692993164,
109.63320732116699,
109.12013053894043,
109.24005508422852,
110.9611988067627,
111.04011535644531,
107.52415657043457,
107.41806030273438,
108.34789276123047,
106.40215873718262,
105.46398162841797,
105.58223724365234,
105.54385185241699,
104.77685928344727,
103.94096374511719,
102.93912887573242,
103.04903984069824,
103.47986221313477,
104.84004020690918,
103.8520336151123,
105.19003868103027,
106.0941219329834,
103.25002670288086,
106.05382919311523,
104.52032089233398,
103.93810272216797,
103.4097671508789,
105.77392578125,
106.56309127807617,
104.89892959594727,
108.20674896240234,
107.44595527648926,
108.17408561706543,
112.72025108337402,
118.54171752929688,
119.39191818237305,
112.09678649902344,
117.34580993652344,
106.60481452941895,
111.6018295288086,
104.89010810852051,
109.4508171081543,
119.13704872131348,
116.44506454467773,
111.05585098266602,
119.96006965637207,
116.42098426818848,
113.62504959106445,
106.74095153808594,
111.60707473754883,
116.49084091186523,
120.23329734802246,
120.08428573608398,
117.12884902954102,
112.66493797302246,
118.41988563537598,
114.53795433044434,
102.70309448242188,
104.58707809448242,
104.98785972595215,
103.2869815826416,
104.1560173034668,
103.45697402954102,
102.42295265197754,
103.26504707336426,
105.5302619934082,
105.12471199035645,
112.76698112487793,
104.15816307067871,
103.80697250366211,
102.54311561584473,
105.06319999694824,
105.62372207641602,
106.46772384643555,
107.48910903930664,
116.19901657104492,
111.8171215057373,
106.99987411499023,
113.18111419677734,
104.24399375915527,
106.66179656982422,
105.80611228942871,
106.99081420898438,
108.79373550415039,
106.51803016662598,
108.1540584564209,
106.54520988464355,
107.69104957580566,
105.46994209289551,
106.04214668273926,
108.66284370422363,
107.00678825378418,
108.43086242675781,
110.24785041809082,
111.77873611450195,
110.28027534484863,
110.71467399597168,
111.13309860229492,
109.46202278137207,
112.12396621704102,
112.07032203674316,
110.40806770324707,
113.6021614074707,
109.99321937561035,
108.5503101348877,
109.0860366821289,
108.46590995788574,
107.88297653198242,
108.2909107208252,
103.21998596191406,
107.3758602142334,
106.70185089111328,
105.08322715759277,
103.10602188110352,
105.2861213684082,
105.66091537475586,
105.69882392883301,
106.27198219299316,
108.05797576904297,
108.07108879089355,
106.93120956420898,
110.72206497192383,
108.22820663452148,
108.36482048034668,
114.73512649536133,
114.59207534790039,
109.34591293334961,
114.61400985717773,
115.13519287109375,
110.38994789123535,
107.73992538452148,
111.34099960327148,
107.60784149169922,
111.4051342010498,
110.64791679382324,
108.79397392272949,
109.19785499572754,
109.62486267089844,
108.80684852600098,
113.1589412689209,
112.11919784545898,
114.01104927062988,
111.0069751739502,
107.38205909729004,
111.04202270507812,
109.05075073242188,
109.42697525024414,
107.35583305358887,
108.49595069885254,
110.0759506225586,
111.63687705993652,
110.60404777526855,
108.81590843200684,
104.32004928588867,
105.19194602966309,
105.64112663269043,
105.07702827453613,
105.01408576965332,
105.74913024902344,
103.9588451385498,
106.02617263793945,
103.85894775390625,
104.41708564758301,
104.18105125427246,
103.67584228515625,
103.61409187316895,
105.46994209289551,
103.2259464263916,
106.00805282592773,
105.56626319885254,
105.83090782165527,
107.14387893676758,
106.63485527038574,
108.91199111938477,
108.05869102478027,
107.89108276367188,
107.74087905883789,
107.40232467651367,
104.72416877746582,
105.47089576721191,
107.04684257507324,
106.61816596984863,
104.92300987243652,
105.44705390930176,
107.49101638793945,
108.1397533416748,
104.78782653808594,
104.82001304626465,
105.33928871154785,
105.15093803405762,
104.8731803894043,
106.37998580932617,
105.87215423583984,
105.59797286987305,
106.78505897521973,
106.59193992614746,
105.05819320678711,
105.0710678100586,
105.6051254272461,
104.64000701904297,
106.05072975158691,
105.19981384277344,
107.0401668548584,
105.93700408935547,
104.16913032531738,
105.93724250793457,
103.28197479248047,
104.07304763793945,
104.50291633605957,
107.40780830383301,
107.11908340454102,
105.74507713317871,
105.09395599365234,
104.99095916748047,
106.66513442993164,
109.16805267333984,
108.15215110778809,
107.96475410461426,
108.9780330657959,
108.22701454162598,
108.75988006591797,
109.53903198242188,
108.32905769348145,
108.42514038085938,
106.17280006408691,
110.56184768676758,
109.23600196838379,
116.36710166931152,
114.30215835571289,
111.98115348815918,
107.3920726776123,
111.34886741638184,
107.6810359954834,
113.75927925109863,
114.47930335998535,
112.92219161987305,
114.66097831726074,
108.22296142578125,
116.84298515319824,
112.14280128479004,
114.00318145751953,
117.23184585571289,
108.58798027038574,
115.44013023376465,
110.3217601776123,
116.14012718200684,
114.01104927062988,
118.66211891174316,
107.24496841430664,
106.08911514282227,
102.90408134460449,
102.58793830871582,
105.30591011047363,
103.62505912780762,
106.39405250549316,
102.9212474822998,
103.38592529296875,
104.63595390319824,
105.00192642211914,
105.58891296386719,
107.56206512451172,
104.68029975891113,
104.51507568359375,
108.37888717651367,
107.2850227355957,
108.23678970336914,
107.27381706237793,
106.75907135009766,
107.35297203063965,
106.83107376098633,
105.92794418334961,
106.5521240234375,
107.14912414550781,
107.74993896484375,
108.17098617553711,
108.79802703857422,
107.33413696289062,
108.7958812713623,
109.24601554870605,
111.32431030273438,
111.59276962280273,
110.55898666381836,
112.26296424865723,
113.94715309143066,
112.37502098083496,
110.87679862976074,
111.67502403259277,
109.30895805358887,
114.39800262451172,
111.07110977172852,
113.45124244689941,
111.75179481506348,
115.08989334106445,
113.63625526428223,
110.66412925720215,
114.80975151062012,
107.10287094116211,
102.86378860473633,
103.6369800567627,
105.39102554321289,
106.07004165649414,
105.4840087890625,
105.5443286895752,
104.16793823242188,
104.28905487060547,
106.58788681030273,
107.80596733093262,
104.61187362670898,
104.59280014038086,
103.75428199768066,
108.78705978393555,
105.84306716918945,
105.76725006103516,
105.82995414733887,
104.80499267578125,
107.3000431060791,
108.14714431762695,
108.40201377868652,
108.44898223876953,
110.1078987121582,
109.4658374786377,
110.46195030212402,
114.18914794921875,
110.02206802368164,
104.84528541564941,
106.42004013061523,
108.36315155029297,
109.54403877258301,
109.57098007202148,
108.04080963134766,
110.78977584838867,
107.80477523803711,
108.9468002319336,
111.01317405700684,
110.52107810974121,
109.19809341430664,
109.21692848205566,
110.33105850219727,
112.87713050842285,
111.27328872680664,
111.25707626342773,
112.60080337524414,
112.26010322570801,
112.66589164733887,
114.2878532409668,
104.16913032531738,
102.7688980102539,
104.65312004089355,
105.46088218688965,
103.44982147216797,
103.73091697692871,
105.11422157287598,
105.35192489624023,
104.01487350463867,
106.89187049865723,
110.70013046264648,
106.63318634033203,
109.07316207885742,
116.31631851196289,
103.99484634399414,
103.68800163269043,
105.04412651062012,
103.67608070373535,
105.07893562316895,
103.62672805786133,
112.01310157775879,
110.3219985961914,
111.39369010925293,
110.97097396850586,
109.39788818359375,
106.86111450195312,
111.73105239868164,
111.15407943725586,
109.03096199035645,
116.56498908996582,
111.15503311157227,
110.73684692382812,
110.50820350646973,
111.26971244812012,
112.02502250671387,
106.46677017211914,
106.40311241149902,
109.87687110900879,
105.96489906311035,
105.32617568969727,
105.35120964050293,
104.66194152832031,
103.43027114868164,
102.90813446044922,
103.57975959777832,
105.76677322387695,
107.24711418151855,
107.73611068725586,
105.52287101745605,
113.50584030151367,
109.91692543029785,
103.76191139221191,
103.12008857727051,
104.5989990234375,
102.31304168701172,
103.38592529296875,
107.18297958374023,
108.66403579711914,
106.82487487792969,
106.08100891113281,
105.18717765808105,
126.82318687438965,
130.7079792022705,
118.40295791625977,
109.8020076751709,
106.89783096313477,
109.24482345581055,
107.49483108520508,
119.77291107177734,
128.59416007995605,
108.19816589355469,
124.85599517822266,
106.75835609436035,
132.64203071594238,
115.58198928833008,
109.12704467773438,
102.78582572937012,
106.77504539489746,
104.2470932006836,
106.48083686828613,
105.3779125213623,
105.69214820861816,
107.88083076477051,
104.7980785369873,
106.54807090759277,
106.4608097076416,
108.72507095336914,
107.85222053527832,
107.23090171813965,
104.93206977844238,
104.9346923828125,
106.92095756530762,
106.05216026306152,
105.06415367126465,
107.7117919921875,
105.82709312438965,
106.01210594177246,
104.48479652404785,
121.89674377441406,
123.9020824432373,
120.33462524414062,
120.27502059936523,
103.91807556152344,
127.53820419311523,
104.59184646606445,
123.87299537658691,
122.14517593383789,
105.10897636413574,
105.57389259338379,
104.0339469909668,
105.72385787963867,
106.13489151000977,
106.04691505432129,
104.22110557556152,
106.40692710876465,
105.3919792175293,
106.0631275177002,
106.4600944519043,
105.94391822814941,
106.74190521240234,
107.54704475402832,
106.4901351928711,
106.8720817565918,
106.25290870666504,
107.07283020019531,
106.903076171875,
106.85181617736816,
108.08086395263672,
108.5808277130127,
108.50024223327637,
108.54911804199219,
106.04405403137207,
108.65998268127441,
107.66386985778809,
107.71608352661133,
108.69026184082031,
109.50708389282227,
108.51788520812988,
109.0860366821289,
107.21111297607422,
107.81431198120117,
104.3846607208252,
103.59477996826172,
104.88700866699219,
104.37488555908203,
102.99396514892578,
103.44290733337402,
103.3179759979248,
104.89869117736816,
108.59179496765137,
110.70084571838379,
110.75711250305176,
110.65006256103516,
114.71700668334961,
111.67716979980469,
111.76776885986328,
112.67423629760742,
108.86502265930176,
116.17898941040039,
116.76192283630371,
117.3241138458252,
113.15369606018066,
115.26894569396973,
113.09480667114258,
112.89000511169434,
114.15410041809082,
115.79275131225586,
113.53802680969238,
112.05911636352539,
115.62919616699219,
113.44385147094727,
115.48709869384766,
117.8433895111084,
121.8113899230957,
116.4541244506836,
115.40508270263672,
115.82398414611816,
118.95871162414551,
113.18802833557129,
115.509033203125,
115.4639720916748,
116.851806640625,
116.75500869750977,
116.82605743408203,
116.89209938049316,
116.33086204528809,
116.26982688903809,
113.03973197937012,
113.04187774658203,
107.23400115966797,
103.35707664489746,
106.08816146850586,
105.27992248535156,
104.83789443969727,
105.15379905700684,
109.20190811157227,
114.74990844726562,
119.20905113220215,
115.63396453857422,
116.35208129882812,
118.17097663879395,
118.98112297058105,
117.95902252197266,
117.90013313293457,
118.87407302856445,
118.06988716125488,
119.81487274169922,
117.84601211547852,
121.13308906555176,
111.57798767089844,
112.55002021789551,
110.04376411437988,
117.95783042907715,
116.5471076965332,
115.40102958679199,
112.66613006591797,
117.43998527526855,
118.63231658935547,
117.42401123046875,
118.05605888366699,
111.19699478149414,
117.95997619628906,
121.22392654418945,
115.9811019897461,
119.53091621398926,
121.10400199890137,
116.39595031738281,
109.8792552947998,
114.35604095458984,
122.28798866271973,
122.12204933166504,
115.02885818481445,
117.26593971252441,
114.61687088012695,
114.07685279846191,
108.2150936126709,
110.1529598236084,
105.03196716308594,
106.90999031066895,
108.41012001037598,
104.45690155029297,
106.46414756774902,
110.99004745483398,
112.45107650756836,
113.86609077453613,
120.46980857849121,
121.22511863708496,
115.98730087280273,
115.81897735595703,
111.44709587097168,
116.07694625854492,
114.34698104858398,
115.54408073425293,
115.63301086425781,
117.07377433776855,
118.05200576782227,
113.07406425476074,
115.03791809082031,
120.30577659606934,
119.71926689147949,
120.20301818847656,
117.54798889160156,
120.87202072143555,
117.81787872314453,
119.60291862487793,
108.25896263122559,
104.54511642456055,
117.1731948852539,
121.02079391479492,
122.0541000366211,
121.9937801361084,
118.15214157104492,
122.8179931640625,
124.18699264526367,
115.05699157714844,
119.90594863891602,
119.92716789245605,
124.73082542419434,
125.15592575073242,
120.2690601348877,
120.7590103149414,
125.70500373840332,
124.94897842407227,
116.02282524108887,
104.07423973083496,
105.08394241333008,
103.80983352661133,
102.23674774169922,
102.93984413146973,
114.60614204406738,
108.66618156433105,
120.6362247467041,
120.5449104309082,
121.45209312438965,
123.33893775939941,
122.6511001586914,
123.37899208068848,
124.1610050201416,
136.51633262634277,
119.89474296569824,
124.94802474975586,
124.79901313781738,
120.59807777404785,
137.7108097076416,
113.7380599975586,
122.05696105957031,
139.37997817993164,
108.67094993591309,
125.34379959106445,
139.1620635986328,
123.43287467956543,
128.32403182983398,
128.6616325378418,
129.05216217041016,
126.72281265258789,
128.46899032592773,
123.08406829833984,
126.41596794128418,
130.08689880371094,
123.28696250915527,
123.95691871643066,
126.52373313903809,
127.40969657897949,
128.3740997314453,
108.56008529663086,
115.79704284667969,
125.40388107299805,
123.28505516052246,
123.26908111572266,
124.52507019042969,
127.16412544250488,
122.71595001220703,
127.14505195617676,
122.99108505249023,
120.34487724304199,
109.86590385437012,
109.05909538269043,
103.59311103820801,
103.84106636047363,
105.77392578125,
106.47296905517578,
105.52000999450684,
103.09410095214844,
105.31091690063477,
104.92300987243652,
103.59311103820801,
103.04427146911621,
105.194091796875,
103.5010814666748,
103.84297370910645,
104.13312911987305,
103.91092300415039,
102.03909873962402,
102.74410247802734,
103.63388061523438,
103.61289978027344,
103.22093963623047,
103.96194458007812,
103.68680953979492,
103.83486747741699,
103.23596000671387,
103.57904434204102,
103.49225997924805,
103.9438247680664,
103.90686988830566,
102.06389427185059,
103.03997993469238,
102.71310806274414,
103.03306579589844,
103.90591621398926,
106.09889030456543,
105.83996772766113,
104.89892959594727,
103.93595695495605,
104.96306419372559,
104.80213165283203,
104.40182685852051,
105.38291931152344,
106.4760684967041,
106.70089721679688,
105.28206825256348,
106.42313957214355,
103.32584381103516,
103.56307029724121,
103.36518287658691,
103.61599922180176,
104.19082641601562,
103.90615463256836,
105.06319999694824,
105.90004920959473,
104.3691635131836,
106.44793510437012,
108.44182968139648,
106.11200332641602,
105.00407218933105,
104.90584373474121,
105.70025444030762,
106.74095153808594,
104.85196113586426,
105.23080825805664,
105.43060302734375,
106.5511703491211,
102.98609733581543,
103.41286659240723,
105.99708557128906,
105.55481910705566,
107.00798034667969,
105.28707504272461,
102.96511650085449,
104.91800308227539,
106.21166229248047,
106.65702819824219,
107.06472396850586,
108.6740493774414,
109.50994491577148,
106.86707496643066,
107.43093490600586,
106.88209533691406,
104.24613952636719,
106.89806938171387,
104.22682762145996,
104.5370101928711,
104.7523021697998,
104.51388359069824,
103.78909111022949,
105.3628921508789,
103.44600677490234,
103.78599166870117,
105.47780990600586,
103.80387306213379,
107.88321495056152,
105.06415367126465,
102.95605659484863,
104.18009757995605,
103.68728637695312,
104.13694381713867,
105.18717765808105,
107.40208625793457,
105.95011711120605,
103.20019721984863,
104.46381568908691,
106.72307014465332,
107.28025436401367,
108.85882377624512,
105.80682754516602,
108.82902145385742,
107.65600204467773,
106.64176940917969,
107.10692405700684,
108.99734497070312,
108.18290710449219,
108.7179183959961,
107.61594772338867,
109.2519760131836,
111.55200004577637,
109.20095443725586,
106.4908504486084,
105.59391975402832,
105.38887977600098,
103.73401641845703,
110.41092872619629,
112.1830940246582,
104.86912727355957,
104.65312004089355,
106.76980018615723,
110.32223701477051,
108.39200019836426,
106.68587684631348,
106.6739559173584,
105.80801963806152,
106.31489753723145,
107.70988464355469,
106.40692710876465,
104.40230369567871,
106.74095153808594,
106.5218448638916,
107.04398155212402,
106.02116584777832,
106.2920093536377,
104.14004325866699,
103.87206077575684,
106.42671585083008,
103.27601432800293,
104.07090187072754,
104.10618782043457,
103.68061065673828,
104.58922386169434,
104.95901107788086,
108.15715789794922,
107.88488388061523,
104.10404205322266,
104.74276542663574,
106.53185844421387,
104.44283485412598,
105.53812980651855,
105.18312454223633,
107.93113708496094,
107.38205909729004,
106.60099983215332,
107.78498649597168,
106.60886764526367,
106.32085800170898,
115.00692367553711,
118.75081062316895,
121.65093421936035,
122.14303016662598,
118.48592758178711,
119.09604072570801,
121.66714668273926,
120.65386772155762,
115.7829761505127,
121.12689018249512,
121.88410758972168,
119.90809440612793,
120.47195434570312,
121.10686302185059,
114.44592475891113,
122.21693992614746,
122.16496467590332,
119.05407905578613,
120.23210525512695,
115.81897735595703,
123.59976768493652,
117.31815338134766,
111.30595207214355,
122.77507781982422,
114.5009994506836,
118.85905265808105,
108.56485366821289,
108.3228588104248,
106.55474662780762,
115.75722694396973,
105.28922080993652,
102.61893272399902,
102.97489166259766,
102.2789478302002,
103.08027267456055,
104.28428649902344,
105.16190528869629,
105.8201789855957,
103.42979431152344,
103.72805595397949,
104.74395751953125,
105.23796081542969,
105.18717765808105,
105.01408576965332,
105.27205467224121,
104.24995422363281,
104.2323112487793,
104.04300689697266,
104.99691963195801,
103.02877426147461,
102.48494148254395,
102.60796546936035,
105.13496398925781,
102.84113883972168,
104.00891304016113,
103.10101509094238,
102.78511047363281,
103.56473922729492,
102.58603096008301,
106.0941219329834,
106.06002807617188,
105.86285591125488,
103.69992256164551,
104.97689247131348,
106.12106323242188,
105.97801208496094,
106.64105415344238,
104.70414161682129,
106.66179656982422,
103.5759449005127,
103.85799407958984,
104.28786277770996,
104.57682609558105,
105.86905479431152,
104.13885116577148,
102.40411758422852,
102.81801223754883,
103.52516174316406,
103.62076759338379,
106.0640811920166,
102.49996185302734,
103.00183296203613,
104.57396507263184,
104.94399070739746,
103.12604904174805,
105.6368350982666,
103.31010818481445,
103.42812538146973,
104.12287712097168,
105.25202751159668,
106.46390914916992,
105.9880256652832,
106.92405700683594,
104.60209846496582,
104.41994667053223,
105.06391525268555,
103.88898849487305,
103.61504554748535,
108.24394226074219,
108.22892189025879,
108.73794555664062,
105.7138442993164,
107.87415504455566,
105.70478439331055,
107.97476768493652,
108.53195190429688,
109.09795761108398,
105.83806037902832,
108.52813720703125,
110.2759838104248,
109.73381996154785,
109.10201072692871,
109.1458797454834,
107.10287094116211,
109.18498039245605,
109.19594764709473,
105.89218139648438,
109.39502716064453,
106.74810409545898,
105.53598403930664,
104.81524467468262,
103.61886024475098,
103.83892059326172,
102.77414321899414,
106.1100959777832,
107.52677917480469,
103.62124443054199,
106.42409324645996,
103.57117652893066,
103.1808853149414,
103.30700874328613,
104.31623458862305,
104.41112518310547,
104.91013526916504,
104.85410690307617,
107.46526718139648,
106.7500114440918,
109.5130443572998,
110.23211479187012,
109.59720611572266,
107.76805877685547,
111.53674125671387,
110.30387878417969,
108.69932174682617,
107.12289810180664,
105.41582107543945,
105.95083236694336,
107.85102844238281,
106.2173843383789,
107.17487335205078,
105.41987419128418,
108.82091522216797,
107.80906677246094,
108.29496383666992,
107.76233673095703,
107.1310043334961,
108.7198257446289,
106.92691802978516,
105.69930076599121,
108.06012153625488,
108.16097259521484,
108.15787315368652,
106.91714286804199,
109.03215408325195,
110.33105850219727,
109.10487174987793,
109.19594764709473,
108.98399353027344,
109.02190208435059,
110.38970947265625,
108.49690437316895,
103.0268669128418,
103.46293449401855,
102.42891311645508,
103.09720039367676,
107.83696174621582,
104.60019111633301,
104.40802574157715,
103.99603843688965,
104.4778823852539,
104.53987121582031,
104.40802574157715,
104.38299179077148,
103.84106636047363,
108.14213752746582,
106.93192481994629,
109.29393768310547,
108.66999626159668,
107.80906677246094,
110.62502861022949,
107.92183876037598,
107.57207870483398,
111.33694648742676,
110.94999313354492,
107.91563987731934,
108.5820198059082,
109.53092575073242,
110.68511009216309,
110.76617240905762,
111.70625686645508,
107.3448657989502,
112.58482933044434,
115.29207229614258,
115.2949333190918,
109.98392105102539,
113.62719535827637,
116.22095108032227,
116.28293991088867,
104.68292236328125,
109.11417007446289,
107.3610782623291,
111.33098602294922,
113.00086975097656,
109.53283309936523,
112.08701133728027,
112.97202110290527,
114.23993110656738,
108.20293426513672,
114.47691917419434,
105.47924041748047,
107.21921920776367,
104.39920425415039,
105.52310943603516,
106.25314712524414,
107.41806030273438,
107.56611824035645,
107.69891738891602,
105.98897933959961,
105.16190528869629,
104.37202453613281,
103.85799407958984,
103.67894172668457,
103.47890853881836,
103.23405265808105,
107.72085189819336,
108.67905616760254,
108.49809646606445,
107.46884346008301,
107.92899131774902,
106.45294189453125,
105.3779125213623,
106.31775856018066,
105.29375076293945,
103.00993919372559,
108.45303535461426,
107.269287109375,
106.9028377532959,
109.10892486572266,
104.54678535461426,
106.69994354248047,
112.75792121887207,
110.84723472595215,
106.89687728881836,
109.82704162597656,
113.0990982055664,
111.80400848388672,
115.78917503356934,
114.13693428039551,
110.17012596130371,
109.75813865661621,
106.15086555480957,
113.09099197387695,
113.44671249389648,
111.26017570495605,
111.13500595092773,
114.61281776428223,
112.57076263427734,
105.3776741027832,
104.8440933227539,
104.32195663452148,
103.21307182312012,
104.42805290222168,
103.78599166870117,
102.55694389343262,
105.6680679321289,
106.4608097076416,
107.15508460998535,
111.49382591247559,
112.67209053039551,
108.9169979095459,
107.02800750732422,
109.70497131347656,
107.20992088317871,
107.64598846435547,
107.7878475189209,
106.2309741973877,
108.35003852844238,
104.34365272521973,
109.78889465332031,
110.57186126708984,
110.9762191772461,
103.6081314086914,
106.07481002807617,
107.06186294555664,
109.77888107299805,
106.97102546691895,
117.04611778259277,
117.45882034301758,
105.75199127197266,
118.02530288696289,
115.16880989074707,
116.5781021118164,
115.84305763244629,
115.4792308807373,
120.574951171875,
117.43879318237305,
120.27502059936523,
113.9981746673584,
116.80102348327637,
117.81096458435059,
114.3488883972168,
112.518310546875,
121.57201766967773,
118.53265762329102,
117.63834953308105,
117.36798286437988,
116.91999435424805,
117.31576919555664,
105.30614852905273,
103.55496406555176,
103.32798957824707,
105.74483871459961,
102.62298583984375,
109.03000831604004,
116.30606651306152,
106.90927505493164,
109.87186431884766,
106.96887969970703,
105.26895523071289,
104.20989990234375,
103.52706909179688,
103.53994369506836,
106.45604133605957,
104.62188720703125,
103.3639907836914,
104.64620590209961,
102.30398178100586,
103.46388816833496,
104.30717468261719,
107.39922523498535,
103.64222526550293,
103.7452220916748,
117.13790893554688,
117.55633354187012,
104.66933250427246,
104.6903133392334,
105.133056640625,
105.12304306030273,
104.97498512268066,
105.35597801208496,
105.8187484741211,
105.68428039550781,
105.02076148986816,
106.87899589538574,
107.38205909729004,
106.62508010864258,
105.5448055267334,
106.68110847473145,
106.5218448638916,
106.95505142211914,
105.49235343933105,
105.91912269592285,
107.19585418701172,
105.89599609375,
105.0868034362793,
105.51881790161133,
102.04005241394043,
102.49495506286621,
104.248046875,
101.90987586975098,
104.86197471618652,
103.88994216918945,
104.8576831817627,
103.54471206665039,
106.5971851348877,
103.78813743591309,
104.66790199279785,
103.3029556274414,
102.70285606384277,
101.88126564025879,
102.27298736572266,
107.6498031616211,
107.27190971374512,
104.48193550109863,
103.41095924377441,
105.18503189086914,
103.81674766540527,
104.45094108581543,
103.17230224609375,
105.48090934753418,
108.8418960571289,
108.02292823791504,
109.10177230834961,
103.62815856933594,
105.2999496459961,
106.82296752929688,
103.86300086975098,
107.41496086120605,
106.83083534240723,
109.2078685760498,
105.06820678710938,
107.97905921936035,
103.48725318908691,
105.06892204284668,
104.27403450012207,
105.76701164245605,
105.37910461425781,
105.2711009979248,
106.4760684967041,
106.68706893920898,
107.29289054870605,
106.87494277954102,
108.54125022888184,
108.45685005187988,
107.84602165222168,
102.94032096862793,
101.87196731567383,
102.4019718170166,
102.63991355895996,
103.35278511047363,
103.87086868286133,
104.24089431762695,
107.1779727935791,
106.89401626586914,
103.49583625793457,
104.80213165283203,
103.01804542541504,
102.2958755493164,
103.50275039672852,
104.33578491210938,
105.4069995880127,
103.97791862487793,
103.76501083374023,
103.36875915527344,
102.8590202331543,
102.89525985717773,
104.94112968444824,
103.97076606750488,
104.69603538513184,
105.24702072143555,
104.86507415771484,
103.82604598999023,
105.29899597167969,
106.4310073852539,
105.08489608764648,
103.70779037475586,
106.17613792419434,
107.45096206665039,
105.12089729309082,
105.23080825805664,
106.48393630981445,
105.65686225891113,
105.58390617370605,
105.21197319030762,
106.73809051513672,
106.05716705322266,
105.71002960205078,
105.4067611694336,
104.98523712158203,
103.84583473205566,
103.74712944030762,
103.49011421203613,
102.40507125854492,
103.13129425048828,
103.22999954223633,
103.80983352661133,
103.50990295410156,
103.50298881530762,
103.78003120422363,
102.92196273803711,
103.51371765136719,
107.86294937133789,
106.84919357299805,
108.55603218078613,
107.88679122924805,
105.90314865112305,
103.485107421875,
103.58691215515137,
103.35516929626465,
103.02305221557617,
104.26187515258789,
106.07600212097168,
105.8189868927002,
105.94487190246582,
104.91514205932617,
112.18094825744629,
106.75621032714844,
108.3829402923584,
113.76190185546875,
109.32731628417969,
109.07125473022461,
106.82892799377441,
114.20083045959473,
106.48488998413086,
107.24687576293945,
106.7352294921875,
107.6650619506836,
107.74707794189453,
106.57620429992676,
109.18521881103516,
108.2921028137207,
106.60719871520996,
107.15985298156738,
108.22415351867676,
109.42625999450684,
106.54425621032715,
104.7203540802002,
105.94892501831055,
103.84297370910645,
103.19995880126953,
104.71296310424805,
104.45213317871094,
103.97601127624512,
106.03904724121094,
105.58509826660156,
111.91105842590332,
107.93018341064453,
104.93183135986328,
104.29596900939941,
103.63912582397461,
105.1027774810791,
103.98101806640625,
105.05080223083496,
104.28977012634277,
106.44388198852539,
102.96201705932617,
108.88195037841797,
105.1950454711914,
105.23104667663574,
104.67004776000977,
105.90600967407227,
105.79204559326172,
104.66885566711426,
103.78217697143555,
106.07290267944336,
108.97612571716309,
109.0998649597168,
106.13584518432617,
107.2998046875,
107.85508155822754,
106.26697540283203,
107.82599449157715,
109.48419570922852,
108.57892036437988,
109.62390899658203,
108.1089973449707,
106.89520835876465,
109.6048355102539,
106.82511329650879,
108.03508758544922,
108.63208770751953,
108.07228088378906,
110.8400821685791,
108.11996459960938,
109.06863212585449,
109.08198356628418,
109.11202430725098,
106.7190170288086,
105.37028312683105,
104.52508926391602,
105.65400123596191,
104.31122779846191,
104.79521751403809,
106.56929016113281,
105.24320602416992,
106.90593719482422,
107.12099075317383,
107.82003402709961,
109.14993286132812,
104.89416122436523,
103.43599319458008,
103.70492935180664,
108.9470386505127,
109.03286933898926,
105.35216331481934,
108.13617706298828,
104.97903823852539,
105.32879829406738,
105.09610176086426,
102.44417190551758,
104.57396507263184,
106.28008842468262,
107.53512382507324,
107.66005516052246,
107.74707794189453,
106.75907135009766,
110.31508445739746,
110.40210723876953,
111.33599281311035,
109.00998115539551,
109.13681983947754,
105.43417930603027,
105.99088668823242,
110.57591438293457,
107.17630386352539,
109.15899276733398,
108.79397392272949,
108.19792747497559,
112.28418350219727,
108.19315910339355,
110.8860969543457,
110.46981811523438,
104.3100357055664,
106.2018871307373,
105.94701766967773,
111.0830307006836,
103.79791259765625,
103.00183296203613,
105.21602630615234,
104.72702980041504,
105.3609848022461,
104.62784767150879,
105.47590255737305,
104.71081733703613,
104.33220863342285,
105.57222366333008,
107.48696327209473,
106.41598701477051,
103.74307632446289,
103.09290885925293,
103.66487503051758,
105.14712333679199,
105.11088371276855,
106.73308372497559,
103.26886177062988,
105.86023330688477,
103.86896133422852,
104.59184646606445,
104.28905487060547,
102.75721549987793,
104.76803779602051,
106.80222511291504,
107.73921012878418,
108.51812362670898,
108.07085037231445,
108.0470085144043,
108.64901542663574,
108.44182968139648,
107.68485069274902,
109.3142032623291,
111.00101470947266,
106.12201690673828,
108.75415802001953,
106.51302337646484,
103.53589057922363,
108.94393920898438,
109.68184471130371,
110.18204689025879,
107.89704322814941,
110.9609603881836,
108.66689682006836,
110.79192161560059,
104.36892509460449,
107.07879066467285,
104.70199584960938,
103.75595092773438,
103.55806350708008,
103.0569076538086,
103.62577438354492,
105.70311546325684,
105.61728477478027,
105.52406311035156,
103.97195816040039,
105.73196411132812,
105.40175437927246,
107.00488090515137,
106.37640953063965,
104.6290397644043,
106.21094703674316,
105.89885711669922,
107.31005668640137,
103.8367748260498,
104.48884963989258,
102.9970645904541,
105.27205467224121,
104.66885566711426,
103.61409187316895,
104.30288314819336,
105.28206825256348,
107.0561408996582,
110.05473136901855,
112.26177215576172,
106.80222511291504,
108.6421012878418,
113.3568286895752,
109.18307304382324,
110.6710433959961,
114.87102508544922,
109.24506187438965,
108.11495780944824,
114.11213874816895,
108.9620590209961,
112.08391189575195,
108.51788520812988,
116.00184440612793,
111.77897453308105,
115.94676971435547,
106.5969467163086,
104.73299026489258,
103.69396209716797,
103.45816612243652,
103.37591171264648,
104.10428047180176,
103.48176956176758,
103.1029224395752,
103.08599472045898,
104.06184196472168,
106.13512992858887,
104.44784164428711,
103.25002670288086,
105.25822639465332,
104.01678085327148,
106.16111755371094,
107.68389701843262,
103.8057804107666,
103.44409942626953,
105.3457260131836,
105.00216484069824,
108.6738109588623,
104.15196418762207,
104.31599617004395,
103.70111465454102,
103.39784622192383,
104.56109046936035,
104.19678688049316,
106.79388046264648,
104.34293746948242,
104.60186004638672,
107.2392463684082,
108.53457450866699,
107.03086853027344,
106.86278343200684,
106.8727970123291,
107.35702514648438,
106.09197616577148,
105.43990135192871,
107.45811462402344,
107.9869270324707,
109.87687110900879,
108.80899429321289,
106.67204856872559,
108.67190361022949,
104.71606254577637,
106.42576217651367,
106.04310035705566,
102.56600379943848,
103.17420959472656,
106.01997375488281,
109.71784591674805,
105.87692260742188,
106.48083686828613,
109.79795455932617,
105.4379940032959,
104.583740234375,
104.34603691101074,
105.10587692260742,
104.98189926147461,
105.9122085571289,
106.1239242553711,
103.6539077758789,
105.53669929504395,
106.69422149658203,
104.1572093963623,
107.15007781982422,
109.37190055847168,
108.07299613952637,
105.04341125488281,
104.25376892089844,
104.28404808044434,
110.6879711151123,
111.4349365234375,
107.02705383300781,
109.2979907989502,
108.61015319824219,
108.52789878845215,
105.06319999694824,
107.73611068725586,
108.92987251281738,
108.4747314453125,
109.61079597473145,
110.29887199401855,
105.1490306854248,
104.79903221130371,
105.97085952758789,
108.14499855041504,
108.65187644958496,
104.98404502868652,
102.65493392944336,
104.25305366516113,
104.60114479064941,
104.9501895904541,
107.57017135620117,
102.98490524291992,
102.1580696105957,
102.69379615783691,
102.42986679077148,
104.53295707702637,
107.69081115722656,
107.06400871276855,
107.9399585723877,
108.61802101135254,
108.49690437316895,
120.06092071533203,
120.38207054138184,
118.4380054473877,
123.89492988586426,
122.71595001220703,
107.7277660369873,
102.84018516540527,
105.30209541320801,
108.11090469360352,
107.5289249420166,
103.42907905578613,
103.0421257019043,
105.48806190490723,
104.10237312316895,
105.8340072631836,
102.98395156860352,
103.14798355102539,
104.55489158630371,
118.64304542541504,
115.38982391357422,
119.52614784240723,
126.10983848571777,
123.3670711517334,
154.93464469909668,
152.2519588470459,
152.05001831054688,
151.2312889099121,
157.72604942321777,
152.238130569458,
155.55405616760254,
150.72202682495117,
151.12781524658203,
149.89805221557617,
147.4590301513672,
145.7538604736328,
127.69913673400879,
131.14094734191895,
137.67004013061523,
127.38990783691406,
141.38388633728027,
127.36082077026367,
137.16793060302734,
125.66494941711426,
128.4630298614502,
131.90889358520508,
108.489990234375,
105.88407516479492,
104.08496856689453,
120.7270622253418,
130.38086891174316,
140.85793495178223,
119.17805671691895,
153.2289981842041,
123.45290184020996,
134.68289375305176,
152.13394165039062,
152.7578830718994,
133.00108909606934,
153.34701538085938,
132.0183277130127,
153.82814407348633,
107.01274871826172,
154.38318252563477,
110.16511917114258,
110.7339859008789,
110.65125465393066,
110.83412170410156,
111.3131046295166,
109.46893692016602,
163.25783729553223,
166.01991653442383,
111.60922050476074,
111.50193214416504,
111.34600639343262,
113.82508277893066,
110.42904853820801,
111.3138198852539,
114.53723907470703,
111.07921600341797,
111.02008819580078,
111.61494255065918,
110.49914360046387,
116.73593521118164,
112.68305778503418,
109.51995849609375,
111.6628646850586,
117.88320541381836,
110.47601699829102,
113.4500503540039,
114.0449047088623,
117.0191764831543,
113.09313774108887,
114.30692672729492,
119.0180778503418,
107.9249382019043,
108.27398300170898,
107.6500415802002,
110.01420021057129,
108.9777946472168,
109.83395576477051,
110.79597473144531,
108.21676254272461,
108.92701148986816,
106.97436332702637,
106.86802864074707,
107.7430248260498,
107.21206665039062,
108.55984687805176,
106.36401176452637,
109.75503921508789,
110.95190048217773,
110.1541519165039,
110.31389236450195,
110.09812355041504,
109.88903045654297,
109.27796363830566,
109.07483100891113,
110.6271743774414,
109.97200012207031,
108.93487930297852,
108.856201171875,
109.42816734313965,
110.29195785522461,
109.63988304138184,
109.64584350585938,
109.1470718383789,
107.06305503845215,
111.53936386108398,
109.18712615966797,
112.18929290771484,
107.32197761535645,
111.42516136169434,
110.85796356201172,
109.58003997802734,
105.75222969055176,
113.88087272644043,
108.94203186035156,
112.8990650177002,
110.2609634399414,
107.47289657592773,
111.1907958984375,
112.26892471313477,
113.22903633117676,
110.88919639587402,
108.6587905883789,
107.5747013092041,
107.42568969726562,
107.51986503601074,
106.5680980682373,
107.3153018951416,
106.68110847473145,
105.30614852905273,
105.9267520904541,
110.69583892822266,
109.75193977355957,
110.63408851623535,
107.1920394897461,
106.5819263458252,
109.08627510070801,
108.7789535522461,
105.95083236694336,
123.43001365661621,
121.63925170898438,
122.22099304199219,
111.90509796142578,
112.25509643554688,
121.52814865112305,
110.06283760070801,
116.67513847351074,
115.12494087219238,
125.68807601928711,
125.3509521484375,
128.9510726928711,
123.34990501403809,
117.99502372741699,
115.38887023925781,
119.29512023925781,
115.84115028381348,
120.73802947998047,
121.20485305786133,
114.10689353942871,
113.6481761932373,
119.17376518249512,
114.62092399597168,
126.73306465148926,
119.66800689697266,
132.39002227783203,
130.34772872924805,
121.9937801361084,
117.42615699768066,
122.39718437194824,
130.26690483093262,
123.81601333618164,
121.69909477233887,
123.80003929138184,
112.61200904846191,
116.7290210723877,
116.06025695800781,
110.39400100708008,
114.49313163757324,
118.59583854675293,
108.32715034484863,
111.80496215820312,
104.96783256530762,
108.43801498413086,
104.7511100769043,
105.10015487670898,
106.70280456542969,
113.56687545776367,
114.95709419250488,
116.64795875549316,
112.65897750854492,
138.40889930725098,
137.4337673187256,
139.35613632202148,
138.33022117614746,
134.31191444396973,
143.1889533996582,
105.61990737915039,
143.2647705078125,
142.03381538391113,
144.0141201019287,
106.02116584777832,
142.92216300964355,
142.81606674194336,
106.2002182006836,
140.11907577514648,
141.8588161468506,
139.81389999389648,
141.70432090759277,
138.5331153869629,
142.6067352294922,
138.98181915283203,
141.6478157043457,
139.43076133728027,
145.21121978759766,
146.75188064575195,
106.28294944763184,
106.60099983215332,
146.94976806640625,
144.78707313537598,
143.78809928894043,
146.44718170166016,
143.49627494812012,
148.48017692565918,
145.26796340942383,
143.326997756958,
145.32828330993652,
106.29010200500488,
107.5289249420166,
147.12095260620117,
142.29083061218262,
104.41112518310547,
105.46684265136719,
104.3539047241211,
106.13799095153809,
107.66100883483887,
105.66568374633789,
125.73075294494629,
111.5410327911377,
106.70304298400879,
103.67512702941895,
124.51004981994629,
122.80917167663574,
130.24616241455078,
130.61881065368652,
131.1631202697754,
128.03936004638672,
128.03936004638672,
131.06203079223633,
129.96506690979004,
125.11992454528809,
136.45410537719727,
129.5638084411621,
127.31313705444336,
136.37781143188477,
136.26813888549805,
126.93500518798828,
126.19495391845703,
137.41803169250488,
134.87696647644043,
131.42991065979004,
134.40513610839844,
136.07406616210938,
132.92598724365234,
138.29565048217773,
137.17198371887207,
134.08589363098145,
128.90219688415527,
139.85371589660645,
129.58788871765137,
130.2649974822998,
129.10985946655273,
133.70203971862793,
129.18496131896973,
137.20107078552246,
136.03901863098145,
135.2713108062744,
139.79005813598633,
139.87469673156738,
129.43172454833984,
145.88475227355957,
142.94719696044922,
137.15195655822754,
140.0899887084961,
137.84503936767578,
142.01998710632324,
134.6149444580078,
104.5689582824707,
105.3931713104248,
105.14116287231445,
103.68514060974121,
115.4019832611084,
116.53399467468262,
116.93215370178223,
115.36192893981934,
115.11898040771484,
114.39895629882812,
113.95812034606934,
115.98801612854004,
116.90711975097656,
118.41225624084473,
116.66297912597656,
118.56412887573242,
119.75717544555664,
119.45915222167969,
120.76497077941895,
120.61905860900879,
120.09811401367188,
120.21374702453613,
118.81184577941895,
120.2850341796875,
118.72315406799316,
121.30212783813477,
120.1620101928711,
120.29099464416504,
119.4450855255127,
122.30515480041504,
121.73795700073242,
119.04406547546387,
124.00197982788086,
118.7140941619873,
120.96381187438965,
120.00274658203125,
116.72687530517578,
121.50001525878906,
120.5451488494873,
121.74296379089355,
122.33376502990723,
120.66197395324707,
118.38388442993164,
121.5968132019043,
121.66881561279297,
126.00088119506836,
119.02999877929688,
119.42625045776367,
123.41809272766113,
107.04803466796875,
106.95910453796387,
105.21912574768066,
107.73205757141113,
120.39995193481445,
121.90389633178711,
121.19197845458984,
120.85390090942383,
121.93942070007324,
118.45707893371582,
117.5379753112793,
118.65806579589844,
118.26205253601074,
112.1070384979248,
119.31705474853516,
116.06001853942871,
113.43193054199219,
118.48878860473633,
121.60491943359375,
124.48477745056152,
119.92597579956055,
115.38290977478027,
115.27895927429199,
126.61218643188477,
125.70500373840332,
124.60708618164062,
125.03242492675781,
124.28903579711914,
122.10798263549805,
120.1331615447998,
126.63507461547852,
123.992919921875,
125.48112869262695,
120.70393562316895,
122.66397476196289,
127.00700759887695,
124.36485290527344,
125.52809715270996,
119.20905113220215,
123.81386756896973,
127.23207473754883,
126.73306465148926,
122.20215797424316,
126.05810165405273,
124.34029579162598,
120.15414237976074,
124.28712844848633,
119.98295783996582,
123.0320930480957,
108.84690284729004,
108.28328132629395,
112.11895942687988,
105.20291328430176,
106.30083084106445,
107.45024681091309,
107.72037506103516,
109.41576957702637,
107.21588134765625,
109.77578163146973,
108.19602012634277,
111.19389533996582,
110.57615280151367,
112.92386054992676,
112.3509407043457,
112.1070384979248,
112.5340461730957,
113.29388618469238,
112.39194869995117,
114.22395706176758,
112.6718521118164,
112.78915405273438,
113.73186111450195,
115.55314064025879,
121.24800682067871,
112.61415481567383,
113.76571655273438,
114.27593231201172,
113.21711540222168,
115.29803276062012,
114.90488052368164,
111.26494407653809,
110.80193519592285,
111.44685745239258,
111.38606071472168,
115.44990539550781,
118.08896064758301,
115.74125289916992,
118.1952953338623,
111.67097091674805,
116.08695983886719,
115.33689498901367,
114.65716361999512,
120.51582336425781,
117.65193939208984,
120.59402465820312,
117.25997924804688,
117.74992942810059,
115.64993858337402,
115.5538558959961,
120.55087089538574,
115.50521850585938,
111.24491691589355,
105.61609268188477,
105.1492691040039,
105.72981834411621,
105.3011417388916,
105.45587539672852,
105.38506507873535,
112.87307739257812,
110.70728302001953,
110.73517799377441,
110.74376106262207,
110.7168197631836,
112.81108856201172,
113.10482025146484,
111.61398887634277,
111.83285713195801,
109.55214500427246,
113.47198486328125,
112.1969223022461,
112.14900016784668,
110.58282852172852,
112.04099655151367,
115.28801918029785,
111.0372543334961,
111.03105545043945,
113.55090141296387,
114.18962478637695,
115.59200286865234,
115.29397964477539,
119.08793449401855,
118.18075180053711,
114.67099189758301,
119.15087699890137,
115.38887023925781,
121.03915214538574,
114.74728584289551,
114.83597755432129,
116.14608764648438,
114.6998405456543,
111.95111274719238,
119.85206604003906,
120.77903747558594,
117.68198013305664,
118.2699203491211,
122.50709533691406,
116.16015434265137,
117.28310585021973,
123.08096885681152,
117.06805229187012,
124.31907653808594,
106.38284683227539,
106.43911361694336,
106.68420791625977,
104.46786880493164,
107.14197158813477,
106.83083534240723,
105.07702827453613,
105.84592819213867,
104.97593879699707,
107.82909393310547,
111.86790466308594,
109.4057559967041,
115.18621444702148,
115.23199081420898,
115.29207229614258,
116.01996421813965,
113.70491981506348,
113.81912231445312,
113.8617992401123,
115.0510311126709,
108.86621475219727,
109.47775840759277,
110.60810089111328,
112.53905296325684,
112.6871109008789,
113.47484588623047,
114.50505256652832,
114.58086967468262,
114.75396156311035,
114.11213874816895,
114.2730712890625,
115.88788032531738,
115.80610275268555,
115.89717864990234,
113.86895179748535,
116.24884605407715,
115.74792861938477,
114.45808410644531,
113.54303359985352,
117.85411834716797,
115.6301498413086,
117.58613586425781,
119.22001838684082,
114.99595642089844,
118.12829971313477,
118.16978454589844,
114.28189277648926,
120.15986442565918,
104.92181777954102,
104.84600067138672,
106.82797431945801,
116.79935455322266,
108.06894302368164,
114.05706405639648,
118.19791793823242,
107.44285583496094,
107.49387741088867,
105.61418533325195,
104.5989990234375,
105.54003715515137,
107.33890533447266,
108.38603973388672,
114.54892158508301,
115.21100997924805,
115.94772338867188,
111.9699478149414,
123.24190139770508,
120.61905860900879,
116.38998985290527,
129.11415100097656,
123.07310104370117,
117.26498603820801,
122.69735336303711,
129.55093383789062,
123.97480010986328,
122.50781059265137,
124.04489517211914,
119.34304237365723,
132.3871612548828,
131.71672821044922,
125.35881996154785,
121.86598777770996,
125.09393692016602,
125.15592575073242,
122.9240894317627,
120.84317207336426,
124.18103218078613,
121.58799171447754,
124.45592880249023,
121.74630165100098,
121.08230590820312,
119.47774887084961,
135.93697547912598,
124.01723861694336,
122.37977981567383,
126.12605094909668,
128.01313400268555,
103.63388061523438,
104.89416122436523,
107.63001441955566,
104.6597957611084,
105.44610023498535,
104.6912670135498,
104.17008399963379,
105.41200637817383,
104.3400764465332,
104.1569709777832,
105.38196563720703,
106.4910888671875,
106.76288604736328,
106.1711311340332,
104.88295555114746,
106.34326934814453,
105.54909706115723,
107.26284980773926,
113.26789855957031,
116.12987518310547,
114.75610733032227,
116.30797386169434,
114.66217041015625,
116.17207527160645,
117.07496643066406,
119.25816535949707,
116.01996421813965,
117.26903915405273,
117.04802513122559,
120.1181411743164,
117.48504638671875,
117.08521842956543,
113.33799362182617,
121.10114097595215,
120.99194526672363,
120.85199356079102,
120.77116966247559,
120.32008171081543,
117.91801452636719,
118.7429428100586,
123.18897247314453,
123.94404411315918,
124.43995475769043,
123.06785583496094,
122.90287017822266,
120.75996398925781,
118.65091323852539,
127.02512741088867,
124.41492080688477,
107.83529281616211,
107.13791847229004,
107.2549819946289,
106.52685165405273,
107.43188858032227,
107.38611221313477,
104.75492477416992,
107.95021057128906,
107.99193382263184,
103.98197174072266,
106.63294792175293,
108.55889320373535,
106.28509521484375,
104.14409637451172,
108.734130859375,
106.60481452941895,
106.23884201049805,
112.12420463562012,
113.3720874786377,
114.19010162353516,
114.40420150756836,
114.49432373046875,
108.31308364868164,
116.18399620056152,
109.03811454772949,
109.58600044250488,
111.01913452148438,
109.3740463256836,
111.11187934875488,
108.52193832397461,
108.48784446716309,
112.7166748046875,
111.47093772888184,
108.94894599914551,
111.1910343170166,
108.01100730895996,
109.6351146697998,
109.59911346435547,
106.79197311401367,
106.7500114440918,
108.56199264526367,
108.94894599914551,
108.73794555664062,
110.52322387695312,
106.2459945678711,
107.32412338256836,
107.31077194213867,
106.45127296447754,
104.15983200073242,
109.38811302185059,
104.64978218078613,
103.97791862487793,
104.62498664855957,
105.05890846252441,
103.7287712097168,
103.63078117370605,
103.59311103820801,
102.10108757019043,
104.08186912536621,
104.07805442810059,
108.93797874450684,
108.19029808044434,
103.13987731933594,
103.75499725341797,
106.1398983001709,
106.27412796020508,
103.07097434997559,
113.67416381835938,
111.71412467956543,
111.01698875427246,
111.62495613098145,
115.85617065429688,
108.86716842651367,
119.64702606201172,
117.73967742919922,
116.88804626464844,
116.26601219177246,
112.84494400024414,
111.89484596252441,
115.27323722839355,
115.2181625366211,
114.99905586242676,
116.0738468170166,
111.93990707397461,
113.4190559387207,
111.41681671142578,
118.12973022460938,
115.9520149230957,
115.42892456054688,
115.8440113067627,
113.677978515625,
111.8779182434082,
115.20004272460938,
110.3048324584961,
112.68877983093262,
112.39194869995117,
111.80901527404785,
111.47403717041016,
104.59089279174805,
105.0870418548584,
103.44672203063965,
103.9421558380127,
104.36797142028809,
104.33006286621094,
104.00795936584473,
102.60391235351562,
113.27791213989258,
113.67607116699219,
104.21013832092285,
103.48701477050781,
104.36606407165527,
102.58984565734863,
105.71599006652832,
109.9250316619873,
112.94317245483398,
104.07304763793945,
107.85174369812012,
106.15801811218262,
110.58592796325684,
104.6457290649414,
109.5728874206543,
110.20207405090332,
110.03494262695312,
110.08310317993164,
112.87808418273926,
112.89286613464355,
112.87522315979004,
111.45234107971191,
111.95993423461914,
110.64982414245605,
109.32493209838867,
111.65785789489746,
107.67984390258789,
109.83514785766602,
110.3830337524414,
108.57701301574707,
112.10989952087402,
111.29903793334961,
111.6790771484375,
110.90803146362305,
111.08207702636719,
110.24808883666992,
110.66508293151855,
112.51997947692871,
112.99991607666016,
113.39592933654785,
112.4873161315918,
111.93013191223145,
109.71903800964355,
115.13495445251465,
113.32893371582031,
116.69182777404785,
106.44102096557617,
106.77218437194824,
105.95083236694336,
104.30264472961426,
104.64906692504883,
104.75301742553711,
103.61695289611816,
102.8449535369873,
105.57723045349121,
103.44195365905762,
115.89694023132324,
117.0969009399414,
117.76995658874512,
117.39206314086914,
116.01400375366211,
117.26498603820801,
118.21818351745605,
118.0417537689209,
114.26687240600586,
115.10920524597168,
122.0247745513916,
117.1259880065918,
110.5501651763916,
122.92098999023438,
112.7481460571289,
111.49072647094727,
109.9252700805664,
123.75283241271973,
109.5578670501709,
120.50509452819824,
124.74513053894043,
125.62990188598633,
123.92497062683105,
117.83814430236816,
124.05586242675781,
124.9699592590332,
126.6179084777832,
119.08602714538574,
123.41523170471191,
128.04126739501953,
119.45009231567383,
126.7709732055664,
123.54874610900879,
124.95708465576172,
118.43204498291016,
124.8629093170166,
124.02009963989258,
115.21005630493164,
129.63199615478516,
126.88899040222168,
106.25529289245605,
104.00795936584473,
106.81819915771484,
103.88708114624023,
105.5600643157959,
105.39507865905762,
104.57181930541992,
108.80208015441895,
106.88185691833496,
108.57605934143066,
106.28175735473633,
110.68487167358398,
111.94515228271484,
110.28814315795898,
110.13984680175781,
112.08605766296387,
109.8489761352539,
116.91117286682129,
113.92712593078613,
115.4320240020752,
114.30501937866211,
115.64993858337402,
111.96589469909668,
113.67011070251465,
111.04393005371094,
115.4780387878418,
116.51110649108887,
114.3338680267334,
117.44189262390137,
114.68076705932617,
115.49806594848633,
114.34721946716309,
116.98722839355469,
115.94295501708984,
120.36895751953125,
121.06108665466309,
115.2489185333252,
119.27294731140137,
120.82624435424805,
118.92914772033691,
116.91498756408691,
116.93000793457031,
115.64111709594727,
115.65399169921875,
120.19777297973633,
114.26901817321777,
114.31503295898438,
121.07205390930176,
110.78190803527832,
108.47878456115723,
111.03296279907227,
110.20898818969727,
107.61404037475586,
107.31792449951172,
107.74588584899902,
105.91292381286621,
108.13212394714355,
104.18105125427246,
105.26704788208008,
106.43720626831055,
110.75687408447266,
116.30988121032715,
117.68078804016113,
109.61723327636719,
118.84498596191406,
112.01882362365723,
110.27693748474121,
114.43591117858887,
114.46499824523926,
114.19105529785156,
114.77303504943848,
114.4099235534668,
114.9289608001709,
112.83016204833984,
113.33703994750977,
115.3862476348877,
116.82724952697754,
113.81292343139648,
116.0879135131836,
113.95001411437988,
113.34490776062012,
114.74490165710449,
114.52293395996094,
114.35890197753906,
116.47701263427734,
114.4559383392334,
115.36312103271484,
114.60375785827637,
115.79489707946777,
114.95494842529297,
116.02306365966797,
115.79322814941406,
115.60487747192383,
115.65303802490234,
115.69690704345703,
110.61525344848633,
112.32709884643555,
115.14902114868164,
114.01200294494629,
110.9921932220459,
117.70391464233398,
118.18814277648926,
116.61314964294434,
119.01092529296875,
109.15613174438477,
104.92396354675293,
104.45594787597656,
105.00502586364746,
105.78513145446777,
104.68602180480957,
104.91085052490234,
104.95305061340332,
107.04398155212402,
106.0800552368164,
105.60894012451172,
106.04190826416016,
115.22793769836426,
116.14298820495605,
117.43521690368652,
117.25378036499023,
116.5919303894043,
117.73300170898438,
114.13311958312988,
113.63601684570312,
113.39902877807617,
113.24214935302734,
115.08727073669434,
115.59581756591797,
116.13726615905762,
114.90511894226074,
115.34404754638672,
114.78495597839355,
109.81106758117676,
110.97502708435059,
111.70315742492676,
110.77404022216797,
111.24801635742188,
111.71102523803711,
112.40601539611816,
113.23785781860352,
114.37726020812988,
112.62202262878418,
112.6251220703125,
114.44401741027832,
109.73715782165527,
111.26494407653809,
115.29278755187988,
115.69094657897949,
111.68694496154785,
113.35396766662598,
113.94119262695312,
114.3338680267334,
110.72683334350586,
114.31288719177246,
105.14307022094727,
105.95703125,
103.51014137268066,
104.4471263885498,
105.19099235534668,
103.08575630187988,
103.61003875732422,
105.34405708312988,
105.41796684265137,
105.0107479095459,
105.55291175842285,
108.33001136779785,
112.18619346618652,
112.27083206176758,
112.35523223876953,
110.25214195251465,
109.67278480529785,
111.11712455749512,
110.47601699829102,
110.97073554992676,
112.82896995544434,
109.06720161437988,
113.9378547668457,
114.58182334899902,
116.24288558959961,
111.70482635498047,
111.46688461303711,
111.55271530151367,
112.87999153137207,
113.36612701416016,
114.0599250793457,
111.94086074829102,
108.42013359069824,
115.55099487304688,
113.84773254394531,
112.76507377624512,
114.48907852172852,
117.76208877563477,
116.46103858947754,
112.65921592712402,
114.7756576538086,
113.45410346984863,
116.03999137878418,
118.50094795227051,
116.3032054901123,
111.7250919342041,
117.78593063354492,
113.46888542175293,
113.47389221191406,
106.49800300598145,
106.87875747680664,
106.70304298400879,
104.19297218322754,
103.79409790039062,
104.61711883544922,
104.48312759399414,
104.44307327270508,
104.6149730682373,
104.2323112487793,
104.80594635009766,
106.84800148010254,
107.50412940979004,
108.05988311767578,
106.68683052062988,
109.56192016601562,
107.940673828125,
112.34903335571289,
113.62409591674805,
114.59684371948242,
114.16387557983398,
114.55202102661133,
110.33010482788086,
109.34090614318848,
109.23385620117188,
110.1839542388916,
109.2522144317627,
109.14492607116699,
110.83102226257324,
110.32795906066895,
111.6631031036377,
106.43696784973145,
105.94677925109863,
107.8941822052002,
109.45701599121094,
107.93590545654297,
108.43992233276367,
106.7190170288086,
109.68208312988281,
105.55624961853027,
109.09390449523926,
109.82489585876465,
109.74001884460449,
105.79586029052734,
107.71298408508301,
107.22994804382324,
105.37385940551758,
106.31704330444336,
106.23526573181152,
105.52215576171875,
103.70492935180664,
103.56903076171875,
104.58803176879883,
103.96909713745117,
105.98206520080566,
105.7891845703125,
107.37204551696777,
102.83493995666504,
103.61695289611816,
104.65407371520996,
103.8970947265625,
104.27117347717285,
106.32801055908203,
106.2469482421875,
104.93707656860352,
104.49075698852539,
103.80816459655762,
104.85696792602539,
106.40311241149902,
105.06081581115723,
104.64096069335938,
106.56189918518066,
106.94074630737305,
107.80501365661621,
108.08181762695312,
109.74311828613281,
108.73579978942871,
109.14301872253418,
112.59913444519043,
107.9099178314209,
113.3270263671875,
108.70122909545898,
111.82999610900879,
111.00316047668457,
114.33982849121094,
112.6248836517334,
105.84902763366699,
106.40692710876465,
113.51609230041504,
110.11576652526855,
109.16519165039062,
114.25304412841797,
115.19789695739746,
106.59193992614746,
114.41302299499512,
105.51095008850098,
112.58697509765625,
107.09238052368164,
106.61816596984863,
106.57191276550293,
104.57277297973633,
102.91290283203125,
105.08108139038086,
103.23095321655273,
111.18793487548828,
119.89283561706543,
119.96793746948242,
117.93327331542969,
105.59201240539551,
103.26004028320312,
107.63692855834961,
105.06629943847656,
104.62117195129395,
108.62207412719727,
108.50691795349121,
109.72428321838379,
126.12032890319824,
115.42296409606934,
109.09390449523926,
125.95701217651367,
111.70196533203125,
115.11111259460449,
112.77484893798828,
126.4948844909668,
110.88418960571289,
110.5649471282959,
115.78607559204102,
129.32300567626953,
114.67909812927246,
124.74179267883301,
113.83223533630371,
115.37003517150879,
112.85185813903809,
111.07373237609863,
122.09391593933105,
117.76900291442871,
111.19413375854492,
111.54603958129883,
113.83605003356934,
118.29137802124023,
116.08695983886719,
117.37298965454102,
118.28994750976562,
118.1492805480957,
116.07122421264648,
113.02304267883301,
103.19113731384277,
103.15418243408203,
103.66511344909668,
115.05484580993652,
111.21606826782227,
137.2668743133545,
117.16794967651367,
138.36288452148438,
112.4112606048584,
119.99726295471191,
101.17387771606445,
102.21314430236816,
103.4398078918457,
103.76191139221191,
104.62212562561035,
112.72501945495605,
113.67607116699219,
114.19177055358887,
118.77107620239258,
113.08789253234863,
112.85090446472168,
113.25526237487793,
113.5549545288086,
115.15593528747559,
115.88907241821289,
115.01312255859375,
116.39094352722168,
116.22500419616699,
118.14403533935547,
114.44306373596191,
114.3500804901123,
115.55361747741699,
116.51492118835449,
114.1510009765625,
110.05210876464844,
116.49703979492188,
114.84789848327637,
115.47112464904785,
113.40594291687012,
117.94185638427734,
115.9811019897461,
115.50283432006836,
116.57094955444336,
113.5859489440918,
115.16904830932617,
118.61729621887207,
115.56887626647949,
104.62427139282227,
105.49688339233398,
103.53374481201172,
103.93190383911133,
103.16586494445801,
103.54471206665039,
104.71606254577637,
102.97918319702148,
102.88596153259277,
102.54836082458496,
103.52110862731934,
102.28705406188965,
103.58333587646484,
103.66320610046387,
102.2789478302002,
105.67307472229004,
106.09793663024902,
106.78505897521973,
106.74476623535156,
105.50689697265625,
106.14967346191406,
105.60369491577148,
106.00399971008301,
107.18107223510742,
106.63604736328125,
107.73420333862305,
108.30116271972656,
106.71305656433105,
106.89091682434082,
105.67998886108398,
104.4471263885498,
106.26387596130371,
106.64725303649902,
107.01513290405273,
103.57284545898438,
104.8130989074707,
106.56476020812988,
105.40914535522461,
105.8809757232666,
108.95109176635742,
108.53695869445801,
105.32402992248535,
104.79998588562012,
103.87086868286133,
107.33795166015625,
106.43815994262695,
105.5300235748291,
104.22611236572266,
105.20768165588379,
104.30002212524414,
103.14321517944336,
104.40301895141602,
105.34191131591797,
102.99372673034668,
105.2858829498291,
105.44490814208984,
105.28993606567383,
104.20680046081543,
103.55210304260254,
103.72495651245117,
105.65018653869629,
104.74586486816406,
106.14204406738281,
104.64906692504883,
104.49910163879395,
106.21213912963867,
106.3988208770752,
106.31990432739258,
106.55689239501953,
108.47902297973633,
106.84394836425781,
109.41696166992188,
107.34701156616211,
110.2609634399414,
109.39288139343262,
108.79015922546387,
111.9999885559082,
112.91885375976562,
112.26892471313477,
114.12191390991211,
114.01915550231934,
112.60533332824707,
107.92231559753418,
110.56375503540039,
113.8010025024414,
107.94186592102051,
111.58108711242676,
110.76498031616211,
108.5958480834961,
113.17181587219238,
111.99593544006348,
113.09385299682617,
111.65714263916016,
112.96486854553223,
114.29190635681152,
109.19380187988281,
110.58807373046875,
102.95915603637695,
103.09123992919922,
105.76391220092773,
104.5539379119873,
104.6299934387207,
107.95211791992188,
105.4220199584961,
106.19187355041504,
103.56497764587402,
103.52468490600586,
106.90116882324219,
110.58473587036133,
111.46020889282227,
106.40883445739746,
103.92022132873535,
109.47203636169434,
111.38510704040527,
114.91107940673828,
113.13414573669434,
112.9770278930664,
113.68107795715332,
113.5108470916748,
113.63697052001953,
113.54184150695801,
115.92984199523926,
107.6040267944336,
116.77694320678711,
113.54327201843262,
118.50214004516602,
110.68081855773926,
113.01016807556152,
115.1878833770752,
111.03606224060059,
118.3779239654541,
115.0362491607666,
119.70400810241699,
115.9369945526123,
115.73910713195801,
118.98493766784668,
115.80514907836914,
120.20683288574219,
115.5860424041748,
116.16015434265137,
118.1938648223877,
115.04101753234863,
114.99905586242676,
114.9587631225586,
108.43300819396973,
122.79701232910156,
109.85612869262695,
104.3250560760498,
104.91609573364258,
105.07512092590332,
104.23612594604492,
105.22294044494629,
105.79180717468262,
105.20195960998535,
105.90481758117676,
103.02305221557617,
107.5901985168457,
105.11589050292969,
106.23621940612793,
107.46908187866211,
109.21812057495117,
105.30710220336914,
106.62603378295898,
109.45415496826172,
109.4210147857666,
114.84909057617188,
115.33784866333008,
113.18492889404297,
109.19976234436035,
117.79427528381348,
115.74077606201172,
118.96896362304688,
117.36512184143066,
118.70384216308594,
118.67713928222656,
114.15386199951172,
110.80789566040039,
110.87179183959961,
118.41511726379395,
111.89913749694824,
119.08292770385742,
119.80080604553223,
118.988037109375,
114.90988731384277,
117.21301078796387,
117.83790588378906,
114.65883255004883,
109.00115966796875,
117.78998374938965,
118.41988563537598,
120.34273147583008,
120.34392356872559,
111.24181747436523,
119.6131706237793,
119.30108070373535,
117.44999885559082,
107.30600357055664,
108.1399917602539,
104.77185249328613,
105.20291328430176,
105.8039665222168,
106.79197311401367,
107.84721374511719,
108.27088356018066,
104.88772392272949,
104.56299781799316,
107.34891891479492,
105.21697998046875,
103.13105583190918,
106.03022575378418,
107.41806030273438,
108.65187644958496,
105.36909103393555,
106.05907440185547,
105.48210144042969,
107.39517211914062,
112.02788352966309,
104.94208335876465,
102.9670238494873,
107.45620727539062,
108.37006568908691,
118.54410171508789,
113.77787590026855,
118.12591552734375,
114.2878532409668,
106.35685920715332,
119.76861953735352,
114.92681503295898,
115.75889587402344,
117.63501167297363,
120.92733383178711,
119.70281600952148,
120.29314041137695,
118.53289604187012,
112.6549243927002,
112.33901977539062,
115.20075798034668,
115.1270866394043,
105.92412948608398,
107.46312141418457,
120.66411972045898,
118.64089965820312,
127.50697135925293,
118.30520629882812,
117.64883995056152,
113.83986473083496,
118.99495124816895,
118.49093437194824,
120.73922157287598,
118.02482604980469,
108.19506645202637,
108.56986045837402,
106.74571990966797,
102.21314430236816,
102.02813148498535,
105.10706901550293,
104.1262149810791,
119.79222297668457,
113.677978515625,
106.11581802368164,
106.40716552734375,
102.13112831115723,
104.78687286376953,
107.13505744934082,
112.28203773498535,
112.24913597106934,
114.83883857727051,
115.00406265258789,
115.11015892028809,
115.15116691589355,
114.52102661132812,
116.45913124084473,
124.69696998596191,
119.7209358215332,
120.48888206481934,
125.82588195800781,
120.33295631408691,
122.43103981018066,
121.62113189697266,
121.14262580871582,
124.39203262329102,
123.68893623352051,
120.83792686462402,
124.57108497619629,
121.34504318237305,
122.77913093566895,
105.76009750366211,
111.06204986572266,
115.4181957244873,
124.29332733154297,
124.03488159179688,
126.76811218261719,
126.6019344329834,
125.9009838104248,
127.1200180053711,
127.66695022583008,
126.57904624938965,
108.11805725097656,
116.21880531311035,
126.60002708435059,
123.13175201416016,
129.55117225646973,
103.14702987670898,
120.25785446166992,
103.69610786437988,
102.17928886413574,
102.64110565185547,
103.84297370910645,
104.48598861694336,
103.76286506652832,
104.24184799194336,
107.33509063720703,
111.01078987121582,
110.94307899475098,
108.2010269165039,
107.73110389709473,
109.59124565124512,
108.67977142333984,
107.90777206420898,
112.22410202026367,
106.38570785522461,
105.59201240539551,
112.24699020385742,
109.00378227233887,
109.16304588317871,
108.86979103088379,
110.24308204650879,
108.91580581665039,
107.666015625,
109.55500602722168,
108.10017585754395,
109.1768741607666,
111.15169525146484,
108.31785202026367,
109.43102836608887,
111.0992431640625,
111.57608032226562,
109.99798774719238,
111.43183708190918,
112.44010925292969,
111.4950180053711,
112.56098747253418,
109.18903350830078,
110.6109619140625,
109.43984985351562,
113.11221122741699,
108.59894752502441,
112.6561164855957,
109.16018486022949,
105.25798797607422,
104.11691665649414,
103.99103164672852,
104.43115234375,
108.20817947387695,
105.0879955291748,
104.57515716552734,
107.91397094726562,
105.09896278381348,
105.05294799804688,
105.84807395935059,
108.09993743896484,
116.08481407165527,
116.82915687561035,
119.32015419006348,
119.92597579956055,
120.56708335876465,
108.97207260131836,
108.94513130187988,
108.64400863647461,
109.8480224609375,
109.17234420776367,
110.99004745483398,
110.53705215454102,
111.5427017211914,
108.22510719299316,
110.87799072265625,
109.39192771911621,
110.81981658935547,
111.18316650390625,
112.1220588684082,
110.42618751525879,
109.18498039245605,
110.5489730834961,
111.28902435302734,
112.51997947692871,
105.3781509399414,
109.42673683166504,
107.54513740539551,
105.6668758392334,
107.33199119567871,
108.2000732421875,
114.20607566833496,
110.18896102905273,
118.83807182312012,
113.48390579223633,
118.70813369750977,
107.00201988220215,
108.23917388916016,
104.49790954589844,
114.27688598632812,
114.87007141113281,
106.60004615783691,
106.59098625183105,
103.48320007324219,
108.43610763549805,
109.61484909057617,
107.25593566894531,
105.36313056945801,
105.99112510681152,
105.21221160888672,
105.87596893310547,
105.6830883026123,
105.7281494140625,
108.70671272277832,
104.85601425170898,
107.47289657592773,
105.64398765563965,
105.88216781616211,
107.5279712677002,
110.19110679626465,
108.83307456970215,
107.68485069274902,
112.56599426269531,
112.01095581054688,
117.37179756164551,
112.54405975341797,
112.43796348571777,
111.4659309387207,
111.76300048828125,
110.49985885620117,
109.98106002807617,
111.24873161315918,
112.2281551361084,
112.23793029785156,
111.14096641540527,
110.5947494506836,
110.28885841369629,
111.32073402404785,
107.80096054077148,
112.84184455871582,
114.83502388000488,
107.10501670837402,
104.37393188476562,
104.46619987487793,
106.0798168182373,
103.21998596191406,
104.19487953186035,
108.07394981384277,
104.82907295227051,
104.18701171875,
105.18312454223633,
106.27102851867676,
104.85720634460449,
105.68022727966309,
109.93194580078125,
109.82775688171387,
108.56103897094727,
109.63201522827148,
109.1310977935791,
109.85612869262695,
111.18221282958984,
111.92893981933594,
109.79795455932617,
105.73601722717285,
112.28108406066895,
107.9401969909668,
110.80074310302734,
113.62385749816895,
111.69266700744629,
109.99107360839844,
110.08071899414062,
109.0848445892334,
110.47101020812988,
108.01100730895996,
111.60707473754883,
108.15262794494629,
110.6259822845459,
112.05482482910156,
109.13896560668945,
109.84611511230469,
112.62965202331543,
111.51266098022461,
109.46297645568848,
112.1988296508789,
113.22999000549316,
108.59918594360352,
107.43212699890137,
105.40294647216797,
105.23319244384766,
105.10611534118652,
105.07392883300781,
104.17985916137695,
103.96718978881836,
104.38394546508789,
105.80134391784668,
106.0037612915039,
105.71599006652832,
105.67116737365723,
105.70001602172852,
105.97014427185059,
104.8588752746582,
106.66680335998535,
104.34675216674805,
106.29820823669434,
107.4209213256836,
109.5118522644043,
112.75815963745117,
113.86704444885254,
114.04085159301758,
113.8770580291748,
114.39085006713867,
114.68911170959473,
114.15791511535645,
114.9129867553711,
117.45095252990723,
114.61305618286133,
116.28007888793945,
119.29011344909668,
115.77796936035156,
116.28532409667969,
112.63418197631836,
115.72575569152832,
113.19613456726074,
114.30597305297852,
116.45293235778809,
113.89899253845215,
112.59865760803223,
118.15428733825684,
118.70193481445312,
109.73596572875977,
117.6750659942627,
117.41995811462402,
117.84505844116211,
114.88723754882812,
110.92782020568848,
104.15101051330566,
104.66408729553223,
104.29000854492188,
102.91576385498047,
102.73361206054688,
104.60805892944336,
103.38091850280762,
108.32071304321289,
103.11102867126465,
104.79307174682617,
105.98921775817871,
107.31196403503418,
111.05704307556152,
105.8492660522461,
107.86318778991699,
106.91690444946289,
104.5229434967041,
107.35893249511719,
109.55500602722168,
112.59293556213379,
113.88111114501953,
113.90805244445801,
110.54801940917969,
107.2530746459961,
108.22606086730957,
108.51383209228516,
109.69185829162598,
108.5810661315918,
108.08587074279785,
110.7628345489502,
108.11209678649902,
110.83984375,
112.07389831542969,
112.85591125488281,
110.45122146606445,
111.63187026977539,
112.82515525817871,
115.23199081420898,
114.61091041564941,
114.06683921813965,
113.61980438232422,
116.06597900390625,
113.49368095397949,
108.79111289978027,
116.09482765197754,
118.63017082214355,
109.69114303588867,
115.88931083679199,
117.18034744262695,
110.0318431854248,
105.37099838256836,
105.8502197265625,
103.11198234558105,
103.63292694091797,
104.69579696655273,
107.30695724487305,
107.68294334411621,
109.13395881652832,
103.32202911376953,
106.47392272949219,
104.95400428771973,
107.82432556152344,
106.75907135009766,
104.67886924743652,
103.73997688293457,
107.60188102722168,
106.85491561889648,
108.98113250732422,
107.76996612548828,
107.9707145690918,
107.68818855285645,
108.84594917297363,
109.59005355834961,
109.65991020202637,
109.80916023254395,
110.00275611877441,
113.95883560180664,
114.40086364746094,
109.3301773071289,
109.46202278137207,
108.90316963195801,
109.4672679901123,
110.28289794921875,
109.07983779907227,
108.45804214477539,
111.4201545715332,
111.95993423461914,
105.32808303833008,
106.98986053466797,
109.34305191040039,
109.73000526428223,
110.12482643127441,
108.80589485168457,
111.45687103271484,
107.99574851989746,
111.64689064025879,
109.02786254882812,
113.14201354980469,
112.41888999938965,
106.57000541687012,
102.14781761169434,
105.0729751586914,
104.02989387512207,
103.34372520446777,
103.26719284057617,
104.24494743347168,
106.43291473388672,
106.7039966583252,
103.86991500854492,
107.17368125915527,
107.04374313354492,
107.67793655395508,
106.94408416748047,
105.21292686462402,
104.1562557220459,
104.32100296020508,
108.39295387268066,
107.61284828186035,
107.48100280761719,
106.56476020812988,
108.20198059082031,
108.20603370666504,
108.67476463317871,
108.19602012634277,
108.54935646057129,
109.65394973754883,
110.13603210449219,
110.8999252319336,
106.26983642578125,
104.55513000488281,
109.92002487182617,
109.62820053100586,
109.71474647521973,
109.82203483581543,
110.86416244506836,
111.6948127746582,
110.37588119506836,
109.49492454528809,
106.80699348449707,
108.91127586364746,
113.30199241638184,
111.31501197814941,
110.08501052856445,
107.74016380310059,
107.67793655395508,
109.76481437683105,
103.63912582397461,
103.58500480651855,
103.21617126464844,
105.50308227539062,
105.73911666870117,
105.82399368286133,
106.13131523132324,
103.73592376708984,
104.68721389770508,
108.49618911743164,
108.91127586364746,
110.22210121154785,
116.24479293823242,
111.81282997131348,
104.13408279418945,
104.90179061889648,
107.1012020111084,
106.50205612182617,
106.95075988769531,
105.67927360534668,
105.5459976196289,
104.3708324432373,
105.06391525268555,
106.12726211547852,
106.2326431274414,
108.46805572509766,
110.55183410644531,
110.35609245300293,
107.84006118774414,
110.03303527832031,
109.54093933105469,
109.9998950958252,
109.13681983947754,
105.84306716918945,
106.16087913513184,
108.26611518859863,
104.7658920288086,
104.39014434814453,
108.9620590209961,
109.82298851013184,
108.51597785949707,
108.39080810546875,
109.07912254333496,
106.30321502685547,
108.30187797546387,
106.66608810424805,
109.86804962158203,
107.36393928527832,
103.35302352905273,
103.69992256164551,
107.21063613891602,
103.79862785339355,
105.13997077941895,
109.00402069091797,
109.90405082702637,
107.80096054077148,
105.38601875305176,
106.28676414489746,
107.21468925476074,
104.18891906738281,
107.2530746459961,
105.90887069702148,
105.82184791564941,
109.01093482971191,
107.58590698242188,
109.05098915100098,
106.75907135009766,
107.49197006225586,
106.81295394897461,
106.61602020263672,
106.83584213256836,
109.04908180236816,
113.18206787109375,
113.36898803710938,
114.73894119262695,
105.79490661621094,
107.95402526855469,
109.0397834777832,
107.53488540649414,
106.57191276550293,
106.65702819824219,
105.23414611816406,
107.4061393737793,
105.7291030883789,
108.83283615112305,
106.93812370300293,
107.34081268310547,
107.22994804382324,
107.32579231262207,
106.19401931762695,
104.96377944946289,
106.91094398498535,
106.19711875915527,
107.09309577941895,
113.4178638458252,
107.9721450805664,
106.54497146606445,
105.50117492675781,
102.84113883972168,
101.90820693969727,
106.28771781921387,
113.31987380981445,
110.04495620727539,
108.41131210327148,
119.19093132019043,
116.01495742797852,
109.08007621765137,
105.74483871459961,
105.55100440979004,
107.96713829040527,
107.6819896697998,
103.12414169311523,
105.56793212890625,
105.27515411376953,
106.05502128601074,
105.88717460632324,
120.48697471618652,
111.86099052429199,
116.2729263305664,
115.57412147521973,
112.70594596862793,
123.11196327209473,
125.38003921508789,
121.85883522033691,
128.22794914245605,
127.99692153930664,
127.9611587524414,
122.13921546936035,
129.1830539703369,
121.64998054504395,
128.065824508667,
124.93276596069336,
117.9819107055664,
124.44519996643066,
123.44980239868164,
127.14481353759766,
122.8029727935791,
113.82293701171875,
124.75109100341797,
126.25002861022949,
120.1169490814209,
123.93665313720703,
106.72616958618164,
104.80713844299316,
104.22921180725098,
102.44488716125488,
104.01201248168945,
109.79986190795898,
105.88622093200684,
106.48083686828613,
106.51326179504395,
105.51619529724121,
107.18488693237305,
107.17892646789551,
107.15079307556152,
106.98914527893066,
105.54718971252441,
104.45523262023926,
110.11290550231934,
109.19713973999023,
110.46409606933594,
108.79802703857422,
105.58819770812988,
107.73181915283203,
109.56335067749023,
110.23592948913574,
109.01975631713867,
110.55612564086914,
105.92985153198242,
105.70597648620605,
108.489990234375,
107.41209983825684,
108.6111068725586,
109.27796363830566,
109.2672348022461,
108.07585716247559,
109.26389694213867,
108.6740493774414,
109.07101631164551,
109.47513580322266,
109.50398445129395,
108.47592353820801,
106.01019859313965,
107.05089569091797,
110.66293716430664,
109.65228080749512,
108.23464393615723,
109.87710952758789,
109.48681831359863,
111.53292655944824,
111.51981353759766,
103.78193855285645,
103.90400886535645,
102.07200050354004,
105.11207580566406,
105.09920120239258,
106.16016387939453,
105.0102710723877,
107.87796974182129,
111.9229793548584,
108.24990272521973,
108.17122459411621,
102.96893119812012,
105.30996322631836,
104.42996025085449,
107.14197158813477,
106.02712631225586,
108.09826850891113,
107.13315010070801,
107.87200927734375,
103.32489013671875,
103.8980484008789,
105.44800758361816,
109.5738410949707,
108.98590087890625,
109.56692695617676,
104.06327247619629,
108.06083679199219,
106.34899139404297,
108.70885848999023,
108.34383964538574,
108.86287689208984,
108.66594314575195,
109.14921760559082,
108.51407051086426,
109.28893089294434,
108.96110534667969,
111.3579273223877,
113.86871337890625,
110.23688316345215,
109.161376953125,
112.22481727600098,
108.24704170227051,
108.26301574707031,
108.33883285522461,
109.58695411682129,
105.37910461425781,
108.78491401672363,
108.7038516998291,
105.83186149597168,
106.41098022460938,
126.16515159606934,
118.44182014465332,
108.41917991638184,
110.90612411499023,
110.37492752075195,
106.37521743774414,
105.37099838256836,
102.71906852722168,
106.2631607055664,
103.38997840881348,
102.33592987060547,
102.14805603027344,
104.32577133178711,
102.63228416442871,
102.16093063354492,
102.6768684387207,
103.60503196716309,
103.2252311706543,
119.54188346862793,
109.33518409729004,
108.89101028442383,
111.32693290710449,
114.30883407592773,
110.49222946166992,
106.72473907470703,
107.56301879882812,
108.18886756896973,
106.85992240905762,
107.55205154418945,
105.93295097351074,
105.65805435180664,
105.14211654663086,
106.73213005065918,
106.5988540649414,
106.1089038848877,
106.63175582885742,
106.5521240234375,
130.62405586242676,
130.81717491149902,
131.7901611328125,
132.98988342285156,
105.44109344482422,
124.15909767150879,
105.79204559326172,
131.74700736999512,
123.63791465759277,
124.1447925567627,
108.68597030639648,
108.6721420288086,
132.39383697509766,
105.5307388305664,
112.9758358001709,
122.70593643188477,
130.25784492492676,
128.36003303527832,
111.94705963134766,
130.4037570953369,
122.58791923522949,
118.96204948425293,
114.56584930419922,
127.05016136169434,
120.50914764404297,
110.05306243896484,
115.44585227966309,
127.78806686401367,
121.15192413330078,
117.19703674316406,
103.5909652709961,
102.11610794067383,
102.92601585388184,
103.35397720336914,
102.67496109008789,
104.16102409362793,
102.00190544128418,
103.99580001831055,
102.43606567382812,
102.89692878723145,
102.0960807800293,
103.13892364501953,
102.61678695678711,
104.10404205322266,
103.8818359375,
104.2637825012207,
102.39601135253906,
103.58309745788574,
103.77287864685059,
107.9721450805664,
106.2169075012207,
106.0791015625,
105.64923286437988,
107.07402229309082,
106.57310485839844,
106.53519630432129,
138.7460231781006,
104.07710075378418,
133.37302207946777,
109.09008979797363,
105.94725608825684,
105.76677322387695,
105.35025596618652,
109.71498489379883,
142.00592041015625,
108.13212394714355,
142.31133460998535,
142.26102828979492,
111.41109466552734,
105.04794120788574,
107.52582550048828,
105.47018051147461,
106.91714286804199,
106.32991790771484,
107.88726806640625,
104.98499870300293,
104.45880889892578,
104.82525825500488,
102.51808166503906,
102.77390480041504,
103.18994522094727,
103.94906997680664,
103.75094413757324,
103.40309143066406,
103.04880142211914,
103.6992073059082,
103.00493240356445,
102.9958724975586,
104.58707809448242,
105.2100658416748,
105.8659553527832,
106.63294792175293,
104.74228858947754,
103.25908660888672,
106.80294036865234,
105.47399520874023,
106.75787925720215,
107.97691345214844,
102.83875465393066,
106.0028076171875,
105.58176040649414,
104.46691513061523,
104.45904731750488,
105.0570011138916,
105.99803924560547,
108.80208015441895,
109.8792552947998,
109.0250015258789,
109.70902442932129,
108.59274864196777,
107.49077796936035,
108.0620288848877,
110.0919246673584,
110.97097396850586,
109.50422286987305,
111.31978034973145,
111.15121841430664,
111.83476448059082,
111.15694046020508,
110.87584495544434,
111.40894889831543,
109.41410064697266,
112.53809928894043,
111.99092864990234,
109.32588577270508,
113.26193809509277,
113.24286460876465,
103.29604148864746,
105.06606101989746,
104.44998741149902,
105.15308380126953,
106.3389778137207,
104.45690155029297,
105.86428642272949,
105.31401634216309,
104.75325584411621,
104.40611839294434,
105.30686378479004,
105.76796531677246,
104.4468879699707,
103.51896286010742,
104.76493835449219,
103.5451889038086,
104.21299934387207,
103.90877723693848,
104.50506210327148,
106.03690147399902,
104.84194755554199,
104.62212562561035,
104.99191284179688,
104.25114631652832,
105.50785064697266,
105.47399520874023,
105.44490814208984,
108.17384719848633,
109.62104797363281,
109.44604873657227,
110.2299690246582,
111.04106903076172,
111.77492141723633,
112.43915557861328,
109.09485816955566,
113.37614059448242,
106.97293281555176,
110.34393310546875,
107.29503631591797,
108.184814453125,
106.77719116210938,
106.93478584289551,
109.13991928100586,
108.90316963195801,
109.48920249938965,
108.69503021240234,
110.31770706176758,
109.25793647766113,
109.7710132598877,
108.04891586303711,
107.57088661193848,
108.72793197631836,
108.9017391204834,
107.13601112365723,
105.79419136047363,
108.5960865020752,
104.67791557312012,
105.4532527923584,
104.44307327270508,
104.3539047241211,
103.44433784484863,
104.03990745544434,
105.14998435974121,
103.06501388549805,
104.99906539916992,
103.9578914642334,
105.12089729309082,
105.07416725158691,
102.82373428344727,
105.09395599365234,
105.44371604919434,
104.28214073181152,
105.11112213134766,
105.35812377929688,
103.6381721496582,
103.7607192993164,
107.05900192260742,
104.72416877746582,
109.73000526428223,
109.7869873046875,
112.14399337768555,
111.88077926635742,
109.7710132598877,
113.59310150146484,
113.13796043395996,
113.76309394836426,
114.82095718383789,
111.89699172973633,
115.73410034179688,
109.15112495422363,
109.20500755310059,
112.89477348327637,
117.39087104797363,
113.41977119445801,
116.80793762207031,
111.73796653747559,
117.34676361083984,
107.12766647338867,
113.96288871765137,
112.70713806152344,
111.2527847290039,
114.62092399597168,
113.05594444274902,
107.56516456604004,
107.38801956176758,
107.81311988830566,
107.6347827911377,
109.89117622375488,
111.05990409851074,
109.26699638366699,
111.20820045471191,
108.84213447570801,
108.64782333374023,
106.81700706481934,
108.78896713256836,
107.18512535095215,
104.75015640258789,
103.92022132873535,
105.1938533782959,
103.5308837890625,
104.15291786193848,
105.42583465576172,
106.79006576538086,
102.91790962219238,
105.75366020202637,
103.59692573547363,
105.1321029663086,
109.56311225891113,
110.72802543640137,
114.1822338104248,
113.39807510375977,
113.8920783996582,
114.41302299499512,
113.74592781066895,
112.87188529968262,
112.38884925842285,
113.33608627319336,
110.98217964172363,
113.42787742614746,
113.50297927856445,
115.63420295715332,
115.26298522949219,
112.48183250427246,
113.78097534179688,
114.38322067260742,
113.51609230041504,
114.38202857971191,
114.07279968261719,
115.2498722076416,
111.23204231262207,
113.19208145141602,
113.63768577575684,
111.12427711486816,
111.01174354553223,
111.39607429504395,
114.92800712585449,
113.06595802307129,
115.13781547546387,
115.7369613647461,
116.15586280822754,
118.10302734375,
116.37592315673828,
113.41595649719238,
118.11017990112305,
105.33666610717773,
102.82588005065918,
101.76897048950195,
104.1710376739502,
104.61211204528809,
105.3609848022461,
104.32887077331543,
116.31512641906738,
103.71112823486328,
104.84504699707031,
103.25407981872559,
104.98714447021484,
104.32887077331543,
118.49379539489746,
119.52495574951172,
115.85211753845215,
119.13084983825684,
122.27487564086914,
113.45314979553223,
121.92702293395996,
123.78430366516113,
128.065824508667,
111.97280883789062,
128.88026237487793,
121.34408950805664,
122.56193161010742,
130.16510009765625,
124.3429183959961,
126.38187408447266,
125.06699562072754,
120.29099464416504,
119.67802047729492,
127.11596488952637,
120.62478065490723,
113.77596855163574,
124.51982498168945,
109.44366455078125,
124.298095703125,
122.01714515686035,
127.71987915039062,
134.26709175109863,
128.72076034545898,
126.42693519592285,
122.90096282958984,
134.95826721191406,
121.34408950805664,
108.7799072265625,
135.62798500061035,
106.45198822021484,
125.25081634521484,
111.97018623352051,
106.8410873413086,
106.04000091552734,
109.21192169189453,
109.2069149017334,
106.33492469787598,
102.8130054473877,
105.32927513122559,
103.8661003112793,
104.01391983032227,
104.30002212524414,
105.25107383728027,
104.97093200683594,
110.63599586486816,
111.41419410705566,
111.04583740234375,
111.07182502746582,
110.69011688232422,
112.03503608703613,
113.7080192565918,
112.62297630310059,
113.32106590270996,
114.37511444091797,
114.53700065612793,
114.13812637329102,
113.90829086303711,
111.83500289916992,
113.57903480529785,
113.53206634521484,
114.33291435241699,
114.91870880126953,
113.59906196594238,
113.09099197387695,
114.59183692932129,
113.36088180541992,
114.83502388000488,
110.5039119720459,
110.17489433288574,
111.22298240661621,
113.09099197387695,
111.94801330566406,
113.83891105651855,
107.71822929382324,
114.50695991516113,
111.94992065429688,
112.36929893493652,
110.68487167358398,
105.72504997253418,
105.010986328125,
107.35583305358887,
106.14585876464844,
101.93681716918945,
104.62284088134766,
103.63602638244629,
105.26609420776367,
102.81705856323242,
105.39603233337402,
104.72774505615234,
104.40802574157715,
104.53319549560547,
107.53583908081055,
108.71696472167969,
111.00077629089355,
111.09495162963867,
111.4339828491211,
111.53697967529297,
112.47777938842773,
108.9022159576416,
112.78009414672852,
113.41500282287598,
113.27505111694336,
111.92107200622559,
113.96574974060059,
112.17784881591797,
114.85004425048828,
114.97902870178223,
112.74600028991699,
113.75570297241211,
116.55402183532715,
114.61567878723145,
114.18986320495605,
114.10903930664062,
106.87470436096191,
113.43598365783691,
114.55702781677246,
113.58094215393066,
111.72819137573242,
112.5190258026123,
110.73184013366699,
115.34690856933594,
109.78412628173828,
114.67981338500977,
110.85796356201172,
113.80195617675781,
115.6778335571289,
111.27376556396484,
117.38109588623047,
105.55696487426758,
105.51977157592773,
103.87563705444336,
103.7740707397461,
104.47216033935547,
104.64692115783691,
104.644775390625,
105.09896278381348,
105.86905479431152,
105.50308227539062,
106.37307167053223,
104.60400581359863,
106.27198219299316,
107.48815536499023,
109.23314094543457,
109.9390983581543,
109.89189147949219,
110.15176773071289,
110.8849048614502,
112.89405822753906,
112.96486854553223,
108.91604423522949,
109.53497886657715,
110.50224304199219,
110.58187484741211,
110.20803451538086,
109.52615737915039,
110.58807373046875,
110.58688163757324,
110.27097702026367,
110.10098457336426,
115.04507064819336,
114.67432975769043,
114.7451400756836,
113.73019218444824,
116.49894714355469,
117.99120903015137,
116.29319190979004,
114.55512046813965,
114.6090030670166,
112.56289482116699,
118.2241439819336,
113.78693580627441,
119.14181709289551,
114.64405059814453,
119.9197769165039,
109.88712310791016,
110.3048324584961,
116.27507209777832,
104.75897789001465,
102.81491279602051,
103.32584381103516,
106.11295700073242,
107.05113410949707,
106.30393028259277,
105.63802719116211,
104.60591316223145,
106.73689842224121,
107.71608352661133,
109.74788665771484,
108.90889167785645,
104.77685928344727,
110.97502708435059,
111.0982894897461,
108.62898826599121,
110.97383499145508,
112.2441291809082,
115.27299880981445,
115.07511138916016,
115.07201194763184,
116.68515205383301,
114.09902572631836,
116.36686325073242,
108.86812210083008,
114.3341064453125,
114.32600021362305,
109.5590591430664,
109.54499244689941,
109.11893844604492,
108.30307006835938,
107.83076286315918,
110.36896705627441,
110.26191711425781,
107.40494728088379,
111.35315895080566,
110.27097702026367,
107.33890533447266,
108.81495475769043,
111.45615577697754,
109.46512222290039,
110.21900177001953,
110.94212532043457,
107.29122161865234,
107.75613784790039,
110.78906059265137,
104.31885719299316,
104.28071022033691,
105.68809509277344,
105.59487342834473,
106.30393028259277,
104.86197471618652,
107.01704025268555,
108.306884765625,
109.73072052001953,
110.5349063873291,
104.97093200683594,
118.76201629638672,
118.40510368347168,
110.7177734375,
108.37078094482422,
107.87296295166016,
113.73400688171387,
113.34419250488281,
134.89198684692383,
136.05666160583496,
139.07408714294434,
134.9160671234131,
135.27417182922363,
137.88604736328125,
135.99276542663574,
139.44387435913086,
138.72504234313965,
138.59796524047852,
133.75329971313477,
131.28399848937988,
141.07489585876465,
134.51790809631348,
133.87489318847656,
140.2139663696289,
141.11995697021484,
129.2250156402588,
134.5672607421875,
140.336275100708,
135.18095016479492,
138.3061408996582,
129.56595420837402,
137.29095458984375,
109.54594612121582,
138.6878490447998,
136.62290573120117,
133.99004936218262,
136.66009902954102,
122.93076515197754,
130.45787811279297,
102.53524780273438,
117.4778938293457,
142.37213134765625,
139.04190063476562,
118.29805374145508,
119.96889114379883,
105.56793212890625,
106.07314109802246,
105.76486587524414,
105.08084297180176,
103.83796691894531,
102.97489166259766,
102.9970645904541,
103.26814651489258,
104.17485237121582,
106.60719871520996,
106.60290718078613,
105.92079162597656,
104.58493232727051,
110.12911796569824,
108.24704170227051,
103.60288619995117,
109.03286933898926,
106.88614845275879,
119.45819854736328,
119.88520622253418,
107.36680030822754,
106.70304298400879,
108.58988761901855,
108.41894149780273,
108.98709297180176,
107.68890380859375,
109.7710132598877,
106.0490608215332,
111.20319366455078,
103.97124290466309,
108.87694358825684,
105.65304756164551,
107.89918899536133,
105.49497604370117,
111.03630065917969,
107.87701606750488,
111.12713813781738,
107.08785057067871,
105.33404350280762,
105.71694374084473,
104.57301139831543,
104.82096672058105,
103.88398170471191,
103.01399230957031,
105.70979118347168,
106.49800300598145,
107.51891136169434,
105.41296005249023,
106.2002182006836,
109.55595970153809,
108.11114311218262,
108.81924629211426,
108.43801498413086,
110.48603057861328,
108.22391510009766,
108.18791389465332,
107.93185234069824,
108.34598541259766,
108.25490951538086,
109.66682434082031,
109.15374755859375,
109.73191261291504,
111.51289939880371,
110.34893989562988,
110.04400253295898,
110.87417602539062,
110.89587211608887,
111.86504364013672,
110.43500900268555,
110.56280136108398,
111.48190498352051,
112.51592636108398,
112.84613609313965,
113.74998092651367,
114.4859790802002,
115.0360107421875,
114.94016647338867,
114.28475379943848,
113.01112174987793,
115.94200134277344,
114.98689651489258,
114.23897743225098,
111.27996444702148,
116.29486083984375,
116.8978214263916,
116.54305458068848,
111.67383193969727,
118.15714836120605,
117.57183074951172,
115.49186706542969,
105.31997680664062,
109.87710952758789,
111.05108261108398,
110.27884483337402,
110.17298698425293,
110.80002784729004,
107.0096492767334,
110.7931137084961,
114.88986015319824,
110.25023460388184,
106.99605941772461,
108.08205604553223,
105.20291328430176,
105.69500923156738,
109.38286781311035,
109.35497283935547,
113.15083503723145,
114.12787437438965,
114.77398872375488,
120.52011489868164,
120.77903747558594,
115.1881217956543,
113.62695693969727,
122.29704856872559,
109.29417610168457,
116.73307418823242,
115.7979965209961,
123.25406074523926,
114.60685729980469,
117.4781322479248,
115.89789390563965,
118.70217323303223,
117.0508861541748,
125.69713592529297,
117.56324768066406,
116.0280704498291,
120.12505531311035,
116.27697944641113,
120.60213088989258,
120.5451488494873,
121.98185920715332,
118.12114715576172,
120.44739723205566,
123.5201358795166,
118.43299865722656,
124.36580657958984,
106.92214965820312,
103.81174087524414,
104.19297218322754,
105.17716407775879,
104.7670841217041,
105.74483871459961,
106.20689392089844,
105.133056640625,
105.62777519226074,
105.73291778564453,
105.6356430053711,
108.79182815551758,
108.77490043640137,
104.45094108581543,
106.2319278717041,
110.85915565490723,
111.02914810180664,
123.90780448913574,
123.41904640197754,
115.43130874633789,
107.96165466308594,
110.15486717224121,
110.24689674377441,
111.29021644592285,
110.66794395446777,
110.61906814575195,
109.29012298583984,
109.08722877502441,
109.55214500427246,
109.2991828918457,
110.7320785522461,
111.96374893188477,
109.50088500976562,
111.91201210021973,
111.44399642944336,
110.04805564880371,
113.01898956298828,
110.37397384643555,
111.96327209472656,
118.16883087158203,
117.44904518127441,
113.43193054199219,
115.84901809692383,
115.4019832611084,
115.21482467651367,
115.98420143127441,
116.3778305053711,
115.9672737121582,
114.5930290222168,
105.75008392333984,
104.86984252929688,
102.41889953613281,
103.23309898376465,
103.96027565002441,
104.07519340515137,
105.83305358886719,
105.75413703918457,
105.26800155639648,
105.76009750366211,
106.14800453186035,
106.61888122558594,
104.31313514709473,
112.2128963470459,
117.49100685119629,
109.59601402282715,
105.41582107543945,
110.06784439086914,
109.21478271484375,
108.47783088684082,
109.42673683166504,
109.03716087341309,
109.41720008850098,
108.03413391113281,
110.47983169555664,
109.91787910461426,
103.7447452545166,
109.6489429473877,
113.01803588867188,
110.21804809570312,
110.5809211730957,
107.49292373657227,
109.74907875061035,
106.83703422546387,
113.85297775268555,
110.81290245056152,
114.52317237854004,
108.66117477416992,
112.11323738098145,
110.50295829772949,
110.86010932922363,
111.39702796936035,
111.7551326751709,
109.86804962158203,
106.41002655029297,
106.8570613861084,
106.42409324645996,
106.78291320800781,
105.21388053894043,
105.69524765014648,
106.00709915161133,
105.3156852722168,
103.52182388305664,
105.77917098999023,
104.38203811645508,
102.41413116455078,
103.24978828430176,
102.92625427246094,
104.00986671447754,
105.7579517364502,
103.63221168518066,
103.45292091369629,
104.3081283569336,
103.14178466796875,
103.80291938781738,
107.40423202514648,
104.12907600402832,
105.71002960205078,
105.80611228942871,
107.73110389709473,
108.6280345916748,
108.7348461151123,
107.4070930480957,
106.88495635986328,
108.62183570861816,
109.13920402526855,
109.06100273132324,
110.10098457336426,
108.28590393066406,
109.80510711669922,
109.5578670501709,
109.85112190246582,
108.83212089538574,
109.38906669616699,
108.88671875,
109.07793045043945,
110.00680923461914,
112.1828556060791,
110.6119155883789,
113.6629581451416,
113.03496360778809,
110.24880409240723,
112.34283447265625,
111.06085777282715,
113.16990852355957,
111.85503005981445,
113.87181282043457,
108.70814323425293,
110.05520820617676,
106.28294944763184,
109.79509353637695,
110.4121208190918,
105.51691055297852,
106.99295997619629,
107.46073722839355,
106.61816596984863,
104.02584075927734,
102.71072387695312,
102.52785682678223,
104.2020320892334,
102.95987129211426,
107.62500762939453,
107.421875,
104.56395149230957,
105.49688339233398,
107.68604278564453,
107.71775245666504,
107.2378158569336,
109.23194885253906,
111.11211776733398,
110.37969589233398,
111.45496368408203,
111.50217056274414,
114.3951416015625,
111.77802085876465,
111.80591583251953,
111.66596412658691,
111.59992218017578,
115.5540943145752,
114.5937442779541,
117.78998374938965,
117.52486228942871,
114.72797393798828,
115.63491821289062,
119.1108226776123,
118.48902702331543,
116.3020133972168,
117.14506149291992,
121.12784385681152,
115.44394493103027,
116.44315719604492,
114.58516120910645,
112.35404014587402,
112.68305778503418,
109.55309867858887,
113.79504203796387,
118.38722229003906,
117.13528633117676,
118.17789077758789,
115.15593528747559,
118.91484260559082,
120.23115158081055,
119.55118179321289,
113.46197128295898,
110.44502258300781,
106.05883598327637,
105.30209541320801,
103.50680351257324,
105.03292083740234,
106.18209838867188,
104.48789596557617,
103.8658618927002,
103.97815704345703,
102.73885726928711,
106.33993148803711,
107.23686218261719,
106.8110466003418,
105.8049201965332,
105.69405555725098,
108.5062026977539,
105.24296760559082,
112.5020980834961,
109.6808910369873,
109.54999923706055,
114.85695838928223,
114.84980583190918,
114.4711971282959,
114.3791675567627,
115.13590812683105,
116.00184440612793,
107.84578323364258,
109.83705520629883,
108.87408256530762,
109.50183868408203,
106.58407211303711,
110.84198951721191,
109.38096046447754,
111.6180419921875,
107.91802406311035,
110.36372184753418,
110.99505424499512,
111.39774322509766,
110.20517349243164,
109.96007919311523,
108.70003700256348,
108.28304290771484,
109.2386245727539,
107.17010498046875,
108.97493362426758,
105.37600517272949,
107.4361801147461,
105.50308227539062,
109.80391502380371,
104.45094108581543,
104.80618476867676,
103.23286056518555,
104.20465469360352,
104.68721389770508,
104.13312911987305,
104.0201187133789,
102.5230884552002,
103.21593284606934,
102.1418571472168,
102.68306732177734,
103.02400588989258,
105.00812530517578,
107.44881629943848,
105.04293441772461,
107.147216796875,
107.95879364013672,
105.55791854858398,
108.02888870239258,
105.95083236694336,
107.61499404907227,
106.85420036315918,
106.53376579284668,
103.65891456604004,
104.1250228881836,
107.2838306427002,
106.21809959411621,
107.00273513793945,
106.20427131652832,
107.81598091125488,
106.30083084106445,
107.25808143615723,
107.68604278564453,
106.00900650024414,
102.9212474822998,
107.69486427307129,
104.94518280029297,
104.87890243530273,
108.70027542114258,
107.39994049072266,
108.51621627807617,
107.71584510803223,
108.83307456970215,
106.27007484436035,
108.66403579711914,
107.23519325256348,
107.79690742492676,
105.96704483032227,
107.16605186462402,
103.42574119567871,
105.42702674865723,
107.25116729736328,
104.3238639831543,
102.24175453186035,
137.33768463134766,
127.33197212219238,
132.4901580810547,
134.95874404907227,
132.51399993896484,
108.61611366271973,
109.68422889709473,
133.3620548248291,
147.6140022277832,
155.17425537109375,
157.8812599182129,
153.30767631530762,
162.84990310668945,
139.04118537902832,
118.53432655334473,
128.99398803710938,
124.60708618164062,
128.71813774108887,
124.16791915893555,
133.58426094055176,
126.3430118560791,
125.15997886657715,
141.28899574279785,
125.02503395080566,
130.2490234375,
132.71808624267578,
133.75377655029297,
128.07130813598633,
128.32903861999512,
128.9069652557373,
128.6611557006836,
130.33413887023926,
132.0340633392334,
131.8337917327881,
157.5329303741455,
166.11409187316895,
167.03486442565918,
167.44184494018555,
166.71323776245117,
168.04099082946777,
170.29285430908203,
155.1501750946045,
154.9067497253418,
173.63286018371582,
116.3790225982666,
145.33305168151855,
157.26017951965332,
145.80178260803223,
158.14781188964844,
156.6009521484375,
104.69293594360352,
103.9881706237793,
102.77009010314941,
102.73194313049316,
103.50894927978516,
102.76198387145996,
103.41000556945801,
104.20703887939453,
104.45475578308105,
102.39887237548828,
103.16991806030273,
101.65596008300781,
101.9129753112793,
101.42803192138672,
102.17690467834473,
101.86982154846191,
101.55391693115234,
103.93500328063965,
103.69205474853516,
102.89931297302246,
104.02798652648926,
102.38790512084961,
103.12223434448242,
102.18024253845215,
102.63490676879883,
101.66811943054199,
102.76985168457031,
101.82929039001465,
102.59580612182617,
103.06596755981445,
102.93889045715332,
102.6010513305664,
103.05905342102051,
102.70214080810547,
103.31392288208008,
103.20806503295898,
103.45292091369629,
104.30002212524414,
102.83708572387695,
104.42113876342773,
104.31098937988281,
104.62284088134766,
102.87690162658691,
105.23796081542969,
103.89399528503418,
102.39529609680176,
105.91292381286621,
112.34831809997559,
113.14606666564941,
113.18087577819824,
112.4730110168457,
108.96897315979004,
103.65700721740723,
108.90507698059082,
101.96208953857422,
104.99906539916992,
104.28214073181152,
103.69324684143066,
104.95615005493164,
105.4692268371582,
104.20608520507812,
103.17111015319824,
106.78505897521973,
116.65201187133789,
109.31611061096191,
113.17586898803711,
107.49602317810059,
118.76034736633301,
117.05374717712402,
119.30608749389648,
117.59209632873535,
115.68903923034668,
118.67499351501465,
111.09399795532227,
112.75601387023926,
114.47405815124512,
118.55101585388184,
112.19096183776855,
112.0157241821289,
103.8210391998291,
104.64906692504883,
104.66408729553223,
104.75897789001465,
103.22928428649902,
103.09886932373047,
113.72709274291992,
113.72518539428711,
104.38895225524902,
107.14888572692871,
115.86523056030273,
107.09095001220703,
121.46615982055664,
112.4119758605957,
120.68295478820801,
113.33298683166504,
109.23218727111816,
122.07579612731934,
123.12698364257812,
121.67501449584961,
106.76717758178711,
106.21809959411621,
108.428955078125,
105.35597801208496,
106.05406761169434,
104.57491874694824,
103.29818725585938,
104.03704643249512,
104.9349308013916,
103.97696495056152,
103.66106033325195,
106.40883445739746,
105.9420108795166,
107.75303840637207,
108.4909439086914,
109.06314849853516,
107.45716094970703,
107.91325569152832,
110.24880409240723,
110.04996299743652,
107.7418327331543,
105.84616661071777,
107.09190368652344,
111.8168830871582,
107.39517211914062,
108.8409423828125,
108.36386680603027,
109.89880561828613,
112.36095428466797,
110.89706420898438,
105.80110549926758,
111.84287071228027,
104.75611686706543,
104.63309288024902,
104.44283485412598,
106.92095756530762,
106.84895515441895,
106.38999938964844,
107.10382461547852,
107.11288452148438,
106.13703727722168,
106.12821578979492,
109.72881317138672,
108.53815078735352,
109.89904403686523,
110.53109169006348,
109.2989444732666,
108.42633247375488,
108.50405693054199,
108.39700698852539,
107.19990730285645,
109.21120643615723,
108.22725296020508,
106.44674301147461,
103.95312309265137,
104.30002212524414,
104.10189628601074,
104.62713241577148,
105.90600967407227,
105.95703125,
108.59274864196777,
104.54893112182617,
105.1640510559082,
110.9001636505127,
104.53987121582031,
105.51786422729492,
106.83894157409668,
106.9040298461914,
107.86700248718262,
109.3289852142334,
109.39693450927734,
107.50794410705566,
109.44366455078125,
107.99598693847656,
109.28916931152344,
110.03613471984863,
109.73310470581055,
107.85698890686035,
107.8948974609375,
115.50569534301758,
110.17704010009766,
103.91998291015625,
105.44109344482422,
108.02412033081055,
109.32111740112305,
112.3969554901123,
115.73910713195801,
116.43528938293457,
114.51601982116699,
119.51088905334473,
119.01617050170898,
114.05587196350098,
116.10031127929688,
113.51203918457031,
122.7421760559082,
120.4690933227539,
111.69195175170898,
119.45986747741699,
117.31982231140137,
123.58283996582031,
116.6391372680664,
103.21211814880371,
103.55472564697266,
105.8659553527832,
104.38895225524902,
106.45389556884766,
108.69002342224121,
106.92691802978516,
119.63295936584473,
116.58883094787598,
120.2230453491211,
106.07409477233887,
118.61610412597656,
118.22223663330078,
117.2630786895752,
114.86268043518066,
117.29311943054199,
111.5720272064209,
117.11001396179199,
114.15410041809082,
111.75775527954102,
113.54708671569824,
116.70899391174316,
114.89510536193848,
118.12782287597656,
115.40412902832031,
102.86712646484375,
101.99785232543945,
103.9118766784668,
103.14083099365234,
104.62117195129395,
104.04181480407715,
103.60097885131836,
103.96385192871094,
106.53424263000488,
107.09309577941895,
107.8789234161377,
106.22310638427734,
105.29398918151855,
108.1540584564209,
104.98189926147461,
104.77185249328613,
107.5429916381836,
107.14483261108398,
105.56578636169434,
107.40399360656738,
108.43229293823242,
105.97991943359375,
108.36505889892578,
104.80117797851562,
103.39879989624023,
102.63419151306152,
104.4771671295166,
117.87223815917969,
135.4849338531494,
135.84017753601074,
123.88801574707031,
122.43318557739258,
104.08592224121094,
122.56503105163574,
126.14297866821289,
124.41396713256836,
119.37522888183594,
122.4219799041748,
123.5198974609375,
125.79178810119629,
128.88717651367188,
131.17170333862305,
125.75411796569824,
123.47722053527832,
125.3499984741211,
108.82925987243652,
122.14517593383789,
128.11017036437988,
123.291015625,
127.31218338012695,
118.05105209350586,
103.13296318054199,
102.96010971069336,
111.30404472351074,
128.49783897399902,
117.94590950012207,
127.05683708190918,
120.74899673461914,
116.28913879394531,
112.53237724304199,
124.79162216186523,
121.92416191101074,
119.88592147827148,
126.7848014831543,
124.23872947692871,
117.17891693115234,
119.63224411010742,
110.84914207458496,
136.86585426330566,
122.1611499786377,
122.58195877075195,
119.56310272216797,
124.04108047485352,
129.44936752319336,
147.96996116638184,
148.39911460876465,
143.53466033935547,
143.1281566619873,
144.51193809509277,
144.69289779663086,
149.1711139678955,
141.76487922668457,
149.3985652923584,
143.93234252929688,
148.55217933654785,
148.14209938049316,
131.58512115478516,
144.3009376525879,
149.09601211547852,
149.90901947021484,
146.34203910827637,
151.61705017089844,
146.18802070617676,
149.5840549468994,
145.96199989318848,
148.32425117492676,
153.245210647583,
147.01318740844727,
144.28997039794922,
150.66075325012207,
124.81093406677246,
125.32877922058105,
150.74825286865234,
123.87728691101074,
126.29199028015137,
126.87802314758301,
149.66416358947754,
146.36898040771484,
112.92791366577148,
152.6646614074707,
152.3420810699463,
127.99286842346191,
126.36113166809082,
128.1740665435791,
126.68514251708984,
126.78074836730957,
126.89399719238281,
127.56729125976562,
129.01020050048828,
128.85403633117676,
127.5019645690918,
105.67688941955566,
105.93605041503906,
106.2006950378418,
107.79714584350586,
107.05208778381348,
107.9399585723877,
108.74104499816895,
107.18607902526855,
107.2230339050293,
108.23392868041992,
108.66093635559082,
108.25181007385254,
108.65187644958496,
107.92374610900879,
106.72688484191895,
106.02211952209473,
107.51795768737793,
106.79388046264648,
106.82201385498047,
105.50403594970703,
107.78689384460449,
109.4200611114502,
108.9639663696289,
107.11789131164551,
104.94303703308105,
108.06703567504883,
104.76994514465332,
105.94487190246582,
108.98518562316895,
108.18672180175781,
108.9639663696289,
108.54983329772949,
108.30497741699219,
110.09001731872559,
109.06100273132324,
107.81288146972656,
108.40916633605957,
107.74517059326172,
106.45198822021484,
106.04500770568848,
107.68795013427734,
107.1779727935791,
108.59107971191406,
108.65569114685059,
110.59212684631348,
109.6341609954834,
106.86302185058594,
106.04286193847656,
107.59711265563965,
107.76615142822266,
105.92103004455566,
106.49609565734863,
138.91911506652832,
135.29396057128906,
134.09686088562012,
137.39967346191406,
138.69380950927734,
140.7768726348877,
139.73402976989746,
141.04080200195312,
134.99808311462402,
137.93683052062988,
140.99907875061035,
140.06900787353516,
135.955810546875,
137.13574409484863,
144.4070339202881,
139.56022262573242,
143.59211921691895,
138.7171745300293,
142.8370475769043,
145.9040641784668,
138.4437084197998,
106.93097114562988,
105.76486587524414,
133.0878734588623,
128.89719009399414,
132.05289840698242,
105.29589653015137,
135.36834716796875,
136.87896728515625,
135.8039379119873,
136.81793212890625,
139.1749382019043,
134.22608375549316,
136.06500625610352,
138.0469799041748,
141.75796508789062,
137.0248794555664,
139.5561695098877,
135.32400131225586,
133.82911682128906,
135.60009002685547,
140.98596572875977,
142.13204383850098,
109.95888710021973,
139.06192779541016,
140.90323448181152,
136.43813133239746,
134.15884971618652,
134.85980033874512,
106.69803619384766,
105.87096214294434,
108.23297500610352,
102.92291641235352,
109.2076301574707,
108.68191719055176,
108.65187644958496,
103.05500030517578,
108.3369255065918,
111.18483543395996,
110.5499267578125,
109.161376953125,
108.52932929992676,
107.81383514404297,
109.16018486022949,
149.4460105895996,
106.95409774780273,
110.32295227050781,
105.36003112792969,
111.5109920501709,
112.72597312927246,
108.3986759185791,
103.43122482299805,
104.04300689697266,
124.5110034942627,
125.25582313537598,
126.63912773132324,
127.2420883178711,
127.80094146728516,
103.57093811035156,
128.91077995300293,
126.26194953918457,
127.6710033416748,
103.88994216918945,
126.30224227905273,
126.1911392211914,
128.2801628112793,
107.50389099121094,
127.10094451904297,
127.73895263671875,
107.63907432556152,
108.74795913696289,
127.69198417663574,
128.79276275634766,
128.4780502319336,
108.4599494934082,
106.68492317199707,
109.86781120300293,
109.41433906555176,
127.33078002929688,
126.56593322753906,
119.32802200317383,
128.57818603515625,
130.6619644165039,
126.88374519348145,
130.78999519348145,
130.2030086517334,
128.83782386779785,
122.98011779785156,
132.0199966430664,
129.12487983703613,
125.6718635559082,
125.07414817810059,
125.46825408935547,
131.56986236572266,
132.6918601989746,
129.14419174194336,
133.3308219909668,
130.73110580444336,
133.0859661102295,
128.9527416229248,
129.46128845214844,
122.53308296203613,
109.39383506774902,
107.01274871826172,
108.07180404663086,
112.41507530212402,
116.9271469116211,
113.31987380981445,
116.48416519165039,
114.10212516784668,
111.07206344604492,
116.06907844543457,
118.29781532287598,
116.28222465515137,
117.99073219299316,
116.3630485534668,
111.82689666748047,
116.89305305480957,
118.32427978515625,
117.75684356689453,
120.75686454772949,
121.74797058105469,
117.03991889953613,
114.98498916625977,
104.51769828796387,
105.65781593322754,
120.39303779602051,
106.4610481262207,
107.07712173461914,
106.97293281555176,
106.64224624633789,
107.42330551147461,
107.19418525695801,
107.27286338806152,
110.1689338684082,
109.0998649597168,
108.89601707458496,
108.26373100280762,
111.46116256713867,
110.64696311950684,
110.73160171508789,
109.20405387878418,
109.81297492980957,
109.49492454528809,
108.9789867401123,
109.73906517028809,
110.82983016967773,
110.75878143310547,
110.37230491638184,
109.12609100341797,
108.49428176879883,
109.51900482177734,
107.02228546142578,
104.30479049682617,
104.32624816894531,
107.08808898925781,
107.86700248718262,
114.81714248657227,
115.78226089477539,
115.98992347717285,
111.8011474609375,
119.37808990478516,
115.30089378356934,
114.94231224060059,
116.13988876342773,
115.74196815490723,
116.32609367370605,
114.93086814880371,
117.6910400390625,
116.52183532714844,
116.51182174682617,
121.9940185546875,
106.05525970458984,
107.44905471801758,
104.81405258178711,
113.10696601867676,
110.42499542236328,
111.53411865234375,
111.61303520202637,
115.48876762390137,
106.64892196655273,
117.74110794067383,
114.41206932067871,
110.2759838104248,
117.79999732971191,
109.89499092102051,
113.71397972106934,
114.56727981567383,
113.40522766113281,
109.26294326782227,
113.38376998901367,
112.19501495361328,
112.21718788146973,
113.39712142944336,
114.60208892822266,
111.04798316955566,
113.80767822265625,
113.81673812866211,
105.95178604125977,
104.1562557220459,
106.9948673248291,
105.72123527526855,
105.6830883026123,
108.55913162231445,
105.81111907958984,
106.6429615020752,
108.2909107208252,
109.63606834411621,
105.86905479431152,
105.45587539672852,
106.00090026855469,
106.44102096557617,
107.70010948181152,
105.5459976196289,
106.12106323242188,
105.92174530029297,
104.78901863098145,
105.4229736328125,
106.7969799041748,
106.42528533935547,
106.44197463989258,
107.72395133972168,
103.29818725585938,
106.09292984008789,
109.19380187988281,
111.04512214660645,
111.14811897277832,
106.62293434143066,
107.43403434753418,
106.94599151611328,
106.47296905517578,
104.05707359313965,
111.47904396057129,
111.9081974029541,
111.8919849395752,
111.1440658569336,
111.59205436706543,
107.24186897277832,
106.1089038848877,
110.24999618530273,
109.96603965759277,
112.44630813598633,
113.38686943054199,
106.67085647583008,
108.50286483764648,
108.56509208679199,
103.44409942626953,
104.77304458618164,
105.82709312438965,
105.21912574768066,
104.31909561157227,
106.1708927154541,
108.90388488769531,
106.60290718078613,
107.40494728088379,
106.8112850189209,
104.57181930541992,
106.170654296875,
106.22000694274902,
108.71005058288574,
106.62126541137695,
107.28287696838379,
105.07607460021973,
108.1228256225586,
108.67595672607422,
104.18009757995605,
105.01599311828613,
106.7039966583252,
108.14595222473145,
108.13188552856445,
103.12485694885254,
104.3858528137207,
106.2169075012207,
107.01537132263184,
110.42571067810059,
107.27500915527344,
107.01298713684082,
107.6509952545166,
108.92701148986816,
108.86096954345703,
109.47108268737793,
108.92391204833984,
108.60109329223633,
108.2000732421875,
107.9411506652832,
108.54983329772949,
107.43975639343262,
108.09874534606934,
113.80505561828613,
114.40491676330566,
113.45100402832031,
110.1219654083252,
109.61508750915527,
107.77115821838379,
104.46786880493164,
103.9421558380127,
106.34088516235352,
103.5459041595459,
103.49392890930176,
103.61027717590332,
102.44083404541016,
103.68895530700684,
103.21593284606934,
105.32593727111816,
105.09896278381348,
105.95488548278809,
103.91378402709961,
103.79505157470703,
105.59368133544922,
107.19490051269531,
107.28216171264648,
108.47210884094238,
108.99496078491211,
106.3840389251709,
111.02080345153809,
107.19490051269531,
109.30085182189941,
108.67691040039062,
112.31398582458496,
105.82304000854492,
105.8950424194336,
105.07321357727051,
107.04779624938965,
107.10287094116211,
107.76591300964355,
107.8031063079834,
106.30106925964355,
107.24186897277832,
105.47995567321777,
108.0472469329834,
105.67522048950195,
105.05318641662598,
103.06501388549805,
104.40278053283691,
104.36773300170898,
107.39302635192871,
107.09404945373535,
106.99796676635742,
106.67800903320312,
104.827880859375,
103.83272171020508,
106.80818557739258,
105.92293739318848,
105.133056640625,
104.95996475219727,
106.05692863464355,
104.67290878295898,
104.31098937988281,
106.91523551940918,
105.06486892700195,
103.62410545349121,
103.90496253967285,
105.64208030700684,
106.15992546081543,
105.21197319030762,
107.56611824035645,
103.6520004272461,
105.71002960205078,
105.70478439331055,
103.90901565551758,
107.53822326660156,
107.56492614746094,
104.57229614257812,
107.90395736694336,
103.86204719543457,
105.27682304382324,
104.34198379516602,
105.13877868652344,
102.84709930419922,
103.29389572143555,
105.67808151245117,
104.65097427368164,
105.28898239135742,
109.23218727111816,
105.91840744018555,
104.2327880859375,
104.26473617553711,
103.96695137023926,
105.08227348327637,
105.61609268188477,
106.40788078308105,
108.15215110778809,
108.02721977233887,
108.02268981933594,
104.60591316223145,
104.27713394165039,
104.25806045532227,
103.60097885131836,
106.24289512634277,
103.8808822631836,
106.04000091552734,
105.47089576721191,
104.43115234375,
105.76319694519043,
104.91514205932617,
105.10993003845215,
106.80603981018066,
106.08887672424316,
104.3541431427002,
105.19289970397949,
103.60193252563477,
105.40485382080078,
103.48987579345703,
104.94709014892578,
103.28817367553711,
102.80108451843262,
103.83415222167969,
103.4698486328125,
102.97012329101562,
103.94906997680664,
104.49695587158203,
103.76715660095215,
109.84301567077637,
103.78098487854004,
103.85990142822266,
102.36191749572754,
106.1100959777832,
109.04121398925781,
108.99519920349121,
104.98404502868652,
102.65207290649414,
105.00693321228027,
103.49512100219727,
104.45070266723633,
104.40802574157715,
103.03592681884766,
103.607177734375,
104.04300689697266,
103.49893569946289,
102.50425338745117,
103.44314575195312,
105.63278198242188,
103.02495956420898,
104.69603538513184,
103.55997085571289,
105.59487342834473,
104.93326187133789,
104.90798950195312,
104.3710708618164,
102.29802131652832,
104.06899452209473,
104.84814643859863,
107.16605186462402,
105.05008697509766,
105.55100440979004,
104.76517677307129,
105.27586936950684,
103.80101203918457,
103.01899909973145,
102.76508331298828,
102.97107696533203,
102.70190238952637,
103.40213775634766,
102.2329330444336,
102.75483131408691,
102.45823860168457,
105.75413703918457,
105.58485984802246,
104.48384284973145,
103.64007949829102,
103.06286811828613,
103.81007194519043,
106.41694068908691,
103.12390327453613,
102.03289985656738,
103.27720642089844,
103.85012626647949,
104.86793518066406,
102.99396514892578,
104.10499572753906,
104.24613952636719,
103.81889343261719,
103.32274436950684,
104.32100296020508,
104.43806648254395,
105.49783706665039,
103.57522964477539,
103.69992256164551,
103.75380516052246,
104.26187515258789,
103.56712341308594,
102.15997695922852,
102.8900146484375,
102.93889045715332,
103.0569076538086,
102.42891311645508,
103.46198081970215,
103.62792015075684,
102.39386558532715,
103.8510799407959,
103.37710380554199,
104.14719581604004,
102.64897346496582,
104.63309288024902,
104.33197021484375,
101.20224952697754,
101.96495056152344,
101.99213027954102,
103.46031188964844,
104.58612442016602,
101.99785232543945,
102.60319709777832,
104.77328300476074,
103.46007347106934,
104.6609878540039,
104.31313514709473,
107.29479789733887,
106.97078704833984,
104.2928695678711,
104.07495498657227,
102.70404815673828,
104.07114028930664,
104.95519638061523,
103.87396812438965,
106.96530342102051,
105.21101951599121,
105.27229309082031,
103.7130355834961,
103.68204116821289,
104.80594635009766,
103.70397567749023,
104.39395904541016,
103.94501686096191,
104.93326187133789,
102.8451919555664,
102.54192352294922,
104.07590866088867,
104.80403900146484,
104.90083694458008,
104.90202903747559,
104.14290428161621,
104.1409969329834,
103.5308837890625,
102.8449535369873,
101.99093818664551,
106.11987113952637,
104.97379302978516,
106.13894462585449,
104.58707809448242,
102.0960807800293,
103.21998596191406,
103.89971733093262,
103.67584228515625,
103.16061973571777,
104.33816909790039,
102.7982234954834,
104.9339771270752,
104.63380813598633,
104.0503978729248,
103.62911224365234,
104.76517677307129,
104.45904731750488,
104.3996810913086,
105.82232475280762,
103.8050651550293,
105.61490058898926,
105.8189868927002,
106.56309127807617,
104.29906845092773,
104.84576225280762,
106.1561107635498,
105.31926155090332,
103.41191291809082,
105.1781177520752,
103.44600677490234,
104.67290878295898,
104.2628288269043,
107.09476470947266,
105.30996322631836,
106.66179656982422,
103.87301445007324,
104.58087921142578,
105.37981986999512,
104.89892959594727,
103.38902473449707,
103.91020774841309,
105.99017143249512,
105.36503791809082,
106.22406005859375,
107.02800750732422,
106.01496696472168,
105.83090782165527,
104.78091239929199,
104.41398620605469,
106.17399215698242,
105.9420108795166,
103.6841869354248,
104.75015640258789,
105.3159236907959,
104.20799255371094,
105.39698600769043,
106.63604736328125,
105.79514503479004,
106.83894157409668,
106.89806938171387,
104.8886775970459,
105.28802871704102,
108.85334014892578,
104.705810546875,
102.5381088256836,
102.45990753173828,
112.07818984985352,
113.55400085449219,
113.38305473327637,
109.40194129943848,
107.54799842834473,
105.47399520874023,
107.2690486907959,
105.51691055297852,
110.02302169799805,
105.75985908508301,
103.0130386352539,
106.51493072509766,
106.84800148010254,
107.96213150024414,
105.19695281982422,
108.01935195922852,
103.94883155822754,
103.72495651245117,
104.70700263977051,
103.24406623840332,
102.92410850524902,
103.26814651489258,
103.86514663696289,
109.56120491027832,
110.20708084106445,
108.31594467163086,
122.12824821472168,
111.89079284667969,
108.32786560058594,
117.28787422180176,
118.01385879516602,
112.35809326171875,
108.7498664855957,
123.60119819641113,
110.54706573486328,
107.61213302612305,
107.3598861694336,
107.21421241760254,
112.01286315917969,
104.03990745544434,
108.18886756896973,
104.30502891540527,
108.9329719543457,
105.05294799804688,
110.4271411895752,
104.82931137084961,
106.08577728271484,
105.54695129394531,
105.10015487670898,
107.30814933776855,
105.00502586364746,
107.38420486450195,
102.20503807067871,
114.06421661376953,
108.66713523864746,
105.15999794006348,
113.28482627868652,
114.1970157623291,
113.00301551818848,
114.33887481689453,
111.87291145324707,
112.54000663757324,
113.67917060852051,
111.16909980773926,
118.6819076538086,
111.9847297668457,
110.04018783569336,
108.8860034942627,
104.90107536315918,
108.8249683380127,
109.21406745910645,
117.60210990905762,
124.57108497619629,
124.51577186584473,
129.64296340942383,
133.4841251373291,
131.30807876586914,
141.0388946533203,
137.90488243103027,
134.55677032470703,
135.1759433746338,
138.02027702331543,
141.36123657226562,
141.24488830566406,
153.78403663635254,
128.33786010742188,
135.68997383117676,
131.1171054840088,
125.70405006408691,
133.90469551086426,
122.89977073669434,
139.88780975341797,
128.9830207824707,
137.54606246948242,
121.70100212097168,
129.1646957397461,
128.8321018218994,
135.82205772399902,
121.75488471984863,
123.82173538208008,
140.52295684814453,
120.23591995239258,
118.17502975463867,
142.36807823181152,
121.78897857666016,
118.40677261352539,
124.6647834777832,
121.65307998657227,
142.89593696594238,
125.95677375793457,
118.20387840270996,
120.0258731842041,
122.3609447479248,
127.65789031982422,
121.25420570373535,
124.76181983947754,
121.64592742919922,
124.81689453125,
126.91092491149902,
106.60791397094727,
105.7281494140625,
111.96494102478027,
112.04004287719727,
112.4732494354248,
110.9004020690918,
110.58735847473145,
113.70396614074707,
112.17308044433594,
108.1540584564209,
108.62112045288086,
109.82704162597656,
115.04912376403809,
107.87510871887207,
110.9001636505127,
108.83402824401855,
111.76109313964844,
114.1510009765625,
112.90407180786133,
112.51688003540039,
114.36200141906738,
113.07692527770996,
113.50202560424805,
111.33599281311035,
117.87819862365723,
114.31765556335449,
107.6819896697998,
109.36594009399414,
108.99710655212402,
108.27279090881348,
107.26094245910645,
107.91182518005371,
109.26103591918945,
108.19101333618164,
109.29417610168457,
111.60993576049805,
110.95404624938965,
108.27326774597168,
108.5062026977539,
111.62400245666504,
109.45796966552734,
112.2901439666748,
109.69185829162598,
108.71386528015137,
105.7882308959961,
108.84618759155273,
108.62326622009277,
111.55104637145996,
106.07171058654785,
106.85110092163086,
106.82392120361328,
106.66394233703613,
107.24020004272461,
110.28671264648438,
108.05106163024902,
104.29692268371582,
107.79190063476562,
108.44302177429199,
108.0179214477539,
107.05399513244629,
107.82098770141602,
106.41717910766602,
110.00394821166992,
106.51588439941406,
109.23910140991211,
104.55918312072754,
105.15093803405762,
106.4000129699707,
105.40986061096191,
105.29804229736328,
106.51683807373047,
109.50922966003418,
109.97509956359863,
110.68010330200195,
105.99613189697266,
106.85610771179199,
109.09104347229004,
105.21292686462402,
105.0717830657959,
105.5748462677002,
106.31608963012695,
107.26094245910645,
107.45000839233398,
108.1228256225586,
110.95905303955078,
117.05398559570312,
116.11294746398926,
116.88613891601562,
118.75724792480469,
119.68588829040527,
120.23496627807617,
119.42100524902344,
117.77901649475098,
116.21785163879395,
121.64521217346191,
119.74692344665527,
106.90498352050781,
106.15396499633789,
107.3770523071289,
120.96405029296875,
122.21503257751465,
121.84500694274902,
117.0799732208252,
118.98183822631836,
114.95804786682129,
121.65975570678711,
123.71683120727539,
117.79522895812988,
116.73498153686523,
125.64396858215332,
127.47788429260254,
119.8577880859375,
126.29389762878418,
123.17681312561035,
126.75905227661133,
130.25212287902832,
127.93397903442383,
122.59984016418457,
126.22833251953125,
126.71399116516113,
129.94003295898438,
126.71303749084473,
127.81691551208496,
105.89313507080078,
114.39275741577148,
107.86604881286621,
120.7571029663086,
124.59278106689453,
115.73600769042969,
117.68913269042969,
129.317045211792,
125.12421607971191,
118.05987358093262,
116.3630485534668,
132.1859359741211,
128.76629829406738,
127.23422050476074,
116.15991592407227,
132.71236419677734,
129.20093536376953,
113.36970329284668,
113.13796043395996,
114.80402946472168,
117.07186698913574,
117.50602722167969,
106.13203048706055,
103.96003723144531,
110.3672981262207,
113.85011672973633,
115.23199081420898,
115.75198173522949,
113.13390731811523,
112.93530464172363,
112.7481460571289,
110.72206497192383,
113.93499374389648,
114.83097076416016,
115.48376083374023,
114.12191390991211,
114.78400230407715,
110.27097702026367,
119.3397045135498,
115.4329776763916,
120.14317512512207,
114.73608016967773,
118.25203895568848,
118.70908737182617,
115.0047779083252,
114.14194107055664,
118.21389198303223,
119.87996101379395,
119.3239688873291,
104.34603691101074,
120.02706527709961,
116.7290210723877,
121.71196937561035,
125.9620189666748,
115.22984504699707,
115.05007743835449,
129.03499603271484,
120.8648681640625,
120.76687812805176,
115.27609825134277,
125.21600723266602,
128.4801959991455,
118.9260482788086,
117.97475814819336,
119.59624290466309,
118.88408660888672,
115.30208587646484,
112.8079891204834,
119.85301971435547,
123.27814102172852,
124.13573265075684,
104.0029525756836,
102.92696952819824,
103.55401039123535,
119.71616744995117,
115.15021324157715,
119.63415145874023,
132.1699619293213,
114.14408683776855,
119.82989311218262,
123.90804290771484,
131.34312629699707,
124.66001510620117,
120.75018882751465,
124.18580055236816,
123.84891510009766,
118.27206611633301,
119.96912956237793,
125.08702278137207,
119.9791431427002,
114.44306373596191,
120.01204490661621,
124.91178512573242,
122.57027626037598,
120.1479434967041,
118.50380897521973,
117.96712875366211,
119.80009078979492,
103.13010215759277,
117.9356575012207,
125.81610679626465,
114.40587043762207,
121.44708633422852,
126.0077953338623,
121.34790420532227,
126.10888481140137,
118.56389045715332,
119.84038352966309,
124.97997283935547,
118.86477470397949,
111.6328239440918,
125.7178783416748,
121.10090255737305,
127.02798843383789,
125.73003768920898,
126.63912773132324,
128.9539337158203,
124.48883056640625,
132.36308097839355,
125.48184394836426,
128.5231113433838,
128.54814529418945,
117.67387390136719,
111.58895492553711,
114.56513404846191,
114.21608924865723,
114.6547794342041,
115.38195610046387,
114.36581611633301,
117.73371696472168,
121.2930679321289,
122.4219799041748,
116.60313606262207,
122.88999557495117,
114.29810523986816,
116.65797233581543,
125.5800724029541,
114.43185806274414,
119.66180801391602,
118.4239387512207,
123.04472923278809,
119.33612823486328,
122.22003936767578,
124.12905693054199,
126.55520439147949,
123.58999252319336,
123.74186515808105,
123.9328384399414,
111.7699146270752,
108.60586166381836,
109.4510555267334,
112.85519599914551,
106.53305053710938,
112.53905296325684,
115.58413505554199,
112.44893074035645,
108.94489288330078,
115.62085151672363,
110.01205444335938,
112.48111724853516,
113.88373374938965,
112.47992515563965,
108.65306854248047,
116.06907844543457,
116.63818359375,
111.32597923278809,
113.88707160949707,
118.26682090759277,
114.81714248657227,
114.11404609680176,
115.60797691345215,
116.11485481262207,
107.82814025878906,
111.4802360534668,
109.68613624572754,
113.49081993103027,
113.50607872009277,
115.91601371765137,
110.44096946716309,
113.30199241638184,
115.51499366760254,
110.37421226501465,
115.14782905578613,
118.38483810424805,
110.05401611328125,
113.36708068847656,
113.37590217590332,
117.80500411987305,
114.4101619720459,
119.46797370910645,
117.71011352539062,
119.48490142822266,
120.68009376525879,
114.05181884765625,
120.47386169433594,
121.98591232299805,
114.56704139709473,
106.71424865722656,
106.66608810424805,
105.10492324829102,
105.2851676940918,
105.92412948608398,
109.04121398925781,
108.9329719543457,
108.51001739501953,
108.51502418518066,
107.16700553894043,
107.19799995422363,
108.60109329223633,
107.01489448547363,
107.78188705444336,
106.19521141052246,
108.16001892089844,
107.91802406311035,
109.47394371032715,
107.78999328613281,
108.489990234375,
107.28573799133301,
106.75668716430664,
106.19187355041504,
106.0950756072998,
103.26290130615234,
104.13908958435059,
103.8520336151123,
105.86309432983398,
108.8719367980957,
106.92882537841797,
107.88989067077637,
109.62581634521484,
108.71505737304688,
109.40694808959961,
109.41290855407715,
111.8459701538086,
109.96198654174805,
111.62185668945312,
112.23101615905762,
106.80508613586426,
110.83102226257324,
112.55502700805664,
110.54515838623047,
113.54184150695801,
109.28606986999512,
110.30220985412598,
111.49859428405762,
110.35513877868652,
109.54403877258301,
103.92189025878906,
108.03580284118652,
108.38603973388672,
108.2620620727539,
108.03580284118652,
108.59823226928711,
108.21390151977539,
108.83212089538574,
105.79919815063477,
106.7972183227539,
112.79606819152832,
111.05823516845703,
109.2689037322998,
108.28804969787598,
106.75191879272461,
110.86368560791016,
107.83100128173828,
116.13106727600098,
115.0209903717041,
114.10117149353027,
115.142822265625,
115.10825157165527,
116.88876152038574,
111.14311218261719,
104.0351390838623,
105.53121566772461,
105.14092445373535,
103.36494445800781,
110.88728904724121,
111.98592185974121,
113.82889747619629,
113.66701126098633,
114.32480812072754,
114.09592628479004,
111.58919334411621,
117.54274368286133,
117.47264862060547,
116.18399620056152,
117.6908016204834,
113.92474174499512,
113.28411102294922,
111.47212982177734,
119.29869651794434,
120.31412124633789,
118.08395385742188,
115.20195007324219,
120.23282051086426,
121.20819091796875,
118.6978816986084,
105.9560775756836,
105.68714141845703,
104.05230522155762,
107.9249382019043,
108.80112648010254,
107.07879066467285,
109.83800888061523,
109.43412780761719,
113.39378356933594,
107.99789428710938,
111.57393455505371,
109.86685752868652,
111.74607276916504,
111.36794090270996,
111.34195327758789,
110.45694351196289,
109.69090461730957,
107.51628875732422,
109.86804962158203,
107.24186897277832,
116.96672439575195,
103.81221771240234,
113.99388313293457,
116.81985855102539,
115.91911315917969,
105.75389862060547,
102.84304618835449,
103.6832332611084,
104.70294952392578,
106.86373710632324,
109.95888710021973,
107.53083229064941,
106.67300224304199,
109.93003845214844,
107.07306861877441,
104.7968864440918,
104.6440601348877,
104.14528846740723,
106.70304298400879,
107.41806030273438,
104.07567024230957,
104.82621192932129,
105.41534423828125,
105.89814186096191,
107.20109939575195,
112.21027374267578,
110.32700538635254,
110.81480979919434,
113.23809623718262,
104.59518432617188,
104.58207130432129,
117.94018745422363,
103.99937629699707,
109.24315452575684,
106.83917999267578,
104.60686683654785,
106.55689239501953,
104.888916015625,
104.83098030090332,
104.48503494262695,
106.21905326843262,
106.71496391296387,
107.44023323059082,
107.60712623596191,
108.68120193481445,
105.6520938873291,
109.14206504821777,
110.73899269104004,
107.3298454284668,
110.00609397888184,
107.36489295959473,
103.42288017272949,
104.32887077331543,
103.27792167663574,
106.61578178405762,
114.43686485290527,
102.3399829864502,
104.2940616607666,
105.24225234985352,
104.09116744995117,
103.62887382507324,
103.47700119018555,
103.80196571350098,
116.0128116607666,
105.44395446777344,
116.44196510314941,
115.74912071228027,
118.16000938415527,
119.3690299987793,
118.97516250610352,
108.95109176635742,
116.18399620056152,
118.82877349853516,
115.9360408782959,
108.22296142578125,
117.21014976501465,
106.44078254699707,
114.49289321899414,
108.41798782348633,
103.25384140014648,
102.80585289001465,
104.33173179626465,
104.71606254577637,
106.09102249145508,
104.8591136932373,
107.77115821838379,
106.33516311645508,
106.20999336242676,
107.04779624938965,
105.04031181335449,
104.53605651855469,
103.54304313659668,
107.46121406555176,
104.76803779602051,
103.16276550292969,
106.31299018859863,
106.80890083312988,
105.34811019897461,
104.20799255371094,
104.14409637451172,
104.93111610412598,
106.40406608581543,
103.03497314453125,
102.77605056762695,
102.48398780822754,
102.88596153259277,
103.84202003479004,
104.1407585144043,
103.1789779663086,
103.8060188293457,
104.4621467590332,
107.55395889282227,
108.77490043640137,
109.50994491577148,
109.10511016845703,
108.30903053283691,
107.90014266967773,
106.70900344848633,
110.4421615600586,
108.28900337219238,
107.77020454406738,
109.02619361877441,
107.74493217468262,
109.1148853302002,
104.91704940795898,
106.09006881713867,
106.97102546691895,
107.0406436920166,
104.66909408569336,
105.29828071594238,
106.11796379089355,
106.56309127807617,
104.70414161682129,
104.40707206726074,
104.32982444763184,
103.61981391906738,
104.52818870544434,
104.86221313476562,
106.06813430786133,
105.33785820007324,
106.13775253295898,
107.92684555053711,
108.37411880493164,
108.9482307434082,
108.36505889892578,
106.57191276550293,
108.60013961791992,
106.74190521240234,
106.4157485961914,
106.3532829284668,
104.57801818847656,
105.30900955200195,
103.73401641845703,
103.28173637390137,
106.89783096313477,
106.4140796661377,
103.82795333862305,
105.26919364929199,
104.07900810241699,
106.49609565734863,
105.84497451782227,
108.41798782348633,
112.06388473510742,
109.76004600524902,
106.50086402893066,
104.90226745605469,
105.00383377075195,
109.74502563476562,
113.55805397033691,
112.76578903198242,
110.15582084655762,
113.60001564025879,
111.21106147766113,
110.39614677429199,
112.03908920288086,
109.98892784118652,
108.4439754486084,
106.19497299194336,
105.1640510559082,
109.18784141540527,
103.7299633026123,
104.21228408813477,
105.19576072692871,
105.0419807434082,
102.7519702911377,
106.06122016906738,
103.70993614196777,
104.14314270019531,
104.92682456970215,
106.00495338439941,
103.75213623046875,
105.46422004699707,
104.38418388366699,
105.62682151794434,
105.00502586364746,
108.428955078125,
105.67402839660645,
106.10628128051758,
108.21700096130371,
104.18987274169922,
104.23994064331055,
103.6989688873291,
113.09695243835449,
114.31503295898438,
104.57897186279297,
104.78520393371582,
106.62007331848145,
109.27581787109375,
107.7871322631836,
109.59100723266602,
107.17892646789551,
115.9660816192627,
108.50191116333008,
113.7998104095459,
115.95797538757324,
108.65306854248047,
111.60778999328613,
110.83173751831055,
114.10689353942871,
116.1048412322998,
111.63210868835449,
105.91506958007812,
112.88595199584961,
112.72907257080078,
112.50424385070801,
112.40911483764648,
106.71782493591309,
112.12015151977539,
102.82707214355469,
101.79996490478516,
101.70197486877441,
102.86688804626465,
102.74791717529297,
103.83200645446777,
103.73497009277344,
104.80308532714844,
103.92379760742188,
105.23700714111328,
104.24280166625977,
104.8729419708252,
105.40604591369629,
103.77097129821777,
102.81538963317871,
103.6829948425293,
103.6229133605957,
102.82111167907715,
103.80697250366211,
105.17096519470215,
105.37433624267578,
125.05698204040527,
132.74216651916504,
139.56212997436523,
134.7200870513916,
132.11321830749512,
141.2332057952881,
102.04505920410156,
103.06620597839355,
104.38680648803711,
103.94287109375,
103.65009307861328,
107.88702964782715,
105.07321357727051,
108.00909996032715,
108.36601257324219,
103.81102561950684,
104.10809516906738,
103.15513610839844,
102.5691032409668,
103.57308387756348,
103.16801071166992,
103.98292541503906,
102.29992866516113,
103.63292694091797,
103.92594337463379,
103.58190536499023,
101.86982154846191,
102.83303260803223,
105.47518730163574,
104.19797897338867,
106.04429244995117,
102.22625732421875,
102.24103927612305,
103.16705703735352,
102.62393951416016,
103.00087928771973,
102.94103622436523,
103.48916053771973,
103.40499877929688,
105.21125793457031,
104.65884208679199,
103.15084457397461,
104.63571548461914,
104.5379638671875,
103.7149429321289,
102.75602340698242,
103.2869815826416,
102.44202613830566,
103.76882553100586,
101.94206237792969,
103.21593284606934,
103.14702987670898,
103.15179824829102,
102.71072387695312,
104.25090789794922,
102.58722305297852,
103.19280624389648,
104.06780242919922,
104.6910285949707,
104.44211959838867,
105.86214065551758,
106.2929630279541,
106.23693466186523,
103.58715057373047,
105.26299476623535,
105.2858829498291,
103.55710983276367,
102.63609886169434,
102.5993824005127,
104.0949821472168,
104.92396354675293,
103.96003723144531,
103.12700271606445,
103.48200798034668,
103.48916053771973,
104.27021980285645,
103.1501293182373,
103.93714904785156,
105.91411590576172,
103.28435897827148,
102.44011878967285,
105.66973686218262,
105.8511734008789,
107.07402229309082,
106.93097114562988,
106.85992240905762,
105.87596893310547,
104.26783561706543,
106.69112205505371,
104.81619834899902,
103.12390327453613,
103.13105583190918,
103.70111465454102,
102.86283493041992,
103.93810272216797,
107.29503631591797,
104.36296463012695,
103.06787490844727,
105.56912422180176,
108.96062850952148,
109.5728874206543,
109.43174362182617,
111.44590377807617,
111.45782470703125,
112.32590675354004,
107.10692405700684,
107.45382308959961,
106.30321502685547,
105.29088973999023,
107.82599449157715,
108.32691192626953,
103.72614860534668,
107.63382911682129,
107.4681282043457,
108.34097862243652,
105.13687133789062,
107.8498363494873,
112.44797706604004,
106.78291320800781,
111.68503761291504,
111.01388931274414,
105.65805435180664,
106.42814636230469,
107.34224319458008,
108.96897315979004,
107.22708702087402,
107.07712173461914,
107.05184936523438,
108.49499702453613,
108.97517204284668,
109.52496528625488,
106.5981388092041,
106.55093193054199,
106.20307922363281,
106.38785362243652,
106.49871826171875,
107.1171760559082,
107.5429916381836,
106.29892349243164,
105.70526123046875,
106.2159538269043,
107.21206665039062,
104.19583320617676,
103.23882102966309,
105.76272010803223,
106.8418025970459,
107.66887664794922,
105.12423515319824,
105.35907745361328,
106.35900497436523,
107.27190971374512,
109.04812812805176,
108.78205299377441,
109.41195487976074,
109.15207862854004,
108.94417762756348,
113.43097686767578,
111.1600399017334,
112.69783973693848,
113.85297775268555,
111.04202270507812,
113.81983757019043,
117.82979965209961,
118.55387687683105,
110.8701229095459,
114.03703689575195,
110.32700538635254,
106.19974136352539,
108.6277961730957,
108.59107971191406,
109.91311073303223,
108.09898376464844,
107.90491104125977,
108.26611518859863,
108.28208923339844,
106.63723945617676,
111.98616027832031,
109.24816131591797,
110.61286926269531,
105.87501525878906,
108.75797271728516,
105.69500923156738,
105.62276840209961,
104.53915596008301,
104.01201248168945,
103.60908508300781,
104.22611236572266,
104.32934761047363,
105.06010055541992,
104.88128662109375,
104.38990592956543,
104.69460487365723,
105.67593574523926,
105.24415969848633,
103.63960266113281,
107.04278945922852,
105.45730590820312,
104.92086410522461,
113.67416381835938,
102.62703895568848,
105.59320449829102,
111.48524284362793,
105.26180267333984,
111.30475997924805,
106.15992546081543,
106.7969799041748,
106.65488243103027,
104.99215126037598,
105.56387901306152,
107.48696327209473,
105.01623153686523,
106.32586479187012,
112.73503303527832,
113.15107345581055,
105.4990291595459,
105.15999794006348,
104.13408279418945,
105.1180362701416,
105.07702827453613,
104.92372512817383,
104.41923141479492,
104.00009155273438,
105.46684265136719,
104.9809455871582,
104.28786277770996,
104.79402542114258,
105.16500473022461,
106.28414154052734,
107.3160171508789,
105.98611831665039,
105.37099838256836,
104.6597957611084,
107.89918899536133,
105.81779479980469,
105.52310943603516,
106.25410079956055,
102.7688980102539,
103.23691368103027,
103.10506820678711,
102.4177074432373,
102.9210090637207,
105.31997680664062,
103.48296165466309,
104.28428649902344,
105.58700561523438,
105.72695732116699,
107.19585418701172,
103.49798202514648,
105.86905479431152,
104.80380058288574,
104.16102409362793,
106.54377937316895,
105.15689849853516,
105.73387145996094,
105.48830032348633,
107.2990894317627,
104.19821739196777,
105.19289970397949,
106.49323463439941,
107.80525207519531,
105.37028312683105,
104.0961742401123,
103.90901565551758,
104.35700416564941,
105.03482818603516,
104.76994514465332,
103.19113731384277,
104.75707054138184,
105.04603385925293,
103.05500030517578,
103.38211059570312,
106.24885559082031,
105.50880432128906,
105.4229736328125,
104.36606407165527,
106.4608097076416,
105.76224327087402,
104.23803329467773,
103.95383834838867,
105.02910614013672,
106.8429946899414,
105.7438850402832,
104.1569709777832,
105.08084297180176,
105.03792762756348,
104.53295707702637,
104.46691513061523,
137.58397102355957,
139.59884643554688,
153.2728672027588,
154.07204627990723,
144.59991455078125,
148.3938694000244,
147.84002304077148,
154.64425086975098,
146.92020416259766,
151.18694305419922,
144.9449062347412,
154.44207191467285,
161.03506088256836,
154.73604202270508,
140.11788368225098,
147.60398864746094,
152.9672145843506,
140.7771110534668,
154.92796897888184,
165.19904136657715,
145.5988883972168,
137.4521255493164,
150.3429412841797,
157.90796279907227,
143.934965133667,
166.84699058532715,
155.46607971191406,
125.82802772521973,
136.26599311828613,
137.83812522888184,
150.73204040527344,
144.50502395629883,
160.11333465576172,
154.50000762939453,
137.93611526489258,
162.5511646270752,
127.31599807739258,
143.06902885437012,
151.02696418762207,
167.92988777160645,
167.7417755126953,
164.78514671325684,
154.97398376464844,
118.05009841918945,
176.9270896911621,
123.52991104125977,
105.69000244140625,
178.41482162475586,
107.91134834289551,
107.68699645996094,
150.50482749938965,
125.46801567077637,
109.77411270141602,
133.12101364135742,
107.42688179016113,
104.09021377563477,
105.28397560119629,
104.89511489868164,
104.01606559753418,
105.38506507873535,
105.41224479675293,
104.02083396911621,
105.37195205688477,
108.5050106048584,
106.04405403137207,
104.68506813049316,
108.8709831237793,
106.25410079956055,
103.33704948425293,
105.08394241333008,
104.6910285949707,
105.10492324829102,
105.59797286987305,
105.95703125,
103.9729118347168,
105.50093650817871,
104.45284843444824,
104.3398380279541,
104.57706451416016,
104.2938232421875,
110.94188690185547,
110.43977737426758,
108.20794105529785,
111.59229278564453,
111.01222038269043,
112.38408088684082,
111.45186424255371,
104.28285598754883,
103.2111644744873,
102.99491882324219,
102.91695594787598,
104.73799705505371,
105.14998435974121,
105.1180362701416,
104.97379302978516,
106.62722587585449,
106.87112808227539,
104.32100296020508,
107.24091529846191,
106.21070861816406,
106.18424415588379,
107.73515701293945,
104.75802421569824,
105.6058406829834,
105.53216934204102,
105.96299171447754,
104.31098937988281,
104.31694984436035,
103.55496406555176,
104.01701927185059,
103.59334945678711,
105.07893562316895,
103.69992256164551,
105.55100440979004,
105.79586029052734,
104.47311401367188,
103.34110260009766,
102.5688648223877,
103.20401191711426,
104.3698787689209,
103.30796241760254,
104.46810722351074,
103.38902473449707,
103.30009460449219,
104.68506813049316,
102.89716720581055,
103.8811206817627,
104.30788993835449,
105.31902313232422,
105.63898086547852,
105.15284538269043,
104.13980484008789,
104.11310195922852,
105.46207427978516,
104.74681854248047,
110.15081405639648,
108.47210884094238,
109.32302474975586,
112.22624778747559,
114.3181324005127,
111.34099960327148,
112.90287971496582,
116.3640022277832,
109.84206199645996,
108.98113250732422,
113.53206634521484,
116.32895469665527,
117.88177490234375,
112.28418350219727,
110.71419715881348,
114.78686332702637,
117.93923377990723,
111.65308952331543,
116.5771484375,
117.50173568725586,
119.11916732788086,
111.0219955444336,
115.55600166320801,
120.1779842376709,
120.22805213928223,
114.12286758422852,
114.82596397399902,
117.40612983703613,
112.63585090637207,
115.97108840942383,
115.23294448852539,
112.26129531860352,
121.45471572875977,
114.73369598388672,
121.49786949157715,
118.66116523742676,
113.29984664916992,
109.81607437133789,
109.76791381835938,
110.85009574890137,
106.85610771179199,
106.55093193054199,
111.2208366394043,
106.91404342651367,
111.42182350158691,
109.39335823059082,
130.58018684387207,
113.16323280334473,
112.48493194580078,
113.20281028747559,
113.8150691986084,
108.13713073730469,
111.13786697387695,
113.47794532775879,
113.39974403381348,
121.17791175842285,
113.24763298034668,
111.91797256469727,
111.36102676391602,
111.65618896484375,
128.47375869750977,
111.25922203063965,
112.92505264282227,
124.01103973388672,
111.96303367614746,
112.59126663208008,
113.2347583770752,
123.25501441955566,
110.44883728027344,
132.1249008178711,
114.10784721374512,
110.64291000366211,
110.4426383972168,
109.1761589050293,
107.71822929382324,
111.36102676391602,
108.92486572265625,
109.20405387878418,
107.91015625,
109.76600646972656,
109.73381996154785,
112.2751235961914,
111.87481880187988,
107.4068546295166,
112.81514167785645,
108.6130142211914,
107.93113708496094,
105.68594932556152,
112.2431755065918,
106.67276382446289,
109.2081069946289,
110.11290550231934,
109.96198654174805,
108.69193077087402,
107.61404037475586,
109.65991020202637,
109.84587669372559,
109.69018936157227,
110.34703254699707,
109.44986343383789,
115.92316627502441,
108.2601547241211,
112.29205131530762,
111.8919849395752,
111.41562461853027,
116.15300178527832,
111.49215698242188,
118.00289154052734,
115.04006385803223,
115.42677879333496,
115.13686180114746,
113.05618286132812,
119.07696723937988,
118.24297904968262,
120.31698226928711,
117.90800094604492,
114.94302749633789,
112.9910945892334,
113.92426490783691,
120.13912200927734,
119.31109428405762,
114.38941955566406,
115.75698852539062,
118.7441349029541,
121.89483642578125,
122.51496315002441,
115.26727676391602,
120.4829216003418,
123.65603446960449,
117.41113662719727,
119.82107162475586,
121.89316749572754,
117.81096458435059,
123.43811988830566,
123.21305274963379,
123.66104125976562,
120.61119079589844,
108.18195343017578,
109.69328880310059,
109.74621772766113,
117.32697486877441,
111.3438606262207,
118.38293075561523,
113.30080032348633,
115.96012115478516,
113.34514617919922,
113.2960319519043,
117.63596534729004,
114.89605903625488,
114.34793472290039,
120.95308303833008,
122.23505973815918,
123.07190895080566,
122.24888801574707,
123.96788597106934,
123.76904487609863,
124.61686134338379,
120.91803550720215,
122.77674674987793,
118.15404891967773,
122.73526191711426,
122.87425994873047,
119.73690986633301,
118.68000030517578,
123.63481521606445,
124.4051456451416,
119.7047233581543,
123.82721900939941,
131.35409355163574,
129.23407554626465,
130.33390045166016,
129.55594062805176,
129.2722225189209,
110.94808578491211,
130.68413734436035,
130.35297393798828,
129.66299057006836,
134.09876823425293,
133.65793228149414,
132.32088088989258,
127.2740364074707,
126.35421752929688,
125.71501731872559,
113.0521297454834,
110.39304733276367,
104.78520393371582,
105.83305358886719,
105.65900802612305,
120.3458309173584,
119.53210830688477,
127.91013717651367,
118.9107894897461,
121.3083267211914,
121.08206748962402,
127.95591354370117,
128.4937858581543,
110.29887199401855,
129.6839714050293,
131.40511512756348,
124.75085258483887,
130.51486015319824,
120.67174911499023,
131.87789916992188,
119.02618408203125,
125.6859302520752,
127.63810157775879,
134.15813446044922,
121.89912796020508,
127.83432006835938,
134.75918769836426,
127.91562080383301,
136.68298721313477,
129.25004959106445,
119.72308158874512,
128.30781936645508,
132.4331760406494,
132.36474990844727,
132.24101066589355,
129.7163963317871,
127.4569034576416,
128.0221939086914,
125.85806846618652,
134.33122634887695,
126.62029266357422,
128.7240982055664,
133.82315635681152,
127.4423599243164,
132.26914405822754,
135.23101806640625,
127.42090225219727,
117.78688430786133,
131.83903694152832,
111.89675331115723,
105.44514656066895,
107.39517211914062,
122.33901023864746,
122.6959228515625,
161.46564483642578,
171.2191104888916,
166.3351058959961,
171.23985290527344,
172.53708839416504,
174.54099655151367,
164.03579711914062,
117.92731285095215,
159.376859664917,
164.60633277893066,
163.07306289672852,
166.81289672851562,
166.14294052124023,
165.87519645690918,
159.28101539611816,
160.03990173339844,
166.8069362640381,
163.09666633605957,
161.970853805542,
166.7649745941162,
168.27893257141113,
160.2458953857422,
158.98776054382324,
166.82124137878418,
167.92607307434082,
168.2298183441162,
166.78190231323242,
170.14789581298828,
120.42593955993652,
177.53314971923828,
165.32397270202637,
165.04716873168945,
175.99105834960938,
165.86613655090332,
179.05187606811523,
177.933931350708,
162.66798973083496,
165.55094718933105,
177.7641773223877,
163.16890716552734,
178.2209873199463,
176.7280101776123,
171.11492156982422,
169.44479942321777,
122.32398986816406,
121.9949722290039,
146.69513702392578,
122.80893325805664,
118.12400817871094,
118.52073669433594,
108.81590843200684,
110.98003387451172,
118.63517761230469,
116.5468692779541,
117.86603927612305,
121.77395820617676,
112.33735084533691,
117.38300323486328,
115.40603637695312,
115.20600318908691,
113.35301399230957,
120.06115913391113,
119.55714225769043,
113.56019973754883,
119.72522735595703,
120.4380989074707,
119.68016624450684,
120.0871467590332,
121.40607833862305,
118.76511573791504,
118.12615394592285,
118.20697784423828,
113.70086669921875,
115.11588096618652,
119.85516548156738,
119.20309066772461,
118.40415000915527,
119.23789978027344,
116.64414405822754,
120.09310722351074,
118.34192276000977,
119.24195289611816,
117.16890335083008,
120.99099159240723,
124.10521507263184,
122.71881103515625,
116.67394638061523,
119.55404281616211,
120.00298500061035,
123.3510971069336,
119.14324760437012,
108.80613327026367,
107.56087303161621,
107.73396492004395,
109.89809036254883,
121.0787296295166,
119.14491653442383,
119.31586265563965,
121.72484397888184,
120.67365646362305,
119.83418464660645,
121.6421127319336,
122.2238540649414,
121.57702445983887,
123.01111221313477,
123.53706359863281,
125.29683113098145,
125.41532516479492,
126.23882293701172,
126.89995765686035,
124.16195869445801,
125.08893013000488,
129.45818901062012,
123.92878532409668,
125.65112113952637,
125.22220611572266,
121.77801132202148,
124.64189529418945,
126.99198722839355,
119.4298267364502,
122.43413925170898,
123.48103523254395,
120.99933624267578,
120.30196189880371,
127.37202644348145,
126.92975997924805,
121.38223648071289,
123.68178367614746,
129.77218627929688,
134.22107696533203,
132.69400596618652,
133.88800621032715,
133.8801383972168,
131.29806518554688,
130.5851936340332,
130.418062210083,
128.2029151916504,
131.5932273864746,
128.39913368225098,
109.19404029846191,
107.01918601989746,
108.33597183227539,
103.54781150817871,
113.53206634521484,
113.69490623474121,
117.36083030700684,
117.61903762817383,
118.98112297058105,
119.46511268615723,
117.6450252532959,
119.52996253967285,
118.55673789978027,
115.33188819885254,
111.4969253540039,
117.80929565429688,
124.61614608764648,
119.21191215515137,
119.10891532897949,
125.28300285339355,
114.75491523742676,
115.22197723388672,
112.49518394470215,
125.71120262145996,
114.98808860778809,
129.51231002807617,
127.70676612854004,
120.94521522521973,
118.43729019165039,
122.2689151763916,
130.1279067993164,
120.15914916992188,
116.67799949645996,
131.10685348510742,
123.77071380615234,
125.02384185791016,
118.61228942871094,
125.90384483337402,
131.11186027526855,
126.65390968322754,
124.44519996643066,
124.30381774902344,
119.90618705749512,
125.50187110900879,
123.49677085876465,
126.52707099914551,
127.14219093322754,
112.22195625305176,
107.59711265563965,
105.5748462677002,
104.3248176574707,
103.7130355834961,
108.04200172424316,
105.25107383728027,
113.9059066772461,
109.2231273651123,
108.54673385620117,
108.44588279724121,
114.19987678527832,
115.20886421203613,
116.17302894592285,
110.08381843566895,
119.56405639648438,
119.56501007080078,
118.35598945617676,
110.42213439941406,
113.48104476928711,
115.42797088623047,
119.60291862487793,
117.49911308288574,
121.81591987609863,
116.54186248779297,
116.96624755859375,
122.68185615539551,
119.99797821044922,
120.42593955993652,
121.61898612976074,
120.07713317871094,
123.11625480651855,
119.91596221923828,
122.12681770324707,
112.30587959289551,
114.15290832519531,
123.34704399108887,
125.01382827758789,
118.69478225708008,
120.96786499023438,
118.68095397949219,
120.38207054138184,
122.52283096313477,
120.51701545715332,
119.60411071777344,
121.33908271789551,
121.75583839416504,
116.17088317871094,
127.96783447265625,
108.08110237121582,
108.00576210021973,
106.60505294799805,
107.66100883483887,
107.50794410705566,
104.30693626403809,
107.01894760131836,
106.86683654785156,
106.55832290649414,
106.44936561584473,
115.23580551147461,
116.02783203125,
115.36097526550293,
111.6170883178711,
113.12484741210938,
111.62805557250977,
114.14694786071777,
116.02401733398438,
115.07773399353027,
113.39187622070312,
113.4788990020752,
116.52994155883789,
116.35589599609375,
116.77384376525879,
116.61624908447266,
114.27092552185059,
116.71590805053711,
115.6778335571289,
118.27921867370605,
116.27602577209473,
115.49592018127441,
116.35589599609375,
117.6600456237793,
117.62094497680664,
109.7867488861084,
110.78500747680664,
112.23292350769043,
115.27204513549805,
114.61710929870605,
115.13686180114746,
114.12310600280762,
114.00079727172852,
109.41004753112793,
116.20473861694336,
116.20879173278809,
116.06192588806152,
112.6399040222168,
113.95502090454102,
115.40484428405762,
113.03901672363281,
117.82097816467285,
106.38785362243652,
105.48090934753418,
109.45773124694824,
104.50482368469238,
105.58795928955078,
103.67703437805176,
105.7589054107666,
107.08928108215332,
107.62500762939453,
107.5141429901123,
107.23495483398438,
109.65609550476074,
107.61809349060059,
109.74431037902832,
111.40108108520508,
112.62798309326172,
110.71014404296875,
108.52408409118652,
110.78619956970215,
113.22188377380371,
113.56616020202637,
107.16986656188965,
114.5179271697998,
113.0068302154541,
112.5640869140625,
112.45107650756836,
115.80395698547363,
113.41524124145508,
113.28887939453125,
111.5870475769043,
114.23206329345703,
117.20705032348633,
118.63923072814941,
117.45786666870117,
114.74490165710449,
114.29405212402344,
114.65787887573242,
113.07501792907715,
115.22603034973145,
114.9129867553711,
117.06709861755371,
114.20083045959473,
117.14792251586914,
114.75920677185059,
117.24281311035156,
114.88986015319824,
115.51213264465332,
115.85116386413574,
118.52502822875977,
116.42122268676758,
105.75294494628906,
105.38816452026367,
105.00311851501465,
104.88605499267578,
104.766845703125,
103.23095321655273,
104.15792465209961,
105.0879955291748,
104.65884208679199,
104.76112365722656,
114.23683166503906,
108.92224311828613,
109.56692695617676,
110.46504974365234,
110.07380485534668,
109.77792739868164,
110.27717590332031,
111.11187934875488,
111.08613014221191,
110.19587516784668,
112.29491233825684,
107.07592964172363,
108.10089111328125,
109.66801643371582,
109.07101631164551,
109.1160774230957,
111.31405830383301,
109.28201675415039,
111.29593849182129,
109.8322868347168,
110.92782020568848,
110.60810089111328,
110.71491241455078,
105.5448055267334,
109.40432548522949,
110.02373695373535,
111.9379997253418,
108.96110534667969,
108.15691947937012,
110.71014404296875,
111.47308349609375,
108.11185836791992,
114.82596397399902,
108.73889923095703,
111.99474334716797,
108.69503021240234,
112.68091201782227,
111.36698722839355,
114.77422714233398,
102.99897193908691,
102.89311408996582,
103.65891456604004,
104.21919822692871,
101.53698921203613,
105.02290725708008,
105.63015937805176,
104.70199584960938,
104.67386245727539,
103.99079322814941,
106.8120002746582,
106.6889762878418,
106.17518424987793,
106.71186447143555,
108.49404335021973,
110.94093322753906,
108.33382606506348,
111.27185821533203,
109.40885543823242,
110.60404777526855,
108.46805572509766,
112.21790313720703,
109.7249984741211,
110.84532737731934,
112.65897750854492,
109.42697525024414,
112.45512962341309,
109.66181755065918,
112.6258373260498,
107.05780982971191,
114.18390274047852,
112.99800872802734,
111.69886589050293,
111.43302917480469,
110.87703704833984,
110.93902587890625,
111.91201210021973,
115.18287658691406,
107.38205909729004,
111.39321327209473,
111.86003684997559,
111.93490028381348,
112.93792724609375,
112.4122142791748,
111.27710342407227,
113.17300796508789,
113.50393295288086,
112.16211318969727,
111.87505722045898,
103.82199287414551,
103.77812385559082,
103.76811027526855,
104.39229011535645,
103.8672924041748,
102.81515121459961,
103.0893325805664,
104.0029525756836,
106.0187816619873,
105.18383979797363,
104.75683212280273,
102.65016555786133,
104.21395301818848,
103.97219657897949,
104.34317588806152,
113.3418083190918,
115.45324325561523,
114.93420600891113,
121.06490135192871,
115.4623031616211,
120.6960678100586,
115.94796180725098,
121.16503715515137,
121.50692939758301,
114.25900459289551,
112.6408576965332,
115.86594581604004,
118.06917190551758,
117.52104759216309,
115.97013473510742,
118.95394325256348,
118.30401420593262,
123.2459545135498,
117.91706085205078,
113.44194412231445,
112.29705810546875,
115.20504951477051,
115.71979522705078,
111.33217811584473,
114.49217796325684,
110.05902290344238,
114.01915550231934,
114.62903022766113,
111.70291900634766,
115.56005477905273,
114.03298377990723,
115.5540943145752,
114.8989200592041,
103.6689281463623,
102.1728515625,
104.37202453613281,
104.1100025177002,
106.76908493041992,
106.42313957214355,
106.22096061706543,
103.79815101623535,
106.66179656982422,
105.95202445983887,
119.6737289428711,
130.79285621643066,
124.91989135742188,
113.2359504699707,
113.677978515625,
104.34794425964355,
104.17580604553223,
105.32522201538086,
104.93993759155273,
105.20720481872559,
104.83789443969727,
105.32999038696289,
107.23590850830078,
105.06081581115723,
104.77399826049805,
105.16595840454102,
106.48894309997559,
106.12106323242188,
104.98404502868652,
105.51023483276367,
106.21809959411621,
104.53510284423828,
103.66225242614746,
107.58113861083984,
103.53994369506836,
104.23874855041504,
103.31010818481445,
104.59399223327637,
105.20505905151367,
104.34103012084961,
107.47528076171875,
105.66091537475586,
105.39102554321289,
103.3940315246582,
103.99889945983887,
102.77318954467773,
108.53409767150879,
103.49416732788086,
105.99803924560547,
103.10697555541992,
102.88000106811523,
109.43007469177246,
108.795166015625,
103.41191291809082,
104.50220108032227,
106.8880558013916,
105.82613945007324,
105.90171813964844,
103.8808822631836,
105.19194602966309,
104.37679290771484,
103.86204719543457,
103.65986824035645,
105.06319999694824,
105.50713539123535,
104.25209999084473,
105.50093650817871,
106.1558723449707,
103.70492935180664,
106.06098175048828,
106.42814636230469,
106.8108081817627,
105.68785667419434,
105.80205917358398,
104.82096672058105,
105.93080520629883,
105.47399520874023,
106.49299621582031,
106.43196105957031,
108.71195793151855,
106.46295547485352,
106.24265670776367,
106.55379295349121,
108.2010269165039,
106.57882690429688,
108.11901092529297,
105.4079532623291,
108.08920860290527,
107.50198364257812,
107.03897476196289,
109.23099517822266,
103.12819480895996,
102.71787643432617,
103.50704193115234,
102.4179458618164,
103.2249927520752,
103.28912734985352,
103.1789779663086,
104.21299934387207,
102.52189636230469,
103.02329063415527,
104.75802421569824,
104.99978065490723,
104.8729419708252,
104.89916801452637,
105.73005676269531,
105.49092292785645,
106.75191879272461,
107.85174369812012,
106.4760684967041,
107.43212699890137,
108.08587074279785,
106.10580444335938,
108.14619064331055,
105.1788330078125,
106.36281967163086,
106.7209243774414,
104.9959659576416,
106.85110092163086,
106.81486129760742,
106.13489151000977,
105.41796684265137,
104.62212562561035,
103.40404510498047,
104.08687591552734,
104.88772392272949,
104.22086715698242,
104.30788993835449,
103.57666015625,
105.08203506469727,
104.80189323425293,
104.08711433410645,
105.04555702209473,
108.84499549865723,
109.54499244689941,
109.70401763916016,
110.31913757324219,
104.30622100830078,
105.07583618164062,
104.86912727355957,
103.49392890930176,
103.57904434204102,
103.65796089172363,
103.26075553894043,
102.87189483642578,
104.08401489257812,
106.04596138000488,
104.47430610656738,
103.41811180114746,
104.77972030639648,
102.74600982666016,
103.118896484375,
106.12726211547852,
105.79609870910645,
105.61728477478027,
106.12893104553223,
103.3027172088623,
104.28786277770996,
104.30908203125,
105.29780387878418,
107.55205154418945,
106.40311241149902,
114.50576782226562,
110.01300811767578,
112.89596557617188,
116.49513244628906,
116.67013168334961,
114.45403099060059,
115.05699157714844,
118.02124977111816,
115.01693725585938,
118.82495880126953,
119.30298805236816,
110.11791229248047,
117.60592460632324,
113.03496360778809,
118.96300315856934,
118.4229850769043,
108.23678970336914,
108.27207565307617,
106.7650318145752,
106.71710968017578,
105.61203956604004,
106.02927207946777,
105.89003562927246,
105.41009902954102,
102.56195068359375,
103.0888557434082,
103.39474678039551,
103.40619087219238,
104.24494743347168,
106.67300224304199,
104.76112365722656,
106.13298416137695,
104.27594184875488,
107.30314254760742,
106.99701309204102,
104.36677932739258,
105.40080070495605,
106.3239574432373,
105.54385185241699,
104.21180725097656,
104.00700569152832,
104.48908805847168,
104.49385643005371,
104.21180725097656,
104.65312004089355,
106.74214363098145,
108.53290557861328,
108.49428176879883,
106.92691802978516,
107.32698440551758,
109.32374000549316,
108.87789726257324,
110.13197898864746,
111.4957332611084,
108.98303985595703,
108.02316665649414,
112.49494552612305,
109.74311828613281,
111.36507987976074,
113.21187019348145,
112.09917068481445,
113.75212669372559,
113.30389976501465,
109.56811904907227,
110.52203178405762,
106.10389709472656,
107.85913467407227,
108.44206809997559,
104.9351692199707,
102.91385650634766,
104.40826416015625,
103.09720039367676,
104.98404502868652,
107.27596282958984,
104.766845703125,
104.0809154510498,
102.97584533691406,
102.97107696533203,
105.16214370727539,
103.25312614440918,
102.69713401794434,
105.56411743164062,
103.75809669494629,
106.42480850219727,
105.92317581176758,
104.81905937194824,
105.47304153442383,
105.90100288391113,
106.31299018859863,
104.66909408569336,
105.4530143737793,
102.30612754821777,
103.24573516845703,
111.56558990478516,
108.42299461364746,
107.34891891479492,
110.65101623535156,
110.11195182800293,
108.5050106048584,
110.87822914123535,
111.43279075622559,
110.17918586730957,
108.49690437316895,
108.5059642791748,
111.33313179016113,
108.69598388671875,
107.84196853637695,
108.97994041442871,
105.17001152038574,
109.1301441192627,
108.6270809173584,
109.33613777160645,
110.6100082397461,
107.1176528930664,
109.19404029846191,
102.85520553588867,
103.96695137023926,
102.24509239196777,
102.57887840270996,
103.69086265563965,
104.50315475463867,
102.39100456237793,
102.00119018554688,
102.81205177307129,
103.69467735290527,
105.99517822265625,
107.61785507202148,
104.03180122375488,
107.52010345458984,
110.5961799621582,
105.45825958251953,
108.64591598510742,
105.59296607971191,
105.23390769958496,
105.15594482421875,
105.13782501220703,
104.12001609802246,
105.79991340637207,
106.8410873413086,
104.15315628051758,
105.92174530029297,
107.07569122314453,
107.08785057067871,
107.12099075317383,
107.30695724487305,
111.3278865814209,
108.79802703857422,
112.48278617858887,
111.58895492553711,
107.71417617797852,
108.6421012878418,
108.734130859375,
107.36894607543945,
111.46807670593262,
108.47091674804688,
105.3171157836914,
109.15708541870117,
111.80806159973145,
110.73994636535645,
112.79892921447754,
112.2291088104248,
110.72325706481934,
111.05585098266602,
111.07897758483887,
106.44912719726562,
104.35891151428223,
102.51903533935547,
103.45768928527832,
102.88381576538086,
101.75704956054688,
103.48296165466309,
104.81405258178711,
108.66999626159668,
104.11500930786133,
103.8672924041748,
104.82931137084961,
111.62185668945312,
108.77704620361328,
105.57365417480469,
106.75501823425293,
106.35805130004883,
106.87685012817383,
107.45096206665039,
107.61308670043945,
105.98087310791016,
107.7108383178711,
106.2779426574707,
105.50904273986816,
104.62403297424316,
106.38689994812012,
107.24091529846191,
104.79593276977539,
105.56483268737793,
106.27198219299316,
106.24432563781738,
107.30314254760742,
109.02214050292969,
104.41398620605469,
105.79919815063477,
108.00385475158691,
108.62302780151367,
109.25984382629395,
106.3690185546875,
108.37411880493164,
103.73091697692871,
108.94227027893066,
110.04900932312012,
112.43581771850586,
110.83197593688965,
108.91294479370117,
106.35590553283691,
112.94817924499512,
111.98592185974121,
106.60386085510254,
106.56189918518066,
104.71105575561523,
104.11596298217773,
105.53789138793945,
105.08584976196289,
103.65986824035645,
103.14822196960449,
105.68404197692871,
104.78901863098145,
105.10110855102539,
103.90686988830566,
105.2999496459961,
109.92169380187988,
106.79101943969727,
104.9032211303711,
104.80380058288574,
104.39229011535645,
103.81603240966797,
103.68895530700684,
104.67410087585449,
105.43584823608398,
104.8130989074707,
102.81610488891602,
103.13916206359863,
103.56616973876953,
106.02378845214844,
105.06606101989746,
105.59916496276855,
105.53789138793945,
105.4990291595459,
104.84194755554199,
104.94494438171387,
105.81779479980469,
104.96401786804199,
103.98483276367188,
107.09619522094727,
107.6650619506836,
104.4459342956543,
108.83092880249023,
108.77013206481934,
106.22787475585938,
106.86492919921875,
105.10778427124023,
106.77886009216309,
107.31005668640137,
107.83886909484863,
106.59599304199219,
103.73497009277344,
105.22294044494629,
105.59892654418945,
105.52763938903809,
103.03997993469238,
103.48796844482422,
103.607177734375,
105.26013374328613,
103.70206832885742,
105.3462028503418,
106.61697387695312,
104.01511192321777,
104.41112518310547,
104.00629043579102,
104.59113121032715,
104.02083396911621,
104.11691665649414,
104.43401336669922,
103.12795639038086,
105.010986328125,
103.6078929901123,
103.28793525695801,
103.24478149414062,
102.8599739074707,
103.68919372558594,
103.18303108215332,
103.52802276611328,
104.62498664855957,
104.92682456970215,
104.40993309020996,
106.50897026062012,
106.02092742919922,
106.19378089904785,
108.95919799804688,
104.92706298828125,
105.29899597167969,
106.99677467346191,
105.36718368530273,
105.71002960205078,
104.29978370666504,
105.33666610717773,
107.05184936523438,
107.63716697692871,
106.38594627380371,
103.59406471252441,
104.07805442810059,
103.28412055969238,
103.28102111816406,
104.68792915344238,
103.67608070373535,
103.57284545898438,
103.6839485168457,
102.15616226196289,
104.91800308227539,
104.6900749206543,
103.57809066772461,
104.11810874938965,
107.27691650390625,
104.07710075378418,
104.95686531066895,
103.63602638244629,
104.70890998840332,
106.59313201904297,
104.75802421569824,
108.19602012634277,
105.97920417785645,
107.03587532043457,
104.25877571105957,
106.23908042907715,
108.68096351623535,
107.9871654510498,
108.56485366821289,
108.98900032043457,
104.60686683654785,
105.90100288391113,
106.39524459838867,
109.36307907104492,
109.62605476379395,
112.63108253479004,
111.69195175170898,
108.94298553466797,
108.19101333618164,
105.74197769165039,
106.91404342651367,
104.63428497314453,
108.82401466369629,
105.8340072631836,
108.66212844848633,
104.41923141479492,
108.73007774353027,
107.00392723083496,
107.86104202270508,
109.17997360229492,
107.78427124023438,
104.37488555908203,
105.24201393127441,
104.9201488494873,
104.54106330871582,
105.11207580566406,
104.06780242919922,
103.63531112670898,
104.69913482666016,
103.19995880126953,
104.48098182678223,
104.98619079589844,
108.35981369018555,
104.41899299621582,
105.6051254272461,
104.45880889892578,
106.58693313598633,
105.95989227294922,
107.0868968963623,
106.56929016113281,
105.29589653015137,
104.72774505615234,
112.20788955688477,
108.58583450317383,
112.09917068481445,
111.2220287322998,
108.35909843444824,
108.86383056640625,
108.50405693054199,
108.93821716308594,
105.60894012451172,
103.79290580749512,
104.23707962036133,
108.26301574707031,
105.48996925354004,
106.08100891113281,
107.90133476257324,
108.76703262329102,
105.02195358276367,
107.38110542297363,
108.37697982788086,
106.38093948364258,
106.23621940612793,
107.8641414642334,
110.37993431091309,
111.38701438903809,
105.82900047302246,
104.76493835449219,
104.24089431762695,
106.95672035217285,
106.7192554473877,
103.8048267364502,
106.0628890991211,
106.76312446594238,
106.55093193054199,
102.37789154052734,
103.08408737182617,
103.74236106872559,
104.37679290771484,
101.70602798461914,
105.7429313659668,
105.78203201293945,
104.8431396484375,
108.09993743896484,
104.14981842041016,
103.60097885131836,
103.23500633239746,
107.97595977783203,
110.93783378601074,
108.40106010437012,
115.89598655700684,
118.17812919616699,
118.89100074768066,
107.16772079467773,
116.46604537963867,
119.76194381713867,
120.34487724304199,
118.80016326904297,
113.94810676574707,
106.15396499633789,
105.5760383605957,
106.57882690429688,
108.22081565856934,
104.5529842376709,
103.79624366760254,
103.26814651489258,
103.67321968078613,
106.45198822021484,
105.46994209289551,
107.47289657592773,
103.39021682739258,
103.32393646240234,
106.51016235351562,
106.90927505493164,
103.55305671691895,
104.15792465209961,
103.07502746582031,
104.21991348266602,
102.4942398071289,
103.80387306213379,
103.67083549499512,
103.72781753540039,
103.29484939575195,
103.84368896484375,
103.9888858795166,
103.91497611999512,
103.09815406799316,
110.60476303100586,
102.49519348144531,
103.09886932373047,
103.89590263366699,
103.4691333770752,
103.48701477050781,
102.81920433044434,
104.10118103027344,
105.54289817810059,
118.06106567382812,
114.02487754821777,
119.91095542907715,
104.14886474609375,
104.0191650390625,
104.42996025085449,
104.07495498657227,
105.50665855407715,
104.27427291870117,
106.3528060913086,
107.57708549499512,
107.18798637390137,
105.78298568725586,
103.81507873535156,
106.84800148010254,
105.99613189697266,
108.60490798950195,
107.86294937133789,
104.77590560913086,
106.95385932922363,
105.70859909057617,
106.70804977416992,
108.87598991394043,
107.03802108764648,
108.0160140991211,
106.14204406738281,
106.32801055908203,
105.25178909301758,
105.68714141845703,
108.59107971191406,
106.52422904968262,
107.14387893676758,
107.18011856079102,
107.72085189819336,
106.73785209655762,
107.69510269165039,
105.21101951599121,
102.35404968261719,
106.0800552368164,
103.77025604248047,
104.33483123779297,
106.24885559082031,
103.9578914642334,
104.62021827697754,
104.85196113586426,
104.93993759155273,
104.21490669250488,
105.65805435180664,
102.89216041564941,
104.00104522705078,
103.7290096282959,
105.25012016296387,
105.95297813415527,
107.6359748840332,
107.31911659240723,
110.89777946472168,
110.6412410736084,
110.28599739074707,
108.19506645202637,
108.66475105285645,
110.49818992614746,
111.11593246459961,
108.245849609375,
109.25483703613281,
110.04519462585449,
110.14199256896973,
109.58504676818848,
110.02111434936523,
105.07011413574219,
107.64002799987793,
109.08007621765137,
109.93289947509766,
110.59093475341797,
109.44390296936035,
108.20984840393066,
108.19506645202637,
105.97395896911621,
112.04695701599121,
110.77094078063965,
112.11609840393066,
106.30083084106445,
109.67087745666504,
112.17308044433594,
108.71505737304688,
105.02409934997559,
105.79919815063477,
104.1259765625,
101.92203521728516,
103.66320610046387,
103.22785377502441,
104.07018661499023,
102.31995582580566,
105.20601272583008,
103.41906547546387,
102.8900146484375,
102.08892822265625,
106.32991790771484,
108.5202693939209,
109.7421646118164,
112.26010322570801,
106.05812072753906,
104.1717529296875,
106.59623146057129,
103.89184951782227,
104.88009452819824,
104.25591468811035,
104.31122779846191,
106.97698593139648,
107.12003707885742,
107.29074478149414,
104.68602180480957,
105.85880279541016,
105.62801361083984,
105.65400123596191,
103.4708023071289,
105.29303550720215,
103.62601280212402,
104.31528091430664,
103.67989540100098,
105.83209991455078,
107.19704627990723,
106.71496391296387,
107.79786109924316,
109.24625396728516,
109.25793647766113,
109.26485061645508,
104.31480407714844,
105.47900199890137,
106.30607604980469,
106.06193542480469,
105.89194297790527,
105.82327842712402,
105.65972328186035,
103.41572761535645,
103.01470756530762,
101.9430160522461,
102.13303565979004,
102.6461124420166,
102.71096229553223,
104.00724411010742,
110.21900177001953,
108.489990234375,
111.4339828491211,
112.63608932495117,
106.3230037689209,
102.58889198303223,
105.85188865661621,
106.70900344848633,
103.58619689941406,
102.92577743530273,
107.61618614196777,
115.73290824890137,
109.46416854858398,
109.6949577331543,
114.84694480895996,
112.72907257080078,
115.12184143066406,
110.40091514587402,
111.74297332763672,
108.46996307373047,
108.9010238647461,
109.63201522827148,
109.62891578674316,
106.45008087158203,
108.92701148986816,
108.14690589904785,
111.45591735839844,
110.20994186401367,
106.51111602783203,
112.69021034240723,
108.9181900024414,
109.95197296142578,
108.28995704650879,
107.98501968383789,
110.68391799926758,
112.41984367370605,
112.07914352416992,
111.42492294311523,
106.6579818725586,
107.97905921936035,
106.03713989257812,
103.59883308410645,
103.2710075378418,
103.74927520751953,
104.12192344665527,
103.12795639038086,
102.68115997314453,
126.75094604492188,
122.23196029663086,
106.02378845214844,
130.68270683288574,
134.84430313110352,
105.15093803405762,
104.1109561920166,
105.74793815612793,
105.22007942199707,
105.7741641998291,
117.5849437713623,
124.80902671813965,
133.0890655517578,
131.09683990478516,
125.29516220092773,
127.66695022583008,
128.99208068847656,
117.76089668273926,
125.72121620178223,
128.71503829956055,
127.99930572509766,
112.37812042236328,
122.87783622741699,
129.6858787536621,
128.08680534362793,
132.34591484069824,
132.36474990844727,
127.78496742248535,
126.7232894897461,
130.3689479827881,
133.73804092407227,
133.0280303955078,
138.09800148010254,
145.2038288116455,
128.89599800109863,
130.10096549987793,
133.72802734375,
129.88591194152832,
133.04662704467773,
129.3160915374756,
133.21518898010254,
135.7290744781494,
112.5340461730957,
113.81077766418457,
110.10408401489258,
127.25400924682617,
124.65500831604004,
105.6361198425293,
106.53901100158691,
104.7050952911377,
106.39095306396484,
103.5158634185791,
104.91085052490234,
104.19726371765137,
107.72871971130371,
106.34398460388184,
105.26418685913086,
114.48001861572266,
115.70096015930176,
113.90376091003418,
107.41710662841797,
117.06805229187012,
113.27695846557617,
117.62690544128418,
116.71900749206543,
116.62793159484863,
112.89620399475098,
118.19887161254883,
111.62781715393066,
107.04517364501953,
121.01602554321289,
123.34299087524414,
123.63386154174805,
124.51291084289551,
119.13514137268066,
118.98326873779297,
123.98314476013184,
119.7061538696289,
113.17610740661621,
119.8279857635498,
123.78096580505371,
124.48692321777344,
118.36695671081543,
121.93584442138672,
121.94013595581055,
123.51393699645996,
123.4278678894043,
121.43421173095703,
123.75187873840332,
122.27272987365723,
119.26865577697754,
119.1248893737793,
105.31210899353027,
105.65590858459473,
104.99000549316406,
105.68714141845703,
103.58691215515137,
104.70175743103027,
104.62284088134766,
104.64906692504883,
110.30077934265137,
107.28907585144043,
105.03101348876953,
104.89606857299805,
119.18783187866211,
119.42911148071289,
111.65499687194824,
114.62020874023438,
114.09997940063477,
114.20798301696777,
114.2888069152832,
114.31384086608887,
116.30392074584961,
114.60709571838379,
118.66283416748047,
115.82803726196289,
118.2718276977539,
118.8201904296875,
119.39311027526855,
118.87979507446289,
118.45517158508301,
118.50428581237793,
118.41368675231934,
119.24195289611816,
118.32094192504883,
119.11988258361816,
119.86303329467773,
118.91293525695801,
120.941162109375,
114.07709121704102,
119.47298049926758,
120.1620101928711,
119.77601051330566,
120.40519714355469,
119.85301971435547,
118.97492408752441,
118.99709701538086,
120.72920799255371,
111.73510551452637,
119.48585510253906,
113.05999755859375,
108.30521583557129,
109.20500755310059,
112.26415634155273,
109.31086540222168,
107.51104354858398,
105.62801361083984,
106.16922378540039,
106.09579086303711,
104.68411445617676,
104.58898544311523,
114.61615562438965,
115.67401885986328,
119.3690299987793,
118.48688125610352,
119.99726295471191,
120.98574638366699,
120.20707130432129,
120.15295028686523,
118.64018440246582,
118.13807487487793,
117.92683601379395,
118.27802658081055,
118.87502670288086,
120.39899826049805,
119.89188194274902,
120.63384056091309,
125.1840591430664,
126.4650821685791,
128.1890869140625,
129.88615036010742,
106.74881935119629,
130.6440830230713,
123.50940704345703,
126.95074081420898,
119.82393264770508,
116.27388000488281,
111.83786392211914,
129.91905212402344,
131.66213035583496,
126.95693969726562,
131.41703605651855,
127.79641151428223,
128.20696830749512,
133.0099105834961,
108.76107215881348,
128.47089767456055,
122.17211723327637,
132.51090049743652,
121.9029426574707,
130.1100254058838,
127.4421215057373,
132.85303115844727,
130.59282302856445,
115.76604843139648,
134.88006591796875,
127.3200511932373,
127.3200511932373,
131.92391395568848,
105.01694679260254,
110.02421379089355,
109.72118377685547,
110.62908172607422,
112.35308647155762,
109.7269058227539,
108.45398902893066,
113.35396766662598,
110.54801940917969,
113.54207992553711,
109.63582992553711,
112.22720146179199,
114.11404609680176,
114.12405967712402,
108.08086395263672,
107.78331756591797,
115.9522533416748,
111.95898056030273,
107.0852279663086,
108.3528995513916,
107.89299011230469,
108.57963562011719,
108.29806327819824,
109.1618537902832,
110.05902290344238,
112.26701736450195,
114.94302749633789,
110.90612411499023,
111.33384704589844,
115.53001403808594,
111.48285865783691,
115.8299446105957,
113.94309997558594,
113.95788192749023,
116.0120964050293,
113.37494850158691,
113.14702033996582,
115.26894569396973,
115.07487297058105,
118.15190315246582,
117.22016334533691,
111.74774169921875,
112.23912239074707,
111.81521415710449,
117.85721778869629,
116.0728931427002,
118.26372146606445,
112.6101016998291,
113.51203918457031,
104.75015640258789,
104.65717315673828,
105.25298118591309,
107.24210739135742,
105.96871376037598,
106.76932334899902,
107.44595527648926,
107.84006118774414,
106.36687278747559,
105.13806343078613,
105.92198371887207,
118.0567741394043,
118.09015274047852,
119.75288391113281,
110.65816879272461,
107.47194290161133,
118.40701103210449,
118.2398796081543,
105.66496849060059,
106.03809356689453,
105.61084747314453,
104.10213470458984,
104.70795631408691,
104.17294502258301,
105.18598556518555,
103.85775566101074,
104.68769073486328,
105.27300834655762,
108.08014869689941,
103.79910469055176,
105.8809757232666,
104.2628288269043,
104.60329055786133,
103.53207588195801,
104.2947769165039,
103.56831550598145,
102.97584533691406,
103.77097129821777,
104.78401184082031,
104.66623306274414,
103.32012176513672,
104.24971580505371,
103.44386100769043,
103.70469093322754,
104.36797142028809,
103.30080986022949,
103.61194610595703,
103.53803634643555,
102.41317749023438,
104.43902015686035,
103.50513458251953,
103.64627838134766,
105.13091087341309,
103.4080982208252,
104.71796989440918,
103.26504707336426,
103.59692573547363,
104.38895225524902,
105.44395446777344,
104.85720634460449,
105.13424873352051,
106.3838005065918,
105.79776763916016,
105.43513298034668,
104.5079231262207,
105.46398162841797,
104.27474975585938,
107.0551872253418,
104.6440601348877,
107.04398155212402,
103.6381721496582,
106.50801658630371,
103.5299301147461,
107.49602317810059,
106.86898231506348,
108.35719108581543,
105.25393486022949,
108.7501049041748,
108.93487930297852,
106.40597343444824,
107.2382926940918,
105.30996322631836,
105.4537296295166,
105.37290573120117,
105.55195808410645,
106.19401931762695,
104.76493835449219,
105.1480770111084,
104.34079170227051,
105.24106025695801,
104.72774505615234,
105.0722599029541,
105.8340072631836,
103.59072685241699,
103.37567329406738,
103.53708267211914,
103.4848690032959,
104.78591918945312,
104.5081615447998,
103.96909713745117,
104.58898544311523,
105.46994209289551,
104.94327545166016,
105.86810111999512,
105.00502586364746,
106.98699951171875,
105.27300834655762,
105.22103309631348,
104.4459342956543,
107.59592056274414,
105.89289665222168,
105.47566413879395,
105.44300079345703,
106.3988208770752,
107.68818855285645,
108.89172554016113,
109.55095291137695,
109.37905311584473,
109.61222648620605,
105.11612892150879,
109.97724533081055,
106.92191123962402,
104.91609573364258,
104.69579696655273,
105.96585273742676,
105.73005676269531,
112.78104782104492,
116.16325378417969,
115.9670352935791,
110.76712608337402,
116.86515808105469,
115.05293846130371,
114.26496505737305,
116.32013320922852,
109.66706275939941,
116.10794067382812,
117.05708503723145,
113.30008506774902,
112.96200752258301,
117.02322959899902,
110.33129692077637,
103.42097282409668,
102.30302810668945,
103.64484786987305,
104.64215278625488,
103.90496253967285,
103.43718528747559,
104.51197624206543,
105.85594177246094,
107.50174522399902,
103.23905944824219,
104.13098335266113,
104.82311248779297,
107.22565650939941,
103.74188423156738,
104.46500778198242,
103.62410545349121,
104.05206680297852,
104.92205619812012,
119.24600601196289,
116.93000793457031,
104.90584373474121,
119.28987503051758,
106.91666603088379,
118.99900436401367,
116.41192436218262,
119.42672729492188,
119.59719657897949,
117.17915534973145,
105.22294044494629,
118.03913116455078,
102.65970230102539,
113.49105834960938,
113.68274688720703,
116.99724197387695,
117.90013313293457,
113.73281478881836,
104.72702980041504,
104.62379455566406,
104.9809455871582,
105.15594482421875,
104.24923896789551,
104.41899299621582,
103.5912036895752,
103.33514213562012,
103.31487655639648,
103.8818359375,
104.47311401367188,
122.83873558044434,
116.21308326721191,
111.27877235412598,
108.22010040283203,
108.98303985595703,
113.62695693969727,
117.67792701721191,
142.2429084777832,
109.9088191986084,
113.96217346191406,
110.45503616333008,
122.55001068115234,
126.76596641540527,
123.67510795593262,
138.8392448425293,
125.83279609680176,
123.67725372314453,
143.78905296325684,
143.97788047790527,
123.75783920288086,
120.5289363861084,
141.25490188598633,
140.38681983947754,
142.68994331359863,
121.35982513427734,
122.81203269958496,
121.85502052307129,
122.35498428344727,
128.17978858947754,
116.77980422973633,
122.73621559143066,
125.87594985961914,
128.61895561218262,
121.7041015625,
123.14891815185547,
126.7709732055664,
128.54313850402832,
128.71408462524414,
127.2428035736084,
123.74401092529297,
122.50494956970215,
128.50284576416016,
124.07445907592773,
122.6041316986084,
129.7459602355957,
119.92001533508301,
103.45602035522461,
112.82110214233398,
110.98718643188477,
109.02190208435059,
110.90207099914551,
105.7131290435791,
110.81790924072266,
110.69107055664062,
107.88798332214355,
103.82628440856934,
104.33316230773926,
113.57593536376953,
112.63418197631836,
112.54191398620605,
113.79814147949219,
111.64593696594238,
109.90691184997559,
114.46404457092285,
114.44997787475586,
107.11002349853516,
114.11881446838379,
113.06595802307129,
114.08782005310059,
113.60692977905273,
110.82887649536133,
106.9037914276123,
115.05413055419922,
113.7537956237793,
115.11993408203125,
112.72192001342773,
112.70666122436523,
109.19308662414551,
114.81904983520508,
116.1041259765625,
111.3290786743164,
110.72683334350586,
110.24808883666992,
114.94183540344238,
115.11683464050293,
110.69202423095703,
108.75201225280762,
111.01579666137695,
113.08908462524414,
117.41089820861816,
111.36198043823242,
103.41691970825195,
102.80394554138184,
105.51905632019043,
113.28482627868652,
119.64821815490723,
117.92373657226562,
110.41712760925293,
120.4521656036377,
117.49601364135742,
116.51825904846191,
115.87190628051758,
115.6930923461914,
139.71400260925293,
113.9986515045166,
111.73295974731445,
147.475004196167,
146.8029022216797,
144.22082901000977,
143.61977577209473,
144.96898651123047,
145.2188491821289,
150.13885498046875,
147.89104461669922,
142.83490180969238,
131.8819522857666,
146.84700965881348,
144.93536949157715,
146.1498737335205,
140.549898147583,
149.06597137451172,
146.21591567993164,
144.06299591064453,
142.60601997375488,
145.67995071411133,
145.02477645874023,
148.65899085998535,
146.43287658691406,
146.82507514953613,
147.17578887939453,
143.42308044433594,
148.56600761413574,
150.6187915802002,
148.51093292236328,
150.5410671234131,
145.86591720581055,
147.58992195129395,
145.09081840515137,
147.41086959838867,
113.54517936706543,
112.03885078430176,
105.54003715515137,
114.41206932067871,
114.32719230651855,
114.60995674133301,
115.09299278259277,
108.02412033081055,
108.2150936126709,
115.9820556640625,
104.29596900939941,
101.97305679321289,
102.24008560180664,
104.6299934387207,
104.17890548706055,
104.2020320892334,
103.87587547302246,
106.06884956359863,
106.76693916320801,
106.34326934814453,
105.3459644317627,
104.78687286376953,
106.97817802429199,
107.14602470397949,
104.47502136230469,
105.03768920898438,
105.46207427978516,
107.8789234161377,
106.11987113952637,
105.84402084350586,
103.47628593444824,
104.80189323425293,
105.04794120788574,
104.76899147033691,
103.40213775634766,
102.59413719177246,
105.41009902954102,
104.09188270568848,
104.91204261779785,
103.13200950622559,
103.51800918579102,
103.86419296264648,
104.33006286621094,
104.57086563110352,
105.13186454772949,
104.48980331420898,
104.75516319274902,
104.92801666259766,
104.93803024291992,
105.62515258789062,
102.9367446899414,
103.54304313659668,
103.06787490844727,
103.72400283813477,
106.89496994018555,
107.90610313415527,
106.26220703125,
102.81181335449219,
152.6811122894287,
124.97830390930176,
126.29079818725586,
126.92117691040039,
117.156982421875,
126.44577026367188,
127.72822380065918,
145.05696296691895,
125.92673301696777,
131.77800178527832,
128.4658908843994,
123.43120574951172,
134.64975357055664,
131.43491744995117,
130.0649642944336,
129.65989112854004,
123.6112117767334,
124.15194511413574,
120.57805061340332,
125.43416023254395,
127.57205963134766,
122.73979187011719,
123.75926971435547,
131.80804252624512,
132.307767868042,
123.56901168823242,
127.75206565856934,
124.75323677062988,
126.02901458740234,
124.56512451171875,
129.6520233154297,
125.28395652770996,
124.08900260925293,
123.67415428161621,
122.63894081115723,
113.77501487731934,
123.9628791809082,
123.4889030456543,
118.76606941223145,
119.71092224121094,
122.06411361694336,
120.89920043945312,
125.98395347595215,
121.19507789611816,
157.1049690246582,
103.11388969421387,
102.72884368896484,
105.54909706115723,
105.82208633422852,
105.53979873657227,
108.21294784545898,
107.85102844238281,
108.96635055541992,
108.15787315368652,
108.35099220275879,
110.35871505737305,
110.26906967163086,
110.44716835021973,
114.64500427246094,
115.02313613891602,
113.97981643676758,
114.56918716430664,
114.36605453491211,
126.25908851623535,
126.27410888671875,
125.71525573730469,
127.43496894836426,
121.56510353088379,
126.85418128967285,
118.5760498046875,
126.65820121765137,
127.4418830871582,
126.61600112915039,
128.6931037902832,
118.85285377502441,
128.36480140686035,
126.47318840026855,
120.54109573364258,
121.15001678466797,
103.07908058166504,
101.63378715515137,
103.17206382751465,
101.57608985900879,
102.45418548583984,
103.97601127624512,
102.97918319702148,
103.50179672241211,
104.70390319824219,
104.0201187133789,
102.75888442993164,
102.79297828674316,
102.67400741577148,
103.73497009277344,
112.81585693359375,
115.38815498352051,
114.04776573181152,
114.43614959716797,
115.40770530700684,
114.1500473022461,
111.49382591247559,
112.5493049621582,
112.26797103881836,
104.08878326416016,
102.36024856567383,
108.88385772705078,
113.3878231048584,
106.11891746520996,
109.25126075744629,
102.56695747375488,
104.93898391723633,
105.87215423583984,
104.80213165283203,
102.66304016113281,
106.24909400939941,
104.5827865600586,
102.6308536529541,
103.11198234558105,
103.6081314086914,
103.57308387756348,
102.3857593536377,
102.8740406036377,
103.94001007080078,
104.12478446960449,
103.45864295959473,
102.83803939819336,
104.11691665649414,
103.23905944824219,
102.72216796875,
104.3250560760498,
103.94096374511719,
101.8679141998291,
111.99522018432617,
107.45406150817871,
107.96999931335449,
110.57209968566895,
102.4169921875,
104.42805290222168,
108.88910293579102,
102.94389724731445,
103.16014289855957,
115.4780387878418,
103.6217212677002,
102.23817825317383,
104.01701927185059,
103.32584381103516,
103.09505462646484,
103.62696647644043,
103.40595245361328,
103.2559871673584,
103.89399528503418,
103.6219596862793,
102.95820236206055,
104.23922538757324,
104.72798347473145,
104.5980453491211,
104.36701774597168,
102.54025459289551,
102.04529762268066,
103.04403305053711,
102.67186164855957,
104.21895980834961,
104.91299629211426,
104.40492630004883,
104.74705696105957,
105.42011260986328,
105.31401634216309,
103.1341552734375,
103.50632667541504,
103.04903984069824,
103.8811206817627,
105.97491264343262,
106.22191429138184,
103.58309745788574,
103.06620597839355,
103.80983352661133,
104.1100025177002,
103.89304161071777,
106.66084289550781,
103.62029075622559,
103.93333435058594,
102.14400291442871,
103.52778434753418,
104.34412956237793,
105.91983795166016,
105.316162109375,
103.63006591796875,
104.33006286621094,
105.52787780761719,
105.68904876708984,
105.49211502075195,
106.82082176208496,
104.95305061340332,
107.81192779541016,
107.33628273010254,
105.70073127746582,
107.12385177612305,
105.95917701721191,
106.40907287597656,
105.21697998046875,
107.37800598144531,
110.15582084655762,
105.77893257141113,
106.10318183898926,
106.29105567932129,
103.54781150817871,
105.42511940002441,
105.23390769958496,
104.3100357055664,
104.69388961791992,
104.4609546661377,
106.56118392944336,
105.03911972045898,
105.29303550720215,
104.09212112426758,
104.54988479614258,
104.01201248168945,
103.73401641845703,
105.7119369506836,
104.62379455566406,
104.37297821044922,
106.70089721679688,
107.27977752685547,
106.19211196899414,
107.36298561096191,
104.81595993041992,
103.66296768188477,
105.42106628417969,
105.10587692260742,
103.94692420959473,
103.09004783630371,
104.5541763305664,
105.44323921203613,
105.81612586975098,
106.11295700073242,
107.36203193664551,
108.51383209228516,
108.63709449768066,
109.54499244689941,
109.58194732666016,
107.17320442199707,
111.02604866027832,
111.21463775634766,
113.92903327941895,
113.2960319519043,
114.26496505737305,
116.15490913391113,
106.72283172607422,
106.17518424987793,
109.2369556427002,
110.74423789978027,
107.62810707092285,
112.65707015991211,
111.90485954284668,
108.77609252929688,
108.27517509460449,
108.78276824951172,
107.60879516601562,
107.56301879882812,
106.89401626586914,
107.75184631347656,
107.47909545898438,
107.31315612792969,
108.11090469360352,
107.58233070373535,
108.01196098327637,
105.90291023254395,
107.67173767089844,
108.07394981384277,
105.37886619567871,
104.86388206481934,
106.25886917114258,
107.66386985778809,
108.98590087890625,
108.86693000793457,
105.26704788208008,
105.19886016845703,
102.85115242004395,
106.33707046508789,
109.06410217285156,
105.14307022094727,
104.00104522705078,
104.99310493469238,
107.01990127563477,
108.16264152526855,
108.12520980834961,
108.10708999633789,
109.86113548278809,
108.78205299377441,
115.5400276184082,
110.21804809570312,
108.89601707458496,
109.38811302185059,
110.51487922668457,
112.87188529968262,
109.86495018005371,
109.73405838012695,
111.03701591491699,
111.13691329956055,
111.0990047454834,
111.50097846984863,
107.0258617401123,
109.93003845214844,
110.13388633728027,
114.02177810668945,
108.90603065490723,
112.52617835998535,
107.80572891235352,
114.35699462890625,
115.1578426361084,
111.45401000976562,
111.47809028625488,
110.14199256896973,
109.19189453125,
113.38090896606445,
110.75711250305176,
103.64413261413574,
109.00187492370605,
103.58309745788574,
105.75222969055176,
106.1861515045166,
104.88176345825195,
105.30209541320801,
103.37209701538086,
105.43990135192871,
105.06820678710938,
103.08599472045898,
105.77821731567383,
106.50491714477539,
115.76581001281738,
114.78304862976074,
109.73501205444336,
105.03578186035156,
104.29906845092773,
109.45892333984375,
105.4086685180664,
109.21764373779297,
143.99099349975586,
134.96017456054688,
143.8751220703125,
132.53402709960938,
115.8149242401123,
122.60293960571289,
113.96026611328125,
113.555908203125,
136.72876358032227,
147.63617515563965,
116.23120307922363,
138.69118690490723,
134.68170166015625,
137.9561424255371,
138.81206512451172,
117.5539493560791,
137.53604888916016,
120.50986289978027,
122.33281135559082,
116.04666709899902,
139.3582820892334,
135.61606407165527,
115.3097152709961,
133.29195976257324,
135.1180076599121,
133.7730884552002,
131.17313385009766,
138.7169361114502,
139.5740509033203,
135.56194305419922,
136.29603385925293,
133.90803337097168,
148.1649875640869,
139.0237808227539,
137.04800605773926,
134.63807106018066,
142.4109935760498,
138.19003105163574,
106.92715644836426,
136.89303398132324,
131.6368579864502,
106.50205612182617,
104.73179817199707,
105.58509826660156,
107.67483711242676,
107.36989974975586,
108.60800743103027,
105.71599006652832,
106.41908645629883,
107.83815383911133,
105.94987869262695,
107.89990425109863,
108.08086395263672,
109.52186584472656,
109.51828956604004,
109.37976837158203,
110.14699935913086,
107.54632949829102,
109.11893844604492,
109.99703407287598,
111.17196083068848,
109.32707786560059,
109.04097557067871,
109.28511619567871,
108.49213600158691,
108.63637924194336,
109.44890975952148,
109.02762413024902,
117.37394332885742,
116.66989326477051,
119.7659969329834,
121.96898460388184,
121.71411514282227,
118.66998672485352,
121.2007999420166,
119.10796165466309,
118.03984642028809,
121.34504318237305,
121.23608589172363,
118.36004257202148,
121.66881561279297,
121.5670108795166,
121.46687507629395,
118.73888969421387,
119.51470375061035,
119.54522132873535,
120.54800987243652,
112.66875267028809,
113.89803886413574,
113.51799964904785,
113.17086219787598,
113.0380630493164,
118.0880069732666,
106.7037582397461,
108.73126983642578,
109.7719669342041,
113.8150691986084,
105.25393486022949,
106.75287246704102,
109.4973087310791,
107.71489143371582,
106.3699722290039,
103.88612747192383,
106.40192031860352,
107.82265663146973,
106.57477378845215,
106.31918907165527,
109.01093482971191,
109.48014259338379,
110.30793190002441,
105.59201240539551,
104.56681251525879,
105.30400276184082,
105.80086708068848,
107.17487335205078,
106.05573654174805,
106.50205612182617,
107.26094245910645,
107.99002647399902,
108.55793952941895,
104.65216636657715,
110.98098754882812,
110.89801788330078,
105.84497451782227,
108.6111068725586,
109.59196090698242,
109.64679718017578,
106.9800853729248,
109.9100112915039,
107.12504386901855,
105.63802719116211,
106.49704933166504,
106.3392162322998,
106.0950756072998,
105.52191734313965,
104.88009452819824,
107.6042652130127,
107.26308822631836,
107.09786415100098,
105.26895523071289,
103.95407676696777,
106.88495635986328,
108.66880416870117,
106.13226890563965,
103.95693778991699,
109.25006866455078,
108.64520072937012,
108.81495475769043,
109.72285270690918,
110.99886894226074,
109.0540885925293,
112.3960018157959,
113.03591728210449,
112.46228218078613,
113.07430267333984,
110.03327369689941,
106.77504539489746,
108.68191719055176,
111.18006706237793,
107.50102996826172,
109.9996566772461,
112.66303062438965,
112.12706565856934,
109.6038818359375,
107.91873931884766,
108.69908332824707,
109.24172401428223,
108.98113250732422,
111.60492897033691,
107.81288146972656,
109.21597480773926,
109.97295379638672,
114.52388763427734,
107.03277587890625,
107.46598243713379,
113.38996887207031,
109.74287986755371,
111.88316345214844,
106.61101341247559,
106.5831184387207,
112.14089393615723,
110.9168529510498,
111.85979843139648,
105.0570011138916,
104.45427894592285,
104.67410087585449,
105.15594482421875,
104.44211959838867,
103.63602638244629,
103.7440299987793,
106.14895820617676,
105.41176795959473,
107.7427864074707,
106.6896915435791,
109.12489891052246,
110.23092269897461,
108.30307006835938,
108.05416107177734,
108.63590240478516,
108.32405090332031,
108.11614990234375,
108.69407653808594,
108.46900939941406,
105.98492622375488,
107.17511177062988,
107.68485069274902,
108.27970504760742,
106.75406455993652,
106.54997825622559,
107.08475112915039,
106.99295997619629,
105.57389259338379,
106.98509216308594,
107.04398155212402,
106.45914077758789,
108.3831787109375,
112.59818077087402,
113.14630508422852,
107.58566856384277,
109.75933074951172,
107.8798770904541,
107.35583305358887,
109.07387733459473,
111.46020889282227,
108.18886756896973,
112.81299591064453,
112.25390434265137,
110.83221435546875,
110.72993278503418,
112.25199699401855,
113.25693130493164,
110.37802696228027,
103.1649112701416,
104.37726974487305,
105.194091796875,
104.97307777404785,
105.03673553466797,
104.48718070983887,
104.43496704101562,
105.48520088195801,
103.88922691345215,
114.09592628479004,
110.57305335998535,
104.59017753601074,
104.32004928588867,
103.51014137268066,
104.19607162475586,
105.57198524475098,
105.61394691467285,
105.59201240539551,
109.34019088745117,
110.40997505187988,
111.08779907226562,
114.22419548034668,
111.30213737487793,
115.16118049621582,
112.21766471862793,
112.05506324768066,
106.53901100158691,
117.1422004699707,
112.5493049621582,
111.64307594299316,
119.44985389709473,
109.35616493225098,
117.77186393737793,
110.29911041259766,
120.91422080993652,
111.18698120117188,
118.93820762634277,
112.3819351196289,
111.47403717041016,
115.4780387878418,
112.68496513366699,
127.29406356811523,
115.60893058776855,
114.21990394592285,
110.5339527130127,
112.21194267272949,
110.44573783874512,
109.41004753112793,
103.8808822631836,
103.40094566345215,
108.78419876098633,
109.26580429077148,
107.63406753540039,
113.94286155700684,
103.70588302612305,
102.74028778076172,
103.49702835083008,
119.37403678894043,
121.66690826416016,
128.80492210388184,
123.58212471008301,
131.69312477111816,
121.04225158691406,
121.98185920715332,
135.89906692504883,
130.1271915435791,
123.95691871643066,
127.34580039978027,
107.55109786987305,
104.9962043762207,
114.17412757873535,
108.40797424316406,
106.11581802368164,
106.5831184387207,
107.4519157409668,
106.15921020507812,
108.8559627532959,
108.0479621887207,
109.55119132995605,
106.12726211547852,
107.63883590698242,
104.5839786529541,
105.34310340881348,
105.64589500427246,
106.06527328491211,
106.37402534484863,
105.0260066986084,
105.50498962402344,
105.90124130249023,
107.13696479797363,
104.57205772399902,
106.38713836669922,
106.69183731079102,
106.4598560333252,
107.3610782623291,
105.4079532623291,
126.77383422851562,
134.08422470092773,
119.62318420410156,
139.15205001831055,
133.81600379943848,
131.38794898986816,
120.32580375671387,
132.77101516723633,
120.74995040893555,
130.43498992919922,
105.73911666870117,
105.95011711120605,
106.02593421936035,
105.00812530517578,
108.45398902893066,
105.50284385681152,
105.70788383483887,
106.14871978759766,
106.90712928771973,
105.49521446228027,
107.42568969726562,
108.16001892089844,
108.69121551513672,
107.58495330810547,
110.02802848815918,
110.25285720825195,
108.91318321228027,
110.93401908874512,
108.64996910095215,
111.46187782287598,
109.88306999206543,
110.55278778076172,
110.56375503540039,
113.50417137145996,
109.10367965698242,
114.35604095458984,
113.20686340332031,
112.17379570007324,
114.06421661376953,
110.7940673828125,
113.88087272644043,
113.7552261352539,
114.98689651489258,
114.27593231201172,
114.56894874572754,
112.9918098449707,
113.25597763061523,
114.65692520141602,
112.90121078491211,
105.06296157836914,
104.70914840698242,
104.61783409118652,
103.83009910583496,
103.29198837280273,
103.83319854736328,
104.0959358215332,
105.67283630371094,
106.40883445739746,
105.0710678100586,
104.87103462219238,
102.91790962219238,
105.44896125793457,
109.01713371276855,
112.46490478515625,
116.28985404968262,
116.99080467224121,
129.55403327941895,
129.53901290893555,
129.69183921813965,
128.4189224243164,
129.06718254089355,
130.22279739379883,
122.44606018066406,
116.88494682312012,
125.62990188598633,
122.06387519836426,
124.21703338623047,
122.26605415344238,
126.34992599487305,
125.64682960510254,
125.06413459777832,
126.87206268310547,
117.92778968811035,
126.43575668334961,
124.51577186584473,
127.36201286315918,
124.04012680053711,
122.4069595336914,
125.09799003601074,
118.61991882324219,
129.81796264648438,
122.43199348449707,
127.95186042785645,
121.04916572570801,
130.0220489501953,
127.68173217773438,
126.93619728088379,
109.98201370239258,
106.58001899719238,
107.32388496398926,
103.86085510253906,
103.86490821838379,
107.50913619995117,
104.0499210357666,
103.61099243164062,
103.95598411560059,
105.31115531921387,
104.41207885742188,
106.53066635131836,
103.31487655639648,
105.11398315429688,
103.6982536315918,
103.16920280456543,
116.53709411621094,
116.96195602416992,
109.9691390991211,
112.98298835754395,
114.62807655334473,
114.40277099609375,
113.44504356384277,
114.68696594238281,
116.20020866394043,
114.30072784423828,
115.68474769592285,
115.73219299316406,
115.16690254211426,
115.98706245422363,
118.51763725280762,
116.12176895141602,
111.77897453308105,
115.74125289916992,
116.7900562286377,
118.14713478088379,
116.39404296875,
116.38283729553223,
113.07096481323242,
118.77584457397461,
111.99498176574707,
119.63987350463867,
115.20624160766602,
114.11190032958984,
113.08407783508301,
110.64386367797852,
110.29505729675293,
119.24195289611816,
120.00584602355957,
115.19384384155273,
120.60689926147461,
115.19908905029297,
114.28093910217285,
122.81274795532227,
113.1601333618164,
111.1307144165039,
115.45395851135254,
116.11604690551758,
104.94375228881836,
105.70406913757324,
106.38713836669922,
104.12812232971191,
106.66584968566895,
104.29811477661133,
106.06598854064941,
106.22000694274902,
118.43323707580566,
119.5991039276123,
116.9731616973877,
119.1399097442627,
121.39511108398438,
120.47004699707031,
133.26406478881836,
135.7419490814209,
118.63398551940918,
127.96497344970703,
135.03599166870117,
127.83694267272949,
127.25186347961426,
136.35611534118652,
134.9937915802002,
128.1270980834961,
127.35819816589355,
127.76684761047363,
124.99403953552246,
129.5011043548584,
128.22771072387695,
138.85974884033203,
125.73599815368652,
114.86697196960449,
138.1981372833252,
120.39494514465332,
130.9499740600586,
126.98984146118164,
127.8221607208252,
121.15883827209473,
125.97227096557617,
124.21989440917969,
130.8460235595703,
131.46710395812988,
132.08603858947754,
125.29826164245605,
131.94680213928223,
128.89909744262695,
129.32181358337402,
128.2329559326172,
130.36799430847168,
110.16488075256348,
104.95996475219727,
109.58695411682129,
107.79404640197754,
104.8269271850586,
114.82691764831543,
115.90194702148438,
104.25615310668945,
121.39391899108887,
116.9741153717041,
117.75398254394531,
120.32485008239746,
120.1791763305664,
119.8720932006836,
116.03212356567383,
121.77705764770508,
118.69120597839355,
116.4100170135498,
123.55184555053711,
122.33686447143555,
107.55705833435059,
122.19381332397461,
122.12514877319336,
121.58393859863281,
119.99821662902832,
123.94022941589355,
122.76506423950195,
125.23913383483887,
125.28371810913086,
122.01786041259766,
123.1999397277832,
123.28600883483887,
116.72377586364746,
118.42012405395508,
117.14577674865723,
121.61111831665039,
125.0467300415039,
126.74617767333984,
121.53482437133789,
121.39320373535156,
125.31900405883789,
122.03478813171387,
120.34201622009277,
123.08192253112793,
124.15599822998047,
127.59709358215332,
127.91991233825684,
125.41794776916504,
124.2060661315918,
130.7060718536377,
110.77094078063965,
111.53817176818848,
108.12997817993164,
105.8201789855957,
105.44896125793457,
106.12201690673828,
104.29835319519043,
106.34970664978027,
104.43711280822754,
105.37290573120117,
107.15699195861816,
116.08195304870605,
112.80512809753418,
113.4951114654541,
114.09211158752441,
114.9129867553711,
115.75198173522949,
115.75913429260254,
113.73305320739746,
115.81206321716309,
114.87698554992676,
115.52834510803223,
114.93802070617676,
115.81301689147949,
119.02523040771484,
114.35198783874512,
113.73305320739746,
115.24176597595215,
117.17033386230469,
108.8409423828125,
120.1171875,
114.29286003112793,
119.14420127868652,
119.60506439208984,
117.95616149902344,
115.62108993530273,
117.66600608825684,
121.36411666870117,
122.19095230102539,
118.5448169708252,
122.58791923522949,
119.86517906188965,
115.41295051574707,
110.29601097106934,
107.12695121765137,
122.58601188659668,
122.70998954772949,
119.00901794433594,
119.45486068725586,
118.14308166503906,
124.59206581115723,
106.81986808776855,
106.45198822021484,
105.25274276733398,
105.93414306640625,
104.80928421020508,
106.9939136505127,
106.9788932800293,
105.76796531677246,
106.57596588134766,
110.06903648376465,
110.11099815368652,
114.78996276855469,
115.58818817138672,
117.30813980102539,
113.04402351379395,
113.22522163391113,
112.1518611907959,
114.48502540588379,
113.51609230041504,
120.04685401916504,
114.93301391601562,
114.18008804321289,
121.32883071899414,
115.72909355163574,
122.9698657989502,
116.09411239624023,
118.06392669677734,
117.65408515930176,
114.29095268249512,
110.16702651977539,
109.43889617919922,
110.13984680175781,
117.71011352539062,
115.19503593444824,
117.94829368591309,
113.82889747619629,
119.22311782836914,
116.92309379577637,
115.07701873779297,
118.87383460998535,
117.44403839111328,
120.66292762756348,
117.2647476196289,
121.29092216491699,
121.7501163482666,
118.0882453918457,
116.60122871398926,
115.22102355957031,
121.51026725769043,
121.24896049499512,
104.78687286376953,
108.30426216125488,
107.62190818786621,
106.8878173828125,
107.75089263916016,
106.33325576782227,
107.29598999023438,
110.00180244445801,
112.81085014343262,
111.35363578796387,
113.79480361938477,
114.1366958618164,
115.2338981628418,
116.30916595458984,
115.2658462524414,
116.76311492919922,
116.75214767456055,
116.76430702209473,
113.04688453674316,
114.39704895019531,
112.8389835357666,
113.12723159790039,
114.43471908569336,
115.16404151916504,
113.73209953308105,
117.71321296691895,
116.01090431213379,
114.7150993347168,
115.51165580749512,
118.5300350189209,
115.85307121276855,
120.42808532714844,
116.17612838745117,
114.25304412841797,
117.81883239746094,
118.71218681335449,
117.02990531921387,
121.93989753723145,
120.38803100585938,
116.36590957641602,
115.8759593963623,
116.3320541381836,
120.25713920593262,
117.39182472229004,
122.68209457397461,
118.35885047912598,
122.82490730285645,
124.30000305175781,
104.95114326477051,
105.91411590576172,
108.38699340820312,
106.86588287353516,
108.96897315979004,
104.56228256225586,
104.02297973632812,
112.9608154296875,
108.37817192077637,
108.1700325012207,
104.6290397644043,
104.42972183227539,
114.70985412597656,
117.94424057006836,
120.07403373718262,
120.73087692260742,
120.59712409973145,
121.68216705322266,
132.85303115844727,
133.21614265441895,
136.21282577514648,
139.92714881896973,
109.35783386230469,
139.54496383666992,
140.60187339782715,
138.5636329650879,
141.38197898864746,
138.05818557739258,
139.7550106048584,
140.80095291137695,
140.6841278076172,
139.91284370422363,
139.0511989593506,
106.4748764038086,
142.960786819458,
137.0229721069336,
136.93904876708984,
136.66701316833496,
140.33889770507812,
140.64693450927734,
138.5810375213623,
139.89925384521484,
143.01013946533203,
138.7178897857666,
140.63405990600586,
138.55290412902832,
138.86117935180664,
134.97114181518555,
137.7270221710205,
104.79617118835449,
103.93190383911133,
105.31115531921387,
109.42912101745605,
104.03203964233398,
103.5909652709961,
106.07099533081055,
103.86204719543457,
103.75595092773438,
112.31088638305664,
104.10499572753906,
109.63630676269531,
138.930082321167,
132.81989097595215,
133.59308242797852,
129.5323371887207,
132.44390487670898,
105.78203201293945,
107.48887062072754,
105.03602027893066,
106.25100135803223,
105.76367378234863,
108.30402374267578,
106.12297058105469,
108.41178894042969,
108.16073417663574,
107.91015625,
106.07218742370605,
110.10622978210449,
105.53717613220215,
109.9703311920166,
110.96692085266113,
104.91371154785156,
109.23004150390625,
104.7661304473877,
111.60087585449219,
110.02922058105469,
107.68008232116699,
108.03794860839844,
111.18626594543457,
105.89814186096191,
107.68413543701172,
112.79892921447754,
108.04605484008789,
112.92791366577148,
110.11505126953125,
112.40601539611816,
107.32507705688477,
116.15490913391113,
114.42995071411133,
115.27466773986816,
114.79902267456055,
104.9039363861084,
104.65526580810547,
103.66582870483398,
114.78805541992188,
110.4128360748291,
110.63218116760254,
108.10971260070801,
107.65910148620605,
107.46002197265625,
108.49189758300781,
107.36608505249023,
108.94894599914551,
109.4350814819336,
109.90500450134277,
110.0320816040039,
107.666015625,
109.58504676818848,
112.0293140411377,
107.63025283813477,
110.39209365844727,
110.91089248657227,
112.29491233825684,
113.28291893005371,
113.22879791259766,
109.5890998840332,
110.28409004211426,
116.38402938842773,
115.9360408782959,
117.07019805908203,
110.48388481140137,
114.09997940063477,
116.68777465820312,
116.14632606506348,
113.63792419433594,
109.31777954101562,
118.17312240600586,
111.33599281311035,
116.2259578704834,
118.62301826477051,
109.82966423034668,
110.48436164855957,
118.24727058410645,
119.28200721740723,
118.93010139465332,
108.89601707458496,
108.56890678405762,
109.14492607116699,
109.6656322479248,
110.18896102905273,
105.85308074951172,
108.43086242675781,
107.91301727294922,
107.1157455444336,
106.05382919311523,
107.17296600341797,
108.59107971191406,
110.10479927062988,
110.33821105957031,
110.01133918762207,
110.96024513244629,
113.71302604675293,
114.40086364746094,
112.28203773498535,
114.14813995361328,
111.76776885986328,
111.83595657348633,
111.89699172973633,
111.94491386413574,
111.89913749694824,
108.56103897094727,
108.74176025390625,
106.62627220153809,
110.10885238647461,
114.96615409851074,
108.30497741699219,
107.49411582946777,
113.57283592224121,
115.30518531799316,
113.28625679016113,
110.45002937316895,
111.64212226867676,
114.36867713928223,
114.84599113464355,
117.27023124694824,
116.62006378173828,
109.57002639770508,
113.4181022644043,
110.22591590881348,
114.63809013366699,
114.56298828125,
112.80512809753418,
109.36307907104492,
110.43000221252441,
109.5271110534668,
106.38308525085449,
105.94367980957031,
108.26897621154785,
108.18886756896973,
104.63309288024902,
107.3758602142334,
109.8170280456543,
112.46895790100098,
107.52677917480469,
112.43176460266113,
107.6810359954834,
109.17091369628906,
109.64179039001465,
119.25411224365234,
111.31119728088379,
112.73193359375,
110.77094078063965,
110.5339527130127,
116.43195152282715,
115.22507667541504,
114.09687995910645,
115.3101921081543,
111.8319034576416,
115.57984352111816,
113.61098289489746,
117.49935150146484,
114.42875862121582,
117.64407157897949,
117.60210990905762,
116.53995513916016,
114.54892158508301,
113.37113380432129,
118.1187629699707,
114.14408683776855,
112.65301704406738,
118.25680732727051,
119.81701850891113,
111.56368255615234,
115.28182029724121,
118.19887161254883,
118.19314956665039,
118.70813369750977,
102.12421417236328,
103.08194160461426,
103.52897644042969,
111.28020286560059,
110.7330322265625,
105.05199432373047,
107.62810707092285,
110.03708839416504,
107.2850227355957,
105.65614700317383,
110.89181900024414,
111.80806159973145,
112.99777030944824,
116.87922477722168,
117.85602569580078,
116.65892601013184,
120.83292007446289,
118.2107925415039,
116.21999740600586,
116.99509620666504,
118.52693557739258,
122.23196029663086,
122.18499183654785,
118.3929443359375,
115.59891700744629,
123.36421012878418,
119.59624290466309,
123.21186065673828,
121.69909477233887,
124.1309642791748,
106.98485374450684,
119.56620216369629,
123.23808670043945,
120.00608444213867,
118.20697784423828,
122.73120880126953,
121.01507186889648,
119.92287635803223,
119.38977241516113,
121.85502052307129,
123.50583076477051,
115.9827709197998,
125.16403198242188,
122.52998352050781,
119.15087699890137,
117.87867546081543,
120.11313438415527,
106.28366470336914,
103.34992408752441,
102.58603096008301,
104.46000099182129,
109.24315452575684,
108.39295387268066,
103.36589813232422,
108.57892036437988,
106.3530445098877,
105.1781177520752,
105.34787178039551,
109.44676399230957,
108.34836959838867,
108.39986801147461,
108.48689079284668,
110.18490791320801,
106.73785209655762,
111.76395416259766,
106.05311393737793,
112.44821548461914,
108.02412033081055,
115.13018608093262,
109.41410064697266,
108.38198661804199,
108.50310325622559,
118.98112297058105,
108.74700546264648,
112.70618438720703,
111.13119125366211,
112.92529106140137,
111.98306083679199,
111.14001274108887,
108.8109016418457,
109.82608795166016,
111.52982711791992,
112.73193359375,
111.21702194213867,
109.8470687866211,
110.01229286193848,
113.19208145141602,
113.0361557006836,
111.75394058227539,
115.03410339355469,
115.00883102416992,
112.92076110839844,
109.18903350830078,
110.07094383239746,
101.57108306884766,
104.9039363861084,
105.12709617614746,
104.31885719299316,
107.7568531036377,
106.2161922454834,
107.3911190032959,
105.64398765563965,
106.30488395690918,
107.34224319458008,
109.21597480773926,
112.60008811950684,
113.6319637298584,
117.28405952453613,
117.52986907958984,
117.39325523376465,
118.11590194702148,
114.47000503540039,
113.10219764709473,
114.75086212158203,
115.29278755187988,
114.66121673583984,
116.92285537719727,
114.79401588439941,
117.22588539123535,
116.44411087036133,
116.09983444213867,
116.87183380126953,
118.36886405944824,
113.87276649475098,
114.96186256408691,
108.00313949584961,
117.21014976501465,
113.28887939453125,
118.06011199951172,
114.24088478088379,
113.8300895690918,
117.78879165649414,
114.28689956665039,
119.06909942626953,
118.65973472595215,
115.77868461608887,
118.60895156860352,
120.03588676452637,
120.92018127441406,
119.45891380310059,
109.22408103942871,
113.45791816711426,
105.41296005249023,
104.17890548706055,
103.72114181518555,
104.89392280578613,
103.87420654296875,
103.59501838684082,
106.59098625183105,
105.61823844909668,
108.24227333068848,
107.52010345458984,
106.41670227050781,
109.66229438781738,
117.09904670715332,
116.88113212585449,
111.96589469909668,
111.97400093078613,
115.20218849182129,
111.86790466308594,
114.85481262207031,
114.23420906066895,
115.55719375610352,
115.25297164916992,
116.05191230773926,
115.82016944885254,
117.61307716369629,
115.02695083618164,
112.20979690551758,
112.78605461120605,
114.80402946472168,
113.05618286132812,
111.4358901977539,
117.33293533325195,
118.75200271606445,
114.19796943664551,
112.39385604858398,
114.9601936340332,
105.14092445373535,
117.156982421875,
120.74112892150879,
120.4838752746582,
112.11419105529785,
116.58811569213867,
117.18177795410156,
119.16875839233398,
114.16006088256836,
119.29798126220703,
118.31521987915039,
118.87812614440918,
112.99896240234375,
104.39872741699219,
104.10094261169434,
102.85615921020508,
106.34303092956543,
105.31497001647949,
104.9032211303711,
105.71694374084473,
106.20617866516113,
103.96909713745117,
106.05788230895996,
103.91497611999512,
104.97212409973145,
106.34589195251465,
107.92422294616699,
105.90887069702148,
106.23407363891602,
111.30404472351074,
106.8732738494873,
112.40696907043457,
107.58614540100098,
108.43372344970703,
109.51423645019531,
110.2762222290039,
109.90595817565918,
110.1539134979248,
111.59777641296387,
111.1288070678711,
111.79876327514648,
111.77229881286621,
110.79907417297363,
112.6248836517334,
110.36109924316406,
113.55900764465332,
111.65523529052734,
113.95001411437988,
110.58402061462402,
110.99982261657715,
113.037109375,
113.75880241394043,
112.65707015991211,
114.38584327697754,
114.26091194152832,
113.24024200439453,
113.94715309143066,
110.54396629333496,
115.29684066772461,
113.5711669921875,
110.89897155761719,
103.68084907531738,
104.68125343322754,
103.93500328063965,
106.38689994812012,
102.6449203491211,
103.26504707336426,
104.68411445617676,
105.16810417175293,
105.78727722167969,
107.29598999023438,
106.88400268554688,
106.38785362243652,
107.10597038269043,
110.04114151000977,
109.85612869262695,
110.49127578735352,
112.50185966491699,
111.6790771484375,
110.78500747680664,
111.53984069824219,
112.43009567260742,
107.97405242919922,
108.95824432373047,
110.10408401489258,
109.91787910461426,
110.4898452758789,
108.00909996032715,
109.66801643371582,
109.5890998840332,
107.75876045227051,
108.7350845336914,
108.88409614562988,
107.58018493652344,
109.8928451538086,
110.39924621582031,
111.11235618591309,
109.0240478515625,
109.01021957397461,
110.43405532836914,
113.27409744262695,
107.79523849487305,
109.32779312133789,
110.49294471740723,
112.67209053039551,
113.38114738464355,
109.56788063049316,
113.09075355529785,
111.80496215820312,
114.00699615478516,
107.24878311157227,
105.27896881103516,
105.7741641998291,
102.5688648223877,
103.96909713745117,
103.51109504699707,
104.90179061889648,
106.82892799377441,
103.75618934631348,
105.22794723510742,
103.8808822631836,
108.44898223876953,
108.79015922546387,
108.37578773498535,
108.97397994995117,
110.0771427154541,
112.85400390625,
113.0061149597168,
114.46189880371094,
112.89000511169434,
112.92099952697754,
113.6770248413086,
115.23699760437012,
115.21220207214355,
114.71390724182129,
106.34875297546387,
111.8321418762207,
111.96184158325195,
110.99123954772949,
117.93828010559082,
119.44723129272461,
113.48819732666016,
119.33493614196777,
110.9621524810791,
120.17989158630371,
121.62899971008301,
118.4546947479248,
114.28713798522949,
122.83897399902344,
121.30403518676758,
117.6908016204834,
117.34986305236816,
119.90809440612793,
106.97722434997559,
110.0609302520752,
118.98398399353027,
124.98879432678223,
126.45816802978516,
125.27108192443848,
123.20685386657715,
120.42427062988281,
104.94589805603027,
104.51793670654297,
103.26290130615234,
105.19909858703613,
104.16412353515625,
103.84273529052734,
105.48901557922363,
104.94208335876465,
104.64835166931152,
104.71415519714355,
103.66106033325195,
106.19425773620605,
107.59711265563965,
103.19399833679199,
105.64684867858887,
106.07504844665527,
104.11286354064941,
105.25703430175781,
103.82604598999023,
105.14569282531738,
107.67579078674316,
107.1932315826416,
106.9941520690918,
107.34987258911133,
107.28597640991211,
108.97469520568848,
113.19804191589355,
113.05069923400879,
111.71698570251465,
110.71300506591797,
114.53819274902344,
112.31207847595215,
114.49861526489258,
107.07592964172363,
111.42706871032715,
106.00709915161133,
105.70693016052246,
110.01706123352051,
114.74990844726562,
114.57395553588867,
109.15088653564453,
112.54024505615234,
108.29496383666992,
108.12115669250488,
110.33225059509277,
110.1830005645752,
110.04900932312012,
109.91597175598145,
112.80703544616699,
102.21385955810547,
103.65509986877441,
105.96299171447754,
102.95295715332031,
103.62601280212402,
102.60009765625,
103.11198234558105,
103.41095924377441,
102.71573066711426,
103.40285301208496,
102.95295715332031,
104.77209091186523,
105.14116287231445,
105.65996170043945,
105.8962345123291,
106.22382164001465,
104.06136512756348,
105.71622848510742,
104.53295707702637,
104.51602935791016,
104.34889793395996,
104.64811325073242,
108.36005210876465,
101.21488571166992,
103.60908508300781,
105.74984550476074,
104.48980331420898,
104.4759750366211,
104.40993309020996,
105.0100326538086,
104.2330265045166,
104.03585433959961,
103.67417335510254,
105.62419891357422,
102.59199142456055,
102.76412963867188,
103.93285751342773,
105.44896125793457,
104.27188873291016,
106.02116584777832,
104.3400764465332,
103.50227355957031,
103.48916053771973,
103.4080982208252,
106.17804527282715,
105.49712181091309,
104.00819778442383,
106.31799697875977,
103.35779190063477,
102.48899459838867,
105.53979873657227,
103.21593284606934,
102.34904289245605,
107.27095603942871,
103.67679595947266,
103.17277908325195,
102.41985321044922,
106.61697387695312,
104.83908653259277,
104.63070869445801,
105.08084297180176,
106.2779426574707,
105.19289970397949,
105.4236888885498,
109.62986946105957,
111.51790618896484,
113.17181587219238,
109.72905158996582,
109.92288589477539,
106.81915283203125,
106.67586326599121,
111.1609935760498,
112.28704452514648,
106.06884956359863,
106.3392162322998,
107.31983184814453,
107.03825950622559,
108.44278335571289,
112.39409446716309,
109.27987098693848,
103.34205627441406,
106.97603225708008,
110.98027229309082,
110.40687561035156,
109.12299156188965,
115.41914939880371,
107.56826400756836,
108.53815078735352,
105.17311096191406,
108.40082168579102,
105.47089576721191,
105.8509349822998,
111.92083358764648,
108.12711715698242,
108.04462432861328,
106.10198974609375,
104.54511642456055,
104.80690002441406,
105.2238941192627,
118.11590194702148,
102.94294357299805,
118.33381652832031,
103.34300994873047,
103.31010818481445,
102.21076011657715,
104.38394546508789,
103.74093055725098,
111.92512512207031,
111.29999160766602,
109.5590591430664,
104.48718070983887,
103.91902923583984,
108.89983177185059,
116.24288558959961,
102.96177864074707,
112.84208297729492,
113.2650375366211,
116.38402938842773,
107.88702964782715,
116.18208885192871,
105.12471199035645,
110.97288131713867,
114.13097381591797,
102.39076614379883,
107.52582550048828,
104.46882247924805,
103.7900447845459,
104.19297218322754,
103.56807708740234,
104.64692115783691,
105.52287101745605,
103.88708114624023,
105.26704788208008,
105.89313507080078,
104.54916954040527,
103.4092903137207,
102.74195671081543,
103.90686988830566,
102.8909683227539,
103.23715209960938,
103.17587852478027,
102.79607772827148,
103.87086868286133,
103.8820743560791,
102.05721855163574,
110.05401611328125,
106.45294189453125,
104.39109802246094,
102.47516632080078,
103.37996482849121,
104.32100296020508,
105.70716857910156,
104.86698150634766,
107.11336135864258,
106.79388046264648,
116.82009696960449,
122.3609447479248,
122.98703193664551,
116.67919158935547,
121.79899215698242,
106.96887969970703,
107.71012306213379,
110.18705368041992,
114.26877975463867,
112.03694343566895,
113.3577823638916,
114.87984657287598,
114.82119560241699,
118.4849739074707,
119.79913711547852,
119.51208114624023,
118.2091236114502,
118.69406700134277,
116.5308952331543,
116.47295951843262,
119.21095848083496,
118.22271347045898,
111.06419563293457,
117.37489700317383,
118.61515045166016,
118.40701103210449,
117.24591255187988,
116.22190475463867,
115.74482917785645,
117.0198917388916,
114.01820182800293,
117.45905876159668,
118.30687522888184,
118.6211109161377,
116.73092842102051,
114.43090438842773,
113.29197883605957,
102.22625732421875,
110.71324348449707,
112.65993118286133,
116.55211448669434,
111.37270927429199,
105.79323768615723,
111.59515380859375,
119.87090110778809,
104.77113723754883,
103.13129425048828,
115.42558670043945,
113.05904388427734,
116.0271167755127,
112.82587051391602,
115.48805236816406,
102.9200553894043,
108.36505889892578,
105.77082633972168,
106.67204856872559,
107.98907279968262,
113.00301551818848,
114.0451431274414,
107.97691345214844,
114.85695838928223,
111.89603805541992,
107.1629524230957,
122.94292449951172,
106.34279251098633,
113.15774917602539,
112.00499534606934,
109.07602310180664,
108.88123512268066,
116.96696281433105,
109.76219177246094,
114.92109298706055,
112.42485046386719,
109.74597930908203,
110.61382293701172,
112.11895942687988,
109.75003242492676,
110.81528663635254,
108.3669662475586,
112.99371719360352,
110.23807525634766,
109.62820053100586,
107.69510269165039,
105.35597801208496,
106.02092742919922,
108.38699340820312,
106.22024536132812,
106.94098472595215,
106.39595985412598,
110.14294624328613,
103.51014137268066,
103.96575927734375,
109.32612419128418,
110.41879653930664,
111.4811897277832,
114.04705047607422,
114.81881141662598,
109.69114303588867,
111.4037036895752,
114.07828330993652,
114.56513404846191,
115.38004875183105,
111.90104484558105,
115.33403396606445,
112.99729347229004,
112.31708526611328,
113.85607719421387,
117.70391464233398,
113.56520652770996,
109.80010032653809,
109.42482948303223,
112.75696754455566,
116.96100234985352,
115.37003517150879,
117.89989471435547,
114.62521553039551,
114.70699310302734,
113.5408878326416,
115.5388355255127,
115.04912376403809,
114.96210098266602,
114.35699462890625,
111.16600036621094,
118.06297302246094,
119.35830116271973,
117.37394332885742,
118.38293075561523,
120.17607688903809,
105.81302642822266,
103.94811630249023,
103.86514663696289,
105.16500473022461,
105.09586334228516,
105.05414009094238,
107.63978958129883,
107.0411205291748,
108.22510719299316,
105.6678295135498,
112.06197738647461,
109.12728309631348,
110.18586158752441,
110.72802543640137,
111.49907112121582,
113.30199241638184,
112.32614517211914,
110.35394668579102,
110.51201820373535,
112.7631664276123,
112.13111877441406,
113.57998847961426,
114.31694030761719,
113.65509033203125,
112.83588409423828,
115.4329776763916,
115.22603034973145,
113.8608455657959,
114.67599868774414,
111.6631031036377,
114.30501937866211,
114.42804336547852,
114.33529853820801,
114.21799659729004,
116.03093147277832,
114.90297317504883,
116.09601974487305,
112.10393905639648,
113.70229721069336,
116.25909805297852,
117.25497245788574,
114.22586441040039,
114.85505104064941,
113.34896087646484,
114.77303504943848,
104.95996475219727,
104.50530052185059,
105.25012016296387,
109.0848445892334,
108.1700325012207,
105.42607307434082,
104.93302345275879,
105.62777519226074,
103.56020927429199,
106.66108131408691,
106.1849594116211,
104.11596298217773,
103.51419448852539,
105.36313056945801,
108.99806022644043,
128.1883716583252,
115.88835716247559,
129.5018196105957,
130.06210327148438,
130.60808181762695,
121.59204483032227,
117.67697334289551,
121.33121490478516,
117.82002449035645,
121.13690376281738,
125.36096572875977,
125.88286399841309,
121.72603607177734,
117.91396141052246,
119.25601959228516,
124.25422668457031,
118.24202537536621,
129.2579174041748,
129.84490394592285,
128.62610816955566,
126.72829627990723,
127.76803970336914,
130.33509254455566,
131.42991065979004,
108.40702056884766,
130.2928924560547,
130.28311729431152,
131.98280334472656,
127.82621383666992,
127.60496139526367,
133.11386108398438,
110.18586158752441,
106.43482208251953,
107.73587226867676,
109.25626754760742,
108.49499702453613,
106.58717155456543,
104.59113121032715,
105.42988777160645,
104.9048900604248,
103.64794731140137,
103.86991500854492,
103.7740707397461,
117.68698692321777,
110.95499992370605,
111.98616027832031,
114.62974548339844,
110.51797866821289,
111.21702194213867,
112.89715766906738,
108.99090766906738,
112.03908920288086,
112.54596710205078,
110.49580574035645,
111.03200912475586,
111.47594451904297,
110.58807373046875,
113.79408836364746,
114.54629898071289,
113.33298683166504,
109.50112342834473,
108.70695114135742,
115.44919013977051,
113.24691772460938,
113.93189430236816,
117.34867095947266,
118.15881729125977,
114.36009407043457,
119.57287788391113,
112.09511756896973,
114.97807502746582,
111.33813858032227,
120.10598182678223,
119.87686157226562,
115.56816101074219,
115.59295654296875,
108.61802101135254,
109.9250316619873,
108.95323753356934,
112.0598316192627,
110.45098304748535,
112.19000816345215,
108.82282257080078,
112.38503456115723,
105.19814491271973,
106.28700256347656,
105.94916343688965,
105.81612586975098,
104.3250560760498,
107.66386985778809,
107.6200008392334,
108.7791919708252,
109.79890823364258,
113.68203163146973,
113.36708068847656,
112.75696754455566,
115.56315422058105,
113.60001564025879,
115.13018608093262,
114.5632266998291,
116.40810966491699,
116.06812477111816,
116.12391471862793,
118.02387237548828,
112.8997802734375,
113.08097839355469,
114.03918266296387,
114.6249771118164,
115.30590057373047,
115.94200134277344,
114.9141788482666,
112.4720573425293,
116.31011962890625,
114.4568920135498,
113.94906044006348,
114.43424224853516,
115.10396003723145,
113.2512092590332,
113.9681339263916,
116.18185043334961,
114.71295356750488,
115.2031421661377,
119.08411979675293,
121.54889106750488,
121.73175811767578,
121.84286117553711,
123.32987785339355,
120.0411319732666,
123.6259937286377,
124.28689002990723,
120.57995796203613,
103.35898399353027,
104.97903823852539,
102.84900665283203,
105.42702674865723,
105.83806037902832,
105.81588745117188,
103.09720039367676,
105.55481910705566,
106.59193992614746,
114.41373825073242,
115.71002006530762,
116.93501472473145,
116.54019355773926,
115.88001251220703,
115.8590316772461,
115.61012268066406,
116.99819564819336,
115.95797538757324,
118.07060241699219,
116.88017845153809,
117.9802417755127,
118.08371543884277,
113.36398124694824,
113.23881149291992,
113.83700370788574,
113.46983909606934,
119.40598487854004,
114.06111717224121,
114.88890647888184,
114.33792114257812,
114.8829460144043,
112.61105537414551,
117.0802116394043,
115.83995819091797,
115.8757209777832,
115.17214775085449,
115.6318187713623,
118.18814277648926,
115.59009552001953,
116.790771484375,
114.6087646484375,
115.05794525146484,
114.11881446838379,
116.99199676513672,
118.17502975463867,
114.57276344299316,
118.23511123657227,
108.62016677856445,
103.14512252807617,
103.53422164916992,
105.18717765808105,
106.11414909362793,
105.66306114196777,
106.0030460357666,
105.79204559326172,
105.87286949157715,
104.71677780151367,
114.10903930664062,
113.4190559387207,
127.43711471557617,
127.68292427062988,
129.23598289489746,
123.31414222717285,
128.44300270080566,
135.6642246246338,
135.58411598205566,
136.14487648010254,
135.70094108581543,
142.84706115722656,
143.3732509613037,
122.42889404296875,
138.10420036315918,
117.16604232788086,
135.61391830444336,
131.4239501953125,
131.41822814941406,
137.10713386535645,
136.95716857910156,
135.44821739196777,
138.19408416748047,
137.04323768615723,
131.90817832946777,
125.32210350036621,
136.1386775970459,
116.85514450073242,
133.54802131652832,
138.75222206115723,
134.5388889312744,
132.9667568206787,
138.02289962768555,
137.41207122802734,
140.23280143737793,
138.22531700134277,
134.28306579589844,
138.0441188812256,
142.23098754882812,
136.88278198242188,
139.0068531036377,
112.93911933898926,
113.85273933410645,
128.4768581390381,
133.32080841064453,
116.09387397766113,
104.4149398803711,
103.81793975830078,
106.27365112304688,
115.06295204162598,
117.10190773010254,
112.52498626708984,
131.70886039733887,
120.55492401123047,
119.27485466003418,
110.80503463745117,
109.6959114074707,
111.4189624786377,
109.64202880859375,
110.9311580657959,
112.23196983337402,
110.90207099914551,
110.0468635559082,
109.96484756469727,
109.88497734069824,
110.21304130554199,
109.93719100952148,
110.41903495788574,
110.11981964111328,
110.02278327941895,
111.48333549499512,
111.46187782287598,
109.26365852355957,
112.28609085083008,
105.84187507629395,
107.23519325256348,
108.25014114379883,
109.64131355285645,
108.04510116577148,
109.78364944458008,
113.54207992553711,
114.52698707580566,
115.17000198364258,
109.03501510620117,
114.99500274658203,
109.53402519226074,
115.72813987731934,
110.99386215209961,
110.17107963562012,
111.82737350463867,
105.24415969848633,
107.92183876037598,
102.97489166259766,
103.92880439758301,
105.88502883911133,
107.21278190612793,
122.32804298400879,
103.29699516296387,
117.63405799865723,
121.65689468383789,
119.15707588195801,
115.12494087219238,
124.56107139587402,
111.07802391052246,
109.31801795959473,
113.31415176391602,
114.34507369995117,
114.0601634979248,
110.38017272949219,
109.95316505432129,
115.0517463684082,
116.28985404968262,
123.38995933532715,
112.98513412475586,
118.15404891967773,
113.33131790161133,
118.39723587036133,
113.49797248840332,
112.69998550415039,
118.60513687133789,
121.84691429138184,
121.48094177246094,
120.61381340026855,
129.9898624420166,
113.6159896850586,
114.26901817321777,
116.05286598205566,
116.87088012695312,
114.86577987670898,
114.06779289245605,
112.86306381225586,
113.33298683166504,
116.0738468170166,
116.44697189331055,
114.10713195800781,
114.77112770080566,
118.12090873718262,
113.01088333129883,
119.3540096282959,
110.29911041259766,
110.04376411437988,
112.95413970947266,
125.30517578125,
114.0909194946289,
106.92977905273438,
108.11185836791992,
105.44276237487793,
104.79998588562012,
113.67201805114746,
112.85209655761719,
113.63601684570312,
113.3890151977539,
114.31193351745605,
113.89279365539551,
114.55416679382324,
116.73283576965332,
114.85695838928223,
116.87779426574707,
118.08276176452637,
115.6158447265625,
112.34521865844727,
113.8160228729248,
113.13509941101074,
115.04292488098145,
113.86322975158691,
116.1947250366211,
115.99612236022949,
113.6772632598877,
112.06674575805664,
111.7098331451416,
114.53104019165039,
112.37978935241699,
112.14423179626465,
112.18404769897461,
117.45381355285645,
118.31879615783691,
116.96505546569824,
117.92731285095215,
111.4659309387207,
114.74895477294922,
111.52529716491699,
112.35499382019043,
114.26401138305664,
112.3650074005127,
112.18595504760742,
116.22905731201172,
116.64509773254395,
115.0810718536377,
103.70898246765137,
104.10809516906738,
104.51602935791016,
104.47001457214355,
104.38203811645508,
102.4007797241211,
102.22816467285156,
103.74212265014648,
103.08408737182617,
102.8590202331543,
103.72805595397949,
112.32185363769531,
112.24484443664551,
112.72192001342773,
108.48808288574219,
108.47091674804688,
108.24179649353027,
108.40892791748047,
110.19301414489746,
110.83602905273438,
110.06021499633789,
106.23311996459961,
105.44395446777344,
106.05072975158691,
107.09500312805176,
107.84792900085449,
107.06210136413574,
107.46121406555176,
108.25705528259277,
108.87622833251953,
107.43308067321777,
106.40096664428711,
106.19020462036133,
106.18090629577637,
105.51118850708008,
105.61609268188477,
106.75501823425293,
107.90872573852539,
107.57207870483398,
106.24885559082031,
106.34803771972656,
108.31785202026367,
107.85484313964844,
108.42490196228027,
108.35099220275879,
108.47210884094238,
111.23991012573242,
110.61930656433105,
110.62002182006836,
106.72259330749512,
119.09699440002441,
121.33574485778809,
114.33219909667969,
114.98212814331055,
105.87096214294434,
112.17093467712402,
115.07296562194824,
103.39617729187012,
105.19981384277344,
104.81715202331543,
117.91014671325684,
117.69294738769531,
117.37513542175293,
118.43323707580566,
119.30489540100098,
118.2100772857666,
118.71004104614258,
119.7500228881836,
120.69296836853027,
133.52108001708984,
131.9408416748047,
133.70585441589355,
134.4900131225586,
133.30817222595215,
134.77563858032227,
133.1171989440918,
134.29784774780273,
134.1531276702881,
135.36477088928223,
135.35118103027344,
107.73611068725586,
111.39464378356934,
105.22079467773438,
134.11521911621094,
106.1701774597168,
134.87696647644043,
134.54699516296387,
112.2732162475586,
134.08827781677246,
108.83903503417969,
134.03892517089844,
112.8690242767334,
135.24317741394043,
115.37003517150879,
114.2268180847168,
134.7358226776123,
135.76602935791016,
114.24803733825684,
136.55614852905273,
135.89215278625488,
135.43391227722168,
115.12279510498047,
109.44724082946777,
105.76915740966797,
110.06903648376465,
108.5200309753418,
104.07900810241699,
103.93190383911133,
112.28585243225098,
105.51571846008301,
104.8431396484375,
107.6500415802002,
104.49004173278809,
105.03101348876953,
114.33196067810059,
115.60916900634766,
114.85886573791504,
113.38019371032715,
115.52000045776367,
116.13798141479492,
110.83984375,
116.12915992736816,
115.14496803283691,
113.97314071655273,
114.01081085205078,
109.48777198791504,
115.19622802734375,
106.99009895324707,
116.19997024536133,
116.43218994140625,
117.75684356689453,
120.43905258178711,
115.04292488098145,
117.11907386779785,
114.1808032989502,
112.75815963745117,
114.41731452941895,
120.21112442016602,
116.41192436218262,
117.10524559020996,
117.462158203125,
114.5780086517334,
115.43703079223633,
120.18895149230957,
116.31011962890625,
122.49398231506348,
124.7107982635498,
122.73001670837402,
122.75314331054688,
125.67996978759766,
120.69296836853027,
118.95918846130371,
124.02200698852539,
123.5504150390625,
120.77975273132324,
102.69522666931152,
110.02087593078613,
104.3999195098877,
111.06491088867188,
109.42792892456055,
106.30393028259277,
103.02472114562988,
105.52287101745605,
107.87296295166016,
107.8190803527832,
104.97093200683594,
106.10389709472656,
106.77409172058105,
106.00805282592773,
104.28690910339355,
103.80196571350098,
104.7048568725586,
107.00583457946777,
119.12798881530762,
124.237060546875,
128.2060146331787,
128.7100315093994,
120.16487121582031,
124.12595748901367,
129.1499137878418,
123.9159107208252,
124.5279312133789,
125.69499015808105,
119.88091468811035,
125.05912780761719,
120.67484855651855,
126.82604789733887,
130.9220790863037,
121.27900123596191,
128.86595726013184,
123.8701343536377,
109.29107666015625,
132.98368453979492,
120.6507682800293,
130.19704818725586,
125.63920021057129,
128.6158561706543,
126.48987770080566,
127.06398963928223,
130.51390647888184,
127.31504440307617,
132.16900825500488,
125.72574615478516,
126.19686126708984,
120.3310489654541,
122.68304824829102,
104.63213920593262,
106.17923736572266,
104.92897033691406,
126.78289413452148,
116.20807647705078,
125.70810317993164,
125.49018859863281,
123.01325798034668,
125.76413154602051,
124.53889846801758,
123.48699569702148,
124.8331069946289,
123.21996688842773,
124.23205375671387,
127.47693061828613,
107.8798770904541,
108.73222351074219,
111.12689971923828,
110.91184616088867,
110.45503616333008,
110.28075218200684,
109.9700927734375,
110.5196475982666,
111.083984375,
112.54215240478516,
126.33204460144043,
126.50609016418457,
119.10605430603027,
126.56831741333008,
120.78213691711426,
127.85816192626953,
120.1329231262207,
120.71609497070312,
127.6090145111084,
124.76301193237305,
126.88112258911133,
127.22611427307129,
125.09393692016602,
130.2332878112793,
129.9750804901123,
128.39818000793457,
126.28412246704102,
126.66511535644531,
128.7522315979004,
123.86298179626465,
125.55980682373047,
102.74004936218262,
102.99181938171387,
105.81302642822266,
105.1173210144043,
105.72695732116699,
103.64484786987305,
102.9660701751709,
106.4310073852539,
107.41519927978516,
110.3217601776123,
109.81202125549316,
105.21602630615234,
105.59701919555664,
102.80108451843262,
104.86412048339844,
104.18987274169922,
105.61418533325195,
103.51395606994629,
105.03721237182617,
104.0799617767334,
103.72400283813477,
103.64103317260742,
104.17485237121582,
104.6907901763916,
104.28905487060547,
103.19399833679199,
103.98006439208984,
109.39908027648926,
110.1081371307373,
108.69884490966797,
110.03613471984863,
108.04605484008789,
109.99727249145508,
112.01715469360352,
113.68489265441895,
112.06293106079102,
109.91597175598145,
110.89181900024414,
113.50893974304199,
111.06562614440918,
114.72368240356445,
115.49592018127441,
110.55111885070801,
115.20719528198242,
115.2188777923584,
112.35713958740234,
111.35697364807129,
112.49995231628418,
107.13315010070801,
107.91325569152832,
103.02996635437012,
103.7302017211914,
104.85196113586426,
111.64283752441406,
111.01794242858887,
103.81507873535156,
103.3029556274414,
104.43282127380371,
104.97188568115234,
104.0048599243164,
105.32307624816895,
103.16014289855957,
103.49726676940918,
103.8370132446289,
106.06598854064941,
104.00509834289551,
104.81810569763184,
105.32188415527344,
104.7208309173584,
104.62093353271484,
103.96289825439453,
104.79903221130371,
106.7190170288086,
107.48100280761719,
104.90274429321289,
105.65996170043945,
111.42206192016602,
112.31112480163574,
111.83524131774902,
113.44504356384277,
106.87899589538574,
112.49089241027832,
108.7949275970459,
108.72983932495117,
107.1310043334961,
108.56008529663086,
107.97715187072754,
109.31396484375,
107.92899131774902,
110.05902290344238,
110.05496978759766,
111.56606674194336,
112.23816871643066,
110.2449893951416,
112.29491233825684,
112.33806610107422,
116.01996421813965,
116.56594276428223,
102.31232643127441,
102.2348403930664,
104.64215278625488,
104.34103012084961,
106.02426528930664,
105.38291931152344,
105.9110164642334,
105.27372360229492,
102.89311408996582,
105.4220199584961,
105.27801513671875,
103.83415222167969,
110.22710800170898,
104.09998893737793,
103.5909652709961,
104.09402847290039,
103.87682914733887,
103.55520248413086,
104.77089881896973,
104.95615005493164,
105.05223274230957,
102.80704498291016,
104.95710372924805,
103.74999046325684,
107.02633857727051,
109.23004150390625,
110.2752685546875,
111.05895042419434,
110.04519462585449,
109.57193374633789,
111.04488372802734,
110.96024513244629,
110.44025421142578,
110.90993881225586,
111.93394660949707,
106.52494430541992,
107.55395889282227,
107.41400718688965,
113.23976516723633,
107.99598693847656,
109.26699638366699,
109.00187492370605,
106.1251163482666,
105.19671440124512,
103.83319854736328,
105.45206069946289,
102.55694389343262,
102.48398780822754,
103.46698760986328,
103.60598564147949,
104.16579246520996,
104.27713394165039,
105.08990287780762,
105.1168441772461,
105.6981086730957,
104.34794425964355,
102.22125053405762,
103.39093208312988,
102.51426696777344,
103.33395004272461,
103.14178466796875,
103.76596450805664,
102.38909721374512,
101.80783271789551,
102.53310203552246,
103.81603240966797,
104.86984252929688,
105.87692260742188,
103.2419204711914,
104.35628890991211,
105.08990287780762,
105.2401065826416,
103.25098037719727,
104.04706001281738,
105.52811622619629,
106.7500114440918,
106.98699951171875,
104.23994064331055,
106.26411437988281,
105.3011417388916,
104.64000701904297,
106.14490509033203,
109.33399200439453,
103.32822799682617,
106.2159538269043,
106.78815841674805,
104.76493835449219,
105.53193092346191,
107.33389854431152,
105.7438850402832,
105.15403747558594,
107.79809951782227,
102.53119468688965,
105.08489608764648,
103.3329963684082,
104.7213077545166,
104.00605201721191,
104.9661636352539,
104.65502738952637,
105.92198371887207,
102.75006294250488,
105.38983345031738,
105.04794120788574,
106.84800148010254,
103.51419448852539,
105.1790714263916,
107.10692405700684,
102.42509841918945,
102.71477699279785,
103.06310653686523,
103.93905639648438,
102.5850772857666,
104.4919490814209,
103.94287109375,
104.54511642456055,
105.61323165893555,
104.53581809997559,
104.71010208129883,
105.58915138244629,
106.69803619384766,
105.85713386535645,
105.57293891906738,
108.2460880279541,
108.2310676574707,
107.98287391662598,
106.6751480102539,
106.78386688232422,
105.4239273071289,
106.36687278747559,
103.19995880126953,
103.92308235168457,
105.09705543518066,
102.8139591217041,
105.55887222290039,
104.19416427612305,
103.55472564697266,
103.53589057922363,
103.28125953674316,
105.27205467224121,
105.02314567565918,
103.90496253967285,
105.09014129638672,
104.16102409362793,
106.62293434143066,
106.12201690673828,
108.19411277770996,
107.2988510131836,
105.18884658813477,
105.96203804016113,
105.80205917358398,
106.70900344848633,
103.36804389953613,
103.5001277923584,
102.84113883972168,
104.53391075134277,
105.04388809204102,
104.92801666259766,
104.71796989440918,
104.15220260620117,
103.49321365356445,
105.47304153442383,
105.42488098144531,
106.69994354248047,
104.74491119384766,
103.27029228210449,
103.37996482849121,
104.99811172485352,
105.18193244934082,
106.4140796661377,
106.38618469238281,
105.84616661071777,
107.08403587341309,
104.39682006835938,
105.0870418548584,
106.28080368041992,
105.95583915710449,
105.48686981201172,
105.43513298034668,
105.15880584716797,
105.08298873901367,
104.83384132385254,
104.34293746948242,
106.45103454589844,
106.36496543884277,
105.42678833007812,
107.23209381103516,
105.27586936950684,
109.66324806213379,
106.28414154052734,
104.49099540710449,
103.03378105163574,
102.74577140808105,
103.7130355834961,
104.64000701904297,
103.94406318664551,
105.60798645019531,
108.80327224731445,
109.64488983154297,
105.88717460632324,
105.05104064941406,
105.18336296081543,
104.48813438415527,
104.36010360717773,
107.48505592346191,
104.27308082580566,
105.13496398925781,
105.89194297790527,
105.9560775756836,
106.98103904724121,
108.90388488769531,
112.0750904083252,
112.70713806152344,
112.34521865844727,
107.63788223266602,
106.88400268554688,
108.77394676208496,
104.48384284973145,
104.26092147827148,
106.91618919372559,
115.77296257019043,
112.66183853149414,
105.76415061950684,
106.4920425415039,
104.64310646057129,
105.51285743713379,
108.8559627532959,
106.46605491638184,
107.41090774536133,
103.65676879882812,
108.20603370666504,
105.08894920349121,
106.22215270996094,
105.1948070526123,
111.51885986328125,
113.8312816619873,
113.88587951660156,
114.69697952270508,
113.77596855163574,
115.63920974731445,
114.31097984313965,
114.9449348449707,
110.4590892791748,
108.76297950744629,
103.82294654846191,
102.72216796875,
104.7828197479248,
103.02901268005371,
105.5917739868164,
105.21912574768066,
105.77273368835449,
104.25209999084473,
107.50794410705566,
105.97896575927734,
105.64017295837402,
106.33516311645508,
104.43973541259766,
104.4161319732666,
105.32093048095703,
111.09089851379395,
109.10487174987793,
113.8157844543457,
112.67685890197754,
112.38980293273926,
107.83505439758301,
111.13381385803223,
111.89818382263184,
116.8220043182373,
106.11391067504883,
123.1839656829834,
121.93584442138672,
118.20125579833984,
121.08993530273438,
121.9642162322998,
111.99092864990234,
112.94317245483398,
112.0457649230957,
112.64395713806152,
106.41837120056152,
106.99105262756348,
103.34300994873047,
108.52885246276855,
103.02376747131348,
103.60884666442871,
103.51800918579102,
103.90496253967285,
103.58500480651855,
105.33905029296875,
102.90384292602539,
105.03673553466797,
102.85019874572754,
102.39005088806152,
103.02519798278809,
106.57095909118652,
109.96389389038086,
113.66891860961914,
114.66217041015625,
123.13222885131836,
115.67115783691406,
114.65120315551758,
115.18311500549316,
128.2179355621338,
119.87519264221191,
119.30489540100098,
124.29475784301758,
118.16978454589844,
118.0410385131836,
124.22299385070801,
120.28074264526367,
130.1560401916504,
124.12905693054199,
104.38823699951172,
109.7249984741211,
102.97417640686035,
103.69706153869629,
104.09188270568848,
102.37002372741699,
103.84202003479004,
106.46891593933105,
104.77089881896973,
104.89296913146973,
106.91475868225098,
123.74091148376465,
124.37677383422852,
118.804931640625,
119.25768852233887,
119.87090110778809,
119.94099617004395,
125.02503395080566,
121.62613868713379,
117.89107322692871,
121.37079238891602,
111.15694046020508,
112.16115951538086,
110.47983169555664,
110.39495468139648,
106.03022575378418,
120.3608512878418,
117.70391464233398,
130.30600547790527,
134.5219612121582,
111.52791976928711,
112.07389831542969,
127.65693664550781,
116.93096160888672,
124.1919994354248,
132.20691680908203,
112.92195320129395,
112.99419403076172,
113.07787895202637,
112.14780807495117,
117.54608154296875,
127.11119651794434,
118.15690994262695,
117.89417266845703,
111.56582832336426,
105.5748462677002,
105.1490306854248,
106.97579383850098,
106.25624656677246,
104.74228858947754,
104.68482971191406,
107.3598861694336,
104.5382022857666,
106.45508766174316,
106.3079833984375,
112.83087730407715,
114.50386047363281,
113.57688903808594,
109.2519760131836,
116.06287956237793,
112.52284049987793,
109.79819297790527,
116.22095108032227,
109.56597328186035,
108.59274864196777,
105.12614250183105,
107.2080135345459,
107.47909545898438,
105.73005676269531,
108.11090469360352,
114.72392082214355,
111.03677749633789,
108.09612274169922,
107.57017135620117,
108.67595672607422,
107.97119140625,
110.47720909118652,
108.3822250366211,
108.91890525817871,
106.57000541687012,
110.24689674377441,
111.16790771484375,
105.71718215942383,
106.25171661376953,
102.86688804626465,
110.68391799926758,
104.61592674255371,
111.53197288513184,
111.43875122070312,
110.15486717224121,
110.30387878417969,
113.12508583068848,
105.27205467224121,
105.29422760009766,
105.35287857055664,
105.13687133789062,
109.60102081298828,
106.6889762878418,
107.28120803833008,
105.33022880554199,
105.36026954650879,
105.02982139587402,
105.78584671020508,
106.01186752319336,
106.1549186706543,
107.10310935974121,
107.09095001220703,
108.83784294128418,
108.5360050201416,
110.08715629577637,
103.92403602600098,
108.63399505615234,
103.11508178710938,
105.95893859863281,
105.87882995605469,
105.17096519470215,
106.85110092163086,
104.3558120727539,
103.87921333312988,
104.31194305419922,
106.0018539428711,
105.4079532623291,
105.3619384765625,
108.1080436706543,
108.00504684448242,
108.15000534057617,
114.88580703735352,
115.90886116027832,
113.53302001953125,
114.32385444641113,
115.1878833770752,
116.00422859191895,
112.46895790100098,
116.67132377624512,
111.88125610351562,
108.54887962341309,
112.55788803100586,
106.54115676879883,
113.16776275634766,
109.94911193847656,
111.46998405456543,
110.72683334350586,
113.14797401428223,
114.31121826171875,
108.19220542907715,
104.47478294372559,
103.80697250366211,
151.58987045288086,
151.54790878295898,
152.44102478027344,
151.6399383544922,
112.45203018188477,
152.85801887512207,
147.39108085632324,
156.08882904052734,
155.40695190429688,
138.65113258361816,
150.95090866088867,
135.04886627197266,
137.8498077392578,
110.22281646728516,
150.8641242980957,
150.6788730621338,
144.78111267089844,
110.69512367248535,
125.4420280456543,
123.89874458312988,
125.44822692871094,
127.7310848236084,
116.38021469116211,
123.08359146118164,
127.84481048583984,
127.15911865234375,
122.43008613586426,
136.86800003051758,
129.47320938110352,
126.92403793334961,
138.00287246704102,
128.3259391784668,
124.94397163391113,
124.54104423522949,
131.8659782409668,
125.75101852416992,
130.5100917816162,
128.70001792907715,
125.80585479736328,
131.53600692749023,
130.06210327148438,
129.57215309143066,
135.5600357055664,
129.9269199371338,
135.43415069580078,
122.52593040466309,
104.46405410766602,
110.12983322143555,
105.29804229736328,
105.79085350036621,
106.27293586730957,
105.53193092346191,
105.87787628173828,
105.57103157043457,
103.28412055969238,
103.75595092773438,
104.18105125427246,
102.43606567382812,
103.99270057678223,
102.40364074707031,
104.86197471618652,
103.25312614440918,
103.424072265625,
117.52986907958984,
117.89488792419434,
103.91616821289062,
102.21695899963379,
101.84502601623535,
102.65922546386719,
105.26490211486816,
108.19077491760254,
104.65192794799805,
104.0949821472168,
105.48782348632812,
106.43506050109863,
106.3380241394043,
108.12091827392578,
111.59110069274902,
109.06219482421875,
107.21111297607422,
108.87384414672852,
105.44419288635254,
108.21080207824707,
109.16614532470703,
107.99002647399902,
104.06994819641113,
102.60295867919922,
104.03800010681152,
104.27713394165039,
103.41691970825195,
103.26600074768066,
102.26607322692871,
108.27279090881348,
104.38179969787598,
104.40778732299805,
103.8510799407959,
105.02791404724121,
103.83415222167969,
104.25281524658203,
102.96297073364258,
103.73520851135254,
103.78885269165039,
102.70285606384277,
103.75380516052246,
103.82413864135742,
103.45125198364258,
104.7060489654541,
104.12096977233887,
111.76514625549316,
110.99433898925781,
112.08701133728027,
102.99015045166016,
103.55615615844727,
102.2942066192627,
103.05595397949219,
104.1562557220459,
103.26290130615234,
104.25019264221191,
104.78091239929199,
105.23200035095215,
105.05318641662598,
107.8798770904541,
106.54783248901367,
108.11996459960938,
107.00201988220215,
105.23796081542969,
105.64398765563965,
107.29861259460449,
108.5212230682373,
108.60204696655273,
106.08696937561035,
106.08696937561035,
107.8956127166748,
110.79883575439453,
113.4641170501709,
112.92409896850586,
113.56711387634277,
112.17784881591797,
112.66708374023438,
111.7250919342041,
113.12222480773926,
102.41007804870605,
117.28715896606445,
119.0483570098877,
112.0760440826416,
117.47598648071289,
117.90990829467773,
116.75310134887695,
119.05813217163086,
115.89622497558594,
120.92185020446777,
122.65896797180176,
107.940673828125,
120.34726142883301,
121.30165100097656,
110.89277267456055,
121.22488021850586,
115.18478393554688,
119.22931671142578,
104.45809364318848,
104.85982894897461,
103.66702079772949,
104.55703735351562,
105.24415969848633,
105.7138442993164,
112.9159927368164,
109.130859375,
110.70013046264648,
110.42094230651855,
111.99116706848145,
113.04116249084473,
118.01981925964355,
113.34896087646484,
115.71502685546875,
114.57014083862305,
117.04206466674805,
116.93191528320312,
113.35325241088867,
108.2158088684082,
116.47987365722656,
110.70704460144043,
114.98618125915527,
118.23201179504395,
114.29190635681152,
110.34703254699707,
108.49404335021973,
109.08794403076172,
108.8409423828125,
110.01777648925781,
102.37574577331543,
105.51786422729492,
105.58271408081055,
105.7138442993164,
107.4070930480957,
107.59401321411133,
106.97102546691895,
107.20491409301758,
107.38801956176758,
109.1921329498291,
106.51493072509766,
107.02896118164062,
108.40511322021484,
107.82480239868164,
107.1770191192627,
109.02285575866699,
106.5359115600586,
109.32207107543945,
111.8011474609375,
111.32097244262695,
111.91296577453613,
108.69002342224121,
108.3528995513916,
104.20989990234375,
106.48775100708008,
109.42387580871582,
109.1909408569336,
111.52505874633789,
109.30418968200684,
109.33780670166016,
108.79683494567871,
108.88981819152832,
109.14301872253418,
109.78507995605469,
110.84699630737305,
111.41085624694824,
105.3769588470459,
112.21075057983398,
115.9200668334961,
111.82594299316406,
111.39798164367676,
117.66409873962402,
118.65901947021484,
106.17804527282715,
118.0260181427002,
114.47906494140625,
115.10181427001953,
118.61872673034668,
118.31808090209961,
117.37608909606934,
109.77983474731445,
106.07099533081055,
109.13515090942383,
112.6718521118164,
106.90188407897949,
109.43412780761719,
115.0362491607666,
109.1310977935791,
109.06696319580078,
104.29000854492188,
107.29789733886719,
104.21109199523926,
105.08108139038086,
105.75199127197266,
105.68809509277344,
107.91397094726562,
105.66520690917969,
106.05597496032715,
105.68094253540039,
105.05890846252441,
105.34119606018066,
104.3851375579834,
103.52683067321777,
107.7120304107666,
106.67109489440918,
106.52494430541992,
104.65502738952637,
104.47382926940918,
103.67918014526367,
104.58970069885254,
105.19790649414062,
105.76295852661133,
129.82773780822754,
128.4158229827881,
127.89130210876465,
135.96320152282715,
133.05974006652832,
146.6360092163086,
148.40006828308105,
148.03600311279297,
148.91815185546875,
146.43406867980957,
147.04322814941406,
145.91121673583984,
145.49589157104492,
141.14093780517578,
147.93086051940918,
147.7952003479004,
142.67587661743164,
110.05806922912598,
141.2198543548584,
146.5737819671631,
142.23289489746094,
143.93901824951172,
139.81127738952637,
140.43712615966797,
154.04796600341797,
149.16682243347168,
149.7049331665039,
154.03103828430176,
111.04583740234375,
105.4069995880127,
149.92737770080566,
106.17399215698242,
145.0040340423584,
152.05097198486328,
144.61302757263184,
146.14295959472656,
151.88097953796387,
152.24480628967285,
148.01502227783203,
147.9201316833496,
153.51009368896484,
145.45893669128418,
153.00488471984863,
108.3519458770752,
107.9397201538086,
146.60978317260742,
103.53612899780273,
107.98883438110352,
147.3379135131836,
107.94186592102051,
147.0329761505127,
107.94687271118164,
102.4179458618164,
102.98800468444824,
103.45315933227539,
103.7447452545166,
113.40999603271484,
111.72604560852051,
113.90900611877441,
112.41316795349121,
113.92688751220703,
103.85417938232422,
103.16801071166992,
103.03306579589844,
102.65612602233887,
103.26695442199707,
109.83085632324219,
116.93477630615234,
113.01898956298828,
110.31126976013184,
111.56606674194336,
117.51008033752441,
117.80619621276855,
109.0860366821289,
117.3257827758789,
118.59583854675293,
117.07782745361328,
117.25783348083496,
117.82121658325195,
113.6617660522461,
117.25115776062012,
111.96112632751465,
112.2579574584961,
118.52884292602539,
113.69872093200684,
118.64018440246582,
103.18589210510254,
111.70578002929688,
106.00805282592773,
108.25896263122559,
114.32003974914551,
114.32600021362305,
118.40510368347168,
114.2730712890625,
115.11993408203125,
111.49311065673828,
113.97099494934082,
115.55719375610352,
103.72614860534668,
102.16975212097168,
105.75103759765625,
106.47082328796387,
105.66115379333496,
106.09269142150879,
104.14910316467285,
105.18097877502441,
105.65900802612305,
107.04493522644043,
103.90710830688477,
105.29303550720215,
105.99398612976074,
105.03792762756348,
109.87496376037598,
105.99207878112793,
110.33296585083008,
110.45193672180176,
110.5799674987793,
108.73723030090332,
107.98072814941406,
107.98192024230957,
107.43212699890137,
107.36417770385742,
107.76972770690918,
112.09917068481445,
109.48014259338379,
107.62596130371094,
109.40408706665039,
109.79890823364258,
105.0717830657959,
105.54695129394531,
105.5600643157959,
105.71599006652832,
108.20794105529785,
105.76796531677246,
103.24215888977051,
106.38904571533203,
106.52804374694824,
110.05282402038574,
105.69310188293457,
109.02905464172363,
109.04192924499512,
110.79907417297363,
106.96101188659668,
107.0101261138916,
107.07473754882812,
104.55822944641113,
106.43506050109863,
108.22200775146484,
106.51016235351562,
107.81478881835938,
109.84206199645996,
109.75885391235352,
106.26578330993652,
106.88591003417969,
109.31706428527832,
107.8639030456543,
109.17282104492188,
107.7268123626709,
107.77425765991211,
108.99996757507324,
107.03468322753906,
109.43293571472168,
108.59107971191406,
108.48522186279297,
107.28025436401367,
108.57486724853516,
107.49483108520508,
108.65020751953125,
107.61880874633789,
107.7578067779541,
104.95615005493164,
107.05876350402832,
105.33690452575684,
107.94496536254883,
109.93003845214844,
109.77005958557129,
111.63973808288574,
110.9609603881836,
111.58204078674316,
108.2911491394043,
107.87391662597656,
106.84609413146973,
104.74395751953125,
105.71813583374023,
107.47694969177246,
105.59272766113281,
116.78314208984375,
107.34915733337402,
106.89687728881836,
106.5511703491211,
112.04004287719727,
108.07394981384277,
108.61706733703613,
105.39889335632324,
112.54286766052246,
118.49498748779297,
114.59493637084961,
111.99402809143066,
118.54815483093262,
119.18902397155762,
114.55988883972168,
109.82704162597656,
114.93110656738281,
113.76500129699707,
116.59789085388184,
117.19012260437012,
119.14992332458496,
119.00496482849121,
110.36515235900879,
110.86916923522949,
114.9899959564209,
117.00201034545898,
107.31387138366699,
103.5618782043457,
102.88214683532715,
103.41334342956543,
103.87825965881348,
106.30607604980469,
103.75499725341797,
104.45117950439453,
104.96902465820312,
104.51722145080566,
103.61289978027344,
108.92701148986816,
110.93306541442871,
110.7950210571289,
111.58108711242676,
105.18503189086914,
102.47588157653809,
102.37503051757812,
103.03187370300293,
104.60591316223145,
105.0560474395752,
103.23810577392578,
103.2562255859375,
102.92387008666992,
105.3621768951416,
104.17389869689941,
105.85713386535645,
107.84602165222168,
106.8270206451416,
105.08298873901367,
108.64806175231934,
109.0097427368164,
109.31611061096191,
106.95195198059082,
107.80215263366699,
107.29813575744629,
106.73713684082031,
106.52923583984375,
105.9420108795166,
107.41615295410156,
108.86597633361816,
104.22086715698242,
107.34009742736816,
104.39109802246094,
102.8280258178711,
102.97894477844238,
102.61082649230957,
102.98895835876465,
103.2721996307373,
101.31406784057617,
102.90098190307617,
102.83303260803223,
104.70986366271973,
102.67877578735352,
102.70214080810547,
105.88192939758301,
106.25791549682617,
106.36520385742188,
102.73098945617676,
104.46000099182129,
101.91893577575684,
103.32322120666504,
101.03201866149902,
102.45513916015625,
102.48494148254395,
102.83112525939941,
103.0418872833252,
102.62703895568848,
102.97012329101562,
103.70111465454102,
101.26399993896484,
103.48081588745117,
103.0571460723877,
102.24294662475586,
103.14106941223145,
102.0972728729248,
102.32925415039062,
103.10816764831543,
103.08194160461426,
103.46126556396484,
102.87904739379883,
102.41293907165527,
102.78701782226562,
103.44910621643066,
102.78511047363281,
102.95295715332031,
101.64618492126465,
103.32703590393066,
103.05476188659668,
102.87094116210938,
102.44584083557129,
102.74600982666016,
102.15497016906738,
102.92696952819824,
102.38409042358398,
101.92108154296875,
101.55701637268066,
103.29389572143555,
103.5759449005127,
104.79593276977539,
101.99594497680664,
102.93006896972656,
102.59580612182617,
102.56409645080566,
101.38797760009766,
102.06794738769531,
102.10108757019043,
101.99308395385742,
103.87992858886719,
103.01899909973145,
104.08210754394531,
102.55575180053711,
103.09982299804688,
103.42001914978027,
104.19011116027832,
102.45609283447266,
103.8351058959961,
104.2020320892334,
104.02703285217285,
101.52125358581543,
103.68704795837402,
103.14702987670898,
102.5400161743164,
102.87189483642578,
103.66487503051758,
103.24573516845703,
101.93681716918945,
103.92308235168457,
102.45132446289062,
103.94906997680664,
103.46698760986328,
103.59907150268555,
102.57792472839355,
102.21695899963379,
103.61385345458984,
102.72908210754395,
104.23612594604492,
105.06486892700195,
102.99301147460938,
102.5087833404541,
103.20901870727539,
104.1259765625,
103.78599166870117,
103.22380065917969,
102.57792472839355,
102.36477851867676,
102.45704650878906,
102.56099700927734,
102.90718078613281,
102.69808769226074,
103.06882858276367,
104.62188720703125,
103.94287109375,
101.87792778015137,
103.10888290405273,
102.64229774475098,
103.57785224914551,
102.83017158508301,
104.09283638000488,
104.62427139282227,
104.38990592956543,
105.80110549926758,
104.60591316223145,
104.11381721496582,
103.19280624389648,
103.17802429199219,
104.01701927185059,
103.98697853088379,
104.0189266204834,
104.69222068786621,
106.21500015258789,
108.25014114379883,
108.87598991394043,
106.4760684967041,
106.47726058959961,
107.87081718444824,
107.58280754089355,
108.15906524658203,
105.91721534729004,
102.86211967468262,
102.6759147644043,
102.93197631835938,
103.71923446655273,
103.4250259399414,
104.37893867492676,
106.2159538269043,
104.13885116577148,
106.30679130554199,
104.22277450561523,
104.87723350524902,
104.92110252380371,
103.5761833190918,
103.70111465454102,
103.31511497497559,
103.66225242614746,
104.1569709777832,
103.13606262207031,
104.32696342468262,
103.55114936828613,
103.16014289855957,
103.06286811828613,
104.68506813049316,
105.45897483825684,
106.22215270996094,
104.7360897064209,
104.05516624450684,
105.88812828063965,
106.48798942565918,
107.32173919677734,
108.39486122131348,
112.27107048034668,
112.30897903442383,
109.81893539428711,
109.14301872253418,
108.73818397521973,
110.90588569641113,
105.27586936950684,
107.3143482208252,
112.68091201782227,
115.15402793884277,
116.0879135131836,
115.94510078430176,
108.94083976745605,
105.89814186096191,
106.52279853820801,
103.22308540344238,
104.96306419372559,
104.7220230102539,
103.82318496704102,
103.47414016723633,
103.12390327453613,
103.87802124023438,
105.03029823303223,
103.59025001525879,
104.248046875,
103.424072265625,
106.04691505432129,
103.302001953125,
103.5761833190918,
103.65509986877441,
104.51412200927734,
103.83200645446777,
104.11906242370605,
103.8808822631836,
104.2029857635498,
104.2470932006836,
104.72607612609863,
104.58707809448242,
105.38077354431152,
103.1031608581543,
105.79299926757812,
104.10094261169434,
104.16698455810547,
105.44514656066895,
106.02307319641113,
106.58001899719238,
108.1690788269043,
106.98485374450684,
104.28786277770996,
104.39515113830566,
108.3989143371582,
110.28885841369629,
105.44013977050781,
106.04000091552734,
106.05907440185547,
106.19401931762695,
104.98428344726562,
106.07218742370605,
106.14681243896484,
105.90624809265137,
105.91006278991699,
106.39214515686035,
108.41608047485352,
105.11898994445801,
103.2559871673584,
102.96297073364258,
103.40499877929688,
103.35111618041992,
102.74505615234375,
104.3081283569336,
103.10506820678711,
102.66804695129395,
103.72114181518555,
105.20005226135254,
105.78322410583496,
103.31892967224121,
104.68387603759766,
104.03609275817871,
105.0102710723877,
104.04825210571289,
103.17015647888184,
103.20305824279785,
104.10904884338379,
104.16102409362793,
104.56991195678711,
104.33363914489746,
104.92801666259766,
105.33809661865234,
103.91807556152344,
103.85394096374512,
106.52399063110352,
104.51889038085938,
103.0271053314209,
107.15174674987793,
107.05685615539551,
106.95981979370117,
106.46510124206543,
107.25617408752441,
107.70511627197266,
106.81605339050293,
108.28399658203125,
109.07793045043945,
108.52599143981934,
109.62390899658203,
104.52699661254883,
109.00211334228516,
105.55815696716309,
108.86192321777344,
105.65495491027832,
104.54201698303223,
103.27005386352539,
102.81705856323242,
102.89597511291504,
102.38289833068848,
104.02107238769531,
104.53510284423828,
104.65693473815918,
104.42519187927246,
106.86707496643066,
106.88304901123047,
105.67188262939453,
105.84878921508789,
103.99723052978516,
103.98983955383301,
102.3709774017334,
105.27324676513672,
103.52897644042969,
103.50894927978516,
102.74410247802734,
104.20107841491699,
102.34904289245605,
103.67321968078613,
104.4619083404541,
104.99358177185059,
104.34889793395996,
105.22294044494629,
106.07099533081055,
105.30900955200195,
104.87508773803711,
103.87682914733887,
103.7147045135498,
105.89313507080078,
104.36582565307617,
104.8879623413086,
106.13703727722168,
103.69110107421875,
105.2851676940918,
103.90591621398926,
105.44109344482422,
102.68425941467285,
103.7600040435791,
103.76119613647461,
104.69317436218262,
102.09107398986816,
105.1180362701416,
104.00390625,
106.69994354248047,
107.31005668640137,
107.1469783782959,
106.63008689880371,
108.2310676574707,
107.59377479553223,
104.0492057800293,
103.93214225769043,
103.70492935180664,
105.85618019104004,
104.71391677856445,
104.86793518066406,
104.65002059936523,
105.15213012695312,
103.51324081420898,
104.31623458862305,
104.24613952636719,
103.28173637390137,
103.11388969421387,
103.86109352111816,
103.97887229919434,
104.05611991882324,
105.12208938598633,
103.88398170471191,
103.08313369750977,
104.61902618408203,
104.79998588562012,
104.39705848693848,
103.8048267364502,
103.27601432800293,
103.64413261413574,
103.49488258361816,
104.66408729553223,
104.67314720153809,
103.59978675842285,
104.80213165283203,
105.84187507629395,
104.75707054138184,
105.31401634216309,
105.28993606567383,
105.81564903259277,
107.5129508972168,
108.94107818603516,
110.66079139709473,
109.32731628417969,
109.88306999206543,
106.24885559082031,
107.48696327209473,
109.79390144348145,
107.29861259460449,
105.29589653015137,
103.52587699890137,
105.16929626464844,
105.50093650817871,
109.43293571472168,
106.62603378295898,
106.35185241699219,
103.79815101623535,
102.78916358947754,
102.9810905456543,
106.45794868469238,
104.5691967010498,
104.83598709106445,
103.43003273010254,
103.9891242980957,
102.12516784667969,
102.71406173706055,
106.0018539428711,
104.10690307617188,
105.7901382446289,
104.52604293823242,
105.58199882507324,
105.6060791015625,
102.81515121459961,
103.4092903137207,
105.50880432128906,
105.47709465026855,
105.0407886505127,
105.2711009979248,
102.48923301696777,
104.67386245727539,
105.41892051696777,
105.19289970397949,
106.23311996459961,
106.35709762573242,
105.66902160644531,
106.17327690124512,
106.07790946960449,
105.31306266784668,
104.25496101379395,
107.97476768493652,
108.06989669799805,
108.32524299621582,
105.74889183044434,
108.33597183227539,
105.04889488220215,
109.15899276733398,
108.29496383666992,
106.4760684967041,
104.77495193481445,
106.21905326843262,
103.6980152130127,
106.89902305603027,
104.19201850891113,
104.51102256774902,
105.20410537719727,
108.99519920349121,
104.30312156677246,
103.71184349060059,
105.18217086791992,
106.52017593383789,
102.9212474822998,
104.24208641052246,
106.82487487792969,
105.32021522521973,
106.35185241699219,
107.15532302856445,
104.42090034484863,
103.94024848937988,
109.82203483581543,
103.26695442199707,
104.43496704101562,
106.22692108154297,
107.94806480407715,
107.75399208068848,
113.16680908203125,
111.70673370361328,
112.86592483520508,
116.54996871948242,
115.9508228302002,
107.37204551696777,
115.90099334716797,
110.87799072265625,
108.65187644958496,
106.23478889465332,
105.14593124389648,
103.85012626647949,
103.61289978027344,
105.69000244140625,
106.63485527038574,
109.54809188842773,
112.40696907043457,
110.29791831970215,
108.08515548706055,
103.70087623596191,
104.88295555114746,
112.90693283081055,
114.29882049560547,
106.19330406188965,
105.8509349822998,
104.23398017883301,
105.21817207336426,
104.70914840698242,
106.97197914123535,
108.54792594909668,
103.89995574951172,
108.19196701049805,
103.71804237365723,
103.36732864379883,
117.68913269042969,
117.13695526123047,
120.96405029296875,
112.26511001586914,
110.68916320800781,
109.62915420532227,
110.41879653930664,
112.43391036987305,
110.71181297302246,
107.74707794189453,
110.29982566833496,
116.85299873352051,
118.55888366699219,
113.89398574829102,
121.31094932556152,
113.78002166748047,
133.7590217590332,
104.39610481262207,
104.47812080383301,
104.6748161315918,
106.81605339050293,
106.80294036865234,
105.63087463378906,
107.13028907775879,
103.80911827087402,
105.3931713104248,
106.06789588928223,
106.74476623535156,
105.88216781616211,
105.19218444824219,
103.9888858795166,
105.37004470825195,
105.8800220489502,
107.32913017272949,
103.44171524047852,
104.94732856750488,
109.64560508728027,
110.23306846618652,
107.31911659240723,
109.1911792755127,
111.06491088867188,
103.4080982208252,
102.67114639282227,
104.10904884338379,
104.08616065979004,
104.22515869140625,
117.55704879760742,
109.50303077697754,
109.10391807556152,
134.1879367828369,
135.12015342712402,
109.77983474731445,
121.38891220092773,
103.34110260009766,
102.73885726928711,
103.59811782836914,
103.27887535095215,
105.34477233886719,
108.92224311828613,
118.18194389343262,
109.90071296691895,
114.21799659729004,
114.49289321899414,
120.31006813049316,
119.59409713745117,
120.54610252380371,
117.10286140441895,
113.1601333618164,
104.56514358520508,
105.6523323059082,
118.62468719482422,
105.79729080200195,
123.90780448913574,
112.06865310668945,
109.44271087646484,
118.73626708984375,
121.13213539123535,
114.46404457092285,
108.19101333618164,
108.78896713256836,
108.76321792602539,
108.79898071289062,
108.87908935546875,
110.06283760070801,
110.24188995361328,
108.69479179382324,
110.99815368652344,
111.51504516601562,
109.61794853210449,
112.24508285522461,
110.65912246704102,
132.2801113128662,
103.92093658447266,
102.94914245605469,
102.90193557739258,
102.8432846069336,
104.34389114379883,
103.6386489868164,
103.76691818237305,
105.65495491027832,
104.39395904541016,
104.33197021484375,
104.57611083984375,
104.67219352722168,
103.9121150970459,
111.04297637939453,
111.90915107727051,
113.52968215942383,
112.13088035583496,
111.64712905883789,
112.80083656311035,
111.59586906433105,
112.3971939086914,
113.63697052001953,
112.70523071289062,
113.53302001953125,
115.31972885131836,
112.29991912841797,
110.81671714782715,
111.50288581848145,
113.04879188537598,
113.07191848754883,
112.98704147338867,
113.5721206665039,
110.3520393371582,
109.99679565429688,
109.43317413330078,
115.0672435760498,
116.1496639251709,
110.79192161560059,
113.40165138244629,
113.04926872253418,
111.59777641296387,
113.07477951049805,
114.46285247802734,
110.59308052062988,
117.94304847717285,
118.36886405944824,
104.13408279418945,
103.20806503295898,
107.4211597442627,
105.29518127441406,
103.92284393310547,
106.27198219299316,
107.8040599822998,
107.27190971374512,
105.33022880554199,
107.10310935974121,
109.11703109741211,
106.29606246948242,
109.34996604919434,
106.06193542480469,
108.06417465209961,
107.79118537902832,
106.54592514038086,
105.76510429382324,
105.67021369934082,
108.14929008483887,
109.51781272888184,
106.14395141601562,
115.50211906433105,
107.5739860534668,
107.45072364807129,
107.94377326965332,
115.40699005126953,
116.55402183532715,
111.77301406860352,
111.9229793548584,
105.37028312683105,
104.94589805603027,
108.9639663696289,
107.37800598144531,
110.00585556030273,
107.6500415802002,
106.80294036865234,
106.54187202453613,
107.68508911132812,
111.16528511047363,
107.58829116821289,
108.38174819946289,
107.51008987426758,
108.66093635559082,
109.0548038482666,
107.60188102722168,
108.7791919708252,
106.76217079162598,
105.35883903503418,
104.79521751403809,
107.48124122619629,
111.67716979980469,
107.6509952545166,
111.1910343170166,
106.50897026062012,
104.82501983642578,
104.42709922790527,
103.61099243164062,
105.64112663269043,
103.44791412353516,
106.36281967163086,
106.1861515045166,
106.58907890319824,
108.1850528717041,
105.56507110595703,
104.89320755004883,
104.17509078979492,
109.67278480529785,
109.77911949157715,
110.36205291748047,
110.04281044006348,
109.73405838012695,
110.20612716674805,
109.90095138549805,
107.46407508850098,
127.64787673950195,
148.2410430908203,
154.44397926330566,
161.48805618286133,
124.2380142211914,
164.31808471679688,
124.38392639160156,
167.48499870300293,
164.07394409179688,
120.34106254577637,
135.8637809753418,
138.63205909729004,
120.41187286376953,
163.28024864196777,
130.21302223205566,
125.11014938354492,
162.16182708740234,
164.65997695922852,
168.37406158447266,
135.4990005493164,
168.32280158996582,
162.24408149719238,
121.22011184692383,
162.66298294067383,
121.04916572570801,
160.0797176361084,
161.7119312286377,
122.66016006469727,
129.45270538330078,
164.70813751220703,
126.41119956970215,
116.01066589355469,
161.8638038635254,
107.99908638000488,
113.79313468933105,
116.03188514709473,
117.53988265991211,
114.57681655883789,
103.11412811279297,
146.76809310913086,
147.92394638061523,
146.12603187561035,
121.50406837463379,
149.14894104003906,
150.407075881958,
148.726224899292,
138.167142868042,
106.6279411315918,
101.3650894165039,
104.4301986694336,
108.2620620727539,
103.69682312011719,
104.48622703552246,
104.48980331420898,
104.27999496459961,
102.63824462890625,
105.06200790405273,
104.48908805847168,
103.69706153869629,
103.15895080566406,
102.90813446044922,
103.63411903381348,
102.85210609436035,
104.16197776794434,
104.14266586303711,
104.74586486816406,
103.1959056854248,
101.95279121398926,
102.20599174499512,
103.36589813232422,
103.96599769592285,
103.28793525695801,
103.2419204711914,
102.91194915771484,
102.90408134460449,
103.48105430603027,
103.89828681945801,
103.68728637695312,
104.9642562866211,
103.46603393554688,
102.6449203491211,
103.51085662841797,
103.80172729492188,
104.53605651855469,
103.08098793029785,
103.30486297607422,
103.4700870513916,
103.76095771789551,
103.53779792785645,
102.42199897766113,
103.50322723388672,
102.59318351745605,
104.27713394165039,
105.6220531463623,
102.64873504638672,
103.92999649047852,
103.9128303527832,
104.51102256774902,
104.02989387512207,
103.46293449401855,
103.83105278015137,
104.84504699707031,
104.57396507263184,
103.72185707092285,
104.54130172729492,
104.5219898223877,
105.68690299987793,
106.43219947814941,
106.35709762573242,
106.26888275146484,
105.41796684265137,
106.1859130859375,
105.69524765014648,
106.43410682678223,
105.92079162597656,
107.02896118164062,
107.49292373657227,
105.90171813964844,
105.63993453979492,
105.60297966003418,
105.92985153198242,
106.55093193054199,
107.11121559143066,
107.19704627990723,
106.67181015014648,
105.05890846252441,
103.42097282409668,
105.03816604614258,
103.25789451599121,
104.0499210357666,
103.28912734985352,
103.14488410949707,
103.68084907531738,
102.85377502441406,
104.6609878540039,
105.19695281982422,
104.95734214782715,
105.48520088195801,
104.03299331665039,
104.40683364868164,
103.77073287963867,
106.08291625976562,
104.46405410766602,
104.7523021697998,
107.98788070678711,
107.30099678039551,
108.26897621154785,
108.14213752746582,
111.74511909484863,
111.94086074829102,
109.15207862854004,
107.66196250915527,
110.62002182006836,
111.33384704589844,
108.95705223083496,
111.44900321960449,
106.62698745727539,
112.17379570007324,
106.20975494384766,
110.29291152954102,
108.05296897888184,
108.08396339416504,
111.21201515197754,
109.25698280334473,
108.19411277770996,
109.47203636169434,
113.9669418334961,
110.91089248657227,
108.25896263122559,
108.76893997192383,
108.52313041687012,
106.96196556091309,
104.19106483459473,
103.96122932434082,
103.92093658447266,
102.74314880371094,
103.06310653686523,
105.16619682312012,
102.18167304992676,
102.93793678283691,
101.98807716369629,
102.52213478088379,
102.58793830871582,
104.28810119628906,
104.43997383117676,
105.0558090209961,
105.61728477478027,
106.45508766174316,
106.3079833984375,
104.97808456420898,
102.02503204345703,
101.93991661071777,
104.38990592956543,
109.09485816955566,
109.67087745666504,
106.28390312194824,
105.73315620422363,
106.21190071105957,
106.69064521789551,
107.77592658996582,
107.70416259765625,
105.4079532623291,
104.28500175476074,
106.39095306396484,
106.02188110351562,
105.18717765808105,
106.6749095916748,
106.18185997009277,
108.01267623901367,
105.92889785766602,
104.13885116577148,
105.52620887756348,
105.94987869262695,
105.34977912902832,
105.12495040893555,
105.53312301635742,
104.91514205932617,
104.05707359313965,
106.0481071472168,
105.9730052947998,
104.92634773254395,
102.56004333496094,
102.65707969665527,
103.1339168548584,
101.96495056152344,
107.0702075958252,
106.65392875671387,
105.23509979248047,
102.73194313049316,
104.90703582763672,
104.37798500061035,
105.63182830810547,
104.34794425964355,
102.92983055114746,
104.93183135986328,
104.37679290771484,
105.01503944396973,
103.66606712341309,
103.53684425354004,
103.2562255859375,
104.87198829650879,
106.11915588378906,
106.50897026062012,
105.65400123596191,
105.1790714263916,
105.89814186096191,
107.55491256713867,
107.44595527648926,
107.11908340454102,
107.59496688842773,
108.08610916137695,
108.67881774902344,
109.62677001953125,
109.68804359436035,
108.22081565856934,
108.69193077087402,
106.39619827270508,
106.40168190002441,
105.50093650817871,
106.29987716674805,
106.60481452941895,
109.30204391479492,
108.61802101135254,
112.7779483795166,
110.96072196960449,
110.66102981567383,
107.16795921325684,
107.18679428100586,
110.94474792480469,
104.13098335266113,
104.51292991638184,
102.67019271850586,
102.5998592376709,
103.36685180664062,
103.44409942626953,
105.2389144897461,
103.99794578552246,
104.22301292419434,
104.8121452331543,
103.33681106567383,
104.42399978637695,
105.35192489624023,
103.98316383361816,
102.58793830871582,
103.83486747741699,
105.78203201293945,
105.62586784362793,
105.07011413574219,
103.73592376708984,
103.0268669128418,
108.62898826599121,
108.31594467163086,
112.82610893249512,
115.17119407653809,
110.57710647583008,
110.06379127502441,
110.64672470092773,
116.66011810302734,
108.83808135986328,
111.84525489807129,
110.76593399047852,
112.04195022583008,
111.56916618347168,
112.0760440826416,
112.58721351623535,
109.86185073852539,
105.26204109191895,
106.37903213500977,
112.07699775695801,
113.58284950256348,
114.07780647277832,
113.55018615722656,
112.32590675354004,
112.11705207824707,
114.51911926269531,
111.22298240661621,
108.77609252929688,
116.30082130432129,
103.90472412109375,
104.99835014343262,
103.57522964477539,
103.20591926574707,
103.19733619689941,
103.46603393554688,
106.4300537109375,
104.72798347473145,
102.69999504089355,
105.26108741760254,
103.46388816833496,
104.62498664855957,
106.30393028259277,
110.77380180358887,
106.52303695678711,
104.78067398071289,
105.5307388305664,
107.74970054626465,
112.35308647155762,
104.96783256530762,
102.5848388671875,
103.95503044128418,
104.34818267822266,
107.84482955932617,
107.0249080657959,
107.00297355651855,
106.96911811828613,
107.98931121826172,
108.44993591308594,
108.17313194274902,
106.48488998413086,
106.49991035461426,
106.91285133361816,
106.6901683807373,
106.18209838867188,
105.0119400024414,
106.10508918762207,
108.60323905944824,
110.01420021057129,
110.67700386047363,
111.25802993774414,
108.92176628112793,
111.13595962524414,
109.05885696411133,
111.26399040222168,
111.22369766235352,
107.7578067779541,
111.49811744689941,
110.9929084777832,
112.36906051635742,
111.73391342163086,
111.21511459350586,
101.3641357421875,
102.6308536529541,
101.81784629821777,
103.70326042175293,
102.0820140838623,
102.71906852722168,
107.20205307006836,
108.52503776550293,
103.76882553100586,
103.65486145019531,
104.68411445617676,
105.17621040344238,
104.26068305969238,
103.84988784790039,
104.09998893737793,
105.32093048095703,
106.37092590332031,
102.81538963317871,
102.2491455078125,
105.00407218933105,
107.11193084716797,
106.81009292602539,
105.5307388305664,
104.65002059936523,
107.03682899475098,
106.21166229248047,
105.0119400024414,
104.14266586303711,
105.7898998260498,
105.50904273986816,
107.3007583618164,
108.9780330657959,
110.05187034606934,
108.25490951538086,
108.69383811950684,
110.03684997558594,
105.61800003051758,
104.66194152832031,
111.45806312561035,
107.47098922729492,
106.12726211547852,
104.32195663452148,
104.2940616607666,
105.02219200134277,
105.05223274230957,
106.59122467041016,
105.54695129394531,
103.36112976074219,
103.28483581542969,
102.54597663879395,
104.71892356872559,
102.25987434387207,
105.79419136047363,
106.66394233703613,
102.15497016906738,
102.27775573730469,
103.71780395507812,
104.55179214477539,
102.5390625,
104.91418838500977,
103.90782356262207,
104.89702224731445,
104.8729419708252,
105.44300079345703,
103.82890701293945,
105.18789291381836,
105.94630241394043,
106.10008239746094,
105.40413856506348,
104.16889190673828,
105.89408874511719,
105.85308074951172,
107.63406753540039,
107.41496086120605,
107.8190803527832,
108.95180702209473,
104.7508716583252,
103.53684425354004,
105.00121116638184,
104.04825210571289,
104.4762134552002,
104.90107536315918,
108.26992988586426,
103.26790809631348,
106.87994956970215,
107.00082778930664,
104.38132286071777,
106.63485527038574,
107.06591606140137,
106.45413398742676,
106.50801658630371,
105.25226593017578,
104.97713088989258,
106.29582405090332,
107.54013061523438,
106.64701461791992,
102.45108604431152,
105.32689094543457,
102.82516479492188,
104.1421890258789,
108.1697940826416,
106.98914527893066,
108.07180404663086,
107.24496841430664,
113.3582592010498,
112.09893226623535,
113.6331558227539,
116.45221710205078,
113.85202407836914,
106.38809204101562,
105.17597198486328,
106.30488395690918,
106.1699390411377,
104.64000701904297,
103.93881797790527,
102.7681827545166,
105.98611831665039,
108.07013511657715,
109.75503921508789,
106.69374465942383,
105.88693618774414,
112.2589111328125,
112.52975463867188,
113.51180076599121,
115.24605751037598,
107.0871353149414,
107.0551872253418,
109.09700393676758,
117.98095703125,
117.82193183898926,
115.34380912780762,
108.19888114929199,
109.92693901062012,
109.76886749267578,
114.23206329345703,
111.6170883178711,
113.65103721618652,
117.8739070892334,
106.7960262298584,
106.11081123352051,
106.2936782836914,
107.98001289367676,
106.61888122558594,
107.06305503845215,
106.83512687683105,
109.3912124633789,
105.44490814208984,
109.26079750061035,
106.9481372833252,
107.57780075073242,
107.0399284362793,
110.47506332397461,
106.74691200256348,
109.16996002197266,
105.60989379882812,
105.50117492675781,
105.14211654663086,
105.91483116149902,
103.43813896179199,
105.3171157836914,
105.10110855102539,
115.48709869384766,
116.51182174682617,
113.88492584228516,
117.34867095947266,
121.02603912353516,
105.94701766967773,
112.45489120483398,
115.74625968933105,
118.34716796875,
115.59009552001953,
114.5930290222168,
118.1647777557373,
112.38408088684082,
118.89815330505371,
117.13194847106934,
126.06310844421387,
115.70620536804199,
115.08417129516602,
113.43693733215332,
112.52808570861816,
113.13581466674805,
115.7679557800293,
103.06835174560547,
109.90118980407715,
103.98268699645996,
104.65717315673828,
104.4926643371582,
109.43078994750977,
111.51695251464844,
112.7023696899414,
106.69374465942383,
108.70099067687988,
110.29815673828125,
107.50269889831543,
112.93196678161621,
109.15589332580566,
108.49618911743164,
121.02770805358887,
117.05183982849121,
131.41202926635742,
123.77405166625977,
108.21890830993652,
106.64486885070801,
110.39900779724121,
111.18197441101074,
117.01297760009766,
111.53101921081543,
117.2029972076416,
111.53006553649902,
111.93513870239258,
111.82284355163574,
111.07993125915527,
112.07795143127441,
133.52394104003906,
111.02795600891113,
113.01684379577637,
112.48898506164551,
115.22221565246582,
115.11111259460449,
129.21810150146484,
130.09881973266602,
128.62586975097656,
126.12318992614746,
127.7151107788086,
127.33578681945801,
130.79285621643066,
101.70912742614746,
105.11493682861328,
108.0930233001709,
105.89790344238281,
113.86513710021973,
101.51910781860352,
101.78732872009277,
102.34999656677246,
104.72798347473145,
103.71208190917969,
102.32090950012207,
104.35318946838379,
104.11405563354492,
103.34086418151855,
103.5451889038086,
104.12788391113281,
103.99723052978516,
103.240966796875,
111.10305786132812,
103.35016250610352,
103.99985313415527,
104.50005531311035,
105.22222518920898,
104.62403297424316,
109.67302322387695,
108.09874534606934,
104.43401336669922,
110.17870903015137,
106.93907737731934,
110.85796356201172,
110.24832725524902,
108.8109016418457,
109.50803756713867,
105.29303550720215,
104.88295555114746,
106.46915435791016,
104.28595542907715,
106.63294792175293,
103.06286811828613,
105.16977310180664,
103.0569076538086,
102.90193557739258,
104.92300987243652,
103.01709175109863,
104.7060489654541,
102.9820442199707,
105.66878318786621,
103.83987426757812,
103.86300086975098,
103.16014289855957,
105.9410572052002,
103.39093208312988,
103.35493087768555,
105.06486892700195,
103.26194763183594,
103.65962982177734,
102.73098945617676,
102.75721549987793,
102.86068916320801,
102.65994071960449,
108.25705528259277,
105.44896125793457,
109.78913307189941,
105.1180362701416,
106.78791999816895,
103.27386856079102,
103.09505462646484,
103.57666015625,
103.73878479003906,
105.56387901306152,
104.4926643371582,
109.50708389282227,
108.71601104736328,
105.10516166687012,
109.50398445129395,
108.5047721862793,
106.40192031860352,
109.16709899902344,
111.1149787902832,
105.27682304382324,
105.71026802062988,
105.56983947753906,
106.66799545288086,
103.04689407348633,
107.60307312011719,
106.0640811920166,
104.5830249786377,
103.21307182312012,
103.58405113220215,
106.26816749572754,
102.30612754821777,
103.49607467651367,
103.39713096618652,
103.18112373352051,
103.01899909973145,
103.424072265625,
103.42717170715332,
104.03871536254883,
104.09116744995117,
105.30209541320801,
104.2478084564209,
102.75411605834961,
106.71496391296387,
101.99117660522461,
104.22921180725098,
103.07192802429199,
104.97212409973145,
102.97703742980957,
107.14483261108398,
108.4299087524414,
104.81095314025879,
102.935791015625,
103.33490371704102,
103.33585739135742,
103.46293449401855,
102.22411155700684,
105.41105270385742,
105.97705841064453,
107.86581039428711,
108.4139347076416,
106.89401626586914,
107.89203643798828,
105.15308380126953,
106.92691802978516,
107.73801803588867,
106.11915588378906,
103.09886932373047,
106.0328483581543,
104.10404205322266,
105.48973083496094,
105.99184036254883,
108.33883285522461,
108.81805419921875,
109.39311981201172,
107.72991180419922,
109.33089256286621,
103.25193405151367,
104.78377342224121,
103.93214225769043,
103.77693176269531,
103.82795333862305,
104.60376739501953,
103.70898246765137,
105.41105270385742,
105.0570011138916,
104.80189323425293,
102.53691673278809,
105.9420108795166,
106.68420791625977,
108.58798027038574,
109.59601402282715,
110.47577857971191,
107.57708549499512,
109.71808433532715,
103.057861328125,
102.86617279052734,
102.84113883972168,
103.03401947021484,
103.28793525695801,
104.04610633850098,
103.55710983276367,
103.8980484008789,
107.87701606750488,
106.20403289794922,
108.27875137329102,
104.68316078186035,
103.0421257019043,
106.90188407897949,
107.76591300964355,
104.49600219726562,
118.50905418395996,
120.06688117980957,
121.91295623779297,
122.25985527038574,
120.18299102783203,
118.2560920715332,
117.35200881958008,
112.05291748046875,
110.49079895019531,
111.63806915283203,
112.77604103088379,
110.08000373840332,
110.71014404296875,
106.77814483642578,
104.44211959838867,
111.76609992980957,
108.7188720703125,
103.28102111816406,
104.50220108032227,
105.53908348083496,
105.0713062286377,
104.3558120727539,
115.76485633850098,
120.23115158081055,
124.65810775756836,
107.24687576293945,
109.76719856262207,
110.01968383789062,
124.8781681060791,
118.31402778625488,
109.99608039855957,
103.88302803039551,
104.1860580444336,
116.71566963195801,
110.90087890625,
113.0068302154541,
130.39803504943848,
130.96904754638672,
129.66299057006836,
123.03304672241211,
115.24796485900879,
136.40117645263672,
117.12789535522461,
107.8639030456543,
107.63406753540039,
103.9581298828125,
105.75103759765625,
112.54191398620605,
113.04497718811035,
109.9081039428711,
108.58297348022461,
106.92286491394043,
111.38391494750977,
114.76993560791016,
108.7028980255127,
109.89093780517578,
109.91787910461426,
115.41581153869629,
114.85624313354492,
115.75198173522949,
115.16284942626953,
126.99079513549805,
125.9462833404541,
127.48003005981445,
126.2669563293457,
125.60105323791504,
128.74102592468262,
136.86084747314453,
110.4898452758789,
131.30688667297363,
116.71805381774902,
140.228271484375,
106.30297660827637,
104.92706298828125,
118.98493766784668,
117.19703674316406,
104.98976707458496,
105.43513298034668,
109.06410217285156,
109.67493057250977,
123.59809875488281,
106.06217384338379,
109.33303833007812,
110.22114753723145,
102.92887687683105,
105.23700714111328,
103.05595397949219,
103.72400283813477,
106.19187355041504,
106.61697387695312,
105.57889938354492,
107.06210136413574,
103.46603393554688,
104.0489673614502,
105.19194602966309,
103.78193855285645,
104.71391677856445,
104.49790954589844,
106.23574256896973,
114.83621597290039,
113.88516426086426,
110.92591285705566,
117.65193939208984,
117.05589294433594,
108.12592506408691,
118.01481246948242,
112.49113082885742,
111.19508743286133,
109.66086387634277,
102.93912887573242,
103.80983352661133,
103.61981391906738,
105.37910461425781,
107.5289249420166,
107.1481704711914,
102.80609130859375,
103.30891609191895,
104.67672348022461,
105.78298568725586,
104.67314720153809,
105.97085952758789,
104.46000099182129,
103.5621166229248,
103.41405868530273,
102.79297828674316,
103.53469848632812,
105.64184188842773,
104.32982444763184,
106.43410682678223,
104.28595542907715,
102.56481170654297,
102.18071937561035,
104.05397415161133,
104.93993759155273,
103.96409034729004,
106.73117637634277,
105.3619384765625,
104.88486289978027,
104.81500625610352,
102.50115394592285,
104.3710708618164,
104.25806045532227,
102.90718078613281,
106.51683807373047,
107.67173767089844,
107.7120304107666,
105.85927963256836,
103.52015495300293,
103.31916809082031,
103.10912132263184,
106.05406761169434,
105.89385032653809,
104.62689399719238,
107.52367973327637,
106.05311393737793,
106.35495185852051,
107.43284225463867,
108.41107368469238,
103.14512252807617,
104.26092147827148,
104.22801971435547,
106.16302490234375,
103.23691368103027,
103.20210456848145,
105.79395294189453,
106.86302185058594,
104.37202453613281,
106.33111000061035,
102.88429260253906,
104.64215278625488,
102.24699974060059,
103.55186462402344,
104.49004173278809,
104.62808609008789,
105.2861213684082,
106.0032844543457,
104.61115837097168,
102.77390480041504,
102.5238037109375,
102.48923301696777,
102.88095474243164,
103.49702835083008,
102.4472713470459,
103.18398475646973,
102.92506217956543,
104.48694229125977,
106.1561107635498,
108.65092277526855,
106.70113563537598,
106.68396949768066,
102.15926170349121,
109.67898368835449,
102.94294357299805,
104.47502136230469,
103.66511344909668,
104.3710708618164,
102.69689559936523,
105.01623153686523,
104.79593276977539,
105.09705543518066,
104.29620742797852,
107.18703269958496,
103.71518135070801,
102.93793678283691,
104.97784614562988,
104.94375228881836,
105.75699806213379,
103.67178916931152,
105.50308227539062,
106.24909400939941,
103.57880592346191,
104.17032241821289,
104.69722747802734,
105.30376434326172,
103.21474075317383,
103.32608222961426,
101.56512260437012,
103.60407829284668,
103.01089286804199,
101.83310508728027,
103.70683670043945,
104.60996627807617,
102.55885124206543,
102.27704048156738,
103.51991653442383,
106.18281364440918,
102.69594192504883,
103.49392890930176,
102.47492790222168,
103.42884063720703,
101.74989700317383,
103.97911071777344,
104.23398017883301,
103.49798202514648,
104.20703887939453,
104.00986671447754,
103.40094566345215,
105.65590858459473,
105.35907745361328,
108.57987403869629,
108.09898376464844,
108.5820198059082,
104.70700263977051,
105.8199405670166,
104.51006889343262,
102.94485092163086,
103.41525077819824,
103.21211814880371,
106.30130767822266,
104.20918464660645,
106.4140796661377,
109.4808578491211,
109.35807228088379,
109.2519760131836,
109.11893844604492,
109.04788970947266,
105.69000244140625,
107.82217979431152,
106.19783401489258,
103.20782661437988,
107.12099075317383,
105.73506355285645,
104.61091995239258,
103.99293899536133,
105.71908950805664,
103.59692573547363,
103.4400463104248,
102.74410247802734,
102.67972946166992,
105.05390167236328,
107.21302032470703,
103.09720039367676,
103.12128067016602,
103.20115089416504,
103.86490821838379,
104.80284690856934,
102.80513763427734,
103.2111644744873,
103.47294807434082,
105.01408576965332,
103.43503952026367,
103.17611694335938,
104.10499572753906,
103.60908508300781,
103.09386253356934,
105.9868335723877,
105.04007339477539,
106.41694068908691,
104.59017753601074,
104.30407524108887,
105.03101348876953,
102.17523574829102,
105.41367530822754,
105.17120361328125,
105.08894920349121,
105.54170608520508,
107.86104202270508,
107.01298713684082,
105.47208786010742,
107.69534111022949,
107.6197624206543,
106.4598560333252,
107.80692100524902,
102.7381420135498,
106.49800300598145,
107.3148250579834,
103.99198532104492,
106.59003257751465,
105.7898998260498,
106.8882942199707,
108.23583602905273,
107.95378684997559,
104.80165481567383,
105.31497001647949,
105.77607154846191,
104.68101501464844,
102.97393798828125,
102.49590873718262,
103.29985618591309,
102.15234756469727,
104.08616065979004,
106.21523857116699,
104.46500778198242,
103.59430313110352,
102.24294662475586,
102.6918888092041,
102.49519348144531,
102.2336483001709,
102.80799865722656,
102.44178771972656,
102.8752326965332,
102.27203369140625,
107.12695121765137,
103.42812538146973,
107.45811462402344,
102.82135009765625,
103.52468490600586,
104.34293746948242,
107.42497444152832,
104.51793670654297,
102.7379035949707,
104.8879623413086,
102.79989242553711,
102.85687446594238,
103.48200798034668,
103.41310501098633,
103.99794578552246,
103.97791862487793,
106.8868637084961,
106.18185997009277,
105.29923439025879,
105.34310340881348,
105.78012466430664,
105.74793815612793,
107.66720771789551,
107.59496688842773,
106.32514953613281,
105.20482063293457,
103.86896133422852,
105.57293891906738,
103.55997085571289,
104.78615760803223,
104.92992401123047,
102.72216796875,
103.87682914733887,
103.25503349304199,
104.07781600952148,
103.10983657836914,
104.07876968383789,
103.25002670288086,
105.87120056152344,
106.00590705871582,
102.11372375488281,
103.20377349853516,
103.56616973876953,
102.38099098205566,
103.35516929626465,
102.90408134460449,
102.12588310241699,
105.37171363830566,
104.24494743347168,
102.87833213806152,
103.3639907836914,
103.74784469604492,
104.81476783752441,
103.02877426147461,
104.61997985839844,
103.80792617797852,
104.57181930541992,
104.94828224182129,
102.20479965209961,
103.62386703491211,
106.40716552734375,
106.34708404541016,
103.81484031677246,
103.07097434997559,
106.14180564880371,
103.60193252563477,
106.22215270996094,
105.3462028503418,
106.83107376098633,
106.85300827026367,
107.43904113769531,
106.72426223754883,
104.9799919128418,
104.57301139831543,
106.43386840820312,
103.91092300415039,
105.13877868652344,
104.77805137634277,
102.33116149902344,
103.240966796875,
102.74815559387207,
102.26607322692871,
101.78804397583008,
103.32703590393066,
101.83405876159668,
106.4760684967041,
104.15482521057129,
104.84790802001953,
105.93700408935547,
104.5839786529541,
103.04999351501465,
102.29730606079102,
103.87396812438965,
104.00795936584473,
102.91886329650879,
103.0111312866211,
103.99580001831055,
103.3029556274414,
103.42812538146973,
104.24661636352539,
103.26910018920898,
105.12495040893555,
102.80394554138184,
104.248046875,
103.82580757141113,
103.3179759979248,
104.26688194274902,
105.00073432922363,
105.6828498840332,
103.607177734375,
104.81500625610352,
104.47216033935547,
104.46691513061523,
106.72187805175781,
108.67619514465332,
105.22794723510742,
106.21213912963867,
103.92498970031738,
107.0711612701416,
104.95328903198242,
104.23398017883301,
102.73122787475586,
105.06081581115723,
104.95114326477051,
103.9130687713623,
104.30908203125,
104.5842170715332,
103.58929634094238,
104.77805137634277,
102.01120376586914,
104.40397262573242,
103.5468578338623,
102.6468276977539,
102.1580696105957,
105.39412498474121,
105.33809661865234,
102.62680053710938,
105.00788688659668,
102.05292701721191,
103.36613655090332,
102.3859977722168,
101.89414024353027,
104.51889038085938,
104.32004928588867,
106.48703575134277,
105.47685623168945,
106.05812072753906,
104.06875610351562,
101.2563705444336,
103.71518135070801,
104.27713394165039,
103.99103164672852,
103.12414169311523,
104.08711433410645,
105.16881942749023,
106.58669471740723,
105.52716255187988,
108.56914520263672,
108.31999778747559,
105.55315017700195,
106.50897026062012,
107.96499252319336,
106.1711311340332,
107.43093490600586,
108.03008079528809,
109.67612266540527,
109.6189022064209,
103.4541130065918,
104.21109199523926,
105.32498359680176,
105.75580596923828,
104.7050952911377,
105.93795776367188,
104.02464866638184,
104.08902168273926,
103.5308837890625,
103.43503952026367,
101.92704200744629,
102.70190238952637,
104.10428047180176,
104.89583015441895,
103.12008857727051,
104.40611839294434,
103.8508415222168,
105.12995719909668,
103.13105583190918,
102.50234603881836,
103.86490821838379,
103.24597358703613,
103.17277908325195,
102.28991508483887,
101.95112228393555,
103.14202308654785,
103.10697555541992,
103.81603240966797,
103.85799407958984,
103.41024398803711,
104.48384284973145,
104.68506813049316,
103.55615615844727,
105.0570011138916,
103.43599319458008,
106.80484771728516,
105.87406158447266,
104.77805137634277,
106.34803771972656,
105.86309432983398,
106.30488395690918,
105.2858829498291,
106.43672943115234,
107.74397850036621,
103.49702835083008,
102.94795036315918,
104.85982894897461,
106.63604736328125,
105.19194602966309,
102.9198169708252,
105.4389476776123,
104.11477088928223,
102.45084762573242,
102.86593437194824,
103.03688049316406,
102.96297073364258,
106.35995864868164,
106.6889762878418,
104.55179214477539,
102.81610488891602,
102.30779647827148,
103.06787490844727,
103.59811782836914,
101.4091968536377,
102.63800621032715,
101.42683982849121,
101.86386108398438,
102.25296020507812,
103.51181030273438,
103.3780574798584,
102.26202011108398,
102.2636890411377,
102.26726531982422,
104.2470932006836,
102.14114189147949,
101.6240119934082,
102.19287872314453,
101.98307037353516,
104.08806800842285,
102.52189636230469,
104.97832298278809,
105.06296157836914,
106.23908042907715,
102.28514671325684,
105.93795776367188,
108.56318473815918,
105.1170825958252,
105.48830032348633,
105.90195655822754,
102.40387916564941,
104.2029857635498,
105.25894165039062,
104.29191589355469,
103.17420959472656,
104.68816757202148,
104.83407974243164,
102.9810905456543,
103.36828231811523,
102.23221778869629,
104.24494743347168,
103.07979583740234,
104.90822792053223,
102.874755859375,
103.32703590393066,
103.40690612792969,
102.33283042907715,
101.82404518127441,
105.6818962097168,
106.01997375488281,
102.82111167907715,
101.99594497680664,
103.77001762390137,
102.36787796020508,
102.48303413391113,
102.81777381896973,
103.17635536193848,
104.49004173278809,
103.72400283813477,
101.52411460876465,
102.75888442993164,
102.50496864318848,
103.41095924377441,
106.95910453796387,
102.44083404541016,
102.83613204956055,
106.8410873413086,
104.86721992492676,
103.62505912780762,
103.2109260559082,
104.92086410522461,
108.38198661804199,
108.16097259521484,
103.09600830078125,
104.88390922546387,
108.11805725097656,
106.67705535888672,
108.85214805603027,
103.43790054321289,
102.65898704528809,
104.94017601013184,
105.15666007995605,
103.54995727539062,
104.37393188476562,
103.37209701538086,
105.5459976196289,
104.29906845092773,
107.79190063476562,
104.74300384521484,
104.42805290222168,
103.02400588989258,
102.29802131652832,
103.58285903930664,
103.56020927429199,
101.50504112243652,
101.84693336486816,
103.56402397155762,
102.90908813476562,
104.40826416015625,
102.07581520080566,
103.23095321655273,
103.03020477294922,
102.4472713470459,
101.81617736816406,
102.09107398986816,
103.9879322052002,
102.05602645874023,
101.33600234985352,
101.62186622619629,
103.10029983520508,
101.80473327636719,
103.84702682495117,
102.80895233154297,
101.60398483276367,
102.44989395141602,
103.8060188293457,
103.35803031921387,
103.87992858886719,
101.95088386535645,
102.22005844116211,
104.09283638000488,
103.12175750732422,
104.50577735900879,
105.35001754760742,
105.0407886505127,
103.65509986877441,
103.90615463256836,
102.4320125579834,
101.76396369934082,
102.92696952819824,
103.83200645446777,
103.76811027526855,
104.59733009338379,
104.43687438964844,
103.83987426757812,
102.00786590576172,
102.26082801818848,
105.87406158447266,
102.96082496643066,
103.18207740783691,
102.6451587677002,
102.10084915161133,
103.02495956420898,
103.28006744384766,
102.43701934814453,
102.28705406188965,
102.65707969665527,
102.77915000915527,
102.32400894165039,
104.19297218322754,
101.03917121887207,
102.94008255004883,
106.20498657226562,
105.52787780761719,
101.59182548522949,
102.4160385131836,
102.6458740234375,
102.63681411743164,
103.28912734985352,
106.75263404846191,
105.6680679321289,
104.65002059936523,
102.77700424194336,
102.17499732971191,
104.50625419616699,
104.81595993041992,
102.74410247802734,
104.19201850891113,
104.50315475463867,
103.03807258605957,
104.89010810852051,
103.4080982208252,
103.04784774780273,
104.47216033935547,
102.74624824523926,
104.85696792602539,
104.30598258972168,
105.12685775756836,
103.22928428649902,
104.78806495666504,
103.30772399902344,
102.64801979064941,
101.74107551574707,
103.7149429321289,
102.20074653625488,
103.45911979675293,
106.58812522888184,
103.23810577392578,
102.46825218200684,
102.21314430236816,
101.70507431030273,
102.00715065002441,
102.34689712524414,
103.31487655639648,
102.70309448242188,
102.11920738220215,
102.54788398742676,
102.98919677734375,
102.22697257995605,
103.35779190063477,
103.28006744384766,
104.40492630004883,
103.48224639892578,
103.01685333251953,
103.47604751586914,
101.63283348083496,
102.37598419189453,
103.79195213317871,
101.78709030151367,
102.3550033569336,
103.38211059570312,
102.09012031555176,
103.3177375793457,
103.03878784179688,
106.11820220947266,
106.97603225708008,
106.43506050109863,
106.46390914916992,
104.19201850891113,
105.24535179138184,
104.84504699707031,
105.90982437133789,
101.61709785461426,
103.73091697692871,
103.79505157470703,
105.010986328125,
105.06200790405273,
106.85992240905762,
103.63101959228516,
107.47885704040527,
109.27700996398926,
109.22408103942871,
107.73301124572754,
102.45490074157715,
103.40309143066406,
103.08694839477539,
101.83405876159668,
101.45831108093262,
101.81903839111328,
103.29008102416992,
104.32267189025879,
103.6679744720459,
102.86307334899902,
103.0580997467041,
102.13780403137207,
103.61313819885254,
103.13796997070312,
102.62203216552734,
102.59294509887695,
103.51276397705078,
104.34794425964355,
102.6461124420166,
102.49018669128418,
102.5838851928711,
102.63395309448242,
103.95288467407227,
102.96297073364258,
105.01480102539062,
104.92086410522461,
102.36907005310059,
103.72185707092285,
104.77995872497559,
102.31518745422363,
102.8451919555664,
105.56483268737793,
104.58993911743164,
102.88715362548828,
106.15801811218262,
105.40294647216797,
106.56905174255371,
106.3530445098877,
103.47676277160645,
103.4088134765625,
106.15396499633789,
102.87714004516602,
103.72781753540039,
104.98476028442383,
103.34181785583496,
104.58493232727051,
102.6003360748291,
105.78012466430664,
107.32793807983398,
104.36081886291504,
104.80403900146484,
104.43615913391113,
103.20281982421875,
102.58984565734863,
104.73394393920898,
103.94072532653809,
104.79998588562012,
103.14226150512695,
103.23667526245117,
104.57491874694824,
105.1177978515625,
102.60701179504395,
103.1029224395752,
102.83756256103516,
102.93698310852051,
106.16302490234375,
103.68585586547852,
103.2860279083252,
103.01589965820312,
105.05080223083496,
104.31385040283203,
105.43489456176758,
103.00087928771973,
102.56314277648926,
104.23588752746582,
105.34095764160156,
104.96735572814941,
102.74815559387207,
107.52606391906738,
105.6971549987793,
103.69515419006348,
106.70089721679688,
106.51874542236328,
105.48782348632812,
106.53996467590332,
102.79607772827148,
104.58207130432129,
104.36892509460449,
104.11691665649414,
106.49514198303223,
109.11703109741211,
108.09111595153809,
105.23223876953125,
107.43403434753418,
108.53195190429688,
107.95092582702637,
112.40005493164062,
105.34906387329102,
105.1790714263916,
103.05905342102051,
105.85808753967285,
107.01203346252441,
104.95495796203613,
103.38091850280762,
102.4320125579834,
103.01780700683594,
103.12294960021973,
103.71208190917969,
103.23309898376465,
103.25121879577637,
104.16316986083984,
105.18312454223633,
104.09283638000488,
105.30495643615723,
102.05411911010742,
104.59089279174805,
104.888916015625,
103.32870483398438,
102.80799865722656,
103.3470630645752,
102.59795188903809,
103.45673561096191,
102.69308090209961,
104.39920425415039,
104.05611991882324,
104.60186004638672,
102.44607925415039,
104.76231575012207,
103.70731353759766,
105.61895370483398,
105.93700408935547,
105.93485832214355,
105.27205467224121,
103.86395454406738,
105.32927513122559,
105.20291328430176,
106.05597496032715,
102.49900817871094,
102.98800468444824,
103.95598411560059,
107.025146484375,
105.35407066345215,
104.82501983642578,
104.46882247924805,
103.759765625,
103.73401641845703,
106.01186752319336,
105.70883750915527,
107.56516456604004,
105.37981986999512,
108.28495025634766,
102.97513008117676,
103.54995727539062,
103.50584983825684,
103.13916206359863,
104.89392280578613,
103.01399230957031,
103.04117202758789,
103.54089736938477,
104.57515716552734,
101.34387016296387,
103.23405265808105,
103.7290096282959,
106.00781440734863,
104.09998893737793,
103.51300239562988,
103.2569408416748,
103.22093963623047,
103.41501235961914,
103.68800163269043,
103.40142250061035,
102.4930477142334,
103.2721996307373,
104.00509834289551,
104.15792465209961,
105.85498809814453,
105.24320602416992,
103.8811206817627,
105.68809509277344,
103.26886177062988,
103.90090942382812,
103.62601280212402,
103.10721397399902,
105.76796531677246,
106.51111602783203,
103.45983505249023,
104.19797897338867,
104.9809455871582,
107.12432861328125,
107.53822326660156,
106.30488395690918,
108.80899429321289,
106.9788932800293,
109.75980758666992,
104.27689552307129,
105.24487495422363,
105.93104362487793,
105.18574714660645,
104.88319396972656,
106.5530776977539,
106.86516761779785,
105.06200790405273,
102.84805297851562,
103.91616821289062,
102.77795791625977,
102.18191146850586,
104.18891906738281,
103.97481918334961,
102.3399829864502,
102.76603698730469,
103.42597961425781,
106.51707649230957,
103.43194007873535,
103.1031608581543,
103.84988784790039,
102.08272933959961,
102.49710083007812,
104.06708717346191,
103.90615463256836,
102.59580612182617,
103.2719612121582,
104.2332649230957,
105.5302619934082,
103.06906700134277,
106.14299774169922,
107.08189010620117,
103.08504104614258,
105.61108589172363,
104.45499420166016,
106.71305656433105,
106.62698745727539,
103.43599319458008,
103.8520336151123,
103.09720039367676,
104.81786727905273,
104.28285598754883,
103.80196571350098,
105.55887222290039,
106.18281364440918,
106.15301132202148,
103.97696495056152,
103.93905639648438,
102.68712043762207,
106.50396347045898,
102.96392440795898,
105.36789894104004,
106.98294639587402,
106.05692863464355,
107.01298713684082,
107.30719566345215,
103.81317138671875,
103.49702835083008,
106.32872581481934,
103.4078598022461,
104.95829582214355,
103.18303108215332,
103.05094718933105,
102.82111167907715,
105.89313507080078,
105.71718215942383,
102.8130054473877,
102.25105285644531,
101.67098045349121,
102.16116905212402,
104.54010963439941,
102.57101058959961,
105.5748462677002,
107.70893096923828,
106.69732093811035,
106.69302940368652,
103.97696495056152,
106.86898231506348,
101.60303115844727,
105.3309440612793,
105.71503639221191,
105.78489303588867,
107.20014572143555,
104.78711128234863,
105.80778121948242,
104.88677024841309,
105.50117492675781,
102.71072387695312,
104.2940616607666,
106.39214515686035,
106.27579689025879,
105.50570487976074,
106.25219345092773,
105.02386093139648,
105.57913780212402,
104.34579849243164,
104.89606857299805,
106.09602928161621,
105.33404350280762,
105.18288612365723,
106.82106018066406,
106.5220832824707,
103.75499725341797,
104.93278503417969,
104.47812080383301,
102.68402099609375,
102.67972946166992,
103.96313667297363,
107.62310028076172,
104.7518253326416,
104.02297973632812,
109.21812057495117,
110.78691482543945,
111.85407638549805,
104.27713394165039,
105.28922080993652,
103.52683067321777,
104.7048568725586,
104.7816276550293,
104.2637825012207,
104.64286804199219,
105.66401481628418,
107.27095603942871,
109.27891731262207,
112.92123794555664,
119.86565589904785,
118.26300621032715,
116.15300178527832,
104.3400764465332,
111.76133155822754,
108.63184928894043,
114.81285095214844,
111.82117462158203,
108.22868347167969,
105.72218894958496,
105.36384582519531,
107.05089569091797,
106.09102249145508,
107.25092887878418,
106.80389404296875,
106.21404647827148,
107.33318328857422,
108.42180252075195,
104.93612289428711,
105.4837703704834,
106.59503936767578,
107.08403587341309,
106.5669059753418,
103.84583473205566,
102.94914245605469,
103.7740707397461,
103.11508178710938,
103.82485389709473,
104.20393943786621,
104.54106330871582,
114.21513557434082,
105.34882545471191,
115.2498722076416,
103.44791412353516,
104.38179969787598,
103.43194007873535,
104.53104972839355,
105.87096214294434,
102.81896591186523,
103.7449836730957,
115.26894569396973,
116.3640022277832,
120.9268569946289,
115.18073081970215,
124.85122680664062,
114.8538589477539,
112.03908920288086,
116.73283576965332,
121.4148998260498,
121.30188941955566,
126.08909606933594,
115.7839298248291,
107.76710510253906,
126.16276741027832,
109.95721817016602,
124.30787086486816,
111.38486862182617,
120.0418472290039,
118.44873428344727,
106.4598560333252,
106.83107376098633,
106.81605339050293,
105.52310943603516,
108.184814453125,
105.9257984161377,
106.24527931213379,
104.88390922546387,
108.08086395263672,
104.05421257019043,
104.00199890136719,
105.52191734313965,
105.92103004455566,
106.31465911865234,
105.69977760314941,
103.16801071166992,
104.97832298278809,
105.712890625,
102.44297981262207,
103.41191291809082,
105.65495491027832,
105.01289367675781,
107.21826553344727,
105.49235343933105,
105.2100658416748,
108.0009937286377,
107.71012306213379,
106.32586479187012,
104.79521751403809,
106.3542366027832,
105.30519485473633,
103.3010482788086,
103.3468246459961,
105.51595687866211,
107.6200008392334,
107.73301124572754,
103.96194458007812,
104.46786880493164,
105.08394241333008,
106.46295547485352,
108.10017585754395,
106.78815841674805,
107.72895812988281,
107.79690742492676,
109.21478271484375,
109.21406745910645,
109.18617248535156,
107.38515853881836,
109.06076431274414,
105.8950424194336,
105.81088066101074,
106.13083839416504,
105.7732105255127,
107.91826248168945,
106.89878463745117,
104.08973693847656,
108.1380844116211,
107.93209075927734,
109.22789573669434,
105.67212104797363,
106.72688484191895,
105.12685775756836,
104.20989990234375,
106.69469833374023,
106.42576217651367,
105.04698753356934,
104.06494140625,
103.45315933227539,
105.0419807434082,
107.23304748535156,
103.87992858886719,
103.179931640625,
103.05094718933105,
102.91314125061035,
101.83095932006836,
103.33704948425293,
103.73783111572266,
106.34493827819824,
106.20594024658203,
106.28509521484375,
104.57801818847656,
106.96887969970703,
107.65385627746582,
104.34985160827637,
108.57009887695312,
106.55832290649414,
109.1771125793457,
109.59315299987793,
108.22391510009766,
109.36498641967773,
108.46519470214844,
109.09724235534668,
109.14278030395508,
107.32102394104004,
109.40289497375488,
108.0169677734375,
108.49308967590332,
111.86909675598145,
107.86914825439453,
112.18404769897461,
111.26422882080078,
110.78190803527832,
111.41180992126465,
112.14208602905273,
110.4428768157959,
111.88507080078125,
111.14192008972168,
105.88693618774414,
105.18884658813477,
106.70304298400879,
103.88994216918945,
102.06723213195801,
105.10993003845215,
101.99975967407227,
102.42033004760742,
102.36597061157227,
101.07016563415527,
101.86195373535156,
103.84893417358398,
102.52904891967773,
102.65803337097168,
106.1551570892334,
103.32274436950684,
102.8740406036377,
102.33664512634277,
102.9210090637207,
101.94110870361328,
103.61194610595703,
104.12096977233887,
104.4921875,
105.04889488220215,
103.87206077575684,
106.33420944213867,
107.36393928527832,
108.69026184082031,
108.62016677856445,
106.90784454345703,
108.26230049133301,
107.7728271484375,
107.76686668395996,
109.63082313537598,
105.3769588470459,
109.88688468933105,
106.16612434387207,
108.04486274719238,
107.67626762390137,
108.34598541259766,
109.7710132598877,
110.22591590881348,
110.62812805175781,
109.04383659362793,
107.05018043518066,
105.75008392333984,
107.24115371704102,
107.96523094177246,
103.74712944030762,
105.97395896911621,
106.5828800201416,
102.83589363098145,
103.6221981048584,
104.76970672607422,
103.53374481201172,
102.26082801818848,
103.84821891784668,
104.66480255126953,
105.44610023498535,
103.62696647644043,
103.39188575744629,
103.12700271606445,
104.85672950744629,
102.35285758972168,
103.71828079223633,
103.69491577148438,
107.27190971374512,
102.85687446594238,
102.13184356689453,
103.47294807434082,
103.36494445800781,
106.33182525634766,
106.18925094604492,
108.29997062683105,
108.39223861694336,
109.37809944152832,
111.86099052429199,
109.50827598571777,
109.41886901855469,
109.3912124633789,
108.17384719848633,
107.9099178314209,
105.30877113342285,
107.75589942932129,
106.30607604980469,
110.20398139953613,
109.77292060852051,
111.91892623901367,
107.77878761291504,
108.63995552062988,
107.88607597351074,
113.21806907653809,
110.73994636535645,
111.39035224914551,
110.23998260498047,
106.60505294799805,
107.14411735534668,
104.2327880859375,
104.91704940795898,
103.80697250366211,
104.45427894592285,
103.53899002075195,
103.67012023925781,
104.00795936584473,
103.96718978881836,
104.88700866699219,
105.55791854858398,
102.50186920166016,
103.08480262756348,
102.84590721130371,
103.04784774780273,
106.03523254394531,
106.35995864868164,
104.64215278625488,
106.25219345092773,
107.74016380310059,
107.20586776733398,
107.58090019226074,
107.41591453552246,
105.5459976196289,
105.37028312683105,
103.67107391357422,
107.36465454101562,
103.75499725341797,
107.3153018951416,
107.80191421508789,
106.29987716674805,
106.8418025970459,
107.52415657043457,
106.63509368896484,
106.63199424743652,
108.85310173034668,
107.43904113769531,
109.44008827209473,
108.98113250732422,
107.47694969177246,
109.42220687866211,
106.64486885070801,
107.10620880126953,
110.68916320800781,
111.49740219116211,
108.95681381225586,
109.65919494628906,
110.39280891418457,
111.72199249267578,
118.00694465637207,
110.60810089111328,
111.45186424255371,
112.23983764648438,
103.99270057678223,
104.60495948791504,
106.64486885070801,
106.45413398742676,
101.99928283691406,
104.1419506072998,
103.95598411560059,
102.7069091796875,
107.97810554504395,
104.03227806091309,
106.34708404541016,
106.19187355041504,
113.11197280883789,
109.99679565429688,
111.9239330291748,
106.24098777770996,
110.09979248046875,
112.25700378417969,
113.11602592468262,
114.45927619934082,
109.90595817565918,
106.06789588928223,
111.48214340209961,
106.97698593139648,
108.5348129272461,
110.85391044616699,
117.44427680969238,
119.52590942382812,
119.93193626403809,
111.27281188964844,
119.17805671691895,
108.6568832397461,
109.46106910705566,
122.89309501647949,
110.2912425994873,
118.5159683227539,
118.10612678527832,
122.40099906921387,
118.16716194152832,
117.5076961517334,
113.94906044006348,
119.12083625793457,
119.08698081970215,
108.66880416870117,
107.36393928527832,
110.12005805969238,
109.21287536621094,
110.60667037963867,
113.65294456481934,
119.89402770996094,
103.04808616638184,
106.8730354309082,
109.29632186889648,
117.97595024108887,
104.77900505065918,
102.51688957214355,
101.78804397583008,
112.51997947692871,
110.98194122314453,
102.87070274353027,
103.26695442199707,
103.21307182312012,
103.65915298461914,
101.64308547973633,
106.44674301147461,
104.98619079589844,
104.5691967010498,
105.5760383605957,
105.53503036499023,
107.50484466552734,
102.51808166503906,
102.04911231994629,
104.21299934387207,
104.56657409667969,
104.45904731750488,
103.40690612792969,
103.19995880126953,
105.15213012695312,
103.1198501586914,
103.55091094970703,
103.21307182312012,
103.91879081726074,
105.29899597167969,
105.6661605834961,
106.27508163452148,
106.95075988769531,
106.02331161499023,
105.43608665466309,
105.92365264892578,
104.31718826293945,
107.8798770904541,
106.39166831970215,
107.12480545043945,
104.86412048339844,
109.26985740661621,
106.98604583740234,
107.51485824584961,
104.08496856689453,
105.80801963806152,
103.55877876281738,
103.62505912780762,
103.4398078918457,
103.27315330505371,
103.53994369506836,
102.68115997314453,
102.98991203308105,
103.46817970275879,
104.45594787597656,
101.19199752807617,
102.30207443237305,
104.74276542663574,
104.40516471862793,
105.25321960449219,
103.47390174865723,
104.02393341064453,
106.62698745727539,
107.05304145812988,
106.05001449584961,
104.42423820495605,
106.5070629119873,
105.16881942749023,
105.133056640625,
105.010986328125,
105.14426231384277,
105.20291328430176,
103.53899002075195,
103.89924049377441,
105.02290725708008,
103.9590835571289,
104.63404655456543,
105.90100288391113,
104.60782051086426,
104.51126098632812,
105.34501075744629,
105.58199882507324,
104.13694381713867,
107.58590698242188,
108.1700325012207,
107.83004760742188,
105.95583915710449,
109.09318923950195,
108.73031616210938,
107.37299919128418,
108.2921028137207,
106.91213607788086,
102.74815559387207,
102.15902328491211,
107.69367218017578,
105.3459644317627,
112.92076110839844,
105.17716407775879,
105.86380958557129,
103.23882102966309,
103.9741039276123,
105.0419807434082,
103.424072265625,
103.68585586547852,
104.4149398803711,
104.77495193481445,
104.99000549316406,
105.9730052947998,
106.70113563537598,
105.18932342529297,
103.66392135620117,
107.02085494995117,
105.92317581176758,
107.29694366455078,
106.43506050109863,
106.30297660827637,
102.92577743530273,
104.64215278625488,
104.94518280029297,
103.53469848632812,
105.69095611572266,
107.03802108764648,
107.99884796142578,
105.53193092346191,
106.16707801818848,
106.16898536682129,
103.58500480651855,
107.23400115966797,
107.61713981628418,
107.16795921325684,
107.0871353149414,
105.61299324035645,
104.89821434020996,
104.45213317871094,
106.38689994812012,
106.73928260803223,
101.98283195495605,
103.75094413757324,
102.32305526733398,
103.6539077758789,
104.32982444763184,
103.90806198120117,
104.3541431427002,
102.0500659942627,
101.65786743164062,
104.14481163024902,
104.36296463012695,
105.4539680480957,
104.33101654052734,
104.9041748046875,
105.37409782409668,
104.86459732055664,
105.57913780212402,
105.133056640625,
104.89606857299805,
104.93898391723633,
104.90894317626953,
104.23827171325684,
106.36377334594727,
105.15093803405762,
106.26006126403809,
106.24074935913086,
103.59811782836914,
104.34579849243164,
104.80284690856934,
107.05399513244629,
106.67800903320312,
105.72218894958496,
104.46882247924805,
104.40993309020996,
103.53398323059082,
105.65400123596191,
106.20379447937012,
107.54513740539551,
107.55610466003418,
109.53497886657715,
109.4207763671875,
106.10198974609375,
107.59401321411133,
104.2630672454834,
104.6442985534668,
103.83486747741699,
103.82890701293945,
104.62284088134766,
102.60486602783203,
102.86688804626465,
103.13987731933594,
103.63888740539551,
105.80778121948242,
105.23796081542969,
107.04803466796875,
106.66203498840332,
104.80785369873047,
104.7511100769043,
104.63213920593262,
104.95209693908691,
105.58724403381348,
105.48090934753418,
107.42497444152832,
103.47914695739746,
106.3089370727539,
105.00407218933105,
104.71391677856445,
105.14593124389648,
105.64708709716797,
106.23884201049805,
106.60314559936523,
105.59391975402832,
107.70082473754883,
104.66885566711426,
111.01102828979492,
103.77883911132812,
106.00495338439941,
103.82199287414551,
109.74884033203125,
110.32700538635254,
108.4599494934082,
106.16707801818848,
104.23111915588379,
105.57293891906738,
103.40714454650879,
104.77304458618164,
103.9271354675293,
101.84788703918457,
103.06406021118164,
103.90400886535645,
101.77397727966309,
102.19001770019531,
103.85394096374512,
102.39601135253906,
105.06391525268555,
107.64694213867188,
106.82511329650879,
105.97610473632812,
106.56929016113281,
105.84807395935059,
107.22613334655762,
106.56881332397461,
107.05828666687012,
105.34882545471191,
105.6978702545166,
106.30106925964355,
103.36089134216309,
104.50100898742676,
103.24573516845703,
104.02297973632812,
104.88295555114746,
106.44817352294922,
105.54981231689453,
106.35018348693848,
102.88381576538086,
107.96093940734863,
107.54013061523438,
102.95486450195312,
106.54187202453613,
105.29184341430664,
105.80182075500488,
109.71307754516602,
104.00199890136719,
106.3849925994873,
103.68704795837402,
105.97395896911621,
104.06827926635742,
103.41000556945801,
102.10680961608887,
105.04817962646484,
102.32663154602051,
104.40516471862793,
103.8968563079834,
103.10697555541992,
104.9041748046875,
104.92205619812012,
104.16007041931152,
105.88598251342773,
106.64486885070801,
105.21483421325684,
104.80904579162598,
106.44388198852539,
105.6368350982666,
106.414794921875,
106.85086250305176,
106.26935958862305,
104.65478897094727,
102.90098190307617,
106.60910606384277,
103.04689407348633,
104.56228256225586,
104.60972785949707,
105.08584976196289,
107.10811614990234,
105.53097724914551,
105.29398918151855,
106.06098175048828,
105.41486740112305,
104.63905334472656,
106.31585121154785,
104.72488403320312,
103.41191291809082,
104.06494140625,
105.64303398132324,
106.40168190002441,
107.48887062072754,
104.44784164428711,
104.36820983886719,
103.28817367553711,
102.59294509887695,
103.52706909179688,
104.93683815002441,
103.49583625793457,
102.89692878723145,
105.44466972351074,
101.91679000854492,
101.3481616973877,
101.74322128295898,
104.35605049133301,
105.91387748718262,
105.31806945800781,
103.98173332214355,
103.98626327514648,
105.58080673217773,
105.42607307434082,
105.14092445373535,
103.24811935424805,
105.06534576416016,
106.25839233398438,
104.34889793395996,
102.37884521484375,
104.94709014892578,
104.57301139831543,
103.96432876586914,
104.82215881347656,
105.76200485229492,
101.9740104675293,
102.65183448791504,
104.39896583557129,
106.0938835144043,
106.07266426086426,
104.40278053283691,
106.75811767578125,
105.85784912109375,
106.86087608337402,
104.27379608154297,
104.20513153076172,
103.88302803039551,
105.0262451171875,
104.63786125183105,
106.15396499633789,
104.28690910339355,
101.65882110595703,
102.13375091552734,
103.0569076538086,
103.83296012878418,
105.8800220489502,
102.68592834472656,
107.06496238708496,
102.76412963867188,
102.7371883392334,
101.29094123840332,
104.20703887939453,
103.88517379760742,
105.39698600769043,
103.05094718933105,
108.2608699798584,
106.03022575378418,
104.02989387512207,
104.18009757995605,
104.17389869689941,
105.23486137390137,
104.49624061584473,
105.71789741516113,
105.09109497070312,
105.6220531463623,
105.30710220336914,
103.1181812286377,
103.41620445251465,
103.31606864929199,
104.93183135986328,
104.09283638000488,
104.56275939941406,
105.86118698120117,
104.04610633850098,
106.4140796661377,
106.03690147399902,
107.01107978820801,
105.69405555725098,
105.15308380126953,
107.06257820129395,
106.84680938720703,
103.8961410522461,
106.53424263000488,
107.2990894317627,
107.79523849487305,
105.3318977355957,
107.19180107116699,
105.22317886352539,
103.15394401550293,
102.73933410644531,
103.22308540344238,
103.3780574798584,
105.79776763916016,
106.53305053710938,
102.74600982666016,
102.14495658874512,
104.45523262023926,
105.53884506225586,
102.73003578186035,
102.92387008666992,
105.58676719665527,
103.97005081176758,
103.41620445251465,
104.2790412902832,
106.89616203308105,
107.76329040527344,
103.98387908935547,
103.07598114013672,
109.70711708068848,
109.42697525024414,
108.78992080688477,
110.05067825317383,
113.0521297454834,
103.5909652709961,
105.14092445373535,
104.94208335876465,
104.64000701904297,
104.70008850097656,
105.48090934753418,
106.28318786621094,
105.02982139587402,
104.14004325866699,
105.11493682861328,
107.45120048522949,
106.41694068908691,
107.17010498046875,
107.97905921936035,
107.99694061279297,
106.32109642028809,
104.42399978637695,
105.53693771362305,
106.93001747131348,
108.01887512207031,
106.1398983001709,
106.18209838867188,
102.90789604187012,
103.23882102966309,
103.22928428649902,
103.363037109375,
102.7681827545166,
103.19995880126953,
102.67114639282227,
102.57577896118164,
106.06193542480469,
102.37288475036621,
102.89716720581055,
104.60186004638672,
106.00972175598145,
104.2790412902832,
103.46484184265137,
107.68294334411621,
105.75199127197266,
107.83696174621582,
103.59406471252441,
105.07798194885254,
106.40120506286621,
105.79609870910645,
106.2629222869873,
105.41296005249023,
104.31098937988281,
105.49473762512207,
104.64906692504883,
104.08401489257812,
104.57015037536621,
106.77814483642578,
106.2161922454834,
104.82192039489746,
103.68084907531738,
104.31694984436035,
106.29773139953613,
105.79085350036621,
107.0408821105957,
105.32283782958984,
106.43601417541504,
107.7280044555664,
104.30479049682617,
104.75802421569824,
106.1103343963623,
106.0178279876709,
106.8418025970459,
104.92205619812012,
104.76899147033691,
103.15179824829102,
104.01701927185059,
104.93707656860352,
104.12812232971191,
103.92379760742188,
105.60894012451172,
103.54089736938477,
107.70606994628906,
104.51507568359375,
104.45308685302734,
105.36503791809082,
104.24184799194336,
112.98823356628418,
115.25678634643555,
105.94797134399414,
114.959716796875,
115.50498008728027,
110.0301742553711,
105.4830551147461,
105.43608665466309,
106.6439151763916,
104.98404502868652,
105.36599159240723,
103.50203514099121,
104.68769073486328,
103.93404960632324,
104.81905937194824,
106.4298152923584,
106.34493827819824,
105.11398315429688,
104.71391677856445,
102.59771347045898,
102.62703895568848,
105.39698600769043,
106.63866996765137,
104.74491119384766,
106.38117790222168,
105.74793815612793,
107.08904266357422,
104.52604293823242,
104.72702980041504,
105.58390617370605,
106.24289512634277,
106.16707801818848,
106.68015480041504,
106.71591758728027,
105.35693168640137,
105.82399368286133,
105.71908950805664,
103.69992256164551,
104.86817359924316,
103.64127159118652,
103.23095321655273,
103.240966796875,
101.99403762817383,
103.2569408416748,
103.00993919372559,
102.22697257995605,
104.19487953186035,
102.48780250549316,
103.96289825439453,
104.53009605407715,
103.63197326660156,
108.06822776794434,
103.20687294006348,
105.12423515319824,
103.76906394958496,
107.5890064239502,
106.30083084106445,
106.9340705871582,
105.39889335632324,
105.79586029052734,
102.12206840515137,
106.42886161804199,
105.06486892700195,
103.06215286254883,
102.02908515930176,
104.91180419921875,
102.86808013916016,
102.90193557739258,
103.88994216918945,
105.32283782958984,
107.32913017272949,
106.83488845825195,
104.32696342468262,
105.712890625,
108.10089111328125,
106.3239574432373,
107.01513290405273,
108.05583000183105,
106.98103904724121,
104.96306419372559,
104.23016548156738,
104.94494438171387,
104.6299934387207,
105.43012619018555,
104.55083847045898,
102.41937637329102,
102.88119316101074,
103.47485542297363,
101.8056869506836,
102.52213478088379,
104.64692115783691,
105.24606704711914,
106.92691802978516,
103.32798957824707,
104.07710075378418,
104.32195663452148,
104.85291481018066,
105.25703430175781,
102.88000106811523,
104.23111915588379,
105.97681999206543,
104.95615005493164,
106.13512992858887,
105.13806343078613,
103.15132141113281,
106.86707496643066,
102.64015197753906,
104.93993759155273,
104.92062568664551,
103.99198532104492,
104.39610481262207,
104.19726371765137,
103.74689102172852,
105.6671142578125,
105.79371452331543,
105.61609268188477,
104.89296913146973,
104.67910766601562,
105.71599006652832,
104.58016395568848,
104.02202606201172,
103.118896484375,
103.97863388061523,
105.64804077148438,
104.78591918945312,
103.55901718139648,
104.09021377563477,
108.61992835998535,
104.95185852050781,
103.18994522094727,
101.1509895324707,
102.61702537536621,
104.05778884887695,
104.50029373168945,
102.20980644226074,
101.35889053344727,
102.9360294342041,
102.9808521270752,
102.65088081359863,
103.61504554748535,
104.97307777404785,
102.48899459838867,
102.70190238952637,
105.35693168640137,
105.73792457580566,
105.6678295135498,
105.00979423522949,
104.54797744750977,
105.87215423583984,
107.96976089477539,
109.43484306335449,
105.77893257141113,
105.60202598571777,
103.43384742736816,
104.5079231262207,
104.4161319732666,
105.23390769958496,
105.7131290435791,
104.77805137634277,
105.6668758392334,
104.67910766601562,
104.60495948791504,
103.72209548950195,
106.52899742126465,
105.03602027893066,
107.32698440551758,
106.29391670227051,
105.61108589172363,
105.34191131591797,
111.68313026428223,
106.28724098205566,
105.67975044250488,
108.84308815002441,
103.82699966430664,
102.2038459777832,
102.49876976013184,
102.95510292053223,
102.93984413146973,
102.76937484741211,
103.90377044677734,
103.09004783630371,
104.82597351074219,
102.27489471435547,
104.26092147827148,
101.62496566772461,
104.41708564758301,
105.63302040100098,
103.61289978027344,
103.20401191711426,
103.15871238708496,
103.62601280212402,
103.59978675842285,
105.85999488830566,
105.10420799255371,
106.46605491638184,
104.49099540710449,
106.06908798217773,
106.87994956970215,
108.10995101928711,
104.04610633850098,
103.21211814880371,
105.03005981445312,
104.09092903137207,
106.9331169128418,
106.44102096557617,
107.36894607543945,
103.41000556945801,
105.84235191345215,
106.60195350646973,
107.22494125366211,
105.2389144897461,
104.33816909790039,
105.33595085144043,
105.12900352478027,
106.14514350891113,
106.9340705871582,
104.22921180725098,
106.11605644226074,
108.28304290771484,
102.57101058959961,
103.51705551147461,
102.02503204345703,
103.22880744934082,
102.88786888122559,
104.12025451660156,
104.2628288269043,
104.37893867492676,
104.41112518310547,
102.1871566772461,
104.84981536865234,
102.30398178100586,
104.72583770751953,
106.9178581237793,
104.14791107177734,
104.1269302368164,
104.0341854095459,
103.15108299255371,
106.86993598937988,
103.96909713745117,
106.2319278717041,
106.3077449798584,
105.04794120788574,
105.92412948608398,
104.87580299377441,
104.3081283569336,
106.96983337402344,
104.98785972595215,
104.3541431427002,
106.06813430786133,
110.8558177947998,
108.3381175994873,
108.20293426513672,
103.24597358703613,
106.11510276794434,
105.13830184936523,
107.95021057128906,
104.06088829040527,
107.11407661437988,
105.56793212890625,
106.65678977966309,
105.79800605773926,
104.56705093383789,
104.28738594055176,
103.78313064575195,
119.78483200073242,
122.47586250305176,
122.31183052062988,
113.09504508972168,
111.38677597045898,
106.34517669677734,
119.91286277770996,
116.80722236633301,
103.0879020690918,
104.63500022888184,
106.08696937561035,
104.1569709777832,
103.67274284362793,
105.96895217895508,
104.45904731750488,
103.69873046875,
103.9590835571289,
103.93595695495605,
105.18026351928711,
103.7130355834961,
107.31697082519531,
107.57088661193848,
106.7955493927002,
107.04374313354492,
109.85207557678223,
109.80415344238281,
107.42807388305664,
107.15889930725098,
111.14001274108887,
114.8538589477539,
105.37290573120117,
110.382080078125,
115.59820175170898,
108.65306854248047,
112.68806457519531,
116.0440444946289,
108.99186134338379,
102.75602340698242,
104.46500778198242,
105.2098274230957,
124.96399879455566,
122.21002578735352,
111.22679710388184,
111.18721961975098,
112.27011680603027,
128.12495231628418,
108.31999778747559,
109.47585105895996,
108.5660457611084,
110.31603813171387,
107.82170295715332,
105.78203201293945,
113.52109909057617,
111.19794845581055,
115.70262908935547,
107.77497291564941,
102.96988487243652,
102.2331714630127,
104.30097579956055,
102.31876373291016,
104.7370433807373,
105.7441234588623,
108.2451343536377,
109.19880867004395,
108.95514488220215,
108.68716239929199,
107.48004913330078,
106.95290565490723,
107.73301124572754,
110.80026626586914,
104.38108444213867,
105.30209541320801,
104.06994819641113,
105.34286499023438,
107.75613784790039,
102.90002822875977,
102.75578498840332,
102.42605209350586,
103.72710227966309,
103.95503044128418,
106.50396347045898,
105.73697090148926,
104.71296310424805,
104.30908203125,
104.80880737304688,
106.10723495483398,
104.41017150878906,
105.37314414978027,
105.88383674621582,
105.63421249389648,
105.56197166442871,
105.64303398132324,
107.28287696838379,
106.69279098510742,
105.64088821411133,
106.44388198852539,
105.96704483032227,
105.52716255187988,
104.76112365722656,
104.73394393920898,
105.89098930358887,
105.2541732788086,
104.76493835449219,
104.38728332519531,
104.58803176879883,
102.90384292602539,
103.42288017272949,
104.91108894348145,
104.48884963989258,
104.12192344665527,
104.31790351867676,
104.77685928344727,
104.9048900604248,
106.64892196655273,
102.58293151855469,
105.54003715515137,
103.83725166320801,
103.11079025268555,
102.97107696533203,
103.79600524902344,
103.87301445007324,
106.01305961608887,
107.26022720336914,
104.2778491973877,
107.34391212463379,
103.47509384155273,
102.10299491882324,
105.07988929748535,
101.8838882446289,
105.59582710266113,
106.32014274597168,
107.3310375213623,
105.84902763366699,
104.0349006652832,
104.36201095581055,
104.25901412963867,
104.19273376464844,
103.03902626037598,
106.38570785522461,
104.9349308013916,
106.0640811920166,
105.4999828338623,
107.19513893127441,
105.15403747558594,
104.92110252380371,
106.03189468383789,
104.20489311218262,
108.09803009033203,
108.26396942138672,
110.42118072509766,
108.97493362426758,
109.1761589050293,
105.3168773651123,
104.73871231079102,
104.62594032287598,
102.65803337097168,
104.32219505310059,
105.95703125,
107.3908805847168,
110.05520820617676,
105.67593574523926,
103.2400131225586,
103.72376441955566,
102.06913948059082,
102.75006294250488,
103.76191139221191,
104.68578338623047,
103.97696495056152,
104.97784614562988,
105.63492774963379,
104.6748161315918,
104.4919490814209,
103.06978225708008,
103.40595245361328,
103.36995124816895,
104.64000701904297,
103.3620834350586,
107.64074325561523,
107.17296600341797,
103.71899604797363,
104.76994514465332,
103.55186462402344,
104.02083396911621,
102.55265235900879,
103.29914093017578,
103.02901268005371,
103.75189781188965,
103.48892211914062,
103.75094413757324,
103.5768985748291,
103.50799560546875,
104.94709014892578,
104.78901863098145,
103.95383834838867,
105.15403747558594,
106.24098777770996,
106.10723495483398,
108.41917991638184,
105.82923889160156,
107.04731941223145,
105.34477233886719,
105.03196716308594,
104.51507568359375,
104.29596900939941,
102.87308692932129,
103.28006744384766,
103.13820838928223,
101.2880802154541,
103.07979583740234,
103.28507423400879,
105.75485229492188,
104.70724105834961,
102.8139591217041,
104.19988632202148,
102.37598419189453,
103.9729118347168,
102.53071784973145,
102.59294509887695,
103.28483581542969,
104.9342155456543,
102.27298736572266,
103.00397872924805,
103.2400131225586,
103.07002067565918,
104.7360897064209,
104.29191589355469,
103.96623611450195,
103.02305221557617,
102.84280776977539,
103.7437915802002,
104.48884963989258,
105.5140495300293,
103.64198684692383,
103.69086265563965,
102.94413566589355,
104.9039363861084,
105.28874397277832,
105.30996322631836,
105.70430755615234,
103.69396209716797,
104.38990592956543,
103.44195365905762,
103.71708869934082,
106.01305961608887,
102.57983207702637,
105.29112815856934,
106.11414909362793,
107.18393325805664,
102.24390029907227,
105.05914688110352,
104.53319549560547,
103.73282432556152,
105.26204109191895,
103.87110710144043,
104.26926612854004,
105.19003868103027,
102.09894180297852,
103.17087173461914,
106.9331169128418,
106.81772232055664,
107.60307312011719,
103.43694686889648,
104.33101654052734,
104.25400733947754,
103.22380065917969,
103.70588302612305,
103.28435897827148,
103.07598114013672,
103.77717018127441,
102.28109359741211,
102.73122787475586,
104.62212562561035,
102.65779495239258,
102.01597213745117,
104.55107688903809,
103.4388542175293,
104.25615310668945,
105.17597198486328,
102.92196273803711,
104.18081283569336,
103.09600830078125,
104.08210754394531,
103.06477546691895,
103.65700721740723,
103.38306427001953,
102.96916961669922,
105.07488250732422,
105.03792762756348,
104.19607162475586,
106.22906684875488,
102.46491432189941,
103.24311256408691,
104.1109561920166,
106.09889030456543,
102.65588760375977,
103.76977920532227,
107.75017738342285,
106.99009895324707,
105.15904426574707,
105.57413101196289,
106.77671432495117,
103.62601280212402,
104.33506965637207,
103.62696647644043,
105.09610176086426,
108.01100730895996,
103.18684577941895,
105.20505905151367,
105.30686378479004,
103.84988784790039,
105.80110549926758,
102.72002220153809,
104.87794876098633,
103.6539077758789,
102.81610488891602,
103.58524322509766,
103.44696044921875,
104.75492477416992,
106.4138412475586,
106.00018501281738,
103.86204719543457,
102.37312316894531,
104.46596145629883,
104.19821739196777,
103.77192497253418,
105.16715049743652,
105.97109794616699,
107.03206062316895,
106.71305656433105,
105.52501678466797,
105.13520240783691,
103.06286811828613,
102.21290588378906,
103.91116142272949,
102.4179458618164,
102.37002372741699,
104.85482215881348,
103.81627082824707,
102.93197631835938,
104.52508926391602,
104.15410995483398,
104.56132888793945,
102.81705856323242,
103.53422164916992,
103.09600830078125,
103.64603996276855,
104.77900505065918,
106.44817352294922,
106.96101188659668,
105.62682151794434,
105.14187812805176,
107.7570915222168,
102.96392440795898,
102.62227058410645,
104.02727127075195,
105.6678295135498,
102.67281532287598,
103.66177558898926,
102.9670238494873,
103.88708114624023,
103.0879020690918,
104.07280921936035,
104.50577735900879,
103.96599769592285,
104.5229434967041,
104.51674461364746,
106.25505447387695,
104.96997833251953,
104.6438217163086,
103.25098037719727,
103.59811782836914,
102.82111167907715,
101.64785385131836,
103.88016700744629,
102.92887687683105,
102.70524024963379,
103.56402397155762,
104.31289672851562,
106.09197616577148,
104.88605499267578,
102.44011878967285,
103.546142578125,
101.4859676361084,
103.41310501098633,
103.25193405151367,
102.12516784667969,
103.21593284606934,
103.86490821838379,
104.83884811401367,
103.5919189453125,
105.73792457580566,
103.15394401550293,
121.0181713104248,
122.73502349853516,
127.22611427307129,
112.87188529968262,
116.29104614257812,
117.66600608825684,
125.44012069702148,
128.4189224243164,
126.54995918273926,
133.24713706970215,
127.16507911682129,
126.43885612487793,
110.91804504394531,
116.48297309875488,
109.42268371582031,
116.28079414367676,
120.23425102233887,
125.24604797363281,
114.15791511535645,
127.1212100982666,
124.59301948547363,
125.02503395080566,
123.70800971984863,
121.4439868927002,
132.5092315673828,
130.48100471496582,
131.7460536956787,
113.91520500183105,
129.8990249633789,
124.77588653564453,
132.28797912597656,
148.7729549407959,
137.96114921569824,
170.18818855285645,
175.49681663513184,
173.6900806427002,
142.52996444702148,
150.17271041870117,
152.83703804016113,
144.47689056396484,
146.47984504699707,
166.9020652770996,
166.5048599243164,
175.0168800354004,
176.52606964111328,
181.4260482788086,
189.28003311157227,
157.06110000610352,
158.8141918182373,
185.42790412902832,
168.0300235748291,
235.0780963897705,
241.35208129882812,
241.64080619812012,
254.15968894958496,
242.1882152557373,
244.9500560760498,
243.7589168548584,
261.25168800354004,
377.4111270904541,
408.7207317352295,
408.0221652984619,
359.12084579467773,
411.98062896728516,
380.3279399871826,
374.0837574005127,
372.3139762878418,
308.521032333374,
379.0910243988037,
373.77190589904785,
411.9839668273926,
400.01606941223145,
410.13503074645996,
400.9580612182617,
371.8080520629883,
315.4418468475342,
393.967866897583,
412.9319190979004,
315.98901748657227,
394.1681385040283,
412.7039909362793,
355.0851345062256,
350.51989555358887,
305.21440505981445,
395.81799507141113,
325.4210948944092,
353.914737701416,
309.0341091156006,
330.45315742492676,
355.4246425628662,
434.4449043273926,
252.55513191223145,
371.3111877441406,
381.72197341918945,
257.91382789611816,
443.4640407562256,
375.62108039855957,
261.4011764526367,
472.4009037017822,
332.05223083496094,
260.1809501647949,
256.56795501708984,
471.4622497558594,
364.307165145874,
439.4090175628662,
421.86689376831055,
255.39088249206543,
260.5409622192383,
164.02173042297363,
161.16094589233398,
161.1020565032959,
203.88412475585938,
203.27496528625488,
181.20217323303223,
178.50089073181152,
227.4477481842041,
183.1989288330078,
227.64205932617188,
227.5857925415039,
225.3870964050293,
230.16595840454102,
194.23413276672363,
193.83978843688965,
231.15301132202148,
193.44425201416016,
225.80599784851074,
117.07019805908203,
121.82497978210449,
236.81092262268066,
237.044095993042,
139.31870460510254,
193.90320777893066,
138.36407661437988,
243.1318759918213,
243.39795112609863,
240.9977912902832,
148.82516860961914,
151.2451171875,
149.9950885772705,
259.7541809082031,
256.90698623657227,
221.76003456115723,
151.4289379119873,
257.46679306030273,
152.1620750427246,
149.58715438842773,
150.5410671234131,
154.35314178466797,
153.7339687347412,
259.9830627441406,
147.98808097839355,
152.022123336792,
148.9100456237793,
257.9669952392578,
222.36013412475586,
105.4677963256836,
108.85500907897949,
117.73204803466797,
104.36320304870605,
105.58390617370605,
106.42004013061523,
103.96122932434082,
103.42812538146973,
104.20107841491699,
105.7591438293457,
107.87415504455566,
106.93597793579102,
106.72998428344727,
103.61599922180176,
109.03286933898926,
109.60698127746582,
111.41014099121094,
108.59084129333496,
110.64386367797852,
107.21611976623535,
106.95505142211914,
105.93986511230469,
107.36513137817383,
108.1540584564209,
112.44797706604004,
115.27705192565918,
113.8608455657959,
116.00470542907715,
107.75518417358398,
107.05113410949707,
111.57894134521484,
115.30494689941406,
111.65714263916016,
111.32097244262695,
116.67490005493164,
113.76380920410156,
117.44189262390137,
113.36588859558105,
111.79709434509277,
115.09513854980469,
113.62481117248535,
117.70105361938477,
113.41094970703125,
117.47097969055176,
115.68021774291992,
104.17985916137695,
102.09417343139648,
104.8130989074707,
107.83219337463379,
107.58566856384277,
107.59234428405762,
110.06307601928711,
109.83800888061523,
109.61580276489258,
104.60805892944336,
103.82199287414551,
105.3769588470459,
107.32507705688477,
107.87296295166016,
107.92279243469238,
109.18211936950684,
109.83896255493164,
114.24803733825684,
117.45214462280273,
111.73319816589355,
109.67302322387695,
116.02401733398438,
126.5559196472168,
117.23613739013672,
116.42217636108398,
114.33291435241699,
115.44513702392578,
114.0298843383789,
114.83120918273926,
115.52786827087402,
108.49189758300781,
115.99588394165039,
114.19105529785156,
115.83900451660156,
116.67203903198242,
112.75863647460938,
112.67399787902832,
114.92204666137695,
119.63510513305664,
108.58607292175293,
113.30795288085938,
116.28389358520508,
111.1307144165039,
113.72900009155273,
106.41217231750488,
104.1557788848877,
105.27896881103516,
107.35011100769043,
108.25395584106445,
104.0809154510498,
103.93404960632324,
105.06105422973633,
111.1750602722168,
116.17588996887207,
113.87896537780762,
106.79292678833008,
114.28594589233398,
130.60927391052246,
122.0560073852539,
138.43703269958496,
118.37267875671387,
119.5986270904541,
108.95514488220215,
119.44913864135742,
123.41904640197754,
121.96612358093262,
120.45598030090332,
116.0588264465332,
109.91525650024414,
124.08685684204102,
106.17685317993164,
106.80985450744629,
113.57808113098145,
105.2091121673584,
108.3228588104248,
121.38485908508301,
132.50303268432617,
109.36498641967773,
105.58915138244629,
106.89878463745117,
108.33621025085449,
109.84420776367188,
110.84103584289551,
109.04788970947266,
110.46075820922852,
110.77308654785156,
111.60612106323242,
111.92202568054199,
110.70108413696289,
111.80400848388672,
108.17694664001465,
103.9278507232666,
103.41405868530273,
102.96106338500977,
102.83088684082031,
102.24318504333496,
103.68895530700684,
102.69784927368164,
105.05104064941406,
103.05476188659668,
104.6440601348877,
104.6912670135498,
105.5307388305664,
105.19075393676758,
106.63819313049316,
106.36115074157715,
104.70890998840332,
105.40533065795898,
104.84814643859863,
106.0338020324707,
107.72013664245605,
106.98294639587402,
107.94496536254883,
107.96093940734863,
107.76996612548828,
103.25193405151367,
106.61816596984863,
108.72197151184082,
105.22127151489258,
107.55515098571777,
109.9691390991211,
107.25092887878418,
107.9108715057373,
106.72712326049805,
105.85808753967285,
105.49592971801758,
105.93724250793457,
103.95693778991699,
105.85594177246094,
103.62601280212402,
104.33292388916016,
105.04770278930664,
106.16302490234375,
102.39791870117188,
103.02996635437012,
102.93722152709961,
102.71096229553223,
101.74894332885742,
102.28610038757324,
103.72304916381836,
102.71286964416504,
102.66900062561035,
105.42607307434082,
106.45079612731934,
102.62298583984375,
104.22873497009277,
102.50973701477051,
105.12018203735352,
105.45706748962402,
103.95407676696777,
104.90918159484863,
107.09404945373535,
105.46112060546875,
106.58407211303711,
106.5211296081543,
106.65297508239746,
107.37180709838867,
108.09707641601562,
106.15420341491699,
106.66322708129883,
106.31704330444336,
108.50095748901367,
107.59425163269043,
108.57701301574707,
108.99615287780762,
105.91006278991699,
105.23700714111328,
106.77385330200195,
106.30202293395996,
108.22892189025879,
105.78203201293945,
106.9791316986084,
106.92977905273438,
106.01687431335449,
109.50708389282227,
107.09810256958008,
104.2182445526123,
103.46293449401855,
107.25879669189453,
106.33397102355957,
103.75499725341797,
104.4762134552002,
105.06510734558105,
104.74324226379395,
102.13708877563477,
102.61917114257812,
104.43305969238281,
104.18510437011719,
104.56705093383789,
103.1179428100586,
105.69119453430176,
105.15213012695312,
103.38497161865234,
105.44896125793457,
104.32314872741699,
104.1269302368164,
106.20403289794922,
108.63208770751953,
109.21812057495117,
105.2858829498291,
105.10897636413574,
109.41076278686523,
104.84194755554199,
108.10995101928711,
107.4070930480957,
104.96091842651367,
106.40215873718262,
107.10930824279785,
108.17623138427734,
106.45127296447754,
107.43594169616699,
105.7891845703125,
107.35201835632324,
105.4389476776123,
106.20856285095215,
105.96203804016113,
111.22727394104004,
110.49199104309082,
108.42204093933105,
108.88385772705078,
110.63003540039062,
112.63298988342285,
106.3230037689209,
108.35599899291992,
108.428955078125,
104.51698303222656,
103.10506820678711,
102.25701332092285,
103.47127914428711,
103.06501388549805,
101.6848087310791,
103.07717323303223,
102.58984565734863,
103.05595397949219,
105.37314414978027,
104.96020317077637,
102.01811790466309,
103.34944725036621,
103.19304466247559,
104.0487289428711,
102.67806053161621,
103.18207740783691,
105.40485382080078,
104.19082641601562,
105.74483871459961,
102.74982452392578,
105.82518577575684,
105.26394844055176,
106.6579818725586,
107.22517967224121,
104.82573509216309,
107.13815689086914,
104.77304458618164,
104.71320152282715,
105.8499813079834,
106.69112205505371,
105.75413703918457,
105.79729080200195,
106.73904418945312,
106.47082328796387,
106.52804374694824,
109.65490341186523,
107.35106468200684,
103.80172729492188,
105.8187484741211,
105.53789138793945,
106.61196708679199,
106.11796379089355,
107.86294937133789,
104.63690757751465,
105.42607307434082,
106.11605644226074,
105.47089576721191,
108.94489288330078,
106.9488525390625,
102.83899307250977,
103.98507118225098,
101.83095932006836,
103.08003425598145,
104.1710376739502,
103.96099090576172,
104.0792465209961,
102.66804695129395,
103.8827896118164,
102.97870635986328,
103.5158634185791,
102.89597511291504,
104.45308685302734,
102.53787040710449,
103.00898551940918,
105.73792457580566,
103.02615165710449,
104.61020469665527,
105.28683662414551,
105.90410232543945,
105.03602027893066,
106.05001449584961,
106.54520988464355,
106.07194900512695,
104.51602935791016,
104.54893112182617,
106.84990882873535,
105.0879955291748,
107.22208023071289,
109.41886901855469,
109.09914970397949,
109.53497886657715,
110.00299453735352,
110.57209968566895,
108.86406898498535,
107.11026191711426,
108.55507850646973,
109.92908477783203,
108.51192474365234,
109.32517051696777,
104.69293594360352,
106.09102249145508,
107.38992691040039,
107.87773132324219,
103.90281677246094,
104.53414916992188,
104.51507568359375,
104.89821434020996,
107.28096961975098,
107.55395889282227,
104.87079620361328,
105.38792610168457,
108.54291915893555,
104.83598709106445,
103.59382629394531,
104.3391227722168,
103.46603393554688,
102.13685035705566,
104.8588752746582,
102.48875617980957,
104.47168350219727,
104.1269302368164,
103.0888557434082,
104.90894317626953,
103.55019569396973,
106.43482208251953,
105.56221008300781,
103.7757396697998,
105.84807395935059,
107.6500415802002,
103.06310653686523,
105.26204109191895,
106.27937316894531,
108.73866081237793,
107.48291015625,
106.01997375488281,
107.15484619140625,
108.8557243347168,
104.3081283569336,
105.64470291137695,
104.9799919128418,
105.76605796813965,
106.33492469787598,
105.32712936401367,
107.89203643798828,
107.50412940979004,
105.41200637817383,
105.25798797607422,
106.31012916564941,
106.36401176452637,
107.4061393737793,
107.41400718688965,
108.14166069030762,
106.69302940368652,
105.65972328186035,
107.2380542755127,
103.68204116821289,
102.55265235900879,
103.6829948425293,
104.644775390625,
104.17699813842773,
105.31401634216309,
104.01582717895508,
103.54495048522949,
103.51800918579102,
103.30700874328613,
103.38306427001953,
101.80091857910156,
102.69713401794434,
102.41317749023438,
103.47175598144531,
105.28707504272461,
102.1420955657959,
102.72002220153809,
103.11603546142578,
103.13224792480469,
103.5001277923584,
103.93190383911133,
105.68809509277344,
104.66599464416504,
107.96999931335449,
106.13894462585449,
106.4450740814209,
107.91897773742676,
106.39786720275879,
108.22391510009766,
107.86199569702148,
108.27898979187012,
107.43975639343262,
109.11083221435547,
109.3292236328125,
106.67109489440918,
110.53776741027832,
108.45184326171875,
107.03420639038086,
108.61682891845703,
111.56797409057617,
108.86120796203613,
107.71679878234863,
107.91826248168945,
111.67478561401367,
107.0699691772461,
109.50708389282227,
111.82403564453125,
109.04908180236816,
108.66999626159668,
106.49490356445312,
107.04398155212402,
108.20722579956055,
104.8891544342041,
106.86326026916504,
105.77917098999023,
103.99198532104492,
104.37178611755371,
103.67894172668457,
101.96995735168457,
101.70698165893555,
105.46875,
103.48200798034668,
103.8670539855957,
102.73504257202148,
103.24907302856445,
104.47573661804199,
105.03816604614258,
105.16595840454102,
105.26895523071289,
102.45728492736816,
105.06010055541992,
105.03602027893066,
104.40182685852051,
103.99007797241211,
103.14297676086426,
105.45706748962402,
102.02693939208984,
104.82978820800781,
107.62786865234375,
108.26873779296875,
107.18083381652832,
107.9869270324707,
110.91303825378418,
107.9249382019043,
109.63010787963867,
109.63797569274902,
108.21890830993652,
110.98885536193848,
114.60304260253906,
109.18474197387695,
113.61312866210938,
116.02902412414551,
115.6318187713623,
114.60995674133301,
113.12317848205566,
117.22683906555176,
109.8780632019043,
110.90612411499023,
117.64812469482422,
112.74600028991699,
113.38686943054199,
116.98794364929199,
107.15913772583008,
107.54776000976562,
108.85500907897949,
104.75397109985352,
105.29613494873047,
104.36487197875977,
103.9271354675293,
102.68211364746094,
103.24525833129883,
103.19900512695312,
102.20909118652344,
104.35199737548828,
104.52508926391602,
104.2172908782959,
102.16093063354492,
103.12819480895996,
104.73799705505371,
138.09585571289062,
119.93789672851562,
127.57515907287598,
116.93191528320312,
137.58182525634766,
128.5109519958496,
117.82693862915039,
140.51127433776855,
130.55109977722168,
134.52386856079102,
114.33172225952148,
136.44909858703613,
