timestamp,request_type,key,latency_ms,stale,returned_version,latest_version,interval_ms,status_code
1775114989.437841,read,k1,113.78979682922363,False,1184,0,,200
1775114989.438111,read,k2,113.92378807067871,False,1219,0,,200
1775114989.937425,write,k5,613.5013103485107,False,1203,1203,,201
1775114989.93777,write,k3,613.1768226623535,False,1192,1192,,201
1775114989.938074,write,k5,618.1750297546387,False,1201,1201,,201
1775114989.9382982,write,k4,615.1719093322754,False,1175,1175,,201
1775114989.938522,write,k5,615.0908470153809,False,1202,1202,,201
1775114989.9387121,write,k3,614.9601936340332,False,1191,1191,,201
1775114989.938911,write,k2,614.5918369293213,False,1220,1220,,201
1775114989.939103,write,k2,614.6507263183594,False,1219,1219,,201
1775114990.0597749,write,k3,615.2932643890381,False,1193,1193,,201
1775114990.060558,write,k1,615.8461570739746,False,1185,1185,,201
1775114990.485961,read,k2,161.44990921020508,False,1221,1220,546.8499660491943,200
1775114990.486472,read,k2,162.30225563049316,False,1221,1220,547.3670959472656,200
1775114990.571841,write,k3,630.666971206665,False,1195,1195,,201
1775114990.57257,write,k4,631.1647891998291,False,1176,1176,,201
1775114990.572914,write,k3,630.7508945465088,False,1194,1194,,201
1775114990.573192,write,k2,630.6807994842529,False,1221,1221,,201
1775114990.573536,write,k5,628.0510425567627,False,1204,1204,,201
1775114990.5740411,write,k1,633.6328983306885,False,1186,1186,,201
1775114990.574432,write,k4,630.4090023040771,False,1178,1178,,201
1775114990.574678,write,k4,631.1008930206299,False,1177,1177,,201
1775114990.688409,write,k4,617.8641319274902,False,1179,1179,,201
1775114990.688619,write,k5,621.1531162261963,False,1205,1205,,201
1775114990.721579,read,k2,141.23177528381348,False,1221,1221,148.38504791259766,200
1775114991.006755,write,k4,683.7387084960938,False,1180,1180,,201
1775114991.0069592,write,k4,684.8678588867188,False,1182,1182,,201
1775114991.007074,write,k4,684.4007968902588,False,1181,1181,,201
1775114991.0071712,write,k5,682.1660995483398,False,1206,1206,,201
1775114991.0072708,write,k1,683.9759349822998,False,1187,1187,,201
1775114991.007359,write,k1,683.7859153747559,False,1188,1188,,201
1775114991.007444,write,k3,683.5789680480957,False,1197,1197,,201
1775114991.00753,write,k3,682.7991008758545,False,1196,1196,,201
1775114991.104578,write,k4,615.7031059265137,False,1183,1183,,201
1775114991.1127071,write,k3,616.7476177215576,False,1198,1198,,201
1775114991.141241,read,k4,129.0109157562256,False,1185,1183,36.659955978393555,200
1775114991.157732,read,k4,143.31698417663574,False,1187,1183,53.15279960632324,200
1775114991.2081048,write,k4,629.0249824523926,False,1184,1184,,201
1775114991.208245,write,k5,629.8680305480957,False,1208,1208,,201
1775114991.208341,write,k5,633.5828304290771,False,1207,1207,,201
1775114991.2323,write,k1,639.2641067504883,False,1190,1190,,201
1775114991.232425,write,k3,648.8978862762451,False,1199,1199,,201
1775114991.232517,write,k2,649.7700214385986,False,1222,1222,,201
1775114991.2326,write,k1,649.3499279022217,False,1189,1189,,201
1775114991.269683,read,k5,126.6031265258789,False,1209,1208,61.341047286987305,200
1775114991.318775,read,k2,105.75485229492188,False,1224,1222,86.2569808959961,200
1775114991.330602,write,k4,638.2119655609131,False,1185,1185,,201
1775114991.3307672,write,k2,632.7130794525146,False,1223,1223,,201
1775114991.334982,write,k5,606.5309047698975,False,1209,1209,,201
1775114991.382981,read,k4,107.0089340209961,False,1189,1185,52.377939224243164,200
1775114991.4480152,read,k3,106.72497749328613,False,1205,1199,215.58809280395508,200
1775114991.562778,read,k2,108.75296592712402,False,1229,1223,232.0101261138916,200
1775114991.6223738,write,k3,607.7229976654053,False,1200,1200,,201
1775114991.622557,write,k4,609.8048686981201,False,1187,1187,,201
1775114991.622713,write,k1,608.1790924072266,False,1192,1192,,201
1775114991.622855,write,k4,613.3198738098145,False,1186,1186,,201
1775114991.622994,write,k3,605.5309772491455,False,1201,1201,,201
1775114991.623141,write,k1,610.2359294891357,False,1191,1191,,201
1775114991.7259781,write,k4,615.699052810669,False,1188,1188,,201
1775114991.732543,read,k5,107.19418525695801,False,1214,1209,397.554874420166,200
1775114991.7366898,read,k1,105.98874092102051,False,1195,1192,113.54589462280273,200
1775114991.7738838,write,k1,616.0299777984619,False,1193,1193,,201
1775114991.780711,write,k1,613.2481098175049,False,1194,1194,,201
1775114991.826318,write,k2,614.8571968078613,False,1224,1224,,201
1775114991.8269372,write,k3,608.9329719543457,False,1202,1202,,201
1775114991.839576,read,k2,106.07194900512695,False,1231,1224,13.252973556518555,200
1775114991.847363,write,k4,608.8576316833496,False,1189,1189,,201
1775114991.8478389,write,k1,611.454963684082,False,1195,1195,,201
1775114991.848207,write,k2,608.8509559631348,False,1226,1226,,201
1775114991.849377,write,k2,613.2738590240479,False,1225,1225,,201
1775114991.896527,read,k1,112.92123794555664,False,1195,1195,48.683881759643555,200
1775114991.938623,write,k3,610.7990741729736,False,1204,1204,,201
1775114991.9391098,write,k4,616.1868572235107,False,1190,1190,,201
1775114991.939441,write,k5,617.0761585235596,False,1210,1210,,201
1775114991.9397178,write,k3,615.7381534576416,False,1203,1203,,201
1775114991.9399722,write,k2,616.8591976165771,False,1227,1227,,201
1775114991.940334,write,k4,616.1720752716064,False,1191,1191,,201
1775114991.9418712,write,k5,618.3784008026123,False,1211,1211,,201
1775114991.942318,write,k3,618.5019016265869,False,1205,1205,,201
1775114991.943274,write,k2,621.2179660797119,False,1228,1228,,201
1775114991.943552,write,k2,620.2561855316162,False,1229,1229,,201
1775114991.9438038,write,k5,620.1682090759277,False,1212,1212,,201
1775114991.9455738,write,k4,607.3048114776611,False,1192,1192,,201
1775114991.953173,write,k5,607.5789928436279,False,1213,1213,,201
1775114991.9977422,write,k5,612.3173236846924,False,1214,1214,,201
1775114992.010431,read,k2,108.73603820800781,False,1233,1229,66.87521934509277,200
1775114992.06129,read,k2,112.90478706359863,False,1234,1229,117.73324012756348,200
1775114992.061845,read,k4,111.4358901977539,False,1196,1192,116.26768112182617,200
1775114992.173156,write,k3,608.9520454406738,False,1206,1206,,201
1775114992.240183,write,k4,613.5280132293701,False,1193,1193,,201
1775114992.24075,write,k3,615.6680583953857,False,1207,1207,,201
1775114992.241112,write,k2,611.3889217376709,False,1231,1231,,201
1775114992.241473,write,k2,615.9839630126953,False,1230,1230,,201
1775114992.352843,write,k2,609.6701622009277,False,1232,1232,,201
1775114992.354741,write,k5,608.8171005249023,False,1215,1215,,201
1775114992.3600261,read,k5,109.32707786560059,False,1224,1215,5.283117294311523,200
1775114992.3905401,write,k5,611.4039421081543,False,1216,1216,,201
1775114992.442776,write,k4,613.2128238677979,False,1194,1194,,201
1775114992.444931,write,k1,608.8259220123291,False,1196,1196,,201
1775114992.4479349,read,k3,120.13792991638184,False,1213,1207,207.1831226348877,200
1775114992.457073,write,k1,608.7276935577393,False,1197,1197,,201
1775114992.461652,write,k5,609.3568801879883,False,1217,1217,,201
1775114992.461969,write,k5,608.1399917602539,False,1218,1218,,201
1775114992.462275,write,k2,611.3278865814209,False,1233,1233,,201
1775114992.4665449,write,k5,610.4450225830078,False,1219,1219,,201
1775114992.554611,write,k3,612.1532917022705,False,1208,1208,,201
1775114992.5551429,write,k2,611.2639904022217,False,1234,1234,,201
1775114992.55548,write,k4,610.6958389282227,False,1195,1195,,201
1775114992.5558069,write,k3,609.7588539123535,False,1209,1209,,201
1775114992.560031,write,k5,608.860969543457,False,1222,1222,,201
1775114992.560401,write,k4,612.4138832092285,False,1196,1196,,201
1775114992.560714,write,k5,613.9049530029297,False,1220,1220,,201
1775114992.560987,write,k3,610.1720333099365,False,1211,1211,,201
1775114992.561228,write,k5,612.5578880310059,False,1221,1221,,201
1775114992.5615559,write,k3,614.3090724945068,False,1210,1210,,201
1775114992.56992,write,k5,609.6680164337158,False,1223,1223,,201
1775114992.61643,write,k4,612.0519638061523,False,1197,1197,,201
1775114992.630312,write,k3,610.447883605957,False,1212,1212,,201
1775114992.670721,read,k3,105.60107231140137,False,1220,1212,40.39502143859863,200
1775114992.67431,write,k3,608.0329418182373,False,1213,1213,,201
1775114992.676057,write,k2,610.6901168823242,False,1235,1235,,201
1775114992.6764019,read,k5,105.90100288391113,False,1228,1223,106.48202896118164,200
1775114992.7859619,write,k1,609.7681522369385,False,1198,1198,,201
1775114992.856009,write,k5,614.2110824584961,False,1224,1224,,201
1775114992.862227,write,k1,610.342264175415,False,1199,1199,,201
1775114992.8625002,write,k2,610.98313331604,False,1236,1236,,201
1775114992.949142,write,k2,619.6541786193848,False,1237,1237,,201
1775114992.949484,write,k4,625.2191066741943,False,1198,1198,,201
1775114992.9497468,write,k2,624.4230270385742,False,1238,1238,,201
1775114992.9519958,write,k5,626.0941028594971,False,1225,1225,,201
1775114992.9522681,write,k3,623.4359741210938,False,1214,1214,,201
1775114992.95247,write,k2,622.6711273193359,False,1240,1240,,201
1775114992.952663,write,k2,624.1750717163086,False,1239,1239,,201
1775114992.9534788,write,k1,624.323844909668,False,1200,1200,,201
1775114992.953731,write,k4,625.5898475646973,False,1199,1199,,201
1775114992.965387,write,k3,607.4168682098389,False,1215,1215,,201
1775114992.965655,write,k4,608.4001064300537,False,1200,1200,,201
1775114992.97383,write,k1,607.454776763916,False,1201,1201,,201
1775114993.009983,write,k2,610.8858585357666,False,1241,1241,,201
1775114993.0571148,write,k4,609.0009212493896,False,1201,1201,,201
1775114993.0601652,write,k3,609.8082065582275,False,1216,1216,,201
1775114993.060559,write,k3,609.2097759246826,False,1217,1217,,201
1775114993.070407,write,k3,607.0170402526855,False,1218,1218,,201
1775114993.070789,write,k3,606.1320304870605,False,1219,1219,,201
1775114993.0722141,write,k5,606.4090728759766,False,1226,1226,,201
1775114993.079933,write,k4,611.1218929290771,False,1202,1202,,201
1775114993.080277,write,k2,609.7168922424316,False,1242,1242,,201
1775114993.169313,write,k2,611.0091209411621,False,1243,1243,,201
1775114993.1700249,write,k2,613.044023513794,False,1244,1244,,201
1775114993.170474,write,k1,608.8159084320068,False,1202,1202,,201
1775114993.170885,write,k3,608.3009243011475,False,1220,1220,,201
1775114993.18165,write,k5,617.3868179321289,False,1227,1227,,201
1775114993.182056,write,k4,614.7730350494385,False,1203,1203,,201
1775114993.182461,write,k5,613.2869720458984,False,1228,1228,,201
1775114993.18276,write,k1,614.7139072418213,False,1203,1203,,201
1775114993.188044,write,k4,607.25998878479,False,1204,1204,,201
1775114993.231714,write,k2,613.3558750152588,False,1245,1245,,201
1775114993.244683,write,k1,611.0849380493164,False,1204,1204,,201
1775114993.28465,write,k1,607.637882232666,False,1205,1205,,201
1775114993.286135,write,k1,608.1640720367432,False,1206,1206,,201
1775114993.29408,write,k1,607.8059673309326,False,1207,1207,,201
1775114993.294423,write,k5,611.1938953399658,False,1229,1229,,201
1775114993.3000672,read,k4,108.34932327270508,False,1209,1204,112.02192306518555,200
1775114993.397456,write,k5,608.177900314331,False,1230,1230,,201
1775114993.451475,read,k1,122.93505668640137,False,1210,1207,157.3941707611084,200
1775114993.451943,read,k5,124.5567798614502,False,1241,1230,54.486989974975586,200
1775114993.4700348,write,k3,609.6749305725098,False,1221,1221,,201
1775114993.483962,write,k4,614.8688793182373,False,1205,1205,,201
1775114993.484309,write,k2,614.2380237579346,False,1246,1246,,201
1775114993.5645509,write,k3,608.6127758026123,False,1222,1222,,201
1775114993.5690591,write,k2,612.6270294189453,False,1247,1247,,201
1775114993.5752242,write,k3,611.3080978393555,False,1224,1224,,201
1775114993.575744,write,k5,619.0450191497803,False,1231,1231,,201
1775114993.576229,write,k5,612.8530502319336,False,1232,1232,,201
1775114993.576569,write,k3,613.7490272521973,False,1223,1223,,201
1775114993.5768142,write,k2,613.166093826294,False,1248,1248,,201
1775114993.577046,write,k4,612.6179695129395,False,1206,1206,,201
1775114993.577284,write,k3,613.1811141967773,False,1225,1225,,201
1775114993.5775511,write,k5,608.4980964660645,False,1233,1233,,201
1775114993.5809011,write,k5,606.867790222168,False,1234,1234,,201
1775114993.590194,write,k2,609.1089248657227,False,1249,1249,,201
1775114993.626704,write,k3,610.3222370147705,False,1226,1226,,201
1775114993.6723578,write,k4,613.4569644927979,False,1207,1207,,201
1775114993.6845171,write,k1,615.1719093322754,False,1208,1208,,201
1775114993.6849,write,k5,612.4801635742188,False,1235,1235,,201
1775114993.685121,write,k4,617.5460815429688,False,1208,1208,,201
1775114993.688449,write,k2,610.3329658508301,False,1250,1250,,201
1775114993.688691,write,k4,610.0330352783203,False,1209,1209,,201
1775114993.698731,write,k5,612.4608516693115,False,1236,1236,,201
1775114993.699042,write,k2,607.5592041015625,False,1251,1251,,201
1775114993.791213,write,k1,619.3981170654297,False,1209,1209,,201
1775114993.7915242,write,k3,618.4031963348389,False,1227,1227,,201
1775114993.7917361,write,k3,613.7018203735352,False,1228,1228,,201
1775114993.7919538,write,k2,616.746187210083,False,1252,1252,,201
1775114993.792474,write,k2,607.7661514282227,False,1253,1253,,201
1775114993.801855,read,k4,108.56127738952637,False,1213,1209,113.1601333618164,200
1775114993.81036,write,k2,622.0600605010986,False,1254,1254,,201
1775114993.811568,write,k5,622.7478981018066,False,1237,1237,,201
1775114993.811966,write,k4,618.1178092956543,False,1210,1210,,201
1775114993.8557792,write,k1,617.7091598510742,False,1210,1210,,201
1775114993.864581,write,k3,609.5831394195557,False,1229,1229,,201
1775114993.9111118,write,k5,619.2028522491455,False,1238,1238,,201
1775114993.911474,write,k5,609.0927124023438,False,1240,1240,,201
1775114993.911741,write,k5,608.9670658111572,False,1241,1241,,201
1775114993.9120681,write,k5,614.5730018615723,False,1239,1239,,201
1775114993.912301,write,k3,619.6019649505615,False,1230,1230,,201
1775114993.956382,write,k3,626.1692047119141,False,1232,1232,,201
1775114993.9568262,write,k5,627.0489692687988,False,1244,1244,,201
1775114993.9570692,write,k5,625.5500316619873,False,1242,1242,,201
1775114993.957288,write,k3,626.0967254638672,False,1231,1231,,201
1775114993.957528,write,k2,626.6558170318604,False,1255,1255,,201
1775114993.9580002,write,k5,627.4502277374268,False,1243,1243,,201
1775114993.9582489,write,k4,626.3508796691895,False,1211,1211,,201
1775114993.958532,write,k2,629.2290687561035,False,1256,1256,,201
1775114994.012352,write,k5,611.2937927246094,False,1245,1245,,201
1775114994.0709991,write,k5,611.8078231811523,False,1246,1246,,201
1775114994.0716212,write,k1,610.2199554443359,False,1211,1211,,201
1775114994.0728981,read,k5,105.04508018493652,False,1255,1246,1.8990039825439453,200
1775114994.0806909,write,k4,608.5119247436523,False,1212,1212,,201
1775114994.115635,write,k5,625.8671283721924,False,1247,1247,,201
1775114994.1162932,write,k1,624.7251033782959,False,1212,1212,,201
1775114994.1836958,read,k1,109.5888614654541,False,1222,1212,67.39997863769531,200
1775114994.185314,write,k2,612.5280857086182,False,1257,1257,,201
1775114994.1856909,write,k4,614.2022609710693,False,1213,1213,,201
1775114994.191,write,k5,611.9828224182129,False,1248,1248,,201
1775114994.1914089,write,k1,611.49001121521,False,1213,1213,,201
1775114994.1917498,write,k2,614.124059677124,False,1258,1258,,201
1775114994.192024,write,k3,613.6829853057861,False,1234,1234,,201
1775114994.1922371,write,k3,614.2020225524902,False,1233,1233,,201
1775114994.224016,write,k5,634.558916091919,False,1250,1250,,201
1775114994.224303,write,k1,635.3473663330078,False,1214,1214,,201
1775114994.2244842,write,k5,637.7489566802979,False,1249,1249,,201
1775114994.224632,write,k2,625.5011558532715,False,1260,1260,,201
1775114994.224769,write,k2,637.6252174377441,False,1259,1259,,201
1775114994.23629,write,k2,607.8550815582275,False,1261,1261,,201
1775114994.284794,write,k1,608.8058948516846,False,1215,1215,,201
1775114994.297508,write,k2,610.0428104400635,False,1262,1262,,201
1775114994.304511,write,k4,611.4580631256104,False,1214,1214,,201
1775114994.3049128,write,k5,612.3387813568115,False,1251,1251,,201
1775114994.305302,write,k1,611.4819049835205,False,1216,1216,,201
1775114994.330844,write,k3,624.6540546417236,False,1235,1235,,201
1775114994.3309948,write,k4,625.4189014434814,False,1215,1215,,201
1775114994.333059,read,k3,103.36804389953613,False,1242,1235,2.215147018432617,200
1775114994.406782,write,k1,612.2949123382568,False,1217,1217,,201
1775114994.4099252,write,k3,613.8379573822021,False,1236,1236,,201
1775114994.410339,write,k1,614.9189472198486,False,1218,1218,,201
1775114994.4107788,write,k3,612.8342151641846,False,1237,1237,,201
1775114994.4110641,write,k4,615.9560680389404,False,1216,1216,,201
1775114994.4264472,write,k4,614.2239570617676,False,1217,1217,,201
1775114994.427144,write,k1,612.346887588501,False,1219,1219,,201
1775114994.427552,write,k4,609.7617149353027,False,1218,1218,,201
1775114994.427834,write,k5,620.1462745666504,False,1252,1252,,201
1775114994.437068,read,k3,109.62319374084473,False,1243,1237,26.285886764526367,200
1775114994.442772,read,k4,104.64620590209961,False,1225,1218,15.218019485473633,200
1775114994.476682,write,k5,609.2619895935059,False,1253,1253,,201
1775114994.4772868,write,k4,613.8858795166016,False,1219,1219,,201
1775114994.530435,write,k3,609.7331047058105,False,1238,1238,,201
1775114994.534175,write,k5,618.9630031585693,False,1254,1254,,201
1775114994.5348322,write,k2,618.7119483947754,False,1263,1263,,201
1775114994.5353851,write,k1,618.4587478637695,False,1220,1220,,201
1775114994.535888,write,k2,619.2619800567627,False,1264,1264,,201
1775114994.576416,write,k4,610.4917526245117,False,1220,1220,,201
1775114994.576849,write,k3,611.9849681854248,False,1240,1240,,201
1775114994.577366,write,k3,615.0369644165039,False,1239,1239,,201
1775114994.57773,write,k1,618.3123588562012,False,1221,1221,,201
1775114994.57801,write,k1,617.8779602050781,False,1222,1222,,201
1775114994.578326,write,k4,610.8942031860352,False,1221,1221,,201
1775114994.578572,write,k5,615.5929565429688,False,1255,1255,,201
1775114994.6361659,write,k2,618.1991100311279,False,1265,1265,,201
1775114994.687076,write,k4,610.1479530334473,False,1222,1222,,201
1775114994.6912808,write,k3,615.6580448150635,False,1241,1241,,201
1775114994.692378,write,k2,609.1961860656738,False,1266,1266,,201
1775114994.736853,write,k4,611.8180751800537,False,1223,1223,,201
1775114994.737679,write,k1,613.4510040283203,False,1223,1223,,201
1775114994.793638,write,k1,607.7818870544434,False,1224,1224,,201
1775114994.796224,write,k1,609.3540191650391,False,1225,1225,,201
1775114994.799593,write,k4,609.6770763397217,False,1224,1224,,201
1775114994.815284,write,k2,616.3818836212158,False,1267,1267,,201
1775114994.815917,write,k1,618.2961463928223,False,1226,1226,,201
1775114994.816443,write,k3,617.9778575897217,False,1242,1242,,201
1775114994.816875,write,k1,615.6229972839355,False,1227,1227,,201
1775114994.817158,write,k1,617.8691387176514,False,1228,1228,,201
1775114994.849969,write,k3,619.5831298828125,False,1243,1243,,201
1775114994.850492,write,k5,619.3008422851562,False,1256,1256,,201
1775114994.8508558,write,k1,617.222785949707,False,1229,1229,,201
1775114994.851152,write,k5,618.7131404876709,False,1257,1257,,201
1775114994.8627,write,k1,608.8969707489014,False,1230,1230,,201
1775114994.906293,write,k5,610.4602813720703,False,1258,1258,,201
1775114994.910687,write,k2,610.7139587402344,False,1268,1268,,201
1775114994.924808,read,k2,107.01990127563477,False,1272,1268,14.120817184448242,200
1775114994.952391,write,k1,612.0262145996094,False,1231,1231,,201
1775114994.952806,write,k4,639.3578052520752,False,1225,1225,,201
1775114994.953055,write,k1,610.3360652923584,False,1232,1232,,201
1775114994.953302,write,k2,626.4991760253906,False,1269,1269,,201
1775114995.025121,write,k1,608.8807582855225,False,1234,1234,,201
1775114995.025855,write,k1,612.725019454956,False,1233,1233,,201
1775114995.02988,write,k3,612.8020286560059,False,1244,1244,,201
1775114995.030251,write,k4,611.9890213012695,False,1226,1226,,201
1775114995.031959,write,k3,612.3471260070801,False,1245,1245,,201
1775114995.041271,write,k4,607.8588962554932,False,1229,1229,,201
1775114995.041857,write,k4,608.8461875915527,False,1228,1228,,201
1775114995.042346,write,k2,609.8020076751709,False,1270,1270,,201
1775114995.042838,write,k4,610.8360290527344,False,1227,1227,,201
1775114995.047924,write,k3,608.7369918823242,False,1246,1246,,201
1775114995.062696,write,k5,611.274003982544,False,1259,1259,,201
1775114995.094053,write,k5,611.9379997253418,False,1260,1260,,201
1775114995.094479,write,k1,611.5877628326416,False,1235,1235,,201
1775114995.147739,read,k3,110.1219654083252,False,1258,1246,99.80893135070801,200
1775114995.1541681,write,k1,621.8488216400146,False,1236,1236,,201
1775114995.154752,write,k3,611.3889217376709,False,1247,1247,,201
1775114995.155241,write,k2,613.6832237243652,False,1271,1271,,201
1775114995.1556978,write,k1,617.3131465911865,False,1237,1237,,201
1775114995.156231,write,k4,618.912935256958,False,1230,1230,,201
1775114995.171293,read,k2,106.80818557739258,False,1284,1271,16.049861907958984,200
1775114995.192937,write,k5,613.9447689056396,False,1261,1261,,201
1775114995.193439,write,k1,610.9440326690674,False,1238,1238,,201
1775114995.19377,write,k3,613.3260726928711,False,1248,1248,,201
1775114995.1941068,write,k4,614.008903503418,False,1231,1231,,201
1775114995.200375,write,k3,613.623857498169,False,1250,1250,,201
1775114995.200898,write,k3,613.4979724884033,False,1249,1249,,201
1775114995.201222,write,k1,613.4719848632812,False,1239,1239,,201
1775114995.255727,write,k3,611.4439964294434,False,1251,1251,,201
1775114995.3040261,write,k2,614.4447326660156,False,1272,1272,,201
1775114995.318296,write,k4,617.9990768432617,False,1232,1232,,201
1775114995.318997,write,k5,617.750883102417,False,1262,1262,,201
1775114995.358592,write,k3,610.4669570922852,False,1253,1253,,201
1775114995.3591301,write,k3,611.9751930236816,False,1252,1252,,201
1775114995.406549,write,k4,610.1410388946533,False,1233,1233,,201
1775114995.4115999,write,k1,609.062910079956,False,1240,1240,,201
1775114995.4122,write,k3,611.1447811126709,False,1254,1254,,201
1775114995.431531,write,k5,612.8759384155273,False,1263,1263,,201
1775114995.4322,write,k1,613.1830215454102,False,1241,1241,,201
1775114995.433321,write,k5,608.767032623291,False,1264,1264,,201
1775114995.43364,write,k3,608.4918975830078,False,1255,1255,,201
1775114995.464542,write,k4,611.2492084503174,False,1234,1234,,201
1775114995.46509,write,k5,611.213207244873,False,1265,1265,,201
1775114995.473131,write,k2,613.3692264556885,False,1274,1274,,201
1775114995.473705,write,k2,614.7158145904541,False,1273,1273,,201
1775114995.477498,write,k3,609.4539165496826,False,1256,1256,,201
1775114995.5349288,write,k5,620.9583282470703,False,1266,1266,,201
1775114995.535127,write,k3,619.2536354064941,False,1257,1257,,201
1775114995.5374742,write,k2,607.4841022491455,False,1275,1275,,201
1775114995.5765681,write,k2,616.1849498748779,False,1277,1277,,201
1775114995.576916,write,k1,618.3769702911377,False,1242,1242,,201
1775114995.5771189,write,k2,619.9629306793213,False,1276,1276,,201
1775114995.577306,write,k3,619.3482875823975,False,1258,1258,,201
1775114995.640359,write,k2,608.2496643066406,False,1280,1280,,201
1775114995.640983,write,k2,612.281084060669,False,1279,1279,,201
1775114995.641461,write,k2,613.792896270752,False,1278,1278,,201
1775114995.645337,write,k2,608.2601547241211,False,1281,1281,,201
1775114995.6468952,read,k3,103.6520004272461,False,1266,1258,69.58699226379395,200
1775114995.659126,write,k3,608.8788509368896,False,1259,1259,,201
1775114995.6596942,write,k2,609.8120212554932,False,1282,1282,,201
1775114995.660307,write,k5,612.231969833374,False,1267,1267,,201
1775114995.662102,write,k2,611.5257740020752,False,1284,1284,,201
1775114995.662663,write,k2,611.7720603942871,False,1283,1283,,201
1775114995.692458,read,k2,105.9122085571289,False,1292,1284,29.79302406311035,200
1775114995.707062,write,k3,608.870267868042,False,1260,1260,,201
1775114995.7106628,write,k4,610.1360321044922,False,1235,1235,,201
1775114995.7692611,write,k3,612.4980449676514,False,1261,1261,,201
1775114995.7696981,write,k3,611.3481521606445,False,1262,1262,,201
1775114995.770078,write,k3,610.407829284668,False,1263,1263,,201
1775114995.7740428,write,k1,611.9706630706787,False,1243,1243,,201
1775114995.7743511,write,k3,611.6321086883545,False,1264,1264,,201
1775114995.774621,write,k4,609.1578006744385,False,1236,1236,,201
1775114995.794893,write,k2,612.185001373291,False,1285,1285,,201
1775114995.810928,write,k1,614.4289970397949,False,1244,1244,,201
1775114995.81141,write,k3,610.0869178771973,False,1265,1265,,201
1775114995.811736,write,k1,614.5720481872559,False,1245,1245,,201
1775114995.8120399,write,k2,608.2708835601807,False,1286,1286,,201
1775114995.812284,write,k4,614.3760681152344,False,1237,1237,,201
1775114995.8125172,write,k5,609.2290878295898,False,1268,1268,,201
1775114995.819629,write,k5,614.4893169403076,False,1269,1269,,201
1775114995.8793721,write,k5,612.9207611083984,False,1270,1270,,201
1775114995.928313,read,k3,110.24188995361328,False,1270,1265,116.90497398376465,200
1775114995.93776,write,k2,615.3368949890137,False,1287,1287,,201
1775114995.937859,write,k4,614.3131256103516,False,1238,1238,,201
1775114995.93795,write,k3,625.1661777496338,False,1266,1266,,201
1775114995.9806771,write,k4,607.8517436981201,False,1239,1239,,201
1775114995.9807801,write,k1,608.5357666015625,False,1246,1246,,201
1775114996.038095,write,k1,619.5311546325684,False,1247,1247,,201
1775114996.038212,write,k2,621.4430332183838,False,1288,1288,,201
1775114996.038294,write,k2,620.1260089874268,False,1289,1289,,201
1775114996.046324,write,k4,607.7029705047607,False,1240,1240,,201
1775114996.0464268,write,k5,611.3851070404053,False,1271,1271,,201
1775114996.046517,write,k2,609.1680526733398,False,1290,1290,,201
1775114996.048343,write,k2,608.0751419067383,False,1291,1291,,201
1775114996.085036,write,k4,609.112024307251,False,1242,1242,,201
1775114996.0851479,write,k1,611.3002300262451,False,1248,1248,,201
1775114996.085257,write,k4,610.7151508331299,False,1241,1241,,201
1775114996.086138,write,k4,607.954740524292,False,1243,1243,,201
1775114996.095841,write,k2,607.7280044555664,False,1292,1292,,201
1775114996.148864,write,k5,608.2189083099365,False,1272,1272,,201
1775114996.149036,write,k1,607.0530414581299,False,1249,1249,,201
1775114996.191662,write,k1,608.2298755645752,False,1250,1250,,201
1775114996.191848,write,k3,610.0120544433594,False,1267,1267,,201
1775114996.192021,write,k4,608.2191467285156,False,1244,1244,,201
1775114996.256845,write,k1,607.4748039245605,False,1251,1251,,201
1775114996.258703,write,k4,608.104944229126,False,1245,1245,,201
1775114996.258831,write,k1,606.799840927124,False,1252,1252,,201
1775114996.258956,write,k3,610.4340553283691,False,1268,1268,,201
1775114996.261296,write,k4,607.7568531036377,False,1246,1246,,201
1775114996.272647,write,k3,609.8589897155762,False,1269,1269,,201
1775114996.2727838,write,k2,609.3239784240723,False,1293,1293,,201
1775114996.276787,write,k3,606.83274269104,False,1270,1270,,201
1775114996.2769222,write,k4,608.1006526947021,False,1248,1248,,201
1775114996.277051,write,k4,609.5938682556152,False,1247,1247,,201
1775114996.3095438,write,k2,608.4060668945312,False,1294,1294,,201
1775114996.3215349,write,k5,604.7680377960205,False,1273,1273,,201
1775114996.3217049,write,k2,608.9701652526855,False,1295,1295,,201
1775114996.384177,write,k4,609.0638637542725,False,1249,1249,,201
1775114996.384487,write,k5,608.2048416137695,False,1274,1274,,201
1775114996.388927,write,k5,611.0670566558838,False,1275,1275,,201
1775114996.389628,write,k2,609.7049713134766,False,1296,1296,,201
1775114996.389908,write,k4,610.3599071502686,False,1250,1250,,201
1775114996.390145,write,k5,608.6490154266357,False,1276,1276,,201
1775114996.390398,read,k5,104.57587242126465,False,1290,1276,0.25200843811035156,200
1775114996.413339,write,k4,609.4422340393066,False,1251,1251,,201
1775114996.431183,write,k5,610.2819442749023,False,1278,1278,,201
1775114996.431656,write,k5,610.0401878356934,False,1279,1279,,201
1775114996.43196,write,k1,614.2809391021729,False,1253,1253,,201
1775114996.4322171,write,k5,612.4629974365234,False,1277,1277,,201
1775114996.432508,write,k4,615.8897876739502,False,1252,1252,,201
1775114996.4390059,write,k4,610.1469993591309,False,1253,1253,,201
1775114996.492576,write,k4,606.8658828735352,False,1254,1254,,201
1775114996.5475001,write,k4,607.7477931976318,False,1255,1255,,201
1775114996.548269,write,k2,610.8002662658691,False,1297,1297,,201
1775114996.54894,write,k5,608.2272529602051,False,1280,1280,,201
1775114996.555535,write,k1,611.030101776123,False,1254,1254,,201
1775114996.5970051,write,k5,611.2141609191895,False,1281,1281,,201
1775114996.597705,write,k5,610.5186939239502,False,1282,1282,,201
1775114996.653753,write,k4,610.9418869018555,False,1256,1256,,201
1775114996.6544251,write,k5,611.4380359649658,False,1283,1283,,201
1775114996.655333,write,k4,606.1058044433594,False,1258,1258,,201
1775114996.655869,write,k5,605.0870418548584,False,1284,1284,,201
1775114996.65635,write,k4,607.9599857330322,False,1257,1257,,201
1775114996.658774,write,k2,606.8100929260254,False,1298,1298,,201
1775114996.663757,write,k1,605.2532196044922,False,1255,1255,,201
1775114996.698366,write,k4,606.5969467163086,False,1259,1259,,201
1775114996.698851,write,k4,607.2750091552734,False,1260,1260,,201
1775114996.702774,write,k1,609.5201969146729,False,1256,1256,,201
1775114996.7032351,write,k1,608.6339950561523,False,1257,1257,,201
1775114996.713024,write,k4,608.3800792694092,False,1261,1261,,201
1775114996.762523,write,k2,609.5092296600342,False,1299,1299,,201
1775114996.766019,write,k1,607.0117950439453,False,1258,1258,,201
1775114996.766261,read,k2,104.72679138183594,False,1303,1299,3.741025924682617,200
1775114996.806297,write,k1,608.5219383239746,False,1259,1259,,201
1775114996.806756,write,k5,607.0120334625244,False,1286,1286,,201
1775114996.8070579,write,k5,609.0641021728516,False,1285,1285,,201
1775114996.8646011,write,k1,605.5679321289062,False,1260,1260,,201
1775114996.869628,write,k3,605.7231426239014,False,1271,1271,,201
1775114996.87025,write,k5,607.5339317321777,False,1287,1287,,201
1775114996.873915,write,k1,611.3958358764648,False,1261,1261,,201
1775114996.875768,write,k5,607.4798107147217,False,1288,1288,,201
1775114996.8824918,write,k5,607.2418689727783,False,1289,1289,,201
1775114996.884188,write,k4,606.3070297241211,False,1262,1262,,201
1775114996.889369,write,k5,608.0238819122314,False,1290,1290,,201
1775114996.8898282,write,k4,606.8990230560303,False,1263,1263,,201
1775114996.927934,write,k3,609.0457439422607,False,1272,1272,,201
1775114996.9429078,write,k5,612.2219562530518,False,1292,1292,,201
1775114996.9436202,write,k5,612.7321720123291,False,1291,1291,,201
1775114996.991935,read,k3,108.49595069885254,False,1279,1272,64.00012969970703,200
1775114997.003113,write,k3,610.5568408966064,False,1273,1273,,201
1775114997.006651,write,k1,610.6588840484619,False,1263,1263,,201
1775114997.007225,write,k5,607.227087020874,False,1295,1295,,201
1775114997.008662,write,k1,614.2468452453613,False,1262,1262,,201
1775114997.009286,write,k5,616.1789894104004,False,1293,1293,,201
1775114997.0100942,write,k5,616.6510581970215,False,1294,1294,,201
1775114997.010464,write,k2,612.0657920837402,False,1300,1300,,201
1775114997.03467,write,k2,612.3719215393066,False,1301,1301,,201
1775114997.055795,write,k1,615.807056427002,False,1265,1265,,201
1775114997.056656,write,k2,617.1371936798096,False,1302,1302,,201
1775114997.057218,write,k1,621.2763786315918,False,1264,1264,,201
1775114997.057695,write,k4,620.5251216888428,False,1265,1265,,201
1775114997.058145,write,k4,621.49977684021,False,1264,1264,,201
1775114997.059215,write,k4,613.6620044708252,False,1266,1266,,201
1775114997.114187,write,k2,611.4559173583984,False,1303,1303,,201
1775114997.125987,read,k4,107.50579833984375,False,1280,1266,66.76769256591797,200
1775114997.126512,read,k3,106.97388648986816,False,1282,1273,123.40092658996582,200
1775114997.1668348,write,k4,608.4480285644531,False,1268,1268,,201
1775114997.167516,write,k4,610.023021697998,False,1267,1267,,201
1775114997.168094,write,k1,614.4168376922607,False,1266,1266,,201
1775114997.169439,write,k4,609.795093536377,False,1269,1269,,201
1775114997.212521,write,k4,610.7418537139893,False,1271,1271,,201
1775114997.213249,write,k4,612.4470233917236,False,1270,1270,,201
1775114997.236552,read,k5,105.94010353088379,False,1302,1295,226.45282745361328,200
1775114997.267431,write,k4,610.9030246734619,False,1272,1272,,201
1775114997.268131,write,k3,610.9707355499268,False,1274,1274,,201
1775114997.2692952,write,k5,608.3099842071533,False,1296,1296,,201
1775114997.27521,write,k5,608.248233795166,False,1298,1298,,201
1775114997.275792,write,k5,609.421968460083,False,1297,1297,,201
1775114997.282072,write,k3,609.2977523803711,False,1275,1275,,201
1775114997.313129,write,k1,607.6858043670654,False,1268,1268,,201
1775114997.3154812,write,k1,612.1189594268799,False,1267,1267,,201
1775114997.319284,write,k2,610.0258827209473,False,1304,1304,,201
1775114997.319833,write,k2,609.795093536377,False,1305,1305,,201
1775114997.326705,write,k3,607.8319549560547,False,1276,1276,,201
1775114997.3762739,write,k3,611.0279560089111,False,1277,1277,,201
1775114997.386664,write,k3,609.677791595459,False,1278,1278,,201
1775114997.3871129,write,k1,609.5778942108154,False,1269,1269,,201
1775114997.429065,write,k4,615.0598526000977,False,1273,1273,,201
1775114997.43058,write,k4,615.8361434936523,False,1274,1274,,201
1775114997.4310348,write,k4,614.7449016571045,False,1275,1275,,201
1775114997.483348,write,k4,610.6157302856445,False,1276,1276,,201
1775114997.484214,write,k5,609.09104347229,False,1299,1299,,201
1775114997.484896,write,k3,610.8388900756836,False,1279,1279,,201
1775114997.4901671,write,k5,609.403133392334,False,1300,1300,,201
1775114997.496438,write,k4,609.6727848052979,False,1277,1277,,201
1775114997.5033422,read,k4,111.32502555847168,False,1283,1277,6.901979446411133,200
1775114997.504927,write,k2,609.4229221343994,False,1306,1306,,201
1775114997.5052958,write,k1,610.496997833252,False,1270,1270,,201
1775114997.508969,write,k3,609.2329025268555,False,1280,1280,,201
1775114997.548092,write,k4,614.5243644714355,False,1278,1278,,201
1775114997.553757,write,k3,608.8869571685791,False,1281,1281,,201
1775114997.562909,write,k4,610.4271411895752,False,1279,1279,,201
1775114997.6025002,read,k1,109.38286781311035,False,1277,1270,97.1977710723877,200
1775114997.606457,read,k1,107.93304443359375,False,1277,1270,101.15885734558105,200
1775114997.607574,write,k1,609.8465919494629,False,1271,1271,,201
1775114997.618552,read,k3,108.07609558105469,False,1290,1281,64.79096412658691,200
1775114997.61998,write,k4,609.4000339508057,False,1280,1280,,201
1775114997.620546,write,k2,613.1670475006104,False,1307,1307,,201
1775114997.623592,write,k1,611.018180847168,False,1272,1272,,201
1775114997.624136,write,k3,608.8862419128418,False,1282,1282,,201
1775114997.6271749,write,k2,608.2897186279297,False,1308,1308,,201
1775114997.65119,write,k5,612.3988628387451,False,1301,1301,,201
1775114997.671065,write,k4,610.4710102081299,False,1281,1281,,201
1775114997.6717582,write,k2,610.192060470581,False,1309,1309,,201
1775114997.672319,write,k5,613.0220890045166,False,1302,1302,,201
1775114997.6728508,write,k3,614.5532131195068,False,1283,1283,,201
1775114997.673791,write,k3,607.8059673309326,False,1285,1285,,201
1775114997.674098,write,k3,611.8149757385254,False,1284,1284,,201
1775114997.715567,read,k1,106.41694068908691,False,1277,1272,91.97092056274414,200
1775114997.7249012,write,k1,609.1909408569336,False,1273,1273,,201
1775114997.741133,write,k5,607.8929901123047,False,1303,1303,,201
1775114997.7795699,read,k5,104.56609725952148,False,1311,1303,38.43402862548828,200
1775114997.7825012,read,k2,105.56316375732422,False,1322,1309,110.74018478393555,200
1775114997.790146,write,k3,614.3779754638672,False,1286,1286,,201
1775114997.7907321,write,k1,612.8640174865723,False,1274,1274,,201
1775114997.791136,write,k4,614.5117282867432,False,1282,1282,,201
1775114997.791522,write,k3,614.246129989624,False,1287,1287,,201
1775114997.7923021,read,k4,112.89691925048828,False,1289,1282,1.1641979217529297,200
1775114997.827605,write,k5,611.644983291626,False,1304,1304,,201
1775114997.828455,write,k2,608.6349487304688,False,1310,1310,,201
1775114997.851236,write,k5,608.8619232177734,False,1305,1305,,201
1775114997.884213,write,k3,612.663745880127,False,1288,1288,,201
1775114997.8849611,write,k2,614.3019199371338,False,1311,1311,,201
1775114997.885535,write,k2,608.593225479126,False,1312,1312,,201
1775114997.887845,write,k2,608.8230609893799,False,1313,1313,,201
1775114997.889353,write,k4,609.0350151062012,False,1283,1283,,201
1775114997.894907,write,k5,610.1360321044922,False,1306,1306,,201
1775114997.9292412,write,k2,608.098030090332,False,1314,1314,,201
1775114997.933585,write,k1,611.7699146270752,False,1275,1275,,201
1775114997.941119,write,k1,610.7008457183838,False,1276,1276,,201
1775114997.941619,write,k5,613.4738922119141,False,1307,1307,,201
1775114997.942573,write,k5,613.8350963592529,False,1308,1308,,201
1775114997.994763,write,k3,612.7979755401611,False,1289,1289,,201
1775114998.006249,write,k1,612.5099658966064,False,1277,1277,,201
1775114998.0491111,write,k4,610.450029373169,False,1284,1284,,201
1775114998.04987,write,k3,612.199068069458,False,1290,1290,,201
1775114998.050442,write,k5,610.051155090332,False,1309,1309,,201
1775114998.05207,read,k5,107.38515853881836,False,1320,1309,1.62506103515625,200
1775114998.095274,write,k4,607.414960861206,False,1285,1285,,201
1775114998.101475,write,k2,609.0130805969238,False,1315,1315,,201
1775114998.107771,write,k2,607.8269481658936,False,1316,1316,,201
1775114998.11759,write,k4,610.0928783416748,False,1286,1286,,201
1775114998.119565,write,k2,608.253002166748,False,1317,1317,,201
1775114998.1217349,write,k4,608.5169315338135,False,1287,1287,,201
1775114998.161029,read,k3,108.71005058288574,False,1298,1290,111.15288734436035,200
1775114998.162004,write,k3,609.6320152282715,False,1291,1291,,201
1775114998.17235,write,k4,608.7057590484619,False,1288,1288,,201
1775114998.1772852,write,k2,609.320878982544,False,1318,1318,,201
1775114998.213841,write,k3,609.6818447113037,False,1292,1292,,201
1775114998.226135,write,k2,610.3980541229248,False,1319,1319,,201
1775114998.234232,write,k2,611.9048595428467,False,1320,1320,,201
1775114998.2356539,read,k4,113.3577823638916,False,1291,1288,63.30609321594238,200
1775114998.236059,write,k2,608.0787181854248,False,1321,1321,,201
1775114998.236356,write,k5,609.8859310150146,False,1310,1310,,201
1775114998.236639,write,k5,610.602617263794,False,1311,1311,,201
1775114998.237928,write,k4,605.5660247802734,False,1289,1289,,201
1775114998.243295,write,k3,608.7989807128906,False,1293,1293,,201
1775114998.26705,write,k2,607.5797080993652,False,1322,1322,,201
1775114998.2735739,read,k1,109.3449592590332,False,1284,1277,267.3218250274658,200
1775114998.298471,write,k5,618.5109615325928,False,1312,1312,,201
1775114998.299178,write,k5,615.2429580688477,False,1313,1313,,201
1775114998.299638,write,k2,615.3860092163086,False,1323,1323,,201
1775114998.332722,write,k5,609.5879077911377,False,1314,1314,,201
1775114998.339821,write,k5,609.0188026428223,False,1315,1315,,201
1775114998.361553,write,k1,608.0398559570312,False,1278,1278,,201
1775114998.39293,read,k4,110.31389236450195,False,1293,1289,154.9968719482422,200
1775114998.398019,write,k5,614.2499446868896,False,1316,1316,,201
1775114998.398488,write,k4,609.8639965057373,False,1290,1290,,201
1775114998.405225,write,k3,608.5660457611084,False,1294,1294,,201
1775114998.4056268,write,k2,610.8353137969971,False,1324,1324,,201
1775114998.4068868,write,k2,609.1840267181396,False,1325,1325,,201
1775114998.4072478,write,k1,608.9746952056885,False,1279,1279,,201
1775114998.4075892,write,k2,608.325719833374,False,1326,1326,,201
1775114998.444899,write,k1,612.3828887939453,False,1280,1280,,201
1775114998.445431,write,k5,612.0791435241699,False,1317,1317,,201
1775114998.4624388,write,k5,607.5460910797119,False,1318,1318,,201
1775114998.4986691,write,k3,609.112024307251,False,1295,1295,,201
1775114998.49922,write,k4,608.8190078735352,False,1291,1291,,201
1775114998.49952,write,k3,607.733964920044,False,1296,1296,,201
1775114998.50207,write,k1,608.2711219787598,False,1281,1281,,201
1775114998.5046349,write,k5,608.3440780639648,False,1319,1319,,201
1775114998.514297,write,k5,609.4708442687988,False,1320,1320,,201
1775114998.541228,write,k1,609.4620227813721,False,1282,1282,,201
1775114998.548616,write,k2,606.8029403686523,False,1327,1327,,201
1775114998.554222,write,k3,608.7749004364014,False,1297,1297,,201
1775114998.557635,write,k1,609.9629402160645,False,1283,1283,,201
1775114998.611447,write,k2,609.483003616333,False,1328,1328,,201
1775114998.613888,read,k2,106.7202091217041,False,1340,1328,2.440929412841797,200
1775114998.624861,write,k3,608.8531017303467,False,1298,1298,,201
1775114998.668351,write,k2,611.5388870239258,False,1329,1329,,201
1775114998.668798,write,k2,606.9869995117188,False,1330,1330,,201
1775114998.669117,write,k3,608.9248657226562,False,1299,1299,,201
1775114998.712267,write,k1,608.6850166320801,False,1284,1284,,201
1775114998.7211342,write,k2,609.2410087585449,False,1331,1331,,201
1775114998.7283158,write,k5,612.0889186859131,False,1321,1321,,201
1775114998.733294,write,k2,610.5191707611084,False,1332,1332,,201
1775114998.7335958,write,k5,608.4110736846924,False,1322,1322,,201
1775114998.780719,write,k5,610.0709438323975,False,1323,1323,,201
1775114998.794018,write,k3,613.6572360992432,False,1300,1300,,201
1775114998.7944582,write,k1,611.0129356384277,False,1285,1285,,201
1775114998.825541,read,k1,107.59806632995605,False,1295,1285,31.080007553100586,200
1775114998.825991,write,k1,608.6878776550293,False,1286,1286,,201
1775114998.846337,write,k4,611.853837966919,False,1292,1292,,201
1775114998.851062,write,k3,607.3489189147949,False,1301,1301,,201
1775114998.851413,write,k4,611.5732192993164,False,1293,1293,,201
1775114998.8517618,write,k2,609.9538803100586,False,1334,1334,,201
1775114998.852009,write,k2,611.6268634796143,False,1333,1333,,201
1775114998.8522408,write,k5,610.0077629089355,False,1324,1324,,201
1775114998.8579981,write,k3,612.5390529632568,False,1302,1302,,201
1775114998.864342,write,k2,610.5568408966064,False,1335,1335,,201
1775114998.8830059,write,k2,610.8663082122803,False,1336,1336,,201
1775114998.9112918,write,k1,609.4708442687988,False,1287,1287,,201
1775114998.915346,write,k2,607.4788570404053,False,1337,1337,,201
1775114998.915688,write,k4,608.6032390594482,False,1294,1294,,201
1775114998.954904,write,k4,611.2489700317383,False,1295,1295,,201
1775114998.9579442,write,k5,609.6620559692383,False,1325,1325,,201
1775114998.9703932,read,k5,109.86804962158203,False,1331,1325,12.445926666259766,200
1775114998.980174,write,k1,611.1071109771729,False,1288,1288,,201
1775114999.004587,write,k4,609.177827835083,False,1296,1296,,201
1775114999.012384,write,k3,609.8477840423584,False,1303,1303,,201
1775114999.012789,write,k5,611.0398769378662,False,1326,1326,,201
1775114999.017921,write,k1,608.7045669555664,False,1290,1290,,201
1775114999.018294,write,k1,609.6611022949219,False,1289,1289,,201
1775114999.0246642,write,k1,610.0978851318359,False,1291,1291,,201
1775114999.0250208,write,k2,609.2731952667236,False,1338,1338,,201
1775114999.025295,write,k4,610.0280284881592,False,1297,1297,,201
1775114999.067786,write,k2,613.0890846252441,False,1339,1339,,201
1775114999.068259,write,k5,614.4180297851562,False,1327,1327,,201
1775114999.082207,write,k1,608.8552474975586,False,1292,1292,,201
1775114999.083734,read,k3,107.23495483398438,False,1316,1303,71.35009765625,200
1775114999.1117172,write,k2,610.6059551239014,False,1340,1340,,201
1775114999.1156218,write,k1,607.8667640686035,False,1293,1293,,201
1775114999.1160069,write,k3,606.895923614502,False,1304,1304,,201
1775114999.119798,write,k2,607.6653003692627,False,1341,1341,,201
1775114999.1272352,write,k2,606.4989566802979,False,1342,1342,,201
1775114999.170738,write,k3,610.368013381958,False,1306,1306,,201
1775114999.171306,write,k1,618.6418533325195,False,1295,1295,,201
1775114999.171623,write,k3,613.2190227508545,False,1305,1305,,201
1775114999.171923,write,k1,620.4731464385986,False,1294,1294,,201
1775114999.223922,write,k4,609.853982925415,False,1298,1298,,201
1775114999.226959,write,k5,607.0477962493896,False,1328,1328,,201
1775114999.2370281,write,k3,608.2801818847656,False,1307,1307,,201
1775114999.281064,write,k4,610.297679901123,False,1299,1299,,201
1775114999.283252,write,k4,611.8900775909424,False,1300,1300,,201
1775114999.283562,write,k3,610.7940673828125,False,1308,1308,,201
1775114999.337203,read,k2,110.04185676574707,False,1348,1342,209.96499061584473,200
1775114999.346796,write,k5,615.123987197876,False,1329,1329,,201
1775114999.3499799,write,k3,617.3141002655029,False,1309,1309,,201
1775114999.350413,write,k1,610.339879989624,False,1296,1296,,201
1775114999.350915,write,k3,616.04905128479,False,1310,1310,,201
1775114999.390652,write,k2,606.9521903991699,False,1343,1343,,201
1775114999.405545,write,k5,607.6068878173828,False,1330,1330,,201
1775114999.4060879,write,k1,608.84690284729,False,1297,1297,,201
1775114999.437302,write,k3,608.2580089569092,False,1311,1311,,201
1775114999.442094,write,k4,606.6818237304688,False,1301,1301,,201
1775114999.4747891,write,k3,615.0331497192383,False,1313,1313,,201
1775114999.4753191,write,k5,619.4219589233398,False,1331,1331,,201
1775114999.475866,write,k3,615.6909465789795,False,1314,1314,,201
1775114999.476328,write,k3,622.2710609436035,False,1312,1312,,201
1775114999.4767292,write,k4,623.2211589813232,False,1302,1302,,201
1775114999.4770932,write,k2,615.4649257659912,False,1344,1344,,201
1775114999.484292,write,k3,608.7040901184082,False,1315,1315,,201
1775114999.4992661,write,k3,611.393928527832,False,1316,1316,,201
1775114999.527811,write,k4,613.631010055542,False,1303,1303,,201
1775114999.5341592,write,k5,609.4448566436768,False,1332,1332,,201
1775114999.534799,write,k2,609.31396484375,False,1345,1345,,201
1775114999.552466,read,k1,109.62295532226562,False,1308,1297,146.37303352355957,200
1775114999.566122,write,k1,609.9119186401367,False,1298,1298,,201
1775114999.5698628,write,k5,610.1939678192139,False,1333,1333,,201
1775114999.596661,write,k3,609.8012924194336,False,1317,1317,,201
1775114999.622619,write,k3,613.1970882415771,False,1318,1318,,201
1775114999.6332438,write,k1,611.8180751800537,False,1300,1300,,201
1775114999.633694,write,k1,611.4711761474609,False,1301,1301,,201
1775114999.634005,write,k1,613.6469841003418,False,1299,1299,,201
1775114999.634688,write,k5,608.3343029022217,False,1334,1334,,201
1775114999.635516,write,k4,608.6657047271729,False,1304,1304,,201
1775114999.639765,write,k2,607.6836585998535,False,1346,1346,,201
1775114999.641681,write,k5,610.0749969482422,False,1335,1335,,201
1775114999.645108,read,k1,108.81495475769043,False,1312,1301,11.101245880126953,200
1775114999.679573,write,k4,609.3449592590332,False,1305,1305,,201
1775114999.6840792,write,k1,609.15207862854,False,1302,1302,,201
1775114999.700087,write,k4,612.4558448791504,False,1306,1306,,201
1775114999.701686,write,k5,607.3410511016846,False,1336,1336,,201
1775114999.73279,write,k2,613.5969161987305,False,1348,1348,,201
1775114999.733414,write,k1,612.7049922943115,False,1303,1303,,201
1775114999.733935,write,k2,615.3616905212402,False,1347,1347,,201
1775114999.73887,write,k5,611.4907264709473,False,1337,1337,,201
1775114999.746112,read,k1,108.86907577514648,False,1316,1303,12.694835662841797,200
1775114999.746766,write,k1,608.964204788208,False,1304,1304,,201
1775114999.747571,read,k2,105.45897483825684,False,1350,1348,13.635873794555664,200
1775114999.790136,write,k1,611.3500595092773,False,1306,1306,,201
1775114999.7906718,write,k1,612.3368740081787,False,1305,1305,,201
1775114999.791012,write,k5,614.124059677124,False,1338,1338,,201
1775114999.7912781,write,k4,617.0289516448975,False,1307,1307,,201
1775114999.7965682,read,k4,109.72166061401367,False,1317,1307,5.286931991577148,200
1775114999.846845,write,k3,612.5600337982178,False,1319,1319,,201
1775114999.853319,write,k3,609.6630096435547,False,1320,1320,,201
1775114999.898294,write,k5,612.3650074005127,False,1339,1339,,201
1775114999.8989398,write,k4,614.1688823699951,False,1308,1308,,201
1775114999.906435,write,k3,611.9081974029541,False,1321,1321,,201
1775114999.9563541,write,k1,609.2929840087891,False,1307,1307,,201
1775114999.9671512,write,k3,613.3549213409424,False,1322,1322,,201
1775114999.967772,write,k1,611.8161678314209,False,1308,1308,,201
1775114999.968697,write,k4,613.34228515625,False,1309,1309,,201
1775114999.9690309,write,k2,607.4478626251221,False,1349,1349,,201
1775115000.015399,write,k4,612.6399040222168,False,1310,1310,,201
1775115000.02403,write,k5,609.795093536377,False,1340,1340,,201
1775115000.025244,write,k4,612.8499507904053,False,1311,1311,,201
1775115000.0529332,write,k1,609.1220378875732,False,1309,1309,,201
1775115000.08268,read,k2,108.29377174377441,False,1355,1349,113.64293098449707,200
1775115000.097263,write,k4,612.1041774749756,False,1312,1312,,201
1775115000.0979562,write,k1,614.6118640899658,False,1310,1310,,201
1775115000.098497,write,k5,617.8221702575684,False,1341,1341,,201
1775115000.099048,write,k4,613.1880283355713,False,1313,1313,,201
1775115000.0993621,write,k3,614.616870880127,False,1323,1323,,201
1775115000.099647,write,k2,618.016242980957,False,1350,1350,,201
1775115000.102037,write,k1,609.9939346313477,False,1311,1311,,201
1775115000.114905,write,k4,609.9190711975098,False,1314,1314,,201
1775115000.150086,write,k1,614.6900653839111,False,1312,1312,,201
1775115000.150677,write,k1,612.9860877990723,False,1313,1313,,201
1775115000.168231,write,k4,610.2101802825928,False,1315,1315,,201
1775115000.180852,write,k1,612.1993064880371,False,1314,1314,,201
1775115000.1824179,write,k1,608.4408760070801,False,1315,1315,,201
1775115000.197401,read,k5,109.7569465637207,False,1350,1341,98.90198707580566,200
1775115000.214875,read,k1,110.48603057861328,False,1321,1315,32.45282173156738,200
1775115000.218654,write,k1,620.1999187469482,False,1316,1316,,201
1775115000.235664,write,k3,611.0289096832275,False,1324,1324,,201
1775115000.2542999,write,k5,615.7159805297852,False,1342,1342,,201
1775115000.254988,write,k4,615.9350872039795,False,1316,1316,,201
1775115000.255525,write,k3,612.0281219482422,False,1325,1325,,201
1775115000.255893,write,k5,615.3571605682373,False,1343,1343,,201
1775115000.2562392,write,k4,611.0289096832275,False,1317,1317,,201
1775115000.263959,write,k5,609.5128059387207,False,1344,1344,,201
1775115000.2955892,write,k5,614.4778728485107,False,1345,1345,,201
1775115000.3224971,write,k1,615.300178527832,False,1317,1317,,201
1775115000.323125,write,k3,615.1161193847656,False,1326,1326,,201
1775115000.348757,write,k2,613.8851642608643,False,1351,1351,,201
1775115000.353007,write,k4,610.353946685791,False,1319,1319,,201
1775115000.353398,write,k4,609.6370220184326,False,1318,1318,,201
1775115000.355034,write,k3,607.3870658874512,False,1327,1327,,201
1775115000.355384,write,k2,608.5038185119629,False,1352,1352,,201
1775115000.3603232,write,k3,608.31618309021,False,1328,1328,,201
1775115000.360726,write,k1,609.3831062316895,False,1318,1318,,201
1775115000.372014,read,k2,106.22787475585938,False,1359,1352,16.62588119506836,200
1775115000.402705,write,k3,610.0809574127197,False,1329,1329,,201
1775115000.408982,write,k1,608.8149547576904,False,1319,1319,,201
1775115000.410815,write,k5,612.7150058746338,False,1346,1346,,201
1775115000.4114828,write,k5,612.7312183380127,False,1347,1347,,201
1775115000.4120362,write,k3,614.3798828125,False,1330,1330,,201
1775115000.4629362,write,k1,613.7609481811523,False,1320,1320,,201
1775115000.47137,write,k2,612.105131149292,False,1353,1353,,201
1775115000.47198,read,k5,110.55994033813477,False,1358,1347,60.49299240112305,200
1775115000.521373,write,k5,616.9347763061523,False,1349,1349,,201
1775115000.522212,write,k5,620.945930480957,False,1348,1348,,201
1775115000.523784,read,k1,107.78999328613281,False,1327,1320,60.84609031677246,200
1775115000.525237,write,k4,609.3947887420654,False,1320,1320,,201
1775115000.577319,read,k2,107.62810707092285,False,1363,1353,105.94797134399414,200
1775115000.577919,write,k2,612.9410266876221,False,1354,1354,,201
1775115000.578511,write,k2,609.018087387085,False,1355,1355,,201
1775115000.581719,write,k3,609.6792221069336,False,1331,1331,,201
1775115000.5820348,write,k4,610.9859943389893,False,1321,1321,,201
1775115000.630063,write,k2,610.8648777008057,False,1356,1356,,201
1775115000.635187,write,k3,608.9341640472412,False,1332,1332,,201
1775115000.644005,write,k5,611.3588809967041,False,1350,1350,,201
1775115000.644581,read,k5,108.75225067138672,False,1358,1350,0.576019287109375,200
1775115000.6721752,write,k3,611.0210418701172,False,1333,1333,,201
1775115000.713603,write,k1,610.015869140625,False,1321,1321,,201
1775115000.723538,write,k3,618.1809902191162,False,1334,1334,,201
1775115000.724094,write,k5,612.9560470581055,False,1351,1351,,201
1775115000.72485,write,k2,614.253044128418,False,1357,1357,,201
1775115000.7252228,write,k4,613.4088039398193,False,1323,1323,,201
1775115000.7255418,write,k4,618.9680099487305,False,1322,1322,,201
1775115000.728105,write,k3,608.1480979919434,False,1335,1335,,201
1775115000.74954,read,k5,112.96725273132324,False,1360,1351,25.441884994506836,200
1775115000.765269,write,k2,610.4769706726074,False,1358,1358,,201
1775115000.7714329,write,k2,610.8129024505615,False,1359,1359,,201
1775115000.778062,write,k1,607.7899932861328,False,1322,1322,,201
1775115000.793333,write,k5,607.6171398162842,False,1353,1353,,201
1775115000.793899,write,k5,610.8648777008057,False,1352,1352,,201
1775115000.796078,read,k3,113.47293853759766,False,1343,1335,67.97099113464355,200
1775115000.809288,write,k3,609.7619533538818,False,1336,1336,,201
1775115000.8303978,write,k5,609.713077545166,False,1354,1354,,201
1775115000.837885,write,k1,611.0231876373291,False,1323,1323,,201
1775115000.8490748,read,k5,113.96098136901855,False,1363,1354,18.67508888244629,200
1775115000.85044,write,k5,611.7000579833984,False,1355,1355,,201
1775115000.872925,write,k3,611.8969917297363,False,1337,1337,,201
1775115000.873728,write,k4,608.9878082275391,False,1324,1324,,201
1775115000.874321,write,k1,610.1851463317871,False,1324,1324,,201
1775115000.8749309,write,k3,609.6301078796387,False,1338,1338,,201
1775115000.884425,write,k5,611.6011142730713,False,1356,1356,,201
1775115000.919744,write,k1,616.0709857940674,False,1325,1325,,201
1775115000.9386811,write,k5,612.6391887664795,False,1357,1357,,201
1775115000.939696,write,k4,612.8010749816895,False,1325,1325,,201
1775115000.941417,read,k3,108.8399887084961,False,1344,1338,66.48397445678711,200
1775115000.9682062,read,k5,110.1987361907959,False,1364,1357,29.52122688293457,200
1775115000.969358,write,k3,612.5679016113281,False,1339,1339,,201
1775115000.969766,write,k2,611.4120483398438,False,1360,1360,,201
1775115000.970121,write,k5,611.3033294677734,False,1358,1358,,201
1775115000.976656,write,k2,614.7959232330322,False,1362,1362,,201
1775115000.9770062,write,k2,614.4449710845947,False,1361,1361,,201
1775115000.9773078,write,k4,612.7722263336182,False,1326,1326,,201
1775115000.9882472,write,k1,610.4428768157959,False,1326,1326,,201
1775115000.99179,read,k2,106.2161922454834,False,1370,1362,14.780998229980469,200
1775115001.0223382,write,k4,609.6358299255371,False,1327,1327,,201
1775115001.030889,write,k1,612.9562854766846,False,1327,1327,,201
1775115001.031378,write,k2,612.9820346832275,False,1363,1363,,201
1775115001.031788,write,k3,614.9578094482422,False,1340,1340,,201
1775115001.079436,write,k1,606.6107749938965,False,1328,1328,,201
1775115001.0925992,write,k1,608.9560985565186,False,1329,1329,,201
1775115001.092715,read,k5,106.34517669677734,False,1366,1358,122.59507179260254,200
1775115001.107318,read,k3,105.77511787414551,False,1347,1340,75.5300521850586,200
1775115001.139756,write,k3,611.5500926971436,False,1342,1342,,201
1775115001.139851,write,k3,613.0280494689941,False,1341,1341,,201
1775115001.1399522,write,k3,610.335111618042,False,1343,1343,,201
1775115001.1899881,write,k5,607.3353290557861,False,1360,1360,,201
1775115001.1901178,write,k5,609.4551086425781,False,1359,1359,,201
1775115001.199598,write,k2,610.4230880737305,False,1364,1364,,201
1775115001.199716,write,k4,611.7308139801025,False,1328,1328,,201
1775115001.1998029,write,k4,609.464168548584,False,1329,1329,,201
1775115001.251682,write,k4,609.1680526733398,False,1330,1330,,201
1775115001.254595,write,k5,607.8858375549316,False,1361,1361,,201
1775115001.262115,write,k2,614.2051219940186,False,1365,1365,,201
1775115001.32376,write,k2,607.6929569244385,False,1366,1366,,201
1775115001.334383,write,k1,606.1062812805176,False,1330,1330,,201
1775115001.337653,write,k5,612.0078563690186,False,1362,1362,,201
1775115001.343863,write,k2,610.2039813995361,False,1367,1367,,201
1775115001.344127,write,k4,611.1109256744385,False,1331,1331,,201
1775115001.348437,write,k5,613.6801242828369,False,1363,1363,,201
1775115001.3651452,write,k4,608.381986618042,False,1332,1332,,201
1775115001.373407,read,k4,105.49783706665039,False,1340,1332,8.260965347290039,200
1775115001.3813179,write,k2,609.6951961517334,False,1368,1368,,201
1775115001.390607,write,k1,610.0361347198486,False,1331,1331,,201
1775115001.3907661,write,k3,611.1171245574951,False,1344,1344,,201
1775115001.4033961,write,k4,607.1841716766357,False,1333,1333,,201
1775115001.407346,write,k1,607.7659130096436,False,1332,1332,,201
1775115001.4084108,write,k5,605.7870388031006,False,1364,1364,,201
1775115001.4233348,write,k1,608.9050769805908,False,1333,1333,,201
1775115001.4560268,write,k1,608.5770130157471,False,1334,1334,,201
1775115001.467982,write,k2,609.1408729553223,False,1369,1369,,201
1775115001.490471,write,k4,610.2008819580078,False,1334,1334,,201
1775115001.491293,write,k5,609.5438003540039,False,1365,1365,,201
1775115001.4928472,write,k4,608.2949638366699,False,1335,1335,,201
1775115001.493461,write,k2,610.7337474822998,False,1370,1370,,201
1775115001.533909,write,k1,609.9648475646973,False,1335,1335,,201
1775115001.547654,write,k2,607.4750423431396,False,1371,1371,,201
1775115001.560152,write,k1,610.2328300476074,False,1336,1336,,201
1775115001.561149,write,k2,612.2651100158691,False,1372,1372,,201
1775115001.582926,write,k2,610.457181930542,False,1373,1373,,201
1775115001.590543,write,k3,615.1881217956543,False,1345,1345,,201
1775115001.59135,write,k5,610.7490062713623,False,1366,1366,,201
1775115001.591763,write,k3,613.9688491821289,False,1346,1346,,201
1775115001.592287,write,k4,617.7000999450684,False,1336,1336,,201
1775115001.592598,write,k1,609.7080707550049,False,1337,1337,,201
1775115001.599039,write,k3,609.4071865081787,False,1347,1347,,201
1775115001.639445,write,k1,612.3950481414795,False,1338,1338,,201
1775115001.640994,write,k5,607.8760623931885,False,1367,1367,,201
1775115001.647274,write,k1,607.9380512237549,False,1339,1339,,201
1775115001.648761,write,k4,607.0740222930908,False,1337,1337,,201
1775115001.694138,write,k3,606.2378883361816,False,1348,1348,,201
1775115001.706083,read,k5,104.18272018432617,False,1377,1367,65.08803367614746,200
1775115001.707872,write,k5,609.4181537628174,False,1368,1368,,201
1775115001.7118452,write,k2,609.0037822723389,False,1374,1374,,201
1775115001.724431,write,k3,609.5359325408936,False,1349,1349,,201
1775115001.7519329,write,k4,607.6881885528564,False,1338,1338,,201
1775115001.755023,write,k2,608.443021774292,False,1375,1375,,201
1775115001.755478,write,k2,607.7799797058105,False,1376,1376,,201
1775115001.809123,write,k5,610.4049682617188,False,1369,1369,,201
1775115001.809715,write,k5,609.760046005249,False,1370,1370,,201
1775115001.8119931,write,k5,609.6198558807373,False,1371,1371,,201
1775115001.813869,write,k3,607.2108745574951,False,1350,1350,,201
1775115001.8142562,write,k1,607.5100898742676,False,1340,1340,,201
1775115001.824708,read,k2,106.56905174255371,False,1389,1376,69.22698020935059,200
1775115001.825099,read,k3,107.50722885131836,False,1354,1350,11.230945587158203,200
1775115001.865521,write,k4,611.151933670044,False,1339,1339,,201
1775115001.8736389,write,k4,608.7040901184082,False,1340,1340,,201
1775115001.926292,read,k3,107.09500312805176,False,1354,1350,112.42127418518066,200
1775115001.9393332,write,k3,608.4651947021484,False,1351,1351,,201
1775115001.948971,write,k1,607.7120304107666,False,1341,1341,,201
1775115001.949445,write,k2,608.407735824585,False,1377,1377,,201
1775115001.957387,write,k1,610.4309558868408,False,1343,1343,,201
1775115001.957887,write,k1,610.7029914855957,False,1342,1342,,201
1775115001.962971,write,k2,607.7430248260498,False,1378,1378,,201
1775115001.9834151,write,k4,608.6728572845459,False,1341,1341,,201
1775115001.9852438,write,k2,606.982946395874,False,1379,1379,,201
1775115001.991533,write,k5,608.1759929656982,False,1372,1372,,201
1775115002.005101,write,k4,610.1467609405518,False,1342,1342,,201
1775115002.0057652,write,k5,611.0367774963379,False,1373,1373,,201
1775115002.013936,write,k2,605.8251857757568,False,1380,1380,,201
1775115002.023835,write,k1,610.8400821685791,False,1344,1344,,201
1775115002.0248,write,k5,606.3742637634277,False,1374,1374,,201
1775115002.039295,write,k3,605.7767868041992,False,1352,1352,,201
1775115002.062439,read,k1,107.64193534851074,False,1349,1344,38.60187530517578,200
1775115002.066947,write,k2,608.7377071380615,False,1381,1381,,201
1775115002.082203,write,k4,608.9351177215576,False,1343,1343,,201
1775115002.0942621,read,k5,105.7898998260498,False,1379,1374,69.45919990539551,200
1775115002.106145,write,k5,609.4388961791992,False,1375,1375,,201
1775115002.106556,write,k2,612.7660274505615,False,1382,1382,,201
1775115002.106876,write,k5,609.0512275695801,False,1376,1376,,201
1775115002.107337,write,k2,611.8588447570801,False,1383,1383,,201
1775115002.1193652,read,k3,105.20219802856445,False,1355,1352,80.06405830383301,200
1775115002.153476,write,k3,610.0847721099854,False,1353,1353,,201
1775115002.154121,read,k4,106.01592063903809,False,1354,1343,71.91920280456543,200
1775115002.15795,write,k4,607.5398921966553,False,1344,1344,,201
1775115002.1730409,write,k2,610.3909015655518,False,1384,1384,,201
1775115002.178234,read,k4,105.46612739562988,False,1354,1344,20.281076431274414,200
1775115002.1808808,write,k2,613.3320331573486,False,1385,1385,,201
1775115002.2005382,write,k5,615.2658462524414,False,1377,1377,,201
1775115002.204563,write,k2,608.4659099578857,False,1386,1386,,201
1775115002.205482,write,k1,606.1577796936035,False,1345,1345,,201
1775115002.2089028,write,k2,607.8667640686035,False,1388,1388,,201
1775115002.209306,write,k2,609.1668605804443,False,1387,1387,,201
1775115002.216958,write,k2,609.2908382415771,False,1389,1389,,201
1775115002.220045,read,k3,105.00383377075195,False,1356,1353,66.56789779663086,200
1775115002.2346292,read,k5,107.63812065124512,False,1380,1377,34.0878963470459,200
1775115002.25533,write,k3,610.3239059448242,False,1354,1354,,201
1775115002.255884,write,k4,609.8527908325195,False,1345,1345,,201
1775115002.261277,write,k5,605.8251857757568,False,1378,1378,,201
1775115002.261827,write,k1,610.105037689209,False,1346,1346,,201
1775115002.2639859,read,k4,104.03704643249512,False,1354,1345,8.098125457763672,200
1775115002.308139,write,k4,611.3190650939941,False,1346,1346,,201
1775115002.315268,read,k4,105.45897483825684,False,1354,1346,7.128238677978516,200
1775115002.3167412,read,k3,105.96680641174316,False,1358,1354,61.41209602355957,200
1775115002.3268201,write,k5,611.4990711212158,False,1379,1379,,201
1775115002.342247,write,k4,609.0400218963623,False,1347,1347,,201
1775115002.375202,write,k1,609.2381477355957,False,1347,1347,,201
1775115002.375548,write,k2,615.1399612426758,False,1390,1390,,201
1775115002.3757708,write,k4,614.4680976867676,False,1348,1348,,201
1775115002.422966,write,k1,607.4588298797607,False,1348,1348,,201
1775115002.4235132,write,k4,609.1430187225342,False,1349,1349,,201
1775115002.42578,write,k2,608.6900234222412,False,1391,1391,,201
1775115002.4312341,write,k4,609.5359325408936,False,1350,1350,,201
1775115002.4443479,write,k4,609.5201969146729,False,1351,1351,,201
1775115002.4448798,write,k1,609.5447540283203,False,1349,1349,,201
1775115002.4829912,write,k2,609.0579032897949,False,1392,1392,,201
1775115002.485402,write,k3,606.8580150604248,False,1355,1355,,201
1775115002.542783,write,k2,611.1412048339844,False,1393,1393,,201
1775115002.555742,write,k4,609.9998950958252,False,1352,1352,,201
1775115002.567123,write,k1,611.0751628875732,False,1350,1350,,201
1775115002.572858,write,k1,609.6980571746826,False,1351,1351,,201
1775115002.57374,write,k2,608.9432239532471,False,1394,1394,,201
1775115002.5756109,write,k1,608.4158420562744,False,1352,1352,,201
1775115002.5966232,write,k2,610.9600067138672,False,1395,1395,,201
1775115002.614626,write,k4,614.6590709686279,False,1353,1353,,201
1775115002.6198988,write,k2,609.7867488861084,False,1396,1396,,201
1775115002.624404,write,k2,608.7572574615479,False,1397,1397,,201
1775115002.637065,write,k2,608.7100505828857,False,1398,1398,,201
1775115002.6407309,write,k4,608.4768772125244,False,1354,1354,,201
1775115002.673686,write,k3,607.8808307647705,False,1356,1356,,201
1775115002.696078,write,k1,610.386848449707,False,1353,1353,,201
1775115002.707456,write,k2,611.3138198852539,False,1399,1399,,201
1775115002.716193,write,k1,607.0079803466797,False,1354,1354,,201
1775115002.720784,write,k5,610.3639602661133,False,1380,1380,,201
1775115002.721232,write,k2,610.4671955108643,False,1400,1400,,201
1775115002.7332668,read,k2,108.68096351623535,False,1412,1400,12.032032012939453,200
1775115002.767164,write,k3,610.2828979492188,False,1357,1357,,201
1775115002.7767732,write,k3,609.5077991485596,False,1358,1358,,201
1775115002.788408,write,k2,609.792947769165,False,1401,1401,,201
1775115002.7932281,write,k5,609.5960140228271,False,1381,1381,,201
1775115002.7937112,write,k5,608.1030368804932,False,1382,1382,,201
1775115002.817707,write,k1,610.9321117401123,False,1355,1355,,201
1775115002.818847,write,k2,611.3710403442383,False,1402,1402,,201
1775115002.8219678,write,k5,606.8098545074463,False,1383,1383,,201
1775115002.835752,write,k1,611.0358238220215,False,1356,1356,,201
1775115002.836287,write,k4,610.8977794647217,False,1355,1355,,201
1775115002.8532321,write,k2,610.4331016540527,False,1403,1403,,201
1775115002.8707001,write,k5,612.4780178070068,False,1384,1384,,201
1775115002.871312,write,k1,613.7208938598633,False,1357,1357,,201
1775115002.871613,write,k3,608.496904373169,False,1359,1359,,201
1775115002.8778439,write,k5,609.0102195739746,False,1385,1385,,201
1775115002.87828,write,k2,610.3270053863525,False,1404,1404,,201
1775115002.901782,read,k1,104.56585884094238,False,1362,1357,30.466794967651367,200
1775115002.925351,read,k1,106.0030460357666,False,1362,1357,54.03709411621094,200
1775115002.926213,write,k4,607.8970432281494,False,1356,1356,,201
1775115002.9292212,write,k1,607.6569557189941,False,1358,1358,,201
1775115002.929472,write,k2,607.3732376098633,False,1405,1405,,201
1775115002.9361842,write,k2,607.5079441070557,False,1406,1406,,201
1775115002.9420888,read,k5,103.485107421875,False,1393,1385,64.24403190612793,200
1775115002.951688,read,k2,105.47995567321777,False,1418,1406,15.5029296875,200
1775115002.958826,write,k1,608.2878112792969,False,1359,1359,,201
1775115002.9811041,read,k2,106.17280006408691,False,1419,1406,44.91782188415527,200
1775115002.9846451,read,k3,104.0959358215332,False,1367,1359,113.03019523620605,200
1775115002.988634,write,k2,610.8748912811279,False,1407,1407,,201
1775115002.9890292,write,k3,609.5879077911377,False,1360,1360,,201
1775115002.993296,write,k2,608.7400913238525,False,1408,1408,,201
1775115003.015826,read,k3,104.42900657653809,False,1367,1360,26.793956756591797,200
1775115003.039,write,k5,610.5451583862305,False,1386,1386,,201
1775115003.0394702,write,k5,608.9909076690674,False,1387,1387,,201
1775115003.039747,write,k2,610.6812953948975,False,1409,1409,,201
1775115003.043774,read,k4,103.29699516296387,False,1361,1356,117.55800247192383,200
1775115003.051637,write,k5,609.3149185180664,False,1388,1388,,201
1775115003.052127,write,k5,605.6721210479736,False,1389,1389,,201
1775115003.0615418,write,k4,609.6861362457275,False,1357,1357,,201
1775115003.099564,read,k1,105.21388053894043,False,1366,1359,140.73491096496582,200
1775115003.101152,write,k2,609.5852851867676,False,1410,1410,,201
1775115003.101613,write,k1,611.7997169494629,False,1360,1360,,201
1775115003.153823,write,k5,608.0479621887207,False,1390,1390,,201
1775115003.1760309,write,k4,611.6909980773926,False,1358,1358,,201
1775115003.183894,write,k2,606.4808368682861,False,1411,1411,,201
1775115003.188298,write,k3,608.0582141876221,False,1361,1361,,201
1775115003.1889799,write,k2,609.609842300415,False,1412,1412,,201
1775115003.191787,write,k5,611.2191677093506,False,1391,1391,,201
1775115003.2104661,write,k3,608.7889671325684,False,1362,1362,,201
1775115003.2340322,write,k3,608.7779998779297,False,1363,1363,,201
1775115003.243663,write,k3,608.9680194854736,False,1364,1364,,201
1775115003.2508311,write,k3,608.7398529052734,False,1365,1365,,201
1775115003.2585511,write,k1,609.8666191101074,False,1361,1361,,201
1775115003.293222,write,k1,609.5168590545654,False,1362,1362,,201
1775115003.316588,write,k2,610.7680797576904,False,1413,1413,,201
1775115003.318128,write,k2,607.4280738830566,False,1414,1414,,201
1775115003.331247,write,k5,607.3830127716064,False,1392,1392,,201
1775115003.335291,write,k2,608.8099479675293,False,1415,1415,,201
1775115003.336163,write,k3,610.205888748169,False,1366,1366,,201
1775115003.352567,write,k4,607.0070266723633,False,1359,1359,,201
1775115003.383702,write,k3,609.7311973571777,False,1367,1367,,201
1775115003.396808,write,k4,614.0129566192627,False,1360,1360,,201
1775115003.3988512,write,k5,607.6269149780273,False,1393,1393,,201
1775115003.421725,read,k3,117.44499206542969,False,1371,1367,38.021087646484375,200
1775115003.423003,write,k2,619.5077896118164,False,1416,1416,,201
1775115003.428642,write,k2,607.6300144195557,False,1417,1417,,201
1775115003.43254,write,k2,606.4770221710205,False,1418,1418,,201
1775115003.458882,read,k3,121.19889259338379,False,1371,1367,75.17695426940918,200
1775115003.4651809,read,k5,107.71489143371582,False,1401,1393,66.32494926452637,200
1775115003.466181,write,k5,608.5109710693359,False,1394,1394,,201
1775115003.483128,write,k1,609.0011596679688,False,1363,1363,,201
1775115003.483583,write,k2,610.6188297271729,False,1419,1419,,201
1775115003.495244,write,k2,610.0747585296631,False,1420,1420,,201
1775115003.537508,write,k4,609.6670627593994,False,1361,1361,,201
1775115003.551008,write,k2,616.2071228027344,False,1421,1421,,201
1775115003.55157,write,k2,613.2199764251709,False,1422,1422,,201
1775115003.551899,write,k3,613.9271259307861,False,1368,1368,,201
1775115003.5568771,write,k1,609.428882598877,False,1364,1364,,201
1775115003.559718,write,k1,606.6701412200928,False,1365,1365,,201
1775115003.571468,write,k4,605.7529449462891,False,1362,1362,,201
1775115003.585016,read,k4,108.65426063537598,False,1369,1362,13.545036315917969,200
1775115003.597237,write,k1,608.0760955810547,False,1366,1366,,201
1775115003.6026602,write,k3,611.0279560089111,False,1369,1369,,201
1775115003.6038651,write,k1,607.4659824371338,False,1367,1367,,201
1775115003.604234,write,k2,606.856107711792,False,1423,1423,,201
1775115003.6340008,write,k2,607.3360443115234,False,1424,1424,,201
1775115003.6536791,write,k4,608.687162399292,False,1364,1364,,201
1775115003.654088,write,k1,606.9469451904297,False,1368,1368,,201
1775115003.6543329,write,k4,613.0549907684326,False,1363,1363,,201
1775115003.657268,write,k2,607.3663234710693,False,1425,1425,,201
1775115003.662792,write,k3,608.2749366760254,False,1370,1370,,201
1775115003.672323,write,k5,610.1608276367188,False,1395,1395,,201
1775115003.682857,write,k1,610.5101108551025,False,1369,1369,,201
1775115003.7026649,read,k5,110.97598075866699,False,1409,1395,30.33924102783203,200
1775115003.7111738,write,k4,609.1582775115967,False,1365,1365,,201
1775115003.719892,write,k4,615.7350540161133,False,1366,1366,,201
1775115003.721625,write,k1,612.4100685119629,False,1370,1370,,201
1775115003.768564,write,k1,612.9839420318604,False,1371,1371,,201
1775115003.798404,write,k3,613.088846206665,False,1371,1371,,201
1775115003.799911,write,k5,612.7760410308838,False,1396,1396,,201
1775115003.800336,write,k5,609.7500324249268,False,1397,1397,,201
1775115003.811679,write,k2,611.3879680633545,False,1426,1426,,201
1775115003.8121018,write,k4,612.8158569335938,False,1367,1367,,201
1775115003.8211,read,k2,109.04598236083984,False,1430,1426,9.421110153198242,200
1775115003.8250508,write,k1,609.992265701294,False,1372,1372,,201
1775115003.8545868,write,k2,614.8779392242432,False,1427,1427,,201
1775115003.857413,write,k1,609.5569133758545,False,1373,1373,,201
1775115003.871275,write,k2,614.0398979187012,False,1428,1428,,201
1775115003.874644,write,k5,613.0001544952393,False,1398,1398,,201
1775115003.9357388,write,k4,611.2651824951172,False,1368,1368,,201
1775115003.936339,write,k5,610.1291179656982,False,1399,1399,,201
1775115003.960887,write,k5,614.0332221984863,False,1401,1401,,201
1775115003.9614651,write,k5,623.2080459594727,False,1400,1400,,201
1775115004.006607,write,k2,614.6988868713379,False,1429,1429,,201
1775115004.024661,write,k5,616.1808967590332,False,1402,1402,,201
1775115004.028718,write,k4,620.9428310394287,False,1369,1369,,201
1775115004.0328908,write,k5,608.3979606628418,False,1403,1403,,201
1775115004.040268,write,k5,608.893871307373,False,1404,1404,,201
1775115004.0498528,write,k1,611.382007598877,False,1374,1374,,201
1775115004.050279,write,k1,612.6210689544678,False,1374,1374,,201
1775115004.0713549,read,k5,109.03000831604004,False,1415,1404,31.08525276184082,200
1775115004.075318,write,k1,612.5020980834961,False,1375,1375,,201
1775115004.086829,write,k5,611.1690998077393,False,1405,1405,,201
1775115004.0978482,write,k5,611.508846282959,False,1406,1406,,201
1775115004.1037388,write,k4,611.9768619537354,False,1370,1370,,201
1775115004.1072152,write,k3,608.4673404693604,False,1372,1372,,201
1775115004.156388,write,k5,607.2840690612793,False,1407,1407,,201
1775115004.165629,write,k3,613.0838394165039,False,1373,1373,,201
1775115004.166101,write,k3,613.1069660186768,False,1374,1374,,201
1775115004.175248,write,k5,613.6770248413086,False,1408,1408,,201
1775115004.175699,write,k1,608.954906463623,False,1376,1376,,201
1775115004.1783261,write,k4,612.3039722442627,False,1371,1371,,201
1775115004.1808221,write,k5,607.3760986328125,False,1409,1409,,201
1775115004.212379,write,k3,611.0258102416992,False,1375,1375,,201
1775115004.2160041,write,k5,607.4697971343994,False,1411,1411,,201
1775115004.216373,write,k5,609.652042388916,False,1410,1410,,201
1775115004.223116,write,k3,609.4388961791992,False,1376,1376,,201
1775115004.249377,write,k1,607.490062713623,False,1377,1377,,201
1775115004.266796,write,k1,609.2469692230225,False,1378,1378,,201
1775115004.2721012,write,k4,608.6349487304688,False,1372,1372,,201
1775115004.272495,write,k5,610.6078624725342,False,1412,1412,,201
1775115004.2744472,write,k3,609.4100475311279,False,1377,1377,,201
1775115004.27483,write,k5,610.353946685791,False,1413,1413,,201
1775115004.2813592,write,k2,606.7652702331543,False,1430,1430,,201
1775115004.305892,write,k3,615.0472164154053,False,1378,1378,,201
1775115004.320313,write,k1,606.9920063018799,False,1379,1379,,201
1775115004.32797,read,k2,108.89697074890137,False,1436,1430,46.61202430725098,200
1775115004.3321111,write,k2,609.6329689025879,False,1431,1431,,201
1775115004.3337228,write,k4,606.2498092651367,False,1373,1373,,201
1775115004.387122,write,k2,610.4786396026611,False,1432,1432,,201
1775115004.420799,write,k2,614.1929626464844,False,1433,1433,,201
1775115004.421358,write,k4,614.0210628509521,False,1374,1374,,201
1775115004.421741,write,k5,612.9882335662842,False,1414,1414,,201
1775115004.4325051,write,k1,611.2260818481445,False,1381,1381,,201
1775115004.4329212,write,k1,613.1589412689209,False,1380,1380,,201
1775115004.435526,write,k3,608.2489490509033,False,1379,1379,,201
1775115004.441479,write,k4,607.5930595397949,False,1375,1375,,201
1775115004.443279,read,k3,107.59496688842773,False,1389,1379,7.750988006591797,200
1775115004.474118,write,k1,612.4250888824463,False,1382,1382,,201
1775115004.482225,write,k5,607.396125793457,False,1415,1415,,201
1775115004.48275,write,k1,614.3090724945068,False,1383,1383,,201
1775115004.496233,write,k2,611.5639209747314,False,1434,1434,,201
1775115004.552656,write,k4,611.7761135101318,False,1376,1376,,201
1775115004.558976,write,k2,612.9636764526367,False,1435,1435,,201
1775115004.5779881,write,k1,607.3052883148193,False,1384,1384,,201
1775115004.625483,write,k4,611.6931438446045,False,1377,1377,,201
1775115004.635829,write,k3,605.7181358337402,False,1380,1380,,201
1775115004.641054,write,k1,609.3947887420654,False,1385,1385,,201
1775115004.647994,write,k1,608.8862419128418,False,1386,1386,,201
1775115004.656584,write,k5,608.0141067504883,False,1416,1416,,201
1775115004.664991,write,k3,608.8011264801025,False,1381,1381,,201
1775115004.665378,write,k1,608.5808277130127,False,1387,1387,,201
1775115004.665735,read,k5,106.60886764526367,False,1426,1416,9.15074348449707,200
1775115004.684475,write,k4,610.1517677307129,False,1378,1378,,201
1775115004.694529,write,k3,608.8809967041016,False,1382,1382,,201
1775115004.699456,write,k5,606.9338321685791,False,1417,1417,,201
1775115004.718432,write,k5,611.0780239105225,False,1418,1418,,201
1775115004.718901,write,k3,608.2029342651367,False,1383,1383,,201
1775115004.725573,write,k2,608.083963394165,False,1436,1436,,201
1775115004.777518,write,k3,611.2480163574219,False,1384,1384,,201
1775115004.7800179,write,k3,608.3362102508545,False,1385,1385,,201
1775115004.7804852,read,k4,106.30393028259277,False,1385,1378,96.01211547851562,200
1775115004.7871099,write,k5,611.3009452819824,False,1419,1419,,201
1775115004.795136,write,k5,613.1119728088379,False,1421,1421,,201
1775115004.795564,write,k1,609.6868515014648,False,1388,1388,,201
1775115004.796421,write,k4,611.9990348815918,False,1379,1379,,201
1775115004.796719,write,k5,614.2129898071289,False,1420,1420,,201
1775115004.830359,write,k4,610.6629371643066,False,1380,1380,,201
1775115004.8308768,read,k4,108.86001586914062,False,1385,1380,0.5190372467041016,200
1775115004.831302,write,k1,609.8270416259766,False,1389,1389,,201
1775115004.837033,read,k4,105.08871078491211,False,1385,1380,6.675243377685547,200
1775115004.841928,write,k5,608.849287033081,False,1422,1422,,201
1775115004.870419,write,k1,610.2988719940186,False,1390,1390,,201
1775115004.885196,write,k3,607.7618598937988,False,1387,1387,,201
1775115004.885629,write,k3,610.4178428649902,False,1386,1386,,201
1775115004.888302,write,k3,608.6850166320801,False,1388,1388,,201
1775115004.888702,write,k5,605.1158905029297,False,1424,1424,,201
1775115004.88907,write,k5,606.5590381622314,False,1423,1423,,201
1775115004.88939,write,k2,605.1540374755859,False,1437,1437,,201
1775115004.906943,read,k1,105.37910461425781,False,1397,1390,36.52000427246094,200
1775115004.9307399,write,k1,608.0029010772705,False,1391,1391,,201
1775115004.931128,write,k2,614.4917011260986,False,1438,1438,,201
1775115004.94023,write,k3,610.2199554443359,False,1389,1389,,201
1775115004.947676,read,k3,109.22861099243164,False,1393,1389,7.444858551025391,200
1775115004.947962,read,k5,110.54110527038574,False,1431,1424,58.892011642456055,200
1775115004.950248,write,k2,609.9109649658203,False,1439,1439,,201
1775115005.000448,write,k4,606.6648960113525,False,1381,1381,,201
1775115005.043913,write,k5,613.044261932373,False,1425,1425,,201
1775115005.0444632,write,k2,612.7910614013672,False,1440,1440,,201
1775115005.044863,read,k2,106.51707649230957,False,1449,1440,0.39887428283691406,200
1775115005.045276,write,k2,611.7038726806641,False,1441,1441,,201
1775115005.052941,write,k2,610.9569072723389,False,1443,1443,,201
1775115005.05365,write,k2,613.4562492370605,False,1442,1442,,201
1775115005.053982,write,k1,613.178014755249,False,1392,1392,,201
1775115005.064033,write,k1,612.8780841827393,False,1393,1393,,201
1775115005.064383,write,k5,612.5860214233398,False,1426,1426,,201
1775115005.083286,write,k2,607.1538925170898,False,1444,1444,,201
1775115005.0997918,write,k2,610.2902889251709,False,1445,1445,,201
1775115005.107604,write,k2,615.3662204742432,False,1446,1446,,201
1775115005.1112971,write,k4,608.320951461792,False,1382,1382,,201
1775115005.113823,read,k3,105.05175590515137,False,1397,1389,173.59280586242676,200
1775115005.155573,read,k3,105.72695732116699,False,1397,1389,215.34204483032227,200
1775115005.169245,read,k5,106.00781440734863,False,1436,1426,104.8581600189209,200
1775115005.179845,write,k4,609.5197200775146,False,1383,1383,,201
1775115005.20073,write,k5,611.9661331176758,False,1427,1427,,201
1775115005.222992,read,k3,105.96299171447754,False,1399,1389,282.7608585357666,200
1775115005.241856,write,k3,610.0811958312988,False,1390,1390,,201
1775115005.2513301,write,k5,610.1157665252686,False,1428,1428,,201
1775115005.255639,write,k5,605.2029132843018,False,1429,1429,,201
1775115005.260919,write,k4,606.7900657653809,False,1384,1384,,201
1775115005.274283,write,k4,608.2749366760254,False,1385,1385,,201
1775115005.278721,write,k1,609.065055847168,False,1394,1394,,201
1775115005.285249,write,k3,612.0030879974365,False,1391,1391,,201
1775115005.298718,write,k1,609.2679500579834,False,1395,1395,,201
1775115005.3052611,write,k5,609.2526912689209,False,1430,1430,,201
1775115005.30971,write,k3,607.6500415802002,False,1392,1392,,201
1775115005.348205,write,k2,622.3270893096924,False,1447,1447,,201
1775115005.3944252,write,k1,608.7591648101807,False,1396,1396,,201
1775115005.394696,write,k1,606.9629192352295,False,1397,1397,,201
1775115005.394877,write,k3,610.2359294891357,False,1393,1393,,201
1775115005.404299,write,k5,608.6127758026123,False,1431,1431,,201
1775115005.410412,write,k4,610.698938369751,False,1386,1386,,201
1775115005.410562,write,k4,608.6812019348145,False,1387,1387,,201
1775115005.412292,write,k2,606.8019866943359,False,1448,1448,,201
1775115005.452585,write,k4,611.3553047180176,False,1388,1388,,201
1775115005.452744,write,k5,608.206033706665,False,1432,1432,,201
1775115005.4528582,write,k2,612.4589443206787,False,1449,1449,,201
1775115005.489892,write,k3,607.7618598937988,False,1394,1394,,201
1775115005.498427,write,k3,608.9270114898682,False,1395,1395,,201
1775115005.502383,write,k5,609.5640659332275,False,1433,1433,,201
1775115005.502645,write,k1,610.5489730834961,False,1398,1398,,201
1775115005.5085351,write,k3,614.5939826965332,False,1396,1396,,201
1775115005.5088582,write,k5,612.6101016998291,False,1434,1434,,201
1775115005.510402,write,k1,611.9301319122314,False,1399,1399,,201
1775115005.523369,write,k1,607.8131198883057,False,1400,1400,,201
1775115005.551578,write,k5,607.9611778259277,False,1435,1435,,201
1775115005.551976,write,k3,611.0172271728516,False,1397,1397,,201
1775115005.556712,write,k1,607.7229976654053,False,1401,1401,,201
1775115005.5620842,write,k2,608.5128784179688,False,1450,1450,,201
1775115005.563096,write,k1,610.1891994476318,False,1402,1402,,201
1775115005.669525,write,k1,617.4230575561523,False,1404,1404,,201
1775115005.670151,write,k5,622.0300197601318,False,1436,1436,,201
1775115005.670581,write,k1,623.0719089508057,False,1403,1403,,201
1775115005.670929,write,k2,615.2722835540771,False,1451,1451,,201
1775115005.671242,write,k1,611.5620136260986,False,1405,1405,,201
1775115005.683755,write,k5,614.3710613250732,False,1437,1437,,201
1775115005.684671,write,k5,614.9299144744873,False,1438,1438,,201
1775115005.702048,write,k2,610.2221012115479,False,1452,1452,,201
1775115005.716856,write,k3,608.5221767425537,False,1398,1398,,201
1775115005.7211761,write,k3,607.2378158569336,False,1399,1399,,201
1775115005.7239091,write,k2,608.3619594573975,False,1453,1453,,201
1775115005.77283,write,k3,609.1089248657227,False,1400,1400,,201
1775115005.7819781,write,k5,608.9091300964355,False,1439,1439,,201
1775115005.7930481,write,k4,607.9113483428955,False,1389,1389,,201
1775115005.8113542,write,k5,607.9201698303223,False,1440,1440,,201
1775115005.8601038,write,k4,633.944034576416,False,1390,1390,,201
1775115005.887636,write,k5,610.2488040924072,False,1441,1441,,201
1775115005.889337,write,k3,633.3391666412354,False,1401,1401,,201
1775115005.8897269,write,k3,623.3339309692383,False,1402,1402,,201
1775115005.890031,write,k2,630.0599575042725,False,1454,1454,,201
1775115005.8903759,write,k5,614.4912242889404,False,1442,1442,,201
1775115005.8933709,write,k2,609.1451644897461,False,1455,1455,,201
1775115005.896182,write,k3,606.5037250518799,False,1403,1403,,201
1775115005.914167,write,k5,609.9119186401367,False,1443,1443,,201
1775115005.924448,write,k4,611.6988658905029,False,1391,1391,,201
1775115005.924566,write,k5,610.0506782531738,False,1444,1444,,201
1775115005.9724731,write,k5,613.8348579406738,False,1445,1445,,201
1775115005.997445,read,k5,104.76112365722656,False,1454,1445,24.97100830078125,200
1775115005.999409,read,k5,104.06208038330078,False,1454,1445,26.936054229736328,200
1775115006.007297,write,k4,608.6001396179199,False,1392,1392,,201
1775115006.0074902,write,k1,609.4629764556885,False,1406,1406,,201
1775115006.007662,write,k5,608.7291240692139,False,1446,1446,,201
1775115006.019428,write,k2,606.2319278717041,False,1456,1456,,201
1775115006.019605,write,k4,606.6269874572754,False,1393,1393,,201
1775115006.027979,write,k5,606.1058044433594,False,1447,1447,,201
1775115006.0281851,write,k4,606.6372394561768,False,1394,1394,,201
1775115006.091153,write,k5,634.9530220031738,False,1448,1448,,201
1775115006.091698,write,k4,628.1778812408447,False,1395,1395,,201
1775115006.092139,write,k3,635.6308460235596,False,1404,1404,,201
1775115006.111837,write,k5,607.4700355529785,False,1449,1449,,201
1775115006.1123688,write,k4,613.8288974761963,False,1396,1396,,201
1775115006.1127381,write,k1,612.3931407928467,False,1407,1407,,201
1775115006.1174972,write,k3,606.4221858978271,False,1405,1405,,201
1775115006.11803,write,k4,605.0238609313965,False,1397,1397,,201
1775115006.1214132,read,k3,110.37278175354004,False,1413,1405,3.915071487426758,200
1775115006.122756,write,k2,608.4249019622803,False,1457,1457,,201
1775115006.1264498,write,k5,605.8330535888672,False,1450,1450,,201
1775115006.135085,write,k3,606.7299842834473,False,1406,1406,,201
1775115006.20084,write,k3,627.6149749755859,False,1407,1407,,201
1775115006.2019682,write,k2,639.6231651306152,False,1458,1458,,201
1775115006.20294,write,k1,644.2821025848389,False,1408,1408,,201
1775115006.203892,write,k5,640.7139301300049,False,1451,1451,,201
1775115006.204324,write,k4,635.3809833526611,False,1398,1398,,201
1775115006.2807739,write,k3,609.4260215759277,False,1408,1408,,201
1775115006.289614,write,k2,613.9757633209229,False,1459,1459,,201
1775115006.289713,write,k1,613.2111549377441,False,1409,1409,,201
1775115006.2898,write,k4,613.6162281036377,False,1399,1399,,201
1775115006.294521,write,k4,615.7610416412354,False,1400,1400,,201
1775115006.294612,write,k3,608.5410118103027,False,1409,1409,,201
1775115006.297219,write,k5,607.2909832000732,False,1452,1452,,201
1775115006.317593,read,k1,109.94267463684082,False,1415,1409,27.879953384399414,200
1775115006.3204741,write,k3,607.6369285583496,False,1410,1410,,201
1775115006.320959,read,k2,106.35614395141602,False,1468,1459,31.344890594482422,200
1775115006.328414,write,k4,605.3383350372314,False,1401,1401,,201
1775115006.332166,write,k3,605.5648326873779,False,1411,1411,,201
1775115006.335279,write,k5,605.8869361877441,False,1453,1453,,201
1775115006.396675,write,k3,613.3761405944824,False,1412,1412,,201
1775115006.400364,write,k5,619.7822093963623,False,1454,1454,,201
1775115006.415404,write,k3,615.4100894927979,False,1413,1413,,201
1775115006.427419,write,k4,606.9881916046143,False,1402,1402,,201
1775115006.50761,write,k2,614.5720481872559,False,1461,1461,,201
1775115006.507781,write,k4,614.2299175262451,False,1403,1403,,201
1775115006.507929,write,k2,620.0988292694092,False,1460,1460,,201
1775115006.508078,read,k3,108.53099822998047,False,1422,1413,92.67306327819824,200
1775115006.514623,write,k5,616.4419651031494,False,1455,1455,,201
1775115006.514773,write,k5,608.1280708312988,False,1456,1456,,201
1775115006.515131,write,k2,617.1798706054688,False,1462,1462,,201
1775115006.525418,write,k1,608.8299751281738,False,1410,1410,,201
1775115006.5376241,write,k5,604.7658920288086,False,1457,1457,,201
1775115006.53779,write,k1,605.1938533782959,False,1411,1411,,201
1775115006.589374,write,k4,611.2990379333496,False,1404,1404,,201
1775115006.605083,write,k4,604.3200492858887,False,1405,1405,,201
1775115006.614955,write,k4,608.0169677734375,False,1406,1406,,201
1775115006.6154082,write,k1,606.3258647918701,False,1412,1412,,201
1775115006.6159391,read,k5,106.2169075012207,False,1462,1457,78.31001281738281,200
1775115006.616962,write,k2,605.705976486206,False,1463,1463,,201
1775115006.6363761,write,k3,607.1290969848633,False,1414,1414,,201
1775115006.636933,write,k2,609.3699932098389,False,1464,1464,,201
1775115006.642022,write,k1,608.3629131317139,False,1413,1413,,201
1775115006.6426082,write,k3,609.3218326568604,False,1415,1415,,201
1775115006.7100968,write,k3,611.2642288208008,False,1416,1416,,201
1775115006.71112,write,k2,611.2449169158936,False,1466,1466,,201
1775115006.711787,write,k2,616.3058280944824,False,1465,1465,,201
1775115006.7166238,read,k2,107.0399284362793,False,1475,1466,4.83393669128418,200
1775115006.727982,write,k4,612.9200458526611,False,1407,1407,,201
1775115006.728647,write,k1,609.8318099975586,False,1415,1415,,201
1775115006.729219,write,k1,614.7282123565674,False,1414,1414,,201
1775115006.729763,read,k4,107.8038215637207,False,1414,1407,1.7800331115722656,200
1775115006.734088,write,k2,610.0900173187256,False,1467,1467,,201
1775115006.7355268,write,k4,608.1700325012207,False,1409,1409,,201
1775115006.735907,write,k4,608.9069843292236,False,1408,1408,,201
1775115006.736246,write,k3,609.6878051757812,False,1417,1417,,201
1775115006.7418098,write,k5,608.0880165100098,False,1458,1458,,201
1775115006.748024,write,k4,608.612060546875,False,1410,1410,,201
1775115006.748721,read,k5,107.91492462158203,False,1465,1458,6.909847259521484,200
1775115006.817683,write,k5,610.7759475708008,False,1459,1459,,201
1775115006.8185768,write,k2,609.4989776611328,False,1468,1468,,201
1775115006.819326,write,k3,609.7469329833984,False,1418,1418,,201
1775115006.900556,write,k2,611.2246513366699,False,1469,1469,,201
1775115006.9017751,write,k2,605.6821346282959,False,1470,1470,,201
1775115006.908032,write,k3,606.4450740814209,False,1419,1419,,201
1775115006.908392,write,k5,609.5471382141113,False,1460,1460,,201
1775115006.908687,write,k3,605.726957321167,False,1420,1420,,201
1775115006.90898,write,k4,609.968900680542,False,1411,1411,,201
1775115006.912937,write,k2,608.2100868225098,False,1471,1471,,201
1775115006.930253,write,k1,607.0950031280518,False,1416,1416,,201
1775115006.9315379,write,k5,607.1739196777344,False,1461,1461,,201
1775115006.932235,read,k3,111.0231876373291,False,1429,1420,23.543834686279297,200
1775115006.9348822,write,k3,608.2360744476318,False,1421,1421,,201
1775115006.938875,write,k3,607.3226928710938,False,1422,1422,,201
1775115006.943389,write,k5,605.6220531463623,False,1462,1462,,201
1775115006.955164,write,k2,609.3640327453613,False,1472,1472,,201
1775115007.0142138,write,k4,608.6478233337402,False,1412,1412,,201
1775115007.031262,write,k3,609.9848747253418,False,1423,1423,,201
1775115007.0396311,write,k4,604.9268245697021,False,1413,1413,,201
1775115007.121718,write,k3,611.7370128631592,False,1424,1424,,201
1775115007.122496,write,k5,612.3747825622559,False,1463,1463,,201
1775115007.125345,write,k2,605.9980392456055,False,1473,1473,,201
1775115007.126215,write,k1,611.8698120117188,False,1417,1417,,201
1775115007.127604,write,k1,606.54616355896,False,1418,1418,,201
1775115007.128088,write,k5,606.8589687347412,False,1464,1464,,201
1775115007.144489,write,k4,608.6881160736084,False,1414,1414,,201
1775115007.152233,write,k3,608.6668968200684,False,1425,1425,,201
1775115007.153646,write,k2,609.1439723968506,False,1474,1474,,201
1775115007.1540961,read,k1,112.90597915649414,False,1426,1418,26.49092674255371,200
1775115007.218765,write,k2,619.3881034851074,False,1475,1475,,201
1775115007.2282429,write,k2,608.96897315979,False,1476,1476,,201
1775115007.236414,write,k3,613.1949424743652,False,1426,1426,,201
1775115007.2371662,read,k4,107.76710510253906,False,1421,1414,92.67663955688477,200
1775115007.237856,write,k2,613.8439178466797,False,1477,1477,,201
1775115007.248131,write,k5,609.1282367706299,False,1465,1465,,201
1775115007.257878,write,k1,610.4767322540283,False,1419,1419,,201
1775115007.258296,write,k2,610.2569103240967,False,1478,1478,,201
1775115007.3224902,write,k5,609.6627712249756,False,1466,1466,,201
1775115007.323255,write,k4,609.0941429138184,False,1415,1415,,201
1775115007.324072,write,k2,609.0788841247559,False,1479,1479,,201
1775115007.330131,write,k4,610.2430820465088,False,1416,1416,,201
1775115007.3439062,write,k4,612.1659278869629,False,1417,1417,,201
1775115007.3446112,write,k3,611.640214920044,False,1427,1427,,201
1775115007.345654,write,k4,608.8607311248779,False,1418,1418,,201
1775115007.346059,write,k4,607.3052883148193,False,1419,1419,,201
1775115007.3463922,write,k1,608.8688373565674,False,1421,1421,,201
1775115007.346986,write,k1,610.6510162353516,False,1420,1420,,201
1775115007.347606,write,k3,609.6551418304443,False,1428,1428,,201
1775115007.356195,write,k2,606.734037399292,False,1480,1480,,201
1775115007.356745,write,k3,612.0791435241699,False,1429,1429,,201
1775115007.356997,write,k5,611.0961437225342,False,1467,1467,,201
1775115007.361181,write,k1,607.9258918762207,False,1422,1422,,201
1775115007.431039,write,k3,608.2987785339355,False,1430,1430,,201
1775115007.437527,write,k1,611.361026763916,False,1423,1423,,201
1775115007.527362,write,k5,614.2771244049072,False,1469,1469,,201
1775115007.5281138,write,k3,612.760066986084,False,1431,1431,,201
1775115007.528736,write,k5,611.2110614776611,False,1470,1470,,201
1775115007.529351,write,k4,618.7829971313477,False,1421,1421,,201
1775115007.529919,write,k5,627.1569728851318,False,1468,1468,,201
1775115007.530452,write,k4,624.9370574951172,False,1420,1420,,201
1775115007.530859,write,k1,619.7938919067383,False,1424,1424,,201
1775115007.543925,write,k1,608.889102935791,False,1425,1425,,201
1775115007.546902,write,k3,610.0096702575684,False,1432,1432,,201
1775115007.551163,write,k1,610.0060939788818,False,1426,1426,,201
1775115007.55207,write,k5,611.4208698272705,False,1471,1471,,201
1775115007.552512,write,k3,610.5389595031738,False,1433,1433,,201
1775115007.5630689,write,k3,609.4419956207275,False,1434,1434,,201
1775115007.572057,write,k5,608.2098484039307,False,1472,1472,,201
1775115007.635572,write,k5,611.638069152832,False,1473,1473,,201
1775115007.659598,write,k1,610.8179092407227,False,1427,1427,,201
1775115007.7358668,write,k3,607.6478958129883,False,1435,1435,,201
1775115007.7433758,write,k4,613.5711669921875,False,1422,1422,,201
1775115007.7439868,write,k5,612.5390529632568,False,1474,1474,,201
1775115007.744363,write,k2,613.3182048797607,False,1481,1481,,201
1775115007.7474308,write,k1,614.619255065918,False,1428,1428,,201
1775115007.7602592,write,k5,607.835054397583,False,1475,1475,,201
1775115007.767684,write,k4,610.2461814880371,False,1423,1423,,201
1775115007.76823,write,k2,609.8029613494873,False,1482,1482,,201
1775115007.771467,write,k1,608.896017074585,False,1429,1429,,201
1775115007.841562,write,k2,616.5049076080322,False,1483,1483,,201
1775115007.8474681,write,k3,613.9209270477295,False,1436,1436,,201
1775115007.8502588,write,k5,606.9009304046631,False,1476,1476,,201
1775115007.8506858,write,k3,607.9668998718262,False,1437,1437,,201
1775115007.854198,write,k4,608.7851524353027,False,1424,1424,,201
1775115007.864633,write,k4,610.1980209350586,False,1425,1425,,201
1775115007.872312,write,k4,608.6561679840088,False,1426,1426,,201
1775115007.872756,write,k5,606.4088344573975,False,1477,1477,,201
1775115007.942076,write,k4,613.6348247528076,False,1427,1427,,201
1775115007.942837,write,k5,618.5901165008545,False,1478,1478,,201
1775115007.9435258,write,k5,618.1380748748779,False,1479,1479,,201
1775115007.945007,write,k2,610.6972694396973,False,1484,1484,,201
1775115007.966824,write,k3,617.2122955322266,False,1438,1438,,201
1775115007.967582,write,k5,616.0781383514404,False,1480,1480,,201
1775115007.967988,write,k1,614.710807800293,False,1430,1430,,201
1775115007.968378,write,k3,615.5142784118652,False,1439,1439,,201
1775115007.968731,write,k5,614.5050525665283,False,1481,1481,,201
1775115007.9690518,write,k4,616.8529987335205,False,1428,1428,,201
1775115007.969406,write,k2,613.9960289001465,False,1485,1485,,201
1775115007.969719,write,k2,609.2479228973389,False,1486,1486,,201
1775115007.975751,write,k5,608.3340644836426,False,1482,1482,,201
1775115007.97613,write,k1,608.9930534362793,False,1431,1431,,201
1775115007.980272,write,k2,609.3878746032715,False,1487,1487,,201
1775115008.053074,write,k1,610.2790832519531,False,1432,1432,,201
1775115008.0537019,write,k3,614.0520572662354,False,1440,1440,,201
1775115008.0942159,read,k2,113.42000961303711,False,1496,1487,113.9380931854248,200
1775115008.0949671,read,k1,114.56608772277832,False,1441,1432,41.89181327819824,200
1775115008.1498399,write,k5,615.2999401092529,False,1484,1484,,201
1775115008.150541,write,k3,618.4718608856201,False,1441,1441,,201
1775115008.151126,write,k3,613.516092300415,False,1442,1442,,201
1775115008.1517708,write,k5,620.7928657531738,False,1483,1483,,201
1775115008.1523142,write,k2,620.6858158111572,False,1488,1488,,201
1775115008.1529422,write,k2,616.2240505218506,False,1489,1489,,201
1775115008.1535249,write,k4,619.4801330566406,False,1429,1429,,201
1775115008.157233,write,k3,607.3129177093506,False,1443,1443,,201
1775115008.159047,write,k1,607.7818870544434,False,1433,1433,,201
1775115008.16392,write,k2,608.0713272094727,False,1490,1490,,201
1775115008.166896,write,k5,606.1708927154541,False,1485,1485,,201
1775115008.173161,write,k3,611.6509437561035,False,1444,1444,,201
1775115008.175943,write,k1,607.0818901062012,False,1434,1434,,201
1775115008.181351,write,k4,606.8892478942871,False,1430,1430,,201
1775115008.255001,write,k4,611.9358539581299,False,1431,1431,,201
1775115008.261749,read,k3,106.80413246154785,False,1448,1444,88.58513832092285,200
1775115008.271296,write,k3,609.6100807189941,False,1445,1445,,201
1775115008.361612,write,k2,617.077112197876,False,1491,1491,,201
1775115008.3621938,write,k5,616.473913192749,False,1486,1486,,201
1775115008.363776,write,k5,609.7099781036377,False,1488,1488,,201
1775115008.3662632,write,k5,613.1079196929932,False,1487,1487,,201
1775115008.3667588,write,k2,609.637975692749,False,1492,1492,,201
1775115008.3781729,write,k4,613.5518550872803,False,1432,1432,,201
1775115008.379655,write,k2,609.2479228973389,False,1493,1493,,201
1775115008.38446,write,k3,610.166072845459,False,1446,1446,,201
1775115008.387703,write,k4,608.6828708648682,False,1433,1433,,201
1775115008.461542,write,k5,608.2890033721924,False,1489,1489,,201
1775115008.462925,write,k1,616.8971061706543,False,1435,1435,,201
1775115008.469095,write,k1,608.7801456451416,False,1436,1436,,201
1775115008.469526,write,k4,607.2821617126465,False,1435,1435,,201
1775115008.46992,write,k4,610.1999282836914,False,1434,1434,,201
1775115008.4810119,write,k3,610.2981567382812,False,1447,1447,,201
1775115008.484352,write,k2,608.1759929656982,False,1494,1494,,201
1775115008.491306,write,k5,608.6161136627197,False,1490,1490,,201
1775115008.561617,write,k2,609.2836856842041,False,1495,1495,,201
1775115008.5620742,write,k5,612.9858493804932,False,1491,1491,,201
1775115008.5624352,write,k4,608.4628105163574,False,1436,1436,,201
1775115008.5627651,write,k5,611.8178367614746,False,1492,1492,,201
1775115008.579243,write,k1,609.4071865081787,False,1437,1437,,201
1775115008.581136,write,k1,608.7081432342529,False,1438,1438,,201
1775115008.581845,write,k1,607.7890396118164,False,1439,1439,,201
1775115008.585279,write,k1,608.3872318267822,False,1440,1440,,201
1775115008.5860648,write,k4,609.8160743713379,False,1437,1437,,201
1775115008.5865312,write,k3,611.5248203277588,False,1448,1448,,201
1775115008.587611,write,k2,608.4983348846436,False,1496,1496,,201
1775115008.5879848,write,k1,609.7040176391602,False,1441,1441,,201
1775115008.599274,write,k2,613.2018566131592,False,1497,1497,,201
1775115008.668493,write,k1,612.9868030548096,False,1442,1442,,201
1775115008.6695812,write,k4,608.9990139007568,False,1438,1438,,201
1775115008.7176309,write,k5,611.1769676208496,False,1493,1493,,201
1775115008.718029,write,k4,612.5109195709229,False,1439,1439,,201
1775115008.770166,write,k4,608.8173389434814,False,1442,1442,,201
1775115008.7709281,write,k3,610.623836517334,False,1449,1449,,201
1775115008.771446,write,k3,610.4679107666016,False,1450,1450,,201
1775115008.771966,write,k4,618.3240413665771,False,1440,1440,,201
1775115008.772338,write,k5,614.6891117095947,False,1494,1494,,201
1775115008.772681,write,k4,616.2021160125732,False,1441,1441,,201
1775115008.7730181,write,k2,617.6178455352783,False,1498,1498,,201
1775115008.776993,write,k3,609.5521450042725,False,1451,1451,,201
1775115008.777398,write,k4,609.6270084381104,False,1443,1443,,201
1775115008.778702,write,k2,606.3721179962158,False,1499,1499,,201
1775115008.782349,write,k4,607.313871383667,False,1444,1444,,201
1775115008.789391,write,k2,610.1980209350586,False,1500,1500,,201
1775115008.8027232,write,k1,610.3239059448242,False,1443,1443,,201
1775115008.8704672,write,k4,608.386754989624,False,1445,1445,,201
1775115008.873267,write,k3,609.3137264251709,False,1452,1452,,201
1775115008.888424,write,k2,610.8212471008301,False,1501,1501,,201
1775115008.915688,read,k4,110.52608489990234,False,1453,1445,45.21894454956055,200
1775115008.97718,write,k3,613.0166053771973,False,1453,1453,,201
1775115008.978731,write,k4,610.6901168823242,False,1446,1446,,201
1775115008.979171,write,k1,610.6798648834229,False,1444,1444,,201
1775115008.979532,write,k2,610.3019714355469,False,1502,1502,,201
1775115008.985156,write,k3,608.9422702789307,False,1454,1454,,201
1775115008.995614,write,k1,612.0619773864746,False,1445,1445,,201
1775115008.99613,write,k3,611.5572452545166,False,1455,1455,,201
1775115009.000722,write,k2,609.2851161956787,False,1503,1503,,201
1775115009.001804,write,k3,609.7941398620605,False,1456,1456,,201
1775115009.077713,write,k5,613.0979061126709,False,1495,1495,,201
1775115009.0821629,write,k5,608.1860065460205,False,1496,1496,,201
1775115009.0828779,write,k2,612.1101379394531,False,1504,1504,,201
1775115009.084328,write,k2,606.9791316986084,False,1505,1505,,201
1775115009.0888388,write,k1,609.3101501464844,False,1446,1446,,201
1775115009.099945,write,k5,609.7960472106934,False,1497,1497,,201
1775115009.1025112,write,k1,610.1481914520264,False,1447,1447,,201
1775115009.1057348,write,k3,606.1246395111084,False,1457,1457,,201
1775115009.178538,write,k3,610.8639240264893,False,1458,1458,,201
1775115009.184663,write,k4,612.4930381774902,False,1448,1448,,201
1775115009.185327,write,k4,613.7628555297852,False,1447,1447,,201
1775115009.185893,write,k5,612.8242015838623,False,1498,1498,,201
1775115009.1959932,write,k4,607.3191165924072,False,1450,1450,,201
1775115009.19665,write,k2,613.0168437957764,False,1506,1506,,201
1775115009.197195,write,k4,609.0891361236572,False,1449,1449,,201
1775115009.198197,write,k1,609.1480255126953,False,1448,1448,,201
1775115009.198945,write,k3,608.8922023773193,False,1459,1459,,201
1775115009.2024808,read,k2,109.14015769958496,False,1518,1506,5.830049514770508,200
1775115009.2037141,write,k1,611.0270023345947,False,1449,1449,,201
1775115009.2044039,write,k5,611.2251281738281,False,1499,1499,,201
1775115009.208732,write,k3,614.1939163208008,False,1460,1460,,201
1775115009.210664,read,k2,107.6040267944336,False,1518,1506,14.014005661010742,200
1775115009.2174451,write,k2,606.7938804626465,False,1507,1507,,201
1775115009.286006,write,k3,613.2280826568604,False,1461,1461,,201
1775115009.286722,write,k2,614.7420406341553,False,1508,1508,,201
1775115009.3107321,read,k5,107.73086547851562,False,1504,1499,106.32205009460449,200
1775115009.324758,read,k1,111.08994483947754,False,1457,1449,121.03819847106934,200
1775115009.337621,write,k4,612.6151084899902,False,1451,1451,,201
1775115009.338188,write,k3,611.1867427825928,False,1462,1462,,201
1775115009.384068,write,k2,610.5630397796631,False,1509,1509,,201
1775115009.386691,write,k1,607.8760623931885,False,1450,1450,,201
1775115009.386998,write,k2,607.7480316162109,False,1510,1510,,201
1775115009.387272,write,k5,611.3617420196533,False,1500,1500,,201
1775115009.389972,write,k5,609.1780662536621,False,1501,1501,,201
1775115009.390229,write,k4,609.0912818908691,False,1452,1452,,201
1775115009.390473,write,k2,610.0969314575195,False,1511,1511,,201
1775115009.391597,write,k2,608.482837677002,False,1512,1512,,201
1775115009.391861,write,k3,608.3238124847412,False,1463,1463,,201
1775115009.394804,write,k4,606.8360805511475,False,1453,1453,,201
1775115009.397781,write,k5,606.7981719970703,False,1502,1502,,201
1775115009.401396,write,k1,607.1281433105469,False,1451,1451,,201
1775115009.401877,read,k1,106.43815994262695,False,1458,1451,0.4799365997314453,200
1775115009.48479,write,k2,609.8580360412598,False,1513,1513,,201
1775115009.490112,write,k1,609.4419956207275,False,1452,1452,,201
1775115009.496916,read,k2,105.86404800415039,False,1526,1513,12.12310791015625,200
1775115009.5024178,write,k4,611.0339164733887,False,1454,1454,,201
1775115009.537088,write,k2,609.6320152282715,False,1514,1514,,201
1775115009.59511,write,k1,608.8969707489014,False,1453,1453,,201
1775115009.596012,write,k3,614.4711971282959,False,1464,1464,,201
1775115009.5966048,write,k5,614.3159866333008,False,1503,1503,,201
1775115009.5970821,write,k3,608.2088947296143,False,1465,1465,,201
1775115009.600982,read,k2,106.4600944519043,False,1529,1514,63.894033432006836,200
1775115009.603924,write,k2,609.3969345092773,False,1515,1515,,201
1775115009.61327,write,k2,609.4968318939209,False,1516,1516,,201
1775115009.613704,write,k4,609.1949939727783,False,1455,1455,,201
1775115009.6190689,write,k1,610.471248626709,False,1454,1454,,201
1775115009.6195068,write,k1,609.576940536499,False,1455,1455,,201
1775115009.6987169,write,k3,613.1021976470947,False,1466,1466,,201
1775115009.699473,write,k1,609.0409755706787,False,1456,1456,,201
1775115009.700008,write,k2,608.3109378814697,False,1517,1517,,201
1775115009.700379,write,k2,609.0919971466064,False,1518,1518,,201
1775115009.705864,read,k2,106.78601264953613,False,1530,1518,5.483150482177734,200
1775115009.7207968,write,k1,608.9320182800293,False,1457,1457,,201
1775115009.7212312,write,k5,608.8039875030518,False,1504,1504,,201
1775115009.729316,read,k1,106.58383369445801,False,1462,1457,8.519887924194336,200
1775115009.798649,write,k4,608.5519790649414,False,1457,1457,,201
1775115009.799249,write,k4,615.8227920532227,False,1456,1456,,201
1775115009.799635,write,k3,612.3101711273193,False,1467,1467,,201
1775115009.8092082,write,k2,614.661693572998,False,1519,1519,,201
1775115009.8115451,write,k2,610.2509498596191,False,1520,1520,,201
1775115009.811952,write,k4,611.7918491363525,False,1459,1459,,201
1775115009.812316,write,k2,610.6081008911133,False,1521,1521,,201
1775115009.812799,write,k4,613.6829853057861,False,1458,1458,,201
1775115009.813517,write,k5,607.4318885803223,False,1505,1505,,201
1775115009.8150651,read,k2,105.19099235534668,False,1534,1521,2.7480125427246094,200
1775115009.824491,write,k4,612.2519969940186,False,1460,1460,,201
1775115009.824918,write,k2,612.2021675109863,False,1522,1522,,201
1775115009.8297532,write,k3,609.1182231903076,False,1468,1468,,201
1775115009.8300931,write,k1,608.9496612548828,False,1458,1458,,201
1775115009.902866,write,k3,608.0808639526367,False,1469,1469,,201
1775115009.9238122,write,k2,607.7759265899658,False,1523,1523,,201
1775115009.939711,write,k1,611.2291812896729,False,1459,1459,,201
1775115009.967807,write,k5,619.1151142120361,False,1506,1506,,201
1775115009.968512,write,k2,618.9329624176025,False,1524,1524,,201
1775115010.0018282,write,k2,612.9930019378662,False,1525,1525,,201
1775115010.002679,write,k4,609.6639633178711,False,1461,1461,,201
1775115010.003457,write,k2,611.4881038665771,False,1527,1527,,201
1775115010.0040479,write,k2,614.6340370178223,False,1526,1526,,201
1775115010.005269,write,k2,605.4320335388184,False,1529,1529,,201
1775115010.005653,write,k1,607.6178550720215,False,1461,1461,,201
1775115010.006115,write,k1,609.0481281280518,False,1460,1460,,201
1775115010.006537,write,k2,606.9819927215576,False,1528,1528,,201
1775115010.0070348,write,k4,610.468864440918,False,1462,1462,,201
1775115010.009172,write,k4,608.3991527557373,False,1463,1463,,201
1775115010.012718,write,k1,604.9180030822754,False,1462,1462,,201
1775115010.02087,write,k4,608.9301109313965,False,1464,1464,,201
1775115010.108696,write,k2,609.8659038543701,False,1530,1530,,201
1775115010.109216,write,k5,616.8258190155029,False,1507,1507,,201
1775115010.11537,read,k1,111.07707023620605,False,1467,1462,102.64706611633301,200
1775115010.12059,write,k3,610.1980209350586,False,1470,1470,,201
1775115010.1508229,write,k4,608.8321208953857,False,1465,1465,,201
1775115010.215056,write,k4,608.5760593414307,False,1466,1466,,201
1775115010.215753,write,k2,610.9488010406494,False,1531,1531,,201
1775115010.2162979,write,k3,613.4870052337646,False,1471,1471,,201
1775115010.2167199,write,k5,613.4400367736816,False,1508,1508,,201
1775115010.217528,read,k5,105.48520088195801,False,1518,1508,0.8058547973632812,200
1775115010.222092,write,k2,609.6420288085938,False,1532,1532,,201
1775115010.2300649,write,k5,610.4471683502197,False,1509,1509,,201
1775115010.236831,write,k4,610.130786895752,False,1467,1467,,201
1775115010.238749,write,k2,609.760046005249,False,1533,1533,,201
1775115010.3122969,write,k2,609.6761226654053,False,1534,1534,,201
1775115010.317587,write,k1,609.2281341552734,False,1463,1463,,201
1775115010.318042,write,k1,608.8409423828125,False,1464,1464,,201
1775115010.324137,write,k1,608.1790924072266,False,1465,1465,,201
1775115010.3272161,read,k2,107.61618614196777,False,1542,1534,14.918804168701172,200
1775115010.3297122,write,k1,606.0988903045654,False,1466,1466,,201
1775115010.3343968,read,k1,107.35487937927246,False,1473,1466,4.683971405029297,200
1775115010.337905,write,k4,609.3571186065674,False,1468,1468,,201
1775115010.348095,write,k2,607.8548431396484,False,1535,1535,,201
1775115010.4139452,write,k3,613.8312816619873,False,1472,1472,,201
1775115010.419343,write,k3,609.950065612793,False,1473,1473,,201
1775115010.426506,write,k5,616.3649559020996,False,1510,1510,,201
1775115010.426985,write,k5,610.990047454834,False,1512,1512,,201
1775115010.427307,write,k5,613.6958599090576,False,1511,1511,,201
1775115010.431638,write,k2,612.5524044036865,False,1536,1536,,201
1775115010.432578,write,k5,613.9261722564697,False,1513,1513,,201
1775115010.432991,write,k4,613.5869026184082,False,1469,1469,,201
1775115010.4333491,write,k2,609.9908351898193,False,1537,1537,,201
1775115010.4337091,write,k4,609.9998950958252,False,1470,1470,,201
1775115010.434438,write,k3,606.8708896636963,False,1474,1474,,201
1775115010.444646,write,k5,609.1189384460449,False,1514,1514,,201
1775115010.4469068,write,k5,609.0428829193115,False,1515,1515,,201
1775115010.447339,write,k3,609.1289520263672,False,1475,1475,,201
1775115010.514836,write,k4,610.227108001709,False,1471,1471,,201
1775115010.544482,write,k1,608.1311702728271,False,1467,1467,,201
1775115010.5483232,write,k3,606.661319732666,False,1476,1476,,201
1775115010.583963,write,k3,612.5681400299072,False,1477,1477,,201
1775115010.5846558,write,k2,611.8240356445312,False,1538,1538,,201
1775115010.624037,write,k5,610.6078624725342,False,1517,1517,,201
1775115010.62467,write,k2,610.8300685882568,False,1539,1539,,201
1775115010.625181,write,k1,615.2117252349854,False,1469,1469,,201
1775115010.62574,write,k1,617.6249980926514,False,1468,1468,,201
1775115010.626206,write,k5,612.1039390563965,False,1518,1518,,201
1775115010.626562,write,k5,618.9758777618408,False,1516,1516,,201
1775115010.626896,write,k4,610.8920574188232,False,1472,1472,,201
1775115010.62721,write,k1,609.2879772186279,False,1470,1470,,201
1775115010.627518,write,k3,616.4109706878662,False,1478,1478,,201
1775115010.629245,write,k2,610.666036605835,False,1540,1540,,201
1775115010.639353,write,k1,607.4869632720947,False,1471,1471,,201
1775115010.730628,write,k2,612.5879287719727,False,1541,1541,,201
1775115010.7311869,write,k4,613.9700412750244,False,1473,1473,,201
1775115010.740133,write,k1,610.4633808135986,False,1472,1472,,201
1775115010.775316,write,k3,613.400936126709,False,1479,1479,,201
1775115010.826672,write,k2,608.4890365600586,False,1542,1542,,201
1775115010.830264,write,k5,611.4821434020996,False,1519,1519,,201
1775115010.8309429,write,k1,610.5241775512695,False,1473,1473,,201
1775115010.836837,write,k5,607.6898574829102,False,1520,1520,,201
1775115010.847042,write,k4,607.712984085083,False,1474,1474,,201
1775115010.8475552,write,k2,609.8220348358154,False,1543,1543,,201
1775115010.849849,write,k3,609.7080707550049,False,1480,1480,,201
1775115010.931502,write,k2,615.6280040740967,False,1544,1544,,201
1775115010.93605,write,k5,611.6948127746582,False,1521,1521,,201
1775115010.936571,write,k1,611.4282608032227,False,1474,1474,,201
1775115010.936969,write,k1,609.5931529998779,False,1475,1475,,201
1775115010.941257,write,k5,611.0970973968506,False,1522,1522,,201
1775115010.947514,write,k5,609.4310283660889,False,1523,1523,,201
1775115010.950628,write,k4,608.3221435546875,False,1475,1475,,201
1775115010.958535,write,k2,607.3627471923828,False,1545,1545,,201
1775115010.9589279,write,k5,610.6469631195068,False,1524,1524,,201
1775115011.03488,write,k3,615.2751445770264,False,1481,1481,,201
1775115011.035682,write,k2,610.77880859375,False,1546,1546,,201
1775115011.042513,write,k3,611.8652820587158,False,1482,1482,,201
1775115011.04295,write,k1,612.9169464111328,False,1476,1476,,201
1775115011.044367,write,k3,609.8260879516602,False,1483,1483,,201
1775115011.0447612,write,k3,609.3881130218506,False,1484,1484,,201
1775115011.053791,write,k4,611.0708713531494,False,1476,1476,,201
1775115011.054219,write,k4,605.8142185211182,False,1478,1478,,201
1775115011.055582,write,k2,614.1791343688965,False,1547,1547,,201
1775115011.056003,write,k4,608.4339618682861,False,1477,1477,,201
1775115011.0563478,write,k3,614.6810054779053,False,1485,1485,,201
1775115011.056641,write,k5,619.2808151245117,False,1525,1525,,201
1775115011.056915,write,k1,620.1553344726562,False,1477,1477,,201
1775115011.062767,write,k4,608.1202030181885,False,1479,1479,,201
1775115011.130584,write,k3,614.1781806945801,False,1486,1486,,201
1775115011.1570969,write,k3,608.1151962280273,False,1487,1487,,201
1775115011.161536,read,k2,110.77213287353516,False,1555,1547,105.95107078552246,200
1775115011.162996,write,k3,607.3548793792725,False,1488,1488,,201
1775115011.205079,write,k1,617.5239086151123,False,1478,1478,,201
1775115011.205756,write,k3,617.33078956604,False,1489,1489,,201
1775115011.238604,write,k5,610.3420257568359,False,1526,1526,,201
1775115011.23881,write,k3,611.2020015716553,False,1490,1490,,201
1775115011.238951,write,k4,610.3510856628418,False,1480,1480,,201
1775115011.239101,write,k2,608.3221435546875,False,1548,1548,,201
1775115011.2392251,write,k2,608.0851554870605,False,1549,1549,,201
1775115011.239351,write,k1,608.9599132537842,False,1479,1479,,201
1775115011.243246,write,k3,610.3739738464355,False,1491,1491,,201
1775115011.2433732,write,k4,611.1929416656494,False,1481,1481,,201
1775115011.2434912,write,k2,606.5728664398193,False,1550,1550,,201
1775115011.243698,write,k1,607.1720123291016,False,1480,1480,,201
1775115011.256278,write,k2,606.5762042999268,False,1551,1551,,201
1775115011.325257,read,k1,111.05895042419434,False,1488,1480,81.55703544616699,200
1775115011.3254342,read,k4,110.5051040649414,False,1486,1481,82.06009864807129,200
1775115011.3426409,write,k3,610.6219291687012,False,1492,1492,,201
1775115011.3470411,write,k1,608.4742546081543,False,1481,1481,,201
1775115011.357057,write,k4,605.6818962097168,False,1482,1482,,201
1775115011.388248,write,k3,610.5620861053467,False,1493,1493,,201
1775115011.440205,write,k2,609.1067790985107,False,1552,1552,,201
1775115011.444984,write,k2,607.5520515441895,False,1553,1553,,201
1775115011.44945,write,k1,609.2112064361572,False,1482,1482,,201
1775115011.449557,write,k3,610.0900173187256,False,1494,1494,,201
1775115011.4584289,write,k1,608.4740161895752,False,1483,1483,,201
1775115011.4585211,write,k1,605.4708957672119,False,1484,1484,,201
1775115011.464385,write,k3,607.1157455444336,False,1495,1495,,201
1775115011.549251,write,k5,607.8720092773438,False,1527,1527,,201
1775115011.549385,write,k4,606.3768863677979,False,1483,1483,,201
1775115011.549485,write,k1,610.8019351959229,False,1485,1485,,201
1775115011.551214,write,k2,606.414794921875,False,1554,1554,,201
1775115011.5523999,write,k5,606.1456203460693,False,1528,1528,,201
1775115011.5552242,write,k3,606.2006950378418,False,1496,1496,,201
1775115011.559671,read,k5,105.51905632019043,False,1532,1528,7.27081298828125,200
1775115011.566607,write,k3,606.9560050964355,False,1497,1497,,201
1775115011.57091,write,k4,605.5788993835449,False,1484,1484,,201
1775115011.579314,write,k3,609.9052429199219,False,1498,1498,,201
1775115011.648841,write,k3,610.1260185241699,False,1499,1499,,201
1775115011.649004,write,k3,608.7169647216797,False,1500,1500,,201
1775115011.654851,read,k2,103.34205627441406,False,1563,1554,103.63507270812988,200
1775115011.661334,write,k2,609.2259883880615,False,1556,1556,,201
1775115011.661481,write,k2,609.9798679351807,False,1555,1555,,201
1775115011.665248,write,k3,610.5799674987793,False,1501,1501,,201
1775115011.667797,write,k1,610.0718975067139,False,1486,1486,,201
1775115011.669718,write,k4,608.2351207733154,False,1485,1485,,201
1775115011.669857,write,k3,611.4630699157715,False,1502,1502,,201
1775115011.673258,write,k5,610.3460788726807,False,1529,1529,,201
1775115011.6754801,write,k2,607.2502136230469,False,1557,1557,,201
1775115011.675642,write,k5,608.5090637207031,False,1530,1530,,201
1775115011.676956,write,k3,608.4437370300293,False,1503,1503,,201
1775115011.677114,write,k1,609.2159748077393,False,1487,1487,,201
1775115011.743306,write,k2,610.2771759033203,False,1558,1558,,201
1775115011.777245,write,k4,610.2681159973145,False,1486,1486,,201
1775115011.7778182,write,k1,609.9400520324707,False,1488,1488,,201
1775115011.779964,write,k3,609.3590259552002,False,1504,1504,,201
1775115011.854326,write,k2,612.5428676605225,False,1559,1559,,201
1775115011.854941,write,k2,611.9270324707031,False,1560,1560,,201
1775115011.855432,write,k3,610.4321479797363,False,1505,1505,,201
1775115011.855829,write,k4,606.3330173492432,False,1489,1489,,201
1775115011.856162,write,k4,614.1610145568848,False,1487,1487,,201
1775115011.856482,write,k1,610.4888916015625,False,1489,1489,,201
1775115011.8568041,write,k3,608.9069843292236,False,1506,1506,,201
1775115011.857149,write,k4,611.0250949859619,False,1488,1488,,201
1775115011.857482,write,k5,612.2567653656006,False,1531,1531,,201
1775115011.858602,write,k5,607.2640419006348,False,1532,1532,,201
1775115011.8741918,write,k2,606.1041355133057,False,1561,1561,,201
1775115011.897512,read,k2,107.98478126525879,False,1569,1561,23.316144943237305,200
1775115011.898221,read,k2,113.51609230041504,False,1569,1561,24.02806282043457,200
1775115011.942061,write,k3,614.8111820220947,False,1507,1507,,201
1775115011.9427369,write,k1,609.3800067901611,False,1490,1490,,201
1775115011.956578,write,k1,608.9890003204346,False,1491,1491,,201
1775115011.9628348,write,k2,608.9210510253906,False,1562,1562,,201
1775115011.9706812,write,k2,607.7067852020264,False,1563,1563,,201
1775115012.006733,write,k1,609.6169948577881,False,1492,1492,,201
1775115012.056709,write,k1,612.0409965515137,False,1493,1493,,201
1775115012.059875,read,k5,106.62078857421875,False,1540,1532,201.27105712890625,200
1775115012.063043,write,k1,606.5671443939209,False,1494,1494,,201
1775115012.066864,write,k3,607.2850227355957,False,1508,1508,,201
1775115012.071323,write,k4,606.0552597045898,False,1490,1490,,201
1775115012.076481,write,k1,608.5059642791748,False,1495,1495,,201
1775115012.078618,write,k4,607.2120666503906,False,1491,1491,,201
1775115012.158273,write,k3,606.4081192016602,False,1509,1509,,201
1775115012.1628668,write,k3,607.9568862915039,False,1510,1510,,201
1775115012.166681,write,k2,607.215166091919,False,1564,1564,,201
1775115012.1670551,write,k5,607.7539920806885,False,1533,1533,,201
1775115012.169117,read,k2,110.42404174804688,False,1572,1564,2.4352073669433594,200
1775115012.1723928,write,k5,606.964111328125,False,1534,1534,,201
1775115012.173845,write,k1,608.2711219787598,False,1496,1496,,201
1775115012.1828349,write,k1,613.5749816894531,False,1497,1497,,201
1775115012.185832,write,k4,605.4327487945557,False,1492,1492,,201
1775115012.198338,write,k5,608.3519458770752,False,1535,1535,,201
1775115012.26194,write,k3,607.5928211212158,False,1511,1511,,201
1775115012.262159,write,k4,607.6059341430664,False,1493,1493,,201
1775115012.268165,write,k2,607.5060367584229,False,1565,1565,,201
1775115012.277489,write,k2,609.3180179595947,False,1566,1566,,201
1775115012.2780118,write,k1,610.6009483337402,False,1498,1498,,201
1775115012.285507,write,k2,611.4578247070312,False,1567,1567,,201
1775115012.2867599,read,k5,123.10409545898438,False,1543,1535,88.42110633850098,200
1775115012.287245,write,k2,611.5579605102539,False,1569,1569,,201
1775115012.2876658,write,k2,612.5059127807617,False,1568,1568,,201
1775115012.2880151,write,k3,609.6701622009277,False,1512,1512,,201
1775115012.288362,write,k1,611.0959053039551,False,1499,1499,,201
1775115012.288642,write,k5,612.7738952636719,False,1536,1536,,201
1775115012.288981,write,k1,607.882022857666,False,1500,1500,,201
1775115012.29428,write,k3,607.7349185943604,False,1513,1513,,201
1775115012.296133,write,k1,609.7962856292725,False,1501,1501,,201
1775115012.313859,read,k3,108.28709602355957,False,1519,1513,19.578933715820312,200
1775115012.366976,write,k5,612.0431423187256,False,1537,1537,,201
1775115012.371531,read,k3,106.03809356689453,False,1519,1513,77.25095748901367,200
1775115012.3976629,write,k3,612.1509075164795,False,1514,1514,,201
1775115012.46874,write,k3,609.4729900360107,False,1515,1515,,201
1775115012.469356,write,k2,611.7031574249268,False,1570,1570,,201
1775115012.4706821,write,k4,610.2583408355713,False,1494,1494,,201
1775115012.471024,write,k4,609.8968982696533,False,1495,1495,,201
1775115012.471332,write,k5,608.1809997558594,False,1538,1538,,201
1775115012.4717371,write,k2,612.0560169219971,False,1571,1571,,201
1775115012.473655,write,k3,610.8930110931396,False,1516,1516,,201
1775115012.4745579,write,k4,611.0508441925049,False,1496,1496,,201
1775115012.474905,write,k1,608.1459522247314,False,1502,1502,,201
1775115012.4752178,write,k5,608.8662147521973,False,1539,1539,,201
1775115012.4899762,write,k3,610.1088523864746,False,1517,1517,,201
1775115012.490933,read,k4,108.96730422973633,False,1500,1496,16.373395919799805,200
1775115012.514636,write,k1,611.3121509552002,False,1503,1503,,201
1775115012.5155468,write,k3,607.4140071868896,False,1518,1518,,201
1775115012.570254,write,k5,609.6651554107666,False,1541,1541,,201
1775115012.57103,write,k5,624.5419979095459,False,1540,1540,,201
1775115012.5819452,write,k4,613.1126880645752,False,1497,1497,,201
1775115012.5878122,write,k1,612.3619079589844,False,1504,1504,,201
1775115012.628234,write,k2,608.9789867401123,False,1572,1572,,201
1775115012.674426,write,k2,610.2280616760254,False,1573,1573,,201
1775115012.6839302,write,k2,614.7403717041016,False,1574,1574,,201
1775115012.688044,write,k2,614.2909526824951,False,1575,1575,,201
1775115012.692278,write,k5,609.2159748077393,False,1542,1542,,201
1775115012.6942348,write,k1,612.5428676605225,False,1505,1505,,201
1775115012.695626,write,k5,609.1141700744629,False,1543,1543,,201
1775115012.7046971,read,k3,110.50224304199219,False,1527,1518,189.1467571258545,200
1775115012.78241,write,k1,617.171049118042,False,1506,1506,,201
1775115012.783353,write,k5,613.837718963623,False,1544,1544,,201
1775115012.7839859,write,k1,612.3950481414795,False,1507,1507,,201
1775115012.790847,read,k2,109.8020076751709,False,1584,1575,102.7991771697998,200
1775115012.7914739,write,k3,616.5459156036377,False,1519,1519,,201
1775115012.792325,write,k5,608.8411808013916,False,1545,1545,,201
1775115012.792876,write,k1,611.7889881134033,False,1508,1508,,201
1775115012.7991428,write,k4,610.6619834899902,False,1498,1498,,201
1775115012.807473,write,k4,611.9728088378906,False,1499,1499,,201
1775115012.8724859,write,k1,608.9737415313721,False,1509,1509,,201
1775115012.8786519,write,k2,608.0539226531982,False,1576,1576,,201
1775115012.894871,write,k3,614.9251461029053,False,1520,1520,,201
1775115012.895199,write,k2,614.6030426025391,False,1577,1577,,201
1775115012.90643,write,k1,609.877347946167,False,1513,1513,,201
1775115012.906683,write,k4,609.8878383636475,False,1500,1500,,201
1775115012.90688,write,k3,610.6472015380859,False,1521,1521,,201
1775115012.907072,write,k2,612.2050285339355,False,1579,1579,,201
1775115012.9072618,write,k2,615.1349544525146,False,1578,1578,,201
1775115012.907443,write,k1,607.9750061035156,False,1514,1514,,201
1775115012.907626,write,k1,614.4320964813232,False,1511,1511,,201
1775115012.9078112,write,k1,616.3630485534668,False,1510,1510,,201
1775115012.907989,write,k1,612.7359867095947,False,1512,1512,,201
1775115012.9156291,write,k3,611.1752986907959,False,1522,1522,,201
1775115012.931052,write,k3,609.9028587341309,False,1523,1523,,201
1775115012.981602,write,k1,611.5498542785645,False,1515,1515,,201
1775115012.9887931,read,k3,103.61218452453613,False,1530,1523,57.740211486816406,200
1775115013.0110269,write,k5,607.7859401702881,False,1546,1546,,201
1775115013.090003,write,k3,613.4898662567139,False,1524,1524,,201
1775115013.090573,write,k1,616.797924041748,False,1516,1516,,201
1775115013.090951,write,k3,612.5149726867676,False,1525,1525,,201
1775115013.091271,write,k2,619.4219589233398,False,1580,1580,,201
1775115013.0916102,write,k5,611.0200881958008,False,1549,1549,,201
1775115013.0918841,write,k5,612.0641231536865,False,1548,1548,,201
1775115013.0920992,write,k5,613.2242679595947,False,1547,1547,,201
1775115013.092308,write,k1,608.881950378418,False,1517,1517,,201
1775115013.092552,write,k2,615.6582832336426,False,1581,1581,,201
1775115013.09286,write,k3,610.08620262146,False,1526,1526,,201
1775115013.104937,write,k1,606.3668727874756,False,1518,1518,,201
1775115013.10757,write,k3,608.4499359130859,False,1527,1527,,201
1775115013.137419,write,k1,612.3132705688477,False,1519,1519,,201
1775115013.13817,write,k4,612.1678352355957,False,1501,1501,,201
1775115013.185088,write,k2,612.2276782989502,False,1582,1582,,201
1775115013.1857631,write,k2,607.9070568084717,False,1583,1583,,201
1775115013.199209,write,k1,608.9560985565186,False,1520,1520,,201
1775115013.2053602,read,k5,105.51214218139648,False,1557,1549,113.25788497924805,200
1775115013.205823,read,k3,110.34297943115234,False,1535,1527,98.2518196105957,200
1775115013.252129,write,k2,615.1292324066162,False,1584,1584,,201
1775115013.300724,write,k5,611.0398769378662,False,1550,1550,,201
1775115013.301955,write,k1,607.1569919586182,False,1521,1521,,201
1775115013.302441,write,k5,609.3628406524658,False,1551,1551,,201
1775115013.3028421,write,k2,605.4351329803467,False,1585,1585,,201
1775115013.312882,read,k4,108.62898826599121,False,1510,1501,174.7109889984131,200
1775115013.313343,write,k3,611.1879348754883,False,1528,1528,,201
1775115013.321873,write,k2,609.3037128448486,False,1586,1586,,201
1775115013.3944068,write,k4,608.1359386444092,False,1502,1502,,201
1775115013.395829,write,k4,608.0052852630615,False,1503,1503,,201
1775115013.398541,write,k1,608.6440086364746,False,1522,1522,,201
1775115013.408041,write,k5,611.5491390228271,False,1552,1552,,201
1775115013.408556,write,k5,609.2331409454346,False,1553,1553,,201
1775115013.409834,write,k5,607.9390048980713,False,1554,1554,,201
1775115013.415783,write,k1,612.9517555236816,False,1523,1523,,201
1775115013.4188669,read,k1,108.18004608154297,False,1524,1523,3.0829906463623047,200
1775115013.419216,write,k2,610.2378368377686,False,1587,1587,,201
1775115013.419668,write,k3,610.2950572967529,False,1529,1529,,201
1775115013.426995,read,k4,107.33175277709961,False,1511,1503,31.165122985839844,200
1775115013.493464,write,k3,615.941047668457,False,1530,1530,,201
1775115013.5137742,write,k5,608.0038547515869,False,1555,1555,,201
1775115013.514445,write,k4,609.2591285705566,False,1504,1504,,201
1775115013.5157492,write,k3,606.5139770507812,False,1531,1531,,201
1775115013.517607,write,k2,606.2989234924316,False,1588,1588,,201
1775115013.5214798,write,k3,607.1410179138184,False,1534,1534,,201
1775115013.521833,write,k3,605.133056640625,False,1535,1535,,201
1775115013.52212,write,k2,606.281042098999,False,1591,1591,,201
1775115013.524116,write,k2,609.5449924468994,False,1590,1590,,201
1775115013.524628,write,k3,610.8808517456055,False,1533,1533,,201
1775115013.524961,write,k2,611.9029521942139,False,1589,1589,,201
1775115013.525386,write,k3,611.9210720062256,False,1532,1532,,201
1775115013.5335522,write,k4,608.9096069335938,False,1505,1505,,201
1775115013.558248,write,k2,615.5359745025635,False,1592,1592,,201
1775115013.6007931,write,k4,609.9750995635986,False,1506,1506,,201
1775115013.604661,write,k5,608.5419654846191,False,1556,1556,,201
1775115013.630529,write,k4,607.2483062744141,False,1507,1507,,201
1775115013.635594,read,k4,108.17790031433105,False,1513,1507,5.0640106201171875,200
1775115013.709496,write,k2,611.9272708892822,False,1596,1596,,201
1775115013.710146,write,k4,615.6008243560791,False,1509,1509,,201
1775115013.710668,write,k2,615.4711246490479,False,1593,1593,,201
1775115013.711091,write,k1,616.8968677520752,False,1524,1524,,201
1775115013.7114592,write,k2,613.50417137146,False,1595,1595,,201
1775115013.711801,write,k4,618.217945098877,False,1508,1508,,201
1775115013.712128,write,k2,617.2590255737305,False,1594,1594,,201
1775115013.712438,write,k5,614.145040512085,False,1557,1557,,201
1775115013.715793,write,k2,607.9878807067871,False,1597,1597,,201
1775115013.720785,write,k3,609.1561317443848,False,1536,1536,,201
1775115013.754782,write,k2,608.2220077514648,False,1598,1598,,201
1775115013.755609,write,k3,611.1688613891602,False,1537,1537,,201
1775115013.804598,write,k4,616.6527271270752,False,1510,1510,,201
1775115013.8052769,write,k5,616.3928508758545,False,1558,1558,,201
1775115013.817857,write,k4,607.1512699127197,False,1511,1511,,201
1775115013.821693,write,k3,608.9861392974854,False,1538,1538,,201
1775115013.835271,read,k4,122.66707420349121,False,1516,1511,17.41313934326172,200
1775115013.835711,read,k5,109.52997207641602,False,1566,1558,30.435800552368164,200
1775115013.8742871,write,k3,612.6091480255127,False,1539,1539,,201
1775115013.9219398,write,k5,612.5538349151611,False,1559,1559,,201
1775115013.9223008,write,k2,611.9067668914795,False,1599,1599,,201
1775115013.922521,write,k1,612.4391555786133,False,1525,1525,,201
1775115013.93264,write,k3,614.4721508026123,False,1540,1540,,201
1775115013.93936,write,k1,608.7098121643066,False,1526,1526,,201
1775115014.016598,write,k5,617.896318435669,False,1560,1560,,201
1775115014.017238,write,k4,613.7821674346924,False,1512,1512,,201
1775115014.0176342,write,k2,615.811824798584,False,1600,1600,,201
1775115014.022697,write,k1,609.6329689025879,False,1527,1527,,201
1775115014.023306,write,k3,610.8181476593018,False,1541,1541,,201
1775115014.0322711,read,k4,106.4450740814209,False,1520,1512,15.028953552246094,200
1775115014.03517,write,k1,615.3552532196045,False,1528,1528,,201
1775115014.035637,write,k5,607.1670055389404,False,1561,1561,,201
1775115014.0359669,write,k2,618.4952259063721,False,1601,1601,,201
1775115014.036266,write,k1,610.0130081176758,False,1529,1529,,201
1775115014.036561,write,k2,607.2869300842285,False,1602,1602,,201
1775115014.040315,read,k2,108.43110084533691,False,1608,1602,3.7508010864257812,200
1775115014.046531,write,k4,609.3204021453857,False,1513,1513,,201
1775115014.1170418,write,k1,614.3181324005127,False,1530,1530,,201
1775115014.135969,write,k2,612.8349304199219,False,1603,1603,,201
1775115014.136506,write,k5,613.7189865112305,False,1563,1563,,201
1775115014.136988,write,k1,611.3641262054443,False,1531,1531,,201
1775115014.1373749,write,k5,615.1511669158936,False,1562,1562,,201
1775115014.1377249,write,k5,611.5400791168213,False,1564,1564,,201
1775115014.1380322,write,k2,609.7800731658936,False,1604,1604,,201
1775115014.1499698,read,k4,117.3853874206543,False,1522,1513,103.37567329406738,200
1775115014.150572,write,k3,617.7690029144287,False,1543,1543,,201
1775115014.151977,write,k4,619.9181079864502,False,1515,1515,,201
1775115014.152389,write,k4,621.0169792175293,False,1514,1514,,201
1775115014.152763,write,k3,621.7670440673828,False,1542,1542,,201
1775115014.153086,write,k1,615.8218383789062,False,1532,1532,,201
1775115014.1788921,write,k2,614.1738891601562,False,1605,1605,,201
1775115014.23347,write,k3,621.5689182281494,False,1545,1545,,201
1775115014.2337558,write,k3,622.8978633880615,False,1544,1544,,201
1775115014.24207,write,k4,607.9139709472656,False,1516,1516,,201
1775115014.2487218,write,k2,609.7321510314941,False,1606,1606,,201
1775115014.262182,read,k3,122.40099906921387,False,1548,1545,28.425216674804688,200
1775115014.265208,read,k5,104.50410842895508,False,1576,1564,127.48217582702637,200
1775115014.332475,write,k1,619.1341876983643,False,1533,1533,,201
1775115014.333266,write,k4,619.3499565124512,False,1517,1517,,201
1775115014.3386629,write,k4,616.8560981750488,False,1518,1518,,201
1775115014.3391612,write,k5,623.1570243835449,False,1566,1566,,201
1775115014.33952,write,k1,616.304874420166,False,1534,1534,,201
1775115014.33983,write,k5,618.8979148864746,False,1567,1567,,201
1775115014.3401248,write,k4,622.3797798156738,False,1519,1519,,201
1775115014.3404338,write,k5,624.0580081939697,False,1565,1565,,201
1775115014.371647,write,k5,610.3322505950928,False,1568,1568,,201
1775115014.373684,write,k3,609.4043254852295,False,1546,1546,,201
1775115014.428624,write,k1,615.0901317596436,False,1535,1535,,201
1775115014.429109,write,k5,616.5099143981934,False,1569,1569,,201
1775115014.437428,write,k2,613.3570671081543,False,1607,1607,,201
1775115014.4379609,write,k4,613.2590770721436,False,1520,1520,,201
1775115014.457367,write,k3,616.6837215423584,False,1547,1547,,201
1775115014.458126,write,k1,616.8320178985596,False,1536,1536,,201
1775115014.4913678,write,k2,612.3359203338623,False,1608,1608,,201
1775115014.5370219,write,k3,610.4140281677246,False,1548,1548,,201
1775115014.5474272,write,k4,612.2438907623291,False,1521,1521,,201
1775115014.554188,write,k5,606.8911552429199,False,1570,1570,,201
1775115014.6469178,write,k5,623.4400272369385,False,1571,1571,,201
1775115014.647382,write,k4,622.089147567749,False,1522,1522,,201
1775115014.647747,write,k1,617.1209812164307,False,1537,1537,,201
1775115014.648032,write,k5,623.9738464355469,False,1572,1572,,201
1775115014.6552908,write,k1,616.4298057556152,False,1538,1538,,201
1775115014.6556869,write,k5,611.8488311767578,False,1573,1573,,201
1775115014.656032,write,k1,611.4869117736816,False,1540,1540,,201
1775115014.656362,write,k1,610.943078994751,False,1541,1541,,201
1775115014.656713,write,k2,614.5453453063965,False,1609,1609,,201
1775115014.657061,write,k1,615.4019832611084,False,1539,1539,,201
1775115014.657387,write,k2,611.6151809692383,False,1610,1610,,201
1775115014.6666229,write,k5,609.7500324249268,False,1574,1574,,201
1775115014.7414558,write,k4,609.7259521484375,False,1523,1523,,201
1775115014.7619562,write,k4,622.9078769683838,False,1524,1524,,201
1775115014.762573,write,k5,615.2632236480713,False,1575,1575,,201
1775115014.763291,write,k3,615.6191825866699,False,1549,1549,,201
1775115014.764291,write,k4,617.2888278961182,False,1525,1525,,201
1775115014.764956,write,k2,608.9768409729004,False,1611,1611,,201
1775115014.765468,write,k3,608.7417602539062,False,1550,1550,,201
1775115014.7659688,write,k1,623.6639022827148,False,1542,1542,,201
1775115014.766325,read,k3,111.82188987731934,False,1553,1550,0.8561611175537109,200
1775115014.766658,write,k2,609.0469360351562,False,1612,1612,,201
1775115014.7669911,write,k5,609.0798377990723,False,1576,1576,,201
1775115014.767779,write,k2,606.6398620605469,False,1613,1613,,201
1775115014.794375,write,k1,610.9440326690674,False,1543,1543,,201
1775115014.846106,write,k4,610.7110977172852,False,1526,1526,,201
1775115014.848973,write,k4,605.6609153747559,False,1527,1527,,201
1775115014.866226,write,k5,613.9380931854248,False,1577,1577,,201
1775115014.866997,write,k5,607.5360774993896,False,1578,1578,,201
1775115014.87026,write,k4,606.1840057373047,False,1528,1528,,201
1775115014.8741162,write,k4,606.5573692321777,False,1529,1529,,201
1775115014.8924851,read,k5,117.47193336486816,False,1588,1578,25.485754013061523,200
1775115014.893076,read,k3,119.67802047729492,False,1555,1550,127.60591506958008,200
1775115014.951336,write,k2,607.4047088623047,False,1614,1614,,201
1775115014.951612,write,k3,614.2349243164062,False,1551,1551,,201
1775115014.9518359,write,k4,616.3389682769775,False,1530,1530,,201
1775115014.9521,write,k5,609.7667217254639,False,1579,1579,,201
1775115014.952306,write,k1,609.5139980316162,False,1544,1544,,201
1775115014.952512,write,k5,607.3150634765625,False,1580,1580,,201
1775115014.952805,write,k3,606.9369316101074,False,1552,1552,,201
1775115014.955978,write,k2,608.691930770874,False,1615,1615,,201
1775115014.973331,read,k4,105.1170825958252,False,1538,1530,21.49224281311035,200
1775115014.987712,write,k1,610.4099750518799,False,1545,1545,,201
1775115014.9901361,write,k4,609.611988067627,False,1531,1531,,201
1775115015.0460942,write,k5,607.9859733581543,False,1581,1581,,201
1775115015.0464199,write,k1,615.6117916107178,False,1546,1546,,201
1775115015.051944,write,k5,607.745885848999,False,1582,1582,,201
1775115015.0523179,write,k4,609.6620559692383,False,1532,1532,,201
1775115015.066963,read,k3,107.03015327453613,False,1557,1552,114.15600776672363,200
1775115015.078079,write,k3,608.4530353546143,False,1553,1553,,201
1775115015.0784872,write,k2,613.9638423919678,False,1616,1616,,201
1775115015.104146,write,k5,608.483076095581,False,1583,1583,,201
1775115015.1552079,write,k1,610.0499629974365,False,1547,1547,,201
1775115015.164866,write,k5,612.2927665710449,False,1584,1584,,201
1775115015.169107,write,k2,608.3099842071533,False,1617,1617,,201
1775115015.1716008,read,k1,113.94214630126953,False,1557,1547,16.39080047607422,200
1775115015.193871,read,k1,106.48775100708008,False,1557,1547,38.661956787109375,200
1775115015.2647512,write,k5,611.2208366394043,False,1585,1585,,201
1775115015.2895958,write,k4,625.8947849273682,False,1534,1534,,201
1775115015.289959,write,k5,629.4641494750977,False,1587,1587,,201
1775115015.290206,write,k1,620.7151412963867,False,1550,1550,,201
1775115015.290408,write,k1,632.5068473815918,False,1548,1548,,201
1775115015.290602,write,k4,636.4381313323975,False,1533,1533,,201
1775115015.290793,write,k4,625.6058216094971,False,1535,1535,,201
1775115015.290972,write,k4,625.1430511474609,False,1536,1536,,201
1775115015.2911491,write,k3,624.4080066680908,False,1554,1554,,201
1775115015.291332,write,k1,627.0508766174316,False,1549,1549,,201
1775115015.2915578,write,k5,632.4300765991211,False,1586,1586,,201
1775115015.361336,write,k5,611.7231845855713,False,1588,1588,,201
1775115015.377892,write,k2,607.5031757354736,False,1618,1618,,201
1775115015.3864698,write,k2,615.476131439209,False,1619,1619,,201
1775115015.386822,write,k2,615.3740882873535,False,1620,1620,,201
1775115015.400516,write,k4,619.5509433746338,False,1538,1538,,201
1775115015.400696,write,k1,626.0817050933838,False,1551,1551,,201
1775115015.400804,write,k5,625.2930164337158,False,1589,1589,,201
1775115015.400896,write,k2,627.11501121521,False,1621,1621,,201
1775115015.4009862,write,k3,628.0980110168457,False,1555,1555,,201
1775115015.401073,write,k4,629.2500495910645,False,1537,1537,,201
1775115015.408136,write,k3,607.7408790588379,False,1556,1556,,201
1775115015.4594839,write,k1,610.2199554443359,False,1552,1552,,201
1775115015.4651809,write,k2,608.5467338562012,False,1622,1622,,201
1775115015.477345,read,k2,105.47614097595215,False,1629,1622,12.159109115600586,200
1775115015.490859,write,k2,613.5618686676025,False,1624,1624,,201
1775115015.4912388,write,k2,618.2851791381836,False,1623,1623,,201
1775115015.491532,write,k1,613.555908203125,False,1553,1553,,201
1775115015.500741,write,k5,605.8800220489502,False,1590,1590,,201
1775115015.510807,write,k3,607.8739166259766,False,1557,1557,,201
1775115015.565071,write,k1,610.8059883117676,False,1554,1554,,201
1775115015.5655591,write,k5,610.9750270843506,False,1591,1591,,201
1775115015.6044888,write,k1,643.6750888824463,False,1555,1555,,201
1775115015.605199,write,k1,625.5419254302979,False,1557,1557,,201
1775115015.605633,write,k3,643.1241035461426,False,1559,1559,,201
1775115015.606001,write,k3,639.6510601043701,False,1560,1560,,201
1775115015.606345,write,k3,646.000862121582,False,1558,1558,,201
1775115015.6067252,write,k1,645.1928615570068,False,1556,1556,,201
1775115015.607697,write,k4,609.5089912414551,False,1539,1539,,201
1775115015.6079879,write,k3,610.5389595031738,False,1561,1561,,201
1775115015.66104,write,k3,608.5913181304932,False,1562,1562,,201
1775115015.6618109,write,k5,613.5733127593994,False,1592,1592,,201
1775115015.672509,write,k5,617.9249286651611,False,1593,1593,,201
1775115015.6854,write,k3,609.799861907959,False,1563,1563,,201
1775115015.704053,write,k3,620.3320026397705,False,1564,1564,,201
1775115015.715004,write,k2,606.9989204406738,False,1625,1625,,201
1775115015.76667,write,k3,609.8592281341553,False,1565,1565,,201
1775115015.7936158,write,k2,625.8540153503418,False,1626,1626,,201
1775115015.7943392,write,k4,618.6690330505371,False,1540,1540,,201
1775115015.794831,write,k5,618.4237003326416,False,1594,1594,,201
1775115015.810057,write,k2,607.3269844055176,False,1627,1627,,201
1775115015.905331,read,k3,108.50667953491211,False,1575,1565,138.65900039672852,200
1775115015.907122,write,k5,630.3548812866211,False,1595,1595,,201
1775115015.907905,write,k1,615.8039569854736,False,1558,1558,,201
1775115015.9111218,write,k3,615.2300834655762,False,1566,1566,,201
1775115015.911516,write,k4,614.2399311065674,False,1543,1543,,201
1775115015.91198,write,k1,614.3012046813965,False,1559,1559,,201
1775115015.9123719,write,k4,613.8820648193359,False,1545,1545,,201
1775115015.912736,write,k4,618.6790466308594,False,1541,1541,,201
1775115015.913072,write,k4,616.7500019073486,False,1542,1542,,201
1775115015.9133928,write,k2,613.7239933013916,False,1629,1629,,201
1775115015.913703,write,k4,615.8080101013184,False,1544,1544,,201
1775115015.913996,write,k2,617.1150207519531,False,1628,1628,,201
1775115016.0076602,write,k5,619.2779541015625,False,1596,1596,,201
1775115016.009269,write,k2,619.9910640716553,False,1630,1630,,201
1775115016.009969,write,k1,623.0370998382568,False,1560,1560,,201
1775115016.010869,write,k4,607.813835144043,False,1546,1546,,201
1775115016.014497,write,k3,606.3070297241211,False,1568,1568,,201
1775115016.014882,write,k1,607.7408790588379,False,1561,1561,,201
1775115016.015201,write,k4,608.8838577270508,False,1547,1547,,201
1775115016.015511,write,k3,609.8589897155762,False,1567,1567,,201
1775115016.018045,write,k1,607.1350574493408,False,1562,1562,,201
1775115016.025315,read,k2,115.34690856933594,False,1636,1630,16.046762466430664,200
1775115016.027474,write,k1,607.6998710632324,False,1563,1563,,201
1775115016.074751,write,k3,610.396146774292,False,1569,1569,,201
1775115016.075604,write,k5,609.0230941772461,False,1597,1597,,201
1775115016.09136,write,k5,608.6540222167969,False,1598,1598,,201
1775115016.106488,write,k1,608.616828918457,False,1564,1564,,201
1775115016.10977,write,k1,608.8480949401855,False,1565,1565,,201
1775115016.1102269,write,k2,611.037015914917,False,1631,1631,,201
1775115016.117436,write,k5,608.5996627807617,False,1599,1599,,201
1775115016.126123,write,k3,608.6268424987793,False,1570,1570,,201
1775115016.134777,read,k4,108.07514190673828,False,1556,1547,119.57192420959473,200
1775115016.186411,write,k1,611.5560531616211,False,1566,1566,,201
1775115016.186986,write,k4,611.1860275268555,False,1548,1548,,201
1775115016.197674,read,k3,109.87997055053711,False,1579,1570,71.55013084411621,200
1775115016.22176,write,k3,614.9029731750488,False,1571,1571,,201
1775115016.2222028,write,k1,611.7689609527588,False,1567,1567,,201
1775115016.222363,write,k3,610.943078994751,False,1572,1572,,201
1775115016.227446,write,k3,613.645076751709,False,1573,1573,,201
1775115016.227563,write,k2,614.7782802581787,False,1632,1632,,201
1775115016.22767,write,k4,612.0729446411133,False,1549,1549,,201
1775115016.227777,write,k1,612.8618717193604,False,1568,1568,,201
1775115016.227882,write,k3,613.7123107910156,False,1574,1574,,201
1775115016.28471,write,k2,617.5320148468018,False,1634,1634,,201
1775115016.284908,write,k2,620.3939914703369,False,1633,1633,,201
1775115016.290776,write,k2,609.0743541717529,False,1635,1635,,201
1775115016.300429,write,k4,609.065055847168,False,1550,1550,,201
1775115016.318414,write,k5,610.5711460113525,False,1600,1600,,201
1775115016.3315752,write,k3,607.0582866668701,False,1575,1575,,201
1775115016.3377018,read,k3,105.60083389282227,False,1580,1575,6.126165390014648,200
1775115016.3909361,write,k1,615.211009979248,False,1569,1569,,201
1775115016.4161391,write,k1,614.5069599151611,False,1570,1570,,201
1775115016.4163342,write,k1,612.7827167510986,False,1571,1571,,201
1775115016.416493,read,k2,117.65813827514648,False,1648,1635,125.71597099304199,200
1775115016.4292831,write,k2,608.3457469940186,False,1636,1636,,201
1775115016.520132,write,k1,611.7730140686035,False,1572,1572,,201
1775115016.532394,write,k2,612.9980087280273,False,1637,1637,,201
1775115016.532713,write,k4,616.9819831848145,False,1552,1552,,201
1775115016.53307,write,k5,614.1328811645508,False,1601,1601,,201
1775115016.5333078,write,k4,616.4901256561279,False,1553,1553,,201
1775115016.5335171,write,k1,610.6770038604736,False,1573,1573,,201
1775115016.533718,write,k4,617.5851821899414,False,1554,1554,,201
1775115016.533911,write,k4,619.5449829101562,False,1551,1551,,201
1775115016.534108,write,k3,614.0608787536621,False,1576,1576,,201
1775115016.534295,write,k3,612.800121307373,False,1577,1577,,201
1775115016.5344799,write,k2,614.7537231445312,False,1638,1638,,201
1775115016.622077,write,k5,606.0678958892822,False,1602,1602,,201
1775115016.622199,write,k2,609.0219020843506,False,1639,1639,,201
1775115016.629268,write,k4,610.5389595031738,False,1556,1556,,201
1775115016.629442,write,k5,613.0039691925049,False,1603,1603,,201
1775115016.629529,write,k5,608.1180572509766,False,1604,1604,,201
1775115016.629612,write,k3,607.7749729156494,False,1578,1578,,201
1775115016.629689,write,k4,612.4007701873779,False,1555,1555,,201
1775115016.632216,write,k1,607.6250076293945,False,1575,1575,,201
1775115016.632298,write,k1,608.1690788269043,False,1574,1574,,201
1775115016.635199,write,k3,606.3821315765381,False,1579,1579,,201
1775115016.642519,read,k5,106.0791015625,False,1611,1604,12.989044189453125,200
1775115016.702444,write,k1,615.7989501953125,False,1576,1576,,201
1775115016.719417,write,k4,621.729850769043,False,1557,1557,,201
1775115016.72224,write,k5,614.1431331634521,False,1605,1605,,201
1775115016.72511,write,k2,613.2771968841553,False,1640,1640,,201
1775115016.725214,write,k1,612.372875213623,False,1577,1577,,201
1775115016.734081,write,k2,611.9983196258545,False,1641,1641,,201
1775115016.736983,read,k1,105.25989532470703,False,1585,1577,11.768102645874023,200
1775115016.743593,write,k2,606.9350242614746,False,1642,1642,,201
1775115016.747319,write,k5,604.3939590454102,False,1606,1606,,201
1775115016.808382,write,k2,619.0938949584961,False,1643,1643,,201
1775115016.808532,write,k4,615.8201694488525,False,1558,1558,,201
1775115016.8176472,write,k1,616.55592918396,False,1578,1578,,201
1775115016.8348439,write,k3,605.6010723114014,False,1580,1580,,201
1775115016.834982,write,k2,608.0310344696045,False,1644,1644,,201
1775115016.837601,write,k1,604.9330234527588,False,1579,1579,,201
1775115016.837885,read,k3,109.21430587768555,False,1589,1580,3.040790557861328,200
1775115016.838068,write,k5,605.7610511779785,False,1607,1607,,201
1775115016.838209,write,k2,611.0250949859619,False,1645,1645,,201
1775115016.838343,write,k2,607.3360443115234,False,1646,1646,,201
1775115016.84301,write,k2,607.4423789978027,False,1647,1647,,201
1775115016.9001448,write,k2,610.3081703186035,False,1648,1648,,201
1775115016.903518,write,k1,609.6436977386475,False,1580,1580,,201
1775115016.930603,write,k5,620.499849319458,False,1608,1608,,201
1775115016.933119,write,k2,608.206033706665,False,1649,1649,,201
1775115016.943122,write,k1,605.8192253112793,False,1581,1581,,201
1775115016.94868,write,k5,608.1340312957764,False,1609,1609,,201
1775115016.9525278,read,k4,108.54506492614746,False,1566,1558,143.99194717407227,200
1775115016.9527948,read,k2,109.57789421081543,False,1654,1649,19.675254821777344,200
1775115017.0072699,read,k3,105.52787780761719,False,1593,1580,172.41883277893066,200
1775115017.01035,write,k5,615.6082153320312,False,1610,1610,,201
1775115017.03691,write,k4,613.2397651672363,False,1559,1559,,201
1775115017.037696,write,k3,616.8529987335205,False,1582,1582,,201
1775115017.038393,write,k3,617.293119430542,False,1581,1581,,201
1775115017.038872,write,k2,606.255292892456,False,1650,1650,,201
1775115017.138858,write,k4,614.1037940979004,False,1560,1560,,201
1775115017.144267,write,k3,604.254961013794,False,1583,1583,,201
1775115017.1477911,write,k1,608.7977886199951,False,1585,1585,,201
1775115017.148192,write,k1,610.7628345489502,False,1584,1584,,201
1775115017.1485481,write,k2,609.2360019683838,False,1651,1651,,201
1775115017.148951,write,k3,607.3920726776123,False,1584,1584,,201
1775115017.1493871,write,k1,612.515926361084,False,1582,1582,,201
1775115017.149784,write,k5,613.8701438903809,False,1611,1611,,201
1775115017.1501162,write,k1,613.4488582611084,False,1583,1583,,201
1775115017.150434,write,k3,606.3737869262695,False,1585,1585,,201
1775115017.239156,write,k3,611.9859218597412,False,1586,1586,,201
1775115017.240018,write,k4,615.7307624816895,False,1561,1561,,201
1775115017.2404668,write,k5,606.3699722290039,False,1612,1612,,201
1775115017.24094,write,k1,606.7500114440918,False,1586,1586,,201
1775115017.241329,write,k3,609.7569465637207,False,1587,1587,,201
1775115017.241647,write,k4,606.4167022705078,False,1562,1562,,201
1775115017.2459571,write,k1,606.4081192016602,False,1587,1587,,201
1775115017.246955,write,k2,605.1788330078125,False,1652,1652,,201
1775115017.247359,write,k3,604.7940254211426,False,1588,1588,,201
1775115017.2507908,write,k4,606.7430973052979,False,1563,1563,,201
1775115017.325993,write,k5,614.4020557403564,False,1613,1613,,201
1775115017.339115,write,k2,614.1910552978516,False,1653,1653,,201
1775115017.342237,write,k1,613.4278774261475,False,1588,1588,,201
1775115017.3429492,write,k3,614.8059368133545,False,1589,1589,,201
1775115017.349455,write,k2,607.6688766479492,False,1654,1654,,201
1775115017.3519979,write,k4,607.4938774108887,False,1564,1564,,201
1775115017.3549,write,k3,607.4669361114502,False,1590,1590,,201
1775115017.3569741,write,k1,606.0142517089844,False,1589,1589,,201
1775115017.426195,write,k1,608.8340282440186,False,1590,1590,,201
1775115017.4393559,write,k1,620.6347942352295,False,1591,1591,,201
1775115017.442674,write,k4,616.7101860046387,False,1565,1565,,201
1775115017.446058,write,k3,606.0891151428223,False,1591,1591,,201
1775115017.4510999,write,k4,608.3869934082031,False,1566,1566,,201
1775115017.4515688,write,k3,610.6588840484619,False,1592,1592,,201
1775115017.455145,write,k5,609.1430187225342,False,1614,1614,,201
1775115017.4555058,write,k3,608.5641384124756,False,1593,1593,,201
1775115017.455873,write,k1,605.7357788085938,False,1592,1592,,201
1775115017.46019,read,k3,114.5620346069336,False,1599,1593,4.680156707763672,200
1775115017.527736,write,k5,613.638162612915,False,1615,1615,,201
1775115017.544169,write,k4,606.6861152648926,False,1567,1567,,201
1775115017.549949,write,k4,608.6099147796631,False,1568,1568,,201
1775115017.559941,write,k3,607.0389747619629,False,1594,1594,,201
1775115017.5665548,write,k5,610.0060939788818,False,1616,1616,,201
1775115017.567863,write,k1,611.0329627990723,False,1594,1594,,201
1775115017.5682628,write,k1,612.2848987579346,False,1593,1593,,201
1775115017.574978,read,k3,113.76595497131348,False,1601,1594,15.034914016723633,200
1775115017.6347,write,k2,622.2069263458252,False,1655,1655,,201
1775115017.635159,write,k4,619.5309162139893,False,1569,1569,,201
1775115017.64906,write,k3,610.058069229126,False,1595,1595,,201
1775115017.651336,write,k1,607.9449653625488,False,1595,1595,,201
1775115017.651687,write,k5,608.8821887969971,False,1617,1617,,201
1775115017.654929,write,k3,608.3369255065918,False,1596,1596,,201
1775115017.6623402,read,k4,107.76281356811523,False,1582,1569,27.17900276184082,200
1775115017.753566,write,k3,611.9539737701416,False,1597,1597,,201
1775115017.75842,write,k5,606.2750816345215,False,1618,1618,,201
1775115017.760236,write,k4,607.5441837310791,False,1570,1570,,201
1775115017.76645,write,k1,612.8261089324951,False,1596,1596,,201
1775115017.769962,read,k5,108.47115516662598,False,1629,1618,11.542081832885742,200
1775115017.773036,write,k4,617.7830696105957,False,1571,1571,,201
1775115017.773441,write,k5,616.0852909088135,False,1619,1619,,201
1775115017.773769,write,k1,618.9470291137695,False,1598,1598,,201
1775115017.774078,write,k1,619.6417808532715,False,1597,1597,,201
1775115017.774378,write,k2,616.6012287139893,False,1656,1656,,201
1775115017.774673,write,k5,615.1690483093262,False,1620,1620,,201
1775115017.775915,read,k5,107.28907585144043,False,1630,1620,1.239776611328125,200
1775115017.853319,write,k1,609.4260215759277,False,1599,1599,,201
1775115017.860138,write,k4,611.0432147979736,False,1573,1573,,201
1775115017.860683,write,k4,611.976146697998,False,1572,1572,,201
1775115017.8611789,write,k2,613.3809089660645,False,1657,1657,,201
1775115017.861721,write,k3,612.2989654541016,False,1598,1598,,201
1775115017.862118,write,k1,616.0111427307129,False,1600,1600,,201
1775115017.862537,write,k2,614.2058372497559,False,1658,1658,,201
1775115017.8639371,write,k2,611.0091209411621,False,1659,1659,,201
1775115017.86427,write,k4,610.5790138244629,False,1574,1574,,201
1775115017.8713741,write,k4,612.6430034637451,False,1575,1575,,201
1775115017.883696,read,k2,106.34613037109375,False,1660,1659,19.75703239440918,200
1775115017.937859,write,k3,610.3041172027588,False,1599,1599,,201
1775115017.958755,write,k5,610.0368499755859,False,1622,1622,,201
1775115017.959397,write,k5,611.9449138641357,False,1621,1621,,201
1775115017.973425,write,k5,618.3769702911377,False,1623,1623,,201
1775115017.974097,write,k3,613.1689548492432,False,1600,1600,,201
1775115017.974675,write,k4,610.8009815216064,False,1577,1577,,201
1775115017.975075,write,k4,612.9059791564941,False,1576,1576,,201
1775115018.048671,write,k3,611.4909648895264,False,1601,1601,,201
1775115018.060218,write,k1,611.1249923706055,False,1602,1602,,201
1775115018.060689,write,k4,610.482931137085,False,1578,1578,,201
1775115018.0610712,write,k1,613.4328842163086,False,1601,1601,,201
1775115018.075156,write,k4,609.4191074371338,False,1580,1580,,201
1775115018.076231,write,k4,617.7799701690674,False,1579,1579,,201
1775115018.07647,write,k1,611.0599040985107,False,1603,1603,,201
1775115018.076685,write,k5,615.9360408782959,False,1624,1624,,201
1775115018.076875,write,k5,615.3368949890137,False,1625,1625,,201
1775115018.140595,write,k4,607.2568893432617,False,1581,1581,,201
1775115018.163311,write,k4,614.778995513916,False,1582,1582,,201
1775115018.177397,write,k2,608.5457801818848,False,1660,1660,,201
1775115018.177715,write,k3,610.9752655029297,False,1602,1602,,201
1775115018.1829429,read,k2,113.34085464477539,False,1665,1660,5.543231964111328,200
1775115018.191824,write,k3,618.0160045623779,False,1603,1603,,201
1775115018.192162,write,k1,609.368085861206,False,1605,1605,,201
1775115018.1923862,write,k1,619.7679042816162,False,1604,1604,,201
1775115018.246061,write,k5,609.6081733703613,False,1626,1626,,201
1775115018.258523,write,k5,611.2720966339111,False,1627,1627,,201
1775115018.2600021,write,k5,608.0620288848877,False,1628,1628,,201
1775115018.2633028,write,k5,607.9027652740479,False,1629,1629,,201
1775115018.273421,write,k5,610.7048988342285,False,1630,1630,,201
1775115018.3001401,read,k3,119.02213096618652,False,1613,1603,108.31475257873535,200
1775115018.375169,read,k1,106.34899139404297,False,1615,1605,182.77883529663086,200
1775115018.375506,write,k1,610.5477809906006,False,1606,1606,,201
1775115018.3757398,write,k3,612.6360893249512,False,1604,1604,,201
1775115018.381047,write,k1,605.8731079101562,False,1608,1608,,201
1775115018.381433,write,k3,604.7868728637695,False,1605,1605,,201
1775115018.3818188,write,k4,612.6840114593506,False,1583,1583,,201
1775115018.38328,write,k1,608.5293292999268,False,1607,1607,,201
1775115018.385565,write,k5,607.8660488128662,False,1631,1631,,201
1775115018.3861609,write,k4,605.8371067047119,False,1585,1585,,201
1775115018.386474,write,k4,607.8987121582031,False,1584,1584,,201
1775115018.391826,write,k2,609.710693359375,False,1661,1661,,201
1775115018.393047,write,k1,608.8912487030029,False,1609,1609,,201
1775115018.470646,write,k3,611.9537353515625,False,1606,1606,,201
1775115018.472397,write,k3,609.2400550842285,False,1607,1607,,201
1775115018.47311,write,k3,608.7353229522705,False,1608,1608,,201
1775115018.474554,write,k2,609.4949245452881,False,1662,1662,,201
1775115018.482265,write,k4,611.7079257965088,False,1586,1586,,201
1775115018.483349,write,k5,609.7121238708496,False,1633,1633,,201
1775115018.483722,write,k5,609.4472408294678,False,1632,1632,,201
1775115018.484067,write,k3,612.5791072845459,False,1609,1609,,201
1775115018.4844182,write,k2,611.8049621582031,False,1663,1663,,201
1775115018.484739,write,k1,612.8809452056885,False,1610,1610,,201
1775115018.502357,write,k1,606.726884841919,False,1611,1611,,201
1775115018.5600178,write,k4,615.1788234710693,False,1587,1587,,201
1775115018.577487,write,k5,611.3889217376709,False,1634,1634,,201
1775115018.5782888,write,k2,613.1608486175537,False,1664,1664,,201
1775115018.583307,write,k2,606.8992614746094,False,1665,1665,,201
1775115018.5878122,write,k5,608.814001083374,False,1636,1636,,201
1775115018.588255,write,k5,610.3119850158691,False,1635,1635,,201
1775115018.588685,read,k5,107.81407356262207,False,1641,1636,0.42891502380371094,200
1775115018.592948,write,k5,607.7320575714111,False,1637,1637,,201
1775115018.6708329,write,k1,613.1432056427002,False,1612,1612,,201
1775115018.675978,write,k1,610.0640296936035,False,1613,1613,,201
1775115018.6832159,write,k3,612.5919818878174,False,1610,1610,,201
1775115018.689348,write,k3,606.6420078277588,False,1611,1611,,201
1775115018.689856,write,k4,607.6769828796387,False,1588,1588,,201
1775115018.692991,write,k5,612.3549938201904,False,1638,1638,,201
1775115018.6979032,write,k2,612.185001373291,False,1667,1667,,201
1775115018.6983411,write,k2,613.0156517028809,False,1666,1666,,201
1775115018.765514,write,k3,615.027904510498,False,1612,1612,,201
1775115018.7816079,write,k3,608.9761257171631,False,1613,1613,,201
1775115018.800889,write,k3,617.3858642578125,False,1614,1614,,201
1775115018.8015091,write,k2,610.360860824585,False,1668,1668,,201
1775115018.8061152,write,k1,608.6182594299316,False,1614,1614,,201
1775115018.806611,write,k3,607.6231002807617,False,1615,1615,,201
1775115018.807019,write,k5,607.6760292053223,False,1639,1639,,201
1775115018.876918,write,k1,611.9129657745361,False,1615,1615,,201
1775115018.8776472,write,k4,620.6808090209961,False,1589,1589,,201
1775115018.878229,write,k5,612.6468181610107,False,1640,1640,,201
1775115018.884238,write,k3,607.0289611816406,False,1616,1616,,201
1775115018.920724,write,k1,611.5059852600098,False,1616,1616,,201
1775115018.996747,write,k1,614.7630214691162,False,1617,1617,,201
1775115019.001809,write,k4,611.1161708831787,False,1592,1592,,201
1775115019.002343,write,k4,614.6159172058105,False,1591,1591,,201
1775115019.002738,write,k3,619.999885559082,False,1618,1618,,201
1775115019.0030808,write,k3,620.6707954406738,False,1617,1617,,201
1775115019.003402,write,k4,615.9889698028564,False,1590,1590,,201
1775115019.003711,write,k2,617.110013961792,False,1669,1669,,201
1775115019.004073,write,k1,609.5259189605713,False,1618,1618,,201
1775115019.004447,write,k4,613.3198738098145,False,1593,1593,,201
1775115019.007327,write,k1,612.1211051940918,False,1619,1619,,201
1775115019.007723,write,k5,610.9168529510498,False,1641,1641,,201
1775115019.0089002,write,k3,606.7750453948975,False,1619,1619,,201
1775115019.039649,read,k4,108.99806022644043,False,1599,1593,35.195112228393555,200
1775115019.084949,write,k3,611.6321086883545,False,1620,1620,,201
1775115019.0856938,write,k1,611.0260486602783,False,1620,1620,,201
1775115019.089469,write,k1,608.0198287963867,False,1621,1621,,201
1775115019.097258,write,k4,611.5193367004395,False,1594,1594,,201
1775115019.097983,write,k5,609.5230579376221,False,1642,1642,,201
1775115019.0985532,write,k3,608.407735824585,False,1621,1621,,201
1775115019.102869,write,k3,608.4690093994141,False,1622,1622,,201
1775115019.1032178,write,k5,611.1059188842773,False,1643,1643,,201
1775115019.103629,write,k5,610.1081371307373,False,1644,1644,,201
1775115019.1173382,read,k1,104.74801063537598,False,1625,1621,27.868986129760742,200
1775115019.121274,read,k4,106.7650318145752,False,1600,1594,24.016141891479492,200
1775115019.126015,write,k4,612.0550632476807,False,1595,1595,,201
1775115019.1812391,write,k2,611.6237640380859,False,1670,1670,,201
1775115019.1934552,write,k3,609.450101852417,False,1624,1624,,201
1775115019.194328,write,k3,613.8238906860352,False,1623,1623,,201
1775115019.197172,write,k1,607.6979637145996,False,1622,1622,,201
1775115019.197644,write,k2,607.4941158294678,False,1671,1671,,201
1775115019.2015722,write,k1,607.7630519866943,False,1623,1623,,201
1775115019.205655,read,k1,106.96983337402344,False,1627,1623,4.081010818481445,200
1775115019.214832,write,k3,611.8049621582031,False,1625,1625,,201
1775115019.215371,write,k2,616.7759895324707,False,1672,1672,,201
1775115019.292268,write,k5,611.7219924926758,False,1645,1645,,201
1775115019.294183,write,k3,608.9799404144287,False,1627,1627,,201
1775115019.2947142,write,k3,610.3417873382568,False,1626,1626,,201
1775115019.305283,write,k2,611.5498542785645,False,1673,1673,,201
1775115019.305959,write,k4,609.3952655792236,False,1596,1596,,201
1775115019.3105159,read,k5,107.32293128967285,False,1655,1645,18.2492733001709,200
1775115019.310905,write,k4,609.7307205200195,False,1597,1597,,201
1775115019.311925,write,k5,609.2629432678223,False,1646,1646,,201
1775115019.314055,write,k5,606.4980030059814,False,1647,1647,,201
1775115019.3848808,write,k2,610.9879016876221,False,1674,1674,,201
1775115019.402679,write,k5,611.9592189788818,False,1648,1648,,201
1775115019.418006,write,k3,610.8338832855225,False,1628,1628,,201
1775115019.418415,write,k5,609.4326972961426,False,1649,1649,,201
1775115019.420264,write,k2,607.835054397583,False,1675,1675,,201
1775115019.423135,read,k5,106.9798469543457,False,1658,1649,4.717826843261719,200
1775115019.4246788,write,k3,607.8488826751709,False,1629,1629,,201
1775115019.427881,write,k1,611.706018447876,False,1624,1624,,201
1775115019.507276,write,k4,622.3030090332031,False,1598,1598,,201
1775115019.5075772,write,k4,621.8228340148926,False,1599,1599,,201
1775115019.508787,write,k2,626.0738372802734,False,1676,1676,,201
1775115019.509278,write,k3,618.6881065368652,False,1630,1630,,201
1775115019.5357041,read,k3,110.91828346252441,False,1636,1630,26.422977447509766,200
1775115019.540928,read,k5,112.47801780700684,False,1659,1649,122.51067161560059,200
1775115019.613526,write,k1,608.9398860931396,False,1625,1625,,201
1775115019.614197,write,k5,615.9169673919678,False,1650,1650,,201
1775115019.615055,write,k2,609.0826988220215,False,1677,1677,,201
1775115019.619214,write,k2,611.38916015625,False,1678,1678,,201
1775115019.619984,write,k2,610.5632781982422,False,1679,1679,,201
1775115019.620286,write,k3,611.2728118896484,False,1631,1631,,201
1775115019.6206021,write,k5,610.8059883117676,False,1651,1651,,201
1775115019.620882,write,k4,608.6909770965576,False,1600,1600,,201
1775115019.6216478,write,k2,609.8711490631104,False,1680,1680,,201
1775115019.6220238,write,k1,608.2119941711426,False,1626,1626,,201
1775115019.663949,write,k1,616.9102191925049,False,1627,1627,,201
1775115019.708176,write,k1,607.7959537506104,False,1628,1628,,201
1775115019.709006,write,k4,619.3408966064453,False,1601,1601,,201
1775115019.709708,write,k3,619.2030906677246,False,1632,1632,,201
1775115019.7137868,write,k1,611.7470264434814,False,1629,1629,,201
1775115019.718137,write,k5,610.198974609375,False,1652,1652,,201
1775115019.719768,write,k2,611.3038063049316,False,1681,1681,,201
1775115019.7208269,write,k1,611.8228435516357,False,1630,1630,,201
1775115019.7213728,write,k5,610.9180450439453,False,1653,1653,,201
1775115019.726202,write,k5,606.3470840454102,False,1654,1654,,201
1775115019.7267442,read,k2,109.23171043395996,False,1686,1681,6.976127624511719,200
1775115019.734569,write,k2,609.4427108764648,False,1682,1682,,201
1775115019.7353559,read,k4,106.6439151763916,False,1603,1601,26.34906768798828,200
1775115019.7365491,read,k1,105.84664344787598,False,1638,1630,15.722036361694336,200
1775115019.7421398,write,k5,607.7988147735596,False,1655,1655,,201
1775115019.814389,write,k1,618.8511848449707,False,1631,1631,,201
1775115019.814959,write,k3,608.6280345916748,False,1634,1634,,201
1775115019.815377,write,k2,627.5899410247803,False,1683,1683,,201
1775115019.8157609,write,k3,619.6959018707275,False,1633,1633,,201
1775115019.8258848,write,k5,608.1821918487549,False,1657,1657,,201
1775115019.826415,write,k5,612.57004737854,False,1656,1656,,201
1775115019.826806,write,k3,616.962194442749,False,1635,1635,,201
1775115019.830688,write,k5,607.1908473968506,False,1658,1658,,201
1775115019.921171,write,k2,625.4880428314209,False,1684,1684,,201
1775115019.921897,write,k1,625.5278587341309,False,1632,1632,,201
1775115019.922528,write,k1,620.5310821533203,False,1633,1633,,201
1775115019.922931,write,k4,611.9139194488525,False,1602,1602,,201
1775115019.9263859,write,k3,608.1268787384033,False,1636,1636,,201
1775115019.927198,write,k1,609.3308925628662,False,1634,1634,,201
1775115019.9312892,write,k1,612.7090454101562,False,1635,1635,,201
1775115019.93173,write,k5,612.2212409973145,False,1659,1659,,201
1775115019.9355679,read,k1,110.77404022216797,False,1642,1635,4.27699089050293,200
1775115020.017684,write,k2,625.3812313079834,False,1685,1685,,201
1775115020.021852,write,k1,611.7990016937256,False,1636,1636,,201
1775115020.0414898,write,k4,619.1492080688477,False,1603,1603,,201
1775115020.041899,write,k3,612.4918460845947,False,1637,1637,,201
1775115020.0421638,write,k2,610.6147766113281,False,1686,1686,,201
1775115020.042454,write,k1,615.3008937835693,False,1637,1637,,201
1775115020.1275752,write,k3,610.3219985961914,False,1639,1639,,201
1775115020.128337,write,k5,610.8062267303467,False,1660,1660,,201
1775115020.129225,write,k5,610.8427047729492,False,1661,1661,,201
1775115020.129861,write,k3,613.4300231933594,False,1638,1638,,201
1775115020.1501088,write,k3,608.3481311798096,False,1640,1640,,201
1775115020.1573172,write,k3,610.4960441589355,False,1641,1641,,201
1775115020.2309241,write,k5,615.2162551879883,False,1662,1662,,201
1775115020.2316868,write,k2,612.3368740081787,False,1687,1687,,201
1775115020.242465,write,k5,615.8826351165771,False,1664,1664,,201
1775115020.24299,write,k3,617.7961826324463,False,1642,1642,,201
1775115020.243427,write,k5,617.57493019104,False,1663,1663,,201
1775115020.243905,write,k1,619.2030906677246,False,1638,1638,,201
1775115020.244225,write,k3,613.1398677825928,False,1643,1643,,201
1775115020.2657962,read,k3,111.79614067077637,False,1650,1643,21.566152572631836,200
1775115020.285474,write,k4,612.9279136657715,False,1604,1604,,201
1775115020.330765,write,k1,615.5390739440918,False,1639,1639,,201
1775115020.331486,write,k2,615.4131889343262,False,1688,1688,,201
1775115020.332086,write,k4,615.3988838195801,False,1605,1605,,201
1775115020.334646,write,k4,615.7150268554688,False,1606,1606,,201
1775115020.335306,write,k2,610.2032661437988,False,1689,1689,,201
1775115020.335843,write,k3,613.3177280426025,False,1644,1644,,201
1775115020.3362172,write,k5,611.4780902862549,False,1665,1665,,201
1775115020.338102,write,k2,610.2089881896973,False,1690,1690,,201
1775115020.3477702,write,k1,606.7638397216797,False,1641,1641,,201
1775115020.3481631,write,k4,607.7609062194824,False,1607,1607,,201
1775115020.3485088,write,k1,614.6249771118164,False,1640,1640,,201
1775115020.348942,write,k5,615.5869960784912,False,1666,1666,,201
1775115020.349879,write,k4,607.38205909729,False,1608,1608,,201
1775115020.3555021,read,k5,106.75883293151855,False,1671,1666,6.55674934387207,200
1775115020.367798,write,k3,614.4938468933105,False,1645,1645,,201
1775115020.436037,write,k1,615.4658794403076,False,1642,1642,,201
1775115020.4380429,write,k5,614.4917011260986,False,1667,1667,,201
1775115020.438538,write,k4,614.2599582672119,False,1609,1609,,201
1775115020.4526489,write,k2,620.6567287445068,False,1691,1691,,201
1775115020.453207,write,k3,617.6369190216064,False,1646,1646,,201
1775115020.45361,write,k2,621.0169792175293,False,1692,1692,,201
1775115020.454001,read,k1,109.98201370239258,False,1649,1642,17.96722412109375,200
1775115020.4543319,write,k5,620.9421157836914,False,1668,1668,,201
1775115020.459847,read,k1,106.53400421142578,False,1650,1642,23.812055587768555,200
1775115020.5413692,write,k5,616.0969734191895,False,1669,1669,,201
1775115020.546134,write,k4,609.8458766937256,False,1610,1610,,201
1775115020.546603,read,k4,106.67705535888672,False,1622,1610,0.46896934509277344,200
1775115020.546962,write,k5,618.865966796875,False,1670,1670,,201
1775115020.54729,write,k2,620.7962036132812,False,1693,1693,,201
1775115020.547621,write,k3,618.5979843139648,False,1647,1647,,201
1775115020.547968,write,k3,616.1022186279297,False,1648,1648,,201
1775115020.54999,write,k3,608.8941097259521,False,1649,1649,,201
1775115020.550314,write,k2,609.6608638763428,False,1694,1694,,201
1775115020.550616,write,k4,608.8769435882568,False,1611,1611,,201
1775115020.5668108,read,k3,110.08381843566895,False,1652,1649,16.81804656982422,200
1775115020.642362,write,k5,616.157054901123,False,1671,1671,,201
1775115020.642891,write,k1,616.1792278289795,False,1643,1643,,201
1775115020.6539679,write,k4,609.0822219848633,False,1612,1612,,201
1775115020.654529,write,k3,608.7889671325684,False,1650,1650,,201
1775115020.6549618,write,k4,606.3790321350098,False,1613,1613,,201
1775115020.661283,write,k4,609.0099811553955,False,1614,1614,,201
1775115020.7436318,write,k1,612.4820709228516,False,1644,1644,,201
1775115020.756725,write,k2,620.466947555542,False,1695,1695,,201
1775115020.758341,write,k1,623.0790615081787,False,1645,1645,,201
1775115020.7587562,write,k4,622.9162216186523,False,1615,1615,,201
1775115020.772514,write,k1,608.4878444671631,False,1646,1646,,201
1775115020.850749,write,k4,610.1119518280029,False,1616,1616,,201
1775115020.851273,write,k4,609.8129749298096,False,1616,1616,,201
1775115020.8578691,write,k1,608.3860397338867,False,1648,1648,,201
1775115020.858377,write,k1,611.9329929351807,False,1647,1647,,201
1775115020.858838,write,k2,611.7370128631592,False,1696,1696,,201
1775115020.8592992,write,k4,611.3619804382324,False,1617,1617,,201
1775115020.881495,write,k4,610.3649139404297,False,1618,1618,,201
1775115020.9067268,write,k5,614.9840354919434,False,1672,1672,,201
1775115020.946632,write,k1,613.785982131958,False,1649,1649,,201
1775115020.9484632,write,k4,610.2418899536133,False,1619,1619,,201
1775115020.9491782,write,k3,611.7269992828369,False,1651,1651,,201
1775115020.9497988,write,k5,612.839937210083,False,1673,1673,,201
1775115020.9502301,write,k4,611.7210388183594,False,1620,1620,,201
1775115020.955793,write,k5,612.2071743011475,False,1674,1674,,201
1775115020.956392,write,k2,611.9990348815918,False,1697,1697,,201
1775115020.958847,write,k4,608.8690757751465,False,1621,1621,,201
1775115020.9595761,write,k1,607.8548431396484,False,1650,1650,,201
1775115020.970309,write,k2,614.6838665008545,False,1698,1698,,201
1775115020.970737,write,k5,611.346960067749,False,1675,1675,,201
1775115020.9820008,write,k2,615.8409118652344,False,1699,1699,,201
1775115020.982275,write,k4,611.2310886383057,False,1622,1622,,201
1775115021.051552,write,k2,610.440731048584,False,1700,1700,,201
1775115021.055298,write,k3,607.4178218841553,False,1652,1652,,201
1775115021.0641658,write,k3,606.619119644165,False,1653,1653,,201
1775115021.068489,write,k3,609.6930503845215,False,1654,1654,,201
1775115021.069401,write,k5,611.4137172698975,False,1676,1676,,201
1775115021.073683,write,k3,607.2211265563965,False,1655,1655,,201
1775115021.0740612,write,k5,609.1818809509277,False,1677,1677,,201
1775115021.089498,read,k2,111.91415786743164,False,1702,1700,37.94527053833008,200
1775115021.1600692,write,k1,617.0897483825684,False,1651,1651,,201
1775115021.160956,write,k1,611.7100715637207,False,1652,1652,,201
1775115021.161448,write,k5,613.3818626403809,False,1678,1678,,201
1775115021.165923,write,k3,612.6267910003662,False,1657,1657,,201
1775115021.166604,write,k3,612.0507717132568,False,1656,1656,,201
1775115021.167063,write,k1,613.2440567016602,False,1653,1653,,201
1775115021.168362,write,k2,617.0229911804199,False,1701,1701,,201
1775115021.168797,write,k4,618.10302734375,False,1623,1623,,201
1775115021.169194,write,k5,612.2851371765137,False,1679,1679,,201
1775115021.1695518,write,k5,612.1690273284912,False,1680,1680,,201
1775115021.183237,write,k1,610.8319759368896,False,1654,1654,,201
1775115021.2535129,write,k1,608.983039855957,False,1655,1655,,201
1775115021.262389,write,k1,607.1569919586182,False,1656,1656,,201
1775115021.2625148,write,k3,612.044095993042,False,1658,1658,,201
1775115021.283616,write,k5,615.617036819458,False,1681,1681,,201
1775115021.283756,read,k4,108.60776901245117,False,1629,1623,114.959716796875,200
1775115021.283882,read,k3,105.8039665222168,False,1669,1658,21.366119384765625,200
1775115021.284003,write,k1,619.8678016662598,False,1657,1657,,201
1775115021.284127,write,k3,619.4291114807129,False,1659,1659,,201
1775115021.361729,write,k4,610.5530261993408,False,1624,1624,,201
1775115021.372857,write,k3,609.1928482055664,False,1660,1660,,201
1775115021.374243,write,k1,608.2601547241211,False,1658,1658,,201
1775115021.374423,write,k3,609.0521812438965,False,1661,1661,,201
1775115021.3953412,write,k4,612.1869087219238,False,1625,1625,,201
1775115021.4767091,write,k3,620.4848289489746,False,1662,1662,,201
1775115021.477313,write,k1,616.1649227142334,False,1661,1661,,201
1775115021.4778519,write,k1,617.5229549407959,False,1660,1660,,201
1775115021.478252,write,k1,621.3517189025879,False,1659,1659,,201
1775115021.485101,write,k5,616.7778968811035,False,1682,1682,,201
1775115021.4858959,write,k4,619.0199851989746,False,1626,1626,,201
1775115021.505436,write,k3,612.0080947875977,False,1663,1663,,201
1775115021.5288472,write,k1,612.4510765075684,False,1662,1662,,201
1775115021.567181,write,k3,608.2038879394531,False,1665,1665,,201
1775115021.567777,write,k5,609.9698543548584,False,1683,1683,,201
1775115021.568206,write,k4,611.0579967498779,False,1627,1627,,201
1775115021.568583,write,k1,610.4152202606201,False,1663,1663,,201
1775115021.5689752,write,k3,614.6540641784668,False,1664,1664,,201
1775115021.569748,write,k2,608.2649230957031,False,1702,1702,,201
1775115021.598036,write,k5,626.2547969818115,False,1684,1684,,201
1775115021.5992389,write,k2,633.155107498169,False,1703,1703,,201
1775115021.599848,write,k2,611.8679046630859,False,1704,1704,,201
1775115021.600468,write,k1,633.9888572692871,False,1664,1664,,201
1775115021.601072,write,k4,635.4801654815674,False,1628,1628,,201
1775115021.6040099,write,k5,610.9912395477295,False,1685,1685,,201
1775115021.6694558,write,k2,611.7560863494873,False,1705,1705,,201
1775115021.673982,write,k3,609.3318462371826,False,1666,1666,,201
1775115021.676208,write,k5,607.5718402862549,False,1686,1686,,201
1775115021.6786098,read,k5,107.78498649597168,False,1694,1686,2.4030208587646484,200
1775115021.682038,write,k3,610.7802391052246,False,1667,1667,,201
1775115021.685599,write,k2,610.1679801940918,False,1706,1706,,201
1775115021.696853,write,k3,616.4121627807617,False,1668,1668,,201
1775115021.697194,write,k1,615.941047668457,False,1665,1665,,201
1775115021.706872,write,k5,609.9708080291748,False,1687,1687,,201
1775115021.718822,read,k5,108.08181762695312,False,1697,1687,11.950016021728516,200
1775115021.7812228,write,k2,610.0332736968994,False,1708,1708,,201
1775115021.781368,write,k3,616.6868209838867,False,1669,1669,,201
1775115021.7814689,write,k4,611.3491058349609,False,1629,1629,,201
1775115021.781565,write,k2,617.8030967712402,False,1707,1707,,201
1775115021.781664,write,k1,612.0178699493408,False,1666,1666,,201
1775115021.785983,write,k1,609.3840599060059,False,1667,1667,,201
1775115021.7860649,write,k2,611.4208698272705,False,1709,1709,,201
1775115021.78798,write,k4,612.1718883514404,False,1630,1630,,201
1775115021.7897248,read,k3,105.69000244140625,False,1674,1669,8.356809616088867,200
1775115021.802688,write,k5,608.7348461151123,False,1688,1688,,201
1775115021.870823,write,k5,614.5379543304443,False,1689,1689,,201
1775115021.873483,write,k1,605.2863597869873,False,1668,1668,,201
1775115021.875731,write,k5,606.1370372772217,False,1690,1690,,201
1775115021.893203,read,k4,106.6899299621582,False,1642,1630,105.22270202636719,200
1775115021.9005508,write,k3,610.9161376953125,False,1670,1670,,201
1775115021.900652,write,k4,614.8948669433594,False,1631,1631,,201
1775115021.9007528,write,k1,611.2759113311768,False,1669,1669,,201
1775115021.9058418,write,k5,611.3240718841553,False,1691,1691,,201
1775115021.9059489,write,k4,611.2692356109619,False,1632,1632,,201
1775115021.981513,write,k2,609.3990802764893,False,1710,1710,,201
1775115021.986292,write,k4,607.0010662078857,False,1633,1633,,201
1775115021.989622,write,k5,610.5179786682129,False,1692,1692,,201
1775115021.989766,write,k3,610.9840869903564,False,1671,1671,,201
1775115022.0035489,write,k5,606.3389778137207,False,1693,1693,,201
1775115022.020643,read,k1,106.08386993408203,False,1679,1669,119.8880672454834,200
1775115022.092245,write,k3,610.9449863433838,False,1672,1672,,201
1775115022.092851,write,k1,610.9840869903564,False,1670,1670,,201
1775115022.093484,write,k5,610.3386878967285,False,1694,1694,,201
1775115022.0940192,read,k5,106.26888275146484,False,1698,1694,0.5338191986083984,200
1775115022.095416,write,k4,610.1980209350586,False,1634,1634,,201
1775115022.095873,write,k3,607.4581146240234,False,1673,1673,,201
1775115022.103709,read,k5,105.27205467224121,False,1698,1694,10.224103927612305,200
1775115022.105984,write,k4,611.2289428710938,False,1635,1635,,201
1775115022.115536,read,k2,105.63373565673828,False,1719,1710,134.0200901031494,200
1775115022.116151,write,k4,605.797290802002,False,1636,1636,,201
1775115022.1469288,write,k2,612.6949787139893,False,1711,1711,,201
1775115022.180871,write,k5,606.2569618225098,False,1695,1695,,201
1775115022.181411,write,k4,611.2370491027832,False,1637,1637,,201
1775115022.181788,write,k2,609.6630096435547,False,1712,1712,,201
1775115022.1821399,write,k4,610.382080078125,False,1638,1638,,201
1775115022.190937,write,k3,610.5508804321289,False,1674,1674,,201
1775115022.208322,write,k5,605.2219867706299,False,1696,1696,,201
1775115022.210263,write,k4,605.5400371551514,False,1639,1639,,201
1775115022.210751,write,k1,605.2772998809814,False,1671,1671,,201
1775115022.217679,write,k2,608.3569526672363,False,1713,1713,,201
1775115022.2186089,write,k5,612.3871803283691,False,1697,1697,,201
1775115022.291616,write,k4,611.9627952575684,False,1640,1640,,201
1775115022.2939572,write,k1,610.7971668243408,False,1672,1672,,201
1775115022.294454,write,k2,613.9030456542969,False,1714,1714,,201
1775115022.298653,read,k2,107.5747013092041,False,1721,1714,4.1961669921875,200
1775115022.300141,write,k1,610.4779243469238,False,1673,1673,,201
1775115022.301916,write,k5,607.1360111236572,False,1698,1698,,201
1775115022.3124108,write,k4,608.1869602203369,False,1641,1641,,201
1775115022.3129148,write,k1,608.313798904419,False,1674,1674,,201
1775115022.320148,write,k4,607.8426837921143,False,1642,1642,,201
1775115022.329412,write,k2,608.2680225372314,False,1715,1715,,201
1775115022.335167,read,k3,108.8569164276123,False,1686,1674,144.2248821258545,200
1775115022.3966012,write,k3,610.3479862213135,False,1675,1675,,201
1775115022.397902,write,k4,610.5704307556152,False,1643,1643,,201
1775115022.398428,write,k3,610.4142665863037,False,1676,1676,,201
1775115022.4089532,write,k1,617.6607608795166,False,1676,1676,,201
1775115022.409624,write,k1,618.0601119995117,False,1677,1677,,201
1775115022.41459,write,k4,616.718053817749,False,1644,1644,,201
1775115022.415019,write,k1,624.3469715118408,False,1675,1675,,201
1775115022.415327,write,k2,617.7711486816406,False,1716,1716,,201
1775115022.417326,write,k3,607.0430278778076,False,1677,1677,,201
1775115022.484141,write,k3,608.6688041687012,False,1678,1678,,201
1775115022.490466,write,k1,610.4030609130859,False,1678,1678,,201
1775115022.490842,write,k4,610.6228828430176,False,1645,1645,,201
1775115022.511428,write,k4,608.7067127227783,False,1646,1646,,201
1775115022.513974,write,k2,609.5340251922607,False,1717,1717,,201
1775115022.5142558,write,k1,609.2190742492676,False,1679,1679,,201
1775115022.514475,write,k3,607.2418689727783,False,1679,1679,,201
1775115022.514698,write,k2,608.4160804748535,False,1718,1718,,201
1775115022.530251,read,k4,104.60424423217773,False,1651,1646,18.821001052856445,200
1775115022.59809,write,k3,610.0959777832031,False,1680,1680,,201
1775115022.598811,write,k2,607.1028709411621,False,1719,1719,,201
1775115022.609357,read,k1,109.74526405334473,False,1688,1679,95.09491920471191,200
1775115022.640498,write,k4,608.1762313842773,False,1647,1647,,201
1775115022.7228138,write,k5,613.0459308624268,False,1701,1701,,201
1775115022.723497,write,k1,610.2399826049805,False,1680,1680,,201
1775115022.723988,write,k2,627.5510787963867,False,1720,1720,,201
1775115022.724303,write,k3,621.7041015625,False,1682,1682,,201
1775115022.724577,write,k5,625.648021697998,False,1700,1700,,201
1775115022.724834,write,k3,626.3289451599121,False,1681,1681,,201
1775115022.725085,write,k5,630.6149959564209,False,1699,1699,,201
1775115022.725328,write,k2,622.337818145752,False,1721,1721,,201
1775115022.726423,write,k4,609.6000671386719,False,1648,1648,,201
1775115022.731555,write,k3,609.400749206543,False,1683,1683,,201
1775115022.761436,write,k4,610.5170249938965,False,1649,1649,,201
1775115022.796764,write,k3,612.9059791564941,False,1684,1684,,201
1775115022.7971919,write,k3,612.0319366455078,False,1685,1685,,201
1775115022.809464,write,k2,610.9030246734619,False,1722,1722,,201
1775115022.810158,write,k3,620.866060256958,False,1686,1686,,201
1775115022.82511,write,k5,609.5871925354004,False,1702,1702,,201
1775115022.826591,write,k2,607.2640419006348,False,1723,1723,,201
1775115022.826907,write,k4,610.4321479797363,False,1650,1650,,201
1775115022.8357298,write,k1,608.8738441467285,False,1681,1681,,201
1775115022.846432,read,k4,108.97994041442871,False,1654,1650,19.52195167541504,200
1775115022.918845,write,k3,614.4719123840332,False,1690,1690,,201
1775115022.919161,write,k3,621.7911243438721,False,1687,1687,,201
1775115022.919374,write,k3,620.5923557281494,False,1688,1688,,201
1775115022.919571,write,k5,616.0619258880615,False,1703,1703,,201
1775115022.91977,write,k3,616.6708469390869,False,1689,1689,,201
1775115022.9200141,write,k1,617.9273128509521,False,1682,1682,,201
1775115022.92747,write,k1,605.388879776001,False,1683,1683,,201
1775115022.927864,write,k4,610.5151176452637,False,1651,1651,,201
1775115022.9377348,write,k2,611.7041110992432,False,1724,1724,,201
1775115022.942251,write,k2,609.0409755706787,False,1725,1725,,201
1775115022.9531252,read,k5,108.91509056091309,False,1709,1703,33.535003662109375,200
1775115022.958336,write,k1,616.9440746307373,False,1684,1684,,201
1775115023.023913,write,k5,612.0607852935791,False,1704,1704,,201
1775115023.024331,write,k1,605.7369709014893,False,1687,1687,,201
1775115023.024561,write,k1,622.622013092041,False,1686,1686,,201
1775115023.0248342,write,k1,626.2719631195068,False,1685,1685,,201
1775115023.0250828,write,k3,618.6139583587646,False,1691,1691,,201
1775115023.0254002,read,k4,103.00922393798828,False,1660,1651,97.5351333618164,200
1775115023.02724,write,k1,608.2408428192139,False,1688,1688,,201
1775115023.028363,write,k2,610.9178066253662,False,1726,1726,,201
1775115023.038784,write,k5,611.8340492248535,False,1705,1705,,201
1775115023.101554,write,k2,612.529993057251,False,1727,1727,,201
1775115023.1114082,write,k1,610.9371185302734,False,1689,1689,,201
1775115023.1244092,write,k5,611.4540100097656,False,1706,1706,,201
1775115023.125418,write,k5,606.8460941314697,False,1707,1707,,201
1775115023.128963,write,k4,607.3110103607178,False,1652,1652,,201
1775115023.129601,write,k5,607.4562072753906,False,1708,1708,,201
1775115023.1318588,write,k1,607.9721450805664,False,1690,1690,,201
1775115023.141286,write,k2,608.3779335021973,False,1728,1728,,201
1775115023.210304,write,k1,610.1140975952148,False,1691,1691,,201
1775115023.210989,write,k2,609.389066696167,False,1729,1729,,201
1775115023.2225752,write,k1,609.7490787506104,False,1692,1692,,201
1775115023.261191,read,k1,113.76690864562988,False,1703,1692,38.61212730407715,200
1775115023.269794,write,k4,621.0002899169922,False,1653,1653,,201
1775115023.341277,write,k2,612.7088069915771,False,1730,1730,,201
1775115023.342058,read,k5,110.41903495788574,False,1714,1708,212.45312690734863,200
1775115023.342579,write,k4,612.5359535217285,False,1654,1654,,201
1775115023.3435252,write,k3,614.03489112854,False,1693,1693,,201
1775115023.3439932,write,k3,612.2848987579346,False,1692,1692,,201
1775115023.344382,write,k5,617.0370578765869,False,1709,1709,,201
1775115023.344824,write,k1,615.9131526947021,False,1693,1693,,201
1775115023.346823,write,k2,613.9037609100342,False,1731,1731,,201
1775115023.34765,write,k2,610.4569435119629,False,1732,1732,,201
1775115023.3479629,write,k1,611.3259792327881,False,1694,1694,,201
1775115023.376222,write,k1,607.7589988708496,False,1695,1695,,201
1775115023.411219,write,k4,612.1389865875244,False,1655,1655,,201
1775115023.421354,write,k3,613.7049198150635,False,1694,1694,,201
1775115023.421789,write,k3,610.7940673828125,False,1695,1695,,201
1775115023.422349,write,k4,610.2340221405029,False,1656,1656,,201
1775115023.440298,write,k3,605.8781147003174,False,1696,1696,,201
1775115023.440725,write,k4,607.1019172668457,False,1657,1657,,201
1775115023.445146,write,k4,608.9012622833252,False,1658,1658,,201
1775115023.458575,write,k4,607.0868968963623,False,1659,1659,,201
1775115023.53167,write,k4,610.5170249938965,False,1660,1660,,201
1775115023.534276,write,k2,609.6241474151611,False,1733,1733,,201
1775115023.5349472,write,k2,608.1631183624268,False,1734,1734,,201
1775115023.536461,write,k3,607.5649261474609,False,1697,1697,,201
1775115023.537054,write,k5,608.5128784179688,False,1710,1710,,201
1775115023.541107,write,k1,605.0238609313965,False,1696,1696,,201
1775115023.5451038,write,k1,607.2549819946289,False,1697,1697,,201
1775115023.546904,write,k2,605.7920455932617,False,1735,1735,,201
1775115023.557611,write,k5,606.6758632659912,False,1711,1711,,201
1775115023.571458,write,k1,611.9379997253418,False,1698,1698,,201
1775115023.576749,write,k1,609.0900897979736,False,1699,1699,,201
1775115023.635707,write,k2,608.3300113677979,False,1736,1736,,201
1775115023.6363342,write,k3,607.3620319366455,False,1698,1698,,201
1775115023.636833,write,k4,608.9589595794678,False,1661,1661,,201
1775115023.638197,write,k2,605.597972869873,False,1737,1737,,201
1775115023.638587,write,k5,608.0288887023926,False,1712,1712,,201
1775115023.641593,write,k1,606.8980693817139,False,1700,1700,,201
1775115023.642038,write,k4,607.8188419342041,False,1662,1662,,201
1775115023.6425118,write,k2,608.5798740386963,False,1738,1738,,201
1775115023.6482182,write,k1,605.7009696960449,False,1701,1701,,201
1775115023.7184849,write,k5,611.4637851715088,False,1713,1713,,201
1775115023.72754,write,k5,612.2212409973145,False,1714,1714,,201
1775115023.738184,write,k2,609.0729236602783,False,1740,1740,,201
1775115023.7388391,write,k2,610.7878684997559,False,1739,1739,,201
1775115023.745292,write,k1,610.4700565338135,False,1702,1702,,201
1775115023.7459688,write,k3,611.7489337921143,False,1699,1699,,201
1775115023.749839,write,k1,610.1179122924805,False,1703,1703,,201
1775115023.752192,read,k4,109.14015769958496,False,1669,1662,110.15200614929199,200
1775115023.762756,read,k2,106.1098575592041,False,1753,1740,23.913860321044922,200
1775115023.8289971,write,k2,615.7371997833252,False,1741,1741,,201
1775115023.834143,write,k2,613.4426593780518,False,1742,1742,,201
1775115023.856168,read,k2,108.6740493774414,False,1753,1742,22.021770477294922,200
1775115023.881032,write,k2,613.0931377410889,False,1743,1743,,201
1775115023.889421,write,k1,610.5349063873291,False,1704,1704,,201
1775115023.957484,write,k5,611.6468906402588,False,1715,1715,,201
1775115023.958032,write,k2,611.1040115356445,False,1744,1744,,201
1775115023.9584708,write,k4,608.0441474914551,False,1663,1663,,201
1775115023.958836,write,k5,608.7841987609863,False,1716,1716,,201
1775115023.9645052,write,k4,609.5988750457764,False,1664,1664,,201
1775115023.965054,write,k2,609.4000339508057,False,1746,1746,,201
1775115023.965503,write,k2,614.7520542144775,False,1745,1745,,201
1775115023.965858,write,k5,609.9038124084473,False,1717,1717,,201
1775115023.967066,write,k2,615.3950691223145,False,1747,1747,,201
1775115023.968608,write,k4,612.3898029327393,False,1665,1665,,201
1775115024.000979,write,k5,612.8871440887451,False,1718,1718,,201
1775115024.0287669,write,k4,611.1679077148438,False,1666,1666,,201
1775115024.038164,write,k1,610.4729175567627,False,1705,1705,,201
1775115024.038941,write,k3,615.4072284698486,False,1700,1700,,201
1775115024.0423691,write,k3,610.8770370483398,False,1701,1701,,201
1775115024.057791,write,k1,608.424186706543,False,1707,1707,,201
1775115024.058288,write,k1,609.6549034118652,False,1706,1706,,201
1775115024.062208,write,k5,609.0638637542725,False,1719,1719,,201
1775115024.06714,write,k2,607.0129871368408,False,1748,1748,,201
1775115024.075731,read,k3,109.37285423278809,False,1710,1701,33.35905075073242,200
1775115024.0803552,read,k3,110.7940673828125,False,1711,1701,37.986040115356445,200
1775115024.081687,read,k1,108.01982879638672,False,1709,1707,23.398876190185547,200
1775115024.149618,write,k5,610.5279922485352,False,1720,1720,,201
1775115024.150356,write,k5,610.3692054748535,False,1721,1721,,201
1775115024.154494,write,k2,612.0240688323975,False,1749,1749,,201
1775115024.155118,write,k2,610.673189163208,False,1750,1750,,201
1775115024.155715,write,k4,612.3342514038086,False,1668,1668,,201
1775115024.156254,write,k4,613.2540702819824,False,1667,1667,,201
1775115024.156644,read,k3,109.0238094329834,False,1712,1701,114.27617073059082,200
1775115024.156971,write,k3,608.3159446716309,False,1702,1702,,201
1775115024.162739,write,k3,610.1329326629639,False,1703,1703,,201
1775115024.176558,write,k2,608.7031364440918,False,1751,1751,,201
1775115024.184866,write,k4,610.0859642028809,False,1669,1669,,201
1775115024.189239,read,k1,104.80213165283203,False,1711,1707,130.94782829284668,200
1775115024.195953,write,k5,610.2960109710693,False,1722,1722,,201
1775115024.25265,write,k2,613.9209270477295,False,1752,1752,,201
1775115024.2690828,write,k4,620.2518939971924,False,1670,1670,,201
1775115024.27216,write,k5,627.4538040161133,False,1724,1724,,201
1775115024.272477,write,k5,619.8909282684326,False,1725,1725,,201
1775115024.2727082,write,k3,630.1109790802002,False,1704,1704,,201
1775115024.2729201,write,k2,626.5370845794678,False,1753,1753,,201
1775115024.273131,write,k5,629.3649673461914,False,1723,1723,,201
1775115024.273376,read,k1,112.88785934448242,False,1711,1707,215.087890625,200
1775115024.3242922,read,k3,117.01393127441406,False,1717,1704,51.58185958862305,200
1775115024.3414311,write,k4,612.4427318572998,False,1671,1671,,201
1775115024.3422809,write,k3,616.2428855895996,False,1705,1705,,201
1775115024.356668,write,k3,608.3829402923584,False,1706,1706,,201
1775115024.357013,write,k4,610.903263092041,False,1672,1672,,201
1775115024.357271,write,k5,608.2019805908203,False,1726,1726,,201
1775115024.367083,write,k5,606.8429946899414,False,1727,1727,,201
1775115024.3681011,write,k3,609.1959476470947,False,1707,1707,,201
1775115024.381781,write,k1,610.5337142944336,False,1708,1708,,201
1775115024.384757,read,k3,103.64532470703125,False,1718,1707,16.65496826171875,200
1775115024.3849459,read,k3,103.24311256408691,False,1718,1707,16.845226287841797,200
1775115024.4430022,write,k4,608.6301803588867,False,1673,1673,,201
1775115024.453971,write,k3,611.3431453704834,False,1708,1708,,201
1775115024.476253,write,k2,616.339921951294,False,1754,1754,,201
1775115024.477129,read,k3,115.93484878540039,False,1718,1708,23.15807342529297,200
1775115024.4940941,write,k3,609.4648838043213,False,1709,1709,,201
1775115024.495306,read,k4,110.29601097106934,False,1687,1673,52.30212211608887,200
1775115024.5006459,write,k1,609.1890335083008,False,1709,1709,,201
1775115024.5811572,write,k5,619.0872192382812,False,1728,1728,,201
1775115024.581632,write,k3,614.4728660583496,False,1711,1711,,201
1775115024.582567,write,k3,606.5700054168701,False,1712,1712,,201
1775115024.5828638,write,k2,609.6420288085938,False,1755,1755,,201
1775115024.583074,write,k2,609.0691089630127,False,1756,1756,,201
1775115024.583276,write,k4,608.9589595794678,False,1674,1674,,201
1775115024.583484,write,k3,620.6231117248535,False,1710,1710,,201
1775115024.586176,read,k2,105.6818962097168,False,1758,1756,3.098726272583008,200
1775115024.623308,write,k4,615.3311729431152,False,1675,1675,,201
1775115024.6421068,write,k2,611.8259429931641,False,1757,1757,,201
1775115024.6592698,write,k2,609.0092658996582,False,1758,1758,,201
1775115024.659559,write,k5,611.091136932373,False,1729,1729,,201
1775115024.66882,write,k1,609.1189384460449,False,1710,1710,,201
1775115024.6690612,write,k5,608.6370944976807,False,1730,1730,,201
1775115024.684111,write,k5,618.7009811401367,False,1731,1731,,201
1775115024.6845021,write,k3,608.5169315338135,False,1713,1713,,201
1775115024.686506,write,k1,607.4497699737549,False,1711,1711,,201
1775115024.69887,write,k4,606.6818237304688,False,1676,1676,,201
1775115024.778692,write,k3,613.8930320739746,False,1715,1715,,201
1775115024.784711,write,k5,617.9609298706055,False,1732,1732,,201
1775115024.785957,write,k1,625.046968460083,False,1712,1712,,201
1775115024.786315,write,k4,622.6098537445068,False,1678,1678,,201
1775115024.7867022,write,k4,623.4118938446045,False,1679,1679,,201
1775115024.786988,write,k1,625.7131099700928,False,1713,1713,,201
1775115024.787267,write,k4,634.2229843139648,False,1677,1677,,201
1775115024.793171,write,k3,635.6639862060547,False,1714,1714,,201
1775115024.793767,write,k3,612.9980087280273,False,1716,1716,,201
1775115024.797607,write,k3,611.1807823181152,False,1717,1717,,201
1775115024.7997088,read,k3,113.87801170349121,False,1724,1717,2.0999908447265625,200
1775115024.806109,write,k4,608.6337566375732,False,1680,1680,,201
1775115024.886417,write,k5,612.2901439666748,False,1733,1733,,201
1775115024.886983,write,k4,607.4011325836182,False,1682,1682,,201
1775115024.887409,write,k4,627.6218891143799,False,1681,1681,,201
1775115024.8878028,write,k3,609.6258163452148,False,1718,1718,,201
1775115024.888155,write,k4,607.3760986328125,False,1683,1683,,201
1775115024.890699,write,k5,607.7167987823486,False,1734,1734,,201
1775115024.9055512,read,k1,111.64999008178711,False,1723,1713,118.5600757598877,200
1775115024.945886,write,k4,611.5021705627441,False,1684,1684,,201
1775115024.954311,write,k1,607.7101230621338,False,1714,1714,,201
1775115024.9627461,write,k5,609.9519729614258,False,1735,1735,,201
1775115024.973276,write,k4,612.401008605957,False,1685,1685,,201
1775115024.973672,write,k5,613.6891841888428,False,1736,1736,,201
1775115024.990577,write,k4,613.5790348052979,False,1686,1686,,201
1775115024.990942,write,k4,613.4152412414551,False,1687,1687,,201
1775115025.0009751,read,k1,108.06393623352051,False,1724,1714,46.6618537902832,200
1775115025.001354,write,k1,611.1841201782227,False,1715,1715,,201
1775115025.001676,write,k4,609.0757846832275,False,1688,1688,,201
1775115025.06378,write,k3,612.0729446411133,False,1719,1719,,201
1775115025.0741131,write,k3,607.8250408172607,False,1720,1720,,201
1775115025.098347,write,k1,618.4220314025879,False,1716,1716,,201
1775115025.1059258,write,k1,608.391284942627,False,1717,1717,,201
1775115025.122514,write,k3,615.3600215911865,False,1721,1721,,201
1775115025.123005,write,k1,617.5501346588135,False,1718,1718,,201
1775115025.1235058,read,k4,118.03889274597168,False,1698,1688,121.826171875,200
1775115025.198267,write,k4,609.4436645507812,False,1691,1691,,201
1775115025.1987998,write,k4,613.5010719299316,False,1690,1690,,201
1775115025.199201,write,k3,614.5660877227783,False,1722,1722,,201
1775115025.1996238,write,k1,608.5591316223145,False,1719,1719,,201
1775115025.1999722,write,k4,615.8661842346191,False,1689,1689,,201
1775115025.20032,write,k3,607.4249744415283,False,1724,1724,,201
1775115025.2006269,write,k3,608.1819534301758,False,1723,1723,,201
1775115025.204145,write,k4,607.5859069824219,False,1692,1692,,201
1775115025.226176,read,k4,113.25907707214355,False,1698,1692,22.028684616088867,200
1775115025.2459462,write,k1,610.8338832855225,False,1720,1720,,201
1775115025.2578812,write,k4,609.7409725189209,False,1693,1693,,201
1775115025.2700539,write,k4,607.3510646820068,False,1694,1694,,201
1775115025.275209,write,k2,607.3892116546631,False,1759,1759,,201
1775115025.277127,write,k4,605.4239273071289,False,1695,1695,,201
1775115025.2937658,write,k2,616.7101860046387,False,1760,1760,,201
1775115025.302169,write,k5,608.2839965820312,False,1738,1738,,201
1775115025.30294,write,k5,609.4582080841064,False,1737,1737,,201
1775115025.313051,read,k5,108.29710960388184,False,1745,1738,10.106801986694336,200
1775115025.325262,write,k5,617.7749633789062,False,1739,1739,,201
1775115025.402672,write,k1,617.7089214324951,False,1721,1721,,201
1775115025.407271,write,k1,619.0829277038574,False,1722,1722,,201
1775115025.407815,write,k1,617.3539161682129,False,1723,1723,,201
1775115025.4082088,write,k1,610.4588508605957,False,1724,1724,,201
1775115025.409076,write,k3,612.6449108123779,False,1725,1725,,201
1775115025.40942,write,k2,610.3959083557129,False,1761,1761,,201
1775115025.4099069,write,k4,620.2750205993652,False,1696,1696,,201
1775115025.410571,write,k4,613.7001514434814,False,1697,1697,,201
1775115025.411794,write,k5,608.9720726013184,False,1740,1740,,201
1775115025.414121,read,k5,107.34105110168457,False,1747,1740,2.325296401977539,200
1775115025.4241621,write,k2,617.1371936798096,False,1762,1762,,201
1775115025.4244952,write,k4,609.8499298095703,False,1698,1698,,201
1775115025.5002282,write,k2,608.0613136291504,False,1764,1764,,201
1775115025.5003798,write,k5,609.583854675293,False,1742,1742,,201
1775115025.500509,write,k2,608.7911128997803,False,1763,1763,,201
1775115025.502635,write,k5,613.5580539703369,False,1741,1741,,201
1775115025.502789,write,k2,607.5267791748047,False,1765,1765,,201
1775115025.522421,write,k2,610.6917858123779,False,1766,1766,,201
1775115025.562115,write,k5,611.6242408752441,False,1743,1743,,201
1775115025.580991,write,k1,621.9360828399658,False,1725,1725,,201
1775115025.5814981,write,k1,610.0122928619385,False,1726,1726,,201
1775115025.593715,write,k3,612.7369403839111,False,1726,1726,,201
1775115025.5942662,write,k5,613.821268081665,False,1744,1744,,201
1775115025.6027231,write,k5,608.7548732757568,False,1745,1745,,201
1775115025.611627,read,k4,105.57699203491211,False,1706,1698,187.12496757507324,200
1775115025.6137679,write,k2,617.2580718994141,False,1767,1767,,201
1775115025.632173,write,k3,624.6819496154785,False,1727,1727,,201
1775115025.6327722,write,k2,622.1060752868652,False,1768,1768,,201
1775115025.6830661,write,k3,616.0387992858887,False,1728,1728,,201
1775115025.7020679,write,k1,621.6030120849609,False,1727,1727,,201
1775115025.709686,write,k3,609.3788146972656,False,1729,1729,,201
1775115025.74126,write,k1,609.7080707550049,False,1729,1729,,201
1775115025.7427258,write,k1,612.3130321502686,False,1728,1728,,201
1775115025.7431989,write,k4,613.659143447876,False,1699,1699,,201
1775115025.808905,write,k4,607.2821617126465,False,1700,1700,,201
1775115025.8124108,write,k4,609.5499992370605,False,1701,1701,,201
1775115025.812955,write,k2,609.7221374511719,False,1769,1769,,201
1775115025.815307,write,k4,609.3041896820068,False,1703,1703,,201
1775115025.8159318,write,k1,609.1861724853516,False,1730,1730,,201
1775115025.816409,write,k4,612.8330230712891,False,1702,1702,,201
1775115025.817209,write,k3,606.177806854248,False,1730,1730,,201
1775115025.835875,write,k5,607.8200340270996,False,1746,1746,,201
1775115025.856514,read,k3,108.93416404724121,False,1741,1730,39.30020332336426,200
1775115025.8572001,read,k3,106.88400268554688,False,1741,1730,39.98708724975586,200
1775115025.865387,write,k4,613.2380962371826,False,1704,1704,,201
1775115025.885149,write,k5,609.7128391265869,False,1747,1747,,201
1775115025.886006,write,k3,618.0441379547119,False,1731,1731,,201
1775115025.896628,write,k2,612.1821403503418,False,1770,1770,,201
1775115025.89803,write,k4,615.5247688293457,False,1705,1705,,201
1775115025.908746,write,k3,613.2757663726807,False,1732,1732,,201
1775115025.9238012,read,k1,105.27706146240234,False,1739,1730,107.86700248718262,200
1775115025.9296498,write,k5,618.772029876709,False,1748,1748,,201
1775115025.93733,write,k1,615.2482032775879,False,1731,1731,,201
1775115025.939479,write,k5,611.8149757385254,False,1749,1749,,201
1775115025.984305,read,k2,108.83569717407227,False,1777,1770,87.67580986022949,200
1775115026.0187368,write,k5,607.8901290893555,False,1750,1750,,201
1775115026.029827,write,k5,616.9359683990479,False,1751,1751,,201
1775115026.0304892,write,k1,616.2028312683105,False,1732,1732,,201
1775115026.0347898,write,k3,613.7220859527588,False,1734,1734,,201
1775115026.035298,write,k1,613.8591766357422,False,1734,1734,,201
1775115026.035771,write,k3,616.6150569915771,False,1733,1733,,201
1775115026.036083,write,k1,620.8181381225586,False,1733,1733,,201
1775115026.036354,write,k5,615.5738830566406,False,1752,1752,,201
1775115026.0366201,write,k2,616.43385887146,False,1771,1771,,201
1775115026.0369012,write,k1,616.4031028747559,False,1735,1735,,201
1775115026.043325,read,k1,107.33222961425781,False,1741,1735,6.4220428466796875,200
1775115026.0490549,write,k3,612.4358177185059,False,1735,1735,,201
1775115026.049927,write,k4,611.8237972259521,False,1706,1706,,201
1775115026.063757,read,k4,116.57500267028809,False,1713,1706,13.826847076416016,200
1775115026.118222,write,k1,615.868091583252,False,1737,1737,,201
1775115026.118853,write,k3,610.6853485107422,False,1736,1736,,201
1775115026.119244,write,k2,615.0407791137695,False,1772,1772,,201
1775115026.119594,write,k1,617.6071166992188,False,1736,1736,,201
1775115026.144432,write,k3,608.7579727172852,False,1737,1737,,201
1775115026.157103,read,k3,117.0499324798584,False,1747,1737,12.670040130615234,200
1775115026.158127,read,k4,115.93294143676758,False,1714,1706,108.2010269165039,200
1775115026.1590028,read,k5,112.64920234680176,False,1761,1752,122.6491928100586,200
1775115026.170403,read,k4,122.3299503326416,False,1714,1706,120.47576904296875,200
1775115026.183705,write,k4,612.2980117797852,False,1707,1707,,201
1775115026.1988008,write,k2,611.9730472564697,False,1773,1773,,201
1775115026.2031019,write,k1,614.213228225708,False,1738,1738,,201
1775115026.216128,write,k3,612.8828525543213,False,1738,1738,,201
1775115026.216776,write,k2,609.328031539917,False,1774,1774,,201
1775115026.2172139,write,k4,617.4750328063965,False,1708,1708,,201
1775115026.235892,write,k4,617.4678802490234,False,1709,1709,,201
1775115026.241879,write,k4,614.1581535339355,False,1710,1710,,201
1775115026.251622,write,k4,612.5998497009277,False,1711,1711,,201
1775115026.251818,write,k3,610.0940704345703,False,1739,1739,,201
1775115026.297024,write,k5,611.7029190063477,False,1753,1753,,201
1775115026.320565,write,k3,608.9320182800293,False,1741,1741,,201
1775115026.3207092,write,k3,614.6218776702881,False,1740,1740,,201
1775115026.329677,read,k1,109.28106307983398,False,1746,1738,126.57690048217773,200
1775115026.3624241,write,k2,614.1748428344727,False,1775,1775,,201
1775115026.4249501,write,k1,611.8319034576416,False,1739,1739,,201
1775115026.444015,write,k5,621.5901374816895,False,1754,1754,,201
1775115026.44461,write,k3,618.9911365509033,False,1742,1742,,201
1775115026.445025,write,k4,623.0478286743164,False,1712,1712,,201
1775115026.445654,write,k1,625.5099773406982,False,1740,1740,,201
1775115026.446035,write,k5,620.9390163421631,False,1755,1755,,201
1775115026.4614882,write,k2,618.7179088592529,False,1776,1776,,201
1775115026.4681191,write,k2,608.6652278900146,False,1777,1777,,201
1775115026.474601,write,k1,610.2540493011475,False,1741,1741,,201
1775115026.498667,write,k4,609.1070175170898,False,1713,1713,,201
1775115026.509963,write,k5,613.0928993225098,False,1756,1756,,201
1775115026.522368,write,k2,615.8559322357178,False,1779,1779,,201
1775115026.523071,write,k2,618.1409358978271,False,1778,1778,,201
1775115026.52769,write,k5,608.8669300079346,False,1757,1757,,201
1775115026.545256,write,k3,614.2539978027344,False,1743,1743,,201
1775115026.5571892,write,k5,612.6608848571777,False,1758,1758,,201
1775115026.562019,read,k1,109.82799530029297,False,1750,1741,87.4168872833252,200
1775115026.60078,write,k3,610.2252006530762,False,1744,1744,,201
1775115026.6217291,read,k4,109.28583145141602,False,1720,1713,123.0618953704834,200
1775115026.637473,write,k5,609.9016666412354,False,1759,1759,,201
1775115026.640477,write,k5,608.4868907928467,False,1760,1760,,201
1775115026.644017,read,k4,107.38301277160645,False,1721,1713,145.35093307495117,200
1775115026.648121,write,k4,610.5132102966309,False,1714,1714,,201
1775115026.648533,write,k3,609.9331378936768,False,1745,1745,,201
1775115026.6498282,write,k3,610.1031303405762,False,1747,1747,,201
1775115026.650198,write,k3,611.2527847290039,False,1746,1746,,201
1775115026.6510332,write,k5,607.5208187103271,False,1761,1761,,201
1775115026.669826,write,k4,612.8909587860107,False,1715,1715,,201
1775115026.6706429,write,k4,616.5168285369873,False,1716,1716,,201
1775115026.68063,write,k3,609.15207862854,False,1748,1748,,201
1775115026.736199,write,k3,612.1070384979248,False,1749,1749,,201
1775115026.747956,write,k1,623.0318546295166,False,1742,1742,,201
1775115026.748501,write,k2,617.6741123199463,False,1780,1780,,201
1775115026.748866,write,k1,622.683048248291,False,1743,1743,,201
1775115026.765651,write,k1,608.363151550293,False,1744,1744,,201
1775115026.7730649,write,k2,608.4678173065186,False,1781,1781,,201
1775115026.773623,write,k1,611.994743347168,False,1745,1745,,201
1775115026.776879,write,k5,607.2731018066406,False,1762,1762,,201
1775115026.790468,write,k1,609.0528964996338,False,1746,1746,,201
1775115026.799982,write,k4,607.4099540710449,False,1717,1717,,201
1775115026.811386,write,k2,611.1669540405273,False,1782,1782,,201
1775115026.8256059,write,k5,617.5518035888672,False,1763,1763,,201
1775115026.829674,write,k1,608.6640357971191,False,1747,1747,,201
1775115026.8473642,write,k4,619.9233531951904,False,1718,1718,,201
1775115026.848064,write,k1,607.5701713562012,False,1748,1748,,201
1775115026.8617868,write,k4,612.1821403503418,False,1719,1719,,201
1775115026.864276,write,k3,606.5521240234375,False,1750,1750,,201
1775115026.864379,write,k1,606.8730354309082,False,1749,1749,,201
1775115026.866538,read,k1,109.01498794555664,False,1755,1749,2.158641815185547,200
1775115026.910149,write,k2,608.997106552124,False,1783,1783,,201
1775115026.935319,write,k1,605.9181690216064,False,1750,1750,,201
1775115026.937037,write,k5,607.8348159790039,False,1764,1764,,201
1775115026.942154,write,k2,606.6482067108154,False,1784,1784,,201
1775115026.971658,read,k5,105.44729232788086,False,1771,1764,34.62100028991699,200
1775115026.9717472,write,k2,606.9040298461914,False,1785,1785,,201
1775115026.983388,read,k4,106.48512840270996,False,1729,1719,121.60086631774902,200
1775115027.040381,write,k5,611.8888854980469,False,1765,1765,,201
1775115027.048188,read,k3,105.35502433776855,False,1755,1750,183.91180038452148,200
1775115027.062448,write,k1,608.6080074310303,False,1751,1751,,201
1775115027.062569,write,k2,610.1031303405762,False,1786,1786,,201
1775115027.0626729,write,k2,607.2981357574463,False,1787,1787,,201
1775115027.0627751,write,k4,611.2377643585205,False,1720,1720,,201
1775115027.076503,write,k5,608.2332134246826,False,1766,1766,,201
1775115027.080617,write,k2,607.4719429016113,False,1788,1788,,201
1775115027.08528,write,k5,606.4109802246094,False,1767,1767,,201
1775115027.115257,write,k2,607.5530052185059,False,1789,1789,,201
1775115027.146794,write,k4,618.8030242919922,False,1721,1721,,201
1775115027.147948,write,k2,616.5940761566162,False,1790,1790,,201
1775115027.17149,write,k2,617.7668571472168,False,1791,1791,,201
1775115027.171669,write,k4,606.30202293396,False,1722,1722,,201
1775115027.176455,write,k3,606.9471836090088,False,1751,1751,,201
1775115027.2167628,write,k1,607.5141429901123,False,1752,1752,,201
1775115027.2384589,write,k3,611.696720123291,False,1752,1752,,201
1775115027.2541199,write,k4,609.6088886260986,False,1723,1723,,201
1775115027.256156,write,k4,610.6979846954346,False,1724,1724,,201
1775115027.2562618,write,k2,609.4310283660889,False,1792,1792,,201
1775115027.258016,write,k3,607.7370643615723,False,1753,1753,,201
1775115027.2582269,write,k1,606.2111854553223,False,1753,1753,,201
1775115027.258326,write,k4,605.5388450622559,False,1725,1725,,201
1775115027.2624042,write,k1,608.7038516998291,False,1754,1754,,201
1775115027.262506,write,k2,608.0009937286377,False,1793,1793,,201
1775115027.2800992,write,k2,607.5060367584229,False,1794,1794,,201
1775115027.28673,write,k2,605.9331893920898,False,1795,1795,,201
1775115027.294731,write,k3,610.8899116516113,False,1754,1754,,201
1775115027.3582048,write,k1,614.7868633270264,False,1755,1755,,201
1775115027.3610592,write,k5,609.6329689025879,False,1768,1768,,201
1775115027.36127,write,k5,608.2069873809814,False,1769,1769,,201
1775115027.3827279,write,k5,611.0479831695557,False,1770,1770,,201
1775115027.3944309,write,k3,612.3368740081787,False,1755,1755,,201
1775115027.394683,write,k4,609.3049049377441,False,1727,1727,,201
1775115027.3948941,write,k4,615.4251098632812,False,1726,1726,,201
1775115027.402823,read,k4,108.60395431518555,False,1734,1727,7.928133010864258,200
1775115027.406045,write,k1,608.5429191589355,False,1756,1756,,201
1775115027.4083378,write,k1,606.6157817840576,False,1757,1757,,201
1775115027.421551,write,k2,607.295036315918,False,1796,1796,,201
1775115027.4516091,write,k5,613.4939193725586,False,1771,1771,,201
1775115027.452374,write,k1,619.3058490753174,False,1758,1758,,201
1775115027.472791,write,k4,617.8669929504395,False,1728,1728,,201
1775115027.473433,write,k2,618.3788776397705,False,1797,1797,,201
1775115027.478082,write,k4,606.6231727600098,False,1729,1729,,201
1775115027.478216,write,k1,606.5669059753418,False,1759,1759,,201
1775115027.531321,write,k2,608.9808940887451,False,1798,1798,,201
1775115027.554688,write,k5,609.3060970306396,False,1772,1772,,201
1775115027.558576,write,k1,613.335132598877,False,1760,1760,,201
1775115027.589442,write,k4,611.3941669464111,False,1730,1730,,201
1775115027.589993,read,k1,106.94098472595215,False,1768,1760,31.417131423950195,200
1775115027.59038,write,k3,612.8911972045898,False,1756,1756,,201
1775115027.602116,write,k5,615.8130168914795,False,1773,1773,,201
1775115027.655721,read,k3,116.58811569213867,False,1766,1756,65.33694267272949,200
1775115027.676329,write,k4,625.4329681396484,False,1731,1731,,201
1775115027.681406,write,k1,612.7068996429443,False,1761,1761,,201
1775115027.6819258,write,k3,613.8267517089844,False,1757,1757,,201
1775115027.682306,write,k2,624.8230934143066,False,1799,1799,,201
1775115027.682621,write,k5,610.9182834625244,False,1774,1774,,201
1775115027.682931,write,k4,617.711067199707,False,1732,1732,,201
1775115027.697498,write,k2,607.2709560394287,False,1800,1800,,201
1775115027.698028,write,k5,607.990026473999,False,1776,1776,,201
1775115027.6985931,write,k5,615.8549785614014,False,1775,1775,,201
1775115027.738362,write,k2,614.3088340759277,False,1801,1801,,201
1775115027.776234,write,k3,616.5969371795654,False,1758,1758,,201
1775115027.776711,write,k2,617.4309253692627,False,1802,1802,,201
1775115027.780514,write,k4,604.3808460235596,False,1733,1733,,201
1775115027.780865,write,k1,605.2548885345459,False,1762,1762,,201
1775115027.785059,write,k2,605.9846878051758,False,1803,1803,,201
1775115027.832353,write,k3,612.8280162811279,False,1759,1759,,201
1775115027.8670878,write,k1,617.6080703735352,False,1763,1763,,201
1775115027.8701499,write,k4,611.7739677429199,False,1734,1734,,201
1775115027.8705862,write,k2,607.964038848877,False,1804,1804,,201
1775115027.870966,write,k3,611.2430095672607,False,1761,1761,,201
1775115027.8712902,write,k5,610.2089881896973,False,1777,1777,,201
1775115027.871605,write,k3,613.1126880645752,False,1760,1760,,201
1775115027.875683,write,k5,607.2502136230469,False,1778,1778,,201
1775115027.876388,write,k2,610.8300685882568,False,1805,1805,,201
1775115027.8868742,write,k5,616.173267364502,False,1779,1779,,201
1775115027.9022248,read,k2,108.6130142211914,False,1810,1805,25.8328914642334,200
1775115027.902805,write,k3,618.0648803710938,False,1762,1762,,201
1775115027.9071,write,k4,609.8251342773438,False,1735,1735,,201
1775115027.978379,write,k3,610.9859943389893,False,1763,1763,,201
1775115027.978922,read,k5,105.94010353088379,False,1783,1779,92.04673767089844,200
1775115027.9850008,write,k1,618.6172962188721,False,1764,1764,,201
1775115027.985443,write,k4,618.617057800293,False,1736,1736,,201
1775115027.991912,read,k3,111.34481430053711,False,1770,1763,13.53311538696289,200
1775115028.003184,write,k1,610.6340885162354,False,1765,1765,,201
1775115028.003681,write,k3,607.1188449859619,False,1764,1764,,201
1775115028.008692,write,k2,609.001874923706,False,1806,1806,,201
1775115028.009099,write,k4,609.0989112854004,False,1737,1737,,201
1775115028.01388,write,k5,606.0190200805664,False,1780,1780,,201
1775115028.0168471,write,k3,605.7159900665283,False,1765,1765,,201
1775115028.024925,write,k1,608.8159084320068,False,1766,1766,,201
1775115028.040983,write,k3,610.3999614715576,False,1766,1766,,201
1775115028.080631,write,k1,611.1271381378174,False,1767,1767,,201
1775115028.081374,write,k4,627.586841583252,False,1738,1738,,201
1775115028.087036,write,k1,607.0008277893066,False,1768,1768,,201
1775115028.0900311,write,k5,608.5350513458252,False,1781,1781,,201
1775115028.092982,write,k2,609.7378730773926,False,1807,1807,,201
1775115028.113271,read,k4,107.1939468383789,False,1747,1738,31.89396858215332,200
1775115028.13319,read,k5,109.01808738708496,False,1787,1781,43.15495491027832,200
1775115028.160084,read,k3,108.4749698638916,False,1774,1766,119.09818649291992,200
1775115028.1788852,write,k3,622.0691204071045,False,1767,1767,,201
1775115028.1795251,write,k2,611.8509769439697,False,1808,1808,,201
1775115028.208446,write,k4,614.0670776367188,False,1739,1739,,201
1775115028.210089,write,k4,614.4330501556396,False,1741,1741,,201
1775115028.210761,write,k4,614.642858505249,False,1740,1740,,201
1775115028.214242,write,k1,607.090950012207,False,1769,1769,,201
1775115028.282818,write,k3,620.823860168457,False,1768,1768,,201
1775115028.286365,write,k3,608.1647872924805,False,1769,1769,,201
1775115028.29423,write,k1,608.558177947998,False,1772,1772,,201
1775115028.2947571,write,k1,609.5378398895264,False,1771,1771,,201
1775115028.2951438,write,k1,611.10520362854,False,1770,1770,,201
1775115028.296115,write,k2,607.5022220611572,False,1809,1809,,201
1775115028.30085,write,k4,607.9988479614258,False,1742,1742,,201
1775115028.311879,write,k1,611.7508411407471,False,1773,1773,,201
1775115028.317707,write,k1,609.8020076751709,False,1774,1774,,201
1775115028.318224,write,k4,611.3309860229492,False,1743,1743,,201
1775115028.354275,write,k5,612.1580600738525,False,1782,1782,,201
1775115028.393714,write,k4,615.6919002532959,False,1744,1744,,201
1775115028.3953311,write,k2,611.851692199707,False,1810,1810,,201
1775115028.3962219,write,k1,611.7939949035645,False,1775,1775,,201
1775115028.399329,write,k4,615.2539253234863,False,1745,1745,,201
1775115028.454787,write,k3,613.9559745788574,False,1770,1770,,201
1775115028.4918232,write,k5,620.1138496398926,False,1783,1783,,201
1775115028.492059,write,k1,617.2409057617188,False,1776,1776,,201
1775115028.494022,write,k5,613.0828857421875,False,1784,1784,,201
1775115028.494167,write,k3,612.9088401794434,False,1771,1771,,201
1775115028.4943092,write,k2,612.6501560211182,False,1811,1811,,201
1775115028.49591,write,k2,613.922119140625,False,1812,1812,,201
1775115028.503173,write,k1,609.9541187286377,False,1777,1777,,201
1775115028.532552,write,k3,618.0670261383057,False,1772,1772,,201
1775115028.5327628,write,k2,621.3960647583008,False,1813,1813,,201
1775115028.532925,write,k4,622.3239898681641,False,1746,1746,,201
1775115028.599862,write,k5,616.0697937011719,False,1785,1785,,201
1775115028.601429,write,k5,614.0248775482178,False,1786,1786,,201
1775115028.614141,write,k3,617.2397136688232,False,1773,1773,,201
1775115028.615593,write,k4,630.0399303436279,False,1747,1747,,201
1775115028.615942,write,k2,626.8391609191895,False,1814,1814,,201
1775115028.6181371,read,k4,116.89519882202148,False,1758,1747,2.5441646575927734,200
1775115028.623797,write,k5,612.5149726867676,False,1787,1787,,201
1775115028.6249359,write,k4,608.8368892669678,False,1748,1748,,201
1775115028.625327,write,k4,608.0670356750488,False,1749,1749,,201
1775115028.628576,write,k3,607.9552173614502,False,1774,1774,,201
1775115028.655491,write,k5,614.8710250854492,False,1788,1788,,201
1775115028.707776,write,k2,616.6038513183594,False,1815,1815,,201
1775115028.7084448,write,k4,614.9282455444336,False,1751,1751,,201
1775115028.708863,write,k2,607.6278686523438,False,1816,1816,,201
1775115028.7092018,write,k4,618.9908981323242,False,1750,1750,,201
1775115028.710604,write,k1,608.9639663696289,False,1778,1778,,201
1775115028.7220879,read,k3,115.29707908630371,False,1783,1774,93.51015090942383,200
1775115028.733917,write,k4,616.2807941436768,False,1752,1752,,201
1775115028.7579882,write,k5,615.7948970794678,False,1789,1789,,201
1775115028.77251,write,k2,610.5320453643799,False,1817,1817,,201
1775115028.7992089,write,k2,616.8131828308105,False,1818,1818,,201
1775115028.7999392,write,k1,615.3960227966309,False,1779,1779,,201
1775115028.817008,read,k5,107.56611824035645,False,1795,1789,59.01789665222168,200
1775115028.836475,write,k1,619.088888168335,False,1781,1781,,201
1775115028.837038,write,k5,616.7900562286377,False,1790,1790,,201
1775115028.83742,write,k1,626.5130043029785,False,1780,1780,,201
1775115028.837754,write,k3,625.1330375671387,False,1775,1775,,201
1775115028.885513,read,k1,109.06672477722168,False,1789,1781,48.085927963256836,200
1775115028.898036,write,k4,613.3959293365479,False,1753,1753,,201
1775115028.920256,write,k3,627.7041435241699,False,1776,1776,,201
1775115028.920915,write,k5,622.0381259918213,False,1791,1791,,201
1775115028.921461,write,k4,624.2518424987793,False,1754,1754,,201
1775115028.921828,write,k3,625.2720355987549,False,1777,1777,,201
1775115028.922179,write,k3,619.7817325592041,False,1778,1778,,201
1775115028.9225621,write,k1,614.321231842041,False,1782,1782,,201
1775115028.924923,write,k1,610.882043838501,False,1783,1783,,201
1775115028.933012,write,k5,607.3648929595947,False,1792,1792,,201
1775115028.9334242,write,k3,606.2610149383545,False,1779,1779,,201
1775115028.9570181,read,k5,114.32099342346191,False,1797,1792,24.00493621826172,200
1775115028.970631,write,k4,610.0809574127197,False,1755,1755,,201
1775115029.016122,write,k3,614.8450374603271,False,1780,1780,,201
1775115029.016544,write,k3,615.6952381134033,False,1781,1781,,201
1775115029.016959,write,k5,617.347002029419,False,1793,1793,,201
1775115029.017285,write,k4,615.5462265014648,False,1756,1756,,201
1775115029.037073,read,k4,113.09003829956055,False,1764,1756,19.783973693847656,200
1775115029.0756962,write,k2,608.9920997619629,False,1819,1819,,201
1775115029.0759208,read,k1,108.31785202026367,False,1792,1783,150.99692344665527,200
1775115029.107931,write,k2,609.3308925628662,False,1820,1820,,201
1775115029.10847,write,k4,610.9707355499268,False,1758,1758,,201
1775115029.1088588,write,k4,612.5719547271729,False,1757,1757,,201
1775115029.110195,write,k5,609.1439723968506,False,1794,1794,,201
1775115029.110538,write,k3,608.2110404968262,False,1782,1782,,201
1775115029.120641,write,k4,613.0819320678711,False,1759,1759,,201
1775115029.1382809,read,k2,119.1411018371582,False,1826,1820,30.347108840942383,200
1775115029.1564548,write,k3,617.1138286590576,False,1783,1783,,201
1775115029.15666,write,k4,616.8191432952881,False,1760,1760,,201
1775115029.156812,write,k2,618.8440322875977,False,1821,1821,,201
1775115029.228277,write,k1,610.0249290466309,False,1784,1784,,201
1775115029.228939,write,k2,614.4640445709229,False,1822,1822,,201
1775115029.231891,write,k5,609.7619533538818,False,1795,1795,,201
1775115029.23231,write,k4,609.478235244751,False,1761,1761,,201
1775115029.239519,write,k1,608.1078052520752,False,1786,1786,,201
1775115029.240361,write,k3,611.6409301757812,False,1784,1784,,201
1775115029.240733,write,k1,611.361026763916,False,1785,1785,,201
1775115029.241071,write,k3,610.435962677002,False,1785,1785,,201
1775115029.244478,write,k1,608.5140705108643,False,1787,1787,,201
1775115029.27267,write,k4,610.2261543273926,False,1762,1762,,201
1775115029.32753,write,k2,613.6331558227539,False,1823,1823,,201
1775115029.3283598,write,k5,616.4958477020264,False,1796,1796,,201
1775115029.329037,write,k5,617.7270412445068,False,1796,1796,,201
1775115029.3400471,write,k1,620.4371452331543,False,1788,1788,,201
1775115029.341325,write,k4,612.3490333557129,False,1763,1763,,201
1775115029.344627,write,k1,609.0617179870605,False,1789,1789,,201
1775115029.3657448,read,k4,109.96103286743164,False,1773,1763,24.419069290161133,200
1775115029.3723462,write,k5,608.5829734802246,False,1797,1797,,201
1775115029.4168398,write,k4,613.149881362915,False,1764,1764,,201
1775115029.42595,write,k3,618.2091236114502,False,1786,1786,,201
1775115029.427584,write,k1,607.3908805847168,False,1790,1790,,201
1775115029.4594,write,k5,615.0949001312256,False,1798,1798,,201
1775115029.459987,write,k2,613.8741970062256,False,1825,1825,,201
1775115029.460905,write,k2,613.5969161987305,False,1824,1824,,201
1775115029.5026639,write,k3,614.6969795227051,False,1787,1787,,201
1775115029.5176902,write,k5,609.0278625488281,False,1799,1799,,201
1775115029.5419688,write,k1,612.8990650177002,False,1792,1792,,201
1775115029.542592,write,k3,614.5620346069336,False,1788,1788,,201
1775115029.543078,write,k4,615.6659126281738,False,1765,1765,,201
1775115029.543594,write,k1,615.2360439300537,False,1791,1791,,201
1775115029.5439901,write,k5,612.3020648956299,False,1800,1800,,201
1775115029.5443578,write,k4,613.4178638458252,False,1766,1766,,201
1775115029.562746,write,k3,621.9258308410645,False,1789,1789,,201
1775115029.5633001,write,k2,624.7031688690186,False,1826,1826,,201
1775115029.5701308,read,k5,107.47694969177246,False,1808,1800,26.1380672454834,200
1775115029.576276,read,k5,106.99605941772461,False,1809,1800,32.282114028930664,200
1775115029.590977,write,k4,610.4221343994141,False,1767,1767,,201
1775115029.636655,write,k3,617.0587539672852,False,1790,1790,,201
1775115029.6373088,write,k4,616.1410808563232,False,1768,1768,,201
1775115029.6440582,write,k1,618.6478137969971,False,1793,1793,,201
1775115029.663158,write,k4,623.9533424377441,False,1769,1769,,201
1775115029.688218,write,k5,606.1859130859375,False,1802,1802,,201
1775115029.6888351,write,k5,608.7009906768799,False,1801,1801,,201
1775115029.728595,write,k3,611.0868453979492,False,1791,1791,,201
1775115029.729183,write,k4,614.3271923065186,False,1770,1770,,201
1775115029.729686,write,k2,618.9360618591309,False,1827,1827,,201
1775115029.730185,write,k1,616.7490482330322,False,1794,1794,,201
1775115029.730604,write,k4,612.6270294189453,False,1771,1771,,201
1775115029.744948,write,k4,610.4409694671631,False,1772,1772,,201
1775115029.7649221,write,k3,623.9800453186035,False,1792,1792,,201
1775115029.7750452,write,k5,609.6639633178711,False,1805,1805,,201
1775115029.775618,write,k5,610.4080677032471,False,1804,1804,,201
1775115029.7759628,write,k5,611.0169887542725,False,1803,1803,,201
1775115029.844336,write,k2,609.7517013549805,False,1828,1828,,201
1775115029.844728,write,k3,610.7261180877686,False,1793,1793,,201
1775115029.847463,write,k3,609.259843826294,False,1794,1794,,201
1775115029.849612,write,k1,607.4450016021729,False,1795,1795,,201
1775115029.850025,write,k4,607.4140071868896,False,1773,1773,,201
1775115029.854789,write,k5,610.1598739624023,False,1806,1806,,201
1775115029.855181,write,k3,610.1953983306885,False,1795,1795,,201
1775115029.855598,write,k3,610.2888584136963,False,1796,1796,,201
1775115029.886621,write,k4,610.8999252319336,False,1774,1774,,201
1775115029.9435678,write,k5,610.1822853088379,False,1807,1807,,201
1775115029.9495308,write,k4,611.0928058624268,False,1775,1775,,201
1775115029.9500768,write,k2,612.5187873840332,False,1829,1829,,201
1775115029.952796,write,k1,605.8979034423828,False,1796,1796,,201
1775115029.955916,read,k4,105.64899444580078,False,1781,1775,6.384849548339844,200
1775115029.9588218,write,k1,608.6528301239014,False,1797,1797,,201
1775115029.959432,write,k5,610.7308864593506,False,1808,1808,,201
1775115029.980801,write,k3,610.3560924530029,False,1797,1797,,201
1775115029.990968,write,k2,609.915018081665,False,1830,1830,,201
1775115030.029788,write,k1,611.0048294067383,False,1798,1798,,201
1775115030.041085,write,k1,608.9322566986084,False,1799,1799,,201
1775115030.04175,write,k3,611.6390228271484,False,1798,1798,,201
1775115030.0646021,read,k4,108.5357666015625,False,1782,1775,115.06986618041992,200
1775115030.079778,write,k5,614.8350238800049,False,1809,1809,,201
1775115030.080655,read,k5,114.50004577636719,False,1813,1809,0.8730888366699219,200
1775115030.113271,read,k5,112.02883720397949,False,1813,1809,33.490896224975586,200
1775115030.120642,write,k2,611.0680103302002,False,1831,1831,,201
1775115030.1420438,write,k4,614.5279407501221,False,1776,1776,,201
1775115030.156585,write,k4,609.4532012939453,False,1778,1778,,201
1775115030.15715,write,k4,611.285924911499,False,1777,1777,,201
1775115030.157753,write,k3,613.2709980010986,False,1799,1799,,201
1775115030.1600242,write,k4,610.1608276367188,False,1779,1779,,201
1775115030.1606212,write,k3,612.7047538757324,False,1800,1800,,201
1775115030.16243,write,k2,609.9920272827148,False,1832,1832,,201
1775115030.1752388,write,k3,610.4650497436523,False,1801,1801,,201
1775115030.179421,write,k2,610.6150150299072,False,1833,1833,,201
1775115030.185863,write,k1,608.8871955871582,False,1800,1800,,201
1775115030.1901388,write,k2,610.1219654083252,False,1834,1834,,201
1775115030.20686,write,k3,611.4578247070312,False,1802,1802,,201
1775115030.2611892,write,k1,615.631103515625,False,1801,1801,,201
1775115030.2616682,write,k4,610.0926399230957,False,1780,1780,,201
1775115030.261951,write,k2,622.6990222930908,False,1835,1835,,201
1775115030.284068,write,k5,610.4300022125244,False,1810,1810,,201
1775115030.3063612,write,k4,609.2970371246338,False,1781,1781,,201
1775115030.306818,write,k4,610.7351779937744,False,1781,1781,,201
1775115030.3466308,write,k5,609.4369888305664,False,1811,1811,,201
1775115030.347101,write,k2,614.9649620056152,False,1836,1836,,201
1775115030.347404,write,k1,612.9639148712158,False,1803,1803,,201
1775115030.347868,write,k1,616.7991161346436,False,1802,1802,,201
1775115030.348159,write,k2,615.2870655059814,False,1837,1837,,201
1775115030.3684201,write,k2,613.3298873901367,False,1838,1838,,201
1775115030.381276,write,k1,613.0070686340332,False,1804,1804,,201
1775115030.3916018,write,k5,613.0189895629883,False,1812,1812,,201
1775115030.3922298,write,k1,613.2059097290039,False,1805,1805,,201
1775115030.397204,write,k2,610.8620166778564,False,1839,1839,,201
1775115030.399411,read,k3,107.4838638305664,False,1806,1802,192.5501823425293,200
1775115030.466589,write,k1,612.5118732452393,False,1806,1806,,201
1775115030.468919,write,k2,612.8630638122559,False,1841,1841,,201
1775115030.46953,write,k3,616.034984588623,False,1803,1803,,201
1775115030.469892,write,k2,613.1210327148438,False,1840,1840,,201
1775115030.470214,write,k2,612.1730804443359,False,1842,1842,,201
1775115030.470551,write,k1,610.5537414550781,False,1807,1807,,201
1775115030.470871,write,k3,608.5519790649414,False,1804,1804,,201
1775115030.496355,write,k4,607.2487831115723,False,1782,1782,,201
1775115030.5080771,read,k2,110.6729507446289,False,1857,1842,37.858009338378906,200
1775115030.569845,write,k2,616.163969039917,False,1843,1843,,201
1775115030.572653,write,k2,612.6008033752441,False,1844,1844,,201
1775115030.573326,write,k1,615.8440113067627,False,1808,1808,,201
1775115030.576245,write,k4,608.5660457611084,False,1783,1783,,201
1775115030.577239,write,k5,611.6058826446533,False,1813,1813,,201
1775115030.587606,read,k4,108.27994346618652,False,1791,1783,11.358976364135742,200
1775115030.598188,write,k2,611.8557453155518,False,1845,1845,,201
1775115030.654015,write,k4,617.1169281005859,False,1784,1784,,201
1775115030.660723,write,k3,614.109992980957,False,1805,1805,,201
1775115030.661205,write,k5,615.9689426422119,False,1814,1814,,201
1775115030.6863492,write,k2,610.501766204834,False,1846,1846,,201
1775115030.696627,write,k1,607.9680919647217,False,1809,1809,,201
1775115030.6971571,write,k5,609.7652912139893,False,1815,1815,,201
1775115030.730175,write,k2,610.8658313751221,False,1847,1847,,201
1775115030.740075,write,k3,612.9717826843262,False,1806,1806,,201
1775115030.7729878,write,k2,621.1380958557129,False,1848,1848,,201
1775115030.7780008,write,k2,617.2473430633545,False,1850,1850,,201
1775115030.778472,write,k2,613.3389472961426,False,1851,1851,,201
1775115030.778852,write,k2,614.9649620056152,False,1852,1852,,201
1775115030.779778,write,k4,616.6038513183594,False,1785,1785,,201
1775115030.7801,write,k5,617.3739433288574,False,1816,1816,,201
1775115030.780409,write,k2,622.2038269042969,False,1849,1849,,201
1775115030.7907379,write,k5,610.5129718780518,False,1817,1817,,201
1775115030.8000672,write,k5,609.7230911254883,False,1818,1818,,201
1775115030.806337,write,k4,609.3361377716064,False,1787,1787,,201
1775115030.8066938,write,k4,613.8780117034912,False,1786,1786,,201
1775115030.8107572,read,k5,107.14030265808105,False,1823,1818,10.689020156860352,200
1775115030.818615,write,k4,609.9939346313477,False,1788,1788,,201
1775115030.8475,read,k1,109.00187492370605,False,1818,1809,150.8617401123047,200
1775115030.881485,write,k2,614.2308712005615,False,1854,1854,,201
1775115030.8820748,write,k1,612.9562854766846,False,1810,1810,,201
1775115030.882525,write,k2,618.0281639099121,False,1853,1853,,201
1775115030.915488,read,k2,106.4918041229248,False,1861,1854,32.96017646789551,200
1775115030.920558,write,k3,611.8791103363037,False,1807,1807,,201
1775115030.923397,write,k2,608.9258193969727,False,1855,1855,,201
1775115030.959511,write,k4,607.8219413757324,False,1789,1789,,201
1775115030.96017,write,k4,608.173131942749,False,1790,1790,,201
1775115030.960747,write,k2,609.5719337463379,False,1856,1856,,201
1775115030.964767,write,k1,610.6092929840088,False,1811,1811,,201
1775115030.968864,write,k2,612.476110458374,False,1857,1857,,201
1775115030.988928,write,k1,612.0040416717529,False,1812,1812,,201
1775115031.0010061,write,k3,613.6901378631592,False,1808,1808,,201
1775115031.01146,write,k2,610.9082698822021,False,1858,1858,,201
1775115031.012109,write,k3,614.0091419219971,False,1809,1809,,201
1775115031.01812,write,k3,609.0059280395508,False,1810,1810,,201
1775115031.03853,read,k1,108.31499099731445,False,1822,1812,49.59607124328613,200
1775115031.081891,write,k4,609.119176864624,False,1791,1791,,201
1775115031.0825012,write,k5,611.2229824066162,False,1819,1819,,201
1775115031.083039,write,k3,609.7490787506104,False,1811,1811,,201
1775115031.085191,write,k2,609.0149879455566,False,1859,1859,,201
1775115031.085723,write,k3,609.1718673706055,False,1812,1812,,201
1775115031.092502,write,k1,612.7839088439941,False,1813,1813,,201
1775115031.1083589,write,k3,608.1550121307373,False,1813,1813,,201
1775115031.124033,write,k1,607.4202060699463,False,1814,1814,,201
1775115031.188077,write,k5,614.3276691436768,False,1820,1820,,201
1775115031.188627,write,k3,612.2488975524902,False,1814,1814,,201
1775115031.195947,write,k3,612.1389865875244,False,1815,1815,,201
1775115031.1964118,write,k1,614.077091217041,False,1815,1815,,201
1775115031.196766,write,k5,613.3511066436768,False,1821,1821,,201
1775115031.203688,write,k5,608.7150573730469,False,1822,1822,,201
1775115031.2178528,write,k4,609.2090606689453,False,1792,1792,,201
1775115031.2702131,write,k1,611.544132232666,False,1816,1816,,201
1775115031.270495,write,k1,608.4129810333252,False,1817,1817,,201
1775115031.2778392,write,k2,607.7141761779785,False,1860,1860,,201
1775115031.301282,read,k1,108.7350845336914,False,1823,1817,30.78603744506836,200
1775115031.3013911,write,k5,607.5520515441895,False,1823,1823,,201
1775115031.313304,write,k1,608.2868576049805,False,1818,1818,,201
1775115031.3538392,write,k1,610.2280616760254,False,1819,1819,,201
1775115031.389045,write,k4,610.0831031799316,False,1793,1793,,201
1775115031.39854,write,k5,610.393762588501,False,1824,1824,,201
1775115031.398737,write,k1,611.4809513092041,False,1820,1820,,201
1775115031.399694,write,k1,609.9441051483154,False,1821,1821,,201
1775115031.399863,write,k4,610.5473041534424,False,1794,1794,,201
1775115031.400022,write,k2,611.285924911499,False,1861,1861,,201
1775115031.400175,write,k3,610.1319789886475,False,1816,1816,,201
1775115031.406663,write,k3,611.2058162689209,False,1817,1817,,201
1775115031.411254,read,k4,105.73387145996094,False,1805,1794,11.389732360839844,200
1775115031.418336,write,k3,608.9158058166504,False,1818,1818,,201
1775115031.420383,write,k1,606.9791316986084,False,1822,1822,,201
1775115031.420566,write,k2,609.1330051422119,False,1862,1862,,201
1775115031.4375548,write,k5,608.5066795349121,False,1825,1825,,201
1775115031.460246,write,k2,610.2490425109863,False,1863,1863,,201
1775115031.5002072,write,k5,610.8899116516113,False,1826,1826,,201
1775115031.501795,write,k3,610.3248596191406,False,1819,1819,,201
1775115031.5022159,write,k2,611.4339828491211,False,1864,1864,,201
1775115031.511582,read,k4,105.74793815612793,False,1806,1794,111.71698570251465,200
1775115031.5208771,read,k4,106.53185844421387,False,1806,1794,121.01292610168457,200
1775115031.525048,write,k4,608.0968379974365,False,1795,1795,,201
1775115031.5298922,write,k5,607.5038909912109,False,1827,1827,,201
1775115031.57438,write,k3,612.7469539642334,False,1820,1820,,201
1775115031.578143,write,k2,611.5248203277588,False,1865,1865,,201
1775115031.578793,write,k4,611.4392280578613,False,1796,1796,,201
1775115031.5808792,write,k2,608.4249019622803,False,1866,1866,,201
1775115031.585906,write,k2,610.3849411010742,False,1867,1867,,201
1775115031.606679,write,k4,607.2311401367188,False,1797,1797,,201
1775115031.6115189,write,k2,607.403039932251,False,1868,1868,,201
1775115031.615495,read,k1,107.12695121765137,False,1824,1822,195.10912895202637,200
1775115031.627511,write,k3,608.3090305328369,False,1821,1821,,201
1775115031.627866,write,k2,609.5898151397705,False,1869,1869,,201
1775115031.635204,write,k5,608.6626052856445,False,1828,1828,,201
1775115031.650614,write,k3,608.4387302398682,False,1822,1822,,201
1775115031.696754,write,k4,610.5620861053467,False,1798,1798,,201
1775115031.701994,write,k4,613.0189895629883,False,1799,1799,,201
1775115031.702508,write,k5,611.1569404602051,False,1829,1829,,201
1775115031.70291,write,k4,606.3601970672607,False,1801,1801,,201
1775115031.703264,write,k4,612.4618053436279,False,1800,1800,,201
1775115031.703584,write,k1,611.8941307067871,False,1823,1823,,201
1775115031.7297769,write,k3,611.191987991333,False,1823,1823,,201
1775115031.745269,write,k4,611.2799644470215,False,1802,1802,,201
1775115031.806686,write,k2,607.6407432556152,False,1870,1870,,201
1775115031.807241,write,k5,610.3706359863281,False,1830,1830,,201
1775115031.816083,write,k4,608.2360744476318,False,1803,1803,,201
1775115031.8166301,write,k3,610.0020408630371,False,1824,1824,,201
1775115031.8170931,write,k3,610.0101470947266,False,1825,1825,,201
1775115031.826858,write,k4,605.9560775756836,False,1804,1804,,201
1775115031.885591,write,k4,612.4470233917236,False,1805,1805,,201
1775115031.8863392,write,k2,610.543966293335,False,1871,1871,,201
1775115031.893104,write,k3,609.8160743713379,False,1826,1826,,201
1775115031.9131992,write,k4,607.3956489562988,False,1806,1806,,201
1775115031.9273338,write,k2,607.0880889892578,False,1872,1872,,201
1775115031.972206,write,k1,608.6447238922119,False,1824,1824,,201
1775115032.0009658,read,k4,107.65790939331055,False,1817,1806,87.76593208312988,200
1775115032.005904,write,k3,609.947919845581,False,1827,1827,,201
1775115032.007524,write,k3,607.2759628295898,False,1828,1828,,201
1775115032.0214899,write,k2,615.3929233551025,False,1873,1873,,201
1775115032.021826,write,k2,613.1401062011719,False,1874,1874,,201
1775115032.02212,write,k3,607.3110103607178,False,1829,1829,,201
1775115032.022488,write,k5,615.4208183288574,False,1832,1832,,201
1775115032.0227258,write,k5,616.4462566375732,False,1831,1831,,201
1775115032.030832,write,k5,608.5119247436523,False,1833,1833,,201
1775115032.0309918,write,k3,605.1509380340576,False,1830,1830,,201
1775115032.036392,write,k4,607.4819564819336,False,1807,1807,,201
1775115032.039005,read,k4,105.57699203491211,False,1818,1807,2.613067626953125,200
1775115032.048814,write,k5,608.5920333862305,False,1834,1834,,201
1775115032.077568,write,k5,610.2457046508789,False,1835,1835,,201
1775115032.111555,write,k2,607.5069904327393,False,1875,1875,,201
1775115032.111731,read,k3,107.36727714538574,False,1837,1830,80.73782920837402,200
1775115032.114165,write,k3,607.1772575378418,False,1831,1831,,201
1775115032.121831,write,k4,606.6129207611084,False,1808,1808,,201
1775115032.124141,read,k3,108.53409767150879,False,1837,1831,9.97614860534668,200
1775115032.1320372,write,k2,605.7071685791016,False,1876,1876,,201
1775115032.136277,write,k4,607.907772064209,False,1809,1809,,201
1775115032.140447,write,k2,606.2393188476562,False,1877,1877,,201
1775115032.1564631,read,k4,104.827880859375,False,1820,1809,20.184993743896484,200
1775115032.187525,write,k1,606.478214263916,False,1825,1825,,201
1775115032.195761,write,k1,612.250804901123,False,1826,1826,,201
1775115032.195868,write,k2,611.8900775909424,False,1878,1878,,201
1775115032.19596,write,k1,609.5418930053711,False,1827,1827,,201
1775115032.208301,write,k3,616.9767379760742,False,1832,1832,,201
1775115032.2222989,write,k5,606.0128211975098,False,1836,1836,,201
1775115032.230461,write,k4,608.7450981140137,False,1810,1810,,201
1775115032.2305741,write,k3,609.5538139343262,False,1833,1833,,201
1775115032.2381399,write,k1,605.2539348602295,False,1828,1828,,201
1775115032.242079,write,k3,608.2570552825928,False,1834,1834,,201
1775115032.249869,write,k4,607.274055480957,False,1811,1811,,201
1775115032.26247,write,k3,607.1681976318359,False,1835,1835,,201
1775115032.322518,write,k4,613.8350963592529,False,1813,1813,,201
1775115032.322675,write,k4,613.361120223999,False,1814,1814,,201
1775115032.322809,write,k1,615.649938583374,False,1829,1829,,201
1775115032.3243468,write,k4,617.6249980926514,False,1812,1812,,201
1775115032.3244622,write,k5,614.6891117095947,False,1837,1837,,201
1775115032.3245802,write,k2,618.5791492462158,False,1879,1879,,201
1775115032.343132,write,k5,608.6280345916748,False,1838,1838,,201
1775115032.3661819,write,k5,608.7019443511963,False,1839,1839,,201
1775115032.4252968,write,k4,612.7469539642334,False,1815,1815,,201
1775115032.4257631,write,k3,612.4229431152344,False,1836,1836,,201
1775115032.4324539,write,k1,609.4191074371338,False,1830,1830,,201
1775115032.435072,write,k4,609.6940040588379,False,1816,1816,,201
1775115032.436555,write,k2,611.8979454040527,False,1880,1880,,201
1775115032.443306,write,k5,607.6910495758057,False,1840,1840,,201
1775115032.499871,write,k4,609.3947887420654,False,1817,1817,,201
1775115032.507809,write,k4,609.7581386566162,False,1818,1818,,201
1775115032.534229,write,k3,612.99729347229,False,1837,1837,,201
1775115032.540061,read,k4,110.40902137756348,False,1829,1818,32.250165939331055,200
1775115032.593962,write,k5,612.4017238616943,False,1841,1841,,201
1775115032.61971,read,k1,107.8958511352539,False,1836,1830,187.2560977935791,200
1775115032.627419,write,k5,610.414981842041,False,1842,1842,,201
1775115032.6302981,write,k5,606.6188812255859,False,1843,1843,,201
1775115032.646944,write,k2,616.8770790100098,False,1881,1881,,201
1775115032.647382,write,k4,619.5778846740723,False,1819,1819,,201
1775115032.647852,write,k5,609.3840599060059,False,1845,1845,,201
1775115032.648256,read,k3,110.47077178955078,False,1849,1837,114.02630805969238,200
1775115032.6486971,write,k5,620.521068572998,False,1844,1844,,201
1775115032.6489532,write,k3,610.6901168823242,False,1839,1839,,201
1775115032.6491678,write,k3,618.920087814331,False,1838,1838,,201
1775115032.6493871,write,k4,613.3718490600586,False,1820,1820,,201
1775115032.655113,write,k5,606.5809726715088,False,1846,1846,,201
1775115032.691326,write,k2,610.4528903961182,False,1882,1882,,201
1775115032.727113,write,k1,608.4201335906982,False,1831,1831,,201
1775115032.727537,write,k5,611.3808155059814,False,1847,1847,,201
1775115032.72832,write,k3,607.8510284423828,False,1840,1840,,201
1775115032.7373881,write,k5,608.9000701904297,False,1848,1848,,201
1775115032.740878,read,k5,108.83307456970215,False,1851,1848,3.509998321533203,200
1775115032.741245,write,k1,609.5349788665771,False,1832,1832,,201
1775115032.7481332,write,k3,612.0479106903076,False,1841,1841,,201
1775115032.75152,write,k2,607.172966003418,False,1883,1883,,201
1775115032.7570739,write,k3,609.78102684021,False,1842,1842,,201
1775115032.76644,write,k4,607.2099208831787,False,1821,1821,,201
1775115032.8068411,write,k2,609.7409725189209,False,1884,1884,,201
1775115032.807306,write,k2,608.6299419403076,False,1885,1885,,201
1775115032.8077812,write,k4,614.3479347229004,False,1822,1822,,201
1775115032.809976,write,k3,606.3120365142822,False,1843,1843,,201
1775115032.8280041,write,k5,610.4757785797119,False,1849,1849,,201
1775115032.836755,write,k1,611.6511821746826,False,1833,1833,,201
1775115032.8503082,write,k4,612.720251083374,False,1823,1823,,201
1775115032.850889,write,k1,615.1199340820312,False,1834,1834,,201
1775115032.8522859,write,k4,607.2168350219727,False,1824,1824,,201
1775115032.8528278,write,k5,607.9318523406982,False,1850,1850,,201
1775115032.859283,read,k2,109.60578918457031,False,1891,1885,51.975250244140625,200
1775115032.867233,write,k3,607.2967052459717,False,1844,1844,,201
1775115032.885438,write,k4,611.1700534820557,False,1825,1825,,201
1775115032.932342,write,k3,607.7094078063965,False,1845,1845,,201
1775115032.937239,write,k2,607.8140735626221,False,1886,1886,,201
1775115032.93749,write,k4,610.1489067077637,False,1826,1826,,201
1775115032.949932,write,k4,618.7489032745361,False,1827,1827,,201
1775115032.950273,write,k3,618.189811706543,False,1846,1846,,201
1775115032.951134,write,k1,616.786003112793,False,1835,1835,,201
1775115032.959042,write,k4,607.3877811431885,False,1828,1828,,201
1775115032.960393,read,k2,105.35502433776855,False,1895,1886,23.149967193603516,200
1775115032.9852521,write,k4,614.3040657043457,False,1829,1829,,201
1775115032.985997,read,k1,106.51302337646484,False,1840,1835,34.861087799072266,200
1775115033.0393732,write,k3,609.0850830078125,False,1847,1847,,201
1775115033.051239,write,k4,609.7919940948486,False,1830,1830,,201
1775115033.0547788,write,k3,610.0432872772217,False,1848,1848,,201
1775115033.055136,write,k1,609.3671321868896,False,1836,1836,,201
1775115033.0644171,write,k5,610.8579635620117,False,1851,1851,,201
1775115033.114785,write,k3,609.1570854187012,False,1849,1849,,201
1775115033.158174,write,k3,608.6280345916748,False,1850,1850,,201
1775115033.207762,write,k3,612.0550632476807,False,1851,1851,,201
1775115033.235447,write,k2,609.2917919158936,False,1887,1887,,201
1775115033.245792,write,k4,609.0800762176514,False,1831,1831,,201
1775115033.2602491,write,k3,609.6670627593994,False,1852,1852,,201
1775115033.260849,write,k2,611.3619804382324,False,1888,1888,,201
1775115033.262017,write,k2,609.4028949737549,False,1889,1889,,201
1775115033.2637482,write,k5,606.7156791687012,False,1853,1853,,201
1775115033.264152,write,k1,605.7348251342773,False,1837,1837,,201
1775115033.264538,write,k5,607.842206954956,False,1852,1852,,201
1775115033.264879,write,k5,606.834888458252,False,1854,1854,,201
1775115033.265215,write,k3,609.0631484985352,False,1853,1853,,201
1775115033.276427,write,k4,611.3557815551758,False,1832,1832,,201
1775115033.310348,write,k3,611.9198799133301,False,1854,1854,,201
1775115033.3383832,write,k5,609.9040508270264,False,1855,1855,,201
1775115033.344131,write,k1,608.4790229797363,False,1838,1838,,201
1775115033.344768,write,k2,610.0931167602539,False,1890,1890,,201
1775115033.351016,write,k2,608.4449291229248,False,1891,1891,,201
1775115033.3582568,write,k5,611.4728450775146,False,1856,1856,,201
1775115033.364498,write,k5,607.2289943695068,False,1857,1857,,201
1775115033.3678532,write,k2,608.8697910308838,False,1892,1892,,201
1775115033.375189,write,k3,611.6020679473877,False,1855,1855,,201
1775115033.3852491,read,k4,115.10491371154785,False,1840,1832,108.81996154785156,200
1775115033.3913531,write,k1,614.145040512085,False,1839,1839,,201
1775115033.420476,read,k3,107.17391967773438,False,1860,1855,45.28498649597168,200
1775115033.4342668,write,k2,620.3279495239258,False,1894,1894,,201
1775115033.4347892,write,k2,617.2170639038086,False,1895,1895,,201
1775115033.4351628,write,k5,613.6980056762695,False,1858,1858,,201
1775115033.435497,write,k2,623.7590312957764,False,1893,1893,,201
1775115033.435833,write,k4,606.2579154968262,False,1833,1833,,201
1775115033.445919,write,k5,607.0699691772461,False,1859,1859,,201
1775115033.455015,read,k1,106.90617561340332,False,1846,1839,63.6599063873291,200
1775115033.465934,write,k5,611.2477779388428,False,1860,1860,,201
1775115033.4664671,write,k5,610.9418869018555,False,1861,1861,,201
1775115033.466924,write,k1,613.9688491821289,False,1840,1840,,201
1775115033.468265,write,k5,606.9362163543701,False,1862,1862,,201
1775115033.487092,read,k4,113.15298080444336,False,1840,1833,51.25594139099121,200
1775115033.490644,read,k3,111.9680404663086,False,1861,1855,115.45395851135254,200
1775115033.4949381,read,k4,104.4921875,False,1840,1833,59.10301208496094,200
1775115033.5033321,write,k1,608.9749336242676,False,1841,1841,,201
1775115033.542596,read,k2,105.75532913208008,False,1903,1895,107.09404945373535,200
1775115033.5469902,read,k5,105.73506355285645,False,1869,1862,78.72200012207031,200
1775115033.5491211,write,k4,608.0970764160156,False,1834,1834,,201
1775115033.549479,write,k5,609.6270084381104,False,1863,1863,,201
1775115033.556797,write,k2,609.1818809509277,False,1896,1896,,201
1775115033.5669818,write,k4,610.5890274047852,False,1835,1835,,201
1775115033.570387,write,k1,611.2151145935059,False,1842,1842,,201
1775115033.570938,write,k2,611.5372180938721,False,1897,1897,,201
1775115033.574951,write,k1,610.954999923706,False,1843,1843,,201
1775115033.580029,write,k1,613.6209964752197,False,1844,1844,,201
1775115033.605927,write,k5,608.6270809173584,False,1864,1864,,201
1775115033.606431,write,k2,608.691930770874,False,1898,1898,,201
1775115033.655582,write,k3,610.9678745269775,False,1856,1856,,201
1775115033.671903,write,k3,609.3130111694336,False,1857,1857,,201
1775115033.6724548,write,k4,614.6018505096436,False,1836,1836,,201
1775115033.672866,write,k4,614.4511699676514,False,1837,1837,,201
1775115033.677918,write,k4,610.5642318725586,False,1838,1838,,201
1775115033.678335,read,k5,113.7089729309082,False,1872,1864,72.40486145019531,200
1775115033.722668,read,k5,107.68485069274902,False,1872,1864,116.73784255981445,200
1775115033.737025,write,k1,611.198902130127,False,1845,1845,,201
1775115033.774984,write,k4,610.3479862213135,False,1839,1839,,201
1775115033.823267,write,k2,612.0800971984863,False,1899,1899,,201
1775115033.8528159,write,k5,609.5459461212158,False,1865,1865,,201
1775115033.8630369,write,k4,611.1249923706055,False,1840,1840,,201
1775115033.8789592,write,k3,616.7697906494141,False,1858,1858,,201
1775115033.8797529,write,k5,614.4258975982666,False,1866,1866,,201
1775115033.888171,write,k3,620.5427646636963,False,1859,1859,,201
1775115033.8907259,write,k3,620.1038360595703,False,1860,1860,,201
1775115033.891213,write,k1,623.9569187164307,False,1846,1846,,201
1775115033.8916411,write,k5,622.3442554473877,False,1867,1867,,201
1775115033.892502,write,k5,611.0351085662842,False,1868,1868,,201
1775115033.892829,write,k2,626.0361671447754,False,1900,1900,,201
1775115033.959937,write,k2,612.7066612243652,False,1902,1902,,201
1775115033.960406,write,k5,607.1343421936035,False,1869,1869,,201
1775115033.960726,write,k2,612.0219230651855,False,1901,1901,,201
1775115033.973825,read,k1,107.25617408752441,False,1855,1846,82.60798454284668,200
1775115033.9756951,write,k3,611.0219955444336,False,1861,1861,,201
1775115033.994271,write,k1,618.9067363739014,False,1847,1847,,201
1775115034.0008562,write,k2,607.5999736785889,False,1903,1903,,201
1775115034.006924,read,k5,110.68081855773926,False,1875,1869,46.514034271240234,200
1775115034.03993,write,k3,608.9856624603271,False,1862,1862,,201
1775115034.046218,write,k4,607.2859764099121,False,1841,1841,,201
1775115034.0527282,write,k5,607.5699329376221,False,1870,1870,,201
1775115034.0546508,write,k4,611.1981868743896,False,1842,1842,,201
1775115034.0617652,write,k1,609.2417240142822,False,1848,1848,,201
1775115034.068949,read,k2,104.7971248626709,False,1910,1903,68.09401512145996,200
1775115034.0796459,write,k3,615.0951385498047,False,1863,1863,,201
1775115034.092879,write,k4,616.6739463806152,False,1843,1843,,201
1775115034.093365,write,k1,617.6660060882568,False,1849,1849,,201
1775115034.093787,write,k3,617.1379089355469,False,1864,1864,,201
1775115034.0942988,write,k5,619.4145679473877,False,1871,1871,,201
1775115034.0986052,write,k5,609.3740463256836,False,1872,1872,,201
1775115034.1051881,write,k3,607.5630187988281,False,1865,1865,,201
1775115034.10568,write,k1,608.588695526123,False,1850,1850,,201
1775115034.1148958,write,k2,609.5409393310547,False,1904,1904,,201
1775115034.1577768,read,k5,109.48395729064941,False,1877,1872,59.16905403137207,200
1775115034.160497,write,k3,608.569860458374,False,1866,1866,,201
1775115034.161498,write,k1,613.3787631988525,False,1851,1851,,201
1775115034.161793,write,k4,611.7918491363525,False,1844,1844,,201
1775115034.162055,write,k2,611.3846302032471,False,1905,1905,,201
1775115034.1655931,read,k5,107.66386985778809,False,1877,1872,66.9870376586914,200
1775115034.17994,read,k4,113.39092254638672,False,1849,1844,18.1429386138916,200
1775115034.193794,write,k3,615.4870986938477,False,1869,1869,,201
1775115034.194221,write,k3,617.2299385070801,False,1868,1868,,201
1775115034.194567,write,k3,618.1859970092773,False,1867,1867,,201
1775115034.1949298,write,k1,614.1290664672852,False,1852,1852,,201
1775115034.195242,write,k2,610.6350421905518,False,1906,1906,,201
1775115034.2178051,write,k2,607.9330444335938,False,1907,1907,,201
1775115034.268469,write,k1,609.2019081115723,False,1853,1853,,201
1775115034.286307,write,k4,607.8238487243652,False,1845,1845,,201
1775115034.299822,write,k4,619.6029186248779,False,1846,1846,,201
1775115034.300683,write,k5,615.2338981628418,False,1874,1874,,201
1775115034.3010812,write,k1,617.8200244903564,False,1854,1854,,201
1775115034.301478,write,k5,621.6931343078613,False,1873,1873,,201
1775115034.344914,write,k2,614.2289638519287,False,1908,1908,,201
1775115034.354971,write,k5,615.3771877288818,False,1875,1875,,201
1775115034.398713,write,k4,617.9099082946777,False,1847,1847,,201
1775115034.436251,write,k1,611.2420558929443,False,1855,1855,,201
1775115034.474886,write,k3,613.5759353637695,False,1870,1870,,201
1775115034.4961321,write,k1,614.9749755859375,False,1856,1856,,201
1775115034.498015,write,k2,608.4537506103516,False,1909,1909,,201
1775115034.5207272,write,k1,624.8950958251953,False,1858,1858,,201
1775115034.521324,write,k2,621.2401390075684,False,1910,1910,,201
1775115034.521962,write,k3,628.4079551696777,False,1871,1871,,201
1775115034.522808,write,k1,628.3679008483887,False,1857,1857,,201
1775115034.523915,write,k3,625.6511211395264,False,1872,1872,,201
1775115034.5777578,write,k5,614.3040657043457,False,1876,1876,,201
1775115034.578502,write,k3,609.8642349243164,False,1873,1873,,201
1775115034.588267,write,k3,607.4090003967285,False,1874,1874,,201
1775115034.588724,write,k1,608.6039543151855,False,1859,1859,,201
1775115034.605856,write,k2,609.8818778991699,False,1911,1911,,201
1775115034.615386,write,k5,608.2429885864258,False,1877,1877,,201
1775115034.624553,write,k4,610.3639602661133,False,1848,1848,,201
1775115034.6804538,write,k5,608.590841293335,False,1878,1878,,201
1775115034.680941,write,k3,633.3260536193848,False,1875,1875,,201
1775115034.6812952,write,k4,623.8868236541748,False,1849,1849,,201
1775115034.705003,write,k3,615.2980327606201,False,1876,1876,,201
1775115034.707904,write,k5,611.5391254425049,False,1879,1879,,201
1775115034.708301,write,k2,612.5330924987793,False,1912,1912,,201
1775115034.72368,write,k5,623.6810684204102,False,1880,1880,,201
1775115034.724166,write,k5,623.0208873748779,False,1881,1881,,201
1775115034.724523,write,k5,612.2896671295166,False,1882,1882,,201
1775115034.724884,write,k3,614.159107208252,False,1878,1878,,201
1775115034.725282,write,k3,622.7331161499023,False,1877,1877,,201
1775115034.729805,write,k4,610.253095626831,False,1850,1850,,201
1775115034.778346,write,k3,617.6679134368896,False,1879,1879,,201
1775115034.7815099,write,k3,613.9998435974121,False,1880,1880,,201
1775115034.781791,write,k2,615.5247688293457,False,1913,1913,,201
1775115034.7871501,write,k5,615.2639389038086,False,1883,1883,,201
1775115034.787392,write,k2,616.9979572296143,False,1914,1914,,201
1775115034.787602,write,k3,618.1681156158447,False,1881,1881,,201
1775115034.7940211,write,k5,609.105110168457,False,1884,1884,,201
1775115034.827242,write,k2,606.2381267547607,False,1915,1915,,201
1775115034.827476,write,k5,629.248857498169,False,1886,1886,,201
1775115034.827868,write,k1,630.0780773162842,False,1860,1860,,201
1775115034.828326,write,k5,631.2329769134521,False,1885,1885,,201
1775115034.828777,write,k1,624.7706413269043,False,1861,1861,,201
1775115034.829226,write,k5,625.903844833374,False,1887,1887,,201
1775115034.8860521,write,k1,610.6312274932861,False,1862,1862,,201
1775115034.896084,read,k5,104.86483573913574,False,1897,1887,66.85614585876465,200
1775115034.909835,write,k1,612.666130065918,False,1863,1863,,201
1775115034.9172108,write,k3,610.4302406311035,False,1882,1882,,201
1775115034.917485,write,k4,608.9742183685303,False,1851,1851,,201
1775115034.917682,write,k3,609.8530292510986,False,1883,1883,,201
1775115034.9178681,write,k5,609.6360683441162,False,1888,1888,,201
1775115034.933381,read,k2,104.04491424560547,False,1923,1915,106.13703727722168,200
1775115034.936331,read,k1,102.80299186706543,False,1867,1863,26.498079299926758,200
1775115034.984282,write,k5,613.3100986480713,False,1889,1889,,201
1775115034.9845068,write,k1,634.148120880127,False,1864,1864,,201
1775115035.007709,read,k4,103.53899002075195,False,1860,1851,90.22307395935059,200
1775115035.016426,write,k5,610.0342273712158,False,1890,1890,,201
1775115035.0543418,write,k2,611.1249923706055,False,1916,1916,,201
1775115035.096478,write,k2,610.9769344329834,False,1917,1917,,201
1775115035.1149561,write,k5,609.990119934082,False,1891,1891,,201
1775115035.115505,write,k2,608.9451313018799,False,1918,1918,,201
1775115035.1344278,write,k3,610.3239059448242,False,1884,1884,,201
1775115035.135167,write,k3,609.489917755127,False,1885,1885,,201
1775115035.1357539,write,k3,609.036922454834,False,1886,1886,,201
1775115035.1382122,write,k5,606.7221164703369,False,1892,1892,,201
1775115035.13884,write,k3,608.8922023773193,False,1887,1887,,201
1775115035.195431,write,k5,610.1770401000977,False,1893,1893,,201
1775115035.196154,write,k2,612.5941276550293,False,1919,1919,,201
1775115035.199987,write,k4,607.7020168304443,False,1852,1852,,201
1775115035.2003741,write,k2,610.3448867797852,False,1920,1920,,201
1775115035.215295,write,k2,607.8147888183594,False,1921,1921,,201
1775115035.228632,write,k5,608.2708835601807,False,1894,1894,,201
1775115035.2399008,write,k2,611.3128662109375,False,1922,1922,,201
1775115035.2914078,write,k5,607.5499057769775,False,1895,1895,,201
1775115035.299057,write,k5,607.7330112457275,False,1896,1896,,201
1775115035.299519,write,k4,607.4738502502441,False,1853,1853,,201
1775115035.320648,write,k4,609.9629402160645,False,1854,1854,,201
1775115035.32715,write,k4,610.7051372528076,False,1855,1855,,201
1775115035.327838,write,k3,612.1671199798584,False,1888,1888,,201
1775115035.3485389,write,k3,620.1009750366211,False,1889,1889,,201
1775115035.3509781,write,k1,620.5828189849854,False,1865,1865,,201
1775115035.351538,write,k4,622.5028038024902,False,1857,1857,,201
1775115035.351876,write,k5,619.779109954834,False,1897,1897,,201
1775115035.352169,write,k4,621.1228370666504,False,1856,1856,,201
1775115035.352476,write,k2,621.7901706695557,False,1923,1923,,201
1775115035.394697,write,k4,610.9919548034668,False,1858,1858,,201
1775115035.395076,write,k4,611.0451221466064,False,1859,1859,,201
1775115035.395329,write,k3,615.0467395782471,False,1890,1890,,201
1775115035.395584,write,k1,606.0810089111328,False,1866,1866,,201
1775115035.4075048,write,k1,611.4768981933594,False,1867,1867,,201
1775115035.4077718,read,k2,112.35308647155762,False,1932,1923,55.29618263244629,200
1775115035.407989,write,k5,611.3588809967041,False,1898,1898,,201
1775115035.447177,write,k5,611.9208335876465,False,1899,1899,,201
1775115035.4477508,write,k3,610.375165939331,False,1891,1891,,201
1775115035.4481258,write,k5,612.2632026672363,False,1900,1900,,201
1775115035.4484742,read,k5,113.88373374938965,False,1906,1900,0.347137451171875,200
1775115035.448802,read,k1,120.81694602966309,False,1871,1867,41.296958923339844,200
1775115035.449135,write,k4,615.004301071167,False,1860,1860,,201
1775115035.504013,write,k1,609.0967655181885,False,1868,1868,,201
1775115035.506304,read,k3,105.99613189697266,False,1898,1891,58.54964256286621,200
1775115035.521636,write,k3,609.4350814819336,False,1892,1892,,201
1775115035.5276968,write,k2,607.9528331756592,False,1924,1924,,201
1775115035.528149,write,k2,607.8777313232422,False,1925,1925,,201
1775115035.531487,write,k4,606.4057350158691,False,1861,1861,,201
1775115035.531806,write,k2,608.4029674530029,False,1926,1926,,201
1775115035.542059,write,k3,607.1698665618896,False,1893,1893,,201
1775115035.54939,write,k1,607.9502105712891,False,1869,1869,,201
1775115035.6033542,write,k2,612.5071048736572,False,1927,1927,,201
1775115035.6035998,write,k2,611.534833908081,False,1928,1928,,201
1775115035.626125,write,k5,608.5641384124756,False,1901,1901,,201
1775115035.636849,write,k3,611.2639904022217,False,1894,1894,,201
1775115035.656183,read,k2,125.80227851867676,False,1937,1928,52.575111389160156,200
1775115035.6570299,read,k5,120.34201622009277,False,1917,1901,30.904054641723633,200
1775115035.669081,write,k2,608.8359355926514,False,1929,1929,,201
1775115035.724967,write,k2,616.0168647766113,False,1930,1930,,201
1775115035.728,write,k5,607.8519821166992,False,1902,1902,,201
1775115035.7284212,write,k1,609.8480224609375,False,1870,1870,,201
1775115035.74897,write,k5,608.299970626831,False,1903,1903,,201
1775115035.749312,write,k2,609.1930866241455,False,1931,1931,,201
1775115035.750259,write,k3,609.2538833618164,False,1895,1895,,201
1775115035.7505448,write,k5,608.3621978759766,False,1904,1904,,201
1775115035.752887,write,k3,608.5138320922852,False,1896,1896,,201
1775115035.8275158,write,k1,628.9608478546143,False,1871,1871,,201
1775115035.828179,write,k5,625.058650970459,False,1905,1905,,201
1775115035.8285701,write,k5,619.4858551025391,False,1906,1906,,201
1775115035.828894,write,k3,628.0398368835449,False,1897,1897,,201
1775115035.832463,write,k4,605.7748794555664,False,1862,1862,,201
1775115035.838335,write,k4,606.9529056549072,False,1863,1863,,201
1775115035.861686,read,k1,108.17694664001465,False,1877,1871,34.16895866394043,200
1775115035.8636658,write,k2,611.5138530731201,False,1932,1932,,201
1775115035.914764,write,k2,612.6220226287842,False,1933,1933,,201
1775115035.915636,write,k4,610.0890636444092,False,1864,1864,,201
1775115035.949867,write,k5,614.2940521240234,False,1907,1907,,201
1775115035.965149,write,k2,607.978105545044,False,1935,1935,,201
1775115035.9655502,write,k2,611.3259792327881,False,1934,1934,,201
1775115035.97138,write,k5,616.347074508667,False,1908,1908,,201
1775115035.9718459,write,k5,613.2512092590332,False,1910,1910,,201
1775115035.972791,write,k5,616.1949634552002,False,1909,1909,,201
1775115035.9730802,write,k1,614.8548126220703,False,1872,1872,,201
1775115036.013142,write,k3,614.3651008605957,False,1898,1898,,201
1775115036.0277061,write,k2,612.8110885620117,False,1936,1936,,201
1775115036.028354,write,k5,624.7131824493408,False,1912,1912,,201
1775115036.0287921,write,k5,625.5381107330322,False,1911,1911,,201
1775115036.029122,write,k1,614.630937576294,False,1873,1873,,201
1775115036.0294049,write,k1,613.9187812805176,False,1874,1874,,201
1775115036.063345,write,k2,611.2468242645264,False,1937,1937,,201
1775115036.064322,write,k5,607.731819152832,False,1913,1913,,201
1775115036.064502,write,k4,608.565092086792,False,1865,1865,,201
1775115036.065865,write,k5,608.6199283599854,False,1914,1914,,201
1775115036.068084,write,k1,609.3041896820068,False,1875,1875,,201
1775115036.071717,write,k5,613.7418746948242,False,1915,1915,,201
1775115036.118825,read,k1,137.27879524230957,False,1880,1875,50.7359504699707,200
1775115036.130257,write,k5,618.095874786377,False,1916,1916,,201
1775115036.131039,write,k5,615.7896518707275,False,1917,1917,,201
1775115036.1567008,write,k1,618.7446117401123,False,1876,1876,,201
1775115036.157269,write,k3,626.4350414276123,False,1899,1899,,201
1775115036.1577358,write,k4,617.0370578765869,False,1866,1866,,201
1775115036.1582232,write,k5,608.5591316223145,False,1918,1918,,201
1775115036.1664681,write,k5,607.0611476898193,False,1919,1919,,201
1775115036.221646,write,k1,611.983060836792,False,1877,1877,,201
1775115036.222123,write,k2,611.6428375244141,False,1938,1938,,201
1775115036.2334259,read,k3,107.80978202819824,False,1909,1899,76.1561393737793,200
1775115036.237174,write,k5,607.7938079833984,False,1920,1920,,201
1775115036.264147,write,k5,623.0640411376953,False,1921,1921,,201
1775115036.270092,read,k3,106.02378845214844,False,1910,1899,112.8232479095459,200
1775115036.270238,write,k2,609.9231243133545,False,1939,1939,,201
1775115036.270359,write,k4,607.8827381134033,False,1867,1867,,201
1775115036.290323,write,k3,617.2170639038086,False,1900,1900,,201
1775115036.329539,read,k4,102.25701332092285,False,1876,1867,59.178829193115234,200
1775115036.357088,write,k5,627.8247833251953,False,1922,1922,,201
1775115036.364513,write,k2,612.680196762085,False,1940,1940,,201
1775115036.364639,write,k4,631.1120986938477,False,1868,1868,,201
1775115036.364747,write,k3,610.6357574462891,False,1901,1901,,201
1775115036.3648472,write,k2,606.7378520965576,False,1941,1941,,201
1775115036.364942,write,k4,630.1331520080566,False,1869,1869,,201
1775115036.365695,write,k3,606.4591407775879,False,1902,1902,,201
1775115036.369836,read,k2,103.72209548950195,False,1947,1941,4.987955093383789,200
1775115036.461955,write,k3,613.0359172821045,False,1903,1903,,201
1775115036.4625971,write,k1,625.615119934082,False,1880,1880,,201
1775115036.463138,write,k4,626.8720626831055,False,1870,1870,,201
1775115036.4636679,write,k2,629.3611526489258,False,1942,1942,,201
1775115036.4641438,write,k1,634.242057800293,False,1878,1878,,201
1775115036.464606,write,k1,629.0760040283203,False,1879,1879,,201
1775115036.473809,read,k5,107.208251953125,False,1930,1922,116.71924591064453,200
1775115036.487115,write,k3,614.6082878112793,False,1904,1904,,201
1775115036.487426,write,k2,615.7608032226562,False,1943,1943,,201
1775115036.527146,write,k3,608.9131832122803,False,1905,1905,,201
1775115036.530859,write,k3,608.2189083099365,False,1906,1906,,201
1775115036.566404,write,k4,609.8220348358154,False,1871,1871,,201
1775115036.576341,read,k5,108.0167293548584,False,1931,1922,219.24901008605957,200
1775115036.59423,write,k2,616.7418956756592,False,1944,1944,,201
1775115036.594846,write,k4,622.8578090667725,False,1872,1872,,201
1775115036.596834,write,k3,623.3079433441162,False,1907,1907,,201
1775115036.597288,write,k3,624.1259574890137,False,1908,1908,,201
1775115036.597694,write,k5,620.495080947876,False,1923,1923,,201
1775115036.5980108,read,k4,107.86104202270508,False,1878,1872,3.1630992889404297,200
1775115036.600149,read,k1,107.45406150817871,False,1890,1880,135.5419158935547,200
1775115036.628309,write,k5,608.0951690673828,False,1924,1924,,201
1775115036.643046,write,k2,611.0539436340332,False,1945,1945,,201
1775115036.6435351,write,k5,608.5951328277588,False,1925,1925,,201
1775115036.643935,write,k1,608.5429191589355,False,1881,1881,,201
1775115036.669759,write,k1,632.9729557037354,False,1882,1882,,201
1775115036.670492,write,k1,632.9379081726074,False,1883,1883,,201
1775115036.6758049,write,k3,605.2429676055908,False,1909,1909,,201
1775115036.676269,write,k5,606.1780452728271,False,1926,1926,,201
1775115036.67671,write,k5,605.5309772491455,False,1927,1927,,201
1775115036.6805499,write,k1,606.4591407775879,False,1884,1884,,201
1775115036.68095,write,k2,607.7513694763184,False,1946,1946,,201
1775115036.681716,write,k4,604.1700839996338,False,1873,1873,,201
1775115036.7575538,read,k2,107.93423652648926,False,1957,1946,76.59697532653809,200
1775115036.7643578,write,k4,631.5300464630127,False,1874,1874,,201
1775115036.765163,write,k4,627.1460056304932,False,1875,1875,,201
1775115036.774315,write,k5,609.0211868286133,False,1928,1928,,201
1775115036.774841,write,k3,612.4041080474854,False,1910,1910,,201
1775115036.775224,write,k4,610.7809543609619,False,1876,1876,,201
1775115036.775581,write,k3,604.1269302368164,False,1911,1911,,201
1775115036.7931619,read,k4,109.4660758972168,False,1879,1876,17.932891845703125,200
1775115036.7938318,read,k3,105.4229736328125,False,1920,1911,18.24808120727539,200
1775115036.838329,write,k3,611.473798751831,False,1912,1912,,201
1775115036.850997,write,k2,608.4537506103516,False,1947,1947,,201
1775115036.8515,write,k1,609.3661785125732,False,1885,1885,,201
1775115036.888237,write,k3,609.2967987060547,False,1913,1913,,201
1775115036.8888252,write,k1,609.7652912139893,False,1886,1886,,201
1775115036.889345,write,k5,610.7592582702637,False,1929,1929,,201
1775115036.898057,write,k2,605.7960987091064,False,1948,1948,,201
1775115036.9047732,read,k5,107.48910903930664,False,1934,1929,15.429019927978516,200
1775115036.9060428,read,k4,104.42972183227539,False,1882,1876,130.81598281860352,200
1775115036.9408,write,k5,607.1062088012695,False,1930,1930,,201
1775115036.960257,read,k3,106.15777969360352,False,1922,1913,72.01838493347168,200
1775115036.97519,write,k1,606.9490909576416,False,1887,1887,,201
1775115036.97587,write,k2,611.8209362030029,False,1949,1949,,201
1775115036.9764721,write,k2,606.1620712280273,False,1950,1950,,201
1775115036.9768581,write,k4,610.1009845733643,False,1877,1877,,201
1775115036.977194,write,k1,607.1727275848389,False,1888,1888,,201
1775115036.978268,write,k3,605.571985244751,False,1914,1914,,201
1775115036.978585,write,k5,606.0378551483154,False,1931,1931,,201
1775115037.00295,read,k4,107.35607147216797,False,1882,1877,26.08799934387207,200
1775115037.075796,write,k1,606.3628196716309,False,1889,1889,,201
1775115037.077607,write,k4,608.6809635162354,False,1878,1878,,201
1775115037.0780249,write,k5,608.849048614502,False,1932,1932,,201
1775115037.0825322,write,k2,609.6587181091309,False,1951,1951,,201
1775115037.0829818,write,k3,610.9349727630615,False,1915,1915,,201
1775115037.092909,write,k1,608.0658435821533,False,1890,1890,,201
1775115037.143747,write,k1,610.1541519165039,False,1891,1891,,201
1775115037.149871,write,k3,610.8758449554443,False,1916,1916,,201
1775115037.185344,write,k2,610.5573177337646,False,1952,1952,,201
1775115037.19951,write,k2,611.4859580993652,False,1953,1953,,201
1775115037.206282,write,k3,608.180046081543,False,1917,1917,,201
1775115037.207993,write,k3,609.3370914459229,False,1918,1918,,201
1775115037.210217,write,k1,605.8440208435059,False,1892,1892,,201
1775115037.210382,write,k2,609.5883846282959,False,1954,1954,,201
1775115037.213521,write,k2,611.8390560150146,False,1956,1956,,201
1775115037.213662,write,k2,612.3440265655518,False,1955,1955,,201
1775115037.21729,write,k4,608.1421375274658,False,1879,1879,,201
1775115037.248265,write,k2,607.6450347900391,False,1957,1957,,201
1775115037.2551968,write,k1,608.3049774169922,False,1894,1894,,201
1775115037.255297,write,k1,608.9119911193848,False,1893,1893,,201
1775115037.282288,write,k1,607.6858043670654,False,1895,1895,,201
1775115037.286174,write,k2,604.3651103973389,False,1958,1958,,201
1775115037.286262,write,k3,607.4869632720947,False,1919,1919,,201
1775115037.28995,write,k1,605.8940887451172,False,1896,1896,,201
1775115037.294441,write,k5,608.2899570465088,False,1933,1933,,201
1775115037.296352,write,k3,608.3199977874756,False,1920,1920,,201
1775115037.372214,write,k5,611.7949485778809,False,1934,1934,,201
1775115037.375886,write,k4,608.5100173950195,False,1880,1880,,201
1775115037.379288,write,k2,611.2890243530273,False,1959,1959,,201
1775115037.390651,write,k4,613.9931678771973,False,1881,1881,,201
1775115037.390759,write,k3,613.4870052337646,False,1921,1921,,201
1775115037.3908548,write,k3,611.0620498657227,False,1922,1922,,201
1775115037.390943,write,k4,608.6502075195312,False,1882,1882,,201
1775115037.4568949,write,k1,610.1648807525635,False,1897,1897,,201
1775115037.463639,write,k2,608.5262298583984,False,1960,1960,,201
1775115037.490495,read,k5,106.94313049316406,False,1945,1934,118.27993392944336,200
1775115037.5052512,write,k2,608.7851524353027,False,1961,1961,,201
1775115037.505412,write,k5,606.8947315216064,False,1935,1935,,201
1775115037.511817,write,k2,605.6623458862305,False,1962,1962,,201
1775115037.518504,write,k2,606.0361862182617,False,1963,1963,,201
1775115037.524304,write,k2,608.8759899139404,False,1964,1964,,201
1775115037.55021,write,k5,607.2759628295898,False,1936,1936,,201
1775115037.575861,write,k5,610.1500988006592,False,1937,1937,,201
1775115037.592608,write,k3,610.4738712310791,False,1923,1923,,201
1775115037.593382,write,k5,610.3591918945312,False,1939,1939,,201
1775115037.593993,write,k5,614.8641109466553,False,1938,1938,,201
1775115037.597196,write,k3,612.9310131072998,False,1924,1924,,201
1775115037.59758,write,k1,612.3678684234619,False,1899,1899,,201
1775115037.5979352,write,k1,614.1109466552734,False,1898,1898,,201
1775115037.598316,write,k4,612.0500564575195,False,1883,1883,,201
1775115037.622777,write,k4,608.618974685669,False,1884,1884,,201
1775115037.702683,write,k1,611.0389232635498,False,1900,1900,,201
1775115037.703331,write,k2,618.0200576782227,False,1966,1966,,201
1775115037.70368,write,k4,623.4121322631836,False,1885,1885,,201
1775115037.703983,write,k1,610.4691028594971,False,1901,1901,,201
1775115037.704345,write,k2,624.741792678833,False,1965,1965,,201
1775115037.704704,write,k5,607.166051864624,False,1940,1940,,201
1775115037.706176,read,k1,112.06412315368652,False,1906,1901,2.190828323364258,200
1775115037.715749,read,k1,109.39812660217285,False,1908,1901,11.761903762817383,200
1775115037.761507,write,k4,611.0272407531738,False,1886,1886,,201
1775115037.772865,write,k5,612.0827198028564,False,1941,1941,,201
1775115037.799754,write,k3,609.144926071167,False,1925,1925,,201
1775115037.8142452,write,k4,608.6740493774414,False,1887,1887,,201
1775115037.821611,write,k4,609.0579032897949,False,1888,1888,,201
1775115037.822158,write,k5,611.7229461669922,False,1942,1942,,201
1775115037.822718,write,k3,606.7171096801758,False,1926,1926,,201
1775115037.8232388,write,k3,605.7090759277344,False,1927,1927,,201
1775115037.823735,write,k4,607.9721450805664,False,1889,1889,,201
1775115037.8299992,write,k5,607.029914855957,False,1943,1943,,201
1775115037.8304589,write,k4,607.6700687408447,False,1890,1890,,201
1775115037.866343,write,k5,614.4208908081055,False,1944,1944,,201
1775115037.871368,write,k3,611.5179061889648,False,1928,1928,,201
1775115037.872203,write,k5,613.2299900054932,False,1945,1945,,201
1775115037.903769,write,k2,613.1632328033447,False,1967,1967,,201
1775115037.904139,write,k4,610.5189323425293,False,1891,1891,,201
1775115037.9043682,write,k3,609.6060276031494,False,1929,1929,,201
1775115037.904584,write,k1,608.983039855957,False,1902,1902,,201
1775115037.904808,write,k1,606.7359447479248,False,1903,1903,,201
1775115037.9118552,write,k3,611.6340160369873,False,1930,1930,,201
1775115037.925653,read,k2,123.74305725097656,False,1970,1967,21.88587188720703,200
1775115037.992817,write,k1,609.3907356262207,False,1904,1904,,201
1775115037.9932642,write,k3,614.3460273742676,False,1931,1931,,201
1775115038.0074172,write,k3,611.6540431976318,False,1932,1932,,201
1775115038.0080042,write,k5,607.5830459594727,False,1946,1946,,201
1775115038.0084212,write,k4,614.5250797271729,False,1892,1892,,201
1775115038.0097659,write,k1,609.4517707824707,False,1905,1905,,201
1775115038.031348,read,k1,122.25484848022461,False,1915,1905,21.57902717590332,200
1775115038.072993,write,k4,609.8978519439697,False,1893,1893,,201
1775115038.073417,write,k3,605.5278778076172,False,1933,1933,,201
1775115038.108364,write,k5,611.6330623626709,False,1947,1947,,201
1775115038.125192,write,k5,615.9038543701172,False,1948,1948,,201
1775115038.1255732,write,k4,617.2409057617188,False,1894,1894,,201
1775115038.127436,write,k2,609.4198226928711,False,1968,1968,,201
1775115038.134047,write,k4,605.9110164642334,False,1895,1895,,201
1775115038.1344361,write,k3,608.7958812713623,False,1934,1934,,201
1775115038.174575,write,k1,620.5580234527588,False,1906,1906,,201
1775115038.191165,write,k4,610.1338863372803,False,1896,1896,,201
1775115038.216514,write,k3,615.4041290283203,False,1935,1935,,201
1775115038.217275,write,k1,615.6060695648193,False,1907,1907,,201
1775115038.217916,write,k4,614.3288612365723,False,1897,1897,,201
1775115038.218495,write,k3,613.7480735778809,False,1936,1936,,201
1775115038.2189162,write,k1,614.7449016571045,False,1908,1908,,201
1775115038.2450318,write,k3,610.1980209350586,False,1937,1937,,201
1775115038.3026571,read,k1,107.63311386108398,False,1923,1908,83.73498916625977,200
1775115038.315916,write,k1,607.6560020446777,False,1910,1910,,201
1775115038.316436,write,k2,611.2997531890869,False,1969,1969,,201
1775115038.316822,write,k1,609.5023155212402,False,1909,1909,,201
1775115038.3171608,write,k3,608.5422039031982,False,1938,1938,,201
1775115038.3213818,write,k1,611.2930774688721,False,1911,1911,,201
1775115038.3260632,write,k1,613.6789321899414,False,1912,1912,,201
1775115038.326489,write,k1,613.2960319519043,False,1913,1913,,201
1775115038.331537,write,k2,610.9752655029297,False,1970,1970,,201
1775115038.3386502,read,k3,110.00871658325195,False,1945,1938,21.486997604370117,200
1775115038.374995,write,k5,609.4462871551514,False,1949,1949,,201
1775115038.385748,write,k1,609.9109649658203,False,1914,1914,,201
1775115038.431679,write,k5,613.872766494751,False,1950,1950,,201
1775115038.433345,read,k2,105.94487190246582,False,1974,1970,101.8059253692627,200
1775115038.43799,write,k4,610.382080078125,False,1898,1898,,201
1775115038.438221,read,k5,104.50220108032227,False,1960,1950,6.543159484863281,200
1775115038.44084,write,k4,609.9979877471924,False,1899,1899,,201
1775115038.4411368,write,k3,608.2439422607422,False,1940,1940,,201
1775115038.441597,write,k5,609.4450950622559,False,1951,1951,,201
1775115038.4424891,write,k4,607.011079788208,False,1900,1900,,201
1775115038.442681,write,k4,606.8131923675537,False,1901,1901,,201
1775115038.442862,write,k3,611.0849380493164,False,1939,1939,,201
1775115038.489244,write,k5,612.1101379394531,False,1952,1952,,201
1775115038.489541,write,k5,610.3081703186035,False,1953,1953,,201
1775115038.4898849,write,k4,611.8171215057373,False,1902,1902,,201
1775115038.5356731,write,k4,613.8157844543457,False,1903,1903,,201
1775115038.53596,write,k1,627.7899742126465,False,1915,1915,,201
1775115038.5361888,write,k5,623.7318515777588,False,1954,1954,,201
1775115038.5363789,write,k1,624.3739128112793,False,1916,1916,,201
1775115038.5365708,write,k5,614.454984664917,False,1955,1955,,201
1775115038.5401,write,k5,609.4307899475098,False,1956,1956,,201
1775115038.6032178,read,k1,106.62984848022461,False,1929,1916,66.8337345123291,200
1775115038.603884,read,k4,106.53090476989746,False,1909,1903,68.20797920227051,200
1775115038.608282,write,k3,609.9538803100586,False,1941,1941,,201
1775115038.6089,write,k2,609.9419593811035,False,1971,1971,,201
1775115038.6182258,write,k5,608.0050468444824,False,1957,1957,,201
1775115038.623561,write,k1,607.990026473999,False,1917,1917,,201
1775115038.623946,write,k1,609.2121601104736,False,1918,1918,,201
1775115038.6280892,write,k3,609.3411445617676,False,1942,1942,,201
1775115038.6470232,write,k2,606.6029071807861,False,1972,1972,,201
1775115038.693148,write,k1,610.5279922485352,False,1919,1919,,201
1775115038.6938932,write,k2,617.7158355712891,False,1973,1973,,201
1775115038.7305448,write,k2,612.3571395874023,False,1974,1974,,201
1775115038.7412028,write,k1,609.6937656402588,False,1920,1920,,201
1775115038.741787,write,k1,608.8790893554688,False,1922,1922,,201
1775115038.7422101,write,k1,610.0881099700928,False,1921,1921,,201
1775115038.750088,write,k3,609.5569133758545,False,1943,1943,,201
1775115038.751223,write,k1,608.130931854248,False,1923,1923,,201
1775115038.796959,write,k4,618.7000274658203,False,1904,1904,,201
1775115038.831137,write,k5,610.5048656463623,False,1958,1958,,201
1775115038.8316338,write,k3,609.9820137023926,False,1944,1944,,201
1775115038.839982,write,k5,611.8278503417969,False,1959,1959,,201
1775115038.840344,write,k3,615.8447265625,False,1945,1945,,201
1775115038.857086,write,k3,608.903169631958,False,1946,1946,,201
1775115038.923415,write,k3,610.8360290527344,False,1947,1947,,201
1775115038.930769,write,k4,608.2322597503662,False,1905,1905,,201
1775115038.935966,write,k5,608.9248657226562,False,1960,1960,,201
1775115038.936613,write,k3,610.0211143493652,False,1948,1948,,201
1775115038.940628,write,k2,610.0730895996094,False,1975,1975,,201
1775115038.943918,write,k4,607.7520847320557,False,1906,1906,,201
1775115038.9457438,write,k2,605.9410572052002,False,1976,1976,,201
1775115038.95544,write,k1,608.9558601379395,False,1924,1924,,201
1775115039.004849,write,k5,613.5749816894531,False,1961,1961,,201
1775115039.005194,write,k1,622.7378845214844,False,1925,1925,,201
1775115039.041255,write,k1,607.7589988708496,False,1926,1926,,201
1775115039.051775,write,k1,611.4401817321777,False,1927,1927,,201
1775115039.052366,write,k5,612.6828193664551,False,1962,1962,,201
1775115039.0674691,write,k1,620.46217918396,False,1928,1928,,201
1775115039.068015,write,k2,618.3507442474365,False,1978,1978,,201
1775115039.0682838,write,k2,619.7633743286133,False,1977,1977,,201
1775115039.0685172,write,k3,617.0930862426758,False,1949,1949,,201
1775115039.068746,write,k4,623.5449314117432,False,1907,1907,,201
1775115039.068955,write,k4,621.3419437408447,False,1908,1908,,201
1775115039.069155,write,k1,620.3551292419434,False,1929,1929,,201
1775115039.104887,write,k4,611.548900604248,False,1909,1909,,201
1775115039.1191082,read,k1,109.64512825012207,False,1935,1929,49.948930740356445,200
1775115039.148128,write,k3,607.4128150939941,False,1950,1950,,201
1775115039.148524,write,k1,608.3347797393799,False,1930,1930,,201
1775115039.148824,write,k5,609.5199584960938,False,1963,1963,,201
1775115039.151947,write,k1,607.5499057769775,False,1931,1931,,201
1775115039.152282,write,k4,606.5430641174316,False,1910,1910,,201
1775115039.158658,write,k4,607.8846454620361,False,1911,1911,,201
1775115039.2179909,read,k4,107.5127124786377,False,1919,1911,59.32807922363281,200
1775115039.227714,write,k1,615.1769161224365,False,1932,1932,,201
1775115039.2283158,write,k1,614.8920059204102,False,1933,1933,,201
1775115039.22881,write,k2,612.6368045806885,False,1979,1979,,201
1775115039.229252,write,k4,615.2260303497314,False,1912,1912,,201
1775115039.234408,write,k2,609.8260879516602,False,1980,1980,,201
1775115039.237492,write,k4,607.2812080383301,False,1913,1913,,201
1775115039.2397141,write,k3,608.687162399292,False,1951,1951,,201
1775115039.24524,write,k2,611.0050678253174,False,1981,1981,,201
1775115039.259845,read,k5,110.29195785522461,False,1972,1963,111.01388931274414,200
1775115039.267779,write,k2,618.272066116333,False,1982,1982,,201
1775115039.307682,write,k4,610.4249954223633,False,1914,1914,,201
1775115039.308327,write,k1,608.4699630737305,False,1934,1934,,201
1775115039.350482,write,k4,611.929178237915,False,1915,1915,,201
1775115039.366551,write,k3,615.1890754699707,False,1952,1952,,201
1775115039.36698,write,k5,616.6911125183105,False,1965,1965,,201
1775115039.370152,write,k5,622.3773956298828,False,1964,1964,,201
1775115039.370576,write,k3,613.5139465332031,False,1953,1953,,201
1775115039.3709362,write,k3,613.0409240722656,False,1954,1954,,201
1775115039.4134028,write,k1,611.975908279419,False,1935,1935,,201
1775115039.448601,write,k3,609.4658374786377,False,1956,1956,,201
1775115039.448817,write,k3,610.3928089141846,False,1955,1955,,201
1775115039.4511979,write,k2,607.9719066619873,False,1983,1983,,201
1775115039.45826,write,k5,612.0259761810303,False,1966,1966,,201
1775115039.474741,write,k5,609.5280647277832,False,1967,1967,,201
1775115039.534673,write,k5,608.4840297698975,False,1968,1968,,201
1775115039.5540092,write,k4,615.581750869751,False,1916,1916,,201
1775115039.55461,write,k4,616.8601512908936,False,1916,1916,,201
1775115039.5550458,write,k3,614.2909526824951,False,1957,1957,,201
1775115039.556675,write,k3,610.8222007751465,False,1958,1958,,201
1775115039.5649862,read,k3,106.65011405944824,False,1965,1958,8.307933807373047,200
1775115039.56641,read,k1,105.30614852905273,False,1942,1935,153.00559997558594,200
1775115039.5682838,write,k4,620.4080581665039,False,1917,1917,,201
1775115039.5706072,write,k2,620.2759742736816,False,1984,1984,,201
1775115039.570946,write,k5,606.4729690551758,False,1969,1969,,201
1775115039.623717,write,k1,610.0659370422363,False,1936,1936,,201
1775115039.6714492,write,k4,618.8380718231201,False,1918,1918,,201
1775115039.672129,read,k3,111.84406280517578,False,1965,1958,115.45085906982422,200
1775115039.6736472,write,k4,614.72487449646,False,1919,1919,,201
1775115039.674119,write,k2,619.042158126831,False,1985,1985,,201
1775115039.678452,write,k5,605.8378219604492,False,1970,1970,,201
1775115039.6788821,write,k3,605.7617664337158,False,1959,1959,,201
1775115039.681472,write,k5,605.816125869751,False,1971,1971,,201
1775115039.692765,write,k5,615.4189109802246,False,1972,1972,,201
1775115039.693172,write,k1,616.43385887146,False,1937,1937,,201
1775115039.693696,write,k2,615.3299808502197,False,1986,1986,,201
1775115039.694187,write,k3,615.246057510376,False,1960,1960,,201
1775115039.733595,write,k2,611.0689640045166,False,1987,1987,,201
1775115039.762555,write,k4,608.4589958190918,False,1920,1920,,201
1775115039.763243,write,k3,608.6530685424805,False,1961,1961,,201
1775115039.764689,write,k5,608.288049697876,False,1973,1973,,201
1775115039.765107,write,k4,609.1301441192627,False,1921,1921,,201
1775115039.774868,write,k4,611.0811233520508,False,1922,1922,,201
1775115039.7808058,read,k5,106.5516471862793,False,1978,1973,16.11495018005371,200
1775115039.789901,read,k3,107.79500007629395,False,1970,1961,26.6571044921875,200
1775115039.790312,read,k4,109.375,False,1929,1922,15.447139739990234,200
1775115039.804585,read,k5,109.29107666015625,False,1979,1973,39.895057678222656,200
1775115039.839215,write,k5,609.7748279571533,False,1974,1974,,201
1775115039.8433259,write,k1,611.5090847015381,False,1938,1938,,201
1775115039.84384,write,k1,609.307050704956,False,1939,1939,,201
1775115039.844227,write,k4,609.2579364776611,False,1923,1923,,201
1775115039.844577,write,k2,613.8429641723633,False,1988,1988,,201
1775115039.845493,read,k3,106.03785514831543,False,1970,1961,82.24987983703613,200
1775115039.861675,write,k5,611.1631393432617,False,1976,1976,,201
1775115039.862263,write,k5,616.4288520812988,False,1975,1975,,201
1775115039.862707,write,k4,618.7019348144531,False,1924,1924,,201
1775115039.863072,write,k2,616.7619228363037,False,1989,1989,,201
1775115039.8684359,write,k4,605.2720546722412,False,1925,1925,,201
1775115039.873006,read,k3,104.52413558959961,False,1971,1961,109.76314544677734,200
1775115039.882116,write,k3,606.4858436584473,False,1962,1962,,201
1775115039.922271,write,k1,611.706018447876,False,1940,1940,,201
1775115039.926377,write,k3,611.1900806427002,False,1963,1963,,201
1775115039.972487,write,k3,611.8109226226807,False,1964,1964,,201
1775115039.982257,write,k1,610.7010841369629,False,1941,1941,,201
1775115039.9827719,write,k5,610.6791496276855,False,1977,1977,,201
1775115039.9831522,write,k1,609.5318794250488,False,1942,1942,,201
1775115040.018213,write,k3,642.0259475708008,False,1965,1965,,201
1775115040.01888,write,k4,610.0380420684814,False,1926,1926,,201
1775115040.022767,write,k2,606.7919731140137,False,1990,1990,,201
1775115040.0687518,write,k2,612.9939556121826,False,1991,1991,,201
1775115040.078439,write,k4,609.468936920166,False,1927,1927,,201
1775115040.101366,write,k2,614.4418716430664,False,1992,1992,,201
1775115040.151756,write,k5,610.0318431854248,False,1978,1978,,201
1775115040.16539,write,k1,608.5669994354248,False,1943,1943,,201
1775115040.171909,write,k1,611.1009120941162,False,1944,1944,,201
1775115040.172301,write,k3,610.3019714355469,False,1966,1966,,201
1775115040.183103,write,k3,608.0517768859863,False,1967,1967,,201
1775115040.185232,write,k4,607.9320907592773,False,1929,1929,,201
1775115040.185646,write,k4,609.670877456665,False,1928,1928,,201
1775115040.186063,write,k3,610.3878021240234,False,1968,1968,,201
1775115040.187357,write,k2,609.1949939727783,False,1993,1993,,201
1775115040.216355,read,k5,106.75382614135742,False,1986,1978,64.59903717041016,200
1775115040.2332811,write,k3,607.9041957855225,False,1969,1969,,201
1775115040.286636,read,k4,108.50191116333008,False,1934,1929,100.98767280578613,200
1775115040.307245,write,k5,625.6880760192871,False,1979,1979,,201
1775115040.307439,write,k3,627.5558471679688,False,1970,1970,,201
1775115040.308374,write,k4,607.9061031341553,False,1931,1931,,201
1775115040.308534,write,k1,617.5551414489746,False,1945,1945,,201
1775115040.3086631,write,k2,621.4871406555176,False,1994,1994,,201
1775115040.308791,write,k4,614.1741275787354,False,1930,1930,,201
1775115040.3089101,write,k1,612.6620769500732,False,1946,1946,,201
1775115040.3787332,write,k3,613.4679317474365,False,1971,1971,,201
1775115040.385309,write,k5,612.5020980834961,False,1980,1980,,201
1775115040.385749,write,k3,609.201192855835,False,1972,1972,,201
1775115040.386079,write,k4,615.1077747344971,False,1932,1932,,201
1775115040.400644,write,k5,615.0460243225098,False,1981,1981,,201
1775115040.405924,write,k3,608.569860458374,False,1973,1973,,201
1775115040.409827,write,k2,609.2381477355957,False,1995,1995,,201
1775115040.414978,write,k2,607.9819202423096,False,1996,1996,,201
1775115040.457192,write,k1,616.448163986206,False,1947,1947,,201
1775115040.4705348,write,k1,622.1837997436523,False,1948,1948,,201
1775115040.471082,write,k3,625.2217292785645,False,1974,1974,,201
1775115040.4715,write,k3,619.7669506072998,False,1976,1976,,201
1775115040.47187,write,k1,620.9759712219238,False,1949,1949,,201
1775115040.472239,write,k3,624.4370937347412,False,1975,1975,,201
1775115040.4761221,write,k4,609.2448234558105,False,1933,1933,,201
1775115040.476995,write,k4,607.7361106872559,False,1934,1934,,201
1775115040.479268,write,k3,609.4870567321777,False,1977,1977,,201
1775115040.4796422,write,k1,609.1179847717285,False,1950,1950,,201
1775115040.489345,write,k5,610.9309196472168,False,1982,1982,,201
1775115040.4898329,write,k2,610.9340190887451,False,1997,1997,,201
1775115040.5093608,write,k2,617.4881458282471,False,1998,1998,,201
1775115040.51861,read,k3,110.97884178161621,False,1987,1977,39.338111877441406,200
1775115040.539298,write,k3,607.6922416687012,False,1978,1978,,201
1775115040.548984,write,k5,614.6600246429443,False,1983,1983,,201
1775115040.5884311,write,k2,613.3589744567871,False,1999,1999,,201
1775115040.610741,write,k5,626.2898445129395,False,1984,1984,,201
1775115040.6113012,write,k2,626.2087821960449,False,2000,2000,,201
1775115040.611691,write,k5,622.9989528656006,False,1985,1985,,201
1775115040.631161,write,k1,609.5380783081055,False,1951,1951,,201
1775115040.640349,write,k2,611.3629341125488,False,2001,2001,,201
1775115040.640903,write,k5,612.4770641326904,False,1986,1986,,201
1775115040.654896,read,k3,108.54983329772949,False,1992,1978,115.59820175170898,200
1775115040.6622632,read,k1,107.78999328613281,False,1960,1951,31.100034713745117,200
1775115040.690965,write,k3,612.2727394104004,False,1979,1979,,201
1775115040.697186,write,k3,609.9081039428711,False,1980,1980,,201
1775115040.753313,read,k5,107.71703720092773,False,1998,1986,112.40673065185547,200
1775115040.775261,write,k1,613.8629913330078,False,1952,1952,,201
1775115040.779059,write,k5,609.0428829193115,False,1987,1987,,201
1775115040.7826371,write,k2,606.8599224090576,False,2002,2002,,201
1775115040.812247,write,k5,615.1289939880371,False,1989,1989,,201
1775115040.812955,write,k5,624.2258548736572,False,1988,1988,,201
1775115040.813581,write,k3,616.7600154876709,False,1982,1982,,201
1775115040.8141272,write,k5,616.793155670166,False,1990,1990,,201
1775115040.814659,write,k3,618.2668209075928,False,1981,1981,,201
1775115040.825068,write,k1,604.4201850891113,False,1953,1953,,201
1775115040.855106,write,k3,615.4098510742188,False,1983,1983,,201
1775115040.915102,write,k1,623.9559650421143,False,1954,1954,,201
1775115040.9171798,write,k2,607.6350212097168,False,2003,2003,,201
1775115040.917881,write,k4,607.703685760498,False,1935,1935,,201
1775115040.920015,write,k1,607.5739860534668,False,1955,1955,,201
1775115040.921107,write,k3,606.4870357513428,False,1984,1984,,201
1775115040.924268,write,k1,606.4357757568359,False,1956,1956,,201
1775115040.924775,read,k1,108.53219032287598,False,1962,1956,0.5061626434326172,200
1775115040.925169,write,k5,607.7258586883545,False,1991,1991,,201
1775115040.925526,write,k4,607.8517436981201,False,1936,1936,,201
1775115040.994118,write,k3,610.1639270782471,False,1985,1985,,201
1775115041.003975,write,k5,610.3579998016357,False,1992,1992,,201
1775115041.006141,write,k3,611.5987300872803,False,1986,1986,,201
1775115041.0068061,write,k3,610.5122566223145,False,1987,1987,,201
1775115041.02586,write,k3,610.7308864593506,False,1988,1988,,201
1775115041.0263638,write,k2,607.062816619873,False,2004,2004,,201
1775115041.026756,write,k1,610.1298332214355,False,1957,1957,,201
1775115041.071029,write,k3,607.5658798217773,False,1989,1989,,201
1775115041.085187,write,k4,610.4860305786133,False,1937,1937,,201
1775115041.085889,write,k5,608.6280345916748,False,1993,1993,,201
1775115041.089493,write,k5,607.5398921966553,False,1994,1994,,201
1775115041.0901198,write,k3,611.6528511047363,False,1990,1990,,201
1775115041.0907068,write,k2,609.5669269561768,False,2006,2006,,201
1775115041.091916,write,k1,610.3453636169434,False,1959,1959,,201
1775115041.092257,write,k1,614.5048141479492,False,1958,1958,,201
1775115041.092596,write,k2,612.5860214233398,False,2005,2005,,201
1775115041.0955079,write,k5,609.0049743652344,False,1995,1995,,201
1775115041.108744,write,k1,610.8758449554443,False,1960,1960,,201
1775115041.109173,write,k5,610.3801727294922,False,1996,1996,,201
1775115041.116544,read,k4,107.09404945373535,False,1944,1937,31.360149383544922,200
1775115041.125375,write,k3,608.3452701568604,False,1991,1991,,201
1775115041.136961,write,k3,610.0828647613525,False,1992,1992,,201
1775115041.2096782,write,k4,611.3741397857666,False,1938,1938,,201
1775115041.2221498,write,k5,609.4610691070557,False,1997,1997,,201
1775115041.222801,write,k3,605.4959297180176,False,1993,1993,,201
1775115041.2271209,write,k5,607.0950031280518,False,1998,1998,,201
1775115041.2508612,write,k1,609.7981929779053,False,1961,1961,,201
1775115041.260438,write,k5,609.8942756652832,False,1999,1999,,201
1775115041.271056,write,k1,608.6430549621582,False,1962,1962,,201
1775115041.278563,write,k4,608.5419654846191,False,1939,1939,,201
1775115041.304381,write,k2,607.0108413696289,False,2007,2007,,201
1775115041.309494,write,k4,606.8201065063477,False,1940,1940,,201
1775115041.375419,write,k5,614.6388053894043,False,2000,2000,,201
1775115041.3946419,write,k3,606.2781810760498,False,1996,1996,,201
1775115041.394924,write,k3,607.9859733581543,False,1995,1995,,201
1775115041.395146,write,k3,610.8701229095459,False,1994,1994,,201
1775115041.4257128,write,k1,607.3329448699951,False,1963,1963,,201
1775115041.426054,write,k3,608.8502407073975,False,1997,1997,,201
1775115041.4270642,write,k1,606.7929267883301,False,1964,1964,,201
1775115041.4290938,write,k5,606.7049503326416,False,2001,2001,,201
1775115041.440693,write,k4,608.0889701843262,False,1941,1941,,201
1775115041.475661,write,k4,608.7210178375244,False,1942,1942,,201
1775115041.5179489,read,k5,120.08500099182129,False,2007,2001,88.8528823852539,200
1775115041.533271,write,k5,614.6330833435059,False,2002,2002,,201
1775115041.5343418,write,k5,614.1500473022461,False,2003,2003,,201
1775115041.535033,write,k2,607.8448295593262,False,2008,2008,,201
1775115041.5398872,write,k5,610.1059913635254,False,2004,2004,,201
1775115041.547775,write,k2,616.9619560241699,False,2009,2009,,201
1775115041.548288,write,k4,613.2152080535889,False,1943,1943,,201
1775115041.5486999,write,k1,613.2700443267822,False,1967,1967,,201
1775115041.5490508,write,k1,612.8361225128174,False,1966,1966,,201
1775115041.5494132,write,k1,619.2629337310791,False,1965,1965,,201
1775115041.615324,write,k4,612.9248142242432,False,1944,1944,,201
1775115041.620974,write,k1,608.7229251861572,False,1968,1968,,201
1775115041.621831,write,k2,606.9130897521973,False,2010,2010,,201
1775115041.635419,write,k1,606.5750122070312,False,1969,1969,,201
1775115041.635915,write,k3,608.4480285644531,False,1998,1998,,201
1775115041.636299,write,k3,606.5740585327148,False,1999,1999,,201
1775115041.6558359,read,k3,114.7608757019043,False,2007,1999,19.53291893005371,200
1775115041.693116,write,k5,616.0709857940674,False,2005,2005,,201
1775115041.7196548,write,k2,625.8301734924316,False,2011,2011,,201
1775115041.7201788,write,k4,622.9550838470459,False,1947,1947,,201
1775115041.720587,write,k5,627.5529861450195,False,2007,2007,,201
1775115041.720885,write,k2,616.3878440856934,False,2013,2013,,201
1775115041.721162,write,k3,624.3269443511963,False,2000,2000,,201
1775115041.721431,write,k4,630.5952072143555,False,1945,1945,,201
1775115041.7217212,write,k5,629.0500164031982,False,2006,2006,,201
1775115041.7219892,write,k4,625.5588531494141,False,1946,1946,,201
1775115041.7224069,write,k2,628.281831741333,False,2012,2012,,201
1775115041.722789,write,k3,607.0771217346191,False,2001,2001,,201
1775115041.7266402,write,k3,609.0688705444336,False,2002,2002,,201
1775115041.727081,write,k4,606.5590381622314,False,1948,1948,,201
1775115041.7292538,read,k5,106.70185089111328,False,2009,2007,7.531166076660156,200
1775115041.7365131,write,k3,607.7959537506104,False,2003,2003,,201
1775115041.74542,write,k2,605.4139137268066,False,2014,2014,,201
1775115041.829526,write,k4,609.9820137023926,False,1949,1949,,201
1775115041.838187,write,k3,611.8030548095703,False,2004,2004,,201
1775115041.839363,read,k4,114.71796035766602,False,1960,1949,9.839773178100586,200
1775115041.840498,read,k5,107.05995559692383,False,2014,2007,118.7741756439209,200
1775115041.843934,write,k4,611.1319065093994,False,1950,1950,,201
1775115041.844317,write,k2,610.4490756988525,False,2015,2015,,201
1775115041.869329,write,k2,613.3749485015869,False,2016,2016,,201
1775115041.879864,write,k2,615.3428554534912,False,2017,2017,,201
1775115041.8849401,write,k4,607.7358722686768,False,1951,1951,,201
1775115041.894017,write,k1,608.4091663360596,False,1970,1970,,201
1775115041.918879,write,k1,609.1229915618896,False,1971,1971,,201
1775115041.923956,write,k4,606.2629222869873,False,1952,1952,,201
1775115041.962962,read,k2,113.85393142700195,False,2021,2017,83.09721946716309,200
1775115041.99674,write,k4,611.2058162689209,False,1953,1953,,201
1775115042.020407,write,k5,622.9128837585449,False,2008,2008,,201
1775115042.0206678,write,k4,621.7029094696045,False,1954,1954,,201
1775115042.033992,write,k3,604.8069000244141,False,2005,2005,,201
1775115042.0381818,write,k4,607.2418689727783,False,1955,1955,,201
1775115042.050352,write,k3,616.2998676300049,False,2006,2006,,201
1775115042.0510888,write,k4,617.4588203430176,False,1956,1956,,201
1775115042.0566761,write,k1,606.9700717926025,False,1972,1972,,201
1775115042.099822,write,k1,617.041826248169,False,1973,1973,,201
1775115042.135085,write,k1,613.4960651397705,False,1974,1974,,201
1775115042.149148,write,k3,609.0438365936279,False,2007,2007,,201
1775115042.15407,write,k3,612.3812198638916,False,2008,2008,,201
1775115042.162291,read,k4,105.38887977600098,False,1967,1956,111.19890213012695,200
1775115042.1633139,write,k5,612.8790378570557,False,2009,2009,,201
1775115042.163703,write,k2,610.2180480957031,False,2019,2019,,201
1775115042.164926,write,k4,612.6151084899902,False,1957,1957,,201
1775115042.165347,write,k3,611.483097076416,False,2009,2009,,201
1775115042.166156,write,k2,623.2929229736328,False,2018,2018,,201
1775115042.1720672,write,k4,612.8780841827393,False,1958,1958,,201
1775115042.2302442,write,k3,612.9639148712158,False,2010,2010,,201
1775115042.249217,write,k5,618.3521747589111,False,2010,2010,,201
1775115042.2550259,write,k3,609.4808578491211,False,2011,2011,,201
1775115042.2594502,write,k4,612.9951477050781,False,1959,1959,,201
1775115042.260022,write,k3,613.9388084411621,False,2012,2012,,201
1775115042.266134,write,k1,606.640100479126,False,1975,1975,,201
1775115042.2770162,read,k5,110.41378974914551,False,2020,2010,27.798175811767578,200
1775115042.327561,write,k4,626.2791156768799,False,1960,1960,,201
1775115042.334189,write,k2,610.9957695007324,False,2020,2020,,201
1775115042.334889,write,k1,611.0689640045166,False,1976,1976,,201
1775115042.338232,write,k5,610.184907913208,False,2013,2013,,201
1775115042.338742,write,k5,613.0931377410889,False,2011,2011,,201
1775115042.339133,write,k5,613.7790679931641,False,2012,2012,,201
1775115042.339484,write,k2,609.8747253417969,False,2021,2021,,201
1775115042.339808,write,k5,611.436128616333,False,2014,2014,,201
1775115042.343947,write,k4,612.4389171600342,False,1961,1961,,201
1775115042.3444428,write,k1,611.7429733276367,False,1977,1977,,201
1775115042.3459468,write,k3,614.0589714050293,False,2013,2013,,201
1775115042.348641,write,k5,610.3808879852295,False,2015,2015,,201
1775115042.349428,write,k3,606.9290637969971,False,2014,2014,,201
1775115042.354847,write,k4,606.6629886627197,False,1962,1962,,201
1775115042.4520168,write,k1,611.2961769104004,False,1978,1978,,201
1775115042.452161,write,k3,615.574836730957,False,2015,2015,,201
1775115042.452532,write,k3,611.3471984863281,False,2016,2016,,201
1775115042.4526222,write,k4,606.5788269042969,False,1963,1963,,201
1775115042.4600909,write,k3,607.8248023986816,False,2017,2017,,201
1775115042.464038,read,k2,108.97493362426758,False,2032,2021,124.55511093139648,200
1775115042.4863229,write,k5,607.9411506652832,False,2016,2016,,201
1775115042.491822,write,k5,609.1709136962891,False,2017,2017,,201
1775115042.494803,write,k2,607.2583198547363,False,2022,2022,,201
1775115042.5073931,write,k2,610.5589866638184,False,2023,2023,,201
1775115042.52794,write,k5,607.2289943695068,False,2018,2018,,201
1775115042.553293,write,k4,618.492841720581,False,1964,1964,,201
1775115042.5637498,read,k1,106.9939136505127,False,1981,1978,111.73295974731445,200
1775115042.578563,write,k2,612.1749877929688,False,2024,2024,,201
1775115042.6306932,write,k1,623.8069534301758,False,1979,1979,,201
1775115042.636956,write,k4,613.6341094970703,False,1965,1965,,201
1775115042.637104,write,k4,612.1621131896973,False,1966,1966,,201
1775115042.648339,write,k5,607.6967716217041,False,2019,2019,,201
1775115042.648493,write,k4,612.0293140411377,False,1967,1967,,201
1775115042.6646059,write,k2,605.8359146118164,False,2025,2025,,201
1775115042.672606,write,k2,609.4887256622314,False,2026,2026,,201
1775115042.692283,read,k2,104.81715202331543,False,2036,2026,19.675016403198242,200
1775115042.717659,write,k2,616.1458492279053,False,2027,2027,,201
1775115042.757011,write,k5,613.3918762207031,False,2020,2020,,201
1775115042.768801,write,k4,610.3999614715576,False,1968,1968,,201
1775115042.778239,read,k4,106.11605644226074,False,1975,1968,9.438037872314453,200
1775115042.779207,write,k2,615.3850555419922,False,2028,2028,,201
1775115042.779721,write,k3,609.8001003265381,False,2018,2018,,201
1775115042.780204,write,k4,615.8599853515625,False,1969,1969,,201
1775115042.785383,write,k3,610.8191013336182,False,2019,2019,,201
1775115042.7859452,write,k5,612.7228736877441,False,2021,2021,,201
1775115042.7862961,write,k5,608.893871307373,False,2022,2022,,201
1775115042.786588,write,k3,611.6821765899658,False,2020,2020,,201
1775115042.837922,write,k5,606.2042713165283,False,2023,2023,,201
1775115042.865901,write,k2,609.6420288085938,False,2029,2029,,201
1775115042.873528,write,k3,610.3978157043457,False,2021,2021,,201
1775115042.881235,write,k3,612.9710674285889,False,2022,2022,,201
1775115042.881492,write,k5,611.2170219421387,False,2024,2024,,201
1775115042.881909,write,k5,611.1900806427002,False,2025,2025,,201
1775115042.896024,write,k2,610.4867458343506,False,2030,2030,,201
1775115042.9427772,read,k2,103.06096076965332,False,2039,2030,46.752214431762695,200
1775115042.9462788,write,k3,613.490104675293,False,2023,2023,,201
1775115042.9500318,write,k2,610.131025314331,False,2031,2031,,201
1775115042.950242,write,k5,608.6020469665527,False,2026,2026,,201
1775115042.95299,write,k3,610.7909679412842,False,2024,2024,,201
1775115042.957132,write,k4,612.2517585754395,False,1970,1970,,201
1775115042.957323,write,k1,610.9418869018555,False,1980,1980,,201
1775115042.9575071,write,k5,608.7501049041748,False,2027,2027,,201
1775115042.957695,write,k1,610.5411052703857,False,1981,1981,,201
1775115042.958078,write,k2,614.9981021881104,False,2032,2032,,201
1775115042.95943,write,k4,608.2980632781982,False,1971,1971,,201
1775115042.9597938,write,k3,606.9676876068115,False,2025,2025,,201
1775115042.96508,write,k2,608.5669994354248,False,2033,2033,,201
1775115042.9654431,write,k3,609.2441082000732,False,2026,2026,,201
1775115042.977549,read,k5,104.77209091186523,False,2030,2027,20.040035247802734,200
1775115042.986284,read,k2,104.24089431762695,False,2039,2033,21.20184898376465,200
1775115043.070196,write,k1,608.2699298858643,False,1983,1983,,201
1775115043.070915,write,k2,613.1069660186768,False,2034,2034,,201
1775115043.071543,write,k1,613.8548851013184,False,1982,1982,,201
1775115043.0752141,write,k4,606.3761711120605,False,1972,1972,,201
1775115043.075569,write,k3,607.1977615356445,False,2027,2027,,201
1775115043.100055,write,k3,606.9271564483643,False,2028,2028,,201
1775115043.1155999,write,k4,611.7360591888428,False,1973,1973,,201
1775115043.1163478,write,k2,613.0201816558838,False,2035,2035,,201
1775115043.116967,write,k1,607.1426868438721,False,1984,1984,,201
1775115043.142025,write,k4,608.3278656005859,False,1974,1974,,201
1775115043.171461,write,k1,607.9697608947754,False,1985,1985,,201
1775115043.175033,write,k2,606.5549850463867,False,2036,2036,,201
1775115043.21329,read,k3,110.28122901916504,False,2035,2028,113.22999000549316,200
1775115043.2490969,write,k2,612.4699115753174,False,2037,2037,,201
1775115043.256908,write,k1,608.8161468505859,False,1986,1986,,201
1775115043.257549,write,k5,609.6880435943604,False,2028,2028,,201
1775115043.2619781,write,k1,608.0572605133057,False,1987,1987,,201
1775115043.2626529,write,k4,608.5629463195801,False,1975,1975,,201
1775115043.284183,read,k2,107.1779727935791,False,2041,2037,35.08591651916504,200
1775115043.2915761,write,k4,608.0131530761719,False,1976,1976,,201
1775115043.3078022,write,k5,607.964277267456,False,2029,2029,,201
1775115043.328659,write,k1,608.8709831237793,False,1988,1988,,201
1775115043.3670459,read,k3,109.14182662963867,False,2037,2028,266.98803901672363,200
1775115043.374443,write,k3,611.8040084838867,False,2029,2029,,201
1775115043.389139,write,k2,613.5768890380859,False,2038,2038,,201
1775115043.395203,write,k1,611.8628978729248,False,1989,1989,,201
1775115043.395391,write,k2,611.1490726470947,False,2039,2039,,201
1775115043.395534,write,k3,608.475923538208,False,2030,2030,,201
1775115043.39573,write,k1,608.0167293548584,False,1990,1990,,201
1775115043.397759,write,k1,607.3710918426514,False,1991,1991,,201
1775115043.398088,write,k3,607.2728633880615,False,2031,2031,,201
1775115043.399462,write,k5,607.2561740875244,False,2030,2030,,201
1775115043.401699,write,k3,605.9629917144775,False,2032,2032,,201
1775115043.408301,read,k1,106.01186752319336,False,2003,1991,10.540246963500977,200
1775115043.5023072,write,k3,610.5611324310303,False,2033,2033,,201
1775115043.503,write,k5,612.7269268035889,False,2031,2031,,201
1775115043.503507,read,k5,117.42472648620605,False,2037,2031,0.5049705505371094,200
1775115043.503961,write,k4,613.210916519165,False,1977,1977,,201
1775115043.506133,write,k4,607.7079772949219,False,1978,1978,,201
1775115043.5118651,read,k4,106.65011405944824,False,1987,1978,5.730152130126953,200
1775115043.566129,write,k1,616.7118549346924,False,1993,1993,,201
1775115043.566656,write,k4,613.368034362793,False,1979,1979,,201
1775115043.567095,write,k1,620.675802230835,False,1992,1992,,201
1775115043.567413,write,k1,608.618974685669,False,1994,1994,,201
1775115043.572926,write,k5,612.6899719238281,False,2032,2032,,201
1775115043.5743191,write,k3,613.4521961212158,False,2034,2034,,201
1775115043.5746639,write,k4,613.4629249572754,False,1980,1980,,201
1775115043.575099,write,k1,612.6370429992676,False,1997,1997,,201
1775115043.575397,write,k1,613.8029098510742,False,1995,1995,,201
1775115043.575764,write,k1,613.788366317749,False,1996,1996,,201
1775115043.5761018,write,k2,616.1160469055176,False,2040,2040,,201
1775115043.577666,write,k5,608.6258888244629,False,2033,2033,,201
1775115043.589102,write,k1,617.4888610839844,False,1998,1998,,201
1775115043.589615,write,k1,613.3897304534912,False,1999,1999,,201
1775115043.594329,write,k4,607.921838760376,False,1981,1981,,201
1775115043.60047,write,k2,606.9822311401367,False,2041,2041,,201
1775115043.694491,write,k3,616.8687343597412,False,2035,2035,,201
1775115043.695062,write,k1,618.0098056793213,False,2001,2001,,201
1775115043.695462,write,k1,619.8070049285889,False,2000,2000,,201
1775115043.695786,write,k4,621.5901374816895,False,1982,1982,,201
1775115043.6960902,write,k5,616.1901950836182,False,2034,2034,,201
1775115043.7013729,read,k5,109.73095893859863,False,2042,2034,5.280971527099609,200
1775115043.7309499,write,k1,612.4708652496338,False,2002,2002,,201
1775115043.7313468,write,k5,611.9790077209473,False,2035,2035,,201
1775115043.731673,write,k4,611.1922264099121,False,1983,1983,,201
1775115043.767838,write,k3,618.1778907775879,False,2036,2036,,201
1775115043.792297,write,k3,616.5847778320312,False,2037,2037,,201
1775115043.835764,write,k4,610.9139919281006,False,1984,1984,,201
1775115043.885636,read,k3,116.23501777648926,False,2045,2037,93.33610534667969,200
1775115043.8862689,write,k4,615.5741214752197,False,1987,1987,,201
1775115043.8877928,write,k4,623.1720447540283,False,1985,1985,,201
1775115043.8883011,write,k1,622.9329109191895,False,2003,2003,,201
1775115043.888772,write,k4,618.5338497161865,False,1986,1986,,201
1775115043.898699,write,k5,612.1137142181396,False,2036,2036,,201
1775115043.921244,write,k1,606.381893157959,False,2004,2004,,201
1775115043.954206,write,k5,612.1599674224854,False,2037,2037,,201
1775115044.008273,write,k2,621.6862201690674,False,2042,2042,,201
1775115044.008804,write,k5,608.3390712738037,False,2039,2039,,201
1775115044.009239,write,k5,611.069917678833,False,2038,2038,,201
1775115044.009963,write,k3,607.6052188873291,False,2039,2039,,201
1775115044.0106518,write,k1,606.1019897460938,False,2005,2005,,201
1775115044.011059,write,k3,610.3322505950928,False,2038,2038,,201
1775115044.0116868,write,k2,609.5921993255615,False,2043,2043,,201
1775115044.012692,write,k5,607.2380542755127,False,2040,2040,,201
1775115044.0180202,write,k1,608.4201335906982,False,2006,2006,,201
1775115044.022418,write,k4,606.4791679382324,False,1988,1988,,201
1775115044.1186008,write,k3,607.3217391967773,False,2040,2040,,201
1775115044.1193979,write,k1,609.9178791046143,False,2007,2007,,201
1775115044.1200361,write,k2,611.8369102478027,False,2044,2044,,201
1775115044.1208231,write,k4,609.9278926849365,False,1989,1989,,201
1775115044.121857,write,k4,607.2471141815186,False,1990,1990,,201
1775115044.122247,write,k2,608.0429553985596,False,2045,2045,,201
1775115044.129793,read,k4,105.93104362487793,False,2001,1990,7.934808731079102,200
1775115044.190159,write,k4,610.3203296661377,False,1994,1994,,201
1775115044.19226,write,k5,623.2209205627441,False,2041,2041,,201
1775115044.192929,write,k5,619.5840835571289,False,2042,2042,,201
1775115044.1934888,write,k4,614.9799823760986,False,1992,1992,,201
1775115044.194026,write,k4,615.138053894043,False,1993,1993,,201
1775115044.194547,write,k1,617.4819469451904,False,2008,2008,,201
1775115044.195057,write,k4,618.4008121490479,False,1991,1991,,201
1775115044.2080681,write,k3,625.1912117004395,False,2041,2041,,201
1775115044.208597,write,k2,626.7857551574707,False,2046,2046,,201
1775115044.209079,write,k1,626.8818378448486,False,2009,2009,,201
1775115044.209464,write,k2,617.5780296325684,False,2047,2047,,201
1775115044.2098198,write,k4,625.791072845459,False,1995,1995,,201
1775115044.210167,write,k3,623.81911277771,False,2042,2042,,201
1775115044.211305,write,k5,606.6579818725586,False,2044,2044,,201
1775115044.211652,write,k5,608.008861541748,False,2043,2043,,201
1775115044.237429,read,k4,108.99877548217773,False,2002,1995,27.603864669799805,200
1775115044.313068,write,k2,613.011360168457,False,2048,2048,,201
1775115044.313885,write,k5,611.5508079528809,False,2046,2046,,201
1775115044.314507,write,k1,614.1190528869629,False,2010,2010,,201
1775115044.315053,write,k5,616.3508892059326,False,2045,2045,,201
1775115044.3155499,write,k3,611.6292476654053,False,2043,2043,,201
1775115044.317416,write,k3,606.0760021209717,False,2044,2044,,201
1775115044.3533928,write,k3,610.8040809631348,False,2045,2045,,201
1775115044.354124,write,k5,610.5198860168457,False,2047,2047,,201
1775115044.354642,write,k5,610.8269691467285,False,2048,2048,,201
1775115044.417323,write,k2,620.5759048461914,False,2049,2049,,201
1775115044.448708,write,k3,608.1180572509766,False,2046,2046,,201
1775115044.514027,write,k4,622.2977638244629,False,1996,1996,,201
1775115044.514327,write,k4,616.5528297424316,False,1998,1998,,201
1775115044.5145228,write,k4,615.6957149505615,False,1999,1999,,201
1775115044.514709,write,k4,619.6389198303223,False,1997,1997,,201
1775115044.5148869,write,k2,622.0932006835938,False,2050,2050,,201
1775115044.515497,write,k4,606.665849685669,False,2000,2000,,201
1775115044.538935,write,k5,610.6958389282227,False,2049,2049,,201
1775115044.571344,write,k1,611.7801666259766,False,2011,2011,,201
1775115044.619495,write,k3,607.6850891113281,False,2047,2047,,201
1775115044.624793,write,k3,606.6310405731201,False,2048,2048,,201
1775115044.62497,write,k2,608.1547737121582,False,2051,2051,,201
1775115044.627269,write,k4,606.3752174377441,False,2001,2001,,201
1775115044.627433,write,k2,608.4978580474854,False,2052,2052,,201
1775115044.627595,write,k5,608.3409786224365,False,2050,2050,,201
1775115044.6277492,write,k2,608.2539558410645,False,2053,2053,,201
1775115044.629398,write,k5,604.1498184204102,False,2051,2051,,201
1775115044.629758,write,k3,609.6980571746826,False,2049,2049,,201
1775115044.733618,write,k1,610.0740432739258,False,2012,2012,,201
1775115044.733917,write,k1,608.3230972290039,False,2013,2013,,201
1775115044.738268,write,k4,611.217737197876,False,2002,2002,,201
1775115044.7385018,write,k2,611.9511127471924,False,2054,2054,,201
1775115044.7416599,write,k1,610.5000972747803,False,2014,2014,,201
1775115044.750496,write,k5,611.7770671844482,False,2052,2052,,201
1775115044.818178,write,k4,618.7469959259033,False,2004,2004,,201
1775115044.8190432,write,k4,617.135763168335,False,2006,2006,,201
1775115044.819724,write,k1,618.2668209075928,False,2015,2015,,201
1775115044.820089,write,k4,622.6379871368408,False,2003,2003,,201
1775115044.820607,write,k2,608.4809303283691,False,2055,2055,,201
1775115044.821101,write,k5,624.4478225708008,False,2054,2054,,201
1775115044.821441,write,k5,625.8840560913086,False,2053,2053,,201
1775115044.821873,write,k3,611.497163772583,False,2050,2050,,201
1775115044.8222651,write,k3,609.7681522369385,False,2051,2051,,201
1775115044.822634,write,k4,622.2851276397705,False,2005,2005,,201
1775115044.823673,write,k3,607.9607009887695,False,2052,2052,,201
1775115044.8240159,write,k1,609.2438697814941,False,2016,2016,,201
1775115044.8242948,write,k4,610.7978820800781,False,2007,2007,,201
1775115044.8291378,write,k2,608.403205871582,False,2056,2056,,201
1775115044.830318,write,k5,610.1119518280029,False,2055,2055,,201
1775115044.859488,write,k2,611.8700504302979,False,2057,2057,,201
1775115044.931669,write,k5,612.1447086334229,False,2057,2057,,201
1775115044.932174,write,k1,614.6371364593506,False,2017,2017,,201
1775115044.932668,write,k1,610.5568408966064,False,2018,2018,,201
1775115044.933195,write,k5,615.0698661804199,False,2056,2056,,201
1775115044.933743,write,k5,608.0257892608643,False,2058,2058,,201
1775115044.934054,write,k2,609.687089920044,False,2058,2058,,201
1775115044.936903,read,k2,108.48593711853027,False,2064,2058,2.8460025787353516,200
1775115044.9619782,write,k1,607.1600914001465,False,2019,2019,,201
1775115044.9705741,write,k5,608.3359718322754,False,2059,2059,,201
1775115044.970808,write,k1,613.6152744293213,False,2020,2020,,201
1775115045.035477,write,k1,609.9700927734375,False,2021,2021,,201
1775115045.064574,write,k5,607.5179576873779,False,2060,2060,,201
1775115045.128549,write,k3,609.0748310089111,False,2055,2055,,201
1775115045.1301491,write,k3,611.6089820861816,False,2054,2054,,201
1775115045.130356,write,k2,609.1659069061279,False,2060,2060,,201
1775115045.130541,write,k4,607.5031757354736,False,2008,2008,,201
1775115045.130713,write,k3,613.3430004119873,False,2053,2053,,201
1775115045.1308742,write,k2,614.3319606781006,False,2059,2059,,201
1775115045.1593752,write,k4,610.0022792816162,False,2009,2009,,201
1775115045.18418,write,k4,608.8061332702637,False,2010,2010,,201
1775115045.2393742,write,k4,606.5900325775146,False,2013,2013,,201
1775115045.24041,write,k4,612.5998497009277,False,2011,2011,,201
1775115045.241033,write,k3,612.8170490264893,False,2056,2056,,201
1775115045.241455,write,k3,612.0059490203857,False,2057,2057,,201
1775115045.2419672,write,k1,612.8990650177002,False,2022,2022,,201
1775115045.242601,write,k4,610.137939453125,False,2012,2012,,201
1775115045.243111,write,k5,610.8660697937012,False,2061,2061,,201
1775115045.251807,write,k3,614.8138046264648,False,2058,2058,,201
1775115045.2526212,write,k5,615.3297424316406,False,2062,2062,,201
1775115045.3484511,write,k2,612.9999160766602,False,2061,2061,,201
1775115045.356239,read,k5,111.7098331451416,False,2072,2062,103.61194610595703,200
1775115045.36023,write,k3,610.950231552124,False,2059,2059,,201
1775115045.360605,write,k5,615.03005027771,False,2063,2063,,201
1775115045.360939,write,k5,612.6699447631836,False,2064,2064,,201
1775115045.361282,write,k2,620.1348304748535,False,2062,2062,,201
1775115045.361768,write,k5,607.2430610656738,False,2065,2065,,201
1775115045.447892,write,k4,615.2369976043701,False,2015,2015,,201
1775115045.448548,write,k2,617.5460815429688,False,2065,2065,,201
1775115045.4489758,write,k2,624.1819858551025,False,2063,2063,,201
1775115045.449395,write,k5,625.0150203704834,False,2066,2066,,201
1775115045.4497159,write,k2,622.6298809051514,False,2064,2064,,201
1775115045.450061,write,k5,621.9980716705322,False,2068,2068,,201
1775115045.4503539,write,k1,624.5718002319336,False,2023,2023,,201
1775115045.450654,write,k2,618.772029876709,False,2066,2066,,201
1775115045.450996,write,k4,624.2959499359131,False,2014,2014,,201
1775115045.451335,write,k2,618.4282302856445,False,2068,2068,,201
1775115045.45168,write,k2,619.3969249725342,False,2067,2067,,201
1775115045.452075,write,k3,629.3148994445801,False,2060,2060,,201
1775115045.452448,write,k5,624.9978542327881,False,2067,2067,,201
1775115045.454668,write,k1,615.3008937835693,False,2024,2024,,201
1775115045.475509,write,k2,606.8019866943359,False,2069,2069,,201
1775115045.5518668,write,k1,617.6619529724121,False,2025,2025,,201
1775115045.553788,write,k4,616.7569160461426,False,2016,2016,,201
1775115045.554204,write,k5,618.8018321990967,False,2069,2069,,201
1775115045.554602,write,k3,610.2962493896484,False,2062,2062,,201
1775115045.554986,write,k2,617.1979904174805,False,2070,2070,,201
1775115045.5553348,write,k5,616.0738468170166,False,2070,2070,,201
1775115045.555697,write,k3,617.1960830688477,False,2061,2061,,201
1775115045.569599,read,k1,117.00296401977539,False,2032,2025,17.733097076416016,200
1775115045.5776188,write,k3,608.7901592254639,False,2063,2063,,201
1775115045.588613,write,k4,610.4710102081299,False,2017,2017,,201
1775115045.5889652,write,k2,608.5009574890137,False,2071,2071,,201
1775115045.652386,write,k5,611.076831817627,False,2071,2071,,201
1775115045.683376,write,k4,607.4621677398682,False,2018,2018,,201
1775115045.7046962,read,k2,109.80629920959473,False,2081,2071,115.72694778442383,200
1775115045.757853,write,k2,624.3000030517578,False,2072,2072,,201
1775115045.762658,write,k1,626.8749237060547,False,2027,2027,,201
1775115045.76437,write,k3,626.2929439544678,False,2064,2064,,201
1775115045.764825,write,k2,628.8790702819824,False,2073,2073,,201
1775115045.7651289,write,k1,629.6589374542236,False,2026,2026,,201
1775115045.765373,write,k1,627.5620460510254,False,2028,2028,,201
1775115045.768725,write,k2,607.292890548706,False,2074,2074,,201
1775115045.796857,write,k1,608.4370613098145,False,2029,2029,,201
1775115045.86413,write,k5,618.6790466308594,False,2072,2072,,201
1775115045.8646772,write,k4,618.4818744659424,False,2019,2019,,201
1775115045.8651211,write,k3,613.1691932678223,False,2065,2065,,201
1775115045.8655381,write,k4,618.0837154388428,False,2020,2020,,201
1775115045.865862,write,k1,616.3330078125,False,2030,2030,,201
1775115045.866174,write,k4,620.3668117523193,False,2020,2020,,201
1775115045.871514,write,k5,607.492208480835,False,2073,2073,,201
1775115045.871892,write,k4,607.0561408996582,False,2021,2021,,201
1775115045.966868,write,k4,610.285758972168,False,2022,2022,,201
1775115045.970251,write,k5,610.8517646789551,False,2074,2074,,201
1775115045.9745631,write,k3,608.9169979095459,False,2066,2066,,201
1775115045.974962,write,k5,608.9701652526855,False,2075,2075,,201
1775115045.975339,write,k2,610.4929447174072,False,2075,2075,,201
1775115045.976009,write,k1,608.4139347076416,False,2031,2031,,201
1775115045.976477,write,k1,608.4778308868408,False,2032,2032,,201
1775115045.9777122,read,k2,107.29289054870605,False,2086,2075,2.371072769165039,200
1775115045.983524,read,k1,107.04898834228516,False,2037,2032,7.082939147949219,200
1775115046.069212,write,k2,616.0001754760742,False,2076,2076,,201
1775115046.0734432,write,k1,613.7447357177734,False,2035,2035,,201
1775115046.074047,write,k2,618.8299655914307,False,2078,2078,,201
1775115046.074781,write,k3,610.1901531219482,False,2069,2069,,201
1775115046.075794,write,k4,618.8092231750488,False,2023,2023,,201
1775115046.076146,write,k1,622.5581169128418,False,2034,2034,,201
1775115046.0764759,write,k5,618.844747543335,False,2076,2076,,201
1775115046.076824,write,k3,619.4181442260742,False,2068,2068,,201
1775115046.077163,write,k2,623.2819557189941,False,2077,2077,,201
1775115046.0774841,write,k3,621.4849948883057,False,2067,2067,,201
1775115046.077782,write,k4,618.3209419250488,False,2024,2024,,201
1775115046.078075,write,k2,616.9509887695312,False,2079,2079,,201
1775115046.078361,write,k1,622.6239204406738,False,2033,2033,,201
1775115046.080865,read,k3,107.24997520446777,False,2076,2069,3.3788681030273438,200
1775115046.092919,write,k4,608.7119579315186,False,2025,2025,,201
1775115046.1727831,write,k5,614.995002746582,False,2077,2077,,201
1775115046.177429,write,k2,616.2059307098389,False,2080,2080,,201
1775115046.1779552,write,k5,613.5179996490479,False,2078,2078,,201
1775115046.1783118,write,k2,618.1271076202393,False,2081,2081,,201
1775115046.178638,write,k3,616.6946887969971,False,2070,2070,,201
1775115046.178955,write,k1,617.3467636108398,False,2036,2036,,201
1775115046.179264,write,k3,614.4392490386963,False,2071,2071,,201
1775115046.1861482,write,k1,606.097936630249,False,2037,2037,,201
1775115046.1931121,write,k3,609.5459461212158,False,2072,2072,,201
1775115046.193405,read,k4,111.68789863586426,False,2035,2025,100.48604011535645,200
1775115046.202723,write,k2,606.2321662902832,False,2082,2082,,201
1775115046.2699509,write,k2,612.436056137085,False,2083,2083,,201
1775115046.28002,read,k2,105.65495491027832,False,2091,2083,10.068893432617188,200
1775115046.300469,write,k4,607.7308654785156,False,2026,2026,,201
1775115046.304374,read,k3,112.44511604309082,False,2078,2072,111.26303672790527,200
1775115046.3083808,read,k4,105.53407669067383,False,2039,2026,7.910966873168945,200
1775115046.321496,write,k2,610.2709770202637,False,2084,2084,,201
1775115046.379794,write,k2,613.1970882415771,False,2085,2085,,201
1775115046.380163,write,k2,608.9420318603516,False,2086,2086,,201
1775115046.380428,write,k4,614.9609088897705,False,2027,2027,,201
1775115046.384555,write,k5,612.6909255981445,False,2079,2079,,201
1775115046.385965,write,k3,611.7310523986816,False,2073,2073,,201
1775115046.386474,write,k4,613.6538982391357,False,2028,2028,,201
1775115046.38671,write,k5,612.9190921783447,False,2080,2080,,201
1775115046.412628,write,k4,608.7989807128906,False,2029,2029,,201
1775115046.4893188,write,k2,614.9270534515381,False,2087,2087,,201
1775115046.490061,write,k3,614.9652004241943,False,2075,2075,,201
1775115046.490485,write,k4,618.0212497711182,False,2030,2030,,201
1775115046.490835,write,k3,616.098165512085,False,2074,2074,,201
1775115046.491133,write,k1,615.03005027771,False,2038,2038,,201
1775115046.492675,write,k3,610.7017993927002,False,2076,2076,,201
1775115046.4933279,read,k3,108.60490798950195,False,2080,2076,0.6511211395263672,200
1775115046.5828621,write,k2,611.065149307251,False,2088,2088,,201
1775115046.586995,write,k5,608.4871292114258,False,2081,2081,,201
1775115046.587476,write,k4,609.6539497375488,False,2031,2031,,201
1775115046.5885499,write,k1,608.2718372344971,False,2039,2039,,201
1775115046.5888991,write,k4,609.4460487365723,False,2032,2032,,201
1775115046.595399,write,k2,610.3832721710205,False,2089,2089,,201
1775115046.596607,write,k4,610.3260517120361,False,2033,2033,,201
1775115046.600875,write,k4,609.4961166381836,False,2034,2034,,201
1775115046.688986,write,k3,614.0291690826416,False,2077,2077,,201
1775115046.689936,write,k1,611.4590167999268,False,2040,2040,,201
1775115046.690675,write,k4,610.5527877807617,False,2035,2035,,201
1775115046.6910489,write,k2,611.781120300293,False,2090,2090,,201
1775115046.691382,write,k4,610.037088394165,False,2036,2036,,201
1775115046.6940958,write,k2,611.6101741790771,False,2091,2091,,201
1775115046.694997,write,k5,609.8501682281494,False,2083,2083,,201
1775115046.695364,write,k3,611.5407943725586,False,2078,2078,,201
1775115046.696874,write,k4,610.4240417480469,False,2037,2037,,201
1775115046.6972291,write,k4,613.0807399749756,False,2038,2038,,201
1775115046.697566,write,k1,614.0921115875244,False,2041,2041,,201
1775115046.69788,write,k5,613.0788326263428,False,2082,2082,,201
1775115046.699142,write,k5,608.2768440246582,False,2084,2084,,201
1775115046.700938,read,k3,108.17289352416992,False,2084,2078,5.572795867919922,200
1775115046.706867,read,k5,105.41534423828125,False,2092,2084,7.720947265625,200
1775115046.707227,write,k5,606.1050891876221,False,2085,2085,,201
1775115046.712128,read,k3,106.71329498291016,False,2084,2078,16.76177978515625,200
1775115046.794324,write,k1,614.7959232330322,False,2042,2042,,201
1775115046.795563,write,k2,611.5992069244385,False,2092,2092,,201
1775115046.7964091,write,k4,611.1469268798828,False,2039,2039,,201
1775115046.800382,write,k5,607.9790592193604,False,2087,2087,,201
1775115046.80114,write,k1,612.8361225128174,False,2043,2043,,201
1775115046.803278,write,k5,615.3450012207031,False,2086,2086,,201
1775115046.805185,write,k3,607.8550815582275,False,2079,2079,,201
1775115046.807967,read,k2,111.75298690795898,False,2101,2092,12.404203414916992,200
1775115046.8119411,read,k5,106.84370994567871,False,2092,2087,8.661985397338867,200
1775115046.814317,write,k1,606.3487529754639,False,2044,2044,,201
1775115046.8890398,write,k3,609.4882488250732,False,2080,2080,,201
1775115046.889576,write,k5,606.3580513000488,False,2088,2088,,201
1775115046.917357,write,k1,608.583927154541,False,2045,2045,,201
1775115046.9178722,write,k2,609.3010902404785,False,2093,2093,,201
1775115046.921788,read,k5,108.59799385070801,False,2095,2088,32.2110652923584,200
1775115046.928155,write,k4,607.3718070983887,False,2040,2040,,201
1775115046.933842,write,k2,609.0061664581299,False,2094,2094,,201
1775115046.999124,write,k4,611.5970611572266,False,2041,2041,,201
1775115046.9997408,write,k2,612.739086151123,False,2095,2095,,201
1775115047.0001879,write,k3,617.0239448547363,False,2081,2081,,201
1775115047.000597,write,k2,611.2391948699951,False,2096,2096,,201
1775115047.000919,write,k4,612.5349998474121,False,2042,2042,,201
1775115047.0012841,write,k3,609.4422340393066,False,2082,2082,,201
1775115047.034301,write,k3,615.6339645385742,False,2083,2083,,201
1775115047.102582,write,k3,609.1172695159912,False,2084,2084,,201
1775115047.1066701,write,k1,612.1480464935303,False,2046,2046,,201
1775115047.106944,write,k2,607.9280376434326,False,2098,2098,,201
1775115047.107154,write,k2,610.5098724365234,False,2097,2097,,201
1775115047.1073549,write,k4,611.4981174468994,False,2043,2043,,201
1775115047.110985,write,k1,610.8927726745605,False,2047,2047,,201
1775115047.1112692,write,k4,611.4981174468994,False,2044,2044,,201
1775115047.145893,read,k3,106.62603378295898,False,2089,2084,43.31016540527344,200
1775115047.19771,write,k5,610.0828647613525,False,2089,2089,,201
1775115047.2112498,write,k5,613.3971214294434,False,2092,2092,,201
1775115047.21173,write,k5,615.0259971618652,False,2091,2091,,201
1775115047.212085,write,k4,616.1329746246338,False,2045,2045,,201
1775115047.2124329,write,k5,616.9121265411377,False,2090,2090,,201
1775115047.227961,read,k1,116.17803573608398,False,2050,2047,116.9741153717041,200
1775115047.302907,write,k2,610.3768348693848,False,2099,2099,,201
1775115047.3041558,write,k4,610.867977142334,False,2046,2046,,201
1775115047.311449,write,k2,613.4772300720215,False,2101,2101,,201
1775115047.311808,write,k4,613.2290363311768,False,2048,2048,,201
1775115047.3135412,write,k4,615.1769161224365,False,2047,2047,,201
1775115047.313882,write,k2,618.0820465087891,False,2100,2100,,201
1775115047.324065,write,k2,619.2970275878906,False,2102,2102,,201
1775115047.324605,write,k1,620.8751201629639,False,2048,2048,,201
1775115047.3249578,write,k2,616.926908493042,False,2104,2104,,201
1775115047.325335,write,k2,613.9593124389648,False,2105,2105,,201
1775115047.3256571,write,k4,612.7700805664062,False,2049,2049,,201
1775115047.325953,write,k2,621.8278408050537,False,2103,2103,,201
1775115047.3262248,write,k3,616.8780326843262,False,2085,2085,,201
1775115047.326497,write,k5,619.1821098327637,False,2093,2093,,201
1775115047.3354518,read,k2,111.71078681945801,False,2110,2105,9.496212005615234,200
1775115047.337089,write,k3,617.279052734375,False,2086,2086,,201
1775115047.4218738,read,k2,106.44674301147461,False,2111,2105,95.91507911682129,200
1775115047.4289012,write,k3,621.9768524169922,False,2087,2087,,201
1775115047.429537,write,k5,610.7151508331299,False,2096,2096,,201
1775115047.4299462,write,k4,625.5679130554199,False,2051,2051,,201
1775115047.430301,write,k5,620.3680038452148,False,2095,2095,,201
1775115047.430629,write,k2,621.2780475616455,False,2106,2106,,201
1775115047.4309492,write,k5,627.5360584259033,False,2094,2094,,201
1775115047.431242,write,k4,629.9257278442383,False,2050,2050,,201
1775115047.431529,write,k5,611.2668514251709,False,2097,2097,,201
1775115047.431821,write,k4,620.6991672515869,False,2052,2052,,201
1775115047.435651,read,k1,107.28597640991211,False,2055,2048,111.04488372802734,200
1775115047.453519,read,k2,117.55585670471191,False,2111,2106,22.886991500854492,200
1775115047.506442,write,k5,611.1841201782227,False,2098,2098,,201
1775115047.5074282,write,k5,611.0060214996338,False,2099,2099,,201
1775115047.535527,write,k3,611.7231845855713,False,2088,2088,,201
1775115047.545674,write,k5,620.2600002288818,False,2101,2101,,201
1775115047.545847,write,k5,622.7099895477295,False,2100,2100,,201
1775115047.546002,read,k5,104.92181777954102,False,2106,2101,0.1537799835205078,200
1775115047.5472279,write,k5,610.2950572967529,False,2102,2102,,201
1775115047.550154,write,k1,610.5039119720459,False,2049,2049,,201
1775115047.613539,write,k2,611.2709045410156,False,2107,2107,,201
1775115047.6136682,write,k4,609.4908714294434,False,2053,2053,,201
1775115047.613757,write,k5,610.8589172363281,False,2103,2103,,201
1775115047.6150389,write,k2,611.2277507781982,False,2108,2108,,201
1775115047.617004,write,k4,609.8828315734863,False,2054,2054,,201
1775115047.627111,write,k3,616.9137954711914,False,2089,2089,,201
1775115047.729076,write,k1,619.7612285614014,False,2050,2050,,201
1775115047.7292259,write,k3,619.3749904632568,False,2090,2090,,201
1775115047.731682,write,k5,609.8487377166748,False,2104,2104,,201
1775115047.731785,write,k4,610.274076461792,False,2055,2055,,201
1775115047.73216,write,k2,611.0818386077881,False,2109,2109,,201
1775115047.732256,write,k3,611.778974533081,False,2091,2091,,201
1775115047.756406,write,k1,608.4961891174316,False,2051,2051,,201
1775115047.821221,write,k1,612.2820377349854,False,2052,2052,,201
1775115047.8228328,write,k1,606.8868637084961,False,2053,2053,,201
1775115047.822984,write,k2,608.1852912902832,False,2110,2110,,201
1775115047.834342,write,k2,612.1008396148682,False,2111,2111,,201
1775115047.847235,write,k3,612.7512454986572,False,2092,2092,,201
1775115047.87049,read,k4,106.66108131408691,False,2069,2055,138.7031078338623,200
1775115047.924841,write,k4,608.8922023773193,False,2057,2057,,201
1775115047.9253278,write,k4,610.9218597412109,False,2056,2056,,201
1775115047.9258912,write,k1,613.4958267211914,False,2054,2054,,201
1775115047.9263082,write,k3,615.9751415252686,False,2093,2093,,201
1775115047.930571,write,k1,608.7679862976074,False,2055,2055,,201
1775115047.9329169,write,k4,606.3320636749268,False,2058,2058,,201
1775115047.9390159,read,k1,106.40597343444824,False,2065,2055,8.445024490356445,200
1775115047.941739,write,k4,611.5379333496094,False,2059,2059,,201
1775115047.942175,write,k5,613.4598255157471,False,2105,2105,,201
1775115047.942626,write,k1,613.361120223999,False,2056,2056,,201
1775115047.9523132,write,k1,613.5072708129883,False,2059,2059,,201
1775115047.9527612,write,k1,618.0341243743896,False,2057,2057,,201
1775115047.953446,write,k1,612.2696399688721,False,2058,2058,,201
1775115047.9537668,write,k4,622.6332187652588,False,2060,2060,,201
1775115048.04898,write,k3,616.0261631011963,False,2094,2094,,201
1775115048.049804,write,k2,611.9081974029541,False,2112,2112,,201
1775115048.050254,write,k1,617.7229881286621,False,2061,2061,,201
1775115048.0506082,write,k3,616.0199642181396,False,2095,2095,,201
1775115048.0509179,write,k4,610.6612682342529,False,2061,2061,,201
1775115048.05121,write,k1,616.2376403808594,False,2062,2062,,201
1775115048.051487,write,k5,613.2590770721436,False,2106,2106,,201
1775115048.0517519,write,k3,612.7097606658936,False,2096,2096,,201
1775115048.052008,write,k1,620.0859546661377,False,2060,2060,,201
1775115048.0545301,write,k5,610.0091934204102,False,2107,2107,,201
1775115048.067606,write,k5,608.8249683380127,False,2108,2108,,201
1775115048.0696871,read,k4,109.31086540222168,False,2071,2061,18.765687942504883,200
1775115048.128119,write,k4,613.335132598877,False,2062,2062,,201
1775115048.12922,write,k1,615.2200698852539,False,2063,2063,,201
1775115048.151078,write,k4,608.6339950561523,False,2063,2063,,201
1775115048.1585312,write,k5,610.5079650878906,False,2109,2109,,201
1775115048.161953,write,k2,608.705997467041,False,2114,2114,,201
1775115048.162397,write,k2,611.473798751831,False,2113,2113,,201
1775115048.1627462,write,k2,611.6580963134766,False,2113,2113,,201
1775115048.163618,write,k5,607.3799133300781,False,2110,2110,,201
1775115048.165461,read,k5,111.5579605102539,False,2117,2110,1.8410682678222656,200
1775115048.238701,write,k1,620.7857131958008,False,2064,2064,,201
1775115048.2390049,write,k2,615.8528327941895,False,2115,2115,,201
1775115048.239313,write,k4,620.9347248077393,False,2064,2064,,201
1775115048.239532,write,k3,617.3770427703857,False,2097,2097,,201
1775115048.239725,write,k2,616.4798736572266,False,2116,2116,,201
1775115048.2497568,write,k3,610.0950241088867,False,2098,2098,,201
1775115048.347429,write,k4,613.1188869476318,False,2066,2066,,201
1775115048.34816,write,k4,615.2408123016357,False,2065,2065,,201
1775115048.350708,read,k1,106.10294342041016,False,2071,2064,112.00594902038574,200
1775115048.351437,write,k5,613.2960319519043,False,2111,2111,,201
1775115048.3518379,write,k4,612.0560169219971,False,2068,2068,,201
1775115048.3523982,write,k4,612.2050285339355,False,2069,2069,,201
1775115048.3527198,write,k4,616.2071228027344,False,2067,2067,,201
1775115048.361959,read,k2,109.40909385681152,False,2123,2116,122.23100662231445,200
1775115048.44542,write,k5,612.5912666320801,False,2112,2112,,201
1775115048.445973,write,k1,620.9590435028076,False,2065,2065,,201
1775115048.4514492,write,k2,610.9681129455566,False,2117,2117,,201
1775115048.460195,write,k5,608.8800430297852,False,2113,2113,,201
1775115048.492367,write,k1,609.6439361572266,False,2066,2066,,201
1775115048.551318,write,k2,623.7120628356934,False,2118,2118,,201
1775115048.551837,write,k5,618.3578968048096,False,2114,2114,,201
1775115048.552164,write,k2,620.4550266265869,False,2119,2119,,201
1775115048.55308,write,k3,619.1091537475586,False,2099,2099,,201
1775115048.553904,write,k4,619.3568706512451,False,2070,2070,,201
1775115048.554388,write,k5,617.2490119934082,False,2115,2115,,201
1775115048.56471,write,k4,610.7010841369629,False,2071,2071,,201
1775115048.565139,write,k1,615.6017780303955,False,2067,2067,,201
1775115048.565453,write,k2,614.1870021820068,False,2120,2120,,201
1775115048.565815,write,k3,618.7281608581543,False,2100,2100,,201
1775115048.566176,write,k3,617.2270774841309,False,2101,2101,,201
1775115048.572556,write,k4,612.9360198974609,False,2072,2072,,201
1775115048.625995,write,k4,662.5590324401855,False,2073,2073,,201
1775115048.663059,write,k5,610.943078994751,False,2116,2116,,201
1775115048.6632278,write,k5,610.5589866638184,False,2117,2117,,201
1775115048.6633458,write,k2,608.0460548400879,False,2121,2121,,201
1775115048.665855,write,k4,612.3032569885254,False,2074,2074,,201
1775115048.665986,write,k4,609.6100807189941,False,2075,2075,,201
1775115048.666093,write,k1,611.1009120941162,False,2068,2068,,201
1775115048.666189,write,k3,610.090970993042,False,2102,2102,,201
1775115048.66628,write,k4,608.5622310638428,False,2076,2076,,201
1775115048.6687858,write,k3,605.8108806610107,False,2103,2103,,201
1775115048.6798909,read,k3,118.98589134216309,False,2110,2103,11.104106903076172,200
1775115048.6858408,read,k5,119.57788467407227,False,2124,2117,22.612333297729492,200
1775115048.689187,write,k1,612.372875213623,False,2069,2069,,201
1775115048.689295,write,k2,611.9327545166016,False,2122,2122,,201
1775115048.749537,write,k3,616.9850826263428,False,2104,2104,,201
1775115048.749714,write,k3,613.9988899230957,False,2105,2105,,201
1775115048.772972,write,k5,607.4130535125732,False,2119,2119,,201
1775115048.7731578,write,k2,606.503963470459,False,2123,2123,,201
1775115048.773344,write,k5,614.617109298706,False,2118,2118,,201
1775115048.783259,write,k3,610.9638214111328,False,2107,2107,,201
1775115048.783463,write,k1,616.0600185394287,False,2070,2070,,201
1775115048.7899709,read,k2,104.40301895141602,False,2129,2123,16.812801361083984,200
1775115048.82993,write,k4,654.278039932251,False,2077,2077,,201
1775115048.8303869,write,k3,661.4210605621338,False,2106,2106,,201
1775115048.852674,write,k1,608.9839935302734,False,2071,2071,,201
1775115048.857579,write,k4,610.0301742553711,False,2078,2078,,201
1775115048.861396,write,k5,612.7941608428955,False,2120,2120,,201
1775115048.861862,write,k5,612.8778457641602,False,2121,2121,,201
1775115048.883886,read,k2,106.61077499389648,False,2131,2123,110.72278022766113,200
1775115048.967743,write,k5,611.8419170379639,False,2122,2122,,201
1775115048.968481,write,k4,613.3880615234375,False,2079,2079,,201
1775115048.969642,write,k4,610.7118129730225,False,2081,2081,,201
1775115048.970314,write,k4,612.199068069458,False,2080,2080,,201
1775115048.97072,write,k5,612.1001243591309,False,2123,2123,,201
1775115048.9710898,write,k3,609.961986541748,False,2108,2108,,201
1775115048.971436,write,k1,610.7521057128906,False,2072,2072,,201
1775115048.974491,write,k3,607.1550846099854,False,2109,2109,,201
1775115049.060439,write,k2,610.4681491851807,False,2124,2124,,201
1775115049.068883,write,k2,613.6529445648193,False,2125,2125,,201
1775115049.069392,write,k5,610.8200550079346,False,2124,2124,,201
1775115049.088523,write,k3,627.0880699157715,False,2110,2110,,201
1775115049.089034,read,k2,109.97676849365234,False,2132,2125,20.151615142822266,200
1775115049.137911,write,k4,636.2712383270264,False,2082,2082,,201
1775115049.208571,write,k3,652.4200439453125,False,2111,2111,,201
1775115049.208735,read,k5,111.3741397857666,False,2133,2124,139.3439769744873,200
1775115049.208859,write,k2,653.1541347503662,False,2126,2126,,201
1775115049.20898,write,k2,654.0133953094482,False,2127,2127,,201
1775115049.2090912,write,k4,648.4987735748291,False,2083,2083,,201
