timestamp,request_type,key,latency_ms,stale,returned_version,latest_version,interval_ms,status_code
1775114929.155831,read,k1,114.51888084411621,False,396,0,,200
1775114929.156107,read,k5,114.33792114257812,False,408,0,,200
1775114929.156277,read,k1,113.95502090454102,False,396,0,,200
1775114929.156439,read,k3,118.96586418151855,False,398,0,,200
1775114929.156588,read,k5,114.97807502746582,False,408,0,,200
1775114929.271391,read,k5,107.8639030456543,False,408,0,,200
1775114929.271583,read,k1,108.65187644958496,False,397,0,,200
1775114929.2717,read,k4,111.80591583251953,False,390,0,,200
1775114929.271808,read,k4,110.18681526184082,False,390,0,,200
1775114929.406049,read,k2,127.82597541809082,False,409,0,,200
1775114929.5896268,read,k1,178.62224578857422,False,398,0,,200
1775114929.671243,write,k2,628.70192527771,False,409,409,,201
1775114929.6717088,write,k3,629.798173904419,False,399,399,,201
1775114929.6719658,write,k1,629.7757625579834,False,397,397,,201
1775114929.672236,write,k1,631.2110424041748,False,395,395,,201
1775114929.672457,write,k1,630.4049491882324,False,396,396,,201
1775114929.7908852,read,k5,113.86895179748535,False,410,0,,200
1775114929.791384,write,k3,627.5851726531982,False,400,400,,201
1775114929.7916758,read,k1,111.98902130126953,False,398,397,119.21405792236328,200
1775114929.905685,write,k4,626.2621879577637,False,392,392,,201
1775114929.90626,write,k1,627.4778842926025,False,398,398,,201
1775114929.906549,write,k4,627.5510787963867,False,391,391,,201
1775114929.9193642,read,k4,111.61494255065918,False,393,392,12.806177139282227,200
1775114929.919848,read,k1,125.60796737670898,False,398,398,13.588190078735352,200
1775114930.066611,read,k4,142.30680465698242,False,393,392,160.05897521972656,200
1775114930.188472,read,k3,110.90707778930664,False,403,400,397.08709716796875,200
1775114930.1888158,read,k1,138.34500312805176,False,399,398,282.55605697631836,200
1775114930.189044,read,k5,137.80784606933594,False,413,0,,200
1775114930.189236,read,k2,138.23580741882324,False,412,409,517.9941654205322,200
1775114930.189417,read,k3,137.35294342041016,False,402,400,398.03504943847656,200
1775114930.1896079,read,k5,136.48605346679688,False,413,0,,200
1775114930.21423,write,k2,617.9361343383789,False,410,410,,201
1775114930.2924101,write,k5,614.0997409820557,False,410,410,,201
1775114930.292661,write,k4,616.2087917327881,False,393,393,,201
1775114930.292823,write,k5,617.2869205474854,False,409,409,,201
1775114930.3004181,read,k1,106.37903213500977,False,399,398,394.15812492370605,200
1775114930.3006248,read,k2,105.74793815612793,False,412,410,86.39788627624512,200
1775114930.312783,read,k3,113.78693580627441,False,404,400,521.3980674743652,200
1775114930.312999,read,k2,113.72494697570801,False,412,410,98.7710952758789,200
1775114930.313194,read,k2,114.65978622436523,False,412,410,98.96492958068848,200
1775114930.327531,read,k5,109.44724082946777,False,414,410,34.70301628112793,200
1775114930.4028502,read,k5,104.13789749145508,False,414,410,110.02182960510254,200
1775114930.418161,write,k3,621.1910247802734,False,401,401,,201
1775114930.430648,read,k4,107.96904563903809,False,395,393,137.98284530639648,200
1775114930.432906,read,k3,111.81521415710449,False,404,401,14.74618911743164,200
1775114930.520329,write,k5,610.4419231414795,False,411,411,,201
1775114930.5225248,write,k1,608.9029312133789,False,399,399,,201
1775114930.524338,write,k2,609.2710494995117,False,411,411,,201
1775114930.535425,read,k3,106.45699501037598,False,405,401,117.2640323638916,200
1775114930.548637,read,k4,109.49087142944336,False,395,393,255.97095489501953,200
1775114930.5492768,read,k1,110.86583137512207,False,401,399,26.752948760986328,200
1775114930.5627651,write,k5,639.0650272369385,False,412,412,,201
1775114930.634572,read,k5,106.85300827026367,False,414,412,71.80595397949219,200
1775114930.655304,read,k3,111.76705360412598,False,405,401,237.14208602905273,200
1775114930.6873019,write,k2,635.3068351745605,False,412,412,,201
1775114930.688119,write,k3,635.3988647460938,False,402,402,,201
1775114930.688689,write,k5,637.2261047363281,False,413,413,,201
1775114930.689238,write,k5,637.5460624694824,False,414,414,,201
1775114930.6896698,write,k3,625.5040168762207,False,403,403,,201
1775114930.765439,read,k5,107.01394081115723,False,416,414,76.19595527648926,200
1775114930.8028579,read,k4,109.16304588317871,False,396,393,510.1900100708008,200
1775114930.803966,read,k4,107.06877708435059,False,396,393,511.30008697509766,200
1775114930.8075361,write,k3,612.1227741241455,False,404,404,,201
1775114930.88252,read,k1,106.83417320251465,False,403,399,359.99274253845215,200
1775114930.914439,write,k4,616.710901260376,False,394,394,,201
1775114930.915004,write,k1,613.0387783050537,False,400,400,,201
1775114930.915329,write,k4,613.0709648132324,False,395,395,,201
1775114930.915689,write,k2,609.652042388916,False,413,413,,201
1775114930.92138,read,k5,109.07578468322754,False,418,414,232.14101791381836,200
1775114930.9217632,read,k2,109.07983779907227,False,415,413,6.073236465454102,200
1775114930.9334779,write,k1,611.4413738250732,False,401,401,,201
1775114930.945288,write,k3,611.1421585083008,False,405,405,,201
1775114930.997565,read,k3,107.95211791992188,False,405,405,52.27184295654297,200
1775114931.0266051,write,k2,612.6918792724609,False,414,414,,201
1775114931.028363,read,k3,109.32111740112305,False,406,405,83.07385444641113,200
1775114931.035754,read,k5,108.05988311767578,False,419,414,346.513032913208,200
1775114931.062367,read,k4,109.64608192443848,False,398,395,147.0358371734619,200
1775114931.1369019,write,k2,606.8270206451416,False,415,415,,201
1775114931.1385758,read,k1,105.81612586975098,False,406,401,205.09791374206543,200
1775114931.140115,write,k4,608.8001728057861,False,396,396,,201
1775114931.1655622,write,k1,612.3578548431396,False,402,402,,201
1775114931.166017,write,k5,612.0212078094482,False,415,415,,201
1775114931.183512,write,k1,613.0211353302002,False,403,403,,201
1775114931.183778,read,k5,127.64501571655273,False,420,415,17.7609920501709,200
1775114931.183957,read,k1,124.54390525817871,False,408,403,0.4448890686035156,200
1775114931.184124,read,k3,125.2450942993164,False,407,405,238.83795738220215,200
1775114931.184278,read,k2,124.48501586914062,False,418,415,47.38116264343262,200
1775114931.248105,write,k5,607.2180271148682,False,416,416,,201
1775114931.255787,read,k2,108.46686363220215,False,418,415,118.88909339904785,200
1775114931.2559302,read,k4,106.94575309753418,False,399,396,115.81611633300781,200
1775114931.280024,read,k5,106.18877410888672,False,421,416,31.919002532958984,200
1775114931.2940428,read,k2,105.61203956604004,False,418,415,157.14526176452637,200
1775114931.295903,read,k2,105.0870418548584,False,418,415,159.00492668151855,200
1775114931.3019001,write,k5,611.212968826294,False,417,417,,201
1775114931.303744,write,k5,611.8543148040771,False,418,418,,201
1775114931.305609,write,k4,608.3590984344482,False,397,397,,201
1775114931.359767,read,k4,104.28690910339355,False,400,397,54.15487289428711,200
1775114931.363646,read,k1,103.96003723144531,False,410,403,180.1309585571289,200
1775114931.3711271,read,k2,107.77091979980469,False,418,415,234.22598838806152,200
1775114931.411167,read,k5,105.44490814208984,False,423,418,107.41496086120605,200
1775114931.416928,read,k1,104.75707054138184,False,410,403,233.40988159179688,200
1775114931.4201071,write,k1,614.0048503875732,False,404,404,,201
1775114931.423887,read,k1,108.34598541259766,False,410,404,3.7839412689208984,200
1775114931.4774132,read,k3,109.91287231445312,False,409,405,532.1218967437744,200
1775114931.488226,read,k5,105.12995719909668,False,423,418,184.4768524169922,200
1775114931.529071,write,k3,610.9721660614014,False,406,406,,201
1775114931.52958,write,k5,607.7291965484619,False,419,419,,201
1775114931.529922,write,k4,613.4006977081299,False,398,398,,201
1775114931.530464,read,k4,109.94410514831543,False,400,398,0.5388259887695312,200
1775114931.533728,read,k3,108.21890830993652,False,409,406,4.6558380126953125,200
1775114931.535455,read,k2,108.55603218078613,False,421,415,398.55504035949707,200
1775114931.535882,write,k1,610.3622913360596,False,405,405,,201
1775114931.550783,write,k3,610.9261512756348,False,407,407,,201
1775114931.605879,read,k2,108.26778411865234,False,421,415,468.9769744873047,200
1775114931.622934,write,k1,613.8119697570801,False,406,406,,201
1775114931.64298,read,k4,110.19325256347656,False,401,398,113.05379867553711,200
1775114931.644922,write,k1,610.5160713195801,False,407,407,,201
1775114931.6453,read,k1,110.91494560241699,False,410,407,0.3788471221923828,200
1775114931.647202,read,k2,107.50699043273926,False,422,415,510.3020668029785,200
1775114931.652215,read,k5,109.69018936157227,False,424,419,122.6348876953125,200
1775114931.660026,write,k1,613.1088733673096,False,408,408,,201
1775114931.6702468,read,k2,108.21723937988281,False,422,415,533.3461761474609,200
1775114931.685219,write,k2,627.5959014892578,False,417,417,,201
1775114931.685754,write,k2,619.2359924316406,False,416,416,,201
1775114931.686099,write,k5,625.0417232513428,False,421,421,,201
1775114931.686399,write,k2,624.9752044677734,False,418,418,,201
1775114931.68666,write,k4,629.6639442443848,False,399,399,,201
1775114931.6869,write,k3,628.7369728088379,False,408,408,,201
1775114931.687128,write,k5,626.9681453704834,False,420,420,,201
1775114931.76401,write,k1,614.3579483032227,False,409,409,,201
1775114931.7646039,read,k4,115.67473411560059,False,402,399,77.9409408569336,200
1775114931.77534,read,k3,107.87391662597656,False,411,408,88.43493461608887,200
1775114931.782621,write,k1,609.3273162841797,False,410,410,,201
1775114931.804287,write,k4,615.3678894042969,False,400,400,,201
1775114931.8057861,write,k5,617.6009178161621,False,422,422,,201
1775114931.806558,write,k5,612.4658584594727,False,423,423,,201
1775114931.806904,read,k1,117.66600608825684,False,410,410,24.28269386291504,200
1775114931.80721,read,k2,115.4639720916748,False,426,418,120.80979347229004,200
1775114931.80756,read,k1,114.82810974121094,False,410,410,24.940967559814453,200
1775114931.875066,read,k3,106.43696784973145,False,412,408,188.15994262695312,200
1775114931.882624,read,k3,108.42132568359375,False,412,408,195.71924209594727,200
1775114931.8967528,read,k4,119.30084228515625,False,404,400,92.4689769744873,200
1775114931.8970082,write,k3,607.7702045440674,False,409,409,,201
1775114931.897155,read,k3,111.11116409301758,False,412,409,0.14710426330566406,200
1775114931.907716,write,k2,609.2889308929443,False,419,419,,201
1775114931.910753,write,k2,606.9259643554688,False,420,420,,201
1775114931.912523,read,k2,104.87127304077148,False,428,420,1.7681121826171875,200
1775114931.9787571,write,k2,612.8969192504883,False,421,421,,201
1775114932.005064,read,k1,125.2291202545166,False,411,410,222.4419116973877,200
1775114932.009422,read,k5,106.78458213806152,False,427,423,202.86107063293457,200
1775114932.013053,read,k5,106.60982131958008,False,427,423,206.49313926696777,200
1775114932.021328,read,k4,107.5291633605957,False,405,400,217.0407772064209,200
1775114932.03158,read,k2,111.86003684997559,False,429,421,52.82092094421387,200
1775114932.041617,write,k4,615.4220104217529,False,401,401,,201
1775114932.099115,write,k3,618.149995803833,False,410,410,,201
1775114932.126166,read,k1,114.14909362792969,False,411,410,343.54376792907715,200
1775114932.1268349,read,k3,107.64908790588379,False,415,410,27.793169021606445,200
1775114932.143767,write,k2,612.3158931732178,False,422,422,,201
1775114932.144408,write,k5,610.558032989502,False,424,424,,201
1775114932.153354,write,k4,613.1889820098877,False,402,402,,201
1775114932.179163,read,k3,120.12815475463867,False,415,410,80.11388778686523,200
1775114932.179691,read,k5,118.78490447998047,False,428,424,35.28404235839844,200
1775114932.181769,read,k1,120.22280693054199,False,413,410,399.14798736572266,200
1775114932.1821928,read,k5,121.99091911315918,False,428,424,37.786006927490234,200
1775114932.1825511,read,k4,121.32906913757324,False,409,402,29.198169708251953,200
1775114932.224129,write,k2,607.6300144195557,False,423,423,,201
1775114932.2438662,write,k2,614.0820980072021,False,424,424,,201
1775114932.25917,read,k4,109.0390682220459,False,411,402,105.81302642822266,200
1775114932.266411,write,k3,618.1151866912842,False,411,411,,201
1775114932.266807,write,k2,612.6871109008789,False,425,425,,201
1775114932.275414,write,k2,620.7139492034912,False,426,426,,201
1775114932.275813,write,k4,617.9499626159668,False,403,403,,201
1775114932.289759,read,k4,107.08212852478027,False,411,403,13.943195343017578,200
1775114932.2975209,write,k4,623.7640380859375,False,404,404,,201
1775114932.2980359,read,k2,107.21921920776367,False,433,426,22.622108459472656,200
1775114932.2993321,write,k2,606.9507598876953,False,427,427,,201
1775114932.299596,read,k4,109.25507545471191,False,411,404,2.0759105682373047,200
1775114932.311757,write,k2,615.7081127166748,False,428,428,,201
1775114932.3123899,write,k5,617.2420978546143,False,425,425,,201
1775114932.312937,write,k3,618.757963180542,False,412,412,,201
1775114932.3556721,read,k5,106.43911361694336,False,429,425,43.27702522277832,200
1775114932.3665469,read,k5,105.30710220336914,False,429,425,54.15487289428711,200
1775114932.383627,read,k5,110.00609397888184,False,429,425,71.23613357543945,200
1775114932.3961432,read,k4,108.59274864196777,False,411,404,98.6177921295166,200
1775114932.405965,read,k2,105.0262451171875,False,434,428,94.2070484161377,200
1775114932.406558,read,k1,108.00480842590332,False,416,410,623.9359378814697,200
1775114932.4131598,read,k2,108.25896263122559,False,434,428,101.40323638916016,200
1775114932.4233248,write,k1,611.9279861450195,False,411,411,,201
1775114932.423842,write,k5,613.696813583374,False,426,426,,201
1775114932.424293,write,k2,611.9749546051025,False,429,429,,201
1775114932.424621,write,k4,609.5128059387207,False,405,405,,201
1775114932.424918,write,k5,610.2418899536133,False,427,427,,201
1775114932.427352,read,k5,107.09404945373535,False,431,427,2.428770065307617,200
1775114932.4305432,read,k3,109.31396484375,False,417,412,117.60473251342773,200
1775114932.4761112,read,k2,106.21500015258789,False,434,429,51.81407928466797,200
1775114932.493665,read,k1,107.36894607543945,False,416,411,70.33491134643555,200
1775114932.5026739,write,k3,608.8869571685791,False,413,413,,201
1775114932.50678,read,k2,106.63294792175293,False,434,429,82.48305320739746,200
1775114932.514216,write,k3,607.429027557373,False,414,414,,201
1775114932.527596,write,k4,613.3890151977539,False,406,406,,201
1775114932.528215,read,k1,108.86383056640625,False,417,411,104.88772392272949,200
1775114932.5361762,read,k1,106.73379898071289,False,417,411,112.85090446472168,200
1775114932.537171,read,k1,108.45780372619629,False,417,411,113.84701728820801,200
1775114932.537843,read,k5,106.89306259155273,False,432,427,112.92409896850586,200
1775114932.585036,read,k3,106.5061092376709,False,418,414,70.8169937133789,200
1775114932.599812,write,k3,608.4041595458984,False,415,415,,201
1775114932.60112,read,k3,104.10499572753906,False,418,415,1.3070106506347656,200
1775114932.616919,read,k5,105.89599609375,False,432,427,191.99514389038086,200
1775114932.624498,read,k3,105.80706596374512,False,418,415,24.682998657226562,200
1775114932.62958,write,k5,614.3419742584229,False,428,428,,201
1775114932.641438,read,k4,107.31124877929688,False,412,406,113.84320259094238,200
1775114932.6433978,read,k3,107.10787773132324,False,418,415,43.58506202697754,200
1775114932.6462111,write,k4,611.1621856689453,False,407,407,,201
1775114932.64656,write,k1,616.4112091064453,False,412,412,,201
1775114932.65579,write,k1,610.6548309326172,False,413,413,,201
1775114932.6840708,write,k4,623.4951019287109,False,408,408,,201
1775114932.684554,write,k2,622.2877502441406,False,430,430,,201
1775114932.685035,write,k3,625.2622604370117,False,416,416,,201
1775114932.6853619,write,k2,623.5389709472656,False,431,431,,201
1775114932.6857128,write,k4,623.0618953704834,False,409,409,,201
1775114932.710207,write,k2,608.0079078674316,False,432,432,,201
1775114932.717043,read,k2,106.31799697875977,False,438,432,6.83283805847168,200
1775114932.736421,read,k2,109.56311225891113,False,438,432,26.210784912109375,200
1775114932.7385988,write,k4,608.292818069458,False,410,410,,201
1775114932.7424269,read,k5,107.71989822387695,False,432,428,112.84923553466797,200
1775114932.7427819,write,k4,610.3689670562744,False,411,411,,201
1775114932.760409,write,k1,612.1087074279785,False,414,414,,201
1775114932.761142,read,k1,110.41569709777832,False,420,414,0.7331371307373047,200
1775114932.7615721,read,k3,107.48791694641113,False,420,416,76.5371322631836,200
1775114932.761937,read,k2,110.73803901672363,False,439,432,51.73087120056152,200
1775114932.770081,write,k2,613.1420135498047,False,433,433,,201
1775114932.794621,read,k5,106.90712928771973,False,433,428,165.0412082672119,200
1775114932.797601,write,k5,605.6621074676514,False,429,429,,201
1775114932.801322,write,k3,611.7129325866699,False,417,417,,201
1775114932.835577,write,k1,609.4129085540771,False,415,415,,201
1775114932.845689,read,k2,104.66480255126953,False,440,433,75.6080150604248,200
1775114932.847575,read,k3,104.25615310668945,False,421,417,46.25391960144043,200
1775114932.876012,read,k2,107.26022720336914,False,440,433,105.93104362487793,200
1775114932.876416,read,k2,105.5443286895752,False,440,433,106.33707046508789,200
1775114932.877575,read,k1,103.76620292663574,False,423,415,41.99814796447754,200
1775114932.8846788,write,k2,612.7872467041016,False,434,434,,201
1775114932.894866,write,k1,608.0119609832764,False,416,416,,201
1775114932.9058828,read,k5,102.79083251953125,False,436,429,108.28304290771484,200
1775114932.913934,write,k5,611.0799312591553,False,430,430,,201
1775114932.914285,write,k5,611.0188961029053,False,431,431,,201
1775114932.932113,write,k5,610.0790500640869,False,432,432,,201
1775114932.970737,write,k3,609.6091270446777,False,418,418,,201
1775114933.0060968,read,k3,106.16397857666016,False,421,418,35.356998443603516,200
1775114933.018798,read,k5,105.72695732116699,False,438,432,86.669921875,200
1775114933.02327,read,k5,105.84497451782227,False,438,432,91.10593795776367,200
1775114933.023608,write,k4,611.7069721221924,False,412,412,,201
1775114933.023901,read,k1,104.75015640258789,False,425,416,129.03428077697754,200
1775114933.0241401,write,k1,610.3410720825195,False,417,417,,201
1775114933.032251,write,k2,606.3868999481201,False,435,435,,201
1775114933.0414321,write,k2,613.090991973877,False,436,436,,201
1775114933.041845,write,k1,607.5572967529297,False,418,418,,201
1775114933.043215,write,k1,605.1480770111084,False,419,419,,201
1775114933.08228,read,k1,104.51412200927734,False,425,419,39.06416893005371,200
1775114933.1230679,read,k5,105.92198371887207,False,438,432,190.95301628112793,200
1775114933.126637,write,k1,610.1677417755127,False,420,420,,201
1775114933.135438,read,k2,108.38007926940918,False,443,436,94.00415420532227,200
1775114933.1360798,read,k1,107.9399585723877,False,425,420,9.4451904296875,200
1775114933.1389928,read,k2,108.20579528808594,False,443,436,97.56016731262207,200
1775114933.147072,write,k2,607.774019241333,False,437,437,,201
1775114933.147551,write,k2,607.4538230895996,False,438,438,,201
1775114933.147906,write,k3,608.2339286804199,False,419,419,,201
1775114933.1496708,read,k2,110.5191707611084,False,443,438,2.1190643310546875,200
1775114933.1652899,read,k2,114.12286758422852,False,443,438,17.735004425048828,200
1775114933.165704,read,k2,119.31705474853516,False,443,438,18.153905868530273,200
1775114933.165923,read,k4,114.05301094055176,False,419,412,142.31586456298828,200
1775114933.173493,read,k3,111.19627952575684,False,422,419,25.58422088623047,200
1775114933.1757598,read,k4,115.44585227966309,False,419,412,152.15086936950684,200
1775114933.176116,read,k2,112.61534690856934,False,444,438,28.5642147064209,200
1775114933.17644,read,k3,113.57498168945312,False,422,419,28.532981872558594,200
1775114933.176692,read,k4,113.67392539978027,False,419,412,153.08475494384766,200
1775114933.176907,read,k3,113.72709274291992,False,423,419,29.00099754333496,200
1775114933.1929731,read,k1,108.37769508361816,False,425,420,66.33496284484863,200
1775114933.194279,write,k4,607.2161197662354,False,413,413,,201
1775114933.218654,write,k3,612.8339767456055,False,420,420,,201
1775114933.242118,write,k2,610.5930805206299,False,439,439,,201
1775114933.2455082,read,k1,111.35506629943848,False,425,420,118.87097358703613,200
1775114933.2470279,read,k1,114.08185958862305,False,425,420,120.39303779602051,200
1775114933.250481,read,k1,106.4908504486084,False,425,420,123.84605407714844,200
1775114933.262526,write,k4,612.8029823303223,False,414,414,,201
1775114933.2629209,read,k2,113.12675476074219,False,444,439,20.80392837524414,200
1775114933.263165,read,k2,110.81600189208984,False,444,439,21.04973793029785,200
1775114933.2633789,read,k2,109.4200611114502,False,444,439,21.263837814331055,200
1775114933.2668061,write,k5,607.9800128936768,False,433,433,,201
1775114933.281636,read,k5,107.54704475402832,False,442,433,14.828205108642578,200
1775114933.296763,write,k5,608.6068153381348,False,434,434,,201
1775114933.297394,write,k2,607.8886985778809,False,440,440,,201
1775114933.297845,write,k1,610.8431816101074,False,421,421,,201
1775114933.306356,read,k5,124.01199340820312,False,442,434,9.594202041625977,200
1775114933.3068612,read,k3,121.88100814819336,False,423,420,88.20676803588867,200
1775114933.3091671,read,k1,113.45314979553223,False,428,421,11.321067810058594,200
1775114933.309463,write,k3,618.7489032745361,False,421,421,,201
1775114933.309877,read,k5,130.19108772277832,False,442,434,13.115882873535156,200
1775114933.310196,read,k3,123.53706359863281,False,423,421,0.7319450378417969,200
1775114933.325879,read,k5,104.51889038085938,False,444,434,29.115915298461914,200
1775114933.333388,write,k5,613.889217376709,False,435,435,,201
1775114933.334368,write,k4,608.2079410552979,False,415,415,,201
1775114933.3643699,write,k1,611.5379333496094,False,422,422,,201
1775114933.364901,write,k5,613.605260848999,False,436,436,,201
1775114933.368105,read,k1,110.53204536437988,False,429,422,3.735065460205078,200
1775114933.369083,read,k5,110.85319519042969,False,444,436,4.148960113525391,200
1775114933.383067,write,k4,617.5920963287354,False,416,416,,201
1775114933.383451,write,k1,615.1080131530762,False,423,423,,201
1775114933.412493,write,k2,612.9591464996338,False,441,441,,201
1775114933.413548,write,k4,608.7818145751953,False,417,417,,201
1775114933.42029,read,k3,107.24568367004395,False,426,421,110.8241081237793,200
1775114933.42181,read,k2,104.63404655456543,False,447,441,9.319067001342773,200
1775114933.4237509,read,k4,105.88622093200684,False,421,417,10.202169418334961,200
1775114933.424096,read,k1,105.46708106994629,False,432,423,40.643930435180664,200
1775114933.439828,read,k3,107.0871353149414,False,426,421,130.36131858825684,200
1775114933.442281,read,k2,105.32093048095703,False,447,441,29.789209365844727,200
1775114933.442652,write,k5,605.478048324585,False,437,437,,201
1775114933.4595149,write,k1,607.5949668884277,False,424,424,,201
1775114933.46718,write,k2,610.0296974182129,False,442,442,,201
1775114933.476929,read,k3,103.75714302062988,False,428,421,167.46115684509277,200
1775114933.489648,write,k4,609.6940040588379,False,418,418,,201
1775114933.49006,write,k1,610.5790138244629,False,425,425,,201
1775114933.493519,write,k2,610.0490093231201,False,443,443,,201
1775114933.5069928,write,k5,613.6457920074463,False,438,438,,201
1775114933.529719,read,k3,108.53815078735352,False,429,421,220.25299072265625,200
1775114933.53014,read,k1,109.67016220092773,False,433,425,40.07911682128906,200
1775114933.537397,read,k1,110.25714874267578,False,433,425,47.3330020904541,200
1775114933.537792,read,k4,110.00704765319824,False,421,418,48.14577102661133,200
1775114933.53809,read,k5,107.75208473205566,False,447,438,31.09884262084961,200
1775114933.55967,write,k4,617.455005645752,False,419,419,,201
1775114933.560148,read,k2,110.45193672180176,False,450,443,66.62797927856445,200
1775114933.5607738,read,k4,115.67521095275879,False,421,419,1.1050701141357422,200
1775114933.591323,read,k2,111.21797561645508,False,451,443,97.80216217041016,200
1775114933.6146848,read,k4,110.85891723632812,False,421,419,55.01723289489746,200
1775114933.621959,read,k5,105.14092445373535,False,449,438,114.96710777282715,200
1775114933.628384,write,k3,607.9528331756592,False,422,422,,201
1775114933.6361039,write,k5,611.238956451416,False,439,439,,201
1775114933.6670148,read,k4,106.1391830444336,False,421,419,107.34415054321289,200
1775114933.667486,read,k4,118.25084686279297,False,421,419,107.8178882598877,200
1775114933.667906,read,k5,110.51726341247559,False,450,439,31.802892684936523,200
1775114933.6727731,read,k5,103.58285903930664,False,450,439,36.669015884399414,200
1775114933.6733692,read,k4,104.98404502868652,False,421,419,113.70110511779785,200
1775114933.674813,write,k5,612.9581928253174,False,440,440,,201
1775114933.675041,write,k3,611.382007598877,False,423,423,,201
1775114933.675238,write,k5,611.9039058685303,False,441,441,,201
1775114933.675461,write,k2,612.8909587860107,False,444,444,,201
1775114933.72634,read,k5,105.26514053344727,False,450,441,51.09691619873047,200
1775114933.761941,write,k5,620.8691596984863,False,442,442,,201
1775114933.7622569,write,k1,610.6889247894287,False,426,426,,201
1775114933.762476,write,k4,617.5730228424072,False,420,420,,201
1775114933.777199,read,k4,107.86294937133789,False,423,420,14.719963073730469,200
1775114933.7774332,write,k4,607.9750061035156,False,421,421,,201
1775114933.7830038,write,k1,610.645055770874,False,427,427,,201
1775114933.797065,write,k5,610.0828647613525,False,443,443,,201
1775114933.797257,write,k1,618.1330680847168,False,428,428,,201
1775114933.79972,read,k5,117.79308319091797,False,450,443,2.655029296875,200
1775114933.7998688,read,k2,121.10376358032227,False,451,444,124.40776824951172,200
1775114933.815671,write,k5,619.0061569213867,False,444,444,,201
1775114933.849864,read,k4,107.70368576049805,False,424,421,72.43084907531738,200
1775114933.8617148,write,k1,617.4349784851074,False,429,429,,201
1775114933.8618171,write,k3,608.630895614624,False,424,424,,201
1775114933.873497,write,k5,607.3548793792725,False,445,445,,201
1775114933.873579,write,k3,608.1538200378418,False,425,425,,201
1775114933.873666,read,k4,105.06296157836914,False,424,421,96.23408317565918,200
1775114933.877377,write,k2,604.3949127197266,False,445,445,,201
1775114933.877455,write,k5,604.931116104126,False,446,446,,201
1775114933.880399,write,k5,605.5479049682617,False,447,447,,201
1775114933.892457,write,k1,606.6510677337646,False,430,430,,201
1775114933.8976178,read,k4,104.13217544555664,False,425,421,120.18585205078125,200
1775114933.910743,read,k4,105.88812828063965,False,425,421,133.31103324890137,200
1775114933.910825,read,k4,106.20427131652832,False,425,421,133.3928108215332,200
1775114933.910914,read,k3,105.4987907409668,False,432,425,37.33491897583008,200
1775114933.910987,read,k3,105.28373718261719,False,432,425,37.407875061035156,200
1775114933.922754,write,k2,617.8851127624512,False,446,446,,201
1775114933.92284,write,k1,617.2239780426025,False,431,431,,201
1775114933.922931,write,k3,611.6070747375488,False,426,426,,201
1775114933.923018,write,k2,615.9191131591797,False,447,447,,201
1775114933.923106,write,k1,610.4230880737305,False,432,432,,201
1775114933.949793,write,k1,613.8551235198975,False,433,433,,201
1775114933.974994,write,k3,608.0961227416992,False,427,427,,201
1775114933.977068,write,k3,605.5760383605957,False,428,428,,201
1775114933.979407,write,k2,605.5319309234619,False,448,448,,201
1775114933.986041,read,k1,105.80563545227051,False,441,433,36.248207092285156,200
1775114933.9861388,read,k4,105.40485382080078,False,426,421,208.7078094482422,200
1775114933.989573,read,k2,105.61895370483398,False,453,448,10.165929794311523,200
1775114933.991777,read,k1,103.85298728942871,False,441,433,41.98408126831055,200
1775114933.994174,write,k2,606.2681674957275,False,449,449,,201
1775114933.998522,read,k3,104.5079231262207,False,433,428,21.4540958404541,200
1775114934.004583,write,k3,611.7582321166992,False,429,429,,201
1775114934.019017,read,k5,104.67100143432617,False,454,447,138.61799240112305,200
1775114934.0191,read,k3,104.64787483215332,False,433,429,14.517068862915039,200
1775114934.027425,read,k1,103.12700271606445,False,441,433,77.63099670410156,200
1775114934.0275352,read,k2,106.38117790222168,False,454,449,33.361196517944336,200
1775114934.065415,read,k4,133.80885124206543,False,428,421,287.9800796508789,200
1775114934.0781388,write,k3,647.3813056945801,False,430,430,,201
1775114934.0903769,write,k2,641.4148807525635,False,450,450,,201
1775114934.0907142,write,k1,626.1451244354248,False,434,434,,201
1775114934.0912042,write,k2,618.1330680847168,False,451,451,,201
1775114934.091323,read,k1,138.66901397705078,False,442,434,0.6089210510253906,200
1775114934.091419,read,k4,113.94405364990234,False,428,421,313.98701667785645,200
1775114934.097517,write,k5,605.8411598205566,False,448,448,,201
1775114934.118562,write,k5,619.5130348205566,False,449,449,,201
1775114934.118699,read,k4,120.74398994445801,False,429,421,341.2668704986572,200
1775114934.12116,read,k1,126.3120174407959,False,442,434,30.446767807006836,200
1775114934.1407099,read,k2,149.183988571167,False,454,451,49.50523376464844,200
1775114934.14081,read,k5,108.34908485412598,False,456,449,22.248029708862305,200
1775114934.1408992,read,k4,116.74380302429199,False,430,421,363.4669780731201,200
1775114934.1409879,read,k2,144.32311058044434,False,454,451,49.783945083618164,200
1775114934.141067,read,k5,147.06683158874512,False,456,449,22.505998611450195,200
1775114934.141153,read,k3,127.71296501159668,False,434,430,63.01474571228027,200
1775114934.14123,read,k4,135.39624214172363,False,429,421,363.7981414794922,200
1775114934.1647592,write,k5,629.0647983551025,False,450,450,,201
1775114934.164856,write,k1,630.0239562988281,False,435,435,,201
1775114934.164951,write,k1,626.0757446289062,False,436,436,,201
1775114934.192831,read,k4,114.61400985717773,False,430,421,415.39788246154785,200
1775114934.196359,read,k4,103.25980186462402,False,430,421,418.9269542694092,200
1775114934.199292,read,k4,102.8139591217041,False,430,421,421.8590259552002,200
1775114934.202569,read,k2,102.67806053161621,False,456,451,111.36507987976074,200
1775114934.205566,read,k3,104.96997833251953,False,435,430,127.42781639099121,200
1775114934.219892,write,k4,619.6911334991455,False,422,422,,201
1775114934.223466,read,k4,103.57308387756348,False,430,422,3.573179244995117,200
1775114934.225306,read,k1,101.84502601623535,False,443,436,60.35304069519043,200
1775114934.2330701,write,k1,606.5492630004883,False,437,437,,201
1775114934.252297,read,k4,105.78083992004395,False,430,422,32.404184341430664,200
1775114934.2524312,read,k2,105.50975799560547,False,457,451,161.22698783874512,200
1775114934.2525818,read,k2,103.53207588195801,False,457,451,161.3771915435791,200
1775114934.253797,write,k1,623.7189769744873,False,438,438,,201
1775114934.282358,read,k5,105.73697090148926,False,458,450,117.59805679321289,200
1775114934.291577,write,k1,646.5022563934326,False,439,439,,201
1775114934.2917628,write,k4,622.8840351104736,False,423,423,,201
1775114934.291955,write,k3,615.1809692382812,False,432,432,,201
1775114934.292133,write,k4,610.6607913970947,False,424,424,,201
1775114934.2923021,write,k3,622.3621368408203,False,431,431,,201
1775114934.2933939,write,k2,609.8577976226807,False,452,452,,201
1775114934.293565,write,k1,610.9740734100342,False,440,440,,201
1775114934.303092,read,k4,104.02703285217285,False,432,424,10.958671569824219,200
1775114934.315459,read,k2,104.92587089538574,False,461,452,22.062063217163086,200
1775114934.3487191,read,k4,104.71510887145996,False,433,424,56.58078193664551,200
1775114934.394971,write,k5,626.8610954284668,False,451,451,,201
1775114934.395799,write,k4,611.1679077148438,False,425,425,,201
1775114934.3963919,write,k1,613.1381988525391,False,441,441,,201
1775114934.396968,write,k5,627.8090476989746,False,452,452,,201
1775114934.404675,read,k5,106.36520385742188,False,460,452,7.705926895141602,200
1775114934.405074,read,k2,107.85102844238281,False,462,452,111.6781234741211,200
1775114934.408045,read,k5,106.536865234375,False,460,452,11.076927185058594,200
1775114934.432541,read,k4,106.91404342651367,False,434,425,36.74006462097168,200
1775114934.43437,write,k4,607.2149276733398,False,426,426,,201
1775114934.461546,read,k3,105.35311698913574,False,439,432,169.24190521240234,200
1775114934.4638221,write,k2,605.741024017334,False,453,453,,201
1775114934.473825,write,k3,607.0010662078857,False,433,433,,201
1775114934.474227,write,k5,607.5258255004883,False,453,453,,201
1775114934.482774,write,k5,607.248067855835,False,454,454,,201
1775114934.4884968,write,k4,606.7581176757812,False,427,427,,201
1775114934.506081,write,k2,605.8800220489502,False,454,454,,201
1775114934.507213,read,k1,105.54814338684082,False,447,441,110.82291603088379,200
1775114934.507589,read,k1,106.6129207611084,False,447,441,111.19985580444336,200
1775114934.511622,read,k1,104.6290397644043,False,447,441,115.23294448852539,200
1775114934.51184,read,k1,103.70898246765137,False,447,441,115.44990539550781,200
1775114934.5228958,read,k2,107.98192024230957,False,464,454,16.813039779663086,200
1775114934.5297768,write,k5,608.5047721862793,False,455,455,,201
1775114934.530188,write,k4,606.0371398925781,False,428,428,,201
1775114934.536329,write,k1,609.562873840332,False,442,442,,201
1775114934.540432,write,k5,608.7150573730469,False,456,456,,201
1775114934.5479228,read,k4,105.11374473571777,False,434,428,17.734050750732422,200
1775114934.579156,read,k2,106.82225227355957,False,465,454,73.07100296020508,200
1775114934.5861802,read,k5,106.46295547485352,False,461,456,45.751094818115234,200
1775114934.587344,read,k3,105.01885414123535,False,439,433,113.51609230041504,200
1775114934.594068,write,k4,615.3318881988525,False,429,429,,201
1775114934.594451,write,k3,606.4651012420654,False,434,434,,201
1775114934.621214,read,k3,106.86111450195312,False,440,434,26.757001876831055,200
1775114934.627668,read,k1,108.33191871643066,False,448,442,91.33791923522949,200
1775114934.628984,write,k4,608.496904373169,False,430,430,,201
1775114934.637213,read,k1,105.65805435180664,False,448,442,100.88109970092773,200
1775114934.63841,read,k4,104.74896430969238,False,436,430,9.424924850463867,200
1775114934.638701,write,k3,606.4488887786865,False,435,435,,201
1775114934.647431,read,k1,107.69987106323242,False,449,442,111.1001968383789,200
1775114934.6911209,read,k3,106.98509216308594,False,440,435,52.41584777832031,200
1775114934.696875,write,k2,608.4589958190918,False,455,455,,201
1775114934.698028,read,k1,103.48296165466309,False,449,442,161.6981029510498,200
1775114934.700453,write,k2,606.1360836029053,False,456,456,,201
1775114934.700796,read,k5,105.00884056091309,False,461,456,160.3691577911377,200
1775114934.701089,write,k1,606.9629192352295,False,443,443,,201
1775114934.7077188,read,k1,108.93011093139648,False,449,443,6.6280364990234375,200
1775114934.7277498,write,k5,606.5280437469482,False,457,457,,201
1775114934.7389061,read,k1,112.31112480163574,False,449,443,37.808895111083984,200
1775114934.739603,read,k5,109.20310020446777,False,461,457,11.85297966003418,200
1775114934.745087,read,k3,110.08000373840332,False,441,435,106.38308525085449,200
1775114934.751565,write,k2,607.7451705932617,False,457,457,,201
1775114934.7528288,read,k3,110.32485961914062,False,441,435,114.12405967712402,200
1775114934.7537742,write,k5,607.3629856109619,False,458,458,,201
1775114934.755466,write,k4,606.8260669708252,False,431,431,,201
1775114934.755764,write,k4,606.9409847259521,False,432,432,,201
1775114934.777206,write,k3,610.7838153839111,False,436,436,,201
1775114934.7778828,write,k2,611.4020347595215,False,458,458,,201
1775114934.802901,read,k4,108.53290557861328,False,437,432,47.13320732116699,200
1775114934.804538,write,k2,606.464147567749,False,459,459,,201
1775114934.8119621,read,k2,108.71505737304688,False,469,459,7.420778274536133,200
1775114934.8123221,write,k2,609.9851131439209,False,460,460,,201
1775114934.8126342,read,k2,107.80215263366699,False,469,460,0.3120899200439453,200
1775114934.8158872,write,k2,608.4761619567871,False,461,461,,201
1775114934.8329742,write,k4,609.0521812438965,False,433,433,,201
1775114934.846765,write,k1,614.7370338439941,False,444,444,,201
1775114934.847004,write,k1,614.21799659729,False,445,445,,201
1775114934.857713,read,k2,108.20198059082031,False,470,461,41.82600975036621,200
1775114934.85968,read,k1,109.55023765563965,False,453,445,12.67385482788086,200
1775114934.859977,write,k5,606.4591407775879,False,459,459,,201
1775114934.861413,read,k2,105.57293891906738,False,470,461,45.52602767944336,200
1775114934.86521,read,k1,107.47194290161133,False,453,445,18.20087432861328,200
1775114934.869438,write,k3,607.9292297363281,False,437,437,,201
1775114934.8697338,write,k3,607.8903675079346,False,438,438,,201
1775114934.869942,write,k3,608.2680225372314,False,439,439,,201
1775114934.901964,write,k1,613.0831241607666,False,446,446,,201
1775114934.902886,write,k1,605.9098243713379,False,447,447,,201
1775114934.903187,write,k4,605.504035949707,False,434,434,,201
1775114934.9038668,write,k2,609.9913120269775,False,462,462,,201
1775114934.904072,write,k5,606.6298484802246,False,460,460,,201
1775114934.9175491,read,k5,102.71620750427246,False,463,460,13.47494125366211,200
1775114934.9211829,write,k2,606.997013092041,False,463,463,,201
1775114934.922693,read,k4,105.64804077148438,False,438,434,19.504070281982422,200
1775114934.973462,read,k2,105.79204559326172,False,473,463,52.275896072387695,200
1775114934.974275,read,k3,111.80806159973145,False,444,439,104.32887077331543,200
1775114934.974945,read,k3,109.33303833007812,False,444,439,105.00097274780273,200
1775114934.9752681,read,k4,112.43605613708496,False,438,434,72.08108901977539,200
1775114934.9839292,read,k4,106.52399063110352,False,438,434,80.73902130126953,200
1775114934.9842298,read,k5,107.09500312805176,False,466,460,80.15823364257812,200
1775114934.984452,read,k2,106.85420036315918,False,473,463,63.27009201049805,200
1775114935.011293,write,k2,608.0379486083984,False,464,464,,201
1775114935.022885,write,k2,607.036828994751,False,465,465,,201
1775114935.0253062,read,k3,122.02787399291992,False,445,439,155.35902976989746,200
1775114935.0351539,read,k5,103.95598411560059,False,467,460,131.07919692993164,200
1775114935.048575,write,k5,612.3497486114502,False,461,461,,201
1775114935.082293,write,k4,610.2657318115234,False,435,435,,201
1775114935.090579,read,k3,109.11107063293457,False,446,439,220.63207626342773,200
1775114935.0910048,read,k3,105.23605346679688,False,447,439,221.06003761291504,200
1775114935.095326,write,k3,608.0939769744873,False,440,440,,201
1775114935.105238,write,k4,608.1228256225586,False,436,436,,201
1775114935.117429,write,k2,604.543924331665,False,466,466,,201
1775114935.122685,write,k1,609.1229915618896,False,448,448,,201
1775114935.123113,write,k2,609.2958450317383,False,467,467,,201
1775114935.145854,read,k3,105.38411140441895,False,448,440,50.523996353149414,200
1775114935.150377,write,k1,618.3161735534668,False,449,449,,201
1775114935.1604428,write,k2,610.2540493011475,False,468,468,,201
1775114935.175019,write,k2,617.0558929443359,False,469,469,,201
1775114935.205058,read,k1,107.03897476196289,False,458,449,54.67796325683594,200
1775114935.210646,write,k3,609.058141708374,False,441,441,,201
1775114935.212357,read,k4,108.24990272521973,False,441,436,107.11812973022461,200
1775114935.231978,read,k2,108.43491554260254,False,479,469,56.957244873046875,200
1775114935.232532,read,k5,108.24012756347656,False,468,461,183.9590072631836,200
1775114935.249963,write,k1,608.924150466919,False,450,450,,201
1775114935.255933,read,k1,108.58607292175293,False,459,450,5.969047546386719,200
1775114935.257458,write,k1,615.624189376831,False,451,451,,201
1775114935.275713,write,k4,622.0262050628662,False,437,437,,201
1775114935.3088992,write,k1,607.6960563659668,False,452,452,,201
1775114935.3136861,write,k5,607.1071624755859,False,462,462,,201
1775114935.314108,write,k2,610.4631423950195,False,470,470,,201
1775114935.320294,read,k2,106.01592063903809,False,481,470,6.183862686157227,200
1775114935.3259048,write,k1,610.9118461608887,False,453,453,,201
1775114935.3264132,read,k4,106.83274269104004,False,441,437,50.69994926452637,200
1775114935.350188,read,k5,108.73198509216309,False,469,462,36.49711608886719,200
1775114935.353992,write,k3,614.2160892486572,False,442,442,,201
1775114935.361501,write,k4,613.7230396270752,False,438,438,,201
1775114935.3678458,read,k4,106.96816444396973,False,441,438,6.342887878417969,200
1775114935.368927,write,k1,607.6600551605225,False,455,455,,201
1775114935.3693519,write,k1,610.9597682952881,False,454,454,,201
1775114935.369694,write,k2,611.0000610351562,False,471,471,,201
1775114935.387603,write,k3,608.1268787384033,False,443,443,,201
1775114935.395253,write,k2,609.1911792755127,False,472,472,,201
1775114935.420813,write,k5,610.2790832519531,False,463,463,,201
1775114935.421488,read,k2,105.89289665222168,False,481,472,26.233196258544922,200
1775114935.429783,write,k5,608.781099319458,False,464,464,,201
1775114935.430527,write,k5,608.940839767456,False,464,464,,201
1775114935.431029,write,k5,609.1508865356445,False,465,465,,201
1775114935.4320571,read,k2,107.99789428710938,False,482,472,36.802053451538086,200
1775114935.4381912,read,k2,107.52511024475098,False,482,472,42.939186096191406,200
1775114935.4513862,write,k3,607.5830459594727,False,444,444,,201
1775114935.46402,write,k2,610.198974609375,False,473,473,,201
1775114935.477704,write,k5,620.7339763641357,False,466,466,,201
1775114935.482156,read,k1,107.95402526855469,False,461,455,112.80202865600586,200
1775114935.482599,read,k4,109.74812507629395,False,442,438,121.09899520874023,200
1775114935.4829462,write,k3,606.3809394836426,False,445,445,,201
1775114935.50042,read,k2,106.38880729675293,False,482,473,36.39698028564453,200
1775114935.5119638,write,k2,606.0280799865723,False,474,474,,201
1775114935.5141098,write,k1,607.3012351989746,False,456,456,,201
1775114935.519337,write,k2,608.2439422607422,False,475,475,,201
1775114935.5224729,write,k3,609.8959445953369,False,446,446,,201
1775114935.5286021,write,k5,609.687089920044,False,467,467,,201
1775114935.534125,read,k5,107.6972484588623,False,476,467,5.520820617675781,200
1775114935.537324,write,k2,608.0069541931152,False,476,476,,201
1775114935.5377522,read,k5,106.60910606384277,False,476,467,9.149789810180664,200
1775114935.5398521,read,k5,107.24091529846191,False,476,467,11.247873306274414,200
1775114935.5782762,read,k4,107.24902153015137,False,444,438,216.76969528198242,200
1775114935.593963,write,k3,610.8911037445068,False,447,447,,201
1775114935.594452,write,k2,612.1528148651123,False,477,477,,201
1775114935.594987,read,k2,105.71503639221191,False,484,477,0.5311965942382812,200
1775114935.595383,write,k4,612.6971244812012,False,439,439,,201
1775114935.59813,write,k1,608.1559658050537,False,457,457,,201
1775114935.598424,write,k2,609.5988750457764,False,478,478,,201
1775114935.6117408,read,k5,107.96713829040527,False,477,467,83.13584327697754,200
1775114935.6245341,read,k2,108.367919921875,False,484,478,26.105165481567383,200
1775114935.626562,write,k4,607.295036315918,False,440,440,,201
1775114935.637577,write,k4,607.4059009552002,False,441,441,,201
1775114935.638089,read,k4,107.01179504394531,False,445,441,0.5121231079101562,200
1775114935.641292,write,k3,608.3149909973145,False,448,448,,201
1775114935.650304,read,k5,106.41002655029297,False,477,467,121.69909477233887,200
1775114935.6583328,write,k5,606.6470146179199,False,468,468,,201
1775114935.69071,read,k1,108.28804969787598,False,464,457,92.5748348236084,200
1775114935.7001889,write,k1,611.1471652984619,False,458,458,,201
1775114935.701789,write,k2,607.6667308807373,False,479,479,,201
1775114935.7040021,read,k2,105.01980781555176,False,487,479,2.213716506958008,200
1775114935.707237,read,k4,106.68110847473145,False,447,441,69.65994834899902,200
1775114935.7076328,read,k3,107.84268379211426,False,452,448,66.33996963500977,200
1775114935.712694,read,k5,105.4379940032959,False,479,468,54.36086654663086,200
1775114935.7236102,write,k1,608.5362434387207,False,459,459,,201
1775114935.738712,read,k2,105.52692413330078,False,487,479,36.920785903930664,200
1775114935.739296,write,k2,607.6600551605225,False,480,480,,201
1775114935.753359,read,k3,107.10763931274414,False,452,448,112.06507682800293,200
1775114935.760173,read,k5,106.7039966583252,False,479,468,101.84001922607422,200
1775114935.7672288,write,k3,610.6469631195068,False,449,449,,201
1775114935.773407,write,k1,608.6981296539307,False,460,460,,201
1775114935.793105,write,k2,609.7109317779541,False,481,481,,201
1775114935.815934,read,k2,106.6579818725586,False,488,481,22.825956344604492,200
1775114935.821389,write,k5,608.8602542877197,False,469,469,,201
1775114935.853375,write,k5,610.9819412231445,False,470,470,,201
1775114935.8538089,read,k3,107.10000991821289,False,454,449,86.5788459777832,200
1775114935.8663192,write,k3,611.7539405822754,False,450,450,,201
1775114935.866837,write,k5,608.004093170166,False,471,471,,201
1775114935.884235,read,k5,107.58805274963379,False,480,471,17.3952579498291,200
1775114935.885519,read,k1,108.06584358215332,False,468,460,112.11013793945312,200
1775114935.8885171,write,k5,608.3090305328369,False,472,472,,201
1775114935.924138,write,k4,606.5568923950195,False,442,442,,201
1775114935.926205,read,k5,104.65002059936523,False,480,472,37.687063217163086,200
1775114935.930153,write,k2,608.9808940887451,False,482,482,,201
1775114935.942843,write,k5,609.788179397583,False,473,473,,201
1775114935.9624698,write,k5,610.0311279296875,False,474,474,,201
1775114935.9727628,read,k1,111.6642951965332,False,470,460,199.34988021850586,200
1775114935.973264,write,k3,610.8319759368896,False,451,451,,201
1775114935.9761379,read,k3,108.08515548706055,False,456,451,2.8679370880126953,200
1775114935.976647,write,k1,613.105058670044,False,461,461,,201
1775114935.9771788,read,k3,107.59091377258301,False,456,451,3.9148330688476562,200
1775114935.983595,write,k5,611.5152835845947,False,475,475,,201
1775114935.985226,write,k5,608.5817813873291,False,476,476,,201
1775114936.0112388,write,k2,611.0997200012207,False,483,483,,201
1775114936.011776,read,k3,114.48216438293457,False,456,451,38.510799407958984,200
1775114936.03489,read,k3,105.94916343688965,False,456,451,61.621904373168945,200
1775114936.036397,read,k2,104.4161319732666,False,490,483,25.157928466796875,200
1775114936.0405052,write,k4,607.4230670928955,False,443,443,,201
1775114936.042861,write,k5,606.9109439849854,False,477,477,,201
1775114936.053408,write,k1,612.3888492584229,False,463,463,,201
1775114936.054642,write,k1,614.2079830169678,False,462,462,,201
1775114936.069793,write,k4,609.2143058776855,False,444,444,,201
1775114936.082051,read,k2,108.61396789550781,False,491,483,70.81079483032227,200
1775114936.08576,read,k4,105.79299926757812,False,453,444,15.96689224243164,200
1775114936.088784,read,k3,108.1998348236084,False,456,451,115.51880836486816,200
1775114936.098303,read,k3,112.97106742858887,False,456,451,125.03600120544434,200
1775114936.098646,write,k4,607.6619625091553,False,445,445,,201
1775114936.0989382,write,k2,613.2140159606934,False,484,484,,201
1775114936.099432,write,k3,614.4490242004395,False,452,452,,201
1775114936.0998342,read,k3,115.32902717590332,False,456,452,0.4012584686279297,200
1775114936.100223,read,k1,118.41082572937012,False,471,463,45.58086395263672,200
1775114936.125532,read,k1,108.80589485168457,False,471,463,70.88685035705566,200
1775114936.126761,read,k4,106.87708854675293,False,453,445,28.115034103393555,200
1775114936.130111,write,k2,608.618974685669,False,485,485,,201
1775114936.1363788,write,k1,609.4458103179932,False,464,464,,201
1775114936.1495738,write,k4,610.9039783477783,False,446,446,,201
1775114936.151726,read,k1,105.73887825012207,False,471,464,15.344858169555664,200
1775114936.1631098,read,k2,121.23632431030273,False,491,485,32.99713134765625,200
1775114936.165926,write,k2,619.452953338623,False,486,486,,201
1775114936.1661382,write,k4,620.2759742736816,False,447,447,,201
1775114936.166288,write,k5,621.7539310455322,False,478,478,,201
1775114936.17052,read,k4,105.8647632598877,False,454,447,4.380941390991211,200
1775114936.2022789,read,k1,115.07773399353027,False,471,464,65.89889526367188,200
1775114936.2055402,write,k2,608.3531379699707,False,487,487,,201
1775114936.214664,write,k5,609.6169948577881,False,479,479,,201
1775114936.2178729,read,k2,110.63981056213379,False,494,487,12.333154678344727,200
1775114936.218007,read,k5,115.20004272460938,False,484,479,3.3431053161621094,200
1775114936.218135,read,k4,111.55581474304199,False,454,447,51.99790000915527,200
1775114936.224131,write,k1,610.9480857849121,False,465,465,,201
1775114936.2339258,read,k4,105.58891296386719,False,454,447,67.78812408447266,200
1775114936.2424161,read,k5,107.10310935974121,False,485,479,27.752161026000977,200
1775114936.247097,write,k1,611.4559173583984,False,466,466,,201
1775114936.247203,write,k4,607.3288917541504,False,448,448,,201
1775114936.2583392,write,k4,614.408016204834,False,449,449,,201
1775114936.27599,read,k5,103.45172882080078,False,488,479,61.3248348236084,200
1775114936.276161,read,k5,107.66196250915527,False,488,479,61.49697303771973,200
1775114936.2763252,read,k2,112.98990249633789,False,494,487,70.7850456237793,200
1775114936.2764711,write,k4,614.4633293151855,False,450,450,,201
1775114936.278731,read,k5,103.76405715942383,False,488,479,64.06688690185547,200
1775114936.282419,read,k1,103.91998291015625,False,473,466,35.32075881958008,200
1775114936.308892,write,k4,610.1477146148682,False,451,451,,201
1775114936.315039,write,k2,608.8528633117676,False,488,488,,201
1775114936.321571,write,k3,610.2430820465088,False,453,453,,201
1775114936.3217652,write,k5,612.1659278869629,False,480,480,,201
1775114936.322075,write,k4,612.1370792388916,False,452,452,,201
1775114936.323327,write,k3,605.7629585266113,False,454,454,,201
1775114936.3275352,read,k3,107.21898078918457,False,457,454,4.208087921142578,200
1775114936.327722,read,k1,107.27691650390625,False,473,466,80.62386512756348,200
1775114936.327908,read,k2,107.7570915222168,False,495,488,12.867927551269531,200
1775114936.328097,read,k3,102.74767875671387,False,457,454,4.769086837768555,200
1775114936.336742,read,k4,103.05905342102051,False,454,452,14.667034149169922,200
1775114936.3397272,write,k1,607.8581809997559,False,467,467,,201
1775114936.3399198,read,k3,102.66685485839844,False,457,454,16.593217849731445,200
1775114936.366737,write,k3,618.2148456573486,False,455,455,,201
1775114936.371968,write,k1,608.004093170166,False,468,468,,201
1775114936.3743942,write,k3,609.4820499420166,False,456,456,,201
1775114936.379214,read,k2,113.8308048248291,False,496,488,64.17202949523926,200
1775114936.382708,read,k2,103.79290580749512,False,497,488,67.66605377197266,200
1775114936.385061,read,k1,104.10475730895996,False,473,468,13.092994689941406,200
1775114936.3861692,read,k5,104.05778884887695,False,489,480,64.40210342407227,200
1775114936.3879712,read,k5,103.63388061523438,False,489,480,66.20502471923828,200
1775114936.4034739,write,k1,608.4551811218262,False,469,469,,201
1775114936.4310799,read,k1,112.17594146728516,False,474,469,27.601003646850586,200
1775114936.4361632,read,k2,105.08084297180176,False,498,488,121.11878395080566,200
1775114936.437294,write,k2,607.001781463623,False,489,489,,201
1775114936.439146,read,k2,103.12104225158691,False,499,489,1.8510818481445312,200
1775114936.4395149,read,k2,103.73210906982422,False,499,489,2.2211074829101562,200
1775114936.4494212,read,k3,105.75294494628906,False,459,456,75.02269744873047,200
1775114936.478623,write,k1,618.9429759979248,False,470,470,,201
1775114936.481002,read,k1,105.58605194091797,False,474,470,2.373218536376953,200
1775114936.487295,read,k5,106.99295997619629,False,490,480,165.5251979827881,200
1775114936.4895391,read,k3,108.57605934143066,False,460,456,115.142822265625,200
1775114936.498304,write,k4,611.393928527832,False,453,453,,201
1775114936.498771,write,k2,609.5020771026611,False,490,490,,201
1775114936.499836,read,k5,105.8201789855957,False,490,480,178.0250072479248,200
1775114936.5024462,read,k2,104.76279258728027,False,499,490,3.673076629638672,200
1775114936.5156128,read,k2,108.54196548461914,False,499,490,16.839265823364258,200
1775114936.541852,write,k2,607.8310012817383,False,491,491,,201
1775114936.545325,read,k1,105.04412651062012,False,476,470,66.70117378234863,200
1775114936.5533319,read,k2,103.76191139221191,False,501,491,11.477947235107422,200
1775114936.5650828,write,k1,614.0100955963135,False,471,471,,201
1775114936.6078541,write,k5,619.81201171875,False,481,481,,201
1775114936.608306,write,k5,617.7408695220947,False,482,482,,201
1775114936.6117911,read,k2,108.55412483215332,False,501,491,69.93675231933594,200
1775114936.613176,read,k4,109.06314849853516,False,462,453,114.87317085266113,200
1775114936.6474938,write,k3,608.0987453460693,False,457,457,,201
1775114936.6507158,write,k2,607.0201396942139,False,492,492,,201
1775114936.675931,write,k4,612.1170520782471,False,454,454,,201
1775114936.687354,write,k2,609.3366146087646,False,493,493,,201
1775114936.703418,write,k1,610.4588508605957,False,472,472,,201
1775114936.703857,write,k5,608.2818508148193,False,483,483,,201
1775114936.708095,write,k5,604.2590141296387,False,485,485,,201
1775114936.7102232,write,k2,608.7260246276855,False,494,494,,201
1775114936.710509,write,k5,608.4592342376709,False,484,484,,201
1775114936.724174,read,k1,110.86702346801758,False,477,472,20.75505256652832,200
1775114936.724457,read,k2,114.33982849121094,False,502,494,14.233827590942383,200
1775114936.739788,write,k1,609.4729900360107,False,473,473,,201
1775114936.745585,write,k5,607.886791229248,False,486,486,,201
1775114936.781739,write,k5,613.7568950653076,False,488,488,,201
1775114936.789241,write,k5,625.1242160797119,False,487,487,,201
1775114936.7958999,read,k2,103.76977920532227,False,505,494,85.66784858703613,200
1775114936.8190541,read,k1,105.44800758361816,False,477,473,79.26702499389648,200
1775114936.820074,write,k5,607.3617935180664,False,489,489,,201
1775114936.821994,write,k2,606.8518161773682,False,495,495,,201
1775114936.8348968,read,k5,107.34820365905762,False,495,489,14.820098876953125,200
1775114936.846698,read,k5,111.88721656799316,False,495,489,26.62205696105957,200
1775114936.852078,write,k4,606.8408489227295,False,455,455,,201
1775114936.857106,write,k3,605.0341129302979,False,458,458,,201
1775114936.875259,write,k2,618.4048652648926,False,496,496,,201
1775114936.888234,write,k2,609.8928451538086,False,497,497,,201
1775114936.8907049,write,k1,606.0891151428223,False,474,474,,201
1775114936.9275131,write,k4,609.4107627868652,False,456,456,,201
1775114936.93409,read,k5,107.23090171813965,False,496,489,114.01009559631348,200
1775114936.941602,write,k4,610.2840900421143,False,457,457,,201
1775114936.9422212,write,k3,613.6729717254639,False,459,459,,201
1775114936.94275,write,k2,613.0969524383545,False,498,498,,201
1775114936.9440808,write,k2,612.4558448791504,False,499,499,,201
1775114936.9443939,read,k1,107.83791542053223,False,478,474,53.68781089782715,200
1775114936.944638,read,k4,114.62521553039551,False,466,457,3.0388832092285156,200
1775114936.945729,write,k4,608.5739135742188,False,458,458,,201
1775114936.960384,write,k5,610.5642318725586,False,490,490,,201
1775114936.960865,write,k3,613.1429672241211,False,460,460,,201
1775114936.969186,read,k3,106.80294036865234,False,467,460,8.316278457641602,200
1775114936.994519,write,k3,609.3161106109619,False,461,461,,201
1775114936.995436,write,k1,613.4622097015381,False,475,475,,201
1775114937.0007439,read,k2,107.13720321655273,False,508,499,56.6558837890625,200
1775114937.001529,write,k4,606.968879699707,False,459,459,,201
1775114937.049344,write,k1,609.6830368041992,False,476,476,,201
1775114937.050014,write,k2,608.4988117218018,False,500,500,,201
1775114937.051157,read,k1,105.32784461975098,False,480,476,1.8131732940673828,200
1775114937.053597,read,k3,106.6896915435791,False,468,461,59.07917022705078,200
1775114937.069073,write,k2,621.6750144958496,False,501,501,,201
1775114937.06939,read,k4,117.18297004699707,False,468,459,67.86203384399414,200
1775114937.069622,read,k1,115.98086357116699,False,480,476,20.280122756958008,200
1775114937.069845,write,k4,615.8928871154785,False,460,460,,201
1775114937.07006,read,k2,115.69476127624512,False,509,501,0.9868144989013672,200
1775114937.076246,read,k1,106.59193992614746,False,481,476,26.905059814453125,200
1775114937.07934,read,k1,106.58407211303711,False,481,476,29.998064041137695,200
1775114937.096503,write,k1,608.6242198944092,False,477,477,,201
1775114937.0975308,write,k3,608.8409423828125,False,462,462,,201
1775114937.103174,write,k4,613.0092144012451,False,461,461,,201
1775114937.1084821,read,k1,103.50918769836426,False,481,477,11.9781494140625,200
1775114937.1125948,write,k5,613.6722564697266,False,491,491,,201
1775114937.114339,write,k3,605.8690547943115,False,463,463,,201
1775114937.114742,write,k4,609.8630428314209,False,462,462,,201
1775114937.136416,write,k5,610.7017993927002,False,492,492,,201
1775114937.1575968,write,k2,609.8880767822266,False,502,502,,201
1775114937.158103,write,k5,611.0239028930664,False,493,493,,201
1775114937.167211,read,k5,110.32605171203613,False,496,493,9.105205535888672,200
1775114937.1743739,read,k2,116.19925498962402,False,511,502,16.77703857421875,200
1775114937.1747499,read,k4,116.1041259765625,False,468,462,60.00709533691406,200
1775114937.1757598,write,k5,618.1528568267822,False,494,494,,201
1775114937.1825879,read,k4,106.7812442779541,False,468,462,67.84415245056152,200
1775114937.184201,write,k3,610.5048656463623,False,464,464,,201
1775114937.1939929,read,k3,115.04101753234863,False,471,464,9.790182113647461,200
1775114937.1944551,read,k4,115.74983596801758,False,468,462,79.7121524810791,200
1775114937.2090712,read,k5,106.5819263458252,False,498,494,33.30683708190918,200
1775114937.224242,read,k1,106.34493827819824,False,483,477,127.73609161376953,200
1775114937.226401,write,k2,609.8296642303467,False,503,503,,201
1775114937.22668,write,k5,608.4012985229492,False,495,495,,201
1775114937.268824,write,k2,619.6160316467285,False,504,504,,201
1775114937.275074,read,k3,105.19814491271973,False,474,464,90.86990356445312,200
1775114937.277767,write,k2,618.6621189117432,False,505,505,,201
1775114937.285304,read,k5,107.28693008422852,False,499,495,58.62092971801758,200
1775114937.290755,write,k4,607.6951026916504,False,463,463,,201
1775114937.291358,read,k2,108.65616798400879,False,513,505,13.58795166015625,200
1775114937.3169038,write,k4,607.3827743530273,False,465,465,,201
1775114937.317369,write,k4,608.8821887969971,False,464,464,,201
1775114937.317707,write,k4,607.1188449859619,False,466,466,,201
1775114937.318283,write,k3,606.1229705810547,False,465,465,,201
1775114937.337573,read,k4,106.15086555480957,False,472,466,19.86217498779297,200
1775114937.352554,write,k1,608.3548069000244,False,478,478,,201
1775114937.367218,write,k5,613.6360168457031,False,496,496,,201
1775114937.381213,read,k5,105.93891143798828,False,500,496,13.993978500366211,200
1775114937.408245,write,k2,611.4368438720703,False,506,506,,201
1775114937.408743,write,k3,612.6160621643066,False,466,466,,201
1775114937.415394,write,k2,609.7469329833984,False,507,507,,201
1775114937.427677,read,k5,108.97707939147949,False,501,496,60.45794486999512,200
1775114937.4334111,write,k3,608.1228256225586,False,467,467,,201
1775114937.451369,read,k4,105.84187507629395,False,475,466,133.65721702575684,200
1775114937.461531,write,k4,610.6200218200684,False,467,467,,201
1775114937.468377,write,k1,608.2720756530762,False,479,479,,201
1775114937.481836,read,k3,104.83193397521973,False,474,467,48.42114448547363,200
1775114937.498635,write,k2,612.0579242706299,False,508,508,,201
1775114937.501344,write,k1,608.2818508148193,False,480,480,,201
1775114937.52465,read,k2,106.81819915771484,False,516,508,26.012897491455078,200
1775114937.528563,read,k3,107.59305953979492,False,475,467,95.15213966369629,200
1775114937.545853,write,k4,608.8109016418457,False,468,468,,201
1775114937.5547378,write,k2,609.6398830413818,False,509,509,,201
1775114937.555381,write,k3,612.4789714813232,False,468,468,,201
1775114937.560755,write,k3,606.7240238189697,False,469,469,,201
1775114937.5775151,write,k1,610.9819412231445,False,481,481,,201
1775114937.5987751,read,k4,106.87685012817383,False,477,468,52.918195724487305,200
1775114937.6115599,write,k2,609.8470687866211,False,510,510,,201
1775114937.615922,write,k3,605.8437824249268,False,470,470,,201
1775114937.6165628,write,k2,607.7077388763428,False,511,511,,201
1775114937.622136,read,k5,108.83212089538574,False,502,496,254.91690635681152,200
1775114937.6351051,read,k2,108.5052490234375,False,518,511,18.54085922241211,200
1775114937.6744478,read,k1,108.5209846496582,False,490,481,96.93384170532227,200
1775114937.674835,read,k4,107.6819896697998,False,477,468,128.98492813110352,200
1775114937.6788049,write,k5,606.9886684417725,False,497,497,,201
1775114937.679187,write,k3,615.670919418335,False,471,471,,201
1775114937.6890619,read,k3,106.05478286743164,False,477,471,9.871959686279297,200
1775114937.693206,write,k3,606.5280437469482,False,472,472,,201
1775114937.6950421,write,k5,608.7050437927246,False,498,498,,201
1775114937.6955168,write,k2,616.1179542541504,False,512,512,,201
1775114937.7126641,read,k4,112.17093467712402,False,477,468,166.8100357055664,200
1775114937.713307,write,k1,610.5480194091797,False,482,482,,201
1775114937.721534,write,k1,609.870195388794,False,483,483,,201
1775114937.722765,write,k2,606.8630218505859,False,513,513,,201
1775114937.7263758,read,k3,106.51993751525879,False,477,472,33.16807746887207,200
1775114937.729086,read,k4,106.84013366699219,False,477,468,183.23516845703125,200
1775114937.729418,write,k4,606.0290336608887,False,469,469,,201
1775114937.73155,read,k3,106.49704933166504,False,477,472,38.34104537963867,200
1775114937.732019,write,k5,608.9780330657959,False,499,499,,201
1775114937.736662,read,k4,106.65297508239746,False,477,469,7.240056991577148,200
1775114937.746857,write,k1,607.6369285583496,False,484,484,,201
1775114937.775883,write,k3,609.7731590270996,False,474,474,,201
1775114937.77648,write,k3,611.2020015716553,False,473,473,,201
1775114937.788411,write,k4,609.2159748077393,False,470,470,,201
1775114937.788784,read,k2,105.89194297790527,False,520,513,66.01929664611816,200
1775114937.8013382,read,k3,105.55005073547363,False,477,474,24.852991104125977,200
1775114937.802114,write,k2,610.4121208190918,False,514,514,,201
1775114937.8026729,write,k1,611.6077899932861,False,485,485,,201
1775114937.8048298,write,k5,607.0408821105957,False,500,500,,201
1775114937.805238,read,k5,105.68618774414062,False,506,500,0.4069805145263672,200
1775114937.813247,write,k4,608.2618236541748,False,471,471,,201
1775114937.820284,write,k4,608.9968681335449,False,472,472,,201
1775114937.835177,read,k4,107.66220092773438,False,479,472,14.89114761352539,200
1775114937.846242,write,k4,610.6207370758057,False,473,473,,201
1775114937.846907,write,k2,611.983060836792,False,515,515,,201
1775114937.852672,read,k1,113.65413665771484,False,490,485,49.99518394470215,200
1775114937.88928,write,k2,609.9741458892822,False,516,516,,201
1775114937.891426,read,k1,107.09500312805176,False,490,485,88.75083923339844,200
1775114937.8960938,write,k1,608.6921691894531,False,486,486,,201
1775114937.903049,write,k1,609.6267700195312,False,487,487,,201
1775114937.903611,read,k3,112.10513114929199,False,478,474,127.12788581848145,200
1775114937.912141,write,k4,617.3529624938965,False,474,474,,201
1775114937.914846,write,k5,613.7821674346924,False,501,501,,201
1775114937.915173,read,k5,116.40810966491699,False,509,501,0.32711029052734375,200
1775114937.91823,read,k1,108.54601860046387,False,490,487,15.179634094238281,200
1775114937.918606,read,k3,106.94289207458496,False,478,474,142.12489128112793,200
1775114937.918886,read,k3,108.6881160736084,False,478,474,142.40598678588867,200
1775114937.9327538,write,k1,607.6698303222656,False,488,488,,201
1775114937.934183,write,k4,606.9090366363525,False,475,475,,201
1775114937.95036,write,k1,621.9758987426758,False,489,489,,201
1775114937.9545321,read,k1,117.70009994506836,False,490,489,4.172086715698242,200
1775114937.956363,read,k2,105.45086860656738,False,525,516,67.08717346191406,200
1775114937.9666061,write,k5,609.0989112854004,False,502,502,,201
1775114937.999393,write,k3,609.7970008850098,False,475,475,,201
1775114938.00701,read,k5,107.34987258911133,False,510,502,40.39907455444336,200
1775114938.019434,write,k4,607.0449352264404,False,476,476,,201
1775114938.0200052,read,k2,107.05685615539551,False,526,516,130.72514533996582,200
1775114938.020393,read,k3,108.09612274169922,False,479,475,20.999908447265625,200
1775114938.032923,read,k2,106.28080368041992,False,526,516,143.63813400268555,200
1775114938.039138,write,k2,607.1031093597412,False,517,517,,201
1775114938.076861,write,k3,633.9499950408936,False,476,476,,201
1775114938.077065,write,k4,621.9298839569092,False,477,477,,201
1775114938.077229,read,k1,107.0101261138916,False,493,489,126.86920166015625,200
1775114938.077545,read,k2,117.99502372741699,False,527,517,38.40899467468262,200
1775114938.077682,write,k1,609.138011932373,False,490,490,,201
1775114938.077827,read,k1,141.24178886413574,False,493,490,0.1442432403564453,200
1775114938.077953,read,k4,130.357027053833,False,485,477,0.8878707885742188,200
1775114938.078075,read,k5,117.55084991455078,False,512,502,111.46926879882812,200
1775114938.0822132,write,k3,608.1788539886475,False,477,477,,201
1775114938.118704,write,k2,616.6448593139648,False,518,518,,201
1775114938.1333299,read,k5,104.30622100830078,False,512,502,166.7191982269287,200
1775114938.143064,read,k2,107.27190971374512,False,529,518,24.356842041015625,200
1775114938.152802,write,k2,614.840030670166,False,519,519,,201
1775114938.1658509,write,k5,607.633113861084,False,504,504,,201
1775114938.166445,write,k5,614.9981021881104,False,503,503,,201
1775114938.18047,read,k4,138.6098861694336,False,486,477,103.40094566345215,200
1775114938.186079,read,k4,107.11503028869629,False,486,477,109.00998115539551,200
1775114938.186454,read,k4,107.76495933532715,False,486,477,109.38692092895508,200
1775114938.187989,read,k2,103.11770439147949,False,530,519,35.19010543823242,200
1775114938.189269,read,k4,103.47318649291992,False,486,477,112.20192909240723,200
1775114938.195283,read,k1,107.7728271484375,False,494,490,117.59614944458008,200
1775114938.195623,read,k4,108.27994346618652,False,486,477,118.55697631835938,200
1775114938.258929,read,k2,105.87096214294434,False,530,519,106.12630844116211,200
1775114938.270872,read,k5,106.88614845275879,False,514,504,104.42304611206055,200
1775114938.278517,write,k2,634.4480514526367,False,520,520,,201
1775114938.284418,read,k3,111.56892776489258,False,482,477,202.19969749450684,200
1775114938.287542,read,k2,113.97194862365723,False,530,520,9.024858474731445,200
1775114938.29152,write,k4,608.238935470581,False,478,478,,201
1775114938.293718,write,k5,611.5977764129639,False,505,505,,201
1775114938.294658,write,k5,608.259916305542,False,506,506,,201
1775114938.29563,read,k5,106.26006126403809,False,514,506,0.9698867797851562,200
1775114938.295966,read,k4,113.06190490722656,False,486,478,4.448175430297852,200
1775114938.300041,read,k1,107.23996162414551,False,494,490,222.35631942749023,200
1775114938.3025448,write,k2,610.2969646453857,False,521,521,,201
1775114938.3085198,write,k4,608.1368923187256,False,479,479,,201
1775114938.3088388,read,k4,108.39509963989258,False,487,479,0.3178119659423828,200
1775114938.329429,write,k5,610.145092010498,False,507,507,,201
1775114938.329855,write,k3,611.382007598877,False,478,478,,201
1775114938.3383281,write,k5,610.0327968597412,False,508,508,,201
1775114938.366362,read,k2,105.71503639221191,False,530,521,63.81392478942871,200
1775114938.379769,write,k5,645.8351612091064,False,509,509,,201
1775114938.3802292,write,k2,639.9240493774414,False,523,523,,201
1775114938.380651,write,k4,626.6250610351562,False,482,482,,201
1775114938.380998,write,k2,643.1369781494141,False,522,522,,201
1775114938.3813398,write,k4,636.3320350646973,False,481,481,,201
1775114938.3816168,write,k4,648.2059955596924,False,480,480,,201
1775114938.390442,write,k2,608.4718704223633,False,524,524,,201
1775114938.398158,read,k1,111.57608032226562,False,495,490,320.47224044799805,200
1775114938.412779,read,k3,110.93282699584961,False,483,478,82.91816711425781,200
1775114938.413441,read,k3,114.3350601196289,False,483,478,83.58311653137207,200
1775114938.4166982,read,k1,105.15499114990234,False,496,490,339.01119232177734,200
1775114938.420724,write,k4,614.8080825805664,False,483,483,,201
1775114938.4246862,write,k2,609.7750663757324,False,525,525,,201
1775114938.4253702,read,k5,105.45492172241211,False,514,509,45.601844787597656,200
1775114938.43118,write,k4,608.440637588501,False,484,484,,201
1775114938.43574,write,k4,608.7441444396973,False,485,485,,201
1775114938.4668171,write,k2,607.0449352264404,False,526,526,,201
1775114938.469858,write,k3,614.2401695251465,False,479,479,,201
1775114938.487446,read,k4,105.46612739562988,False,492,485,51.69987678527832,200
1775114938.495821,read,k2,108.81614685058594,False,533,526,28.99909019470215,200
1775114938.496546,read,k3,105.30996322631836,False,485,479,26.686906814575195,200
1775114938.497107,read,k3,109.46297645568848,False,485,479,27.24909782409668,200
1775114938.4995,read,k1,106.04596138000488,False,497,490,421.8142032623291,200
1775114938.501607,write,k1,606.8277359008789,False,491,491,,201
1775114938.502193,write,k5,605.5622100830078,False,510,510,,201
1775114938.5183969,read,k2,109.16018486022949,False,533,526,51.580190658569336,200
1775114938.5230699,write,k5,607.7919006347656,False,511,511,,201
1775114938.532165,read,k3,106.2018871307373,False,485,479,62.30807304382324,200
1775114938.536292,write,k1,613.1269931793213,False,493,493,,201
1775114938.5368252,write,k1,613.9898300170898,False,492,492,,201
1775114938.537484,write,k2,610.2688312530518,False,527,527,,201
1775114938.537974,write,k5,615.9312725067139,False,512,512,,201
1775114938.54758,read,k5,105.35407066345215,False,516,512,9.602069854736328,200
1775114938.580702,write,k3,626.6331672668457,False,480,480,,201
1775114938.5854678,read,k2,105.56602478027344,False,534,527,47.98102378845215,200
1775114938.595287,read,k2,104.89106178283691,False,534,527,57.801008224487305,200
1775114938.610817,read,k1,107.10501670837402,False,499,493,73.98796081542969,200
1775114938.611426,write,k2,608.0965995788574,False,528,528,,201
1775114938.615684,read,k4,110.6870174407959,False,494,485,179.94093894958496,200
1775114938.6162162,read,k1,105.53193092346191,False,500,493,79.38981056213379,200
1775114938.6273448,write,k4,610.3479862213135,False,486,486,,201
1775114938.632923,write,k1,609.8978519439697,False,494,494,,201
1775114938.6333282,write,k2,609.5297336578369,False,529,529,,201
1775114938.633722,read,k2,108.5519790649414,False,534,529,0.392913818359375,200
1775114938.634822,read,k2,107.55681991577148,False,534,529,1.4929771423339844,200
1775114938.647205,read,k5,105.98087310791016,False,517,512,109.22813415527344,200
1775114938.6476128,read,k2,107.12289810180664,False,534,529,14.285087585449219,200
1775114938.658596,read,k4,112.13302612304688,False,496,486,31.250953674316406,200
1775114938.6599529,read,k3,104.25496101379395,False,487,480,79.25200462341309,200
1775114938.689537,write,k2,608.8192462921143,False,530,530,,201
1775114938.694203,write,k3,609.1418266296387,False,481,481,,201
1775114938.6948109,write,k5,609.6270084381104,False,513,513,,201
1775114938.7031522,read,k2,106.47106170654297,False,535,530,13.614177703857422,200
1775114938.71864,read,k2,105.07607460021973,False,535,530,29.101133346557617,200
1775114938.734258,write,k5,607.783317565918,False,514,514,,201
1775114938.736486,read,k4,110.34798622131348,False,497,486,109.13991928100586,200
1775114938.737149,read,k5,111.83881759643555,False,518,514,2.8908252716064453,200
1775114938.749119,read,k1,105.48281669616699,False,501,494,116.19400978088379,200
1775114938.7514281,write,k3,609.6580028533936,False,482,482,,201
1775114938.756693,read,k1,104.54392433166504,False,501,494,123.76999855041504,200
1775114938.763328,read,k4,107.12409019470215,False,497,486,135.98203659057617,200
1775114938.77348,read,k1,105.28087615966797,False,501,494,140.55395126342773,200
1775114938.803516,write,k4,609.144926071167,False,487,487,,201
1775114938.804399,write,k3,608.3400249481201,False,483,483,,201
1775114938.805324,read,k2,107.35392570495605,False,535,530,115.78631401062012,200
1775114938.808299,read,k2,106.38117790222168,False,535,530,118.76296997070312,200
1775114938.811115,write,k1,612.3621463775635,False,495,495,,201
1775114938.834097,read,k4,108.33120346069336,False,497,487,30.580997467041016,200
1775114938.8476758,read,k1,108.0632209777832,False,501,495,36.557912826538086,200
1775114938.853964,read,k1,112.61677742004395,False,501,495,42.8469181060791,200
1775114938.857077,read,k4,104.28094863891602,False,497,487,53.56311798095703,200
1775114938.864052,read,k2,108.37101936340332,False,535,530,174.5162010192871,200
1775114938.87846,read,k2,108.1399917602539,False,535,530,188.92407417297363,200
1775114938.887184,write,k4,606.834888458252,False,488,488,,201
1775114938.90519,write,k1,617.1362400054932,False,496,496,,201
1775114938.905812,write,k4,616.5359020233154,False,489,489,,201
1775114938.9120011,write,k2,614.3410205841064,False,531,531,,201
1775114938.912545,write,k4,609.9028587341309,False,490,490,,201
1775114938.912916,write,k2,614.7041320800781,False,532,532,,201
1775114938.9203782,write,k3,611.4301681518555,False,484,484,,201
1775114938.921838,read,k4,109.61103439331055,False,498,490,9.290933609008789,200
1775114938.922226,read,k2,108.11591148376465,False,535,532,9.309053421020508,200
1775114938.92254,read,k4,109.31587219238281,False,498,490,9.993791580200195,200
1775114938.9280488,write,k3,608.659029006958,False,485,485,,201
1775114938.943715,write,k4,607.4070930480957,False,492,492,,201
1775114938.944038,read,k1,105.99803924560547,False,502,496,38.8491153717041,200
1775114938.9442828,write,k4,608.5968017578125,False,491,491,,201
1775114938.955612,write,k2,606.1680316925049,False,533,533,,201
1775114938.983315,write,k1,607.4450016021729,False,497,497,,201
1775114938.994831,read,k2,107.44023323059082,False,535,533,39.218902587890625,200
1775114938.998558,write,k4,609.123945236206,False,493,493,,201
1775114938.998658,write,k5,609.7548007965088,False,515,515,,201
1775114939.016995,read,k1,108.19482803344727,False,503,497,33.68020057678223,200
1775114939.026902,read,k2,107.97119140625,False,535,533,71.2900161743164,200
1775114939.03406,write,k1,611.5968227386475,False,499,499,,201
1775114939.034157,write,k2,610.5499267578125,False,534,534,,201
1775114939.0343199,write,k5,607.9621315002441,False,516,516,,201
1775114939.0344,write,k1,613.2388114929199,False,498,498,,201
1775114939.03448,read,k1,107.97691345214844,False,503,499,0.080108642578125,200
1775114939.0356338,read,k5,105.65614700317383,False,528,516,1.3136863708496094,200
1775114939.035712,read,k4,108.71505737304688,False,501,493,37.154197692871094,200
1775114939.037802,write,k3,603.5661697387695,False,486,486,,201
1775114939.037889,write,k4,609.0638637542725,False,494,494,,201
1775114939.0394309,read,k2,105.6671142578125,False,535,534,5.2738189697265625,200
1775114939.056169,read,k4,105.9868335723877,False,501,494,18.2797908782959,200
1775114939.077423,write,k5,609.1198921203613,False,517,517,,201
1775114939.104257,read,k3,104.25186157226562,False,492,486,66.45393371582031,200
1775114939.105887,read,k5,111.48214340209961,False,528,517,28.464078903198242,200
1775114939.105985,read,k3,104.36296463012695,False,492,486,68.18294525146484,200
1775114939.117911,write,k1,613.5587692260742,False,500,500,,201
1775114939.11801,write,k4,611.5789413452148,False,495,495,,201
1775114939.1180952,write,k4,611.0539436340332,False,496,496,,201
1775114939.131092,read,k2,105.16500473022461,False,537,534,96.93479537963867,200
1775114939.132363,read,k2,103.53398323059082,False,537,534,98.2058048248291,200
1775114939.142644,read,k5,105.7748794555664,False,529,517,65.22202491760254,200
1775114939.1479838,read,k1,106.10198974609375,False,503,500,30.07221221923828,200
1775114939.1480849,read,k4,105.12113571166992,False,502,496,29.989957809448242,200
1775114939.148182,read,k1,106.20284080505371,False,504,500,30.271053314208984,200
1775114939.156897,read,k1,109.8029613494873,False,504,500,38.9862060546875,200
1775114939.157965,write,k5,612.2078895568848,False,518,518,,201
1775114939.1580641,write,k3,610.3639602661133,False,487,487,,201
1775114939.194999,write,k2,607.9871654510498,False,535,535,,201
1775114939.197711,write,k4,609.0881824493408,False,497,497,,201
1775114939.211958,read,k4,104.20894622802734,False,503,497,14.246940612792969,200
1775114939.223028,read,k2,106.18019104003906,False,539,535,28.02896499633789,200
1775114939.2247832,read,k1,103.99889945983887,False,504,500,106.8720817565918,200
1775114939.224908,read,k5,105.6051254272461,False,530,518,66.94293022155762,200
1775114939.226964,write,k3,609.4992160797119,False,488,488,,201
1775114939.2355251,read,k1,105.86094856262207,False,504,500,117.6142692565918,200
1775114939.241566,write,k5,604.6741008758545,False,519,519,,201
1775114939.244916,write,k3,608.468770980835,False,489,489,,201
1775114939.2450519,write,k3,606.8758964538574,False,490,490,,201
1775114939.246411,read,k4,103.96909713745117,False,503,497,48.69985580444336,200
1775114939.253608,write,k1,610.7697486877441,False,501,501,,201
1775114939.266161,read,k4,104.09402847290039,False,505,497,68.4499740600586,200
1775114939.279453,write,k5,609.8999977111816,False,520,520,,201
1775114939.303375,write,k5,610.5198860168457,False,521,521,,201
1775114939.3199732,write,k5,607.9072952270508,False,522,522,,201
1775114939.334707,read,k1,105.87596893310547,False,508,501,81.09521865844727,200
1775114939.3351831,read,k3,105.02409934997559,False,497,490,90.12699127197266,200
1775114939.34165,read,k5,103.66511344909668,False,531,522,21.677017211914062,200
1775114939.357162,write,k5,611.9847297668457,False,523,523,,201
1775114939.360229,read,k4,106.97793960571289,False,506,497,162.51587867736816,200
1775114939.3717718,write,k1,609.4539165496826,False,502,502,,201
1775114939.3800168,read,k1,105.45802116394043,False,508,502,8.239030838012695,200
1775114939.388545,write,k5,605.2341461181641,False,524,524,,201
1775114939.3890061,read,k1,103.58524322509766,False,508,502,17.234086990356445,200
1775114939.423884,write,k4,616.9381141662598,False,498,498,,201
1775114939.4245172,write,k5,611.8590831756592,False,525,525,,201
1775114939.429524,read,k3,106.62293434143066,False,497,490,184.46707725524902,200
1775114939.447977,read,k1,105.72695732116699,False,509,502,76.2031078338623,200
1775114939.463425,write,k5,609.06982421875,False,526,526,,201
1775114939.468662,write,k5,609.072208404541,False,527,527,,201
1775114939.4743629,write,k4,607.0270538330078,False,499,499,,201
1775114939.4748318,write,k1,608.4048748016357,False,503,503,,201
1775114939.477443,read,k5,107.91301727294922,False,534,527,8.78000259399414,200
1775114939.4782588,read,k4,109.69185829162598,False,507,499,3.8962364196777344,200
1775114939.491612,read,k4,106.66084289550781,False,507,499,17.24696159362793,200
1775114939.5056052,read,k4,107.52296447753906,False,507,499,31.239986419677734,200
1775114939.509244,write,k4,610.2747917175293,False,500,500,,201
1775114939.52954,write,k3,616.2521839141846,False,491,491,,201
1775114939.5304608,write,k5,607.086181640625,False,528,528,,201
1775114939.53105,write,k3,608.0498695373535,False,492,492,,201
1775114939.53153,write,k4,611.0072135925293,False,501,501,,201
1775114939.544422,read,k3,106.62484169006348,False,497,492,13.36812973022461,200
1775114939.560192,write,k2,607.7780723571777,False,536,536,,201
1775114939.560832,write,k2,608.1080436706543,False,537,537,,201
1775114939.563367,read,k5,108.59179496765137,False,536,528,32.904863357543945,200
1775114939.5684679,write,k4,605.5769920349121,False,502,502,,201
1775114939.573982,read,k2,106.56094551086426,False,542,537,13.147115707397461,200
1775114939.5929558,read,k4,111.03177070617676,False,509,502,24.485111236572266,200
1775114939.618499,write,k5,614.6900653839111,False,529,529,,201
1775114939.620418,read,k1,104.41398620605469,False,514,503,145.5848217010498,200
1775114939.648911,read,k4,112.00475692749023,False,510,502,80.44219017028809,200
1775114939.6494231,read,k5,109.35592651367188,False,536,529,30.923843383789062,200
1775114939.6496,write,k3,610.4817390441895,False,493,493,,201
1775114939.649748,read,k3,113.42811584472656,False,498,493,0.14901161193847656,200
1775114939.6499069,write,k1,607.8429222106934,False,504,504,,201
1775114939.6500428,write,k3,606.9381237030029,False,494,494,,201
1775114939.650178,write,k2,608.0048084259033,False,538,538,,201
1775114939.658834,write,k5,613.3592128753662,False,530,530,,201
1775114939.6723788,read,k5,103.67894172668457,False,537,530,13.54217529296875,200
1775114939.672694,write,k4,606.3637733459473,False,503,503,,201
1775114939.6874838,write,k3,606.3523292541504,False,495,495,,201
1775114939.6890812,read,k1,106.86588287353516,False,514,504,39.170026779174805,200
1775114939.718123,write,k2,610.1100444793701,False,539,539,,201
1775114939.7472,write,k5,608.1039905548096,False,531,531,,201
1775114939.754283,write,k4,609.7381114959717,False,504,504,,201
1775114939.758788,write,k4,608.0338954925537,False,505,505,,201
1775114939.7591739,read,k5,105.52811622619629,False,538,531,11.975288391113281,200
1775114939.7594721,read,k1,106.22096061706543,False,515,504,109.56406593322754,200
1775114939.759721,read,k3,106.719970703125,False,498,495,72.23892211914062,200
1775114939.766189,write,k3,609.8730564117432,False,496,496,,201
1775114939.766492,write,k1,610.3429794311523,False,505,505,,201
1775114939.7667189,read,k5,109.04479026794434,False,538,531,19.520044326782227,200
1775114939.766926,read,k3,108.93416404724121,False,499,496,0.7390975952148438,200
1775114939.7733161,write,k1,610.6338500976562,False,507,507,,201
1775114939.7736971,write,k1,611.7730140686035,False,506,506,,201
1775114939.794699,read,k4,114.97282981872559,False,514,505,35.906076431274414,200
1775114939.80411,read,k3,108.10399055480957,False,499,496,37.91999816894531,200
1775114939.82034,write,k3,615.6821250915527,False,497,497,,201
1775114939.82108,write,k1,618.5219287872314,False,508,508,,201
1775114939.827442,write,k2,605.597972869873,False,540,540,,201
1775114939.833942,write,k4,605.9200763702393,False,506,506,,201
1775114939.839784,write,k2,606.4391136169434,False,541,541,,201
1775114939.857406,write,k5,607.9192161560059,False,532,532,,201
1775114939.858359,write,k2,613.7187480926514,False,542,542,,201
1775114939.8618119,write,k5,608.720064163208,False,533,533,,201
1775114939.864793,read,k2,103.54804992675781,False,545,542,6.433010101318359,200
1775114939.8666549,write,k4,606.5659523010254,False,507,507,,201
1775114939.869154,read,k1,104.70819473266602,False,516,508,48.073768615722656,200
1775114939.8727522,read,k3,107.70893096923828,False,501,497,52.41274833679199,200
1775114939.874036,read,k4,106.84394836425781,False,515,507,7.384061813354492,200
1775114939.886519,read,k2,110.86416244506836,False,545,542,28.16009521484375,200
1775114939.887032,read,k3,111.96589469909668,False,501,497,66.69378280639648,200
1775114939.922903,write,k5,616.9099807739258,False,534,534,,201
1775114939.934386,read,k2,105.41701316833496,False,547,542,76.02715492248535,200
1775114939.9360309,read,k4,105.11422157287598,False,518,507,69.37813758850098,200
1775114939.946518,read,k1,105.50093650817871,False,516,508,125.43487548828125,200
1775114939.949591,read,k5,104.40921783447266,False,541,534,26.688098907470703,200
1775114939.949944,write,k1,608.2003116607666,False,509,509,,201
1775114939.956209,write,k1,610.7261180877686,False,510,510,,201
1775114939.9763432,read,k4,107.98788070678711,False,518,507,109.68708992004395,200
1775114939.977101,read,k1,110.2609634399414,False,516,510,20.889759063720703,200
1775114939.9778812,read,k2,110.13484001159668,False,547,542,119.5220947265625,200
1775114939.980125,read,k1,109.79104042053223,False,516,510,23.913860321044922,200
1775114939.9839628,read,k4,106.60195350646973,False,519,507,117.31100082397461,200
1775114939.986173,write,k1,608.1290245056152,False,511,511,,201
1775114940.000541,write,k1,608.0820560455322,False,512,512,,201
1775114940.00491,read,k3,107.02800750732422,False,501,497,184.56578254699707,200
1775114940.0318458,read,k5,105.75509071350098,False,543,534,108.94012451171875,200
1775114940.046483,write,k5,619.8868751525879,False,535,535,,201
1775114940.047078,write,k5,618.9138889312744,False,536,536,,201
1775114940.05108,read,k2,107.70201683044434,False,548,542,192.72327423095703,200
1775114940.060386,read,k5,105.44371604919434,False,544,536,13.303756713867188,200
1775114940.082467,write,k1,610.8479499816895,False,513,513,,201
1775114940.086826,read,k3,105.52191734313965,False,502,497,266.48497581481934,200
1775114940.0874171,write,k1,609.0550422668457,False,514,514,,201
1775114940.0951612,read,k3,108.60013961791992,False,503,497,274.8227119445801,200
1775114940.096017,write,k4,612.5929355621338,False,508,508,,201
1775114940.0963898,write,k4,614.1281127929688,False,509,509,,201
1775114940.110711,read,k3,105.35407066345215,False,503,497,290.3707027435303,200
1775114940.125559,write,k3,610.2540493011475,False,498,498,,201
1775114940.1259892,write,k4,623.0340003967285,False,510,510,,201
1775114940.1263812,read,k4,112.72931098937988,False,520,510,0.39076805114746094,200
1775114940.145599,write,k4,607.5520515441895,False,511,511,,201
1775114940.147188,read,k4,107.00201988220215,False,520,511,1.589059829711914,200
1775114940.1591759,read,k5,105.52191734313965,False,546,536,112.09297180175781,200
1775114940.1598349,read,k4,106.89306259155273,False,520,511,14.234781265258789,200
1775114940.161244,write,k4,611.7591857910156,False,512,512,,201
1775114940.173595,write,k5,608.5939407348633,False,537,537,,201
1775114940.17411,read,k3,105.84211349487305,False,503,498,48.55012893676758,200
1775114940.180359,write,k2,608.9847087860107,False,543,543,,201
1775114940.181003,write,k4,607.7380180358887,False,513,513,,201
1775114940.2006788,read,k2,108.04200172424316,False,550,543,20.317792892456055,200
1775114940.202454,read,k3,108.82091522216797,False,503,498,76.89094543457031,200
1775114940.209137,read,k2,107.38396644592285,False,550,543,28.7778377532959,200
1775114940.2096362,read,k2,107.24782943725586,False,550,543,29.277801513671875,200
1775114940.2265038,write,k1,627.007007598877,False,515,515,,201
1775114940.228263,write,k5,607.4397563934326,False,538,538,,201
1775114940.2303019,write,k2,604.9878597259521,False,544,544,,201
1775114940.230749,read,k5,109.71593856811523,False,547,538,2.485036849975586,200
1775114940.255426,read,k3,105.43608665466309,False,504,498,129.86207008361816,200
1775114940.26084,write,k3,605.7679653167725,False,499,499,,201
1775114940.262469,write,k4,606.1172485351562,False,514,514,,201
1775114940.27247,read,k5,106.38928413391113,False,548,538,44.20304298400879,200
1775114940.273241,write,k1,610.0389957427979,False,516,516,,201
1775114940.288655,write,k2,610.6259822845459,False,545,545,,201
1775114940.290519,read,k4,107.58590698242188,False,520,514,28.047800064086914,200
1775114940.291216,read,k3,104.25424575805664,False,507,499,30.378103256225586,200
1775114940.297467,write,k4,607.4161529541016,False,515,515,,201
1775114940.3182569,read,k5,107.6962947845459,False,548,538,89.99300003051758,200
1775114940.3187258,read,k3,107.55300521850586,False,507,499,57.89017677307129,200
1775114940.333248,write,k3,609.4348430633545,False,500,500,,201
1775114940.346497,read,k5,107.74517059326172,False,548,538,118.23105812072754,200
1775114940.3557088,write,k3,606.917142868042,False,501,501,,201
1775114940.368323,write,k5,608.4647178649902,False,539,539,,201
1775114940.3719501,read,k4,104.21204566955566,False,522,515,74.48291778564453,200
1775114940.385634,write,k5,615.7419681549072,False,540,540,,201
1775114940.386278,write,k4,608.7961196899414,False,516,516,,201
1775114940.3867881,write,k5,612.4861240386963,False,541,541,,201
1775114940.387275,read,k5,106.57286643981934,False,548,541,0.4849433898925781,200
1775114940.388963,write,k4,606.9722175598145,False,517,517,,201
1775114940.399723,read,k3,105.82709312438965,False,508,501,44.01087760925293,200
1775114940.4032042,read,k5,105.20792007446289,False,548,541,16.414880752563477,200
1775114940.409251,read,k2,107.27787017822266,False,557,545,120.59688568115234,200
1775114940.412053,write,k4,609.2400550842285,False,518,518,,201
1775114940.423459,write,k2,609.3173027038574,False,546,546,,201
1775114940.428146,read,k1,105.27372360229492,False,519,516,154.90412712097168,200
1775114940.4357371,write,k2,609.4760894775391,False,547,547,,201
1775114940.4476328,read,k3,105.44013977050781,False,509,501,91.9196605682373,200
1775114940.460641,read,k4,106.6899299621582,False,522,518,48.584938049316406,200
1775114940.4755661,read,k5,108.551025390625,False,548,541,88.7749195098877,200
1775114940.482153,write,k1,607.4819564819336,False,517,517,,201
1775114940.482501,write,k4,608.3199977874756,False,519,519,,201
1775114940.4838872,read,k2,106.78386688232422,False,558,547,48.15411567687988,200
1775114940.4872441,write,k5,608.9498996734619,False,542,542,,201
1775114940.488548,read,k2,110.42308807373047,False,558,547,52.813053131103516,200
1775114940.49685,read,k5,106.64105415344238,False,548,542,9.603023529052734,200
1775114940.508367,write,k5,611.3908290863037,False,543,543,,201
1775114940.5137012,read,k2,103.97577285766602,False,558,547,77.96502113342285,200
1775114940.553232,write,k2,610.6479167938232,False,548,548,,201
1775114940.5594602,write,k5,605.6318283081055,False,544,544,,201
1775114940.563833,write,k2,607.4750423431396,False,549,549,,201
1775114940.568154,write,k2,608.9301109313965,False,550,550,,201
1775114940.587967,write,k3,609.3740463256836,False,502,502,,201
1775114940.5937479,write,k3,608.9737415313721,False,503,503,,201
1775114940.595099,write,k5,607.4099540710449,False,545,545,,201
1775114940.5954812,read,k3,109.44604873657227,False,513,503,1.7333030700683594,200
1775114940.5958679,read,k2,111.42301559448242,False,559,550,27.714014053344727,200
1775114940.5967581,read,k5,106.2629222869873,False,552,545,1.6598701477050781,200
1775114940.597066,read,k5,106.10365867614746,False,552,545,1.9679069519042969,200
1775114940.60012,write,k4,609.6539497375488,False,520,520,,201
1775114940.617213,read,k1,113.5709285736084,False,521,517,135.0572109222412,200
1775114940.6570308,write,k5,607.907772064209,False,546,546,,201
1775114940.68379,read,k5,116.21499061584473,False,553,546,26.760101318359375,200
1775114940.698128,read,k3,106.28509521484375,False,513,503,104.38132286071777,200
1775114940.70092,write,k5,608.9110374450684,False,547,547,,201
1775114940.710283,write,k2,605.5028438568115,False,551,551,,201
1775114940.736896,read,k1,132.0478916168213,False,522,517,254.74023818969727,200
1775114940.737623,read,k3,127.32076644897461,False,515,503,143.87202262878418,200
1775114940.748678,write,k2,613.659143447876,False,552,552,,201
1775114940.7492301,write,k3,613.555908203125,False,504,504,,201
1775114940.750228,write,k5,614.077091217041,False,548,548,,201
1775114940.7634418,write,k3,610.8059883117676,False,505,505,,201
1775114940.780685,write,k2,615.1340007781982,False,553,553,,201
1775114940.7813709,write,k3,619.3177700042725,False,506,506,,201
1775114940.7830908,write,k3,606.6629886627197,False,507,507,,201
1775114940.79093,write,k2,607.2738170623779,False,554,554,,201
1775114940.810501,write,k1,606.8460941314697,False,518,518,,201
1775114940.815191,read,k5,104.76016998291016,False,555,548,64.96000289916992,200
1775114940.823701,write,k1,608.0949306488037,False,519,519,,201
1775114940.842617,write,k4,613.2059097290039,False,521,521,,201
1775114940.848885,write,k2,610.7687950134277,False,555,555,,201
1775114940.850236,write,k3,612.8818988800049,False,508,508,,201
1775114940.8662322,read,k4,110.22019386291504,False,527,521,23.614883422851562,200
1775114940.886644,write,k4,620.6848621368408,False,522,522,,201
1775114940.887407,write,k2,629.4341087341309,False,556,556,,201
1775114940.890818,write,k2,610.9991073608398,False,557,557,,201
1775114940.9032671,write,k3,608.6809635162354,False,509,509,,201
1775114940.90464,read,k4,105.19719123840332,False,528,522,17.996788024902344,200
1775114940.943698,write,k2,615.2188777923584,False,558,558,,201
1775114940.9555268,read,k2,108.0939769744873,False,565,558,11.825799942016602,200
1775114940.966744,read,k4,106.58907890319824,False,529,522,80.09862899780273,200
1775114941.001473,write,k3,609.1907024383545,False,510,510,,201
1775114941.002122,write,k5,610.3579998016357,False,549,549,,201
1775114941.0026162,write,k5,608.6859703063965,False,551,551,,201
1775114941.003146,write,k5,610.5070114135742,False,550,550,,201
1775114941.004433,read,k4,110.23902893066406,False,529,522,117.78879165649414,200
1775114941.017468,write,k4,606.132984161377,False,523,523,,201
1775114941.021246,write,k3,607.2499752044678,False,511,511,,201
1775114941.024648,write,k3,606.6610813140869,False,512,512,,201
1775114941.034922,write,k4,609.9703311920166,False,524,524,,201
1775114941.04322,write,k1,607.2142124176025,False,520,520,,201
1775114941.047782,write,k3,606.8191528320312,False,513,513,,201
1775114941.0694568,write,k5,613.429069519043,False,552,552,,201
1775114941.070078,read,k3,108.13689231872559,False,520,513,22.294044494628906,200
1775114941.086539,write,k2,617.3069477081299,False,559,559,,201
1775114941.096046,write,k2,610.8999252319336,False,560,560,,201
1775114941.103598,write,k1,606.4181327819824,False,521,521,,201
1775114941.10973,read,k5,106.42099380493164,False,559,552,40.27295112609863,200
1775114941.122108,read,k2,114.11023139953613,False,566,560,26.060104370117188,200
1775114941.1225688,write,k5,612.4951839447021,False,553,553,,201
1775114941.125205,write,k1,607.3086261749268,False,522,522,,201
1775114941.12674,read,k5,104.34484481811523,False,560,553,4.170894622802734,200
1775114941.141611,read,k3,110.11004447937012,False,520,513,93.82510185241699,200
1775114941.142164,read,k5,109.75527763366699,False,560,553,19.59395408630371,200
1775114941.180945,read,k5,106.78815841674805,False,561,553,58.37512016296387,200
1775114941.188493,write,k2,621.8030452728271,False,561,561,,201
1775114941.188669,write,k2,609.2932224273682,False,562,562,,201
1775114941.1888168,write,k4,627.525806427002,False,525,525,,201
1775114941.2018921,read,k4,107.03897476196289,False,529,525,13.074159622192383,200
1775114941.206311,write,k5,609.1740131378174,False,554,554,,201
1775114941.206445,write,k3,607.9130172729492,False,514,514,,201
1775114941.20657,write,k4,608.9632511138916,False,526,526,,201
1775114941.209926,write,k3,608.6409091949463,False,515,515,,201
1775114941.211425,read,k1,106.00590705871582,False,534,522,86.22312545776367,200
1775114941.216208,write,k4,610.4741096496582,False,527,527,,201
1775114941.2292109,read,k5,105.30591011047363,False,561,554,22.900104522705078,200
1775114941.2355142,write,k3,608.180046081543,False,516,516,,201
1775114941.238661,read,k1,104.14505004882812,False,534,522,113.45911026000977,200
1775114941.259718,read,k5,107.86986351013184,False,562,554,53.40695381164551,200
1775114941.2865868,write,k2,621.575117111206,False,563,563,,201
1775114941.295765,read,k5,104.12383079528809,False,563,554,89.45393562316895,200
1775114941.295976,write,k1,604.3787002563477,False,523,523,,201
1775114941.305583,read,k3,111.49215698242188,False,523,516,70.0681209564209,200
1775114941.315018,write,k5,606.7080497741699,False,555,555,,201
1775114941.316163,read,k1,106.61911964416504,False,534,523,20.18594741821289,200
1775114941.316581,read,k4,106.50229454040527,False,532,527,100.3720760345459,200
1775114941.321812,write,k2,605.9889793395996,False,564,564,,201
1775114941.322121,read,k5,105.5288314819336,False,563,555,7.102012634277344,200
1775114941.3441012,read,k4,104.33602333068848,False,535,527,127.89011001586914,200
1775114941.349192,write,k3,608.1318855285645,False,517,517,,201
1775114941.350096,read,k3,104.57897186279297,False,523,517,0.9028911590576172,200
1775114941.357235,write,k1,609.6320152282715,False,524,524,,201
1775114941.371257,write,k3,614.0410900115967,False,518,518,,201
1775114941.37166,write,k5,616.2140369415283,False,556,556,,201
1775114941.3902102,write,k5,614.7980690002441,False,557,557,,201
1775114941.3973372,read,k5,103.77001762390137,False,563,557,7.1239471435546875,200
1775114941.402954,write,k2,611.4559173583984,False,565,565,,201
1775114941.403563,write,k3,613.9960289001465,False,519,519,,201
1775114941.404104,write,k4,612.2758388519287,False,528,528,,201
1775114941.4052732,read,k4,104.02989387512207,False,535,528,1.1680126190185547,200
1775114941.408663,read,k1,105.03101348876953,False,535,524,51.42474174499512,200
1775114941.4156108,read,k4,108.0012321472168,False,535,528,11.507034301757812,200
1775114941.423021,read,k3,105.10802268981934,False,523,519,19.456863403320312,200
1775114941.423449,write,k4,606.7311763763428,False,529,529,,201
1775114941.4272482,write,k1,609.3509197235107,False,525,525,,201
1775114941.438771,write,k1,608.6709499359131,False,526,526,,201
1775114941.465733,write,k1,607.2239875793457,False,527,527,,201
1775114941.481447,write,k3,610.7220649719238,False,520,520,,201
1775114941.504897,write,k5,609.856128692627,False,558,558,,201
1775114941.5056052,write,k1,614.5370006561279,False,528,528,,201
1775114941.518089,write,k1,606.9841384887695,False,529,529,,201
1775114941.521434,read,k1,109.47799682617188,False,539,529,3.3371448516845703,200
1775114941.522155,read,k5,109.49826240539551,False,564,558,17.258167266845703,200
1775114941.5234802,write,k1,610.1560592651367,False,530,530,,201
1775114941.5239098,read,k5,109.28702354431152,False,564,558,19.015073776245117,200
1775114941.524918,read,k3,105.1781177520752,False,526,520,43.4718132019043,200
1775114941.534616,read,k3,108.08181762695312,False,526,520,53.16877365112305,200
1775114941.552572,write,k1,605.841875076294,False,531,531,,201
1775114941.575159,read,k3,106.19497299194336,False,526,520,93.70684623718262,200
1775114941.5841012,write,k5,608.0520153045654,False,559,559,,201
1775114941.617076,write,k2,610.1140975952148,False,566,566,,201
1775114941.6202939,write,k1,611.0241413116455,False,532,532,,201
1775114941.6208189,write,k5,612.0772361755371,False,560,560,,201
1775114941.634151,read,k1,106.43196105957031,False,540,532,13.855934143066406,200
1775114941.636808,read,k1,106.0490608215332,False,540,532,16.514062881469727,200
1775114941.638411,read,k4,106.86707496643066,False,541,529,214.95985984802246,200
1775114941.638814,read,k3,105.91626167297363,False,528,520,157.36770629882812,200
1775114941.647373,write,k1,607.8782081604004,False,533,533,,201
1775114941.658139,write,k3,612.2539043426514,False,521,521,,201
1775114941.664613,write,k1,608.5686683654785,False,534,534,,201
1775114941.672242,read,k4,108.94489288330078,False,541,529,248.78787994384766,200
1775114941.68114,write,k5,606.4262390136719,False,561,561,,201
1775114941.687565,read,k5,104.7983169555664,False,565,561,6.424665451049805,200
1775114941.7068748,write,k4,609.5738410949707,False,530,530,,201
1775114941.719536,write,k4,607.0220470428467,False,531,531,,201
1775114941.734213,write,k5,606.7650318145752,False,562,562,,201
1775114941.742147,write,k3,608.7818145751953,False,522,522,,201
1775114941.750606,read,k4,109.82990264892578,False,541,531,31.068801879882812,200
1775114941.751169,read,k2,108.58702659606934,False,572,566,134.0956687927246,200
1775114941.760632,write,k3,609.5941066741943,False,523,523,,201
1775114941.773338,read,k1,105.92293739318848,False,542,534,108.72292518615723,200
1775114941.7739441,read,k5,107.82599449157715,False,568,562,39.73102569580078,200
1775114941.7927308,read,k1,106.73904418945312,False,542,534,128.11708450317383,200
1775114941.794394,write,k5,607.5742244720459,False,563,563,,201
1775114941.799558,write,k4,608.6571216583252,False,532,532,,201
1775114941.814445,read,k5,105.33022880554199,False,569,563,20.048856735229492,200
1775114941.817217,write,k2,611.2840175628662,False,567,567,,201
1775114941.829841,write,k4,614.7220134735107,False,533,533,,201
1775114941.830441,write,k4,611.9201183319092,False,534,534,,201
1775114941.83131,write,k4,616.3959503173828,False,533,533,,201
1775114941.8389812,read,k4,108.52718353271484,False,541,534,7.665872573852539,200
1775114941.840786,write,k4,605.496883392334,False,535,535,,201
1775114941.842703,read,k5,103.94811630249023,False,569,563,48.310041427612305,200
1775114941.871126,write,k1,607.180118560791,False,535,535,,201
1775114941.891241,read,k4,113.69991302490234,False,544,535,50.45199394226074,200
1775114941.9055738,read,k4,105.82995414733887,False,544,535,64.78595733642578,200
1775114941.9308212,write,k1,607.7549457550049,False,537,537,,201
1775114941.9311,write,k1,612.3971939086914,False,536,536,,201
1775114941.931245,write,k2,611.9463443756104,False,568,568,,201
1775114941.937375,write,k4,605.6530475616455,False,536,536,,201
1775114941.9398432,read,k5,121.34504318237305,False,570,563,145.4489231109619,200
1775114941.940127,read,k1,117.55490303039551,False,543,537,9.026050567626953,200
1775114941.9403672,read,k1,104.58493232727051,False,543,537,9.266138076782227,200
1775114941.9486752,read,k1,105.87501525878906,False,543,537,17.57192611694336,200
1775114941.955147,read,k1,106.68492317199707,False,543,537,24.042844772338867,200
1775114941.9584231,write,k3,609.0641021728516,False,524,524,,201
1775114941.95938,write,k4,607.5890064239502,False,537,537,,201
1775114941.9669409,write,k1,607.3949337005615,False,538,538,,201
1775114941.97414,write,k2,607.1569919586182,False,569,569,,201
1775114941.9924202,write,k1,614.6769523620605,False,539,539,,201
1775114941.993164,write,k5,613.1956577301025,False,564,564,,201
1775114941.999616,write,k2,606.3621044158936,False,570,570,,201
1775114942.002778,read,k4,104.64119911193848,False,544,537,43.395042419433594,200
1775114942.016128,write,k3,610.3999614715576,False,525,525,,201
1775114942.034528,write,k4,620.7869052886963,False,538,538,,201
1775114942.0352352,write,k3,619.0590858459473,False,526,526,,201
1775114942.043614,write,k4,613.537073135376,False,539,539,,201
1775114942.0448809,write,k5,614.21799659729,False,565,565,,201
1775114942.046727,read,k3,112.52284049987793,False,531,526,11.491060256958008,200
1775114942.047143,read,k3,105.90481758117676,False,531,526,11.909008026123047,200
1775114942.050103,read,k2,105.4379940032959,False,580,570,50.488948822021484,200
1775114942.051031,read,k2,105.33881187438965,False,580,570,51.41806602478027,200
1775114942.055831,read,k1,106.22382164001465,False,544,539,63.41385841369629,200
1775114942.060163,write,k2,611.4411354064941,False,571,571,,201
1775114942.0666308,read,k1,108.04510116577148,False,544,539,74.20897483825684,200
1775114942.067011,read,k1,107.54990577697754,False,544,539,74.59497451782227,200
1775114942.069035,read,k1,105.96895217895508,False,544,539,76.61700248718262,200
1775114942.088684,read,k2,117.62595176696777,False,581,571,28.51724624633789,200
1775114942.099535,read,k4,116.7299747467041,False,544,539,55.92083930969238,200
1775114942.1000981,write,k3,610.8531951904297,False,527,527,,201
1775114942.1005251,read,k3,105.13782501220703,False,531,527,0.4279613494873047,200
1775114942.117528,write,k1,610.6841564178467,False,540,540,,201
1775114942.131167,write,k3,621.0649013519287,False,528,528,,201
1775114942.135762,write,k4,607.6669692993164,False,541,541,,201
1775114942.136503,write,k4,614.1982078552246,False,540,540,,201
1775114942.1387699,read,k2,112.94198036193848,False,583,571,78.60612869262695,200
1775114942.146533,write,k2,606.4209938049316,False,572,572,,201
1775114942.150305,read,k4,105.29804229736328,False,544,541,13.799905776977539,200
1775114942.1528819,read,k2,106.83989524841309,False,583,572,6.347894668579102,200
1775114942.162666,read,k5,109.5890998840332,False,571,565,117.78497695922852,200
1775114942.163046,read,k1,108.46376419067383,False,545,540,45.519113540649414,200
1775114942.1736472,read,k4,105.41892051696777,False,546,541,37.140846252441406,200
1775114942.17408,read,k3,108.41012001037598,False,532,528,42.912960052490234,200
1775114942.193654,write,k5,607.7020168304443,False,566,566,,201
1775114942.214997,read,k4,108.62207412719727,False,547,541,78.48906517028809,200
1775114942.23522,read,k4,105.32593727111816,False,547,541,98.70791435241699,200
1775114942.23587,write,k5,611.8490695953369,False,567,567,,201
1775114942.2363021,write,k5,610.8920574188232,False,568,568,,201
1775114942.237005,write,k1,607.1867942810059,False,541,541,,201
1775114942.2471611,write,k1,610.220193862915,False,542,542,,201
1775114942.24751,read,k5,106.7647933959961,False,573,568,11.207818984985352,200
1775114942.2517,read,k4,106.84418678283691,False,547,541,115.19503593444824,200
1775114942.255025,write,k2,606.0791015625,False,574,574,,201
1775114942.256049,read,k4,105.63302040100098,False,547,541,119.54593658447266,200
1775114942.257171,write,k2,609.6131801605225,False,573,573,,201
1775114942.266028,read,k1,105.19194602966309,False,546,542,18.858909606933594,200
1775114942.286707,read,k2,107.34295845031738,False,587,574,29.531002044677734,200
1775114942.292994,write,k5,615.8819198608398,False,569,569,,201
1775114942.303498,write,k2,610.130786895752,False,575,575,,201
1775114942.3071418,read,k5,105.61513900756836,False,573,569,14.147043228149414,200
1775114942.344416,read,k1,105.39007186889648,False,546,542,97.25213050842285,200
1775114942.348277,read,k1,106.43982887268066,False,546,542,101.11474990844727,200
1775114942.348598,write,k4,604.0029525756836,False,542,542,,201
1775114942.358639,read,k4,106.27508163452148,False,549,542,10.038137435913086,200
1775114942.3677282,write,k3,608.6480617523193,False,529,529,,201
1775114942.372077,read,k1,107.16962814331055,False,546,542,124.91393089294434,200
1775114942.372519,write,k4,610.4269027709961,False,543,543,,201
1775114942.376451,read,k1,106.47392272949219,False,546,542,129.2879581451416,200
1775114942.3803961,write,k4,614.811897277832,False,544,544,,201
1775114942.394351,write,k1,610.1109981536865,False,543,543,,201
1775114942.4011352,read,k3,104.42495346069336,False,534,529,33.406972885131836,200
1775114942.409557,write,k2,608.781099319458,False,576,576,,201
1775114942.413806,write,k5,608.9551448822021,False,570,570,,201
1775114942.416388,read,k2,106.43291473388672,False,590,576,6.83283805847168,200
1775114942.440497,write,k2,606.421947479248,False,577,577,,201
1775114942.444156,write,k3,604.9799919128418,False,530,530,,201
1775114942.456168,read,k3,105.34906387329102,False,535,530,12.01009750366211,200
1775114942.456578,write,k3,607.5263023376465,False,531,531,,201
1775114942.467637,read,k1,105.87406158447266,False,547,543,73.28104972839355,200
1775114942.487197,read,k1,105.07488250732422,False,547,543,92.84090995788574,200
1775114942.493228,write,k1,607.8348159790039,False,544,544,,201
1775114942.502733,read,k3,104.96115684509277,False,536,531,46.15306854248047,200
1775114942.522301,write,k2,609.4169616699219,False,578,578,,201
1775114942.540577,write,k2,607.7947616577148,False,579,579,,201
1775114942.550445,write,k2,609.5468997955322,False,580,580,,201
1775114942.555712,read,k3,103.8048267364502,False,537,531,99.12919998168945,200
1775114942.565603,read,k3,107.31625556945801,False,537,531,109.0240478515625,200
1775114942.56686,read,k1,105.35717010498047,False,549,544,73.63486289978027,200
1775114942.57184,write,k2,604.6228408813477,False,581,581,,201
1775114942.604883,write,k2,607.7649593353271,False,582,582,,201
1775114942.613194,write,k1,607.8891754150391,False,545,545,,201
1775114942.6166651,read,k4,105.51977157592773,False,553,544,236.2680435180664,200
1775114942.617151,write,k2,609.0571880340576,False,583,583,,201
1775114942.634181,read,k4,104.51889038085938,False,553,544,253.77893447875977,200
1775114942.6512032,write,k5,607.353925704956,False,571,571,,201
1775114942.655048,write,k3,607.3861122131348,False,532,532,,201
1775114942.666125,read,k1,112.18690872192383,False,549,545,52.93011665344238,200
1775114942.6664908,write,k2,609.1828346252441,False,584,584,,201
1775114942.667849,write,k4,608.9990139007568,False,545,545,,201
1775114942.668809,read,k4,109.09318923950195,False,553,545,0.9582042694091797,200
1775114942.671794,read,k5,103.61075401306152,False,579,571,20.59316635131836,200
1775114942.672566,write,k4,607.8641414642334,False,546,546,,201
1775114942.6800451,write,k4,607.7392101287842,False,547,547,,201
1775114942.684483,read,k5,106.8880558013916,False,580,571,33.28108787536621,200
1775114942.684872,write,k1,607.8860759735107,False,546,546,,201
1775114942.703695,write,k5,607.2671413421631,False,572,572,,201
1775114942.7181818,read,k3,107.14483261108398,False,538,532,63.130855560302734,200
1775114942.718712,write,k3,612.0181083679199,False,533,533,,201
1775114942.719102,write,k2,613.7068271636963,False,585,585,,201
1775114942.7257621,read,k4,105.89885711669922,False,553,547,45.71676254272461,200
1775114942.741424,write,k5,604.8069000244141,False,573,573,,201
1775114942.749459,read,k2,106.26697540283203,False,595,585,30.352115631103516,200
1775114942.755033,write,k2,609.8260879516602,False,586,586,,201
1775114942.7668018,write,k2,606.9629192352295,False,587,587,,201
1775114942.76955,read,k1,111.62996292114258,False,549,546,84.67292785644531,200
1775114942.770179,write,k4,605.7291030883789,False,548,548,,201
1775114942.7785249,read,k2,105.45587539672852,False,595,587,11.72494888305664,200
1775114942.778908,read,k4,106.25410079956055,False,553,548,8.730173110961914,200
1775114942.780155,read,k5,104.92491722106934,False,583,573,38.73109817504883,200
1775114942.7815108,write,k3,608.8910102844238,False,534,534,,201
1775114942.782475,read,k4,106.94503784179688,False,553,548,12.296915054321289,200
1775114942.790297,write,k4,610.2590560913086,False,549,549,,201
1775114942.792175,read,k1,106.83083534240723,False,549,546,107.30195045471191,200
1775114942.81442,read,k5,106.03809356689453,False,583,573,72.99685478210449,200
1775114942.828524,read,k1,105.1931381225586,False,552,546,143.65100860595703,200
1775114942.8321989,write,k2,609.6460819244385,False,588,588,,201
1775114942.835267,read,k4,102.50377655029297,False,553,549,44.97098922729492,200
1775114942.847817,read,k4,104.73179817199707,False,553,549,57.51991271972656,200
1775114942.8497322,write,k2,610.0869178771973,False,589,589,,201
1775114942.850261,write,k2,609.7409725189209,False,590,590,,201
1775114942.866616,write,k4,611.4678382873535,False,550,550,,201
1775114942.866823,write,k5,607.8579425811768,False,575,575,,201
1775114942.867008,write,k5,610.5279922485352,False,574,574,,201
1775114942.8695948,write,k5,606.0512065887451,False,576,576,,201
1775114942.883887,read,k3,106.94074630737305,False,540,534,102.37264633178711,200
1775114942.8857238,read,k1,108.03818702697754,False,552,546,200.8500099182129,200
1775114942.886419,read,k3,104.7201156616211,False,540,534,104.90775108337402,200
1775114942.891319,read,k3,104.28118705749512,False,540,534,109.80772972106934,200
1775114942.8924658,read,k3,104.99286651611328,False,540,534,110.95595359802246,200
1775114942.8946712,read,k5,105.22198677062988,False,584,576,25.07495880126953,200
1775114942.897556,write,k1,608.6089611053467,False,547,547,,201
1775114942.902954,read,k4,104.06875610351562,False,553,550,36.332130432128906,200
1775114942.917681,write,k3,605.7322025299072,False,535,535,,201
1775114942.937122,read,k1,102.38313674926758,False,552,547,39.565086364746094,200
1775114942.947538,read,k1,103.84011268615723,False,552,547,49.981117248535156,200
1775114942.9647949,read,k2,105.11183738708496,False,599,590,114.5322322845459,200
1775114942.967687,write,k3,611.7739677429199,False,536,536,,201
1775114942.967996,write,k4,612.8959655761719,False,551,551,,201
1775114942.974472,read,k2,104.46023941040039,False,599,590,124.21011924743652,200
1775114942.974737,read,k3,104.51698303222656,False,543,536,7.048845291137695,200
1775114942.978462,read,k2,105.54909706115723,False,599,590,128.20100784301758,200
1775114942.985606,write,k4,608.4821224212646,False,552,552,,201
1775114942.985903,write,k5,607.1522235870361,False,577,577,,201
1775114942.988538,write,k2,606.9579124450684,False,591,591,,201
1775114942.992585,read,k3,104.33101654052734,False,543,536,24.895906448364258,200
1775114943.003794,read,k5,107.83791542053223,False,585,577,17.886877059936523,200
1775114943.0048199,write,k1,612.4927997589111,False,548,548,,201
1775114943.0071151,read,k4,104.01606559753418,False,554,552,21.50869369506836,200
1775114943.0126321,read,k1,104.87866401672363,False,552,548,7.810115814208984,200
1775114943.0156832,write,k4,607.4478626251221,False,553,553,,201
1775114943.019882,write,k2,605.6299209594727,False,592,592,,201
1775114943.021556,write,k5,605.0021648406982,False,578,578,,201
1775114943.030441,write,k3,610.3329658508301,False,537,537,,201
1775114943.031282,read,k3,105.29828071594238,False,543,537,0.8397102355957031,200
1775114943.0518882,write,k1,606.7202091217041,False,549,549,,201
1775114943.072335,read,k3,118.02077293395996,False,543,537,41.89181327819824,200
1775114943.074767,read,k5,102.81610488891602,False,585,578,53.20906639099121,200
1775114943.079,read,k3,105.99327087402344,False,543,537,48.55775833129883,200
1775114943.083261,write,k2,607.5308322906494,False,593,593,,201
1775114943.086537,read,k5,103.62577438354492,False,585,578,64.97979164123535,200
1775114943.106595,read,k5,114.81285095214844,False,585,578,85.0369930267334,200
1775114943.109499,read,k4,114.03107643127441,False,556,553,93.81818771362305,200
1775114943.125417,write,k2,628.8387775421143,False,594,594,,201
1775114943.125637,write,k3,628.1838417053223,False,538,538,,201
1775114943.127063,read,k5,120.92399597167969,False,585,578,105.50689697265625,200
1775114943.127231,read,k3,107.09905624389648,False,544,538,1.5938282012939453,200
1775114943.1273658,read,k3,125.14305114746094,False,544,538,1.7290115356445312,200
1775114943.127519,read,k4,111.22989654541016,False,556,553,111.83810234069824,200
1775114943.127645,read,k1,108.49618911743164,False,553,549,75.7608413696289,200
1775114943.133155,read,k4,105.1788330078125,False,556,553,117.47407913208008,200
1775114943.135336,read,k1,104.74300384521484,False,553,549,83.4507942199707,200
1775114943.137399,read,k4,104.03990745544434,False,556,553,121.71816825866699,200
1775114943.155542,write,k5,607.612133026123,False,579,579,,201
1775114943.178847,write,k5,609.1859340667725,False,580,580,,201
1775114943.1795762,read,k1,119.09198760986328,False,554,549,127.68888473510742,200
1775114943.181231,read,k5,104.1560173034668,False,586,580,2.3818016052246094,200
1775114943.191027,read,k5,105.48591613769531,False,586,580,12.175798416137695,200
1775114943.222403,write,k2,604.158878326416,False,595,595,,201
1775114943.228381,read,k2,116.49274826049805,False,605,595,5.977630615234375,200
1775114943.234684,write,k5,607.036828994751,False,581,581,,201
1775114943.2363598,read,k1,102.18405723571777,False,555,549,184.47494506835938,200
1775114943.268984,write,k5,613.7831211090088,False,582,582,,201
1775114943.2748659,write,k5,606.853723526001,False,583,583,,201
1775114943.282442,write,k2,607.6517105102539,False,596,596,,201
1775114943.2994912,write,k1,607.0351600646973,False,551,551,,201
1775114943.3001118,write,k1,608.5031032562256,False,550,550,,201
1775114943.309392,read,k4,122.17211723327637,False,558,553,293.70617866516113,200
1775114943.329057,write,k1,608.9668273925781,False,552,552,,201
1775114943.333868,write,k3,603.8792133331299,False,539,539,,201
1775114943.337488,read,k1,103.95503044128418,False,555,552,8.430004119873047,200
1775114943.349377,read,k2,105.04293441772461,False,614,596,66.93506240844727,200
1775114943.369281,write,k5,611.9298934936523,False,584,584,,201
1775114943.3696609,write,k2,616.0638332366943,False,597,597,,201
1775114943.386273,write,k3,610.1670265197754,False,540,540,,201
1775114943.4097779,write,k2,621.4199066162109,False,598,598,,201
1775114943.410431,write,k3,616.4631843566895,False,541,541,,201
1775114943.413677,read,k1,108.10637474060059,False,556,552,84.61785316467285,200
1775114943.42783,write,k3,611.6390228271484,False,542,542,,201
1775114943.4422998,read,k1,107.76019096374512,False,556,552,113.24214935302734,200
1775114943.442755,write,k3,606.2829494476318,False,543,543,,201
1775114943.445482,read,k1,106.62221908569336,False,556,552,116.42599105834961,200
1775114943.454062,read,k3,107.04708099365234,False,547,543,11.301755905151367,200
1775114943.465198,write,k2,606.6210269927979,False,599,599,,201
1775114943.466505,write,k5,606.2750816345215,False,585,585,,201
1775114943.4782562,read,k5,105.14402389526367,False,589,585,11.749029159545898,200
1775114943.4847271,write,k2,608.6080074310303,False,600,600,,201
1775114943.489683,read,k2,109.64083671569824,False,616,600,4.954099655151367,200
1775114943.51071,write,k4,608.4799766540527,False,554,554,,201
1775114943.5114639,write,k2,615.0321960449219,False,601,601,,201
1775114943.512085,write,k2,615.0641441345215,False,602,602,,201
1775114943.514625,write,k4,606.2121391296387,False,555,555,,201
1775114943.5237792,read,k4,105.15475273132324,False,561,555,9.150266647338867,200
1775114943.5284119,read,k3,107.62190818786621,False,547,543,85.65282821655273,200
1775114943.5509472,write,k1,605.1409244537354,False,553,553,,201
1775114943.551703,read,k2,107.57184028625488,False,616,602,39.61491584777832,200
1775114943.5633779,read,k2,108.47306251525879,False,616,602,51.29122734069824,200
1775114943.572077,read,k1,105.42535781860352,False,556,553,21.12889289855957,200
1775114943.581003,write,k2,607.6929569244385,False,603,603,,201
1775114943.5826979,read,k1,106.78291320800781,False,556,553,31.74901008605957,200
1775114943.5932312,read,k5,108.34288597106934,False,592,585,126.72305107116699,200
1775114943.593794,write,k2,609.7750663757324,False,604,604,,201
1775114943.5955698,write,k3,608.4151268005371,False,544,544,,201
1775114943.596033,write,k4,608.4811687469482,False,556,556,,201
1775114943.60196,read,k2,108.98804664611816,False,616,604,8.164167404174805,200
1775114943.6185951,read,k2,106.36115074157715,False,616,604,24.797916412353516,200
1775114943.622417,read,k2,105.15666007995605,False,616,604,28.62095832824707,200
1775114943.622905,read,k2,107.18584060668945,False,616,604,29.11090850830078,200
1775114943.6297998,write,k5,618.441104888916,False,586,586,,201
1775114943.634968,read,k4,104.92992401123047,False,563,556,38.931846618652344,200
1775114943.651336,write,k1,610.9662055969238,False,554,554,,201
1775114943.666996,read,k1,105.0407886505127,False,556,554,15.657901763916016,200
1775114943.670187,read,k3,103.88016700744629,False,549,544,74.6147632598877,200
1775114943.691155,write,k2,608.820915222168,False,605,605,,201
1775114943.693505,write,k5,607.496976852417,False,587,587,,201
1775114943.696894,read,k4,106.58836364746094,False,563,556,100.8601188659668,200
1775114943.7115679,read,k3,108.97493362426758,False,550,544,115.99373817443848,200
1775114943.718828,read,k1,115.82112312316895,False,557,554,67.4889087677002,200
1775114943.734592,write,k2,623.6653327941895,False,606,606,,201
1775114943.735213,write,k4,642.3289775848389,False,557,557,,201
1775114943.739228,read,k4,107.91397094726562,False,565,557,4.012107849121094,200
1775114943.739825,read,k2,107.93185234069824,False,619,606,5.234003067016602,200
1775114943.740866,write,k2,609.4701290130615,False,607,607,,201
1775114943.741363,read,k5,106.10103607177734,False,593,587,47.858238220214844,200
1775114943.741769,write,k2,610.828161239624,False,608,608,,201
1775114943.742241,write,k2,609.8008155822754,False,609,609,,201
1775114943.742646,write,k1,611.4001274108887,False,555,555,,201
1775114943.743501,write,k3,605.8299541473389,False,545,545,,201
1775114943.7438421,write,k2,610.3999614715576,False,610,610,,201
1775114943.744173,write,k5,611.4940643310547,False,588,588,,201
1775114943.745209,write,k3,606.2479019165039,False,546,546,,201
1775114943.7533581,write,k4,606.3559055328369,False,558,558,,201
1775114943.755434,read,k1,109.46893692016602,False,557,555,12.787103652954102,200
1775114943.765553,write,k2,608.5860729217529,False,611,611,,201
1775114943.8047261,read,k4,104.6590805053711,False,565,558,51.362037658691406,200
1775114943.807613,read,k1,106.47296905517578,False,559,555,64.96310234069824,200
1775114943.8082528,read,k4,104.86602783203125,False,565,558,54.89301681518555,200
1775114943.810573,write,k5,607.4800491333008,False,589,589,,201
1775114943.816722,write,k2,628.5190582275391,False,612,612,,201
1775114943.817156,write,k2,627.3021697998047,False,613,613,,201
1775114943.824211,read,k5,108.1550121307373,False,594,589,13.633966445922852,200
1775114943.8313699,write,k4,607.4600219726562,False,559,559,,201
1775114943.8473978,read,k4,109.39884185791016,False,566,559,16.026973724365234,200
1775114943.850324,read,k4,107.57207870483398,False,566,559,18.954038619995117,200
1775114943.853812,read,k2,107.5589656829834,False,619,613,36.65518760681152,200
1775114943.854282,write,k2,609.6980571746826,False,614,614,,201
1775114943.854733,read,k4,110.46695709228516,False,566,559,23.364782333374023,200
1775114943.855115,read,k2,109.19308662414551,False,619,614,0.8330345153808594,200
1775114943.855472,read,k2,108.38198661804199,False,619,614,1.190185546875,200
1775114943.855792,read,k2,111.23013496398926,False,619,614,1.5082359313964844,200
1775114943.856857,read,k2,105.95989227294922,False,619,614,2.5763511657714844,200
1775114943.8588202,read,k1,106.3239574432373,False,559,555,116.17422103881836,200
1775114943.863988,read,k5,105.0257682800293,False,594,589,53.41315269470215,200
1775114943.8653738,read,k5,106.80413246154785,False,594,589,54.800987243652344,200
1775114943.874503,read,k4,103.67798805236816,False,567,559,43.13492774963379,200
1775114943.885477,write,k4,606.5390110015869,False,560,560,,201
1775114943.8886242,write,k2,608.3741188049316,False,615,615,,201
1775114943.899511,write,k3,605.4999828338623,False,547,547,,201
1775114943.91308,read,k2,104.70128059387207,False,620,615,24.454832077026367,200
1775114943.916152,write,k1,609.799861907959,False,556,556,,201
1775114943.918654,read,k5,104.8438549041748,False,594,589,108.08181762695312,200
1775114943.920675,write,k2,606.5468788146973,False,616,616,,201
1775114943.9265401,read,k3,106.31299018859863,False,553,547,27.027130126953125,200
1775114943.9656541,read,k3,107.80501365661621,False,555,547,66.13731384277344,200
1775114943.966422,read,k4,108.25395584106445,False,568,560,80.94072341918945,200
1775114943.967686,read,k4,106.90879821777344,False,569,560,82.20481872558594,200
1775114943.968394,read,k2,107.0091724395752,False,622,616,47.69301414489746,200
1775114943.968941,write,k4,612.800121307373,False,561,561,,201
1775114943.9693491,read,k3,107.23686218261719,False,555,547,69.83709335327148,200
1775114943.974497,read,k5,103.70373725891113,False,594,589,163.9230251312256,200
1775114943.9900868,read,k4,106.05788230895996,False,571,561,21.14415168762207,200
1775114943.996184,write,k5,607.111930847168,False,590,590,,201
1775114943.998438,read,k4,105.30400276184082,False,571,561,29.494047164916992,200
1775114944.001643,read,k5,106.21500015258789,False,594,590,5.458354949951172,200
1775114944.0200078,read,k2,105.35597801208496,False,623,616,99.32780265808105,200
1775114944.0280051,read,k1,107.01584815979004,False,560,556,111.84883117675781,200
1775114944.028501,read,k1,107.21874237060547,False,560,556,112.34784126281738,200
1775114944.030565,write,k4,609.1709136962891,False,562,562,,201
1775114944.0401778,read,k5,108.17289352416992,False,594,590,43.99418830871582,200
1775114944.044804,write,k5,610.5682849884033,False,591,591,,201
1775114944.0611231,write,k4,608.306884765625,False,563,563,,201
1775114944.072843,write,k5,609.6477508544922,False,592,592,,201
1775114944.082169,read,k4,106.0023307800293,False,572,563,21.043062210083008,200
1775114944.086027,read,k1,107.19013214111328,False,562,556,169.86989974975586,200
1775114944.086617,read,k4,107.28883743286133,False,572,563,25.494098663330078,200
1775114944.102813,write,k3,607.429027557373,False,548,548,,201
1775114944.107612,read,k1,107.7580451965332,False,562,556,191.45584106445312,200
1775114944.108146,read,k2,107.57613182067871,False,624,616,187.4690055847168,200
1775114944.1109471,read,k5,106.66394233703613,False,594,592,38.10596466064453,200
1775114944.123301,write,k3,608.2611083984375,False,549,549,,201
1775114944.134912,read,k5,108.31713676452637,False,594,592,62.07275390625,200
1775114944.136896,write,k2,608.2990169525146,False,617,617,,201
1775114944.1370392,read,k2,106.34183883666992,False,624,617,0.14209747314453125,200
1775114944.143598,read,k3,105.5762767791748,False,557,549,20.29585838317871,200
1775114944.163049,write,k5,607.0897579193115,False,593,593,,201
1775114944.186518,write,k1,605.158805847168,False,557,557,,201
1775114944.19682,read,k2,105.68785667419434,False,625,617,59.92388725280762,200
1775114944.200023,read,k4,104.77066040039062,False,572,563,138.90314102172852,200
1775114944.202684,write,k4,611.4833354949951,False,564,564,,201
1775114944.21152,write,k3,610.6290817260742,False,550,550,,201
1775114944.214796,read,k4,105.96203804016113,False,572,564,12.111186981201172,200
1775114944.22031,write,k2,616.6110038757324,False,618,618,,201
1775114944.220396,write,k4,613.1017208099365,False,565,565,,201
1775114944.2304928,write,k2,606.1789989471436,False,619,619,,201
1775114944.23777,read,k1,106.26912117004395,False,565,557,51.251888275146484,200
1775114944.251078,read,k3,102.80299186706543,False,560,550,39.55817222595215,200
1775114944.2646568,write,k5,607.8658103942871,False,594,594,,201
1775114944.270634,read,k3,103.14011573791504,False,560,550,59.11397933959961,200
1775114944.278651,write,k1,605.0198078155518,False,558,558,,201
1775114944.281507,write,k1,606.7631244659424,False,559,559,,201
1775114944.302081,read,k2,102.63586044311523,False,627,619,71.58803939819336,200
1775114944.309398,read,k2,102.80990600585938,False,627,619,78.90510559082031,200
1775114944.3133461,read,k3,105.40509223937988,False,560,550,101.82595252990723,200
1775114944.326891,read,k2,105.62300682067871,False,627,619,96.39811515808105,200
1775114944.3349519,write,k4,608.8311672210693,False,566,566,,201
1775114944.353028,read,k5,103.18398475646973,False,598,594,88.37127685546875,200
1775114944.354626,write,k4,609.062910079956,False,567,567,,201
1775114944.359005,write,k3,607.7370643615723,False,551,551,,201
1775114944.359731,write,k2,605.5910587310791,False,620,620,,201
1775114944.359843,write,k3,606.090784072876,False,552,552,,201
1775114944.382754,read,k5,103.96432876586914,False,598,594,118.09611320495605,200
1775114944.39664,read,k3,105.27801513671875,False,561,552,36.795854568481445,200
1775114944.413454,read,k3,104.29501533508301,False,561,552,53.61008644104004,200
1775114944.425247,write,k3,609.4777584075928,False,553,553,,201
1775114944.429663,write,k3,606.8170070648193,False,554,554,,201
1775114944.432839,write,k3,607.1159839630127,False,555,555,,201
1775114944.4375758,read,k5,103.96909713745117,False,599,594,172.91808128356934,200
1775114944.439504,write,k2,606.8930625915527,False,621,621,,201
1775114944.444525,read,k4,105.3471565246582,False,574,567,89.89810943603516,200
1775114944.445815,write,k2,608.9520454406738,False,622,622,,201
1775114944.466347,write,k4,610.4271411895752,False,568,568,,201
1775114944.46662,read,k5,106.74095153808594,False,599,594,201.96127891540527,200
1775114944.4668632,write,k4,607.2440147399902,False,569,569,,201
1775114944.467097,read,k3,103.96003723144531,False,562,555,34.256935119628906,200
1775114944.46732,write,k1,609.8780632019043,False,560,560,,201
1775114944.469058,write,k2,605.9319972991943,False,623,623,,201
1775114944.473376,read,k2,105.63182830810547,False,629,623,4.316091537475586,200
1775114944.4770792,write,k4,605.6160926818848,False,571,571,,201
1775114944.477464,write,k4,609.2150211334229,False,570,570,,201
1775114944.511065,write,k4,608.8452339172363,False,572,572,,201
1775114944.5297868,read,k3,104.84790802001953,False,564,555,96.94409370422363,200
1775114944.5331242,write,k2,606.4996719360352,False,624,624,,201
1775114944.546025,read,k1,105.16881942749023,False,567,560,78.70101928710938,200
1775114944.549324,read,k4,104.62617874145508,False,577,572,38.25807571411133,200
1775114944.575279,write,k3,605.816125869751,False,556,556,,201
1775114944.5758731,read,k5,107.44500160217285,False,600,594,311.20920181274414,200
1775114944.5779278,read,k4,107.16390609741211,False,578,572,66.8632984161377,200
1775114944.57838,write,k1,607.6853275299072,False,561,561,,201
1775114944.579343,write,k1,607.1610450744629,False,562,562,,201
1775114944.581687,read,k5,106.09602928161621,False,600,594,317.02709197998047,200
1775114944.5820532,write,k3,607.1221828460693,False,557,557,,201
1775114944.5941849,read,k4,115.15069007873535,False,579,572,83.11724662780762,200
1775114944.5983639,read,k5,117.68198013305664,False,600,594,333.70113372802734,200
1775114944.621758,write,k1,609.0841293334961,False,563,563,,201
1775114944.64221,write,k1,608.9267730712891,False,564,564,,201
1775114944.659335,read,k4,127.43806838989258,False,579,572,148.2691764831543,200
1775114944.659845,write,k1,608.1638336181641,False,565,565,,201
1775114944.660015,write,k3,610.1298332214355,False,558,558,,201
1775114944.6754858,write,k5,608.5989475250244,False,595,595,,201
1775114944.6850328,write,k2,608.2139015197754,False,625,625,,201
1775114944.6852338,read,k1,106.73189163208008,False,569,565,25.387048721313477,200
1775114944.6878111,read,k5,106.89210891723633,False,601,595,12.324094772338867,200
1775114944.694839,write,k5,610.792875289917,False,596,596,,201
1775114944.711403,read,k4,110.5039119720459,False,580,572,200.33526420593262,200
1775114944.712522,read,k5,128.32188606262207,False,601,596,17.68207550048828,200
1775114944.712884,read,k4,118.51334571838379,False,580,572,201.81989669799805,200
1775114944.720497,write,k3,609.3630790710449,False,559,559,,201
1775114944.7243378,write,k2,606.8329811096191,False,626,626,,201
1775114944.727852,write,k5,607.2142124176025,False,597,597,,201
1775114944.750171,write,k2,606.942892074585,False,627,627,,201
1775114944.7507799,write,k2,607.7911853790283,False,627,627,,201
1775114944.751499,write,k3,607.5868606567383,False,560,560,,201
1775114944.767071,read,k2,122.29800224304199,False,636,627,16.28589630126953,200
1775114944.76805,read,k5,106.03618621826172,False,601,597,40.19618034362793,200
1775114944.772149,read,k4,103.94787788391113,False,580,572,261.08288764953613,200
1775114944.782314,read,k4,105.29685020446777,False,580,572,271.24714851379395,200
1775114944.819505,write,k1,622.931957244873,False,566,566,,201
1775114944.8197272,read,k3,126.82008743286133,False,566,560,68.22800636291504,200
1775114944.819863,read,k5,126.40380859375,False,601,597,92.01216697692871,200
1775114944.819991,read,k1,123.52585792541504,False,570,566,0.4887580871582031,200
1775114944.824828,write,k3,604.7050952911377,False,561,561,,201
1775114944.824982,read,k3,104.3550968170166,False,566,561,0.15401840209960938,200
1775114944.829141,write,k1,606.6267490386963,False,567,567,,201
1775114944.834229,write,k5,605.2689552307129,False,598,598,,201
1775114944.8361778,read,k1,105.3009033203125,False,571,567,7.035970687866211,200
1775114944.838846,read,k4,105.84378242492676,False,581,572,327.78096199035645,200
1775114944.845946,write,k4,607.7060699462891,False,573,573,,201
1775114944.863895,write,k2,605.5400371551514,False,628,628,,201
1775114944.8724658,read,k4,117.03920364379883,False,582,573,26.51810646057129,200
1775114944.8764071,write,k4,605.2851676940918,False,574,574,,201
1775114944.881921,read,k4,105.99303245544434,False,582,574,5.512237548828125,200
1775114944.886902,read,k4,107.02705383300781,False,582,574,10.49494743347168,200
1775114944.89951,write,k5,610.7900142669678,False,599,599,,201
1775114944.919025,write,k3,606.6901683807373,False,562,562,,201
1775114944.926663,write,k2,603.6698818206787,False,629,629,,201
1775114944.93095,read,k4,102.94914245605469,False,582,574,54.54421043395996,200
1775114944.941942,read,k1,103.87516021728516,False,574,567,112.79702186584473,200
1775114944.9649768,write,k4,607.6221466064453,False,575,575,,201
1775114944.969515,write,k3,606.5850257873535,False,563,563,,201
1775114944.9796422,read,k2,106.26626014709473,False,640,629,52.97684669494629,200
1775114944.9898822,read,k2,106.85300827026367,False,640,629,63.21573257446289,200
1775114944.99246,read,k5,105.42917251586914,False,606,599,92.95105934143066,200
1775114944.9974542,read,k2,104.63786125183105,False,640,629,70.79076766967773,200
1775114945.021872,write,k4,627.4950504302979,False,576,576,,201
1775114945.022618,write,k3,623.2101917266846,False,564,564,,201
1775114945.037347,write,k5,605.2742004394531,False,600,600,,201
1775114945.0416498,read,k3,107.26118087768555,False,569,564,19.029855728149414,200
1775114945.043006,read,k3,104.58970069885254,False,569,564,20.389795303344727,200
1775114945.047067,write,k4,609.8001003265381,False,577,577,,201
1775114945.052253,write,k4,606.8069934844971,False,578,578,,201
1775114945.0584629,read,k1,107.94401168823242,False,575,567,229.31814193725586,200
1775114945.061255,write,k2,612.1621131896973,False,630,630,,201
1775114945.071564,write,k2,615.0929927825928,False,631,631,,201
1775114945.078469,write,k2,607.4459552764893,False,632,632,,201
1775114945.0808918,write,k4,605.8807373046875,False,579,579,,201
1775114945.0823412,read,k2,106.95004463195801,False,640,632,3.8712024688720703,200
1775114945.1072772,read,k5,107.2392463684082,False,606,600,69.92888450622559,200
1775114945.1114838,read,k4,106.46796226501465,False,584,579,30.589818954467773,200
1775114945.12223,write,k5,635.5428695678711,False,601,601,,201
1775114945.122899,write,k2,641.3989067077637,False,633,633,,201
1775114945.123994,write,k2,606.2829494476318,False,634,634,,201
1775114945.132961,read,k1,104.26974296569824,False,576,567,303.8158416748047,200
1775114945.134848,read,k2,104.74920272827148,False,642,634,10.854005813598633,200
1775114945.142256,write,k1,605.5178642272949,False,568,568,,201
1775114945.147997,read,k3,107.83886909484863,False,569,564,125.37908554077148,200
1775114945.157495,read,k5,108.78896713256836,False,606,601,35.26496887207031,200
1775114945.1598861,read,k2,110.6412410736084,False,642,634,35.89200973510742,200
1775114945.164557,write,k2,607.0592403411865,False,635,635,,201
1775114945.170231,write,k1,611.8090152740479,False,569,569,,201
1775114945.1762931,read,k5,106.98223114013672,False,606,601,54.06308174133301,200
1775114945.1766841,read,k3,117.06709861755371,False,569,564,154.0679931640625,200
1775114945.19119,read,k1,106.08410835266113,False,576,569,20.95794677734375,200
1775114945.194106,read,k2,105.78203201293945,False,644,635,29.548168182373047,200
1775114945.196453,read,k1,106.34899139404297,False,576,569,26.221036911010742,200
1775114945.2031739,write,k4,620.7301616668701,False,580,580,,201
1775114945.203817,write,k1,619.9948787689209,False,570,570,,201
1775114945.204276,write,k2,620.8021640777588,False,636,636,,201
1775114945.21575,write,k3,607.4731349945068,False,565,565,,201
1775114945.2241879,read,k3,104.87604141235352,False,569,565,8.435964584350586,200
1775114945.233311,read,k1,104.25686836242676,False,578,570,29.49237823486328,200
1775114945.238455,write,k3,606.328010559082,False,566,566,,201
1775114945.243882,read,k3,106.94003105163574,False,569,566,5.424022674560547,200
1775114945.251154,read,k2,106.1849594116211,False,644,636,46.87309265136719,200
1775114945.262897,read,k4,107.62190818786621,False,584,580,59.71980094909668,200
1775114945.269015,read,k3,106.93812370300293,False,570,566,30.557870864868164,200
1775114945.2746701,write,k2,608.4470748901367,False,637,637,,201
1775114945.276254,read,k3,105.59701919555664,False,570,566,37.796974182128906,200
1775114945.301745,read,k1,104.33793067932129,False,579,570,97.92518615722656,200
1775114945.311488,read,k3,109.6799373626709,False,571,566,73.03190231323242,200
1775114945.316442,read,k2,106.61721229553223,False,646,637,41.77212715148926,200
1775114945.320758,read,k2,106.60600662231445,False,647,637,46.08893394470215,200
1775114945.324159,write,k5,629.1699409484863,False,602,602,,201
1775114945.330244,write,k4,607.5630187988281,False,581,581,,201
1775114945.330776,write,k1,609.5411777496338,False,571,571,,201
1775114945.346727,write,k5,607.8650951385498,False,603,603,,201
1775114945.364597,write,k4,611.7901802062988,False,582,582,,201
1775114945.3667982,read,k3,105.50403594970703,False,572,566,128.3419132232666,200
1775114945.370262,read,k2,103.44481468200684,False,649,637,95.5960750579834,200
1775114945.370384,write,k3,616.8720722198486,False,567,567,,201
1775114945.3837419,write,k2,606.9319248199463,False,638,638,,201
1775114945.3859782,read,k4,105.89098930358887,False,587,582,21.381139755249023,200
1775114945.423292,write,k1,630.8751106262207,False,572,572,,201
1775114945.424705,read,k1,103.19375991821289,False,581,572,1.4119148254394531,200
1775114945.430162,write,k1,606.360673904419,False,573,573,,201
1775114945.430285,write,k5,606.2009334564209,False,604,604,,201
1775114945.432918,write,k1,604.2008399963379,False,574,574,,201
1775114945.437991,read,k4,109.09533500671387,False,587,582,73.3942985534668,200
1775114945.4387698,write,k3,605.0400733947754,False,568,568,,201
1775114945.438881,write,k2,604.1359901428223,False,639,639,,201
1775114945.447212,read,k4,105.20195960998535,False,587,582,82.61394500732422,200
1775114945.447386,write,k4,607.8920364379883,False,583,583,,201
1775114945.4513779,write,k2,608.6878776550293,False,640,640,,201
1775114945.4515269,write,k1,606.6799163818359,False,575,575,,201
1775114945.458977,write,k5,606.0690879821777,False,605,605,,201
1775114945.489524,write,k5,608.9379787445068,False,606,606,,201
1775114945.4896588,read,k1,110.28194427490234,False,581,575,38.1321907043457,200
1775114945.4990761,read,k5,107.17606544494629,False,610,606,9.551048278808594,200
1775114945.508189,write,k3,606.0070991516113,False,569,569,,201
1775114945.529989,read,k1,104.20107841491699,False,581,575,78.4611701965332,200
1775114945.534642,write,k4,607.3429584503174,False,584,584,,201
1775114945.560862,read,k4,110.69083213806152,False,588,584,26.21912956237793,200
1775114945.560995,read,k2,107.16080665588379,False,654,640,109.61675643920898,200
1775114945.561086,read,k1,104.00724411010742,False,582,575,109.5590591430664,200
1775114945.561176,read,k4,104.93087768554688,False,588,584,26.534318923950195,200
1775114945.573691,read,k2,104.73799705505371,False,655,640,122.31278419494629,200
1775114945.589942,write,k2,613.7819290161133,False,641,641,,201
1775114945.598463,write,k1,608.375072479248,False,576,576,,201
1775114945.600449,read,k4,106.77385330200195,False,588,584,65.80710411071777,200
1775114945.603698,write,k2,607.3119640350342,False,642,642,,201
1775114945.6038342,read,k2,105.14497756958008,False,655,642,0.13637542724609375,200
1775114945.640704,read,k1,103.23810577392578,False,582,576,42.240142822265625,200
1775114945.674586,read,k2,110.24880409240723,False,656,642,70.88422775268555,200
1775114945.674946,read,k2,110.27693748474121,False,656,642,71.24710083007812,200
1775114945.6766562,write,k5,608.4260940551758,False,607,607,,201
1775114945.676927,read,k5,106.06074333190918,False,615,607,0.270843505859375,200
1775114945.677133,read,k5,106.11295700073242,False,615,607,0.47779083251953125,200
1775114945.677332,write,k2,624.5770454406738,False,643,643,,201
1775114945.6926389,write,k2,613.3959293365479,False,644,644,,201
1775114945.710968,read,k3,103.59907150268555,False,576,569,202.7759552001953,200
1775114945.71151,read,k4,104.4461727142334,False,588,584,176.86724662780762,200
1775114945.7177758,read,k1,105.0879955291748,False,582,576,119.31014060974121,200
1775114945.724915,write,k1,610.67795753479,False,577,577,,201
1775114945.7336268,write,k1,608.1969738006592,False,578,578,,201
1775114945.739056,write,k1,608.7980270385742,False,579,579,,201
1775114945.748968,read,k1,104.10594940185547,False,582,579,9.910106658935547,200
1775114945.749779,write,k3,609.5099449157715,False,570,570,,201
1775114945.782652,read,k5,105.24106025695801,False,617,607,105.99493980407715,200
1775114945.791884,write,k4,622.4241256713867,False,585,585,,201
1775114945.792292,write,k2,615.480899810791,False,645,645,,201
1775114945.795139,write,k4,607.7361106872559,False,586,586,,201
1775114945.796737,write,k3,609.7509860992432,False,571,571,,201
1775114945.797633,read,k2,107.93542861938477,False,656,645,5.339860916137695,200
1775114945.7979178,read,k3,107.9108715057373,False,577,571,1.180887222290039,200
1775114945.7981539,read,k3,107.90610313415527,False,577,571,1.416921615600586,200
1775114945.8098502,read,k2,107.37204551696777,False,656,645,17.55499839782715,200
1775114945.816872,write,k2,608.9279651641846,False,646,646,,201
1775114945.8201401,write,k2,607.835054397583,False,647,647,,201
1775114945.837279,read,k3,104.21133041381836,False,578,571,40.53974151611328,200
1775114945.8413372,write,k1,616.5649890899658,False,580,580,,201
1775114945.843039,read,k2,106.42695426940918,False,656,647,22.897958755493164,200
1775114945.8503911,write,k3,611.3300323486328,False,572,572,,201
1775114945.850805,write,k5,617.1209812164307,False,608,608,,201
1775114945.851226,write,k2,607.1908473968506,False,648,648,,201
1775114945.863613,write,k2,609.9631786346436,False,649,649,,201
1775114945.8648992,read,k2,105.98397254943848,False,657,649,1.2857913970947266,200
1775114945.894517,write,k4,614.9930953979492,False,587,587,,201
1775114945.895097,write,k3,616.3668632507324,False,573,573,,201
1775114945.914061,read,k4,114.99381065368652,False,589,587,19.541025161743164,200
1775114945.916138,read,k1,107.9411506652832,False,582,580,74.80025291442871,200
1775114945.916715,read,k1,110.10909080505371,False,582,580,75.3779411315918,200
1775114945.917264,read,k2,118.5920238494873,False,658,649,53.65180969238281,200
1775114945.9244401,read,k2,107.19776153564453,False,659,649,60.82582473754883,200
1775114945.926137,write,k3,616.2278652191162,False,574,574,,201
1775114945.9265962,write,k1,611.5171909332275,False,581,581,,201
1775114945.927878,read,k1,107.22804069519043,False,583,581,1.2819766998291016,200
1775114945.940073,read,k5,108.2310676574707,False,621,608,89.26510810852051,200
1775114945.942005,write,k2,610.649824142456,False,650,650,,201
1775114945.9483619,write,k2,613.908052444458,False,651,651,,201
1775114945.950166,read,k4,106.96983337402344,False,589,587,55.6490421295166,200
1775114945.954727,read,k4,106.1861515045166,False,589,587,60.210227966308594,200
1775114945.955134,write,k5,605.8292388916016,False,609,609,,201
1775114945.964826,read,k1,108.08491706848145,False,583,581,38.22803497314453,200
1775114945.965307,read,k1,109.28511619567871,False,583,581,38.70987892150879,200
1775114945.97332,read,k3,106.1258316040039,False,578,574,47.180891036987305,200
1775114945.97502,write,k2,609.0211868286133,False,652,652,,201
1775114945.978109,read,k4,103.86109352111816,False,589,587,83.59217643737793,200
1775114945.9786298,write,k5,606.3141822814941,False,610,610,,201
1775114945.997429,write,k2,617.7511215209961,False,653,653,,201
1775114945.997917,write,k2,605.5867671966553,False,654,654,,201
1775114946.032196,read,k5,110.14795303344727,False,622,610,53.565025329589844,200
1775114946.0340931,read,k1,106.98080062866211,False,585,581,107.49578475952148,200
1775114946.037601,write,k4,605.288028717041,False,588,588,,201
1775114946.041264,read,k2,106.70089721679688,False,660,654,43.34688186645508,200
1775114946.049088,write,k5,611.5038394927979,False,612,612,,201
1775114946.0507588,write,k1,613.8300895690918,False,582,582,,201
1775114946.051101,write,k5,606.4372062683105,False,613,613,,201
1775114946.0514061,write,k5,614.2587661743164,False,611,611,,201
1775114946.056095,write,k5,607.6521873474121,False,614,614,,201
1775114946.066008,write,k2,609.5380783081055,False,655,655,,201
1775114946.067852,read,k4,107.47098922729492,False,592,588,30.251026153564453,200
1775114946.073458,read,k5,105.94987869262695,False,623,614,17.361164093017578,200
1775114946.0817258,read,k4,107.93280601501465,False,593,588,44.12412643432617,200
1775114946.086232,read,k3,106.04691505432129,False,581,574,160.09187698364258,200
1775114946.091382,read,k5,106.27985000610352,False,623,614,35.28428077697754,200
1775114946.0921931,read,k2,106.4760684967041,False,661,655,26.181936264038086,200
1775114946.110197,read,k3,105.83281517028809,False,582,574,184.05795097351074,200
1775114946.11065,read,k5,105.51691055297852,False,623,614,54.55422401428223,200
1775114946.1136708,write,k2,608.0141067504883,False,656,656,,201
1775114946.1276171,write,k3,607.6879501342773,False,575,575,,201
1775114946.142645,read,k5,106.15801811218262,False,623,614,86.54522895812988,200
1775114946.143208,write,k5,606.4958572387695,False,615,615,,201
1775114946.160823,read,k4,107.32507705688477,False,594,588,123.21996688842773,200
1775114946.1614609,read,k5,106.71210289001465,False,624,615,18.246889114379883,200
1775114946.181361,read,k4,109.01188850402832,False,594,588,143.76020431518555,200
1775114946.1828768,read,k4,106.46700859069824,False,594,588,145.2772617340088,200
1775114946.190882,read,k2,107.02013969421387,False,663,656,77.21066474914551,200
1775114946.1988869,write,k5,603.863000869751,False,616,616,,201
1775114946.199072,write,k3,618.9830303192139,False,576,576,,201
1775114946.209182,read,k5,107.96475410461426,False,624,616,10.293722152709961,200
1775114946.2157068,write,k5,608.1669330596924,False,617,617,,201
1775114946.224875,read,k3,105.03911972045898,False,583,576,25.80094337463379,200
1775114946.226537,read,k3,107.09810256958008,False,583,576,27.465105056762695,200
1775114946.253151,read,k1,104.88295555114746,False,591,582,202.3940086364746,200
1775114946.268843,read,k3,105.36694526672363,False,583,576,69.77105140686035,200
1775114946.2941,write,k3,611.5059852600098,False,577,577,,201
1775114946.300488,write,k3,615.1061058044434,False,578,578,,201
1775114946.306817,read,k5,105.24916648864746,False,626,617,91.10879898071289,200
1775114946.326248,write,k5,611.5310192108154,False,618,618,,201
1775114946.3296902,write,k5,610.4860305786133,False,619,619,,201
1775114946.332191,read,k2,104.33101654052734,False,665,656,218.5196876525879,200
1775114946.337109,write,k4,612.0800971984863,False,589,589,,201
1775114946.341888,read,k3,105.44800758361816,False,585,578,41.39900207519531,200
1775114946.35694,write,k2,607.8221797943115,False,657,657,,201
1775114946.359016,write,k5,608.485221862793,False,620,620,,201
1775114946.400605,write,k5,614.3219470977783,False,621,621,,201
1775114946.402787,read,k3,104.76326942443848,False,585,578,102.29706764221191,200
1775114946.4036639,write,k2,606.7299842834473,False,658,658,,201
1775114946.419234,read,k3,107.4981689453125,False,586,578,118.7431812286377,200
1775114946.4214132,write,k2,614.2549514770508,False,659,659,,201
1775114946.421799,write,k1,622.4210262298584,False,583,583,,201
1775114946.455308,write,k5,608.879804611206,False,622,622,,201
1775114946.462603,read,k3,108.97994041442871,False,588,578,162.1103286743164,200
1775114946.467542,write,k1,608.6199283599854,False,584,584,,201
1775114946.507201,write,k3,609.874963760376,False,579,579,,201
1775114946.50788,write,k1,609.3931198120117,False,585,585,,201
1775114946.513043,read,k5,108.24012756347656,False,626,622,57.734012603759766,200
1775114946.5205529,read,k4,109.8031997680664,False,600,589,183.4390163421631,200
1775114946.5306711,write,k4,607.8360080718994,False,590,590,,201
1775114946.53112,read,k5,105.74007034301758,False,626,622,75.81305503845215,200
1775114946.53145,read,k1,105.53812980651855,False,595,585,23.570775985717773,200
1775114946.533078,write,k3,609.65895652771,False,580,580,,201
1775114946.5349839,write,k2,606.9948673248291,False,660,660,,201
1775114946.5433311,write,k4,608.2561016082764,False,591,591,,201
1775114946.544204,write,k1,608.7369918823242,False,586,586,,201
1775114946.5565178,write,k5,609.8818778991699,False,623,623,,201
1775114946.557098,write,k2,611.3619804382324,False,661,661,,201
1775114946.5684988,write,k4,609.1880798339844,False,592,592,,201
1775114946.57198,write,k4,609.1740131378174,False,593,593,,201
1775114946.572476,write,k3,608.6380481719971,False,581,581,,201
1775114946.5729148,read,k1,107.90586471557617,False,595,586,28.708934783935547,200
1775114946.588085,write,k3,607.1369647979736,False,582,582,,201
1775114946.619083,read,k3,107.35607147216797,False,590,582,30.994176864624023,200
1775114946.624958,read,k5,108.92415046691895,False,626,623,68.43900680541992,200
1775114946.626533,read,k4,104.94494438171387,False,600,593,54.55517768859863,200
1775114946.643944,read,k5,107.55419731140137,False,627,623,87.42403984069824,200
1775114946.647087,write,k4,607.4838638305664,False,594,594,,201
1775114946.6490161,write,k5,608.5231304168701,False,624,624,,201
1775114946.653504,write,k2,607.5029373168945,False,662,662,,201
1775114946.6597602,read,k1,109.96294021606445,False,597,586,115.5538558959961,200
1775114946.664734,write,k1,607.9201698303223,False,587,587,,201
1775114946.665108,write,k1,606.3971519470215,False,588,588,,201
1775114946.672006,write,k2,608.0136299133301,False,663,663,,201
1775114946.692157,write,k1,614.548921585083,False,589,589,,201
1775114946.698695,read,k1,106.57978057861328,False,599,589,6.537914276123047,200
1775114946.702005,write,k1,613.7399673461914,False,590,590,,201
1775114946.7098722,write,k3,609.5077991485596,False,583,583,,201
1775114946.723534,write,k4,607.9740524291992,False,595,595,,201
1775114946.7459588,write,k1,611.4988327026367,False,591,591,,201
1775114946.747689,read,k4,113.12413215637207,False,602,595,24.154186248779297,200
1775114946.75422,write,k5,607.1081161499023,False,625,625,,201
1775114946.7751522,read,k5,113.25788497924805,False,628,625,20.927906036376953,200
1775114946.778917,read,k4,113.35206031799316,False,604,595,55.38201332092285,200
1775114946.779125,write,k2,608.2570552825928,False,664,664,,201
1775114946.783419,read,k5,108.02674293518066,False,628,625,29.198884963989258,200
1775114946.790874,write,k5,607.3620319366455,False,626,626,,201
1775114946.796511,write,k4,605.5569648742676,False,596,596,,201
1775114946.8097332,write,k3,610.5968952178955,False,584,584,,201
1775114946.8100638,write,k1,607.032060623169,False,592,592,,201
1775114946.818563,write,k3,607.1949005126953,False,585,585,,201
1775114946.830333,read,k4,108.9317798614502,False,605,596,33.82134437561035,200
1775114946.8328671,write,k2,608.4122657775879,False,665,665,,201
1775114946.834835,read,k1,107.28907585144043,False,601,592,24.768829345703125,200
1775114946.868186,write,k4,607.5022220611572,False,597,597,,201
1775114946.887635,write,k1,609.522819519043,False,593,593,,201
1775114946.888439,read,k4,105.41987419128418,False,605,597,20.249128341674805,200
1775114946.907872,read,k5,121.35076522827148,False,631,626,116.99485778808594,200
1775114946.916548,write,k3,613.577127456665,False,586,586,,201
1775114946.922362,read,k5,105.81803321838379,False,631,626,131.48808479309082,200
1775114946.923418,read,k5,104.2931079864502,False,631,626,132.54404067993164,200
1775114946.9256818,read,k4,104.82096672058105,False,606,597,57.49821662902832,200
1775114946.93693,write,k4,607.1839332580566,False,598,598,,201
1775114946.939567,read,k4,104.61592674255371,False,606,598,2.6328563690185547,200
1775114946.9455712,write,k1,608.1879138946533,False,594,594,,201
1775114946.950468,write,k3,610.2018356323242,False,587,587,,201
1775114946.9525151,write,k3,611.9742393493652,False,588,588,,201
1775114946.9582999,read,k1,115.36383628845215,False,602,594,12.727022171020508,200
1775114946.980458,write,k4,616.102933883667,False,599,599,,201
1775114946.980858,write,k1,612.1220588684082,False,595,595,,201
1775114947.0159092,write,k4,609.7710132598877,False,600,600,,201
1775114947.0294988,read,k5,114.33696746826172,False,631,626,238.62099647521973,200
1775114947.030057,read,k5,128.9961338043213,False,631,626,239.1810417175293,200
1775114947.033528,read,k4,107.78212547302246,False,609,600,17.61770248413086,200
1775114947.038759,write,k3,608.6630821228027,False,589,589,,201
1775114947.0565178,read,k1,108.29782485961914,False,603,595,75.6537914276123,200
1775114947.059807,read,k1,106.92906379699707,False,603,595,78.94659042358398,200
1775114947.073388,read,k3,112.3046875,False,597,589,34.628868103027344,200
1775114947.082253,write,k2,615.8499717712402,False,666,666,,201
1775114947.0825012,write,k3,609.5290184020996,False,590,590,,201
1775114947.09258,read,k2,103.30080986022949,False,674,666,10.32710075378418,200
1775114947.1340501,write,k5,611.781120300293,False,627,627,,201
1775114947.1377149,read,k4,106.89210891723633,False,611,600,121.80495262145996,200
1775114947.144566,write,k1,612.206220626831,False,596,596,,201
1775114947.1450958,write,k3,611.5448474884033,False,591,591,,201
1775114947.145509,read,k2,108.8571548461914,False,674,666,63.25507164001465,200
1775114947.1458828,read,k5,110.70108413696289,False,632,627,11.834144592285156,200
1775114947.1491241,write,k4,610.9938621520996,False,601,601,,201
1775114947.152599,write,k2,613.9459609985352,False,667,667,,201
1775114947.160425,write,k1,610.0051403045654,False,597,597,,201
1775114947.1727831,write,k2,614.1228675842285,False,668,668,,201
1775114947.173297,write,k3,613.699197769165,False,592,592,,201
1775114947.181706,write,k3,606.2700748443604,False,594,594,,201
1775114947.1821408,write,k3,607.579231262207,False,593,593,,201
1775114947.1825018,read,k2,120.57614326477051,False,674,668,9.720087051391602,200
1775114947.1828349,read,k3,113.91496658325195,False,598,594,0.6940364837646484,200
1775114947.183306,write,k1,606.550931930542,False,598,598,,201
1775114947.189721,write,k1,607.795000076294,False,599,599,,201
1775114947.191403,read,k1,105.30400276184082,False,603,599,1.6808509826660156,200
1775114947.2027829,read,k4,112.71333694458008,False,611,601,53.659915924072266,200
1775114947.234553,write,k4,607.8510284423828,False,602,602,,201
1775114947.235162,write,k3,607.3672771453857,False,595,595,,201
1775114947.256178,write,k5,608.9279651641846,False,628,628,,201
1775114947.257024,read,k2,106.52422904968262,False,676,668,84.23805236816406,200
1775114947.259997,write,k4,609.0230941772461,False,603,603,,201
1775114947.2622862,write,k4,606.7490577697754,False,604,604,,201
1775114947.262611,read,k5,105.61513900756836,False,635,628,6.435871124267578,200
1775114947.2794461,read,k3,108.25014114379883,False,600,595,44.28386688232422,200
1775114947.283332,write,k1,608.3920001983643,False,600,600,,201
1775114947.286925,read,k5,108.91294479370117,False,635,628,30.74789047241211,200
1775114947.2902431,write,k3,607.0680618286133,False,596,596,,201
1775114947.290497,read,k5,106.09698295593262,False,635,628,34.32202339172363,200
1775114947.2936199,read,k1,106.75287246704102,False,604,600,10.288000106811523,200
1775114947.295309,read,k3,105.18026351928711,False,600,596,5.06281852722168,200
1775114947.295785,read,k2,107.23304748535156,False,676,668,123.0010986328125,200
1775114947.305214,write,k5,608.1478595733643,False,629,629,,201
1775114947.3137228,write,k4,610.8720302581787,False,605,605,,201
1775114947.319196,write,k1,608.2639694213867,False,601,601,,201
1775114947.349001,read,k3,105.9422492980957,False,601,596,58.75515937805176,200
1775114947.361103,write,k5,608.2680225372314,False,630,630,,201
1775114947.365225,read,k2,106.81390762329102,False,677,668,192.4419403076172,200
1775114947.371117,read,k3,106.8570613861084,False,601,596,80.8720588684082,200
1775114947.376768,write,k5,619.5888519287109,False,631,631,,201
1775114947.383851,write,k1,621.5119361877441,False,602,602,,201
1775114947.385661,write,k2,605.7782173156738,False,669,669,,201
1775114947.388969,read,k3,106.99009895324707,False,602,596,98.7241268157959,200
1775114947.3929422,write,k2,607.7287197113037,False,670,670,,201
1775114947.399512,read,k3,105.55005073547363,False,602,596,109.26604270935059,200
1775114947.4007082,read,k5,104.1097640991211,False,637,631,23.9412784576416,200
1775114947.40644,read,k2,108.47997665405273,False,678,670,13.494014739990234,200
1775114947.407089,read,k5,106.53424263000488,False,637,631,30.3192138671875,200
1775114947.409098,write,k2,611.1762523651123,False,671,671,,201
1775114947.409958,read,k4,107.0549488067627,False,614,605,96.23503684997559,200
1775114947.412904,write,k4,607.2661876678467,False,606,606,,201
1775114947.418237,read,k2,107.41114616394043,False,678,671,9.137153625488281,200
1775114947.446462,write,k2,607.1290969848633,False,672,672,,201
1775114947.4731982,read,k2,104.1862964630127,False,678,672,26.735782623291016,200
1775114947.474874,read,k4,104.47406768798828,False,615,606,61.96880340576172,200
1775114947.478179,write,k4,607.3579788208008,False,607,607,,201
1775114947.484663,read,k2,106.66489601135254,False,678,672,38.20180892944336,200
1775114947.491526,read,k3,108.7191104888916,False,603,596,201.2801170349121,200
1775114947.513835,read,k4,114.17698860168457,False,615,607,35.65216064453125,200
1775114947.517587,read,k5,107.5429916381836,False,637,631,140.81931114196777,200
1775114947.5180202,read,k5,108.81304740905762,False,637,631,141.25323295593262,200
1775114947.525339,read,k4,105.88812828063965,False,615,607,47.158002853393555,200
1775114947.525742,read,k4,108.37101936340332,False,615,607,47.5618839263916,200
1775114947.526547,read,k1,109.56215858459473,False,609,602,142.69685745239258,200
1775114947.530455,write,k4,608.6251735687256,False,609,609,,201
1775114947.530835,write,k4,630.8300495147705,False,608,608,,201
1775114947.538317,write,k3,611.3359928131104,False,597,597,,201
1775114947.540666,write,k1,606.9109439849854,False,603,603,,201
1775114947.5600781,write,k2,613.2431030273438,False,673,673,,201
1775114947.56546,write,k2,608.6199283599854,False,674,674,,201
1775114947.577423,write,k5,610.49485206604,False,632,632,,201
1775114947.592565,read,k5,107.75399208068848,False,638,632,15.141010284423828,200
1775114947.597049,write,k4,608.5820198059082,False,610,610,,201
1775114947.626841,write,k4,609.046220779419,False,611,611,,201
1775114947.6295419,read,k2,108.34884643554688,False,682,674,64.07976150512695,200
1775114947.631788,read,k4,105.95011711120605,False,615,611,4.950046539306641,200
1775114947.6435578,read,k4,112.60700225830078,False,615,611,16.716957092285156,200
1775114947.645728,read,k2,107.18607902526855,False,683,674,80.26599884033203,200
1775114947.66154,write,k3,612.8170490264893,False,598,598,,201
1775114947.691091,write,k5,609.4808578491211,False,633,633,,201
1775114947.706702,read,k2,106.15301132202148,False,684,674,141.23868942260742,200
1775114947.7073002,write,k2,608.5529327392578,False,675,675,,201
1775114947.7447958,read,k1,107.48696327209473,False,611,603,204.12492752075195,200
1775114947.749268,write,k5,611.3550662994385,False,634,634,,201
1775114947.755137,read,k2,109.23504829406738,False,684,675,47.834157943725586,200
1775114947.763789,write,k2,614.5331859588623,False,676,676,,201
1775114947.764235,write,k5,617.1000003814697,False,635,635,,201
1775114947.7645729,write,k3,618.57008934021,False,599,599,,201
1775114947.7648692,write,k3,611.4869117736816,False,600,600,,201
1775114947.76733,write,k4,608.0901622772217,False,612,612,,201
1775114947.789262,write,k1,609.3959808349609,False,604,604,,201
1775114947.79808,write,k4,610.3322505950928,False,613,613,,201
1775114947.801642,read,k2,106.9488525390625,False,684,676,37.84990310668945,200
1775114947.807303,write,k3,606.3528060913086,False,601,601,,201
1775114947.810246,write,k2,616.1270141601562,False,677,677,,201
1775114947.81682,write,k1,606.5731048583984,False,605,605,,201
1775114947.819356,read,k4,107.12814331054688,False,622,613,21.27695083618164,200
1775114947.8465679,write,k4,606.511116027832,False,614,614,,201
1775114947.85327,read,k4,105.51810264587402,False,622,614,6.702661514282227,200
1775114947.873539,write,k5,608.2868576049805,False,636,636,,201
1775114947.8741708,write,k2,612.7219200134277,False,678,678,,201
1775114947.880086,read,k3,106.99796676635742,False,608,601,72.78084754943848,200
1775114947.8812668,read,k4,108.63113403320312,False,623,614,34.700870513916016,200
1775114947.881713,write,k3,610.0449562072754,False,602,602,,201
1775114947.9011688,write,k5,612.1280193328857,False,637,637,,201
1775114947.903708,write,k3,607.7768802642822,False,603,603,,201
1775114947.9245288,write,k1,608.814001083374,False,606,606,,201
1775114947.924921,read,k2,109.20000076293945,False,689,678,50.749778747558594,200
1775114947.93066,read,k3,105.15356063842773,False,609,603,26.94988250732422,200
1775114947.936435,write,k4,607.3892116546631,False,615,615,,201
1775114947.965089,write,k1,612.5521659851074,False,607,607,,201
1775114947.990339,read,k5,110.04304885864258,False,642,637,89.16878700256348,200
1775114947.995174,write,k2,609.375,False,679,679,,201
1775114947.997041,read,k3,106.22406005859375,False,610,603,93.33300590515137,200
1775114948.002155,write,k3,609.0071201324463,False,604,604,,201
1775114948.002662,write,k1,611.0179424285889,False,608,608,,201
1775114948.017708,write,k2,606.9910526275635,False,680,680,,201
1775114948.01919,read,k4,105.67903518676758,False,624,615,82.75389671325684,200
1775114948.019511,read,k2,109.46106910705566,False,689,680,1.8041133880615234,200
1775114948.022475,write,k1,608.3149909973145,False,609,609,,201
1775114948.025111,write,k2,606.5809726715088,False,681,681,,201
1775114948.041418,read,k3,109.88521575927734,False,610,604,39.260149002075195,200
1775114948.042058,read,k3,110.14032363891602,False,610,604,39.9019718170166,200
1775114948.066834,write,k1,613.3549213409424,False,610,610,,201
1775114948.0879529,write,k5,610.360860824585,False,638,638,,201
1775114948.092214,write,k1,608.4809303283691,False,611,611,,201
1775114948.1126559,read,k4,119.32492256164551,False,624,615,176.21684074401855,200
1775114948.113365,write,k2,612.8718852996826,False,682,682,,201
1775114948.1138408,write,k5,622.1160888671875,False,639,639,,201
1775114948.116868,read,k5,111.68527603149414,False,644,639,3.023862838745117,200
1775114948.1274922,write,k3,605.6609153747559,False,605,605,,201
1775114948.128704,read,k1,105.71599006652832,False,616,611,36.489009857177734,200
1775114948.131954,read,k5,105.31306266784668,False,645,639,18.110990524291992,200
1775114948.132354,read,k3,105.18431663513184,False,610,605,4.8618316650390625,200
1775114948.1404831,write,k2,613.4850978851318,False,683,683,,201
1775114948.147104,write,k4,613.2369041442871,False,616,616,,201
1775114948.147882,write,k4,613.9829158782959,False,617,617,,201
1775114948.1517398,write,k4,608.9370250701904,False,618,618,,201
1775114948.153107,write,k4,606.2343120574951,False,619,619,,201
1775114948.173655,read,k4,126.71995162963867,False,626,619,20.545244216918945,200
1775114948.178509,write,k3,608.6928844451904,False,606,606,,201
1775114948.1804101,read,k4,107.05685615539551,False,626,619,27.301311492919922,200
1775114948.1823869,write,k4,610.1338863372803,False,620,620,,201
1775114948.190885,write,k2,608.2549095153809,False,684,684,,201
1775114948.205557,write,k4,605.614185333252,False,621,621,,201
1775114948.217321,read,k3,119.95911598205566,False,610,606,38.810014724731445,200
1775114948.2267861,read,k1,107.77091979980469,False,617,611,134.5689296722412,200
1775114948.227335,read,k3,130.82432746887207,False,610,606,48.82621765136719,200
1775114948.241768,write,k4,612.0378971099854,False,622,622,,201
1775114948.250487,write,k3,614.1989231109619,False,607,607,,201
1775114948.254137,read,k3,112.74385452270508,False,611,607,3.648996353149414,200
1775114948.255957,read,k5,105.21173477172852,False,648,639,142.11487770080566,200
1775114948.266334,write,k5,611.4351749420166,False,640,640,,201
1775114948.278327,write,k1,611.7579936981201,False,612,612,,201
1775114948.281848,read,k1,118.05915832519531,False,618,612,3.520965576171875,200
1775114948.303338,read,k4,112.29085922241211,False,627,622,61.569929122924805,200
1775114948.320459,read,k5,105.88288307189941,False,650,640,54.12793159484863,200
1775114948.323348,write,k2,606.2641143798828,False,685,685,,201
1775114948.3548212,read,k3,123.9011287689209,False,614,607,104.33292388916016,200
1775114948.365464,read,k3,105.80992698669434,False,614,607,114.97378349304199,200
1775114948.369652,read,k4,105.01909255981445,False,627,622,127.88200378417969,200
1775114948.377964,write,k1,621.2596893310547,False,613,613,,201
1775114948.378446,read,k5,107.42998123168945,False,653,640,112.11180686950684,200
1775114948.378861,write,k4,621.4089393615723,False,623,623,,201
1775114948.3792791,write,k2,610.9960079193115,False,686,686,,201
1775114948.379618,write,k3,608.6018085479736,False,608,608,,201
1775114948.384939,write,k2,607.9597473144531,False,687,687,,201
1775114948.402595,write,k5,611.2618446350098,False,641,641,,201
1775114948.4081879,read,k1,106.76097869873047,False,618,613,30.224084854125977,200
1775114948.415093,write,k2,614.5148277282715,False,688,688,,201
1775114948.415452,write,k2,610.8601093292236,False,689,689,,201
1775114948.4157178,read,k4,105.01408576965332,False,627,623,36.856889724731445,200
1775114948.417276,write,k1,607.8720092773438,False,614,614,,201
1775114948.430974,write,k3,607.0370674133301,False,609,609,,201
1775114948.431129,read,k4,103.12867164611816,False,627,623,52.269935607910156,200
1775114948.435188,read,k1,104.04396057128906,False,618,614,17.912864685058594,200
1775114948.4656699,write,k5,608.6289882659912,False,642,642,,201
1775114948.466593,write,k4,610.3577613830566,False,624,624,,201
1775114948.4695559,read,k5,106.05812072753906,False,654,642,3.8862228393554688,200
1775114948.483379,read,k1,107.6500415802002,False,618,614,66.09892845153809,200
1775114948.4897249,read,k5,104.68506813049316,False,655,642,24.056196212768555,200
1775114948.493115,read,k2,105.71503639221191,False,696,689,77.66103744506836,200
1775114948.505056,write,k5,614.976167678833,False,643,643,,201
1775114948.505476,write,k3,621.9766139984131,False,610,610,,201
1775114948.505814,write,k1,623.9700317382812,False,615,615,,201
1775114948.516617,read,k1,106.16397857666016,False,618,615,10.80012321472168,200
1775114948.5199108,read,k3,103.81531715393066,False,615,610,14.432907104492188,200
1775114948.522968,read,k5,105.30996322631836,False,656,643,17.91095733642578,200
1775114948.524951,read,k1,105.6528091430664,False,618,615,19.137144088745117,200
1775114948.5403469,read,k5,105.51023483276367,False,656,643,35.28785705566406,200
1775114948.5491729,read,k3,106.24408721923828,False,616,610,43.69401931762695,200
1775114948.553685,write,k5,607.0351600646973,False,644,644,,201
1775114948.554077,write,k2,613.5039329528809,False,690,690,,201
1775114948.5796149,read,k1,107.9552173614502,False,620,615,73.79603385925293,200
1775114948.581038,write,k1,612.3089790344238,False,616,616,,201
1775114948.5832572,read,k2,105.41009902954102,False,697,690,29.176950454711914,200
1775114948.592232,read,k1,106.35209083557129,False,620,616,11.193037033081055,200
1775114948.6151848,write,k5,607.9230308532715,False,645,645,,201
1775114948.615813,write,k4,615.6110763549805,False,625,625,,201
1775114948.6163049,write,k2,607.8050136566162,False,691,691,,201
1775114948.6279612,read,k1,108.77203941345215,False,622,616,46.920061111450195,200
1775114948.632274,write,k4,607.0599555969238,False,626,626,,201
1775114948.637065,write,k2,607.8119277954102,False,692,692,,201
1775114948.639574,read,k2,104.62403297424316,False,698,692,2.5076866149902344,200
1775114948.653259,read,k1,105.96609115600586,False,622,616,72.21722602844238,200
1775114948.660169,write,k2,608.2501411437988,False,693,693,,201
1775114948.688562,read,k2,105.16190528869629,False,698,693,28.39207649230957,200
1775114948.6955678,read,k4,107.72085189819336,False,630,626,63.28988075256348,200
1775114948.702537,read,k3,108.62898826599121,False,617,610,197.05700874328613,200
1775114948.722773,read,k4,105.53288459777832,False,630,626,90.49487113952637,200
1775114948.723542,write,k1,606.5201759338379,False,617,617,,201
1775114948.729515,write,k5,610.9910011291504,False,646,646,,201
1775114948.7306392,write,k5,605.9451103210449,False,647,647,,201
1775114948.739156,read,k5,108.17909240722656,False,658,647,8.514881134033203,200
1775114948.74706,write,k4,608.7322235107422,False,627,627,,201
1775114948.751411,write,k3,611.8910312652588,False,611,611,,201
1775114948.752013,write,k5,612.8940582275391,False,648,648,,201
1775114948.7566872,read,k1,106.67920112609863,False,626,617,33.144235610961914,200
1775114948.759061,read,k2,103.73401641845703,False,698,693,98.8917350769043,200
1775114948.761096,write,k2,609.9419593811035,False,694,694,,201
1775114948.7615008,write,k2,607.1360111236572,False,695,695,,201
1775114948.7620852,write,k1,605.0758361816406,False,618,618,,201
1775114948.787485,write,k3,605.7751178741455,False,612,612,,201
1775114948.788179,write,k5,608.8590621948242,False,649,649,,201
1775114948.80455,read,k1,107.54609107971191,False,626,618,42.45901107788086,200
1775114948.808377,write,k5,621.1011409759521,False,650,650,,201
1775114948.808974,write,k3,608.7563037872314,False,613,613,,201
1775114948.816403,read,k3,106.7361831665039,False,620,613,7.426977157592773,200
1775114948.837753,write,k3,612.5240325927734,False,614,614,,201
1775114948.8384728,read,k1,107.71512985229492,False,626,618,76.38287544250488,200
1775114948.845661,read,k3,106.3838005065918,False,620,614,7.90715217590332,200
1775114948.852015,write,k5,613.3787631988525,False,651,651,,201
1775114948.8573608,read,k2,106.98127746582031,False,699,695,95.8549976348877,200
1775114948.859408,write,k5,612.3180389404297,False,652,652,,201
1775114948.865546,write,k5,606.5201759338379,False,653,653,,201
1775114948.8749719,read,k2,106.14991188049316,False,699,695,113.46697807312012,200
1775114948.899588,read,k1,105.75103759765625,False,627,618,137.4969482421875,200
1775114948.909905,write,k5,623.1319904327393,False,654,654,,201
1775114948.9149802,read,k3,105.86214065551758,False,621,614,77.22616195678711,200
1775114948.9536152,read,k1,106.97603225708008,False,630,618,191.52379035949707,200
1775114948.9594738,read,k1,106.77695274353027,False,630,618,197.38507270812988,200
1775114948.968368,read,k3,108.09183120727539,False,622,614,130.6161880493164,200
1775114948.9825401,read,k2,112.18404769897461,False,701,695,221.03428840637207,200
1775114948.9863732,write,k2,610.0738048553467,False,696,696,,201
1775114948.987326,read,k2,106.74500465393066,False,701,696,0.9541511535644531,200
1775114948.990471,write,k5,608.0448627471924,False,655,655,,201
1775114948.990906,write,k3,607.9850196838379,False,615,615,,201
1775114948.995687,write,k5,607.1498394012451,False,656,656,,201
1775114948.997623,write,k2,608.5889339447021,False,697,697,,201
1775114949.010394,read,k2,105.37600517272949,False,701,697,12.765884399414062,200
1775114949.024993,write,k3,608.3478927612305,False,616,616,,201
1775114949.0259259,read,k3,107.69319534301758,False,622,616,0.9319782257080078,200
1775114949.0272691,read,k1,106.32896423339844,False,630,618,265.1798725128174,200
1775114949.031362,write,k1,609.6398830413818,False,619,619,,201
1775114949.043046,write,k5,606.0402393341064,False,657,657,,201
1775114949.073958,read,k4,105.43680191040039,False,633,627,326.8930912017822,200
1775114949.0745869,read,k2,111.32001876831055,False,701,697,76.96294784545898,200
1775114949.080013,write,k1,609.0960502624512,False,620,620,,201
1775114949.08041,read,k2,106.2159538269043,False,701,697,82.78608322143555,200
1775114949.098211,read,k4,107.15484619140625,False,633,627,351.1478900909424,200
1775114949.102973,write,k2,606.0991287231445,False,698,698,,201
1775114949.1050081,write,k1,609.3690395355225,False,621,621,,201
1775114949.117193,write,k1,607.5537204742432,False,622,622,,201
1775114949.125037,write,k4,614.7840023040771,False,628,628,,201
1775114949.12571,write,k4,611.4282608032227,False,628,628,,201
1775114949.1353111,write,k4,608.2801818847656,False,629,629,,201
1775114949.135863,write,k5,610.0258827209473,False,658,658,,201
1775114949.141376,read,k3,106.08530044555664,False,622,616,116.38379096984863,200
1775114949.14423,read,k3,106.97484016418457,False,622,616,119.23909187316895,200
1775114949.1611829,write,k4,608.8390350341797,False,630,630,,201
1775114949.166974,write,k1,608.8361740112305,False,623,623,,201
1775114949.168521,write,k1,607.1557998657227,False,624,624,,201
1775114949.189476,read,k5,113.39688301086426,False,669,658,53.61008644104004,200
1775114949.189992,read,k5,112.51997947692871,False,669,658,54.12721633911133,200
1775114949.1909919,read,k1,106.07290267944336,False,630,624,22.47023582458496,200
1775114949.19795,write,k3,608.597993850708,False,617,617,,201
1775114949.2071161,read,k4,106.03094100952148,False,637,630,45.931100845336914,200
1775114949.220905,read,k3,107.04803466796875,False,622,617,22.95207977294922,200
1775114949.2222679,read,k2,107.65576362609863,False,702,698,119.29488182067871,200
1775114949.234598,write,k1,610.5620861053467,False,625,625,,201
1775114949.234946,write,k1,609.0991497039795,False,626,626,,201
1775114949.236628,read,k2,112.7781867980957,False,702,698,133.65459442138672,200
1775114949.2396421,read,k1,107.26094245910645,False,630,626,4.694938659667969,200
1775114949.241908,read,k2,104.27689552307129,False,702,698,138.93675804138184,200
1775114949.242136,read,k2,105.40294647216797,False,702,698,139.16587829589844,200
1775114949.243082,write,k4,607.2540283203125,False,631,631,,201
1775114949.2499578,read,k2,106.63795471191406,False,702,698,146.98386192321777,200
1775114949.2503512,write,k3,610.2390289306641,False,618,618,,201
1775114949.251905,read,k4,104.67267036437988,False,637,631,8.821964263916016,200
1775114949.282519,write,k3,615.2429580688477,False,619,619,,201
1775114949.288243,read,k5,114.93802070617676,False,669,658,152.37927436828613,200
1775114949.298402,read,k5,103.8050651550293,False,669,658,162.53900527954102,200
1775114949.301823,read,k3,106.45294189453125,False,623,619,19.3021297454834,200
1775114949.309849,write,k3,607.1670055389404,False,620,620,,201
1775114949.32184,read,k3,108.0927848815918,False,623,620,11.991024017333984,200
1775114949.338932,read,k5,107.88702964782715,False,670,658,203.06897163391113,200
1775114949.340404,write,k1,608.0508232116699,False,627,627,,201
1775114949.342145,write,k2,609.0340614318848,False,699,699,,201
1775114949.34579,read,k4,104.54106330871582,False,638,631,102.70905494689941,200
1775114949.354269,write,k4,609.3461513519287,False,632,632,,201
1775114949.354367,read,k3,103.92093658447266,False,623,620,44.51894760131836,200
1775114949.36113,read,k3,107.53893852233887,False,623,620,51.28192901611328,200
1775114949.3630762,write,k4,605.6740283966064,False,633,633,,201
1775114949.363183,write,k5,609.3840599060059,False,659,659,,201
1775114949.3651881,read,k4,104.06613349914551,False,638,633,2.112150192260742,200
1775114949.367827,write,k5,608.6349487304688,False,660,660,,201
1775114949.375187,write,k3,610.6081008911133,False,621,621,,201
1775114949.3758929,write,k5,607.6159477233887,False,661,661,,201
1775114949.376023,write,k5,606.3117980957031,False,662,662,,201
1775114949.4043589,write,k2,608.799934387207,False,700,700,,201
1775114949.40474,read,k1,102.85592079162598,False,636,627,64.33510780334473,200
1775114949.421799,write,k1,608.4470748901367,False,628,628,,201
1775114949.421885,write,k1,606.7759990692139,False,629,629,,201
1775114949.431819,read,k1,102.95510292053223,False,637,629,9.933233261108398,200
1775114949.4348319,write,k1,609.4908714294434,False,630,630,,201
1775114949.450753,read,k3,106.71782493591309,False,623,621,75.56605339050293,200
1775114949.45086,read,k2,106.99272155761719,False,704,700,46.502113342285156,200
1775114949.4525912,write,k5,606.7829132080078,False,663,663,,201
1775114949.466528,read,k2,104.26807403564453,False,704,700,62.16907501220703,200
1775114949.471136,write,k2,607.4998378753662,False,701,701,,201
1775114949.47122,write,k3,611.6859912872314,False,622,622,,201
1775114949.478843,read,k1,104.49790954589844,False,637,630,44.010162353515625,200
1775114949.4889338,read,k4,102.3092269897461,False,640,633,125.85711479187012,200
1775114949.53092,read,k1,105.33308982849121,False,638,630,96.08697891235352,200
1775114949.53103,read,k3,105.5610179901123,False,629,622,59.80992317199707,200
1775114949.5456388,read,k5,104.65097427368164,False,674,663,93.0471420288086,200
1775114949.557146,read,k5,104.7968864440918,False,674,663,104.5541763305664,200
1775114949.582742,read,k2,102.7059555053711,False,708,701,111.60397529602051,200
1775114949.594932,read,k3,106.22000694274902,False,629,622,123.71087074279785,200
1775114949.599808,read,k2,104.39205169677734,False,709,701,128.67093086242676,200
1775114949.601527,write,k5,609.2069149017334,False,664,664,,201
1775114949.605953,write,k4,609.5030307769775,False,635,635,,201
1775114949.6060958,write,k4,612.4119758605957,False,634,634,,201
1775114949.60624,write,k5,610.4199886322021,False,665,665,,201
1775114949.616055,write,k5,609.4410419464111,False,667,667,,201
1775114949.616218,write,k5,610.0559234619141,False,666,666,,201
1775114949.622406,write,k4,607.2931289672852,False,636,636,,201
1775114949.636829,write,k4,607.7919006347656,False,637,637,,201
1775114949.642945,read,k2,103.75285148620605,False,709,701,171.80585861206055,200
1775114949.6455412,write,k5,605.7572364807129,False,668,668,,201
1775114949.6565351,read,k3,103.19185256958008,False,629,622,185.31298637390137,200
1775114949.661599,write,k5,607.9769134521484,False,669,669,,201
1775114949.696908,write,k2,611.5858554840088,False,702,702,,201
1775114949.7222662,read,k5,104.91704940795898,False,674,669,60.662031173706055,200
1775114949.740903,write,k3,609.7381114959717,False,623,623,,201
1775114949.758021,read,k1,109.80892181396484,False,642,630,323.1821060180664,200
1775114949.759108,read,k5,105.0269603729248,False,674,669,97.50699996948242,200
1775114949.772793,read,k4,105.7591438293457,False,642,637,135.9579563140869,200
1775114949.7810419,write,k2,608.6320877075195,False,703,703,,201
1775114949.78159,write,k4,609.8389625549316,False,638,638,,201
1775114949.802944,write,k1,606.6670417785645,False,631,631,,201
1775114949.814867,write,k5,609.1787815093994,False,670,670,,201
1775114949.842428,write,k5,606.4140796661377,False,671,671,,201
1775114949.843884,write,k1,610.5787754058838,False,632,632,,201
1775114949.851522,write,k1,608.3381175994873,False,633,633,,201
1775114949.8521569,write,k1,608.1981658935547,False,634,634,,201
1775114949.8531158,read,k5,106.11510276794434,False,676,671,10.689020156860352,200
1775114949.86061,write,k5,609.809160232544,False,672,672,,201
1775114949.861142,write,k1,613.6844158172607,False,635,635,,201
1775114949.862834,write,k1,605.4010391235352,False,636,636,,201
1775114949.868087,read,k5,107.58805274963379,False,676,672,7.4748992919921875,200
1775114949.8893619,read,k5,111.42706871032715,False,676,672,28.74898910522461,200
1775114949.898633,write,k5,606.1458587646484,False,674,674,,201
1775114949.899148,write,k5,607.2483062744141,False,673,673,,201
1775114949.899703,read,k1,110.10193824768066,False,642,636,36.86690330505371,200
1775114949.91664,write,k1,607.8550815582275,False,637,637,,201
1775114949.9227898,read,k2,109.56001281738281,False,714,703,141.74604415893555,200
1775114949.927433,read,k4,105.75103759765625,False,643,638,145.84112167358398,200
1775114949.928428,write,k4,607.1999073028564,False,639,639,,201
1775114949.946082,write,k2,605.5908203125,False,704,704,,201
1775114949.964865,write,k3,610.0668907165527,False,624,624,,201
1775114949.965024,read,k3,111.80806159973145,False,634,624,0.15878677368164062,200
1775114949.965145,write,k3,605.5848598480225,False,625,625,,201
1775114949.9675782,write,k4,605.1971912384033,False,640,640,,201
1775114949.972241,read,k5,108.93607139587402,False,677,674,73.09293746948242,200
1775114949.9723608,read,k1,108.41107368469238,False,643,637,55.72390556335449,200
1775114949.9762251,write,k3,605.7610511779785,False,626,626,,201
1775114949.978202,write,k2,606.1351299285889,False,705,705,,201
1775114949.981024,write,k3,605.816125869751,False,627,627,,201
1775114949.982864,write,k2,605.3118705749512,False,706,706,,201
1775114949.992352,write,k1,612.3781204223633,False,638,638,,201
1775114950.014569,write,k3,607.3141098022461,False,628,628,,201
1775114950.015987,write,k3,606.1947345733643,False,629,629,,201
1775114950.016292,read,k5,108.58702659606934,False,679,674,117.1419620513916,200
1775114950.040905,read,k3,107.04922676086426,False,637,629,24.91307258605957,200
1775114950.041384,read,k1,104.84004020690918,False,643,638,49.03006553649902,200
1775114950.0439959,write,k2,607.5937747955322,False,707,707,,201
1775114950.064496,write,k1,607.6450347900391,False,639,639,,201
1775114950.067969,write,k4,605.7620048522949,False,641,641,,201
1775114950.077468,write,k2,606.2006950378418,False,708,708,,201
1775114950.089328,write,k2,608.3648204803467,False,709,709,,201
1775114950.0966341,read,k2,105.1168441772461,False,714,709,7.303953170776367,200
1775114950.1177878,read,k1,116.05286598205566,False,645,639,53.288936614990234,200
1775114950.1184452,read,k4,126.50179862976074,False,648,641,50.4758358001709,200
1775114950.129915,read,k3,106.0478687286377,False,639,629,113.92498016357422,200
1775114950.130323,read,k1,107.91015625,False,645,639,65.82975387573242,200
1775114950.14414,write,k1,608.1430912017822,False,640,640,,201
1775114950.152333,read,k4,107.90228843688965,False,648,641,84.36179161071777,200
1775114950.168566,write,k3,605.2770614624023,False,630,630,,201
1775114950.1692119,read,k3,126.3730525970459,False,639,630,0.6470680236816406,200
1775114950.1804721,read,k3,106.8422794342041,False,639,630,11.90495491027832,200
1775114950.1829178,read,k3,103.39903831481934,False,639,630,14.353036880493164,200
1775114950.197045,write,k2,606.8089008331299,False,710,710,,201
1775114950.213506,write,k3,607.8119277954102,False,632,632,,201
1775114950.214001,write,k3,608.5178852081299,False,631,631,,201
1775114950.216318,write,k4,607.1958541870117,False,642,642,,201
1775114950.221168,read,k2,106.99200630187988,False,715,710,24.124860763549805,200
1775114950.2249758,write,k2,610.3858947753906,False,712,712,,201
1775114950.225347,write,k2,610.576868057251,False,711,711,,201
1775114950.225703,write,k2,609.443187713623,False,713,713,,201
1775114950.228655,write,k1,608.4139347076416,False,641,641,,201
1775114950.236118,write,k3,607.8102588653564,False,633,633,,201
1775114950.237958,read,k2,103.44910621643066,False,715,713,12.250900268554688,200
1775114950.2537322,write,k1,609.2698574066162,False,642,642,,201
1775114950.2658901,read,k4,107.37824440002441,False,651,642,49.56984519958496,200
1775114950.272524,write,k5,608.4821224212646,False,675,675,,201
1775114950.291571,read,k4,107.1627140045166,False,652,642,75.24991035461426,200
1775114950.319139,write,k4,610.7828617095947,False,643,643,,201
1775114950.326381,read,k1,106.46820068359375,False,646,642,72.6470947265625,200
1775114950.3300428,read,k2,107.50484466552734,False,717,713,104.33793067932129,200
1775114950.3375418,read,k5,110.32295227050781,False,683,675,65.0172233581543,200
1775114950.3426602,write,k5,610.7320785522461,False,676,676,,201
1775114950.343136,read,k4,104.75492477416992,False,652,643,23.998022079467773,200
1775114950.343487,read,k1,109.71522331237793,False,647,642,89.75601196289062,200
1775114950.3531032,read,k3,108.29305648803711,False,644,633,116.98389053344727,200
1775114950.371646,read,k4,108.3378791809082,False,652,643,52.50406265258789,200
1775114950.372288,write,k2,610.6691360473633,False,714,714,,201
1775114950.376649,read,k2,105.61108589172363,False,718,714,4.359245300292969,200
1775114950.4195662,write,k3,628.1170845031738,False,634,634,,201
1775114950.431705,read,k1,106.71091079711914,False,648,642,177.97207832336426,200
1775114950.4469728,read,k3,107.04874992370605,False,644,634,27.405977249145508,200
1775114950.455465,write,k4,610.3918552398682,False,644,644,,201
1775114950.4583092,read,k3,107.41877555847168,False,644,634,38.74397277832031,200
1775114950.468051,write,k1,610.2309226989746,False,643,643,,201
1775114950.470987,write,k3,609.1780662536621,False,635,635,,201
1775114950.473253,write,k5,611.860990524292,False,677,677,,201
1775114950.4743302,write,k4,606.112003326416,False,645,645,,201
1775114950.491403,write,k5,607.7818870544434,False,678,678,,201
1775114950.4919622,read,k3,106.00709915161133,False,645,635,20.973920822143555,200
1775114950.507809,write,k3,611.3440990447998,False,636,636,,201
1775114950.516085,write,k5,610.5749607086182,False,679,679,,201
1775114950.516584,write,k4,610.2898120880127,False,646,646,,201
1775114950.527362,read,k4,105.96895217895508,False,653,646,10.774850845336914,200
1775114950.534391,write,k3,608.9010238647461,False,637,637,,201
1775114950.535159,write,k5,606.6203117370605,False,680,680,,201
1775114950.541762,read,k5,108.13212394714355,False,686,680,6.601095199584961,200
1775114950.5667121,read,k3,109.7879409790039,False,645,637,32.318115234375,200
1775114950.569618,write,k4,608.1132888793945,False,647,647,,201
1775114950.57265,write,k3,605.867862701416,False,638,638,,201
1775114950.5731468,read,k4,108.12497138977051,False,653,647,3.5309791564941406,200
1775114950.5752032,write,k5,606.5318584442139,False,681,681,,201
1775114950.577395,write,k1,606.9917678833008,False,644,644,,201
1775114950.579159,write,k4,605.7500839233398,False,648,648,,201
1775114950.588664,read,k2,108.57701301574707,False,720,714,216.325044631958,200
1775114950.589765,write,k1,608.9739799499512,False,645,645,,201
1775114950.5902321,write,k5,608.0260276794434,False,682,682,,201
1775114950.60209,write,k3,610.3501319885254,False,639,639,,201
1775114950.602543,write,k5,611.5758419036865,False,683,683,,201
1775114950.602943,read,k1,109.37690734863281,False,650,645,13.176202774047852,200
1775114950.6244678,read,k5,106.56213760375977,False,687,683,21.923065185546875,200
1775114950.631725,write,k1,607.4182987213135,False,646,646,,201
1775114950.6407108,read,k5,105.43298721313477,False,687,683,38.16390037536621,200
1775114950.644653,read,k4,105.67688941955566,False,656,648,65.49310684204102,200
1775114950.6639092,write,k4,615.2129173278809,False,649,649,,201
1775114950.680182,read,k5,105.70192337036133,False,689,683,77.63314247131348,200
1775114950.680853,write,k2,607.839822769165,False,715,715,,201
1775114950.689302,read,k4,108.02984237670898,False,657,649,25.392770767211914,200
1775114950.701438,read,k5,106.19807243347168,False,691,683,98.89006614685059,200
1775114950.705518,write,k4,611.5589141845703,False,650,650,,201
1775114950.706183,read,k4,109.89069938659668,False,657,650,0.6639957427978516,200
1775114950.7067368,read,k4,107.91182518005371,False,657,650,1.219034194946289,200
1775114950.718383,read,k3,105.76319694519043,False,647,639,116.29319190979004,200
1775114950.7332711,write,k4,606.4910888671875,False,651,651,,201
1775114950.735372,write,k3,610.0668907165527,False,640,640,,201
1775114950.737328,read,k1,105.38005828857422,False,652,646,105.60321807861328,200
1775114950.743475,read,k4,104.48789596557617,False,657,651,10.203123092651367,200
1775114950.74442,write,k3,607.2349548339844,False,641,641,,201
1775114950.756125,read,k4,105.46398162841797,False,658,651,22.854089736938477,200
1775114950.759373,write,k3,606.2579154968262,False,642,642,,201
1775114950.777801,read,k3,106.31203651428223,False,647,642,18.424034118652344,200
1775114950.778477,write,k2,607.0268154144287,False,716,716,,201
1775114950.780288,write,k4,608.1101894378662,False,652,652,,201
1775114950.7921312,write,k2,609.0869903564453,False,717,717,,201
1775114950.792615,read,k4,105.11994361877441,False,658,652,12.328147888183594,200
1775114950.8045728,read,k3,106.13179206848145,False,647,642,45.1970100402832,200
1775114950.816603,write,k3,612.5500202178955,False,643,643,,201
1775114950.8172228,read,k2,107.0108413696289,False,722,717,25.092124938964844,200
1775114950.818806,read,k5,105.80921173095703,False,693,683,216.2618637084961,200
1775114950.8312151,write,k1,609.5678806304932,False,647,647,,201
1775114950.845163,write,k3,612.5729084014893,False,644,644,,201
1775114950.845623,write,k2,613.9020919799805,False,718,718,,201
1775114950.845991,write,k5,610.8601093292236,False,684,684,,201
1775114950.8470201,read,k3,105.73792457580566,False,647,644,1.856088638305664,200
1775114950.8565829,read,k4,106.52899742126465,False,659,652,76.28798484802246,200
1775114950.869608,read,k5,108.22129249572754,False,694,684,23.614883422851562,200
1775114950.884023,write,k5,607.6750755310059,False,685,685,,201
1775114950.887122,read,k3,105.15379905700684,False,648,644,41.95809364318848,200
1775114950.888277,read,k2,105.58629035949707,False,722,718,42.65189170837402,200
1775114950.897533,read,k2,109.24410820007324,False,722,718,51.90587043762207,200
1775114950.904456,write,k1,609.1599464416504,False,648,648,,201
1775114950.9049869,read,k1,107.60021209716797,False,656,648,0.5300045013427734,200
1775114950.9208698,read,k2,106.57477378845215,False,722,718,75.24299621582031,200
1775114950.93876,read,k1,111.67287826538086,False,656,648,34.301042556762695,200
1775114950.9404302,read,k1,104.75897789001465,False,656,648,35.97378730773926,200
1775114950.94208,write,k2,606.2350273132324,False,719,719,,201
1775114950.945259,write,k4,608.6940765380859,False,653,653,,201
1775114950.954936,read,k5,107.41710662841797,False,695,685,70.91093063354492,200
1775114950.9559839,write,k1,610.1720333099365,False,649,649,,201
1775114950.957074,write,k2,608.0687046051025,False,720,720,,201
1775114950.968949,write,k5,607.9459190368652,False,686,686,,201
1775114950.9711292,read,k4,106.27102851867676,False,662,653,25.869131088256836,200
1775114950.990617,write,k1,611.253023147583,False,650,650,,201
1775114950.991102,write,k3,610.92209815979,False,645,645,,201
1775114950.992882,read,k5,104.02584075927734,False,695,686,23.929834365844727,200
1775114951.060123,read,k1,112.78700828552246,False,659,650,69.5040225982666,200
1775114951.061802,read,k4,109.78412628173828,False,662,653,116.54305458068848,200
1775114951.084032,write,k4,612.1370792388916,False,655,655,,201
1775114951.084369,read,k4,126.5559196472168,False,662,655,0.3380775451660156,200
1775114951.084527,read,k4,122.57790565490723,False,662,655,0.4971027374267578,200
1775114951.084661,write,k5,606.6360473632812,False,687,687,,201
1775114951.084794,read,k4,118.91984939575195,False,662,655,0.7641315460205078,200
1775114951.084919,read,k1,113.48223686218262,False,659,650,94.30503845214844,200
1775114951.085044,write,k4,618.6649799346924,False,654,654,,201
1775114951.086676,read,k1,108.14881324768066,False,659,650,96.06194496154785,200
1775114951.086803,write,k4,607.8360080718994,False,656,656,,201
1775114951.104376,read,k1,106.50491714477539,False,659,650,113.76094818115234,200
1775114951.1062279,write,k2,607.6779365539551,False,721,721,,201
1775114951.111359,read,k3,105.6509017944336,False,651,645,120.25713920593262,200
1775114951.118391,write,k3,607.4633598327637,False,646,646,,201
1775114951.131762,write,k1,608.630895614624,False,651,651,,201
1775114951.147509,write,k5,608.1027984619141,False,688,688,,201
1775114951.1539478,write,k5,607.5801849365234,False,689,689,,201
1775114951.196173,write,k4,618.2742118835449,False,657,657,,201
1775114951.1964428,read,k5,108.90483856201172,False,696,689,42.495012283325195,200
1775114951.1966689,write,k2,616.722822189331,False,722,722,,201
1775114951.1968598,write,k1,616.4209842681885,False,652,652,,201
1775114951.1970282,write,k5,620.6207275390625,False,690,690,,201
1775114951.1972082,read,k3,106.82010650634766,False,651,646,78.81808280944824,200
1775114951.197391,read,k4,105.76605796813965,False,663,657,1.2180805206298828,200
1775114951.198443,write,k5,609.6360683441162,False,691,691,,201
1775114951.198925,read,k3,104.45904731750488,False,651,646,80.5351734161377,200
1775114951.2003891,read,k4,104.71081733703613,False,663,657,4.21595573425293,200
1775114951.2005959,read,k2,103.53589057922363,False,727,722,3.926992416381836,200
1775114951.2104409,read,k2,103.39498519897461,False,727,722,13.770818710327148,200
1775114951.2158642,read,k5,106.8410873413086,False,697,691,17.42100715637207,200
1775114951.217521,write,k5,608.8809967041016,False,692,692,,201
1775114951.2195132,write,k3,609.7898483276367,False,647,647,,201
1775114951.2467132,read,k3,110.20588874816895,False,651,647,27.19902992248535,200
1775114951.251574,write,k4,608.396053314209,False,658,658,,201
1775114951.2656288,read,k1,104.64000701904297,False,663,652,68.76802444458008,200
1775114951.293827,write,k5,606.8630218505859,False,693,693,,201
1775114951.302815,read,k2,104.3248176574707,False,727,722,106.14585876464844,200
1775114951.3069131,read,k3,105.1168441772461,False,651,647,87.39900588989258,200
1775114951.307074,read,k5,104.68721389770508,False,699,693,13.245820999145508,200
1775114951.307244,read,k4,106.00805282592773,False,664,658,55.66883087158203,200
1775114951.310508,read,k1,103.57403755187988,False,663,652,113.6481761932373,200
1775114951.310673,read,k5,105.39078712463379,False,699,693,16.844987869262695,200
1775114951.318432,read,k5,104.86698150634766,False,701,693,24.603843688964844,200
1775114951.321631,write,k1,606.9660186767578,False,653,653,,201
1775114951.326994,write,k4,610.9776496887207,False,659,659,,201
1775114951.328151,write,k1,606.7168712615967,False,654,654,,201
1775114951.331676,read,k1,105.43322563171387,False,663,654,3.5240650177001953,200
1775114951.333778,read,k1,104.26521301269531,False,663,654,5.626678466796875,200
1775114951.345876,write,k1,607.6416969299316,False,655,655,,201
1775114951.355703,write,k5,608.5171699523926,False,694,694,,201
1775114951.359566,write,k1,610.241174697876,False,656,656,,201
1775114951.363785,read,k2,104.41708564758301,False,728,722,167.1149730682373,200
1775114951.372443,read,k5,102.11396217346191,False,701,694,16.738176345825195,200
1775114951.385689,write,k3,626.2040138244629,False,648,648,,201
1775114951.404023,read,k5,104.67314720153809,False,701,694,48.31695556640625,200
1775114951.4043908,write,k4,607.7060699462891,False,660,660,,201
1775114951.413414,read,k1,104.77685928344727,False,664,656,53.84397506713867,200
1775114951.418375,read,k4,104.3708324432373,False,665,660,13.980865478515625,200
1775114951.4209101,read,k2,104.888916015625,False,728,722,224.23696517944336,200
1775114951.421451,read,k4,104.30312156677246,False,665,660,17.05765724182129,200
1775114951.429816,read,k3,103.23596000671387,False,652,648,44.12388801574707,200
1775114951.433996,write,k2,609.8759174346924,False,723,723,,201
1775114951.434516,write,k5,609.4238758087158,False,695,695,,201
1775114951.440864,read,k4,103.9738655090332,False,667,660,36.470651626586914,200
1775114951.448891,read,k2,103.5318374633789,False,728,723,14.89400863647461,200
1775114951.456626,write,k3,608.3447933197021,False,649,649,,201
1775114951.4610891,write,k4,610.205888748169,False,661,661,,201
1775114951.467401,write,k4,612.3456954956055,False,662,662,,201
1775114951.471068,read,k2,105.58891296386719,False,728,723,37.07122802734375,200
1775114951.477296,read,k1,108.98423194885254,False,665,656,117.72704124450684,200
1775114951.4841611,write,k2,609.7779273986816,False,724,724,,201
1775114951.493152,read,k2,103.66702079772949,False,729,724,8.990049362182617,200
1775114951.503253,write,k1,609.1153621673584,False,657,657,,201
1775114951.511055,write,k2,616.1901950836182,False,725,725,,201
1775114951.514281,read,k3,105.42106628417969,False,653,649,57.65414237976074,200
1775114951.514715,write,k1,607.536792755127,False,658,658,,201
1775114951.5169752,write,k3,607.9001426696777,False,651,651,,201
1775114951.51824,write,k3,610.4750633239746,False,650,650,,201
1775114951.5283358,read,k4,105.80611228942871,False,668,662,60.932159423828125,200
1775114951.532025,read,k1,104.5219898223877,False,667,658,17.30799674987793,200
1775114951.538201,write,k1,609.6618175506592,False,659,659,,201
1775114951.5429592,read,k1,107.0249080657959,False,667,659,4.757881164550781,200
1775114951.5433211,read,k5,105.93795776367188,False,704,695,108.80517959594727,200
1775114951.554904,read,k2,110.26287078857422,False,729,725,43.84803771972656,200
1775114951.556096,write,k5,610.0361347198486,False,696,696,,201
1775114951.564985,read,k4,110.05902290344238,False,668,662,97.58210182189941,200
1775114951.565532,write,k2,613.0077838897705,False,726,726,,201
1775114951.5776398,read,k1,107.56683349609375,False,667,659,39.437055587768555,200
1775114951.584102,read,k2,112.48898506164551,False,729,726,18.56684684753418,200
1775114951.5878808,read,k4,112.08796501159668,False,669,662,120.47719955444336,200
1775114951.613707,write,k1,616.4600849151611,False,660,660,,201
1775114951.625144,read,k4,106.46986961364746,False,670,662,157.73987770080566,200
1775114951.626313,read,k2,106.46605491638184,False,730,726,60.77909469604492,200
1775114951.6312761,read,k4,109.37881469726562,False,670,662,163.87295722961426,200
1775114951.638871,read,k4,110.36992073059082,False,670,662,171.46706581115723,200
1775114951.639445,read,k2,116.52302742004395,False,730,726,73.91071319580078,200
1775114951.641976,read,k1,107.0091724395752,False,667,660,28.271198272705078,200
1775114951.64549,read,k2,107.16485977172852,False,730,726,79.9570083618164,200
1775114951.650395,read,k2,104.97117042541504,False,730,726,84.85984802246094,200
1775114951.662751,read,k4,112.61296272277832,False,670,662,195.34826278686523,200
1775114951.6841228,read,k3,111.90295219421387,False,655,651,165.88306427001953,200
1775114951.6953862,read,k4,109.17878150939941,False,670,662,227.98609733581543,200
1775114951.703068,write,k2,608.7291240692139,False,727,727,,201
1775114951.70358,write,k5,611.1190319061279,False,697,697,,201
1775114951.7038348,write,k4,624.0546703338623,False,663,663,,201
1775114951.7040489,write,k1,642.1101093292236,False,661,661,,201
1775114951.70425,write,k1,611.0382080078125,False,662,662,,201
1775114951.7290492,write,k5,609.0080738067627,False,698,698,,201
1775114951.7359622,write,k1,605.7462692260742,False,663,663,,201
1775114951.743572,read,k5,114.09592628479004,False,708,698,14.523029327392578,200
1775114951.751007,read,k4,107.24496841430664,False,671,663,47.16801643371582,200
1775114951.752494,read,k1,105.17501831054688,False,668,663,16.534090042114258,200
1775114951.7588632,write,k4,604.7532558441162,False,664,664,,201
1775114951.790358,read,k1,125.52189826965332,False,668,663,54.39901351928711,200
1775114951.7925608,read,k4,104.60591316223145,False,673,664,33.701181411743164,200
1775114951.812008,write,k2,613.0361557006836,False,728,728,,201
1775114951.8122041,read,k4,107.88416862487793,False,673,664,53.34210395812988,200
1775114951.812591,read,k2,104.09903526306152,False,732,728,0.5819797515869141,200
1775114951.812963,write,k5,610.7637882232666,False,699,699,,201
1775114951.813805,write,k5,608.2260608673096,False,700,700,,201
1775114951.814135,write,k5,605.7322025299072,False,701,701,,201
1775114951.818329,write,k3,608.9239120483398,False,652,652,,201
1775114951.825832,write,k4,608.1931591033936,False,665,665,,201
1775114951.841891,read,k1,109.50112342834473,False,669,663,105.93199729919434,200
1775114951.8573298,read,k5,108.49595069885254,False,708,701,43.19190979003906,200
1775114951.858541,write,k1,609.4508171081543,False,664,664,,201
1775114951.862654,read,k5,107.24496841430664,False,708,701,48.517704010009766,200
1775114951.8753831,read,k4,109.01713371276855,False,675,665,49.55291748046875,200
1775114951.9119391,write,k5,606.4965724945068,False,702,702,,201
1775114951.9287732,read,k5,114.49694633483887,False,710,702,16.834259033203125,200
1775114951.9289012,write,k4,609.0927124023438,False,666,666,,201
1775114951.929034,read,k4,112.77103424072266,False,677,666,0.13303756713867188,200
1775114951.93947,read,k3,109.51900482177734,False,662,652,121.14214897155762,200
1775114951.94146,write,k1,604.2327880859375,False,665,665,,201
1775114951.9415958,write,k3,614.2849922180176,False,653,653,,201
1775114951.9417331,write,k4,605.4630279541016,False,667,667,,201
1775114951.954429,write,k5,605.8578491210938,False,703,703,,201
1775114951.967201,read,k1,105.27467727661133,False,669,665,25.74014663696289,200
1775114951.983094,read,k1,104.15887832641602,False,671,665,41.63312911987305,200
1775114951.9912791,write,k2,606.8868637084961,False,729,729,,201
1775114951.991511,write,k4,620.7501888275146,False,668,668,,201
1775114952.0239081,write,k5,609.8167896270752,False,704,704,,201
1775114952.036026,write,k1,609.1582775115967,False,667,667,,201
1775114952.038293,write,k1,616.710901260376,False,666,666,,201
1775114952.040104,read,k1,104.83407974243164,False,671,667,1.810312271118164,200
1775114952.0515342,write,k3,607.36083984375,False,654,654,,201
1775114952.0763571,write,k4,613.4970188140869,False,669,669,,201
1775114952.0844421,read,k5,106.51421546936035,False,714,704,60.530900955200195,200
1775114952.0954082,write,k3,612.5490665435791,False,655,655,,201
1775114952.0971131,write,k5,610.0249290466309,False,705,705,,201
1775114952.0995011,read,k1,106.70828819274902,False,673,667,61.20705604553223,200
1775114952.1051269,read,k1,107.28716850280762,False,673,667,66.8332576751709,200
1775114952.115201,write,k4,616.3468360900879,False,670,670,,201
1775114952.124914,write,k2,615.3626441955566,False,730,730,,201
1775114952.147852,write,k5,608.0319881439209,False,706,706,,201
1775114952.148612,read,k4,106.60409927368164,False,678,670,33.40792655944824,200
1775114952.160356,read,k5,107.04302787780762,False,714,706,12.506723403930664,200
1775114952.1883461,write,k2,627.9480457305908,False,731,731,,201
1775114952.189058,write,k1,626.2598037719727,False,668,668,,201
1775114952.18968,write,k5,614.3829822540283,False,707,707,,201
1775114952.196081,write,k3,609.112024307251,False,656,656,,201
1775114952.2002912,read,k3,106.57715797424316,False,666,656,4.207849502563477,200
1775114952.2149498,write,k5,616.1060333251953,False,708,708,,201
1775114952.2250319,read,k3,107.2998046875,False,667,656,28.9459228515625,200
1775114952.225698,write,k3,607.396125793457,False,657,657,,201
1775114952.248283,write,k2,611.2668514251709,False,732,732,,201
1775114952.252254,write,k3,611.9050979614258,False,658,658,,201
1775114952.2533062,write,k4,612.0421886444092,False,671,671,,201
1775114952.259687,read,k3,106.85181617736816,False,668,658,7.429838180541992,200
1775114952.260496,write,k4,609.968900680542,False,672,672,,201
1775114952.269944,write,k4,609.6010208129883,False,673,673,,201
1775114952.299616,read,k5,107.01179504394531,False,715,708,84.66625213623047,200
1775114952.311449,read,k3,107.75113105773926,False,668,658,59.19075012207031,200
1775114952.3194509,write,k3,608.6199283599854,False,659,659,,201
1775114952.3200011,write,k4,612.0257377624512,False,674,674,,201
1775114952.320446,write,k1,607.7880859375,False,669,669,,201
1775114952.320821,write,k3,607.8839302062988,False,660,660,,201
1775114952.327669,read,k4,108.65211486816406,False,681,674,7.66301155090332,200
1775114952.33638,read,k2,106.96196556091309,False,735,732,88.09614181518555,200
1775114952.349662,write,k4,612.2281551361084,False,675,675,,201
1775114952.364579,read,k2,107.67698287963867,False,735,732,116.29295349121094,200
1775114952.367955,write,k5,608.9391708374023,False,709,709,,201
1775114952.376864,read,k1,108.15715789794922,False,678,669,56.416988372802734,200
1775114952.37873,read,k5,105.90386390686035,False,717,709,10.77580451965332,200
1775114952.40382,write,k3,604.7909259796143,False,661,661,,201
1775114952.4065359,write,k2,605.5490970611572,False,733,733,,201
1775114952.4182348,read,k2,108.5059642791748,False,735,733,11.696100234985352,200
1775114952.429066,read,k4,104.9489974975586,False,683,675,79.40196990966797,200
1775114952.4310799,read,k5,105.78465461730957,False,718,709,63.124895095825195,200
1775114952.435741,write,k5,616.9881820678711,False,710,710,,201
1775114952.436129,write,k3,619.0729141235352,False,662,662,,201
1775114952.4364522,write,k4,617.2339916229248,False,677,677,,201
1775114952.436739,write,k4,618.3061599731445,False,676,676,,201
1775114952.439103,write,k5,615.5078411102295,False,711,711,,201
1775114952.439766,read,k5,108.2310676574707,False,718,711,0.6620883941650391,200
1775114952.453213,write,k3,606.8472862243652,False,663,663,,201
1775114952.4691908,write,k1,605.597972869873,False,670,670,,201
1775114952.474164,read,k1,108.16192626953125,False,678,670,4.971027374267578,200
1775114952.480243,read,k5,107.1770191192627,False,718,711,41.13626480102539,200
1775114952.481499,write,k1,607.7780723571777,False,671,671,,201
1775114952.488532,read,k4,105.93414306640625,False,685,677,51.78713798522949,200
1775114952.4905899,read,k2,104.7978401184082,False,736,733,84.05303955078125,200
1775114952.520671,write,k2,607.1805953979492,False,734,734,,201
1775114952.5212312,read,k4,106.52899742126465,False,685,677,84.48910713195801,200
1775114952.533288,read,k2,107.48505592346191,False,736,734,12.616872787475586,200
1775114952.545701,write,k3,610.5809211730957,False,664,664,,201
1775114952.546398,read,k1,111.62281036376953,False,678,671,64.89706039428711,200
1775114952.546879,read,k4,109.26985740661621,False,686,677,110.13674736022949,200
1775114952.5472739,write,k4,611.6969585418701,False,678,678,,201
1775114952.547622,read,k1,104.85410690307617,False,678,671,66.12396240234375,200
1775114952.547916,read,k2,106.87494277954102,False,737,734,27.247905731201172,200
1775114952.551116,write,k1,608.3152294158936,False,672,672,,201
1775114952.5515058,write,k1,606.748104095459,False,673,673,,201
1775114952.553334,read,k2,105.08918762207031,False,737,734,32.663822174072266,200
1775114952.5599492,write,k5,609.5359325408936,False,712,712,,201
1775114952.560311,write,k5,609.7438335418701,False,713,713,,201
1775114952.562434,write,k5,606.5530776977539,False,714,714,,201
1775114952.571944,read,k1,107.40923881530762,False,678,673,20.434141159057617,200
1775114952.596891,read,k2,109.97986793518066,False,737,734,76.21884346008301,200
1775114952.6023629,write,k3,609.8339557647705,False,665,665,,201
1775114952.605382,read,k4,106.0478687286377,False,689,678,58.10403823852539,200
1775114952.633683,read,k2,105.20005226135254,False,737,734,113.01088333129883,200
1775114952.6342452,read,k3,105.07392883300781,False,671,665,31.883955001831055,200
1775114952.640438,write,k1,607.6011657714844,False,674,674,,201
1775114952.648606,read,k4,110.41092872619629,False,689,678,101.32622718811035,200
1775114952.653022,write,k1,608.9911460876465,False,675,675,,201
1775114952.65681,read,k1,105.1950454711914,False,679,675,3.7889480590820312,200
1775114952.658648,write,k3,609.3711853027344,False,666,666,,201
1775114952.664165,read,k5,106.54401779174805,False,721,714,101.72796249389648,200
1775114952.664671,read,k4,109.11893844604492,False,689,678,117.39492416381836,200
1775114952.667948,read,k3,106.95600509643555,False,671,666,9.297847747802734,200
1775114952.68486,read,k4,114.76993560791016,False,690,678,137.57896423339844,200
1775114952.685697,read,k4,112.8530502319336,False,690,678,138.42105865478516,200
1775114952.689024,write,k1,610.2728843688965,False,676,676,,201
1775114952.706383,write,k3,608.1998348236084,False,667,667,,201
1775114952.711818,write,k5,610.9459400177002,False,715,715,,201
1775114952.7130291,write,k4,607.3040962219238,False,679,679,,201
1775114952.7133708,read,k5,107.88106918334961,False,721,715,1.554250717163086,200
1775114952.725751,write,k4,610.3470325469971,False,680,680,,201
1775114952.749218,read,k1,111.28687858581543,False,680,676,60.16826629638672,200
1775114952.749975,write,k2,616.0178184509277,False,735,735,,201
1775114952.759441,write,k3,609.2488765716553,False,668,668,,201
1775114952.7652678,read,k2,109.89618301391602,False,741,735,15.291929244995117,200
1775114952.765522,read,k2,110.90898513793945,False,741,735,15.547990798950195,200
1775114952.778337,read,k5,113.54684829711914,False,721,715,66.51806831359863,200
1775114952.7786071,read,k5,115.79418182373047,False,721,715,66.79105758666992,200
1775114952.778827,read,k4,109.7421646118164,False,691,680,53.07912826538086,200
1775114952.779032,write,k1,615.7369613647461,False,677,677,,201
1775114952.787431,read,k2,110.31818389892578,False,741,735,37.45532035827637,200
1775114952.7988539,read,k1,106.65392875671387,False,680,677,19.819021224975586,200
1775114952.799201,read,k5,106.13083839416504,False,721,715,87.38493919372559,200
1775114952.802537,read,k1,106.14991188049316,False,680,677,23.502111434936523,200
1775114952.804362,write,k1,606.7161560058594,False,678,678,,201
1775114952.8046331,write,k4,610.7051372528076,False,681,681,,201
1775114952.8159978,write,k5,611.1290454864502,False,716,716,,201
1775114952.821242,read,k3,105.67903518676758,False,673,668,61.80095672607422,200
1775114952.8216121,read,k1,105.65972328186035,False,680,678,17.249107360839844,200
1775114952.8366091,read,k4,104.48217391967773,False,693,681,31.972885131835938,200
1775114952.839634,write,k4,607.7508926391602,False,682,682,,201
1775114952.8559859,write,k3,605.3800582885742,False,669,669,,201
1775114952.8622952,read,k2,104.7050952911377,False,742,735,112.3189926147461,200
1775114952.8716958,read,k5,107.3300838470459,False,722,716,55.69601058959961,200
1775114952.872127,write,k5,614.3898963928223,False,717,717,,201
1775114952.872457,write,k4,608.9029312133789,False,683,683,,201
1775114952.872709,read,k5,104.90226745605469,False,722,717,0.5822181701660156,200
1775114952.8810189,read,k5,104.28118705749512,False,722,717,8.889198303222656,200
1775114952.88468,read,k2,104.78997230529785,False,742,735,134.7041130065918,200
1775114952.885729,read,k1,104.74300384521484,False,680,678,81.36606216430664,200
1775114952.8874428,read,k4,101.80091857910156,False,693,683,14.985084533691406,200
1775114952.913744,read,k1,104.58493232727051,False,681,678,109.38000679016113,200
1775114952.915573,read,k4,104.88605499267578,False,694,683,43.11394691467285,200
1775114952.91586,read,k5,104.29835319519043,False,723,717,43.7319278717041,200
1775114952.923724,read,k1,104.51674461364746,False,681,678,119.36116218566895,200
1775114952.924466,write,k5,607.8450679779053,False,718,718,,201
1775114952.9364538,write,k2,608.018159866333,False,736,736,,201
1775114952.936738,read,k5,103.29699516296387,False,723,718,12.270689010620117,200
1775114952.937141,read,k2,104.55131530761719,False,743,736,0.6852149963378906,200
1775114952.9477582,write,k3,616.6632175445557,False,670,670,,201
1775114952.947981,read,k4,103.8358211517334,False,694,683,75.52099227905273,200
1775114952.9506161,write,k4,608.1662178039551,False,684,684,,201
1775114952.962427,write,k4,610.4707717895508,False,685,685,,201
1775114952.969501,read,k3,104.22396659851074,False,673,670,21.74210548400879,200
1775114952.9808269,read,k3,105.1030158996582,False,673,670,33.06388854980469,200
1775114952.981407,read,k4,106.28199577331543,False,695,685,18.976211547851562,200
1775114952.9934452,read,k1,101.92108154296875,False,681,678,189.08309936523438,200
1775114952.993681,read,k1,102.70309448242188,False,681,678,189.31913375854492,200
1775114953.022728,write,k4,607.3391437530518,False,686,686,,201
1775114953.045686,read,k5,104.11715507507324,False,726,718,121.21272087097168,200
1775114953.048095,read,k4,103.05595397949219,False,695,686,25.36797523498535,200
1775114953.0512729,write,k5,605.9253215789795,False,719,719,,201
1775114953.0515919,write,k2,613.5661602020264,False,737,737,,201
1775114953.054623,write,k4,608.0508232116699,False,687,687,,201
1775114953.056412,read,k3,102.81896591186523,False,676,670,108.65306854248047,200
1775114953.061794,read,k4,104.86817359924316,False,695,687,7.168054580688477,200
1775114953.064853,read,k5,106.39810562133789,False,726,719,13.576984405517578,200
1775114953.0806558,write,k5,607.8231334686279,False,720,720,,201
1775114953.084845,read,k2,105.5290699005127,False,747,737,33.249855041503906,200
1775114953.086036,write,k4,609.5218658447266,False,688,688,,201
1775114953.0996192,write,k4,608.4051132202148,False,689,689,,201
1775114953.10012,write,k3,610.450267791748,False,671,671,,201
1775114953.160265,write,k1,610.9590530395508,False,679,679,,201
1775114953.161064,read,k1,109.36188697814941,False,682,679,0.7989406585693359,200
1775114953.1617181,read,k2,108.85882377624512,False,748,737,110.1222038269043,200
1775114953.162435,read,k1,106.52875900268555,False,682,679,2.1708011627197266,200
1775114953.162942,write,k2,607.7601909637451,False,738,738,,201
1775114953.163332,write,k5,611.3541126251221,False,721,721,,201
1775114953.1636548,write,k1,611.3860607147217,False,680,680,,201
1775114953.164618,write,k4,607.741117477417,False,690,690,,201
1775114953.1665962,read,k5,106.32514953613281,False,726,721,3.2629966735839844,200
1775114953.177135,read,k2,107.22780227661133,False,748,738,14.190196990966797,200
1775114953.18681,write,k2,615.9501075744629,False,739,739,,201
1775114953.187408,write,k3,610.666036605835,False,672,672,,201
1775114953.189288,read,k1,105.95393180847168,False,683,680,25.63190460205078,200
1775114953.198238,read,k5,107.27190971374512,False,726,721,34.90400314331055,200
1775114953.2070248,write,k2,607.489824295044,False,740,740,,201
1775114953.2246559,write,k2,608.6750030517578,False,741,741,,201
1775114953.249995,write,k3,606.8878173828125,False,673,673,,201
1775114953.2507641,write,k4,609.320878982544,False,691,691,,201
1775114953.27466,read,k4,106.63819313049316,False,702,691,23.893117904663086,200
1775114953.275379,read,k1,107.71989822387695,False,685,680,111.71984672546387,200
1775114953.276057,read,k1,108.77013206481934,False,685,680,112.40077018737793,200
1775114953.276472,read,k1,110.55588722229004,False,685,680,112.81585693359375,200
1775114953.280303,read,k3,107.41710662841797,False,679,673,30.30991554260254,200
1775114953.2886348,write,k4,618.6928749084473,False,692,692,,201
1775114953.312292,read,k2,106.27508163452148,False,751,741,87.63384819030762,200
1775114953.31776,read,k1,107.7280044555664,False,687,680,154.10089492797852,200
1775114953.321286,write,k2,607.5968742370605,False,742,742,,201
1775114953.331557,write,k4,608.6840629577637,False,693,693,,201
1775114953.358741,read,k4,107.26690292358398,False,704,693,27.18210220336914,200
1775114953.360148,read,k1,107.72299766540527,False,687,680,196.49076461791992,200
1775114953.365258,write,k5,608.5813045501709,False,722,722,,201
1775114953.3871381,read,k3,105.04984855651855,False,679,673,137.14194297790527,200
1775114953.393358,write,k5,606.6889762878418,False,723,723,,201
1775114953.394641,read,k4,109.79819297790527,False,704,693,63.08293342590332,200
1775114953.400071,write,k2,608.4887981414795,False,743,743,,201
1775114953.410861,write,k4,608.9868545532227,False,694,694,,201
1775114953.417242,write,k1,608.5708141326904,False,681,681,,201
1775114953.4201632,read,k3,104.23684120178223,False,679,673,170.16983032226562,200
1775114953.45889,write,k2,611.9999885559082,False,744,744,,201
1775114953.470527,write,k4,604.5801639556885,False,695,695,,201
1775114953.4715252,read,k2,104.8588752746582,False,752,744,12.635231018066406,200
1775114953.4747589,read,k5,106.48298263549805,False,728,723,81.40301704406738,200
1775114953.4927459,write,k2,610.4068756103516,False,745,745,,201
1775114953.4933949,write,k3,609.7421646118164,False,674,674,,201
1775114953.494529,write,k5,611.6700172424316,False,724,724,,201
1775114953.504193,write,k5,605.8769226074219,False,725,725,,201
1775114953.527554,write,k3,607.0940494537354,False,675,675,,201
1775114953.529206,read,k3,105.49616813659668,False,679,675,1.653909683227539,200
1775114953.531061,write,k5,607.9790592193604,False,726,726,,201
1775114953.5315561,write,k2,605.9927940368652,False,746,746,,201
1775114953.537351,write,k2,607.1691513061523,False,747,747,,201
1775114953.537941,read,k5,108.44016075134277,False,731,726,6.880998611450195,200
1775114953.5424662,write,k1,607.7299118041992,False,682,682,,201
1775114953.5544598,write,k3,607.1970462799072,False,676,676,,201
1775114953.575403,read,k4,106.45413398742676,False,706,695,104.8741340637207,200
1775114953.579071,write,k4,608.9861392974854,False,696,696,,201
1775114953.5811698,read,k1,106.31418228149414,False,691,682,38.70105743408203,200
1775114953.58479,read,k1,106.0798168182373,False,691,682,42.320966720581055,200
1775114953.585418,read,k4,107.84220695495605,False,706,696,6.346225738525391,200
1775114953.595799,write,k2,606.1151027679443,False,748,748,,201
1775114953.59627,write,k4,607.3081493377686,False,697,697,,201
1775114953.6020942,read,k1,105.12423515319824,False,691,682,59.62491035461426,200
1775114953.604584,read,k4,105.49092292785645,False,706,697,8.330345153808594,200
1775114953.606359,write,k4,609.3809604644775,False,698,698,,201
1775114953.60935,write,k4,605.6642532348633,False,699,699,,201
1775114953.623807,read,k1,108.11901092529297,False,691,682,81.33697509765625,200
1775114953.633307,write,k3,606.6381931304932,False,677,677,,201
1775114953.644586,read,k3,106.48894309997559,False,679,677,11.278152465820312,200
1775114953.645149,read,k4,106.31489753723145,False,706,699,35.798072814941406,200
1775114953.647202,read,k3,107.80596733093262,False,679,677,13.896942138671875,200
1775114953.6494179,read,k3,106.78291320800781,False,679,677,16.1130428314209,200
1775114953.652837,read,k4,104.85506057739258,False,706,699,43.48397254943848,200
1775114953.658994,write,k4,604.2759418487549,False,700,700,,201
1775114953.669727,write,k1,608.84690284729,False,683,683,,201
1775114953.6709561,read,k2,104.58207130432129,False,753,748,75.15692710876465,200
1775114953.68561,write,k3,611.6681098937988,False,678,678,,201
1775114953.6991959,write,k4,609.2288494110107,False,701,701,,201
1775114953.71195,write,k1,607.720136642456,False,684,684,,201
1775114953.712327,read,k2,105.87096214294434,False,755,748,116.52827262878418,200
1775114953.717406,write,k1,609.3168258666992,False,685,685,,201
1775114953.7216399,read,k3,107.79595375061035,False,680,678,36.03196144104004,200
1775114953.751049,read,k2,109.2538833618164,False,755,748,155.24816513061523,200
1775114953.755583,read,k3,107.11288452148438,False,681,678,69.97394561767578,200
1775114953.757039,read,k3,105.45921325683594,False,681,678,71.43306732177734,200
1775114953.7604392,read,k4,105.4689884185791,False,709,701,61.24401092529297,200
1775114953.7715142,write,k3,607.7396869659424,False,679,679,,201
1775114953.772455,write,k4,607.0189476013184,False,702,702,,201
1775114953.772884,read,k1,106.68182373046875,False,693,685,55.47690391540527,200
1775114953.7764952,write,k2,607.3100566864014,False,749,749,,201
1775114953.7782989,write,k2,605.0410270690918,False,750,750,,201
1775114953.8040562,write,k4,614.6323680877686,False,703,703,,201
1775114953.804862,write,k1,607.774019241333,False,686,686,,201
1775114953.806241,read,k4,110.84675788879395,False,710,703,2.1851062774658203,200
1775114953.806881,write,k2,621.2480068206787,False,751,751,,201
1775114953.8075898,write,k1,608.0231666564941,False,687,687,,201
1775114953.823833,read,k4,108.7038516998291,False,710,703,19.7751522064209,200
1775114953.834226,read,k2,106.53901100158691,False,756,751,27.33898162841797,200
1775114953.8350568,read,k5,104.77995872497559,False,736,726,303.9979934692383,200
1775114953.842458,write,k4,610.4707717895508,False,704,704,,201
1775114953.8655849,read,k1,108.40296745300293,False,693,687,57.99078941345215,200
1775114953.8836842,read,k3,117.77091026306152,False,684,679,112.17093467712402,200
1775114953.8839371,write,k5,607.3830127716064,False,727,727,,201
1775114953.8840861,read,k1,117.74301528930664,False,693,687,76.49588584899902,200
1775114953.8843641,read,k3,107.22732543945312,False,684,679,112.85281181335449,200
1775114953.886394,read,k4,106.15181922912598,False,711,704,43.93911361694336,200
1775114953.8874161,write,k2,606.3189506530762,False,752,752,,201
1775114953.8979,write,k1,612.3871803283691,False,688,688,,201
1775114953.921828,read,k3,108.43086242675781,False,685,679,150.3148078918457,200
1775114953.921998,write,k1,622.1199035644531,False,689,689,,201
1775114953.922147,read,k3,107.33389854431152,False,686,679,150.6359577178955,200
1775114953.922271,read,k2,109.41624641418457,False,757,752,34.85608100891113,200
1775114953.931391,write,k1,606.5611839294434,False,690,690,,201
1775114953.934413,write,k1,608.2837581634521,False,691,691,,201
1775114953.945716,read,k1,104.7220230102539,False,694,691,11.302947998046875,200
1775114953.949676,write,k4,609.8041534423828,False,705,705,,201
1775114953.953857,read,k2,106.96721076965332,False,758,752,66.44201278686523,200
1775114953.970865,write,k5,608.1762313842773,False,728,728,,201
1775114953.986321,read,k1,106.54902458190918,False,694,691,51.90396308898926,200
1775114953.990699,read,k5,104.55012321472168,False,737,728,19.832134246826172,200
1775114953.991283,read,k1,105.50975799560547,False,694,691,56.86807632446289,200
1775114954.0064251,write,k5,615.5269145965576,False,729,729,,201
1775114954.0164149,write,k2,612.4958992004395,False,753,753,,201
1775114954.0171342,write,k4,614.9117946624756,False,706,706,,201
1775114954.034417,write,k5,615.9908771514893,False,731,731,,201
1775114954.034667,write,k5,625.9219646453857,False,730,730,,201
1775114954.0357618,read,k2,108.49523544311523,False,759,753,19.349336624145508,200
1775114954.035972,read,k3,114.98594284057617,False,686,679,264.45984840393066,200
1775114954.036104,read,k4,108.51001739501953,False,713,706,18.971920013427734,200
1775114954.0425549,read,k5,107.81478881835938,False,738,731,7.884979248046875,200
1775114954.04305,read,k2,106.77814483642578,False,761,753,26.636123657226562,200
1775114954.051647,read,k2,102.73289680480957,False,761,753,35.23135185241699,200
1775114954.089673,read,k5,130.58924674987793,False,738,731,55.00006675720215,200
1775114954.090173,read,k3,110.60404777526855,False,687,679,318.6607360839844,200
1775114954.097718,read,k2,104.80833053588867,False,761,753,81.30216598510742,200
1775114954.108934,write,k5,610.759973526001,False,732,732,,201
1775114954.140535,read,k2,110.39996147155762,False,761,753,124.11808967590332,200
1775114954.1486552,read,k4,107.92016983032227,False,715,706,131.5169334411621,200
1775114954.1493802,read,k1,108.3378791809082,False,696,691,214.96295928955078,200
1775114954.1500218,read,k2,105.35717010498047,False,761,753,133.6061954498291,200
1775114954.151166,write,k1,611.2172603607178,False,692,692,,201
1775114954.1576052,read,k3,108.70504379272461,False,689,679,386.0888481140137,200
1775114954.158197,read,k5,109.8029613494873,False,738,732,49.263715744018555,200
1775114954.160131,write,k5,607.8038215637207,False,733,733,,201
1775114954.161032,read,k1,106.24194145202637,False,697,692,9.864330291748047,200
1775114954.1866188,write,k2,609.2836856842041,False,754,754,,201
1775114954.201142,write,k3,615.044116973877,False,680,680,,201
1775114954.201776,write,k4,610.9750270843506,False,707,707,,201
1775114954.2021918,write,k1,613.6579513549805,False,693,693,,201
1775114954.203031,write,k2,608.3438396453857,False,755,755,,201
1775114954.207629,write,k5,608.0541610717773,False,734,734,,201
1775114954.209171,write,k4,606.9579124450684,False,708,708,,201
1775114954.22875,read,k2,107.23590850830078,False,761,755,25.715112686157227,200
1775114954.236316,write,k3,607.4008941650391,False,681,681,,201
1775114954.2368178,write,k5,624.168872833252,False,735,735,,201
1775114954.2371671,write,k4,626.3988018035889,False,709,709,,201
1775114954.246933,read,k1,104.90798950195312,False,698,693,44.737815856933594,200
1775114954.263314,write,k3,607.8810691833496,False,682,682,,201
1775114954.263755,write,k2,607.0740222930908,False,756,756,,201
1775114954.272536,read,k5,105.96108436584473,False,739,735,35.71581840515137,200
1775114954.290952,write,k4,611.0658645629883,False,710,710,,201
1775114954.293377,write,k3,612.666130065918,False,683,683,,201
1775114954.295182,read,k5,105.46684265136719,False,739,735,58.36081504821777,200
1775114954.319563,read,k1,107.0258617401123,False,698,693,117.36702919006348,200
1775114954.3201149,write,k5,610.0938320159912,False,736,736,,201
1775114954.3370261,write,k3,619.4899082183838,False,684,684,,201
1775114954.3433,read,k2,105.54790496826172,False,763,756,79.53906059265137,200
1775114954.345254,read,k2,105.56697845458984,False,763,756,81.49504661560059,200
1775114954.346591,read,k4,106.49871826171875,False,718,710,55.638790130615234,200
1775114954.346983,read,k5,104.89916801452637,False,742,736,26.86786651611328,200
1775114954.371486,read,k4,106.0788631439209,False,718,710,80.53088188171387,200
1775114954.384502,read,k4,106.14275932312012,False,718,710,93.54591369628906,200
1775114954.3941529,write,k3,614.6543025970459,False,685,685,,201
1775114954.394551,write,k4,632.706880569458,False,711,711,,201
1775114954.394892,write,k1,610.2840900421143,False,694,694,,201
1775114954.395231,write,k2,618.6349391937256,False,757,757,,201
1775114954.4079978,read,k5,106.59122467041016,False,743,736,87.87989616394043,200
1775114954.4207208,write,k4,609.8170280456543,False,712,712,,201
1775114954.423181,write,k3,609.461784362793,False,686,686,,201
1775114954.43404,write,k2,607.733964920044,False,758,758,,201
1775114954.436191,read,k3,107.77807235717773,False,695,686,13.010740280151367,200
1775114954.445395,read,k2,105.51905632019043,False,764,758,11.353015899658203,200
1775114954.4512472,write,k5,606.8999767303467,False,737,737,,201
1775114954.455174,read,k5,105.99398612976074,False,744,737,3.926992416381836,200
1775114954.460115,read,k3,104.0339469909668,False,696,686,36.93509101867676,200
1775114954.464179,read,k4,107.65385627746582,False,718,712,43.45893859863281,200
1775114954.481786,read,k4,107.69462585449219,False,718,712,61.068058013916016,200
1775114954.49364,write,k4,605.4708957672119,False,713,713,,201
1775114954.499128,write,k5,605.6621074676514,False,738,738,,201
1775114954.499268,write,k1,608.8509559631348,False,695,695,,201
1775114954.5014348,read,k5,103.84511947631836,False,744,738,2.3059844970703125,200
1775114954.501589,write,k2,604.835033416748,False,759,759,,201
1775114954.505924,read,k2,105.17311096191406,False,764,759,4.334211349487305,200
1775114954.531842,read,k1,107.55610466003418,False,699,695,32.57489204406738,200
1775114954.534813,read,k1,105.03005981445312,False,699,695,35.544633865356445,200
1775114954.537664,write,k2,610.640287399292,False,760,760,,201
1775114954.539583,write,k2,607.1779727935791,False,761,761,,201
1775114954.55154,read,k3,107.13338851928711,False,699,686,128.36289405822754,200
1775114954.562443,write,k3,605.0896644592285,False,687,687,,201
1775114954.5676632,read,k3,106.22906684875488,False,699,687,5.219936370849609,200
1775114954.578519,read,k2,106.89377784729004,False,765,761,38.93589973449707,200
1775114954.5946329,write,k4,605.809211730957,False,714,714,,201
1775114954.594721,read,k3,104.31981086730957,False,699,687,32.277822494506836,200
1775114954.606553,write,k3,608.1910133361816,False,688,688,,201
1775114954.610464,read,k1,103.24811935424805,False,701,695,111.19675636291504,200
1775114954.612409,read,k4,105.38601875305176,False,720,714,17.775297164916992,200
1775114954.6191201,read,k4,104.26092147827148,False,720,714,24.486303329467773,200
1775114954.662167,write,k1,618.5221672058105,False,697,697,,201
1775114954.662403,write,k4,650.4130363464355,False,715,715,,201
1775114954.662561,read,k2,128.37505340576172,False,765,761,122.97797203063965,200
1775114954.662664,write,k3,643.6741352081299,False,689,689,,201
1775114954.6627588,read,k5,118.36409568786621,False,746,738,163.63072395324707,200
1775114954.662849,read,k4,115.86999893188477,False,720,715,0.4458427429199219,200
1775114954.6629398,write,k1,623.3210563659668,False,696,696,,201
1775114954.6673,read,k4,102.68592834472656,False,720,715,4.895925521850586,200
1775114954.675221,read,k3,104.76899147033691,False,699,689,12.553930282592773,200
1775114954.7023842,write,k1,609.3449592590332,False,698,698,,201
1775114954.702513,write,k5,610.1651191711426,False,739,739,,201
1775114954.708406,write,k3,608.0970764160156,False,690,690,,201
1775114954.71156,read,k4,111.13905906677246,False,720,715,49.15666580200195,200
1775114954.711658,read,k3,131.28018379211426,False,699,690,3.2520294189453125,200
1775114954.712876,read,k1,107.13076591491699,False,704,698,10.49184799194336,200
1775114954.720598,read,k2,104.20107841491699,False,765,761,181.0140609741211,200
1775114954.7559092,read,k4,135.33496856689453,False,720,715,93.505859375,200
1775114954.757504,write,k4,607.3310375213623,False,716,716,,201
1775114954.7597141,write,k4,606.910228729248,False,717,717,,201
1775114954.764561,read,k5,127.47478485107422,False,746,739,62.04795837402344,200
1775114954.764805,write,k3,604.564905166626,False,692,692,,201
1775114954.764919,write,k3,609.2441082000732,False,691,691,,201
1775114954.766839,read,k5,102.74505615234375,False,746,739,64.32604789733887,200
1775114954.766944,read,k3,103.09123992919922,False,700,692,2.0248889923095703,200
1775114954.771981,read,k3,102.06103324890137,False,700,692,7.061958312988281,200
1775114954.773661,read,k3,103.19209098815918,False,700,692,8.74185562133789,200
1775114954.773779,write,k3,607.6180934906006,False,694,694,,201
1775114954.7738922,write,k3,609.0278625488281,False,693,693,,201
1775114954.774004,read,k1,103.31916809082031,False,704,698,71.61879539489746,200
1775114954.7741199,read,k2,106.75811767578125,False,765,761,234.53688621520996,200
1775114954.7750459,write,k4,606.1618328094482,False,718,718,,201
1775114954.779263,read,k5,106.02712631225586,False,747,739,76.74884796142578,200
1775114954.80729,read,k3,103.38091850280762,False,700,694,33.39815139770508,200
1775114954.8101912,write,k2,606.536865234375,False,762,762,,201
1775114954.815768,write,k5,606.029748916626,False,740,740,,201
1775114954.820668,write,k5,609.7898483276367,False,741,741,,201
1775114954.8217752,write,k2,607.2828769683838,False,763,763,,201
1775114954.825948,read,k5,102.53190994262695,False,747,741,5.279302597045898,200
1775114954.862209,write,k5,643.5599327087402,False,742,742,,201
1775114954.8624089,write,k2,611.3488674163818,False,764,764,,201
1775114954.8633192,read,k5,103.93190383911133,False,747,742,1.110076904296875,200
1775114954.876738,read,k1,103.56521606445312,False,707,698,174.35288429260254,200
1775114954.876968,read,k3,104.95305061340332,False,702,694,103.0740737915039,200
1775114954.878579,write,k3,607.7566146850586,False,695,695,,201
1775114954.880772,read,k5,105.3609848022461,False,748,742,18.56207847595215,200
1775114954.889857,read,k4,110.12911796569824,False,721,718,114.80975151062012,200
1775114954.890099,read,k4,109.61413383483887,False,721,718,115.0510311126709,200
1775114954.899474,read,k2,109.13801193237305,False,769,764,37.0640754699707,200
1775114954.9016829,write,k5,608.1509590148926,False,743,743,,201
1775114954.907956,write,k1,607.9461574554443,False,699,699,,201
1775114954.92565,read,k5,105.55696487426758,False,749,743,23.964881896972656,200
1775114954.926107,read,k4,105.86690902709961,False,721,718,151.05891227722168,200
1775114954.928034,read,k5,102.61988639831543,False,749,743,26.349782943725586,200
1775114954.931523,read,k4,103.00397872924805,False,721,718,156.47387504577637,200
1775114954.9349,read,k3,102.90884971618652,False,703,695,56.3199520111084,200
1775114954.965129,write,k3,616.3880825042725,False,696,696,,201
1775114954.965523,write,k5,642.5538063049316,False,744,744,,201
1775114954.968481,read,k5,102.74195671081543,False,749,744,2.9561519622802734,200
1775114954.9839182,read,k5,102.90098190307617,False,749,744,18.391132354736328,200
1775114954.984403,read,k4,104.98785972595215,False,721,718,209.35463905334473,200
1775114954.986468,read,k3,104.18891906738281,False,703,696,21.338939666748047,200
1775114954.9941602,read,k3,106.0938835144043,False,703,696,29.028892517089844,200
1775114954.998987,write,k3,607.8939437866211,False,697,697,,201
1775114954.999386,read,k3,108.06798934936523,False,703,697,0.4012584686279297,200
1775114955.0046191,write,k4,606.5027713775635,False,719,719,,201
1775114955.011179,write,k2,606.24098777771,False,765,765,,201
1775114955.025316,write,k3,607.4979305267334,False,698,698,,201
1775114955.0334232,read,k2,104.38299179077148,False,771,765,22.242069244384766,200
1775114955.040172,read,k5,106.07194900512695,False,750,744,74.6450424194336,200
1775114955.043377,read,k5,105.09800910949707,False,750,744,77.8510570526123,200
1775114955.049669,write,k3,610.673189163208,False,699,699,,201
1775114955.061822,write,k1,606.3239574432373,False,700,700,,201
1775114955.08163,write,k1,613.184928894043,False,701,701,,201
1775114955.082473,write,k4,620.5050945281982,False,720,720,,201
1775114955.082992,read,k4,109.98678207397461,False,722,720,0.5180835723876953,200
1775114955.099967,read,k3,106.96792602539062,False,704,699,50.29797554016113,200
1775114955.100317,read,k1,108.11996459960938,False,712,701,18.697023391723633,200
1775114955.1017559,read,k1,108.47997665405273,False,712,701,20.135164260864258,200
1775114955.108316,write,k5,607.7399253845215,False,745,745,,201
1775114955.1109,read,k3,106.11200332641602,False,704,699,61.22994422912598,200
1775114955.1112692,read,k3,105.56888580322266,False,704,699,61.60306930541992,200
1775114955.1139991,write,k5,604.5629978179932,False,746,746,,201
1775114955.114217,write,k1,604.9599647521973,False,702,702,,201
1775114955.119031,read,k2,106.07123374938965,False,774,765,107.7890396118164,200
1775114955.127914,read,k2,112.08415031433105,False,774,765,116.73593521118164,200
1775114955.149787,read,k4,109.09390449523926,False,722,720,67.31104850769043,200
1775114955.166068,read,k4,106.54401779174805,False,722,720,83.59122276306152,200
1775114955.166531,write,k1,610.5198860168457,False,704,704,,201
1775114955.166816,write,k1,622.5268840789795,False,703,703,,201
1775114955.1956239,read,k5,106.0640811920166,False,753,746,81.61687850952148,200
1775114955.196338,read,k3,104.99691963195801,False,704,699,146.6691493988037,200
1775114955.214373,read,k2,107.42688179016113,False,775,765,203.19199562072754,200
1775114955.215921,read,k3,104.16793823242188,False,704,699,166.25404357910156,200
1775114955.222202,write,k3,608.09326171875,False,700,700,,201
1775114955.223914,read,k2,106.1408519744873,False,776,765,212.73493766784668,200
1775114955.2374551,read,k1,109.94291305541992,False,713,704,70.63508033752441,200
1775114955.2379332,read,k1,110.7931137084961,False,713,704,71.11620903015137,200
1775114955.258314,read,k2,106.35495185852051,False,776,765,247.1320629119873,200
1775114955.278006,write,k5,612.8020286560059,False,747,747,,201
1775114955.279705,read,k4,105.96990585327148,False,724,720,197.22914695739746,200
1775114955.294372,write,k2,607.3868274688721,False,766,766,,201
1775114955.312112,read,k4,105.9720516204834,False,724,720,229.63500022888184,200
1775114955.3153899,write,k4,604.0542125701904,False,721,721,,201
1775114955.321821,write,k1,606.7759990692139,False,705,705,,201
1775114955.322763,write,k3,606.024980545044,False,701,701,,201
1775114955.328356,write,k1,607.9740524291992,False,706,706,,201
1775114955.331678,read,k3,111.6337776184082,False,706,701,8.907079696655273,200
1775114955.334953,write,k3,605.9010028839111,False,702,702,,201
1775114955.351129,read,k2,106.75811767578125,False,777,766,56.756019592285156,200
1775114955.3672278,write,k2,607.2378158569336,False,767,767,,201
1775114955.37973,write,k2,609.7769737243652,False,769,769,,201
1775114955.38023,write,k2,610.7299327850342,False,768,768,,201
1775114955.3807418,write,k1,612.0891571044922,False,707,707,,201
1775114955.3817291,write,k3,608.7019443511963,False,703,703,,201
1775114955.3822138,write,k5,607.0258617401123,False,748,748,,201
1775114955.382699,write,k5,605.8952808380127,False,749,749,,201
1775114955.383044,write,k1,607.3951721191406,False,708,708,,201
1775114955.3838022,write,k1,605.949878692627,False,709,709,,201
1775114955.389654,read,k4,108.25014114379883,False,725,721,74.25498962402344,200
1775114955.390738,read,k5,108.12592506408691,False,757,749,8.03828239440918,200
1775114955.407379,read,k3,106.34493827819824,False,707,703,25.645971298217773,200
1775114955.418188,write,k2,606.6701412200928,False,770,770,,201
1775114955.431602,read,k1,106.87494277954102,False,715,709,47.796010971069336,200
1775114955.432031,read,k2,112.26487159729004,False,777,770,13.84282112121582,200
1775114955.441259,read,k1,108.9019775390625,False,715,709,57.45291709899902,200
1775114955.443542,read,k4,105.8816909790039,False,725,721,128.15284729003906,200
1775114955.470685,read,k1,108.95800590515137,False,715,709,86.87806129455566,200
1775114955.472938,write,k2,606.8708896636963,False,771,771,,201
1775114955.482362,write,k1,610.0609302520752,False,710,710,,201
1775114955.4914718,read,k3,107.57088661193848,False,711,703,109.7409725189209,200
1775114955.4942331,read,k3,106.10103607177734,False,711,703,112.5030517578125,200
1775114955.496355,read,k4,105.23796081542969,False,726,721,180.96590042114258,200
1775114955.496703,read,k2,106.62698745727539,False,778,771,23.768901824951172,200
1775114955.50528,write,k4,612.3342514038086,False,722,722,,201
1775114955.5189838,write,k1,610.260009765625,False,711,711,,201
1775114955.519552,write,k3,611.4051342010498,False,704,704,,201
1775114955.526048,write,k5,610.7218265533447,False,750,750,,201
1775114955.534785,read,k1,110.65912246704102,False,716,711,15.799760818481445,200
1775114955.545681,write,k2,606.2960624694824,False,772,772,,201
1775114955.546293,read,k3,107.44714736938477,False,711,704,26.740074157714844,200
1775114955.55517,write,k5,613.4650707244873,False,751,751,,201
1775114955.584776,read,k3,105.7882308959961,False,711,704,65.22488594055176,200
1775114955.5861719,read,k1,106.31895065307617,False,718,711,67.19183921813965,200
1775114955.588387,write,k2,607.6688766479492,False,773,773,,201
1775114955.588484,write,k1,606.9400310516357,False,712,712,,201
1775114955.613172,read,k5,112.87403106689453,False,760,751,58.00223350524902,200
1775114955.613575,write,k2,611.8390560150146,False,774,774,,201
1775114955.632118,read,k5,130.27000427246094,False,760,751,76.9491195678711,200
1775114955.632436,read,k1,107.8348159790039,False,720,712,43.950796127319336,200
1775114955.632652,read,k5,106.43601417541504,False,760,751,77.4850845336914,200
1775114955.632855,read,k4,104.65288162231445,False,727,722,127.57706642150879,200
1775114955.6377861,write,k1,606.9202423095703,False,713,713,,201
1775114955.6534579,read,k4,105.2238941192627,False,728,722,148.1781005859375,200
1775114955.655721,write,k2,605.3781509399414,False,775,775,,201
1775114955.659799,write,k5,611.9680404663086,False,752,752,,201
1775114955.664384,read,k2,105.26299476623535,False,781,775,8.658170700073242,200
1775114955.670163,write,k5,606.3780784606934,False,753,753,,201
1775114955.7043688,read,k2,116.42599105834961,False,781,775,48.647165298461914,200
1775114955.704567,write,k4,612.4730110168457,False,723,723,,201
1775114955.718396,write,k2,608.5808277130127,False,776,776,,201
1775114955.7185411,write,k5,613.7590408325195,False,754,754,,201
1775114955.720363,write,k4,607.6359748840332,False,724,724,,201
1775114955.734354,write,k3,611.0961437225342,False,705,705,,201
1775114955.7345111,write,k3,605.2050590515137,False,706,706,,201
1775114955.757426,read,k2,117.44928359985352,False,781,776,39.02602195739746,200
1775114955.7579038,read,k4,121.08087539672852,False,728,724,37.53995895385742,200
1775114955.7582898,read,k3,118.08466911315918,False,713,706,23.777008056640625,200
1775114955.758626,read,k4,119.06218528747559,False,728,724,38.26189041137695,200
1775114955.758927,read,k2,111.73009872436523,False,781,776,40.52996635437012,200
1775114955.762403,read,k1,106.56881332397461,False,722,713,124.61495399475098,200
1775114955.782728,write,k1,614.0661239624023,False,714,714,,201
1775114955.785779,write,k5,610.192060470581,False,755,755,,201
1775114955.815153,read,k1,105.26394844055176,False,724,714,32.42063522338867,200
1775114955.8196118,write,k5,618.6339855194092,False,756,756,,201
1775114955.82026,read,k4,106.75191879272461,False,728,724,99.89190101623535,200
1775114955.826251,write,k1,606.8329811096191,False,715,715,,201
1775114955.830472,read,k5,106.38737678527832,False,762,756,10.860919952392578,200
1775114955.835928,write,k4,606.8630218505859,False,725,725,,201
1775114955.8458529,write,k2,611.4158630371094,False,777,777,,201
1775114955.8461592,write,k5,605.8180332183838,False,757,757,,201
1775114955.8714821,read,k4,108.57582092285156,False,728,725,35.55011749267578,200
1775114955.878616,read,k4,109.38286781311035,False,728,725,42.68503189086914,200
1775114955.895217,read,k1,106.42409324645996,False,727,715,68.96400451660156,200
1775114955.895786,read,k5,106.40788078308105,False,766,757,49.62587356567383,200
1775114955.90727,write,k3,637.9189491271973,False,707,707,,201
1775114955.9244,read,k4,106.43291473388672,False,728,725,88.4699821472168,200
1775114955.9317288,write,k2,608.1650257110596,False,778,778,,201
1775114955.9354281,read,k5,107.06305503845215,False,766,757,89.2648696899414,200
1775114955.939672,write,k3,609.1861724853516,False,708,708,,201
1775114955.940277,read,k2,111.00196838378906,False,783,778,8.546113967895508,200
1775114955.945764,read,k1,105.00574111938477,False,727,715,119.51208114624023,200
1775114955.94749,read,k5,108.55889320373535,False,766,757,101.32694244384766,200
1775114955.948064,write,k3,608.7348461151123,False,709,709,,201
1775114955.95938,read,k3,104.56323623657227,False,714,709,11.317014694213867,200
1775114955.9841459,read,k2,107.27810859680176,False,785,778,52.4139404296875,200
1775114955.9862442,read,k4,105.88502883911133,False,728,725,150.3140926361084,200
1775114956.007411,write,k2,609.9288463592529,False,779,779,,201
1775114956.008589,write,k4,620.9018230438232,False,726,726,,201
1775114956.0093389,write,k3,631.4151287078857,False,710,710,,201
1775114956.009998,write,k1,616.7540550231934,False,716,716,,201
1775114956.0104692,write,k5,621.6931343078613,False,759,759,,201
1775114956.01089,write,k5,625.0758171081543,False,758,758,,201
1775114956.011286,write,k3,628.1530857086182,False,711,711,,201
1775114956.012743,read,k5,111.2360954284668,False,766,759,1.850128173828125,200
1775114956.024246,write,k5,609.3010902404785,False,760,760,,201
1775114956.047601,read,k5,107.18417167663574,False,768,760,23.351192474365234,200
1775114956.049254,write,k2,607.4678897857666,False,780,780,,201
1775114956.052188,read,k3,107.32507705688477,False,714,711,40.899038314819336,200
1775114956.053528,write,k1,608.6688041687012,False,717,717,,201
1775114956.055721,read,k5,106.49394989013672,False,768,760,31.475067138671875,200
1775114956.056095,read,k1,106.40215873718262,False,727,717,2.568960189819336,200
1775114956.058963,write,k1,606.4679622650146,False,718,718,,201
1775114956.0620742,read,k2,109.13705825805664,False,786,780,12.820959091186523,200
1775114956.1000361,write,k2,610.0952625274658,False,781,781,,201
1775114956.117792,read,k2,106.36615753173828,False,787,781,17.754077911376953,200
1775114956.1222248,read,k1,107.82074928283691,False,728,718,63.26103210449219,200
1775114956.1230772,write,k1,621.9279766082764,False,719,719,,201
1775114956.1247418,write,k4,623.9528656005859,False,727,727,,201
1775114956.1251142,write,k1,616.9757843017578,False,720,720,,201
1775114956.13728,read,k3,107.79285430908203,False,715,711,125.9920597076416,200
1775114956.1532009,write,k4,608.9727878570557,False,728,728,,201
1775114956.158606,write,k1,608.2630157470703,False,721,721,,201
1775114956.17048,read,k3,106.81605339050293,False,718,711,159.19113159179688,200
1775114956.173265,read,k1,106.2779426574707,False,729,721,14.658212661743164,200
1775114956.206965,read,k5,104.71606254577637,False,775,760,182.72018432617188,200
1775114956.2089841,write,k1,615.0960922241211,False,722,722,,201
1775114956.209122,write,k5,616.7027950286865,False,761,761,,201
1775114956.2092538,write,k3,616.6739463806152,False,712,712,,201
1775114956.224681,write,k3,607.9790592193604,False,713,713,,201
1775114956.228819,write,k5,606.8441867828369,False,762,762,,201
1775114956.229045,read,k4,103.69110107421875,False,731,728,75.84691047668457,200
1775114956.236566,read,k3,105.62825202941895,False,718,713,11.883974075317383,200
1775114956.2419698,read,k1,107.34701156616211,False,729,722,32.98616409301758,200
1775114956.242082,read,k4,108.6280345916748,False,732,728,88.88483047485352,200
1775114956.27057,write,k1,608.551025390625,False,723,723,,201
1775114956.2717829,write,k2,608.9730262756348,False,782,782,,201
1775114956.2815628,write,k1,608.1788539886475,False,724,724,,201
1775114956.284035,read,k4,106.09197616577148,False,732,728,130.83696365356445,200
1775114956.3115451,write,k2,633.6770057678223,False,783,783,,201
1775114956.315928,read,k1,104.78496551513672,False,731,724,34.364938735961914,200
1775114956.3300018,write,k1,606.1649322509766,False,725,725,,201
1775114956.335068,write,k5,608.4442138671875,False,763,763,,201
1775114956.3370209,read,k2,103.31010818481445,False,788,783,25.475025177001953,200
1775114956.3377988,read,k5,104.23898696899414,False,776,763,2.730131149291992,200
1775114956.341861,write,k1,604.4111251831055,False,726,726,,201
1775114956.351833,write,k5,607.2690486907959,False,764,764,,201
1775114956.352242,read,k1,104.80594635009766,False,732,726,10.380029678344727,200
1775114956.367213,write,k5,605.9367656707764,False,765,765,,201
1775114956.375394,write,k5,608.5379123687744,False,766,766,,201
1775114956.38009,write,k1,612.3428344726562,False,727,727,,201
1775114956.3804622,write,k3,611.7489337921143,False,714,714,,201
1775114956.3885162,read,k5,104.80594635009766,False,778,766,13.119935989379883,200
1775114956.4001632,read,k1,104.00199890136719,False,733,727,20.071744918823242,200
1775114956.4238122,read,k4,104.89296913146973,False,734,728,270.60770988464355,200
1775114956.440536,write,k2,609.4279289245605,False,784,784,,201
1775114956.4428642,read,k1,104.36296463012695,False,733,727,62.77179718017578,200
1775114956.4655979,write,k2,609.4930171966553,False,785,785,,201
1775114956.467268,read,k1,106.35900497436523,False,734,727,87.1737003326416,200
1775114956.4813309,read,k3,105.30877113342285,False,722,714,100.86607933044434,200
1775114956.497591,read,k4,107.27190971374512,False,736,728,344.3870544433594,200
1775114956.509753,read,k2,106.92214965820312,False,788,785,44.153690338134766,200
1775114956.5133471,write,k2,610.9960079193115,False,786,786,,201
1775114956.527725,write,k4,609.1949939727783,False,729,729,,201
1775114956.5372539,write,k5,607.778787612915,False,767,767,,201
1775114956.544068,write,k5,606.8100929260254,False,768,768,,201
1775114956.5535538,read,k2,105.51118850708008,False,788,786,40.20404815673828,200
1775114956.5566888,read,k5,105.76677322387695,False,781,768,12.620925903320312,200
1775114956.563463,write,k4,609.3831062316895,False,730,730,,201
1775114956.577347,write,k1,610.4769706726074,False,728,728,,201
1775114956.605443,write,k4,609.27414894104,False,731,731,,201
1775114956.6060421,write,k2,610.5008125305176,False,787,787,,201
1775114956.62195,write,k5,607.907772064209,False,771,771,,201
1775114956.622564,write,k5,610.6119155883789,False,769,769,,201
1775114956.623033,write,k5,610.173225402832,False,770,770,,201
1775114956.634736,write,k5,612.6749515533447,False,772,772,,201
1775114956.6352158,write,k3,613.6419773101807,False,715,715,,201
1775114956.6355999,write,k1,613.3348941802979,False,729,729,,201
1775114956.646113,read,k1,110.34917831420898,False,735,729,10.510921478271484,200
1775114956.651689,read,k4,109.74407196044922,False,739,731,46.24509811401367,200
1775114956.6615071,write,k5,610.7001304626465,False,773,773,,201
1775114956.667733,write,k3,610.2199554443359,False,716,716,,201
1775114956.6704981,write,k3,609.760046005249,False,718,718,,201
1775114956.670851,write,k5,612.7219200134277,False,774,774,,201
1775114956.671129,write,k5,611.2291812896729,False,775,775,,201
1775114956.671416,write,k3,611.9568347930908,False,717,717,,201
1775114956.672836,read,k5,110.70680618286133,False,782,775,1.7049312591552734,200
1775114956.673258,read,k4,108.51097106933594,False,740,731,67.81601905822754,200
1775114956.68936,read,k4,108.48093032836914,False,740,731,83.91594886779785,200
1775114956.720734,read,k2,111.79614067077637,False,790,787,114.68815803527832,200
1775114956.7383769,read,k2,107.8641414642334,False,790,787,132.33304023742676,200
1775114956.7390609,read,k5,108.10208320617676,False,783,775,67.92879104614258,200
1775114956.7464771,write,k4,614.7801876068115,False,732,732,,201
1775114956.76332,write,k1,615.433931350708,False,730,730,,201
1775114956.7636511,read,k1,120.69511413574219,False,735,730,0.33402442932128906,200
1775114956.763811,read,k2,119.04287338256836,False,790,787,157.77015686035156,200
1775114956.7684412,write,k2,610.9521389007568,False,788,788,,201
1775114956.777537,read,k2,103.83272171020508,False,790,788,9.094953536987305,200
1775114956.777705,write,k1,608.9127063751221,False,731,731,,201
1775114956.777854,read,k4,106.34803771972656,False,742,732,31.378746032714844,200
1775114956.777997,read,k1,105.83186149597168,False,735,731,0.29206275939941406,200
1775114956.780549,write,k5,606.5738201141357,False,776,776,,201
1775114956.783113,read,k3,107.72037506103516,False,724,718,111.69600486755371,200
1775114956.785316,read,k3,104.75897789001465,False,724,718,113.90018463134766,200
1775114956.798151,read,k3,104.80690002441406,False,726,718,126.73306465148926,200
1775114956.8229692,write,k4,610.377311706543,False,733,733,,201
1775114956.823503,write,k3,610.6510162353516,False,719,719,,201
1775114956.824554,write,k1,606.3411235809326,False,732,732,,201
1775114956.847567,write,k5,608.7110042572021,False,777,777,,201
1775114956.848172,write,k4,609.1787815093994,False,734,734,,201
1775114956.862677,write,k3,613.0013465881348,False,720,720,,201
1775114956.866354,read,k4,121.44207954406738,False,742,734,18.17917823791504,200
1775114956.8761442,read,k5,105.43179512023926,False,786,777,28.575897216796875,200
1775114956.881164,read,k5,107.14101791381836,False,786,777,33.59699249267578,200
1775114956.882407,write,k5,607.896089553833,False,778,778,,201
1775114956.8826602,write,k1,607.0361137390137,False,733,733,,201
1775114956.8854988,read,k1,103.60908508300781,False,738,733,2.8350353240966797,200
1775114956.88865,read,k5,103.80697250366211,False,786,778,6.241798400878906,200
1775114956.892321,read,k2,105.52811622619629,False,793,788,123.87681007385254,200
1775114956.9357052,write,k4,610.3458404541016,False,735,735,,201
1775114956.938124,read,k1,106.01806640625,False,738,733,55.45806884765625,200
1775114956.947479,write,k3,611.3331317901611,False,721,721,,201
1775114956.949146,write,k5,610.0730895996094,False,779,779,,201
1775114956.9657128,write,k1,614.9981021881104,False,734,734,,201
1775114956.966264,write,k3,618.9732551574707,False,722,722,,201
1775114956.966656,read,k5,107.16104507446289,False,787,779,17.50779151916504,200
1775114956.969068,write,k1,607.7399253845215,False,735,735,,201
1775114956.988687,write,k5,606.6510677337646,False,780,780,,201
1775114956.992069,write,k4,610.5930805206299,False,736,736,,201
1775114956.99392,read,k5,105.8201789855957,False,787,780,5.2337646484375,200
1775114956.999941,read,k3,107.41090774536133,False,730,722,33.675193786621094,200
1775114957.002125,read,k3,105.13782501220703,False,730,722,35.86220741271973,200
1775114957.002451,read,k3,108.08396339416504,False,730,722,36.18788719177246,200
1775114957.0027242,read,k1,107.23400115966797,False,738,735,33.65802764892578,200
1775114957.008467,write,k4,612.5619411468506,False,737,737,,201
1775114957.0466251,write,k5,610.1460456848145,False,781,781,,201
1775114957.0513952,read,k5,106.40192031860352,False,787,781,4.768610000610352,200
1775114957.058536,read,k3,106.24098777770996,False,731,722,92.2691822052002,200
1775114957.058989,read,k1,106.2479019165039,False,738,735,89.9209976196289,200
1775114957.0841742,write,k4,609.9588871002197,False,738,738,,201
1775114957.084724,write,k2,609.6739768981934,False,789,789,,201
1775114957.0917592,write,k4,608.9720726013184,False,739,739,,201
1775114957.100916,read,k1,106.38999938964844,False,738,735,131.84881210327148,200
1775114957.1101298,write,k2,607.3980331420898,False,790,790,,201
1775114957.1103842,read,k4,104.29215431213379,False,747,739,18.62502098083496,200
1775114957.113343,read,k4,104.73299026489258,False,747,739,21.584749221801758,200
1775114957.1144419,read,k3,105.37981986999512,False,735,722,148.1781005859375,200
1775114957.1167092,read,k2,105.89003562927246,False,795,790,6.577968597412109,200
1775114957.1269639,write,k5,608.4003448486328,False,782,782,,201
1775114957.139384,write,k3,616.1541938781738,False,723,723,,201
1775114957.1579561,read,k5,105.16595840454102,False,789,782,30.98893165588379,200
1775114957.166204,write,k4,619.1980838775635,False,740,740,,201
1775114957.172529,read,k5,106.66513442993164,False,789,782,45.5629825592041,200
1775114957.17855,write,k5,611.7799282073975,False,783,783,,201
1775114957.1971462,read,k4,109.37190055847168,False,747,740,30.941009521484375,200
1775114957.222645,read,k2,105.16119003295898,False,795,790,112.51187324523926,200
1775114957.223455,read,k5,107.45406150817871,False,791,783,44.90399360656738,200
1775114957.232785,write,k4,615.2417659759521,False,741,741,,201
1775114957.2390468,read,k4,107.01513290405273,False,748,741,6.262063980102539,200
1775114957.2409348,write,k4,611.3090515136719,False,742,742,,201
1775114957.2514849,write,k5,607.7191829681396,False,784,784,,201
1775114957.265884,read,k5,106.40788078308105,False,791,784,14.39809799194336,200
1775114957.272537,write,k3,614.4390106201172,False,724,724,,201
1775114957.273514,write,k5,621.0048198699951,False,785,785,,201
1775114957.2802072,write,k5,605.2498817443848,False,786,786,,201
1775114957.284697,read,k2,107.1939468383789,False,796,790,174.56388473510742,200
1775114957.28911,write,k3,607.7759265899658,False,725,725,,201
1775114957.290148,read,k2,109.29322242736816,False,796,790,180.01484870910645,200
1775114957.292065,write,k3,609.6680164337158,False,726,726,,201
1775114957.311671,read,k3,107.73396492004395,False,736,726,19.602060317993164,200
1775114957.332555,write,k2,609.8711490631104,False,791,791,,201
1775114957.344084,read,k4,104.81095314025879,False,750,742,103.14679145812988,200
1775114957.351712,read,k3,105.76391220092773,False,737,726,59.64398384094238,200
1775114957.371122,write,k2,611.069917678833,False,792,792,,201
1775114957.3731399,write,k1,625.2357959747314,False,736,736,,201
1775114957.381133,write,k1,610.7478141784668,False,737,737,,201
1775114957.381564,write,k2,607.3200702667236,False,793,793,,201
1775114957.386794,write,k1,606.194019317627,False,738,738,,201
1775114957.395442,write,k2,608.1631183624268,False,794,794,,201
1775114957.396124,read,k4,105.41200637817383,False,751,742,155.18474578857422,200
1775114957.397057,read,k1,104.82406616210938,False,742,738,10.26296615600586,200
1775114957.39884,write,k4,606.3930988311768,False,743,743,,201
1775114957.399244,write,k3,607.4118614196777,False,727,727,,201
1775114957.411675,write,k4,609.6489429473877,False,744,744,,201
1775114957.437814,write,k2,607.2709560394287,False,795,795,,201
1775114957.438433,write,k5,609.4701290130615,False,787,787,,201
1775114957.456759,read,k5,106.4310073852539,False,792,787,18.325090408325195,200
1775114957.458886,read,k5,105.05533218383789,False,792,787,20.45416831970215,200
1775114957.46834,write,k3,609.907865524292,False,728,728,,201
1775114957.475411,write,k4,607.2390079498291,False,745,745,,201
1775114957.4766872,write,k3,606.651782989502,False,729,729,,201
1775114957.485904,read,k2,107.55395889282227,False,800,795,48.08998107910156,200
1775114957.488426,write,k4,608.2580089569092,False,746,746,,201
1775114957.495459,write,k3,608.2439422607422,False,730,730,,201
1775114957.495856,read,k4,106.04691505432129,False,753,746,7.428169250488281,200
1775114957.507398,read,k2,106.2459945678711,False,800,795,69.58198547363281,200
1775114957.509821,read,k2,106.22286796569824,False,801,795,72.0071792602539,200
1775114957.5154848,read,k2,105.92412948608398,False,801,795,77.67009735107422,200
1775114957.548515,read,k1,106.02712631225586,False,744,738,161.71503067016602,200
1775114957.554153,write,k3,610.1748943328857,False,731,731,,201
1775114957.56628,read,k2,105.46183586120605,False,802,795,128.4639835357666,200
1775114957.573277,read,k5,106.30297660827637,False,793,787,134.8421573638916,200
1775114957.581773,write,k5,606.8060398101807,False,788,788,,201
1775114957.582464,write,k3,609.0996265411377,False,732,732,,201
1775114957.586431,write,k4,610.3708744049072,False,747,747,,201
1775114957.588481,write,k3,609.7478866577148,False,733,733,,201
1775114957.600495,read,k4,105.82709312438965,False,755,747,14.061927795410156,200
1775114957.6033669,write,k5,606.503963470459,False,789,789,,201
1775114957.605883,write,k3,605.8070659637451,False,734,734,,201
1775114957.606675,read,k5,106.83298110961914,False,793,789,3.3097267150878906,200
1775114957.6118872,read,k1,106.21786117553711,False,744,738,225.09098052978516,200
1775114957.61522,write,k3,607.9082489013672,False,735,735,,201
1775114957.615687,read,k2,106.85992240905762,False,803,795,177.8731346130371,200
1775114957.62305,read,k3,105.07607460021973,False,742,735,7.827043533325195,200
1775114957.665496,read,k5,108.59870910644531,False,793,789,62.12496757507324,200
1775114957.666508,read,k2,107.74922370910645,False,803,795,228.69205474853516,200
1775114957.667092,write,k1,607.9790592193604,False,739,739,,201
1775114957.677972,read,k3,106.02188110351562,False,743,735,62.751054763793945,200
1775114957.681817,write,k3,613.9991283416748,False,736,736,,201
1775114957.6972742,write,k5,605.4017543792725,False,790,790,,201
1775114957.710695,write,k1,609.4350814819336,False,740,740,,201
1775114957.715219,write,k1,606.9931983947754,False,741,741,,201
1775114957.721256,read,k5,108.37626457214355,False,795,790,23.97918701171875,200
1775114957.721937,write,k5,607.4209213256836,False,791,791,,201
1775114957.722355,read,k2,106.11987113952637,False,803,795,284.5430374145508,200
1775114957.725089,write,k1,608.8330745697021,False,742,742,,201
1775114957.72556,write,k4,607.3200702667236,False,748,748,,201
1775114957.731949,read,k3,106.1248779296875,False,745,736,50.13298988342285,200
1775114957.750667,write,k2,607.1619987487793,False,796,796,,201
1775114957.774216,read,k2,106.6739559173584,False,804,796,23.545026779174805,200
1775114957.774953,read,k3,105.1938533782959,False,745,736,93.13511848449707,200
1775114957.779778,write,k4,610.3379726409912,False,749,749,,201
1775114957.782321,read,k3,105.27372360229492,False,745,736,100.50201416015625,200
1775114957.788874,read,k5,105.35335540771484,False,795,791,66.93506240844727,200
1775114957.818066,read,k3,109.18402671813965,False,745,736,136.2459659576416,200
1775114957.825429,read,k4,107.42402076721191,False,757,749,45.65119743347168,200
1775114957.828285,read,k2,105.06391525268555,False,805,796,77.61931419372559,200
1775114957.8371048,read,k3,107.0249080657959,False,746,736,155.28583526611328,200
1775114957.839284,write,k3,610.7959747314453,False,737,737,,201
1775114957.839697,write,k4,610.1288795471191,False,750,750,,201
1775114957.85862,write,k2,609.0812683105469,False,797,797,,201
1775114957.867851,write,k2,609.5330715179443,False,798,798,,201
1775114957.871296,read,k5,111.39678955078125,False,795,791,149.35779571533203,200
1775114957.8829901,write,k3,609.2889308929443,False,738,738,,201
1775114957.888331,write,k2,612.1499538421631,False,799,799,,201
1775114957.8888042,write,k3,612.1728420257568,False,739,739,,201
1775114957.898336,read,k5,113.10005187988281,False,795,791,176.39780044555664,200
1775114957.899714,write,k4,610.4819774627686,False,751,751,,201
1775114957.906637,write,k4,607.6531410217285,False,752,752,,201
1775114957.907849,read,k5,106.81796073913574,False,795,791,185.9109401702881,200
1775114957.908185,write,k1,607.9809665679932,False,743,743,,201
1775114957.932603,write,k2,615.3242588043213,False,800,800,,201
1775114957.938485,read,k4,109.00092124938965,False,760,752,31.847238540649414,200
1775114957.948307,read,k2,110.9778881072998,False,807,800,15.702009201049805,200
1775114957.9486809,write,k5,610.8341217041016,False,792,792,,201
1775114957.9570339,read,k2,108.40010643005371,False,808,800,24.425029754638672,200
1775114957.982005,write,k5,608.7150573730469,False,793,793,,201
1775114957.983514,read,k4,117.7830696105957,False,761,752,76.87711715698242,200
1775114957.989782,read,k2,109.98892784118652,False,809,800,57.17778205871582,200
1775114957.994656,write,k4,609.8449230194092,False,753,753,,201
1775114958.0083148,write,k3,612.0522022247314,False,740,740,,201
1775114958.009443,write,k2,608.799934387207,False,801,801,,201
1775114958.010668,read,k2,105.11922836303711,False,810,801,1.2238025665283203,200
1775114958.0109398,read,k2,106.22215270996094,False,810,801,1.497030258178711,200
1775114958.013493,write,k1,606.6670417785645,False,744,744,,201
1775114958.0203772,read,k4,106.1558723449707,False,762,753,25.722265243530273,200
1775114958.02095,read,k4,107.52582550048828,False,762,753,26.296138763427734,200
1775114958.031449,write,k2,609.5516681671143,False,802,802,,201
1775114958.045781,read,k2,103.94287109375,False,810,802,14.330863952636719,200
1775114958.047605,write,k3,605.8371067047119,False,741,741,,201
1775114958.0568051,read,k3,105.96466064453125,False,747,741,9.198188781738281,200
1775114958.062624,read,k4,107.29002952575684,False,762,753,67.96622276306152,200
1775114958.0724952,read,k4,104.89916801452637,False,762,753,77.83818244934082,200
1775114958.096978,write,k4,621.3939189910889,False,754,754,,201
1775114958.09906,read,k3,108.71696472167969,False,747,741,51.45120620727539,200
1775114958.099382,write,k4,612.872838973999,False,755,755,,201
1775114958.099663,write,k3,611.077070236206,False,742,742,,201
1775114958.099841,read,k2,108.32619667053223,False,810,802,68.39299201965332,200
1775114958.099969,write,k2,619.0979480743408,False,803,803,,201
1775114958.1001039,read,k3,102.69474983215332,False,747,742,0.44083595275878906,200
1775114958.102165,read,k5,102.46992111206055,False,796,793,120.16081809997559,200
1775114958.1149151,read,k2,102.04005241394043,False,810,803,14.945030212402344,200
1775114958.1203141,read,k2,103.79409790039062,False,810,803,20.344018936157227,200
1775114958.124087,read,k1,103.6221981048584,False,752,744,110.59403419494629,200
1775114958.131892,write,k3,611.8669509887695,False,743,743,,201
1775114958.153853,read,k4,103.34515571594238,False,762,755,54.46910858154297,200
1775114958.159744,read,k1,104.43425178527832,False,754,744,146.24905586242676,200
1775114958.1614778,read,k2,102.65803337097168,False,811,803,61.507225036621094,200
1775114958.1878998,write,k4,609.0371608734131,False,756,756,,201
1775114958.197171,write,k1,609.96413230896,False,745,745,,201
1775114958.199855,write,k5,606.8861484527588,False,794,794,,201
1775114958.203583,write,k4,608.5271835327148,False,757,757,,201
1775114958.204661,read,k5,102.44488716125488,False,798,794,4.805088043212891,200
1775114958.205423,write,k5,607.0809364318848,False,795,795,,201
1775114958.208894,read,k5,103.37996482849121,False,798,795,3.4668445587158203,200
1775114958.2116091,read,k5,104.20417785644531,False,798,795,6.180763244628906,200
1775114958.2176902,read,k4,107.52177238464355,False,763,757,14.103174209594727,200
1775114958.218084,write,k3,610.1658344268799,False,744,744,,201
1775114958.218816,write,k1,607.943058013916,False,746,746,,201
1775114958.223003,write,k1,607.2049140930176,False,747,747,,201
1775114958.234782,write,k3,611.5689277648926,False,745,745,,201
1775114958.235306,write,k2,614.1839027404785,False,804,804,,201
1775114958.238167,read,k4,103.6977767944336,False,763,757,34.58094596862793,200
1775114958.242281,read,k3,103.35898399353027,False,748,745,7.49969482421875,200
1775114958.271595,read,k5,104.60710525512695,False,800,795,66.16687774658203,200
1775114958.274838,read,k4,104.74491119384766,False,763,757,71.25306129455566,200
1775114958.293611,write,k2,609.6141338348389,False,805,805,,201
1775114958.2940412,read,k3,103.5008430480957,False,748,745,59.25893783569336,200
1775114958.309056,read,k5,105.34787178039551,False,800,795,103.62792015075684,200
1775114958.315006,read,k1,106.91690444946289,False,755,747,92.00191497802734,200
1775114958.325564,read,k5,104.4318675994873,False,801,795,120.1326847076416,200
1775114958.326931,write,k3,609.576940536499,False,746,746,,201
1775114958.330003,read,k5,104.70008850097656,False,801,795,124.57585334777832,200
1775114958.331203,read,k4,104.09283638000488,False,764,757,127.61807441711426,200
1775114958.335812,write,k4,607.3989868164062,False,758,758,,201
1775114958.3363829,read,k2,107.96213150024414,False,815,805,42.77181625366211,200
1775114958.339488,write,k1,606.48512840271,False,748,748,,201
1775114958.344418,write,k1,608.7558269500732,False,749,749,,201
1775114958.346236,read,k1,104.93588447570801,False,755,749,1.8169879913330078,200
1775114958.350144,write,k4,609.8728179931641,False,759,759,,201
1775114958.3832588,read,k3,106.5068244934082,False,750,746,56.311845779418945,200
1775114958.38882,read,k1,107.44094848632812,False,755,749,44.39711570739746,200
1775114958.3894122,write,k2,611.8597984313965,False,806,806,,201
1775114958.3956742,write,k2,609.7767353057861,False,807,807,,201
1775114958.396099,write,k4,611.7911338806152,False,760,760,,201
1775114958.4100878,read,k1,105.7898998260498,False,755,749,65.66500663757324,200
1775114958.431613,read,k3,108.06393623352051,False,750,746,104.68006134033203,200
1775114958.432087,write,k3,609.6460819244385,False,747,747,,201
1775114958.438425,read,k1,106.09197616577148,False,755,749,94.00606155395508,200
1775114958.444764,read,k2,107.51581192016602,False,818,807,49.08919334411621,200
1775114958.447333,read,k5,105.42798042297363,False,804,795,241.90068244934082,200
1775114958.447694,read,k3,107.62906074523926,False,750,747,15.605926513671875,200
1775114958.449121,read,k1,104.38394546508789,False,755,749,104.70390319824219,200
1775114958.452341,write,k2,610.0320816040039,False,808,808,,201
1775114958.4527209,write,k4,607.8388690948486,False,761,761,,201
1775114958.454114,read,k5,105.89003562927246,False,804,795,248.687744140625,200
1775114958.467041,read,k1,107.02204704284668,False,755,749,122.62082099914551,200
1775114958.490689,write,k2,612.7560138702393,False,809,809,,201
1775114958.49915,write,k4,613.0962371826172,False,762,762,,201
1775114958.502203,read,k2,107.83910751342773,False,818,809,11.513948440551758,200
1775114958.5032918,write,k2,608.5047721862793,False,810,810,,201
1775114958.508855,write,k1,610.3661060333252,False,750,750,,201
1775114958.525982,read,k1,112.0607852935791,False,756,750,17.123937606811523,200
1775114958.5268679,write,k1,608.8042259216309,False,751,751,,201
1775114958.5488052,read,k1,108.63685607910156,False,757,751,21.937847137451172,200
1775114958.55539,read,k4,113.56806755065918,False,766,762,56.23817443847656,200
1775114958.559396,write,k5,613.3632659912109,False,796,796,,201
1775114958.560087,read,k4,110.78095436096191,False,766,762,60.93597412109375,200
1775114958.561304,read,k5,108.00623893737793,False,806,796,1.909017562866211,200
1775114958.5616179,read,k4,106.37998580932617,False,766,762,62.4699592590332,200
1775114958.576415,read,k3,116.62983894348145,False,750,747,144.32406425476074,200
1775114958.620297,write,k5,608.2847118377686,False,797,797,,201
1775114958.626546,write,k1,607.5730323791504,False,752,752,,201
1775114958.628552,write,k1,604.7139167785645,False,754,754,,201
1775114958.6298392,write,k1,606.3680648803711,False,753,753,,201
1775114958.6588402,write,k2,616.9331073760986,False,811,811,,201
1775114958.663263,read,k1,107.65266418457031,False,759,754,33.42485427856445,200
1775114958.673654,read,k5,107.53512382507324,False,810,797,53.35879325866699,200
1775114958.6737878,read,k3,108.34407806396484,False,751,747,241.7011260986328,200
1775114958.6789,write,k2,606.2889099121094,False,812,812,,201
1775114958.6804721,read,k1,109.0080738067627,False,759,754,50.63486099243164,200
1775114958.680609,read,k5,109.63201522827148,False,810,797,60.31489372253418,200
1775114958.70275,write,k5,622.1058368682861,False,798,798,,201
1775114958.7062159,write,k2,606.0328483581543,False,813,813,,201
1775114958.7105,write,k2,609.0528964996338,False,814,814,,201
1775114958.711309,write,k4,606.0240268707275,False,763,763,,201
1775114958.711691,write,k3,603.5730838775635,False,748,748,,201
1775114958.7300851,write,k5,606.8849563598633,False,799,799,,201
1775114958.736925,write,k1,605.5998802185059,False,755,755,,201
1775114958.7619488,read,k3,123.9159107208252,False,751,748,50.25601387023926,200
1775114958.7622678,read,k1,123.66414070129395,False,759,755,25.346040725708008,200
1775114958.766304,write,k5,606.4488887786865,False,800,800,,201
1775114958.7672791,read,k1,103.95693778991699,False,759,755,30.35593032836914,200
1775114958.782707,read,k3,104.69889640808105,False,751,748,71.0141658782959,200
1775114958.79393,read,k2,105.89385032653809,False,821,814,83.43100547790527,200
1775114958.81467,read,k4,108.23917388916016,False,769,763,103.35898399353027,200
1775114958.815094,write,k3,605.6880950927734,False,749,749,,201
1775114958.82884,write,k5,611.9232177734375,False,801,801,,201
1775114958.829209,write,k2,617.4538135528564,False,815,815,,201
1775114958.830545,write,k4,614.2678260803223,False,764,764,,201
1775114958.833817,write,k3,605.7522296905518,False,750,750,,201
1775114958.836617,read,k1,104.23707962036133,False,761,755,99.69305992126465,200
1775114958.8605142,write,k2,606.9271564483643,False,816,816,,201
1775114958.860904,write,k5,618.523120880127,False,803,803,,201
1775114958.861207,write,k5,624.4323253631592,False,802,802,,201
1775114958.880414,read,k1,105.28993606567383,False,761,755,143.48697662353516,200
1775114958.8808908,read,k3,105.12804985046387,False,754,750,47.0728874206543,200
1775114958.903689,write,k2,608.2620620727539,False,817,817,,201
1775114958.9086158,read,k3,106.14609718322754,False,755,750,74.79500770568848,200
1775114958.9222279,read,k3,105.40199279785156,False,755,750,88.40703964233398,200
1775114958.922915,write,k2,609.1101169586182,False,818,818,,201
1775114958.946537,read,k5,105.88598251342773,False,818,803,85.32285690307617,200
1775114958.951778,write,k4,618.0381774902344,False,765,765,,201
1775114958.952457,read,k1,107.14983940124512,False,761,755,215.5308723449707,200
1775114958.961113,write,k5,622.8899955749512,False,804,804,,201
1775114958.9615529,write,k5,606.2338352203369,False,805,805,,201
1775114958.96585,read,k1,104.0031909942627,False,761,755,228.9259433746338,200
1775114958.975921,read,k1,104.59399223327637,False,761,755,238.99483680725098,200
1775114958.978323,read,k3,106.3690185546875,False,756,750,144.50407028198242,200
1775114958.9946911,write,k1,608.8309288024902,False,756,756,,201
1775114958.995295,read,k4,107.68365859985352,False,771,765,43.517112731933594,200
1775114958.995701,read,k1,109.3599796295166,False,761,756,1.013040542602539,200
1775114958.999564,write,k4,607.7308654785156,False,766,766,,201
1775114959.0096262,write,k5,609.8129749298096,False,806,806,,201
1775114959.0130079,write,k2,610.5248928070068,False,819,819,,201
1775114959.024072,read,k5,105.91411590576172,False,818,806,14.444112777709961,200
1775114959.053927,write,k1,615.2908802032471,False,757,757,,201
1775114959.063212,write,k2,611.9248867034912,False,820,820,,201
1775114959.063817,write,k1,613.055944442749,False,758,758,,201
1775114959.0782049,read,k3,108.51812362670898,False,759,750,244.3850040435791,200
1775114959.078808,write,k5,613.9421463012695,False,807,807,,201
1775114959.0795362,write,k5,607.7630519866943,False,808,808,,201
1775114959.094147,read,k1,110.33082008361816,False,763,758,30.32970428466797,200
1775114959.100759,write,k1,607.8689098358154,False,759,759,,201
1775114959.109787,read,k4,105.93414306640625,False,774,766,110.22090911865234,200
1775114959.1161752,write,k4,606.7869663238525,False,768,768,,201
1775114959.1165261,write,k4,609.2202663421631,False,767,767,,201
1775114959.116821,write,k4,610.8219623565674,False,767,767,,201
1775114959.1349702,write,k5,616.5010929107666,False,809,809,,201
1775114959.141136,write,k4,608.5960865020752,False,769,769,,201
1775114959.149106,write,k3,614.3488883972168,False,751,751,,201
1775114959.1726441,write,k5,609.2498302459717,False,810,810,,201
1775114959.1757529,read,k4,109.04598236083984,False,775,769,34.613847732543945,200
1775114959.1871748,read,k2,105.89480400085449,False,825,820,123.9631175994873,200
1775114959.1958468,write,k2,609.39621925354,False,821,821,,201
1775114959.207139,read,k5,105.4849624633789,False,820,810,34.49511528015137,200
1775114959.228279,read,k3,106.37998580932617,False,763,751,79.17094230651855,200
1775114959.239043,write,k5,610.3222370147705,False,811,811,,201
1775114959.23953,write,k5,609.0390682220459,False,812,812,,201
1775114959.242938,read,k2,105.4236888885498,False,826,821,47.091007232666016,200
1775114959.256309,read,k4,107.05709457397461,False,776,769,115.16904830932617,200
1775114959.281782,write,k1,608.4568500518799,False,760,760,,201
1775114959.286412,write,k1,606.2288284301758,False,761,761,,201
1775114959.2949498,write,k3,607.4442863464355,False,752,752,,201
1775114959.298802,write,k3,610.1739406585693,False,753,753,,201
1775114959.3164349,write,k3,607.7430248260498,False,754,754,,201
1775114959.318537,read,k1,107.57994651794434,False,768,761,32.122135162353516,200
1775114959.3258922,write,k5,606.1029434204102,False,813,813,,201
1775114959.3287659,write,k5,607.891321182251,False,814,814,,201
1775114959.3317912,write,k2,610.4550361633301,False,822,822,,201
1775114959.350983,read,k3,107.60092735290527,False,764,754,34.5458984375,200
1775114959.3571131,write,k5,608.8430881500244,False,815,815,,201
1775114959.3734488,write,k4,608.3271503448486,False,770,770,,201
1775114959.37394,write,k5,608.3300113677979,False,816,816,,201
1775114959.400116,write,k3,608.504056930542,False,755,755,,201
1775114959.4006011,read,k4,109.37309265136719,False,777,770,27.15301513671875,200
1775114959.408479,read,k3,107.54632949829102,False,765,755,8.360862731933594,200
1775114959.4330392,write,k4,612.9579544067383,False,771,771,,201
1775114959.433755,read,k5,107.70702362060547,False,820,816,59.812068939208984,200
1775114959.4376802,write,k5,606.8258285522461,False,817,817,,201
1775114959.438582,read,k1,107.63907432556152,False,770,761,152.16994285583496,200
1775114959.4400792,write,k3,606.8577766418457,False,756,756,,201
1775114959.446087,read,k4,110.0761890411377,False,777,771,13.048171997070312,200
1775114959.451329,write,k5,611.3138198852539,False,818,818,,201
1775114959.464549,read,k4,107.18703269958496,False,777,771,31.510114669799805,200
1775114959.4896908,read,k5,114.44997787475586,False,820,818,38.35892677307129,200
1775114959.5087318,read,k5,105.05414009094238,False,820,818,57.39998817443848,200
1775114959.514548,write,k2,605.5490970611572,False,823,823,,201
1775114959.515558,read,k5,104.55131530761719,False,820,818,64.22805786132812,200
1775114959.5331259,write,k5,607.4340343475342,False,819,819,,201
1775114959.543964,write,k3,610.8832359313965,False,757,757,,201
1775114959.547344,read,k5,109.50517654418945,False,820,819,14.217853546142578,200
1775114959.5505102,read,k1,105.99803924560547,False,771,761,264.0979290008545,200
1775114959.560514,write,k3,607.7988147735596,False,758,758,,201
1775114959.56621,read,k3,107.47718811035156,False,767,758,5.693912506103516,200
1775114959.566716,write,k1,611.004114151001,False,762,762,,201
1775114959.569798,write,k3,613.6102676391602,False,759,759,,201
1775114959.5858061,write,k4,616.67799949646,False,772,772,,201
1775114959.589718,write,k1,616.9030666351318,False,763,763,,201
1775114959.590219,read,k4,116.49894714355469,False,778,772,4.41288948059082,200
1775114959.590685,write,k4,613.3632659912109,False,773,773,,201
1775114959.603443,read,k1,104.82478141784668,False,771,763,13.724327087402344,200
1775114959.610854,write,k4,608.5498332977295,False,774,774,,201
1775114959.613277,write,k4,607.9568862915039,False,775,775,,201
1775114959.613699,write,k3,607.0759296417236,False,760,760,,201
1775114959.618908,write,k1,605.4801940917969,False,764,764,,201
1775114959.621171,read,k4,105.30900955200195,False,778,775,7.893085479736328,200
1775114959.62417,read,k1,106.56189918518066,False,771,764,5.261898040771484,200
1775114959.624514,write,k3,609.929084777832,False,761,761,,201
1775114959.6341949,write,k2,607.3989868164062,False,824,824,,201
1775114959.638869,read,k4,113.0979061126709,False,778,775,25.59185028076172,200
1775114959.665237,read,k1,113.10386657714844,False,771,764,46.32878303527832,200
1775114959.665482,read,k3,130.14817237854004,False,767,761,40.968894958496094,200
1775114959.665647,read,k5,114.63594436645508,False,821,819,132.52496719360352,200
1775114959.668642,read,k1,106.38904571533203,False,771,764,49.733877182006836,200
1775114959.6716642,write,k3,610.821008682251,False,762,762,,201
1775114959.674575,write,k5,608.6521148681641,False,820,820,,201
1775114959.6896589,write,k1,610.0361347198486,False,765,765,,201
1775114959.689813,write,k2,609.6093654632568,False,825,825,,201
1775114959.7104461,write,k3,606.4670085906982,False,763,763,,201
1775114959.715488,read,k4,121.63996696472168,False,780,775,102.21195220947266,200
1775114959.71559,read,k4,138.7488842010498,False,780,775,102.31494903564453,200
1775114959.715693,read,k3,108.61897468566895,False,767,763,5.246877670288086,200
1775114959.715787,read,k4,120.97597122192383,False,781,775,102.51188278198242,200
1775114959.718797,read,k4,105.03196716308594,False,781,775,105.52191734313965,200
1775114959.718894,write,k4,605.9820652008057,False,776,776,,201
1775114959.72721,read,k3,106.81009292602539,False,767,763,16.763687133789062,200
1775114959.730336,read,k1,107.09595680236816,False,772,765,40.67683219909668,200
1775114959.73587,write,k1,609.3881130218506,False,766,766,,201
1775114959.7359529,write,k2,615.0670051574707,False,826,826,,201
1775114959.7588449,write,k3,607.0787906646729,False,764,764,,201
1775114959.788291,read,k3,110.41998863220215,False,770,764,29.446125030517578,200
1775114959.792762,write,k1,611.3920211791992,False,767,767,,201
1775114959.7929192,write,k2,609.6940040588379,False,827,827,,201
1775114959.79952,write,k2,606.5981388092041,False,828,828,,201
1775114959.80335,read,k4,103.75761985778809,False,784,776,84.45596694946289,200
1775114959.811448,write,k1,605.4778099060059,False,768,768,,201
1775114959.8216262,read,k5,103.8978099822998,False,824,820,147.0508575439453,200
1775114959.8433762,read,k5,104.05898094177246,False,824,820,168.80106925964355,200
1775114959.864001,write,k1,616.1439418792725,False,769,769,,201
1775114959.865867,write,k2,628.169059753418,False,829,829,,201
1775114959.865974,write,k4,617.6571846008301,False,777,777,,201
1775114959.871775,read,k2,103.14011573791504,False,840,829,5.9070587158203125,200
1775114959.871885,write,k2,607.9659461975098,False,830,830,,201
1775114959.897395,read,k5,104.17389869689941,False,824,820,222.81885147094727,200
1775114959.902129,write,k2,606.008768081665,False,831,831,,201
1775114959.902703,read,k1,103.41095924377441,False,774,769,38.70105743408203,200
1775114959.9042492,write,k3,606.5447330474854,False,765,765,,201
1775114959.906589,read,k3,105.56483268737793,False,774,765,2.3398399353027344,200
1775114959.91269,read,k3,105.18002510070801,False,774,765,8.440971374511719,200
1775114959.9129632,read,k4,105.96895217895508,False,785,777,46.98896408081055,200
1775114959.9351199,write,k1,610.482931137085,False,770,770,,201
1775114959.9678311,write,k2,630.8510303497314,False,832,832,,201
1775114959.970935,write,k2,609.0569496154785,False,833,833,,201
1775114959.9797928,read,k4,106.20307922363281,False,786,777,113.81697654724121,200
1775114959.98852,read,k1,106.21309280395508,False,775,770,53.39789390563965,200
1775114959.9906209,write,k3,614.6931648254395,False,766,766,,201
1775114960.008393,read,k3,105.45110702514648,False,774,766,17.771005630493164,200
1775114960.017184,read,k4,106.72569274902344,False,786,777,151.20792388916016,200
1775114960.017527,read,k5,107.9559326171875,False,827,820,342.94986724853516,200
1775114960.0178409,write,k4,607.4841022491455,False,778,778,,201
1775114960.042261,write,k3,607.2568893432617,False,767,767,,201
1775114960.048448,write,k5,608.2379817962646,False,821,821,,201
1775114960.0490649,read,k5,105.02386093139648,False,827,821,0.6172657012939453,200
1775114960.050993,write,k1,608.8967323303223,False,771,771,,201
1775114960.0656269,write,k2,609.083890914917,False,834,834,,201
1775114960.0994391,read,k5,105.25202751159668,False,827,821,50.98700523376465,200
1775114960.1005921,read,k5,104.15101051330566,False,827,821,52.14214324951172,200
1775114960.119168,read,k1,106.21213912963867,False,777,771,68.17102432250977,200
1775114960.1304781,read,k5,107.56969451904297,False,827,821,82.02695846557617,200
1775114960.1311228,read,k3,105.84759712219238,False,775,767,88.86122703552246,200
1775114960.158675,read,k1,106.15205764770508,False,778,771,107.6810359954834,200
1775114960.170134,write,k4,617.598295211792,False,779,779,,201
1775114960.177498,read,k1,104.66933250427246,False,779,771,126.50394439697266,200
1775114960.177948,write,k1,609.0588569641113,False,772,772,,201
1775114960.178813,write,k4,606.1739921569824,False,780,780,,201
1775114960.20539,write,k5,609.1580390930176,False,822,822,,201
1775114960.20643,write,k4,611.102819442749,False,781,781,,201
1775114960.234457,write,k4,611.8569374084473,False,782,782,,201
1775114960.2388039,write,k3,611.4633083343506,False,768,768,,201
1775114960.2421088,read,k5,105.5610179901123,False,828,822,36.721229553222656,200
1775114960.242512,write,k2,612.5352382659912,False,835,835,,201
1775114960.243387,write,k4,609.0829372406006,False,783,783,,201
1775114960.269158,write,k3,630.8460235595703,False,769,769,,201
1775114960.270388,write,k3,623.9039897918701,False,770,770,,201
1775114960.2761018,read,k3,107.85889625549316,False,776,770,5.71131706237793,200
1775114960.2778728,write,k1,605.7107448577881,False,773,773,,201
1775114960.2782452,write,k5,607.0661544799805,False,823,823,,201
1775114960.28127,write,k1,607.7389717102051,False,774,774,,201
1775114960.2843132,write,k5,608.4280014038086,False,824,824,,201
1775114960.28589,write,k2,606.8851947784424,False,836,836,,201
1775114960.2904909,read,k5,106.49609565734863,False,828,824,6.175994873046875,200
1775114960.295468,read,k1,108.74295234680176,False,780,774,14.194965362548828,200
1775114960.299011,write,k4,606.2839031219482,False,784,784,,201
1775114960.322212,read,k2,109.98797416687012,False,844,836,36.31591796875,200
1775114960.327231,write,k2,607.2089672088623,False,837,837,,201
1775114960.327873,write,k3,606.1420440673828,False,771,771,,201
1775114960.328444,write,k2,607.0389747619629,False,838,838,,201
1775114960.329634,write,k2,605.5140495300293,False,839,839,,201
1775114960.333087,write,k4,608.1609725952148,False,785,785,,201
1775114960.336468,write,k3,606.6458225250244,False,773,773,,201
1775114960.336918,write,k3,607.9871654510498,False,772,772,,201
1775114960.341037,write,k3,606.525182723999,False,774,774,,201
1775114960.3414102,read,k2,104.9201488494873,False,844,839,11.774778366088867,200
1775114960.3484118,write,k2,608.3998680114746,False,840,840,,201
1775114960.349088,read,k1,106.46915435791016,False,780,774,67.81601905822754,200
1775114960.349795,read,k3,105.55124282836914,False,777,774,8.758068084716797,200
1775114960.362199,read,k3,107.9559326171875,False,777,774,21.158933639526367,200
1775114960.3625758,read,k4,109.39502716064453,False,792,785,29.48927879333496,200
1775114960.378407,read,k2,105.54003715515137,False,844,840,29.993057250976562,200
1775114960.3904262,read,k4,108.34097862243652,False,793,785,57.33609199523926,200
1775114960.3908029,read,k3,105.67307472229004,False,777,774,49.765825271606445,200
1775114960.3988018,read,k1,104.80499267578125,False,783,774,117.52915382385254,200
1775114960.41105,read,k1,105.34882545471191,False,783,774,129.777193069458,200
1775114960.4232829,write,k1,607.9490184783936,False,775,775,,201
1775114960.434143,write,k2,605.3073406219482,False,841,841,,201
1775114960.4345322,read,k4,108.83378982543945,False,794,785,101.44424438476562,200
1775114960.441941,read,k1,104.9199104309082,False,785,775,18.657922744750977,200
1775114960.449381,read,k5,107.53726959228516,False,829,824,165.06385803222656,200
1775114960.450301,read,k1,104.68506813049316,False,786,775,27.019023895263672,200
1775114960.454993,read,k5,107.9111099243164,False,829,824,170.67885398864746,200
1775114960.457262,write,k5,607.3930263519287,False,825,825,,201
1775114960.463273,read,k5,106.35018348693848,False,829,825,6.011247634887695,200
1775114960.47666,write,k4,606.1341762542725,False,786,786,,201
1775114960.4772868,write,k5,606.5380573272705,False,826,826,,201
1775114960.4815629,write,k5,606.1787605285645,False,827,827,,201
1775114960.482081,read,k4,109.85207557678223,False,794,786,5.421876907348633,200
1775114960.493119,read,k2,105.43513298034668,False,845,841,58.974266052246094,200
1775114960.500913,read,k1,105.08513450622559,False,788,775,77.63004302978516,200
1775114960.520098,write,k4,607.6321601867676,False,787,787,,201
1775114960.5206258,write,k2,607.8941822052002,False,842,842,,201
1775114960.528089,write,k4,608.5598468780518,False,788,788,,201
1775114960.5287948,read,k5,107.0411205291748,False,830,827,47.22785949707031,200
1775114960.529512,write,k1,609.3850135803223,False,776,776,,201
1775114960.5342941,read,k1,105.88908195495605,False,788,776,4.775762557983398,200
1775114960.54537,read,k2,105.07082939147949,False,847,842,24.740934371948242,200
1775114960.560735,read,k2,105.61490058898926,False,847,842,40.10486602783203,200
1775114960.5703008,read,k1,112.87593841552734,False,788,776,40.7867431640625,200
1775114960.5708108,read,k2,112.35213279724121,False,847,842,50.18281936645508,200
1775114960.572114,read,k5,107.22208023071289,False,832,827,90.55113792419434,200
1775114960.5801868,write,k3,609.6200942993164,False,775,775,,201
1775114960.5830688,write,k1,605.0629615783691,False,777,777,,201
1775114960.5886269,read,k5,105.69405555725098,False,832,827,107.06210136413574,200
1775114960.5946681,read,k1,106.74905776977539,False,788,777,11.595726013183594,200
1775114960.595505,write,k4,609.4188690185547,False,789,789,,201
1775114960.6339478,write,k1,609.921932220459,False,778,778,,201
1775114960.63629,read,k2,105.66186904907227,False,847,842,115.6618595123291,200
1775114960.636735,read,k5,107.0551872253418,False,832,827,155.17282485961914,200
1775114960.6459572,read,k5,106.7500114440918,False,832,827,164.39294815063477,200
1775114960.649952,read,k4,105.76009750366211,False,794,789,54.445743560791016,200
1775114960.662359,write,k2,609.1420650482178,False,843,843,,201
1775114960.664991,write,k5,608.100175857544,False,828,828,,201
1775114960.6656399,write,k1,608.0541610717773,False,779,779,,201
1775114960.687669,read,k4,109.16876792907715,False,794,789,92.16189384460449,200
1775114960.718976,write,k4,608.8247299194336,False,790,790,,201
1775114960.7195451,write,k2,610.245943069458,False,844,844,,201
1775114960.7364511,write,k1,611.2110614776611,False,780,780,,201
1775114960.7538471,write,k3,619.9281215667725,False,776,776,,201
1775114960.7543669,read,k4,111.6170883178711,False,794,790,35.392045974731445,200
1775114960.76972,read,k3,118.0870532989502,False,784,776,15.870094299316406,200
1775114960.770196,read,k5,118.95489692687988,False,834,828,105.20410537719727,200
1775114960.777875,read,k4,105.95917701721191,False,794,790,58.89701843261719,200
1775114960.778377,read,k2,107.04684257507324,False,850,844,58.83193016052246,200
1775114960.784943,write,k3,608.6769104003906,False,777,777,,201
1775114960.790945,write,k4,608.7181568145752,False,791,791,,201
1775114960.8218539,write,k4,608.7453365325928,False,792,792,,201
1775114960.832559,read,k1,106.75787925720215,False,795,780,96.10700607299805,200
1775114960.8795362,read,k5,110.9921932220459,False,835,828,214.53619003295898,200
1775114960.8826292,read,k1,108.46209526062012,False,796,780,146.1780071258545,200
1775114960.897581,write,k4,619.2259788513184,False,793,793,,201
1775114960.897783,write,k1,616.17112159729,False,781,781,,201
1775114960.897929,read,k5,117.7210807800293,False,835,828,232.9390048980713,200
1775114960.898069,write,k5,611.4091873168945,False,829,829,,201
1775114960.898199,write,k1,609.2560291290283,False,783,783,,201
1775114960.898346,read,k2,119.05694007873535,False,851,844,178.8029670715332,200
1775114960.901716,write,k1,613.163948059082,False,782,782,,201
1775114960.910673,read,k3,118.74699592590332,False,786,777,125.72908401489258,200
1775114960.912513,write,k4,607.9418659210205,False,794,794,,201
1775114960.942836,write,k1,608.665943145752,False,784,784,,201
1775114960.943319,write,k1,607.7919006347656,False,785,785,,201
1775114960.9491599,read,k5,113.39807510375977,False,835,829,51.08809471130371,200
1775114960.954379,write,k1,614.1748428344727,False,786,786,,201
1775114960.954824,write,k2,617.4271106719971,False,845,845,,201
1775114960.9569752,write,k1,610.3560924530029,False,787,787,,201
1775114960.9662762,write,k1,608.4191799163818,False,788,788,,201
1775114960.967223,write,k3,611.2370491027832,False,778,778,,201
1775114960.9803689,write,k3,608.7009906768799,False,779,779,,201
1775114960.998728,read,k3,104.1252613067627,False,786,779,18.35918426513672,200
1775114961.002246,read,k4,119.01497840881348,False,795,794,89.72811698913574,200
1775114961.003961,read,k4,103.99007797241211,False,795,794,91.44806861877441,200
1775114961.006182,read,k2,105.39507865905762,False,852,845,51.35631561279297,200
1775114961.0095959,write,k2,613.149881362915,False,846,846,,201
1775114961.010377,read,k1,106.53996467590332,False,797,788,44.10290718078613,200
1775114961.013241,write,k5,606.0781478881836,False,830,830,,201
1775114961.022391,read,k5,107.99980163574219,False,836,830,9.146690368652344,200
1775114961.05551,read,k1,107.66386985778809,False,798,788,89.2329216003418,200
1775114961.057545,write,k5,611.3770008087158,False,831,831,,201
1775114961.058152,write,k2,618.7009811401367,False,847,847,,201
1775114961.0669088,write,k5,606.248140335083,False,832,832,,201
1775114961.0747468,read,k1,104.88486289978027,False,798,788,108.47115516662598,200
1775114961.084403,read,k3,111.49907112121582,False,788,779,104.0341854095459,200
1775114961.098986,write,k3,615.2489185333252,False,780,780,,201
1775114961.111729,write,k1,622.9839324951172,False,789,789,,201
1775114961.111983,write,k1,608.5920333862305,False,790,790,,201
1775114961.112214,write,k3,613.347053527832,False,781,781,,201
1775114961.1162848,read,k4,106.5511703491211,False,797,794,203.77016067504883,200
1775114961.116687,read,k1,108.08396339416504,False,799,790,4.703044891357422,200
1775114961.1197922,read,k3,107.27810859680176,False,789,781,7.57598876953125,200
1775114961.124799,read,k5,106.89187049865723,False,839,832,57.88683891296387,200
1775114961.136669,read,k2,106.28414154052734,False,854,847,78.51481437683105,200
1775114961.1451871,write,k1,608.4520816802979,False,791,791,,201
1775114961.145461,write,k3,607.9990863800049,False,782,782,,201
1775114961.162048,write,k2,608.8838577270508,False,848,848,,201
1775114961.168345,read,k5,106.47106170654297,False,841,832,101.43470764160156,200
1775114961.168621,read,k4,104.83908653259277,False,797,794,256.10804557800293,200
1775114961.1772108,write,k1,612.0419502258301,False,792,792,,201
1775114961.191606,read,k1,104.86698150634766,False,799,792,14.393806457519531,200
1775114961.198729,write,k2,619.8840141296387,False,849,849,,201
1775114961.199359,write,k5,611.9658946990967,False,833,833,,201
1775114961.199497,write,k3,621.7751502990723,False,783,783,,201
1775114961.203944,write,k1,612.083911895752,False,793,793,,201
1775114961.204337,write,k1,608.726978302002,False,794,794,,201
1775114961.2063448,write,k1,607.5882911682129,False,795,795,,201
1775114961.206883,write,k3,605.6878566741943,False,784,784,,201
1775114961.220761,read,k2,107.08999633789062,False,855,849,22.031068801879883,200
1775114961.223499,read,k5,105.34501075744629,False,842,833,24.138927459716797,200
1775114961.2236118,read,k4,104.46310043334961,False,797,794,311.10095977783203,200
1775114961.223716,read,k5,104.86602783203125,False,842,833,24.357080459594727,200
1775114961.226712,read,k5,105.08012771606445,False,842,833,27.352094650268555,200
1775114961.2268422,read,k2,106.05812072753906,False,855,849,28.11408042907715,200
1775114961.239392,read,k2,110.30197143554688,False,855,849,40.663957595825195,200
1775114961.244981,write,k5,606.8079471588135,False,834,834,,201
1775114961.24723,read,k3,105.3769588470459,False,789,784,40.3439998626709,200
1775114961.257789,write,k2,613.785982131958,False,850,850,,201
1775114961.27503,read,k2,103.8661003112793,False,855,850,17.24100112915039,200
1775114961.2751548,read,k4,104.88104820251465,False,798,794,362.6439571380615,200
1775114961.2849731,write,k5,615.4768466949463,False,835,835,,201
1775114961.307937,read,k5,105.01813888549805,False,843,835,22.96304702758789,200
1775114961.308074,write,k2,614.6321296691895,False,851,851,,201
1775114961.312015,read,k1,105.44395446777344,False,801,795,105.66926002502441,200
1775114961.317537,read,k5,105.80205917358398,False,843,835,32.56416320800781,200
1775114961.317666,read,k2,105.62372207641602,False,856,851,9.592056274414062,200
1775114961.3452742,read,k2,111.79018020629883,False,856,851,37.19902038574219,200
1775114961.3454568,read,k1,117.41089820861816,False,801,795,139.11128044128418,200
1775114961.3455942,write,k3,618.8218593597412,False,785,785,,201
1775114961.34573,read,k3,130.37109375,False,792,785,0.13494491577148438,200
1775114961.35114,read,k1,105.83901405334473,False,801,795,144.79517936706543,200
1775114961.358485,read,k4,103.92308235168457,False,799,794,445.97411155700684,200
1775114961.358588,write,k3,616.9569492340088,False,786,786,,201
1775114961.3586931,read,k3,106.44388198852539,False,793,786,0.10538101196289062,200
1775114961.367382,read,k2,103.30510139465332,False,856,851,59.30685997009277,200
1775114961.375502,write,k1,615.0577068328857,False,796,796,,201
1775114961.398048,read,k3,113.33703994750977,False,793,786,39.459228515625,200
1775114961.3996959,write,k2,612.8137111663818,False,852,852,,201
1775114961.4138439,write,k4,610.9559535980225,False,795,795,,201
1775114961.415287,read,k4,103.23500633239746,False,799,795,1.44195556640625,200
1775114961.418598,read,k1,102.6918888092041,False,802,796,43.09487342834473,200
1775114961.443105,write,k1,611.7932796478271,False,797,797,,201
1775114961.4488242,read,k4,125.58889389038086,False,800,795,34.97910499572754,200
1775114961.4550478,read,k3,105.84497451782227,False,793,786,96.45915031433105,200
1775114961.455254,read,k4,105.89194297790527,False,801,795,41.409969329833984,200
1775114961.4654138,read,k3,104.56109046936035,False,794,786,106.82439804077148,200
1775114961.468351,read,k3,103.47795486450195,False,794,786,109.76099967956543,200
1775114961.508696,write,k3,609.5218658447266,False,787,787,,201
1775114961.509419,read,k5,102.79297828674316,False,846,835,224.4410514831543,200
1775114961.509985,read,k1,104.70390319824219,False,804,797,66.8787956237793,200
1775114961.513885,write,k4,606.7368984222412,False,797,797,,201
1775114961.514085,write,k5,608.1840991973877,False,836,836,,201
1775114961.514254,write,k4,607.44309425354,False,796,796,,201
1775114961.525887,write,k1,605.0891876220703,False,798,798,,201
1775114961.53046,read,k4,108.41107368469238,False,801,797,16.203880310058594,200
1775114961.556222,write,k5,606.4739227294922,False,837,837,,201
1775114961.559268,read,k5,105.01289367675781,False,847,837,3.045320510864258,200
1775114961.562699,write,k5,605.6149005889893,False,838,838,,201
1775114961.565952,write,k3,607.1770191192627,False,788,788,,201
1775114961.566147,read,k2,103.15489768981934,False,858,852,166.44978523254395,200
1775114961.566338,write,k2,605.4849624633789,False,853,853,,201
1775114961.57514,write,k5,610.6030941009521,False,839,839,,201
1775114961.59968,write,k3,610.7420921325684,False,789,789,,201
1775114961.612923,write,k1,612.1530532836914,False,799,799,,201
1775114961.6276171,read,k4,112.20479011535645,False,803,797,113.35873603820801,200
1775114961.627994,write,k5,609.1399192810059,False,840,840,,201
1775114961.628264,read,k3,112.6410961151123,False,795,789,28.583049774169922,200
1775114961.628503,write,k2,609.158992767334,False,854,854,,201
1775114961.6287239,read,k2,117.04492568969727,False,860,854,0.21982192993164062,200
1775114961.669006,write,k5,608.4201335906982,False,841,841,,201
1775114961.681532,read,k2,117.43879318237305,False,860,854,53.0238151550293,200
1775114961.6820018,read,k1,107.27095603942871,False,807,799,69.07796859741211,200
1775114961.6823769,read,k3,117.9819107055664,False,796,789,82.69596099853516,200
1775114961.682733,write,k5,608.9949607849121,False,842,842,,201
1775114961.692575,write,k2,616.2698268890381,False,855,855,,201
1775114961.717582,write,k1,610.5029582977295,False,800,800,,201
1775114961.732277,read,k2,111.42301559448242,False,861,855,39.701223373413086,200
1775114961.732764,read,k4,123.11005592346191,False,803,797,218.5068130493164,200
1775114961.736663,read,k5,102.98705101013184,False,850,842,53.930044174194336,200
1775114961.740292,read,k5,104.79378700256348,False,850,842,57.55901336669922,200
1775114961.740552,read,k5,106.05001449584961,False,850,842,57.81912803649902,200
1775114961.76071,write,k3,607.5122356414795,False,790,790,,201
1775114961.76475,write,k1,608.7601184844971,False,801,801,,201
1775114961.770726,write,k4,605.5500507354736,False,798,798,,201
1775114961.7812579,read,k5,105.55291175842285,False,850,842,98.52099418640137,200
1775114961.792335,read,k3,106.52399063110352,False,797,790,31.623125076293945,200
1775114961.793055,read,k1,107.88488388061523,False,810,801,28.303146362304688,200
1775114961.794945,write,k2,609.9681854248047,False,856,856,,201
1775114961.7961888,read,k1,106.27293586730957,False,810,801,31.438112258911133,200
1775114961.80145,write,k5,607.3129177093506,False,843,843,,201
1775114961.810998,read,k2,108.31427574157715,False,861,856,16.051292419433594,200
1775114961.813239,write,k3,606.30202293396,False,792,792,,201
1775114961.813646,write,k3,608.361005783081,False,791,791,,201
1775114961.8406231,read,k1,105.75699806213379,False,811,801,75.87313652038574,200
1775114961.844588,read,k2,104.82501983642578,False,861,856,49.64613914489746,200
1775114961.851904,write,k5,628.0219554901123,False,844,844,,201
1775114961.852031,write,k5,624.5319843292236,False,845,845,,201
1775114961.852148,write,k3,615.7732009887695,False,793,793,,201
1775114961.852261,write,k4,617.3348426818848,False,799,799,,201
1775114961.8733702,read,k5,104.54201698303223,False,850,845,21.337032318115234,200
1775114961.873774,read,k2,103.88994216918945,False,861,856,78.83214950561523,200
1775114961.887771,write,k1,607.8212261199951,False,802,802,,201
1775114961.8991292,write,k5,609.2901229858398,False,846,846,,201
1775114961.904043,read,k1,107.28693008422852,False,814,802,16.270875930786133,200
1775114961.9061198,read,k4,109.05790328979492,False,805,799,53.85875701904297,200
1775114961.907775,read,k5,111.50622367858887,False,850,846,8.646011352539062,200
1775114961.9248059,read,k4,105.27181625366211,False,805,799,72.54409790039062,200
1775114961.931971,write,k4,610.8279228210449,False,800,800,,201
1775114961.950836,write,k1,622.7028369903564,False,803,803,,201
1775114961.9546728,read,k3,104.74276542663574,False,800,793,102.52523422241211,200
1775114961.954814,write,k3,605.3240299224854,False,794,794,,201
1775114961.9549482,write,k4,606.2560081481934,False,801,801,,201
1775114961.9740329,write,k1,606.9679260253906,False,804,804,,201
1775114961.974197,write,k3,607.3131561279297,False,795,795,,201
1775114961.990478,write,k2,611.6530895233154,False,858,858,,201
1775114961.9911401,write,k2,614.433765411377,False,857,857,,201
1775114962.004364,read,k5,105.63087463378906,False,853,846,105.23295402526855,200
1775114962.0075688,read,k1,105.07917404174805,False,815,804,33.53595733642578,200
1775114962.020576,read,k3,105.12924194335938,False,802,795,46.376943588256836,200
1775114962.023884,write,k5,605.2341461181641,False,847,847,,201
1775114962.031154,write,k1,608.9010238647461,False,805,805,,201
1775114962.0425978,read,k1,103.89113426208496,False,817,805,11.441946029663086,200
1775114962.052572,write,k4,607.5201034545898,False,802,802,,201
1775114962.064376,read,k4,103.56688499450684,False,807,802,11.802911758422852,200
1775114962.065734,read,k4,104.68196868896484,False,807,802,13.161897659301758,200
1775114962.072628,write,k2,609.3339920043945,False,859,859,,201
1775114962.0878,write,k4,620.391845703125,False,803,803,,201
1775114962.088317,write,k2,615.1571273803711,False,860,860,,201
1775114962.106146,read,k5,124.21822547912598,False,854,847,82.25297927856445,200
1775114962.108247,read,k4,107.61904716491699,False,809,803,20.44510841369629,200
1775114962.123147,read,k2,109.18807983398438,False,863,860,34.82985496520996,200
1775114962.1234188,read,k4,110.34488677978516,False,809,803,35.61902046203613,200
1775114962.13829,read,k2,107.06400871276855,False,863,860,49.9720573425293,200
1775114962.139682,read,k4,113.67917060852051,False,809,803,51.88298225402832,200
1775114962.1398542,write,k3,618.9382076263428,False,796,796,,201
1775114962.140011,write,k5,616.6770458221436,False,848,848,,201
1775114962.14017,write,k1,615.725040435791,False,806,806,,201
1775114962.1413739,write,k5,613.9860153198242,False,849,849,,201
1775114962.141533,write,k1,608.7417602539062,False,807,807,,201
1775114962.141678,read,k2,106.19807243347168,False,863,860,53.36308479309082,200
1775114962.153256,read,k1,107.39898681640625,False,818,807,11.72184944152832,200
1775114962.175333,write,k2,608.2217693328857,False,861,861,,201
1775114962.193372,write,k5,619.0929412841797,False,850,850,,201
1775114962.193642,write,k1,608.3228588104248,False,808,808,,201
1775114962.1938848,write,k3,619.3709373474121,False,797,797,,201
1775114962.205211,read,k3,108.36601257324219,False,803,797,11.324167251586914,200
1775114962.229574,read,k5,109.37380790710449,False,854,850,36.20195388793945,200
1775114962.242072,write,k1,604.8738956451416,False,809,809,,201
1775114962.246321,write,k1,607.3920726776123,False,810,810,,201
1775114962.252335,read,k3,107.53107070922852,False,804,797,58.44926834106445,200
1775114962.252508,read,k3,108.44802856445312,False,804,797,58.622121810913086,200
1775114962.252671,read,k4,106.95385932922363,False,810,803,164.8731231689453,200
1775114962.255414,read,k1,106.25505447387695,False,819,810,9.09280776977539,200
1775114962.2607539,read,k2,102.48804092407227,False,867,861,85.42490005493164,200
1775114962.2896278,read,k2,105.6818962097168,False,867,861,114.29905891418457,200
1775114962.3026712,write,k1,612.0729446411133,False,811,811,,201
1775114962.302855,read,k3,105.30686378479004,False,806,797,108.96921157836914,200
1775114962.316045,read,k4,104.48408126831055,False,811,803,228.24597358703613,200
1775114962.339714,write,k4,615.5269145965576,False,804,804,,201
1775114962.3398578,write,k3,605.7147979736328,False,798,798,,201
1775114962.3537889,write,k3,606.9469451904297,False,799,799,,201
1775114962.3539531,read,k3,104.99191284179688,False,806,799,0.16307830810546875,200
1775114962.355766,write,k1,607.7971458435059,False,812,812,,201
1775114962.3607302,read,k4,104.43782806396484,False,811,804,21.014928817749023,200
1775114962.3608441,read,k3,105.99207878112793,False,806,799,7.055044174194336,200
1775114962.362648,read,k5,104.6597957611084,False,857,850,169.27790641784668,200
1775114962.362754,read,k1,104.97283935546875,False,819,812,6.987810134887695,200
1775114962.363122,read,k5,103.51204872131348,False,857,850,169.75164413452148,200
1775114962.366401,read,k4,103.49607467651367,False,811,804,26.686906814575195,200
1775114962.387722,write,k1,613.0051612854004,False,813,813,,201
1775114962.396513,read,k4,105.26776313781738,False,811,804,56.79893493652344,200
1775114962.406867,write,k1,616.0008907318115,False,814,814,,201
1775114962.408204,write,k4,610.1169586181641,False,805,805,,201
1775114962.418793,write,k3,609.4739437103271,False,800,800,,201
1775114962.428362,write,k4,609.2722415924072,False,806,806,,201
1775114962.430728,write,k1,607.2509288787842,False,815,815,,201
1775114962.4521668,write,k2,606.3082218170166,False,862,862,,201
1775114962.4627461,write,k5,605.2539348602295,False,852,852,,201
1775114962.463234,read,k3,103.37090492248535,False,806,800,44.44122314453125,200
1775114962.466455,write,k5,611.4640235900879,False,851,851,,201
1775114962.466551,write,k4,611.4418506622314,False,807,807,,201
1775114962.466651,write,k3,612.2500896453857,False,801,801,,201
1775114962.470638,read,k2,104.20608520507812,False,870,862,18.471240997314453,200
1775114962.492481,read,k4,108.40296745300293,False,811,807,25.929927825927734,200
1775114962.49265,read,k4,108.31308364868164,False,811,807,26.098966598510742,200
1775114962.492765,read,k1,108.53695869445801,False,822,815,62.036991119384766,200
1775114962.4928792,read,k5,109.25698280334473,False,857,852,26.424169540405273,200
1775114962.498174,write,k2,616.9559955596924,False,863,863,,201
1775114962.498285,write,k5,615.9589290618896,False,853,853,,201
1775114962.4985862,read,k5,104.89702224731445,False,857,853,0.3008842468261719,200
1775114962.5141609,read,k4,107.86795616149902,False,811,807,47.61004447937012,200
1775114962.514281,read,k1,104.22611236572266,False,822,815,83.55188369750977,200
1775114962.519994,write,k1,608.3917617797852,False,816,816,,201
1775114962.520117,write,k3,608.726978302002,False,802,802,,201
1775114962.539787,read,k2,104.69508171081543,False,871,863,41.613101959228516,200
1775114962.5446389,write,k1,616.220235824585,False,817,817,,201
1775114962.565386,write,k5,610.3980541229248,False,854,854,,201
1775114962.5714371,read,k2,102.79011726379395,False,871,863,73.26197624206543,200
1775114962.5715818,read,k1,102.76103019714355,False,822,817,26.942968368530273,200
1775114962.573343,write,k4,607.731819152832,False,808,808,,201
1775114962.575297,read,k3,104.96091842651367,False,809,802,55.17911911010742,200
1775114962.605553,write,k1,610.6200218200684,False,818,818,,201
1775114962.6057951,write,k4,621.9398975372314,False,809,809,,201
1775114962.618479,read,k2,121.26374244689941,False,872,863,120.30291557312012,200
1775114962.618689,read,k1,119.01712417602539,False,823,818,13.135910034179688,200
1775114962.618865,read,k2,119.5521354675293,False,872,863,120.69010734558105,200
1775114962.6190379,read,k4,111.31477355957031,False,813,809,13.242959976196289,200
1775114962.619199,read,k1,111.33480072021484,False,823,818,13.64588737487793,200
1775114962.61937,read,k5,123.45480918884277,False,858,854,53.9851188659668,200
1775114962.619534,read,k4,121.22011184692383,False,813,809,13.73910903930664,200
1775114962.626511,read,k5,109.78913307189941,False,858,854,61.12217903137207,200
1775114962.6313632,read,k1,108.66808891296387,False,823,818,25.809049606323242,200
1775114962.6381109,read,k3,107.17296600341797,False,809,802,117.99311637878418,200
1775114962.670045,write,k2,608.109712600708,False,864,864,,201
1775114962.679751,write,k3,606.9917678833008,False,803,803,,201
1775114962.680012,write,k2,610.3308200836182,False,865,865,,201
1775114962.683806,write,k4,606.8742275238037,False,810,810,,201
1775114962.6870039,read,k1,113.95716667175293,False,824,818,81.44807815551758,200
1775114962.687284,read,k3,116.22881889343262,False,809,803,7.532835006713867,200
1775114962.689738,read,k2,106.35900497436523,False,872,865,9.724855422973633,200
1775114962.7062101,write,k3,608.4301471710205,False,804,804,,201
1775114962.713648,read,k4,105.44705390930176,False,813,810,29.841184616088867,200
1775114962.732074,write,k2,610.0242137908936,False,866,866,,201
1775114962.7323241,read,k5,111.06204986572266,False,860,854,166.93806648254395,200
1775114962.740928,read,k4,111.99212074279785,False,813,810,57.122230529785156,200
1775114962.741154,read,k2,107.54513740539551,False,872,866,9.080171585083008,200
1775114962.741358,read,k1,115.65303802490234,False,825,818,135.8051300048828,200
1775114962.74155,read,k5,116.05501174926758,False,860,854,176.1641502380371,200
1775114962.742048,read,k1,112.82992362976074,False,825,818,136.49487495422363,200
1775114962.742273,write,k1,612.3149394989014,False,819,819,,201
1775114962.742501,write,k5,616.69921875,False,855,855,,201
1775114962.767671,write,k4,620.8727359771729,False,811,811,,201
1775114962.768028,write,k3,622.1339702606201,False,805,805,,201
1775114962.76826,write,k2,618.070125579834,False,867,867,,201
1775114962.768469,write,k3,619.1239356994629,False,806,806,,201
1775114962.7877781,read,k2,105.4232120513916,False,872,867,19.516944885253906,200
1775114962.791581,read,k2,105.6509017944336,False,872,867,23.320674896240234,200
1775114962.791797,read,k3,103.7759780883789,False,813,806,23.327112197875977,200
1775114962.8030999,write,k2,608.1099510192871,False,868,868,,201
1775114962.8055182,read,k4,107.01894760131836,False,815,811,37.847042083740234,200
1775114962.81065,write,k5,605.9303283691406,False,856,856,,201
1775114962.8190458,read,k3,107.0411205291748,False,813,806,50.57406425476074,200
1775114962.829716,read,k1,105.76915740966797,False,826,819,87.44192123413086,200
1775114962.839411,write,k5,607.262134552002,False,857,857,,201
1775114962.846032,read,k1,104.35199737548828,False,826,819,103.75308990478516,200
1775114962.847549,read,k2,103.87396812438965,False,873,868,44.447898864746094,200
1775114962.849552,read,k4,102.33330726623535,False,815,811,81.88009262084961,200
1775114962.855385,read,k5,106.13894462585449,False,863,857,15.972137451171875,200
1775114962.880811,read,k5,105.04603385925293,False,863,857,41.398048400878906,200
1775114962.881166,read,k3,105.12781143188477,False,813,806,112.69521713256836,200
1775114962.882304,read,k2,105.60083389282227,False,875,868,79.20265197753906,200
1775114962.900657,read,k3,104.98785972595215,False,813,806,132.18402862548828,200
1775114962.901015,read,k5,104.88605499267578,False,863,857,61.60402297973633,200
1775114962.907573,read,k2,102.70404815673828,False,875,868,104.47168350219727,200
1775114962.911823,write,k1,607.4330806732178,False,820,820,,201
1775114962.912048,write,k1,607.8782081604004,False,820,820,,201
1775114962.935055,read,k4,102.30088233947754,False,819,811,167.38390922546387,200
1775114962.9405,write,k2,615.2987480163574,False,869,869,,201
1775114962.948307,write,k2,604.9497127532959,False,870,870,,201
1775114962.9485319,write,k1,605.9970855712891,False,821,821,,201
1775114962.954345,read,k2,102.5850772857666,False,875,870,6.036996841430664,200
1775114962.958387,read,k2,105.28278350830078,False,875,870,10.076045989990234,200
1775114962.9686909,write,k1,606.2531471252441,False,822,822,,201
1775114962.969244,write,k3,608.9048385620117,False,807,807,,201
1775114962.986627,read,k2,104.24613952636719,False,877,870,38.316965103149414,200
1775114962.99187,write,k3,624.0370273590088,False,808,808,,201
1775114963.006952,read,k4,104.12788391113281,False,819,811,239.27903175354004,200
1775114963.01536,read,k3,102.6909351348877,False,815,808,23.49090576171875,200
1775114963.017756,read,k4,104.16674613952637,False,819,811,250.08201599121094,200
1775114963.0182889,write,k3,604.4120788574219,False,809,809,,201
1775114963.022202,read,k2,104.24017906188965,False,877,870,73.89116287231445,200
1775114963.03285,write,k4,610.6231212615967,False,812,812,,201
1775114963.044737,read,k1,103.41024398803711,False,827,822,76.04694366455078,200
1775114963.0452008,write,k2,612.8740310668945,False,871,871,,201
1775114963.0487401,read,k4,103.54423522949219,False,819,812,15.893936157226562,200
1775114963.059752,read,k3,103.64222526550293,False,815,809,41.46099090576172,200
1775114963.0628648,read,k4,103.6231517791748,False,819,812,30.01689910888672,200
1775114963.069317,write,k5,611.0451221466064,False,858,858,,201
1775114963.070079,read,k2,105.20815849304199,False,878,871,24.87778663635254,200
1775114963.083641,write,k4,611.950159072876,False,813,813,,201
1775114963.0838459,write,k2,608.3390712738037,False,872,872,,201
1775114963.08398,write,k1,609.2851161956787,False,823,823,,201
1775114963.101265,read,k5,104.50601577758789,False,867,858,31.94904327392578,200
1775114963.1268978,read,k3,105.79085350036621,False,816,809,108.60800743103027,200
1775114963.1271281,write,k5,608.8571548461914,False,859,859,,201
1775114963.12729,read,k1,104.9959659576416,False,827,823,43.30921173095703,200
1775114963.132308,read,k2,103.3942699432373,False,879,872,48.46072196960449,200
1775114963.1344068,read,k3,103.02996635437012,False,816,809,116.11700057983398,200
1775114963.150838,write,k5,605.6420803070068,False,860,860,,201
1775114963.1510558,read,k2,103.65104675292969,False,879,872,67.20900535583496,200
1775114963.1698182,write,k1,616.0709857940674,False,824,824,,201
1775114963.1700659,read,k1,108.08682441711426,False,828,824,0.24890899658203125,200
1775114963.1702468,read,k2,111.53578758239746,False,879,872,86.40003204345703,200
1775114963.174419,read,k2,108.43706130981445,False,879,872,90.57068824768066,200
1775114963.176416,read,k3,104.25877571105957,False,816,809,158.1246852874756,200
1775114963.1849442,write,k1,604.02512550354,False,825,825,,201
1775114963.185187,write,k3,606.381893157959,False,810,810,,201
1775114963.1887481,read,k4,107.04207420349121,False,819,813,105.10683059692383,200
1775114963.192147,read,k3,102.81014442443848,False,816,810,6.957769393920898,200
1775114963.2260969,read,k5,118.29900741577148,False,869,860,75.25801658630371,200
1775114963.226356,write,k3,617.8278923034668,False,811,811,,201
1775114963.251263,read,k2,109.36093330383301,False,879,872,167.41466522216797,200
1775114963.25145,write,k3,626.4431476593018,False,812,812,,201
1775114963.2515688,write,k3,626.2998580932617,False,813,813,,201
1775114963.2516758,read,k3,115.14115333557129,False,818,813,0.1068115234375,200
1775114963.25182,write,k4,615.7839298248291,False,814,814,,201
1775114963.2519329,write,k4,611.3190650939941,False,815,815,,201
1775114963.260982,read,k3,104.25496101379395,False,818,813,9.411811828613281,200
1775114963.27042,read,k5,111.75298690795898,False,869,860,119.58098411560059,200
1775114963.27927,read,k5,106.58383369445801,False,869,860,128.4332275390625,200
1775114963.28491,write,k5,605.9930324554443,False,861,861,,201
1775114963.295167,write,k2,606.2371730804443,False,873,873,,201
1775114963.302619,read,k3,123.73089790344238,False,819,813,51.048994064331055,200
1775114963.302725,read,k2,123.5048770904541,False,879,873,7.558107376098633,200
1775114963.3051531,write,k1,609.1039180755615,False,826,826,,201
1775114963.312505,read,k2,113.14582824707031,False,881,873,17.338037490844727,200
1775114963.344985,write,k5,608.4070205688477,False,862,862,,201
1775114963.3493388,write,k5,606.0538291931152,False,863,863,,201
1775114963.351434,write,k2,606.1131954193115,False,874,874,,201
1775114963.353411,write,k2,607.7499389648438,False,875,875,,201
1775114963.353529,read,k5,114.49289321899414,False,870,863,4.189252853393555,200
1775114963.358371,write,k1,605.921745300293,False,827,827,,201
1775114963.360168,read,k5,101.84025764465332,False,870,863,10.828256607055664,200
1775114963.360285,read,k2,102.71811485290527,False,882,875,6.872892379760742,200
1775114963.375534,read,k5,112.05482482910156,False,870,863,26.19338035583496,200
1775114963.380726,write,k4,605.3919792175293,False,816,816,,201
1775114963.3808582,read,k5,102.71167755126953,False,870,863,31.51726722717285,200
1775114963.410603,write,k4,613.5120391845703,False,817,817,,201
1775114963.416285,read,k1,104.11691665649414,False,830,827,57.91282653808594,200
1775114963.4164531,read,k5,104.14314270019531,False,871,863,67.11220741271973,200
1775114963.4189959,write,k3,607.9649925231934,False,814,814,,201
1775114963.419163,read,k2,103.3179759979248,False,885,875,65.7510757446289,200
1775114963.4289138,write,k4,611.0711097717285,False,818,818,,201
1775114963.453461,write,k4,625.7050037384033,False,819,819,,201
1775114963.4536629,write,k5,606.0161590576172,False,864,864,,201
1775114963.4601998,write,k2,605.327844619751,False,876,876,,201
1775114963.462738,read,k4,104.57587242126465,False,824,819,9.274959564208984,200
1775114963.467239,read,k4,105.73625564575195,False,824,819,13.777017593383789,200
1775114963.467648,read,k5,103.99508476257324,False,872,864,13.984918594360352,200
1775114963.469238,read,k2,107.58495330810547,False,886,876,9.03773307800293,200
1775114963.470464,read,k3,103.52396965026855,False,820,814,51.466941833496094,200
1775114963.470871,write,k2,612.5531196594238,False,877,877,,201
1775114963.4918091,write,k5,606.3632965087891,False,865,865,,201
1775114963.4933162,write,k3,604.3519973754883,False,815,815,,201
1775114963.4969869,read,k5,106.25100135803223,False,872,865,5.177974700927734,200
1775114963.520929,read,k1,103.45673561096191,False,832,827,162.55593299865723,200
1775114963.5284102,write,k5,618.1051731109619,False,866,866,,201
1775114963.5312798,read,k4,107.03206062316895,False,824,819,77.81791687011719,200
1775114963.560878,read,k2,104.67982292175293,False,887,877,90.00277519226074,200
1775114963.56245,write,k2,606.9431304931641,False,878,878,,201
1775114963.5721412,read,k4,107.23567008972168,False,826,819,118.67785453796387,200
1775114963.573677,read,k3,103.69086265563965,False,820,815,80.35898208618164,200
1775114963.58112,write,k3,604.1760444641113,False,816,816,,201
1775114963.5813608,write,k2,604.949951171875,False,879,879,,201
1775114963.58268,read,k5,107.85317420959473,False,872,866,54.26788330078125,200
1775114963.5838451,read,k2,108.48808288574219,False,889,879,2.482891082763672,200
1775114963.594809,write,k5,606.6009998321533,False,867,867,,201
1775114963.608084,read,k2,107.02180862426758,False,889,879,26.721715927124023,200
1775114963.6083012,read,k2,106.40883445739746,False,889,879,26.939868927001953,200
1775114963.608504,read,k3,108.94536972045898,False,821,816,27.383089065551758,200
1775114963.618358,write,k5,605.8862209320068,False,868,868,,201
1775114963.629205,read,k4,102.72717475891113,False,826,819,175.74286460876465,200
1775114963.634939,read,k3,103.30700874328613,False,821,816,53.8172721862793,200
1775114963.647074,write,k1,606.83274269104,False,828,828,,201
1775114963.657695,write,k5,605.6480407714844,False,869,869,,201
1775114963.672114,read,k2,105.21721839904785,False,889,879,90.75188636779785,200
1775114963.6768289,read,k2,105.84807395935059,False,889,879,95.46685218811035,200
1775114963.6814878,read,k3,103.9280891418457,False,821,816,100.36706924438477,200
1775114963.693835,write,k4,604.8331260681152,False,820,820,,201
1775114963.695861,read,k3,104.75277900695801,False,821,816,114.74108695983887,200
1775114963.697721,write,k3,606.5430641174316,False,817,817,,201
1775114963.701013,read,k4,107.12075233459473,False,826,820,7.177114486694336,200
1775114963.739456,read,k2,111.17696762084961,False,892,879,158.09273719787598,200
1775114963.740048,read,k2,108.72483253479004,False,892,879,158.68592262268066,200
1775114963.758155,write,k4,629.7450065612793,False,821,821,,201
1775114963.758892,write,k3,625.3917217254639,False,818,818,,201
1775114963.7593348,write,k1,623.7587928771973,False,829,829,,201
1775114963.7794182,write,k3,606.997013092041,False,819,819,,201
1775114963.7906659,write,k4,606.9490909576416,False,822,822,,201
1775114963.7961211,write,k2,607.8100204467773,False,880,880,,201
1775114963.797156,write,k5,607.2890758514404,False,870,870,,201
1775114963.807362,read,k2,107.70797729492188,False,893,880,11.239767074584961,200
1775114963.810107,read,k3,106.70971870422363,False,824,819,30.689001083374023,200
1775114963.8147452,write,k2,616.7359352111816,False,881,881,,201
1775114963.854058,read,k1,111.30714416503906,False,839,829,94.71988677978516,200
1775114963.863559,write,k2,607.1991920471191,False,882,882,,201
1775114963.864047,write,k4,610.692024230957,False,823,823,,201
1775114963.8645198,write,k3,633.5842609405518,False,820,820,,201
1775114963.868781,write,k2,608.9789867401123,False,883,883,,201
1775114963.869492,read,k1,108.63709449768066,False,839,829,110.15486717224121,200
1775114963.878701,read,k2,116.61195755004883,False,893,883,9.920120239257812,200
1775114963.8793979,write,k2,611.2029552459717,False,884,884,,201
1775114963.890872,write,k2,605.1712036132812,False,885,885,,201
1775114963.8936582,read,k1,110.63504219055176,False,839,829,134.32073593139648,200
1775114963.899539,write,k5,607.377290725708,False,871,871,,201
1775114963.903327,read,k3,108.37888717651367,False,824,820,38.80429267883301,200
1775114963.9054022,write,k1,606.4438819885254,False,830,830,,201
1775114963.9083798,write,k4,602.8251647949219,False,824,824,,201
1775114963.9122748,read,k3,106.68396949768066,False,824,820,47.753095626831055,200
1775114963.9155068,read,k1,109.06815528869629,False,839,830,10.105133056640625,200
1775114963.929145,read,k4,115.62895774841309,False,830,824,20.761728286743164,200
1775114963.929451,read,k1,115.44299125671387,False,839,830,24.048805236816406,200
1775114963.960172,write,k2,609.5061302185059,False,886,886,,201
1775114963.963767,write,k5,605.7500839233398,False,872,872,,201
1775114963.967283,read,k5,106.26101493835449,False,874,872,3.5152435302734375,200
1775114963.96942,write,k1,607.6469421386719,False,831,831,,201
1775114963.982458,write,k2,604.4659614562988,False,887,887,,201
1775114963.9946308,write,k1,609.5521450042725,False,832,832,,201
1775114963.995044,read,k5,113.09218406677246,False,876,872,31.27598762512207,200
1775114964.008501,read,k5,110.37898063659668,False,876,872,44.73304748535156,200
1775114964.009886,read,k4,111.02175712585449,False,830,824,101.5019416809082,200
1775114964.01272,read,k4,105.45897483825684,False,830,824,104.33793067932129,200
1775114964.014564,read,k3,104.22015190124512,False,825,820,150.04301071166992,200
1775114964.034189,write,k1,609.7140312194824,False,833,833,,201
1775114964.034747,read,k5,107.46097564697266,False,876,872,70.97816467285156,200
1775114964.040405,write,k4,613.0270957946777,False,825,825,,201
1775114964.040864,write,k4,613.3241653442383,False,826,826,,201
1775114964.053427,write,k1,614.2218112945557,False,834,834,,201
1775114964.066934,write,k2,607.3510646820068,False,888,888,,201
1775114964.0680552,read,k5,105.24511337280273,False,878,872,104.28595542907715,200
1775114964.077834,read,k5,105.59487342834473,False,878,872,114.06517028808594,200
1775114964.07836,read,k5,108.03508758544922,False,878,872,114.5939826965332,200
1775114964.080946,write,k2,612.4639511108398,False,889,889,,201
1775114964.0908842,write,k3,612.1940612792969,False,821,821,,201
1775114964.09122,write,k1,616.1086559295654,False,835,835,,201
1775114964.101723,read,k3,108.21771621704102,False,827,821,10.838031768798828,200
1775114964.111373,read,k2,106.50801658630371,False,895,889,30.423879623413086,200
1775114964.12683,read,k3,107.83600807189941,False,828,821,35.94398498535156,200
1775114964.155379,read,k4,106.86206817626953,False,833,826,114.51125144958496,200
1775114964.155954,read,k3,108.57605934143066,False,828,821,65.07015228271484,200
1775114964.1570518,write,k1,614.199161529541,False,836,836,,201
1775114964.19037,read,k5,104.90608215332031,False,879,872,226.59897804260254,200
1775114964.1954088,write,k1,607.2120666503906,False,837,837,,201
1775114964.1959,write,k2,617.9609298706055,False,890,890,,201
1775114964.200821,write,k2,607.9130172729492,False,891,891,,201
1775114964.206167,write,k3,606.9738864898682,False,822,822,,201
1775114964.206558,read,k3,107.45811462402344,False,831,822,0.38909912109375,200
1775114964.218924,read,k3,109.28177833557129,False,831,822,12.752771377563477,200
1775114964.223312,write,k2,608.0160140991211,False,892,892,,201
1775114964.224813,write,k3,607.7291965484619,False,823,823,,201
1775114964.225186,write,k4,608.4170341491699,False,827,827,,201
1775114964.25211,write,k4,611.130952835083,False,828,828,,201
1775114964.263718,write,k1,610.5220317840576,False,838,838,,201
1775114964.266918,read,k1,106.11677169799805,False,847,838,3.2019615173339844,200
1775114964.269515,read,k1,103.83296012878418,False,847,838,5.798816680908203,200
1775114964.269995,write,k4,607.6521873474121,False,829,829,,201
1775114964.271223,read,k2,106.42600059509277,False,898,892,47.91092872619629,200
1775114964.281307,write,k3,605.5002212524414,False,824,824,,201
1775114964.29228,write,k2,607.3548793792725,False,893,893,,201
1775114964.2958982,write,k5,605.9558391571045,False,873,873,,201
1775114964.3073978,read,k1,106.33301734924316,False,848,838,43.67995262145996,200
1775114964.3098838,write,k1,606.0788631439209,False,839,839,,201
1775114964.313146,write,k5,607.3269844055176,False,874,874,,201
1775114964.3181581,read,k1,104.09212112426758,False,848,839,8.273124694824219,200
1775114964.318491,read,k3,108.57915878295898,False,832,824,37.1851921081543,200
1775114964.336111,read,k5,105.74173927307129,False,879,874,22.960901260375977,200
1775114964.3382678,read,k5,106.8112850189209,False,879,874,25.118112564086914,200
1775114964.355615,write,k4,608.9718341827393,False,830,830,,201
1775114964.383543,read,k1,108.98780822753906,False,848,839,73.65584373474121,200
1775114964.385033,write,k2,620.2151775360107,False,894,894,,201
1775114964.385398,read,k2,106.37307167053223,False,900,894,0.36597251892089844,200
1775114964.40152,read,k2,104.56705093383789,False,901,894,16.484975814819336,200
1775114964.411447,read,k5,110.80789566040039,False,880,874,98.2968807220459,200
1775114964.4253418,read,k2,108.76679420471191,False,901,894,40.307044982910156,200
1775114964.42578,read,k1,108.27374458312988,False,849,839,115.89598655700684,200
1775114964.427231,write,k1,608.400821685791,False,840,840,,201
1775114964.4275682,read,k2,106.04429244995117,False,901,894,42.53697395324707,200
1775114964.488066,write,k5,612.9648685455322,False,876,876,,201
1775114964.489275,write,k5,615.2019500732422,False,875,875,,201
1775114964.489859,write,k1,624.946117401123,False,841,841,,201
1775114964.49808,write,k1,608.422040939331,False,842,842,,201
1775114964.5005498,write,k2,624.7632503509521,False,895,895,,201
1775114964.5015502,write,k3,626.0800361633301,False,825,825,,201
1775114964.503737,read,k4,108.72006416320801,False,837,830,148.12278747558594,200
1775114964.508616,write,k1,605.1669120788574,False,843,843,,201
1775114964.511925,read,k2,106.80294036865234,False,902,895,11.373043060302734,200
1775114964.518401,write,k3,605.2489280700684,False,826,826,,201
1775114964.5282362,read,k3,107.24496841430664,False,834,826,9.83285903930664,200
1775114964.535815,read,k5,108.13474655151367,False,882,876,46.53596878051758,200
1775114964.5398169,write,k4,621.168851852417,False,831,831,,201
1775114964.540297,write,k5,609.4670295715332,False,877,877,,201
1775114964.543808,write,k5,606.8391799926758,False,878,878,,201
1775114964.544397,read,k2,109.76314544677734,False,904,895,43.84469985961914,200
1775114964.581703,write,k3,606.5599918365479,False,827,827,,201
1775114964.5977678,read,k5,105.3619384765625,False,883,878,53.95817756652832,200
1775114964.609214,write,k3,607.4309349060059,False,828,828,,201
1775114964.611584,read,k4,105.90624809265137,False,837,831,71.76399230957031,200
1775114964.612256,read,k2,108.40201377868652,False,904,895,111.70363426208496,200
1775114964.61698,read,k4,109.18903350830078,False,837,831,77.16107368469238,200
1775114964.620615,write,k4,607.489824295044,False,832,832,,201
1775114964.624258,read,k4,106.86516761779785,False,837,832,3.641843795776367,200
1775114964.629079,write,k1,609.4563007354736,False,844,844,,201
1775114964.629916,write,k4,608.0501079559326,False,833,833,,201
1775114964.64463,write,k1,606.3599586486816,False,845,845,,201
1775114964.648721,read,k2,106.03070259094238,False,907,895,148.16999435424805,200
1775114964.650632,read,k4,105.12113571166992,False,837,833,20.714998245239258,200
1775114964.650927,read,k4,106.04286193847656,False,837,833,21.010875701904297,200
1775114964.653904,read,k4,106.1410903930664,False,837,833,23.985862731933594,200
1775114964.66114,write,k3,612.0181083679199,False,829,829,,201
1775114964.669322,write,k5,607.4450016021729,False,879,879,,201
1775114964.687812,write,k3,611.9418144226074,False,830,830,,201
1775114964.6884558,write,k2,611.854076385498,False,896,896,,201
1775114964.689599,read,k5,106.41598701477051,False,885,879,20.27606964111328,200
1775114964.6930182,write,k1,608.940839767456,False,846,846,,201
1775114964.693415,write,k3,609.9529266357422,False,831,831,,201
1775114964.708163,write,k1,610.9559535980225,False,847,847,,201
1775114964.7245262,read,k3,109.02094841003418,False,836,831,31.10480308532715,200
1775114964.725246,read,k4,106.82177543640137,False,837,833,95.32904624938965,200
1775114964.726829,read,k3,106.10723495483398,False,836,831,33.412933349609375,200
1775114964.7287831,write,k2,607.9401969909668,False,897,897,,201
1775114964.737582,read,k5,111.1757755279541,False,885,879,68.25685501098633,200
1775114964.7384162,write,k2,609.3800067901611,False,898,898,,201
1775114964.739059,read,k1,109.86089706420898,False,850,847,30.89618682861328,200
1775114964.741933,read,k3,106.04190826416016,False,836,831,48.51484298706055,200
1775114964.755938,read,k3,104.92491722106934,False,836,831,62.52002716064453,200
1775114964.759687,read,k2,104.7978401184082,False,907,898,21.268844604492188,200
1775114964.769415,read,k5,106.13679885864258,False,886,879,100.09217262268066,200
1775114964.776383,read,k5,105.27825355529785,False,886,879,107.05924034118652,200
1775114964.786567,read,k5,109.70306396484375,False,886,879,117.24400520324707,200
1775114964.804476,read,k4,109.5726490020752,False,838,833,174.55792427062988,200
1775114964.8048651,write,k1,611.5579605102539,False,848,848,,201
1775114964.811473,write,k3,606.5330505371094,False,832,832,,201
1775114964.8152618,write,k2,606.5499782562256,False,899,899,,201
1775114964.824289,read,k1,105.04698753356934,False,852,848,19.42300796508789,200
1775114964.828476,write,k4,607.5730323791504,False,834,834,,201
1775114964.8305101,read,k4,103.60193252563477,False,839,834,2.0339488983154297,200
1775114964.8354602,read,k4,106.59480094909668,False,839,834,6.98399543762207,200
1775114964.8382049,write,k2,608.3309650421143,False,900,900,,201
1775114964.8424041,read,k2,108.5209846496582,False,907,900,4.19926643371582,200
1775114964.8537369,read,k3,113.4798526763916,False,837,832,42.26398468017578,200
1775114964.866477,write,k3,607.0592403411865,False,833,833,,201
1775114964.866592,read,k2,105.34930229187012,False,907,900,28.38611602783203,200
1775114964.866823,read,k3,104.35700416564941,False,838,833,0.3459453582763672,200
1775114964.875284,write,k4,607.1028709411621,False,835,835,,201
1775114964.886894,write,k5,611.4838123321533,False,880,880,,201
1775114964.88698,write,k1,609.9400520324707,False,849,849,,201
1775114964.8982458,write,k2,608.5429191589355,False,901,901,,201
1775114964.905868,read,k4,108.17885398864746,False,842,835,30.582904815673828,200
1775114964.9101062,read,k1,102.81705856323242,False,852,849,23.12493324279785,200
1775114964.914808,read,k2,104.05778884887695,False,907,901,16.562223434448242,200
1775114964.925409,write,k3,608.3579063415527,False,834,834,,201
1775114964.9332962,write,k4,605.2968502044678,False,836,836,,201
1775114964.937369,read,k4,102.81896591186523,False,843,836,4.073143005371094,200
1775114964.937448,read,k2,104.52938079833984,False,907,901,39.20102119445801,200
1775114964.950098,write,k5,607.1391105651855,False,881,881,,201
1775114964.950408,read,k3,104.76398468017578,False,843,834,24.999141693115234,200
1775114964.952559,write,k1,607.7041625976562,False,850,850,,201
1775114964.974717,read,k3,104.11381721496582,False,843,834,49.308061599731445,200
1775114964.974807,write,k4,608.0589294433594,False,837,837,,201
1775114964.98657,read,k3,104.81905937194824,False,844,834,61.161041259765625,200
1775114964.992054,write,k5,606.564998626709,False,882,882,,201
1775114965.0005271,read,k4,105.54194450378418,False,844,837,25.72011947631836,200
1775114965.003838,write,k2,607.9771518707275,False,902,902,,201
1775114965.007037,read,k5,103.15585136413574,False,889,882,14.982938766479492,200
1775114965.0227358,read,k2,106.59575462341309,False,907,902,18.897294998168945,200
1775114965.022841,read,k5,105.19790649414062,False,889,882,30.786991119384766,200
1775114965.027336,read,k1,102.08606719970703,False,854,850,74.77688789367676,200
1775114965.034423,write,k2,605.811357498169,False,903,903,,201
1775114965.040493,write,k2,606.4419746398926,False,904,904,,201
1775114965.042387,read,k4,103.424072265625,False,844,837,67.57974624633789,200
1775114965.044919,read,k5,104.9048900604248,False,889,882,52.865028381347656,200
1775114965.054278,read,k2,105.34977912902832,False,907,904,13.785123825073242,200
1775114965.058369,read,k5,105.43417930603027,False,889,882,66.3139820098877,200
1775114965.0649521,read,k1,103.90281677246094,False,855,850,112.39194869995117,200
1775114965.065095,read,k1,104.21299934387207,False,855,850,112.53595352172852,200
1775114965.0849311,read,k1,104.35676574707031,False,855,850,132.3709487915039,200
1775114965.092484,read,k5,104.51126098632812,False,889,882,100.42905807495117,200
1775114965.10538,write,k5,613.5871410369873,False,883,883,,201
1775114965.109625,write,k5,610.1410388946533,False,884,884,,201
1775114965.111378,read,k5,103.77693176269531,False,889,884,1.7516613006591797,200
1775114965.11571,read,k1,103.96385192871094,False,856,850,163.14983367919922,200
1775114965.116833,read,k1,104.0191650390625,False,856,850,164.2739772796631,200
1775114965.124748,write,k2,607.7921390533447,False,905,905,,201
1775114965.1248808,write,k3,611.9999885559082,False,835,835,,201
1775114965.136567,write,k2,610.7509136199951,False,906,906,,201
1775114965.1374762,read,k3,111.99307441711426,False,844,835,12.595891952514648,200
1775114965.13778,read,k1,109.00688171386719,False,856,850,185.21976470947266,200
1775114965.139861,write,k2,605.9679985046387,False,907,907,,201
1775114965.1429682,read,k3,103.9731502532959,False,845,835,18.086910247802734,200
1775114965.1550012,write,k5,608.8812351226807,False,885,885,,201
1775114965.158637,read,k1,109.97509956359863,False,856,850,206.07686042785645,200
1775114965.1587992,read,k3,110.31436920166016,False,845,835,33.917903900146484,200
1775114965.1777122,read,k5,105.70311546325684,False,891,885,22.710084915161133,200
1775114965.177907,read,k3,106.15682601928711,False,845,835,53.02572250366211,200
1775114965.1913679,read,k3,103.39093208312988,False,845,835,66.48683547973633,200
1775114965.206763,read,k3,104.33387756347656,False,845,835,81.87985420227051,200
1775114965.209017,write,k3,608.1349849700928,False,836,836,,201
1775114965.2336571,read,k5,111.45281791687012,False,892,885,78.64713668823242,200
1775114965.235206,read,k4,106.40096664428711,False,845,837,260.3950500488281,200
1775114965.23567,read,k5,111.73820495605469,False,892,885,80.66701889038086,200
1775114965.238347,write,k5,610.2609634399414,False,886,886,,201
1775114965.243488,read,k2,107.85388946533203,False,908,907,103.6229133605957,200
1775114965.245876,write,k4,606.9538593292236,False,838,838,,201
1775114965.249394,read,k4,105.79276084899902,False,845,838,3.51715087890625,200
1775114965.2522721,read,k3,105.35287857055664,False,847,836,43.25413703918457,200
1775114965.2564852,write,k1,604.668140411377,False,851,851,,201
1775114965.2584488,read,k5,109.8780632019043,False,892,886,20.101070404052734,200
1775114965.261457,write,k3,607.4340343475342,False,837,837,,201
1775114965.269278,read,k1,107.80072212219238,False,857,851,12.790918350219727,200
1775114965.278111,read,k5,111.23204231262207,False,893,886,39.762258529663086,200
1775114965.2863328,read,k5,106.25004768371582,False,893,886,47.98412322998047,200
1775114965.308351,write,k4,606.7788600921631,False,839,839,,201
1775114965.309023,write,k1,614.6857738494873,False,852,852,,201
1775114965.309598,write,k5,609.3161106109619,False,888,888,,201
1775114965.310192,read,k2,106.35495185852051,False,910,907,170.32814025878906,200
1775114965.310524,write,k5,610.7177734375,False,887,887,,201
1775114965.3412879,write,k4,606.7450046539307,False,840,840,,201
1775114965.343725,read,k2,106.84680938720703,False,910,907,203.8578987121582,200
1775114965.344227,read,k3,108.44588279724121,False,848,837,82.76987075805664,200
1775114965.3551738,read,k4,106.62007331848145,False,845,840,13.885974884033203,200
1775114965.356181,write,k4,608.5178852081299,False,842,842,,201
1775114965.356582,write,k4,609.3780994415283,False,841,841,,201
1775114965.3569221,write,k3,608.7429523468018,False,838,838,,201
1775114965.3707142,read,k2,106.26006126403809,False,911,907,230.8480739593506,200
1775114965.371978,read,k4,106.55379295349121,False,846,842,15.393972396850586,200
1775114965.3764522,read,k4,108.47616195678711,False,846,842,19.867897033691406,200
1775114965.3927062,write,k3,607.2838306427002,False,840,840,,201
1775114965.393134,write,k3,613.4190559387207,False,839,839,,201
1775114965.3955321,read,k3,106.2779426574707,False,850,840,2.3958683013916016,200
1775114965.395844,read,k4,108.24823379516602,False,846,842,39.2611026763916,200
1775114965.420047,write,k3,605.7629585266113,False,841,841,,201
1775114965.4213,read,k2,104.70390319824219,False,911,907,281.4352512359619,200
1775114965.421785,read,k1,106.58884048461914,False,858,852,112.7622127532959,200
1775114965.422851,read,k1,105.63492774963379,False,858,852,113.82913589477539,200
1775114965.430905,write,k3,608.269214630127,False,842,842,,201
1775114965.4390001,write,k4,608.7419986724854,False,843,843,,201
1775114965.442383,write,k5,605.0670146942139,False,889,889,,201
1775114965.448048,write,k3,606.9459915161133,False,843,843,,201
1775114965.456801,read,k3,105.99994659423828,False,852,843,8.75091552734375,200
1775114965.462017,write,k1,605.8249473571777,False,853,853,,201
1775114965.4722738,read,k5,110.11791229248047,False,895,889,29.887914657592773,200
1775114965.4726772,read,k5,109.6949577331543,False,895,889,30.293941497802734,200
1775114965.473004,read,k5,109.63010787963867,False,895,889,30.620813369750977,200
1775114965.4793532,write,k4,606.6300868988037,False,844,844,,201
1775114965.480387,write,k3,606.2030792236328,False,844,844,,201
1775114965.5063128,write,k1,609.2936992645264,False,854,854,,201
1775114965.508273,read,k2,108.91294479370117,False,914,907,368.408203125,200
1775114965.508863,read,k2,114.09473419189453,False,914,907,368.9999580383301,200
1775114965.535341,read,k2,106.83608055114746,False,914,907,395.4739570617676,200
1775114965.5366452,read,k2,107.51795768737793,False,914,907,396.78120613098145,200
1775114965.541567,read,k5,111.41300201416016,False,897,889,99.17998313903809,200
1775114965.542042,read,k2,110.66007614135742,False,914,907,402.1780490875244,200
1775114965.543596,write,k1,609.1530323028564,False,855,855,,201
1775114965.550733,read,k3,108.21700096130371,False,853,844,70.3427791595459,200
1775114965.559288,read,k1,106.61482810974121,False,858,855,15.688896179199219,200
1775114965.579665,read,k1,108.73603820800781,False,858,855,36.067962646484375,200
1775114965.5809312,read,k4,106.49704933166504,False,848,844,101.57895088195801,200
1775114965.589468,write,k2,610.8238697052002,False,908,908,,201
1775114965.606792,write,k1,608.0591678619385,False,856,856,,201
1775114965.622883,read,k1,111.67788505554199,False,859,856,16.087770462036133,200
1775114965.627129,read,k4,110.35919189453125,False,848,844,147.77612686157227,200
1775114965.629059,read,k2,109.90381240844727,False,917,908,39.591073989868164,200
1775114965.631996,write,k3,605.5121421813965,False,845,845,,201
1775114965.654714,write,k5,610.6009483337402,False,890,890,,201
1775114965.6554182,read,k4,112.75911331176758,False,848,844,176.06496810913086,200
1775114965.656636,read,k1,109.62104797363281,False,860,856,49.843788146972656,200
1775114965.664684,write,k4,606.605052947998,False,845,845,,201
1775114965.66841,write,k5,607.5711250305176,False,891,891,,201
1775114965.6954188,read,k4,107.81979560852051,False,849,845,30.73287010192871,200
1775114965.6957781,read,k5,107.28812217712402,False,898,891,27.36806869506836,200
1775114965.719118,write,k1,606.7609786987305,False,857,857,,201
1775114965.7213728,write,k5,606.1379909515381,False,892,892,,201
1775114965.731693,read,k1,114.35794830322266,False,860,857,12.573003768920898,200
1775114965.7369668,write,k3,611.9439601898193,False,846,846,,201
1775114965.739778,read,k3,115.16809463500977,False,857,846,2.8100013732910156,200
1775114965.753912,read,k4,116.26005172729492,False,849,845,89.22910690307617,200
1775114965.754772,read,k1,118.4689998626709,False,860,857,35.65478324890137,200
1775114965.755904,write,k2,614.4180297851562,False,909,909,,201
1775114965.756084,write,k3,612.6630306243896,False,847,847,,201
1775114965.762793,write,k5,604.4888496398926,False,893,893,,201
1775114965.7702029,read,k2,112.34092712402344,False,919,909,14.299154281616211,200
1775114965.770326,read,k2,108.37483406066895,False,919,909,14.422893524169922,200
1775114965.775442,read,k3,104.47001457214355,False,858,847,19.358158111572266,200
1775114965.7912042,write,k2,609.1160774230957,False,910,910,,201
1775114965.807583,read,k3,104.72321510314941,False,858,847,51.49531364440918,200
1775114965.809312,read,k3,107.87200927734375,False,858,847,53.22599411010742,200
1775114965.828715,write,k3,613.7919425964355,False,848,848,,201
1775114965.829359,read,k3,104.15816307067871,False,858,848,0.6430149078369141,200
1775114965.829778,write,k1,613.4710311889648,False,858,858,,201
1775114965.876877,write,k3,634.4687938690186,False,849,849,,201
1775114965.877048,write,k2,619.459867477417,False,911,911,,201
1775114965.877182,write,k5,633.0740451812744,False,894,894,,201
1775114965.8773272,write,k4,623.4269142150879,False,846,846,,201
1775114965.877455,read,k2,114.98379707336426,False,920,911,0.4069805145263672,200
1775114965.877579,read,k5,123.20613861083984,False,899,894,0.3972053527832031,200
1775114965.877703,write,k3,627.7680397033691,False,850,850,,201
1775114965.881444,read,k2,103.70397567749023,False,921,911,4.395008087158203,200
1775114965.8874822,write,k5,614.6180629730225,False,895,895,,201
1775114965.928374,write,k2,610.1970672607422,False,912,912,,201
1775114965.9302468,read,k3,119.0040111541748,False,859,850,52.54101753234863,200
1775114965.9306822,write,k3,609.8508834838867,False,851,851,,201
1775114965.945101,read,k3,106.26721382141113,False,860,851,14.415740966796875,200
1775114965.957974,write,k3,609.5991134643555,False,852,852,,201
1775114965.958449,write,k2,610.6970310211182,False,913,913,,201
1775114965.975002,write,k2,609.4062328338623,False,914,914,,201
1775114965.986912,read,k4,105.3929328918457,False,850,846,109.58003997802734,200
1775114965.9895139,read,k1,106.4138412475586,False,866,858,159.73305702209473,200
1775114965.9901419,read,k3,106.46510124206543,False,860,852,32.16910362243652,200
1775114965.9910169,write,k4,609.7171306610107,False,848,848,,201
1775114965.991434,write,k4,611.5100383758545,False,847,847,,201
1775114965.991777,read,k4,107.67626762390137,False,850,848,0.3418922424316406,200
1775114965.9921238,write,k3,616.5039539337158,False,853,853,,201
1775114965.99244,read,k2,108.10494422912598,False,922,914,17.438888549804688,200
1775114965.9927511,read,k5,109.90309715270996,False,901,895,105.26704788208008,200
1775114966.021991,write,k5,619.44580078125,False,896,896,,201
1775114966.0226471,write,k5,617.9778575897217,False,897,897,,201
1775114966.042346,read,k3,105.1018238067627,False,860,853,50.2169132232666,200
1775114966.042819,read,k4,107.05709457397461,False,850,848,51.38397216796875,200
1775114966.0563111,read,k4,104.90608215332031,False,850,848,64.87298011779785,200
1775114966.075388,read,k3,106.4300537109375,False,860,853,83.25672149658203,200
1775114966.077791,write,k2,622.5879192352295,False,916,916,,201
1775114966.0782678,write,k2,619.7371482849121,False,917,917,,201
1775114966.078649,write,k2,638.6029720306396,False,915,915,,201
1775114966.080804,write,k3,606.8367958068848,False,854,854,,201
1775114966.089194,write,k1,606.4131259918213,False,859,859,,201
1775114966.089634,write,k5,610.0983619689941,False,898,898,,201
1775114966.0907562,write,k3,606.3730716705322,False,855,855,,201
1775114966.091153,read,k4,108.30879211425781,False,850,848,99.7171401977539,200
1775114966.103352,read,k2,109.57598686218262,False,923,917,24.699926376342773,200
1775114966.10599,read,k5,106.19211196899414,False,903,898,16.355037689208984,200
1775114966.1063738,read,k5,111.5729808807373,False,903,898,16.740083694458008,200
1775114966.106692,read,k4,112.53190040588379,False,851,848,115.25702476501465,200
1775114966.13784,read,k5,107.03682899475098,False,903,898,48.19989204406738,200
1775114966.138634,read,k3,108.67905616760254,False,860,855,47.86992073059082,200
1775114966.150149,read,k1,105.66926002502441,False,871,859,60.95290184020996,200
1775114966.155023,read,k5,106.56619071960449,False,903,898,65.38701057434082,200
1775114966.177332,read,k2,108.37817192077637,False,924,917,98.67691993713379,200
1775114966.179517,write,k3,625.9641647338867,False,857,857,,201
1775114966.1799638,write,k4,612.0970249176025,False,849,849,,201
1775114966.18032,write,k1,640.4697895050049,False,860,860,,201
1775114966.1806378,write,k2,631.3967704772949,False,918,918,,201
1775114966.1809468,write,k3,630.0961971282959,False,856,856,,201
1775114966.189569,read,k2,106.781005859375,False,925,918,8.929014205932617,200
1775114966.190024,read,k3,106.7659854888916,False,860,857,9.077072143554688,200
1775114966.200601,read,k4,104.72512245178223,False,852,849,20.63584327697754,200
1775114966.2008169,write,k5,607.8510284423828,False,899,899,,201
1775114966.213763,read,k5,105.34119606018066,False,904,899,12.943744659423828,200
1775114966.2177038,read,k4,105.42106628417969,False,852,849,37.74070739746094,200
1775114966.2466931,read,k3,106.1398983001709,False,860,857,65.74606895446777,200
1775114966.2468638,read,k3,105.4389476776123,False,860,857,65.9182071685791,200
1775114966.246986,write,k2,612.1342182159424,False,919,919,,201
1775114966.2646332,read,k1,105.93199729919434,False,873,860,84.31315422058105,200
1775114966.273485,write,k3,608.6616516113281,False,858,858,,201
1775114966.279702,write,k1,607.9020500183105,False,861,861,,201
1775114966.289675,read,k1,106.09078407287598,False,873,861,9.971857070922852,200
1775114966.2932422,read,k2,107.79595375061035,False,927,919,46.25415802001953,200
1775114966.293366,read,k3,108.31999778747559,False,860,858,19.880056381225586,200
1775114966.293503,read,k1,106.88900947570801,False,873,861,13.799905776977539,200
1775114966.2936409,read,k2,105.1781177520752,False,927,919,46.653032302856445,200
1775114966.2937732,read,k4,105.98015785217285,False,853,849,113.80887031555176,200
1775114966.3118231,read,k3,103.9576530456543,False,860,858,38.33818435668945,200
1775114966.313674,read,k4,103.04784774780273,False,854,849,133.70966911315918,200
1775114966.331403,write,k2,607.5429916381836,False,920,920,,201
1775114966.331594,read,k4,105.15522956848145,False,855,849,151.62968635559082,200
1775114966.34913,write,k1,609.1997623443604,False,862,862,,201
1775114966.3525262,read,k5,103.98578643798828,False,906,899,151.70693397521973,200
1775114966.3752372,read,k3,104.93803024291992,False,860,858,101.74894332885742,200
1775114966.3845482,write,k5,621.6921806335449,False,900,900,,201
1775114966.3850172,write,k5,618.577241897583,False,901,901,,201
1775114966.3861089,write,k3,627.6700496673584,False,859,859,,201
1775114966.3864908,write,k1,632.472038269043,False,863,863,,201
1775114966.386921,write,k2,612.0429039001465,False,921,921,,201
1775114966.387319,write,k1,629.1210651397705,False,864,864,,201
1775114966.387684,read,k2,105.85498809814453,False,927,921,0.7610321044921875,200
1775114966.391965,write,k2,606.8150997161865,False,922,922,,201
1775114966.4000168,read,k1,104.03299331665039,False,874,864,12.695074081420898,200
1775114966.404428,read,k3,104.06184196472168,False,861,859,18.31793785095215,200
1775114966.4048152,read,k1,108.4139347076416,False,874,864,17.495155334472656,200
1775114966.409458,read,k1,106.2159538269043,False,874,864,22.138118743896484,200
1775114966.409802,write,k4,609.661340713501,False,850,850,,201
1775114966.416467,write,k1,606.9462299346924,False,865,865,,201
1775114966.42424,read,k1,107.72490501403809,False,874,865,7.77125358581543,200
1775114966.442781,write,k1,609.0080738067627,False,866,866,,201
1775114966.4433842,read,k1,105.0882339477539,False,875,866,0.6029605865478516,200
1775114966.447022,write,k3,609.4708442687988,False,860,860,,201
1775114966.460223,read,k5,103.85990142822266,False,909,901,75.20318031311035,200
1775114966.4905422,write,k5,605.0102710723877,False,902,902,,201
1775114966.494925,write,k1,608.1662178039551,False,867,867,,201
1775114966.498293,read,k5,107.24687576293945,False,909,902,7.749080657958984,200
1775114966.4989471,read,k5,108.80184173583984,False,909,902,8.407115936279297,200
1775114966.501388,read,k4,107.47194290161133,False,858,850,91.5839672088623,200
1775114966.50178,read,k4,108.21104049682617,False,858,850,91.97688102722168,200
1775114966.50287,write,k1,606.0910224914551,False,868,868,,201
1775114966.511809,read,k3,108.89697074890137,False,863,860,64.79787826538086,200
1775114966.513819,read,k4,105.09800910949707,False,859,850,104.01487350463867,200
1775114966.518351,read,k2,105.83186149597168,False,927,922,126.38425827026367,200
1775114966.52202,read,k5,106.31489753723145,False,909,902,31.4791202545166,200
1775114966.530381,read,k1,106.89187049865723,False,876,868,27.508974075317383,200
1775114966.552831,write,k1,611.8819713592529,False,869,869,,201
1775114966.5674298,write,k2,607.431173324585,False,923,923,,201
1775114966.569161,read,k3,104.39610481262207,False,864,860,122.14803695678711,200
1775114966.605082,write,k5,612.2071743011475,False,903,903,,201
1775114966.6059752,write,k4,612.5969886779785,False,851,851,,201
1775114966.609026,read,k4,109.28225517272949,False,859,851,3.050088882446289,200
1775114966.609622,write,k2,610.9609603881836,False,924,924,,201
1775114966.610259,write,k1,612.0760440826416,False,871,871,,201
1775114966.610742,write,k1,616.2228584289551,False,870,870,,201
1775114966.6118069,read,k1,108.10613632202148,False,877,871,1.0628700256347656,200
1775114966.612224,read,k4,110.0461483001709,False,859,851,6.250143051147461,200
1775114966.623223,read,k4,105.7579517364502,False,860,851,17.24696159362793,200
1775114966.68144,read,k2,106.89520835876465,False,931,924,71.81429862976074,200
1775114966.686645,write,k2,607.8813076019287,False,925,925,,201
1775114966.6949692,write,k4,610.4938983917236,False,852,852,,201
1775114966.696764,write,k1,608.806848526001,False,872,872,,201
1775114966.702765,write,k2,609.440803527832,False,926,926,,201
1775114966.703298,write,k5,606.7500114440918,False,904,904,,201
1775114966.707228,write,k2,607.4070930480957,False,927,927,,201
1775114966.7174242,write,k5,607.5961589813232,False,905,905,,201
1775114966.720486,write,k1,605.6911945343018,False,873,873,,201
1775114966.7237499,read,k4,112.87498474121094,False,861,852,28.778076171875,200
1775114966.724407,read,k2,112.08796501159668,False,931,927,17.180919647216797,200
1775114966.7258098,read,k1,111.5260124206543,False,878,873,5.323886871337891,200
1775114966.7262259,read,k5,109.27677154541016,False,913,905,8.804082870483398,200
1775114966.772224,write,k4,612.1373176574707,False,853,853,,201
1775114966.8025448,read,k1,113.03305625915527,False,881,873,82.04078674316406,200
1775114966.8032022,write,k4,610.2571487426758,False,854,854,,201
1775114966.80366,write,k5,607.9616546630859,False,906,906,,201
1775114966.817299,read,k2,108.61802101135254,False,932,927,110.06903648376465,200
1775114966.817861,read,k2,112.99014091491699,False,932,927,110.63623428344727,200
1775114966.829752,write,k4,607.8650951385498,False,855,855,,201
1775114966.831604,read,k3,109.42792892456055,False,868,860,384.59205627441406,200
1775114966.838757,read,k3,107.57613182067871,False,869,860,391.74509048461914,200
1775114966.855624,write,k1,607.3908805847168,False,874,874,,201
1775114966.863395,write,k4,609.957218170166,False,856,856,,201
1775114966.883274,read,k1,106.92000389099121,False,882,874,27.650833129882812,200
1775114966.8938491,write,k5,611.8321418762207,False,907,907,,201
1775114966.907346,write,k3,611.0899448394775,False,861,861,,201
1775114966.9077098,write,k5,611.0601425170898,False,908,908,,201
1775114966.9232461,read,k3,110.51297187805176,False,870,861,15.897750854492188,200
1775114966.924769,write,k1,608.4461212158203,False,875,875,,201
1775114966.93589,read,k5,107.74803161621094,False,915,908,28.176069259643555,200
1775114966.944803,write,k4,609.1699600219727,False,857,857,,201
1775114966.960267,write,k5,609.5700263977051,False,909,909,,201
1775114966.972023,read,k5,106.61602020263672,False,915,909,11.755943298339844,200
1775114966.97377,read,k5,107.38611221313477,False,915,909,13.503789901733398,200
1775114966.9932868,write,k1,614.0232086181641,False,876,876,,201
1775114966.997922,write,k4,609.551191329956,False,858,858,,201
1775114966.998092,read,k3,108.00909996032715,False,872,861,90.74687957763672,200
1775114967.006322,write,k4,611.3557815551758,False,859,859,,201
1775114967.006488,write,k3,608.9060306549072,False,863,863,,201
1775114967.006609,write,k3,612.4110221862793,False,862,862,,201
1775114967.0102358,read,k3,105.38411140441895,False,872,863,3.6263465881347656,200
1775114967.016642,read,k3,104.42709922790527,False,872,863,10.030269622802734,200
1775114967.016955,read,k4,105.93199729919434,False,861,859,10.631084442138672,200
1775114967.022503,write,k3,608.5071563720703,False,864,864,,201
1775114967.034627,write,k5,605.9398651123047,False,910,910,,201
1775114967.045496,read,k1,114.5029067993164,False,885,876,52.20794677734375,200
1775114967.0458298,read,k3,115.9369945526123,False,872,864,23.32592010498047,200
1775114967.059687,write,k5,610.4269027709961,False,911,911,,201
1775114967.0603461,read,k1,105.22699356079102,False,885,876,67.05594062805176,200
1775114967.060917,write,k2,610.5682849884033,False,928,928,,201
1775114967.069531,write,k1,611.5319728851318,False,877,877,,201
1775114967.074222,read,k3,104.44808006286621,False,872,864,51.718950271606445,200
1775114967.08888,read,k4,110.96787452697754,False,861,859,82.55720138549805,200
1775114967.1077151,write,k5,610.98313331604,False,912,912,,201
1775114967.1137762,read,k2,102.30016708374023,False,937,928,52.86121368408203,200
1775114967.113934,read,k2,102.91934013366699,False,937,928,53.02023887634277,200
1775114967.1199381,write,k5,609.4300746917725,False,913,913,,201
1775114967.121068,write,k2,620.6860542297363,False,929,929,,201
1775114967.121514,write,k3,611.598014831543,False,865,865,,201
1775114967.122848,write,k4,607.8677177429199,False,860,860,,201
1775114967.132571,write,k2,608.8368892669678,False,930,930,,201
1775114967.133077,write,k1,610.2368831634521,False,878,878,,201
1775114967.142915,read,k4,116.78695678710938,False,861,860,20.062923431396484,200
1775114967.1435032,read,k2,117.87104606628418,False,938,930,10.931968688964844,200
1775114967.143845,write,k3,608.0741882324219,False,866,866,,201
1775114967.173465,write,k2,609.2679500579834,False,931,931,,201
1775114967.175138,read,k1,107.6359748840332,False,887,878,42.05799102783203,200
1775114967.1813362,write,k4,607.5420379638672,False,861,861,,201
1775114967.2063649,read,k3,107.1469783782959,False,874,866,62.515974044799805,200
1775114967.234278,write,k5,618.7388896942139,False,914,914,,201
1775114967.2349691,write,k1,615.790843963623,False,880,880,,201
1775114967.235451,write,k1,620.452880859375,False,879,879,,201
1775114967.235942,write,k2,617.7389621734619,False,932,932,,201
1775114967.237144,read,k3,113.41214179992676,False,874,866,93.29581260681152,200
1775114967.240816,write,k1,606.8811416625977,False,881,881,,201
1775114967.242323,read,k3,111.36007308959961,False,874,866,98.47593307495117,200
1775114967.2426372,read,k2,108.01410675048828,False,939,932,6.695032119750977,200
1775114967.247126,read,k3,108.23488235473633,False,874,866,103.27982902526855,200
1775114967.2528489,read,k1,105.78417778015137,False,888,881,12.032032012939453,200
1775114967.256192,read,k5,104.83193397521973,False,922,914,21.914958953857422,200
1775114967.289352,read,k3,107.67316818237305,False,875,866,145.50399780273438,200
1775114967.291268,read,k5,104.51412200927734,False,922,914,56.9911003112793,200
1775114967.3024,write,k3,612.1931076049805,False,867,867,,201
1775114967.319364,write,k3,618.0379390716553,False,868,868,,201
1775114967.319956,write,k5,607.8758239746094,False,915,915,,201
1775114967.3249578,write,k2,608.7839603424072,False,933,933,,201
1775114967.335566,write,k2,609.2202663421631,False,934,934,,201
1775114967.336546,write,k1,607.6359748840332,False,882,882,,201
1775114967.33695,write,k3,607.5372695922852,False,869,869,,201
1775114967.3445702,write,k3,608.8283061981201,False,870,870,,201
1775114967.349045,read,k1,107.61713981628418,False,889,882,12.495994567871094,200
1775114967.3570318,read,k2,105.90910911560059,False,940,934,21.46601676940918,200
1775114967.405878,read,k5,105.83996772766113,False,923,915,85.91508865356445,200
1775114967.408583,read,k4,107.7120304107666,False,866,861,227.2472381591797,200
1775114967.4162712,read,k1,104.32100296020508,False,891,882,79.72073554992676,200
1775114967.424334,write,k1,614.6759986877441,False,883,883,,201
1775114967.424798,write,k1,614.3651008605957,False,884,884,,201
1775114967.4290419,write,k3,608.4411144256592,False,871,871,,201
1775114967.432508,read,k3,106.75930976867676,False,879,871,3.4661293029785156,200
1775114967.432883,read,k1,107.74421691894531,False,891,884,8.085250854492188,200
1775114967.447891,write,k1,610.7749938964844,False,885,885,,201
1775114967.448535,write,k2,609.0748310089111,False,935,935,,201
1775114967.458709,read,k3,104.66599464416504,False,882,871,29.6630859375,200
1775114967.4617338,write,k3,613.0321025848389,False,872,872,,201
1775114967.4650922,read,k2,104.3710708618164,False,942,935,16.555070877075195,200
1775114967.5179899,read,k5,105.59892654418945,False,923,915,198.0290412902832,200
1775114967.5184472,read,k1,107.3770523071289,False,892,885,70.55807113647461,200
1775114967.52803,read,k4,105.27420043945312,False,866,861,346.6942310333252,200
1775114967.535297,read,k2,105.7589054107666,False,942,935,86.7619514465332,200
1775114967.5460649,read,k3,107.32197761535645,False,883,872,84.32793617248535,200
1775114967.550105,write,k5,609.4272136688232,False,916,916,,201
1775114967.5634859,read,k2,106.93812370300293,False,942,935,114.94922637939453,200
1775114967.569432,read,k5,104.21299934387207,False,924,916,19.32692527770996,200
1775114967.578259,read,k1,105.22103309631348,False,893,885,130.3701400756836,200
1775114967.593046,write,k1,616.6660785675049,False,886,886,,201
1775114967.6060202,write,k2,607.2278022766113,False,936,936,,201
1775114967.613251,write,k2,606.374979019165,False,937,937,,201
1775114967.613887,write,k5,607.2168350219727,False,917,917,,201
1775114967.6219158,write,k1,608.1850528717041,False,887,887,,201
1775114967.622483,write,k2,608.5612773895264,False,938,938,,201
1775114967.62688,read,k2,103.93404960632324,False,943,938,4.395723342895508,200
1775114967.628267,read,k5,106.59384727478027,False,924,917,14.381170272827148,200
1775114967.635238,read,k4,105.4990291595459,False,867,861,453.9031982421875,200
1775114967.639046,write,k4,608.7832450866699,False,862,862,,201
1775114967.6488519,read,k4,106.66799545288086,False,867,862,9.804010391235352,200
1775114967.65202,write,k5,608.5729598999023,False,918,918,,201
1775114967.653772,write,k3,606.3780784606934,False,873,873,,201
1775114967.6601338,read,k5,107.2390079498291,False,924,918,8.112192153930664,200
1775114967.6616268,write,k5,608.281135559082,False,919,919,,201
1775114967.6768582,write,k3,607.9301834106445,False,874,874,,201
1775114967.678161,write,k5,609.8511219024658,False,920,920,,201
1775114967.6790972,read,k4,105.90314865112305,False,867,862,40.05074501037598,200
1775114967.693376,write,k5,608.752965927124,False,921,921,,201
1775114967.69382,write,k4,609.6301078796387,False,863,863,,201
1775114967.718216,write,k4,607.8569889068604,False,864,864,,201
1775114967.7198532,read,k2,105.82900047302246,False,944,938,97.36776351928711,200
1775114967.7280798,write,k2,606.9481372833252,False,939,939,,201
1775114967.730891,read,k5,108.27898979187012,False,925,921,37.513017654418945,200
1775114967.731303,read,k1,110.6109619140625,False,894,887,109.38811302185059,200
1775114967.738079,read,k4,106.82415962219238,False,868,864,19.864797592163086,200
1775114967.738455,read,k3,106.60123825073242,False,883,874,61.599016189575195,200
1775114967.7388,write,k4,614.0401363372803,False,865,865,,201
1775114967.7420108,write,k1,614.1479015350342,False,888,888,,201
1775114967.742358,write,k5,612.4389171600342,False,922,922,,201
1775114967.743059,read,k3,107.32698440551758,False,883,874,66.20121002197266,200
1775114967.7521439,write,k3,606.9941520690918,False,875,875,,201
1775114967.76194,read,k3,106.33182525634766,False,883,875,9.793996810913086,200
1775114967.76754,read,k3,105.72385787963867,False,883,875,15.392065048217773,200
1775114967.76913,read,k5,105.41105270385742,False,928,922,26.767969131469727,200
1775114967.788136,write,k1,608.8080406188965,False,889,889,,201
1775114967.788909,read,k5,107.1321964263916,False,928,922,46.54574394226074,200
1775114967.800688,read,k4,105.10492324829102,False,869,865,61.88082695007324,200
1775114967.818708,write,k2,609.1439723968506,False,940,940,,201
1775114967.835148,read,k4,109.12799835205078,False,869,865,96.3437557220459,200
1775114967.844414,read,k1,108.02006721496582,False,895,889,56.27703666687012,200
1775114967.8472729,write,k4,607.1639060974121,False,866,866,,201
1775114967.847733,write,k3,608.3030700683594,False,876,876,,201
1775114967.85571,write,k3,612.5357151031494,False,878,878,,201
1775114967.8562958,read,k2,111.67001724243164,False,947,940,37.587881088256836,200
1775114967.8574002,write,k3,608.0441474914551,False,879,879,,201
1775114967.857756,write,k3,616.0249710083008,False,877,877,,201
1775114967.858177,write,k5,613.8520240783691,False,923,923,,201
1775114967.8594592,read,k2,108.46900939941406,False,947,940,40.75288772583008,200
1775114967.859802,read,k3,108.40082168579102,False,884,879,2.0449161529541016,200
1775114967.861232,write,k1,609.1740131378174,False,890,890,,201
1775114967.863957,write,k1,604.3751239776611,False,891,891,,201
1775114967.871308,write,k2,608.9088916778564,False,941,941,,201
1775114967.880983,read,k3,107.96904563903809,False,885,879,23.222684860229492,200
1775114967.90548,read,k4,107.78331756591797,False,872,866,58.203935623168945,200
1775114967.9476092,read,k2,108.19101333618164,False,948,941,76.29799842834473,200
1775114967.948289,write,k3,609.9491119384766,False,881,881,,201
1775114967.948929,write,k3,615.1289939880371,False,880,880,,201
1775114967.9527109,write,k1,610.8121871948242,False,892,892,,201
1775114967.9537868,write,k2,611.2301349639893,False,942,942,,201
1775114967.9588668,read,k4,111.01269721984863,False,872,866,111.59300804138184,200
1775114967.960306,write,k3,608.7720394134521,False,882,882,,201
1775114967.9676428,read,k2,108.83498191833496,False,948,942,13.85188102722168,200
1775114967.968163,read,k4,107.47694969177246,False,873,866,120.88990211486816,200
1775114967.97531,read,k3,108.09993743896484,False,885,882,15.002965927124023,200
1775114967.976289,read,k4,106.55617713928223,False,874,866,129.01687622070312,200
1775114967.987883,read,k3,108.85500907897949,False,885,882,27.574777603149414,200
1775114968.014414,read,k1,105.10516166687012,False,900,892,61.699867248535156,200
1775114968.0365481,write,k5,608.5050106048584,False,924,924,,201
1775114968.041384,write,k3,607.2781085968018,False,883,883,,201
1775114968.050495,write,k1,611.0641956329346,False,893,893,,201
1775114968.059681,read,k5,106.56976699829102,False,932,924,23.13089370727539,200
1775114968.0601118,read,k1,108.39986801147461,False,900,893,9.61923599243164,200
1775114968.0773911,read,k2,121.41728401184082,False,951,942,123.60191345214844,200
1775114968.077653,write,k2,620.3389167785645,False,943,943,,201
1775114968.077821,read,k1,114.87913131713867,False,900,893,27.328968048095703,200
1775114968.0779579,read,k1,122.85780906677246,False,900,893,27.466297149658203,200
1775114968.078086,read,k1,114.53700065612793,False,900,893,27.593135833740234,200
1775114968.079263,read,k4,104.8738956451416,False,874,866,231.9929599761963,200
1775114968.081165,write,k4,612.5049591064453,False,867,867,,201
1775114968.095283,read,k1,105.03172874450684,False,902,893,44.79098320007324,200
1775114968.146188,read,k2,104.57015037536621,False,952,943,68.5281753540039,200
1775114968.155447,read,k4,106.48298263549805,False,876,867,74.27597045898438,200
1775114968.183282,write,k5,627.5479793548584,False,925,925,,201
1775114968.18492,read,k5,129.64797019958496,False,932,925,1.6369819641113281,200
1775114968.185121,read,k2,123.43311309814453,False,952,943,107.4681282043457,200
1775114968.185261,read,k5,123.11506271362305,False,932,925,1.9800662994384766,200
1775114968.185408,write,k2,610.8479499816895,False,944,944,,201
1775114968.19217,write,k4,607.2571277618408,False,868,868,,201
1775114968.207221,write,k1,609.8580360412598,False,894,894,,201
1775114968.237773,write,k5,610.6112003326416,False,926,926,,201
1775114968.2482922,write,k1,608.9401245117188,False,895,895,,201
1775114968.2565188,read,k4,106.05096817016602,False,877,868,64.3460750579834,200
1775114968.26002,write,k5,607.4838638305664,False,928,928,,201
1775114968.262797,write,k5,613.7099266052246,False,927,927,,201
1775114968.278296,write,k2,615.6342029571533,False,945,945,,201
1775114968.286309,write,k3,607.0818901062012,False,884,884,,201
1775114968.288615,write,k4,606.4188480377197,False,869,869,,201
1775114968.2889369,read,k1,129.91619110107422,False,904,895,40.64607620239258,200
1775114968.2903,read,k5,103.68108749389648,False,933,928,27.503013610839844,200
1775114968.297798,read,k2,105.57985305786133,False,953,945,19.503116607666016,200
1775114968.308473,write,k5,608.4492206573486,False,929,929,,201
1775114968.313809,read,k3,104.32910919189453,False,889,884,27.500152587890625,200
1775114968.338361,write,k4,611.4251613616943,False,870,870,,201
1775114968.342766,write,k4,607.9809665679932,False,871,871,,201
1775114968.34758,write,k2,608.2439422607422,False,946,946,,201
1775114968.355963,write,k1,610.9151840209961,False,897,897,,201
1775114968.356529,write,k1,612.7092838287354,False,896,896,,201
1775114968.356871,write,k2,614.4402027130127,False,947,947,,201
1775114968.368611,read,k3,107.93614387512207,False,891,884,82.29994773864746,200
1775114968.3732421,read,k4,105.79514503479004,False,878,871,30.472993850708008,200
1775114968.376919,read,k1,105.94892501831055,False,905,897,20.387887954711914,200
1775114968.385657,write,k3,620.8710670471191,False,885,885,,201
1775114968.386106,write,k2,626.6698837280273,False,948,948,,201
1775114968.386846,write,k1,615.9987449645996,False,898,898,,201
1775114968.398402,write,k4,607.170820236206,False,872,872,,201
1775114968.404587,read,k2,108.1230640411377,False,954,948,18.477678298950195,200
1775114968.412354,write,k1,608.5529327392578,False,899,899,,201
1775114968.413907,read,k5,108.20913314819336,False,935,929,105.43394088745117,200
1775114968.420806,read,k4,106.46390914916992,False,879,872,22.402048110961914,200
1775114968.422165,read,k4,105.27491569519043,False,879,872,23.762941360473633,200
1775114968.434879,write,k5,611.901044845581,False,930,930,,201
1775114968.453845,read,k3,106.04119300842285,False,892,885,68.18509101867676,200
1775114968.466125,read,k2,106.66990280151367,False,954,948,80.01470565795898,200
1775114968.4665658,read,k4,108.29591751098633,False,881,872,68.16506385803223,200
1775114968.480685,read,k4,107.26523399353027,False,881,872,82.2610855102539,200
1775114968.486588,write,k2,617.4747943878174,False,950,950,,201
1775114968.487458,write,k4,636.052131652832,False,873,873,,201
1775114968.4896379,write,k2,622.8971481323242,False,949,949,,201
1775114968.490068,write,k2,621.3412284851074,False,951,951,,201
1775114968.4907022,write,k5,630.357027053833,False,932,932,,201
1775114968.4911401,write,k4,623.5971450805664,False,874,874,,201
1775114968.491596,write,k5,635.1239681243896,False,931,931,,201
1775114968.500231,write,k1,615.2119636535645,False,900,900,,201
1775114968.5085208,read,k3,111.5870475769043,False,894,885,122.8630542755127,200
1775114968.5114932,read,k1,108.28280448913574,False,906,900,11.261940002441406,200
1775114968.521684,read,k5,105.99708557128906,False,936,932,30.08413314819336,200
1775114968.5372002,read,k1,106.89926147460938,False,907,900,36.96799278259277,200
1775114968.5881548,write,k1,618.6749935150146,False,901,901,,201
1775114968.58911,write,k2,615.4348850250244,False,952,952,,201
1775114968.5903518,write,k4,610.3429794311523,False,875,875,,201
1775114968.5906858,write,k1,609.0190410614014,False,902,902,,201
1775114968.597784,read,k1,109.5578670501709,False,907,902,7.095098495483398,200
1775114968.603888,read,k3,114.9899959564209,False,894,885,218.2309627532959,200
1775114968.6120589,read,k4,118.23797225952148,False,883,875,21.70276641845703,200
1775114968.61296,read,k4,117.49100685119629,False,884,875,22.606849670410156,200
1775114968.613374,read,k2,112.54405975341797,False,957,952,24.263858795166016,200
1775114968.6136441,read,k2,117.87104606628418,False,957,952,24.534940719604492,200
1775114968.626621,write,k4,610.5101108551025,False,876,876,,201
1775114968.62689,read,k5,118.21269989013672,False,938,932,135.29300689697266,200
1775114968.6503649,read,k1,107.26690292358398,False,907,902,59.67426300048828,200
1775114968.688083,write,k3,606.2169075012207,False,886,886,,201
1775114968.68864,write,k4,605.6509017944336,False,877,877,,201
1775114968.699348,read,k5,106.79101943969727,False,938,932,207.74602890014648,200
1775114968.70134,write,k5,614.699125289917,False,933,933,,201
1775114968.7017758,write,k1,615.6079769134521,False,903,903,,201
1775114968.7021492,write,k3,614.1550540924072,False,888,888,,201
1775114968.7024808,write,k3,616.0569190979004,False,887,887,,201
1775114968.702794,write,k2,614.6450042724609,False,953,953,,201
1775114968.7066822,read,k5,106.84418678283691,False,938,933,5.342006683349609,200
1775114968.707378,read,k2,107.0857048034668,False,958,953,4.579067230224609,200
1775114968.7102551,write,k1,609.5900535583496,False,904,904,,201
1775114968.717597,read,k5,110.09907722473145,False,938,933,16.254901885986328,200
1775114968.732679,read,k3,108.1690788269043,False,895,888,30.194997787475586,200
1775114968.733195,read,k2,109.43794250488281,False,958,953,30.40003776550293,200
1775114968.740138,read,k4,106.98318481445312,False,888,877,51.49507522583008,200
1775114968.741228,read,k4,107.24997520446777,False,888,877,52.58798599243164,200
1775114968.761069,read,k5,107.4826717376709,False,938,933,59.72576141357422,200
1775114968.79895,write,k3,611.799955368042,False,889,889,,201
1775114968.802384,write,k5,609.9820137023926,False,934,934,,201
1775114968.8063831,write,k1,610.9566688537598,False,905,905,,201
1775114968.806798,write,k4,609.0929508209229,False,878,878,,201
1775114968.814204,read,k5,109.6498966217041,False,938,934,11.816978454589844,200
1775114968.814643,read,k1,109.3759536743164,False,908,905,8.260011672973633,200
1775114968.821769,read,k4,109.95602607727051,False,890,878,14.969110488891602,200
1775114968.8261352,read,k5,113.21711540222168,False,938,934,23.751020431518555,200
1775114968.846752,read,k5,106.38904571533203,False,938,934,44.36206817626953,200
1775114968.8512828,read,k4,106.63294792175293,False,891,878,44.4798469543457,200
1775114968.853911,write,k3,609.3659400939941,False,890,890,,201
1775114968.855201,read,k1,106.50491714477539,False,909,905,48.81787300109863,200
1775114968.864866,write,k3,608.1550121307373,False,891,891,,201
1775114968.879085,read,k1,108.29901695251465,False,909,905,72.69597053527832,200
1775114968.895335,write,k3,610.5220317840576,False,892,892,,201
1775114968.904245,write,k5,608.5669994354248,False,935,935,,201
1775114968.9046662,write,k2,608.5481643676758,False,954,954,,201
1775114968.9109278,write,k4,611.0131740570068,False,879,879,,201
1775114968.9160268,read,k5,107.31196403503418,False,938,935,11.780261993408203,200
1775114968.917023,read,k4,104.83884811401367,False,892,879,6.09588623046875,200
1775114968.9370198,read,k1,106.54497146606445,False,911,905,130.63287734985352,200
1775114968.949164,write,k4,608.6399555206299,False,880,880,,201
1775114968.958595,read,k1,104.51507568359375,False,911,905,152.20880508422852,200
1775114968.9643059,write,k4,611.1791133880615,False,881,881,,201
1775114968.968493,write,k3,606.7750453948975,False,893,893,,201
1775114968.9692318,read,k3,105.84378242492676,False,901,893,0.7379055023193359,200
1775114968.986557,write,k2,607.5823307037354,False,955,955,,201
1775114968.9889102,read,k3,106.63485527038574,False,901,893,20.416975021362305,200
1775114968.998345,write,k5,611.3171577453613,False,936,936,,201
1775114968.9987578,write,k3,607.9432964324951,False,894,894,,201
1775114969.002526,write,k1,608.7460517883301,False,906,906,,201
1775114969.010785,read,k3,108.0009937286377,False,901,894,12.022018432617188,200
1775114969.017138,write,k4,607.1619987487793,False,882,882,,201
1775114969.0320451,write,k1,609.7261905670166,False,907,907,,201
1775114969.043377,write,k2,613.8741970062256,False,956,956,,201
1775114969.046517,read,k3,106.34207725524902,False,903,894,47.75285720825195,200
1775114969.050006,write,k5,608.1783771514893,False,937,937,,201
1775114969.076491,write,k2,608.4918975830078,False,957,957,,201
1775114969.081743,write,k5,617.6350116729736,False,938,938,,201
1775114969.0954602,write,k4,617.7852153778076,False,883,883,,201
1775114969.0996218,read,k5,104.3100357055664,False,938,938,17.882108688354492,200
1775114969.1030242,read,k5,106.8568229675293,False,938,938,21.284103393554688,200
1775114969.110549,read,k1,110.04114151000977,False,912,907,78.5069465637207,200
1775114969.1112251,read,k5,107.49506950378418,False,938,938,29.484033584594727,200
1775114969.112541,write,k4,618.3009147644043,False,884,884,,201
1775114969.112718,write,k4,615.6041622161865,False,885,885,,201
1775114969.1161642,read,k2,107.79213905334473,False,961,957,39.675235748291016,200
1775114969.124792,read,k2,107.51986503601074,False,961,957,48.30121994018555,200
1775114969.127865,write,k2,613.8031482696533,False,958,958,,201
1775114969.130832,write,k4,616.2319183349609,False,886,886,,201
1775114969.1312928,write,k3,608.1027984619141,False,895,895,,201
1775114969.155503,read,k2,105.31377792358398,False,961,958,27.632951736450195,200
1775114969.185575,read,k3,106.38165473937988,False,906,895,54.2759895324707,200
1775114969.199082,read,k2,105.55005073547363,False,962,958,71.21419906616211,200
1775114969.200744,write,k4,607.4647903442383,False,887,887,,201
1775114969.202861,read,k4,104.84504699707031,False,898,887,2.1178722381591797,200
1775114969.203267,write,k4,606.9769859313965,False,888,888,,201
1775114969.2083452,read,k4,105.60297966003418,False,898,888,5.077123641967773,200
1775114969.218087,read,k1,107.46121406555176,False,913,907,186.04207038879395,200
1775114969.22112,read,k3,106.13203048706055,False,906,895,89.82396125793457,200
1775114969.221633,read,k1,106.01592063903809,False,913,907,189.5899772644043,200
1775114969.2301068,read,k2,106.91189765930176,False,962,958,102.24008560180664,200
1775114969.2330492,write,k1,610.2209091186523,False,908,908,,201
1775114969.233545,write,k3,609.3699932098389,False,896,896,,201
1775114969.235944,read,k4,107.21898078918457,False,898,888,32.67621994018555,200
1775114969.238849,read,k3,104.72798347473145,False,906,896,5.302906036376953,200
1775114969.239601,read,k1,106.41884803771973,False,914,908,6.554126739501953,200
1775114969.246455,read,k4,107.64002799987793,False,898,888,43.18499565124512,200
1775114969.265045,read,k1,105.81707954406738,False,914,908,31.99601173400879,200
1775114969.305855,write,k3,610.0418567657471,False,897,897,,201
1775114969.306707,write,k4,609.3738079071045,False,889,889,,201
1775114969.313044,write,k4,608.9401245117188,False,890,890,,201
1775114969.3159502,read,k4,105.19719123840332,False,898,890,2.9058456420898438,200
1775114969.318374,write,k3,612.4746799468994,False,898,898,,201
1775114969.3244212,write,k3,613.3449077606201,False,900,900,,201
1775114969.32488,write,k4,610.9521389007568,False,891,891,,201
1775114969.325396,write,k3,617.178201675415,False,899,899,,201
1775114969.334035,read,k2,107.16414451599121,False,963,958,206.1629295349121,200
1775114969.3344991,write,k1,607.111930847168,False,909,909,,201
1775114969.340375,read,k5,108.99710655212402,False,942,938,258.63194465637207,200
1775114969.345104,read,k4,106.1549186706543,False,901,891,20.22099494934082,200
1775114969.345454,write,k2,610.0609302520752,False,959,959,,201
1775114969.4155672,write,k4,605.8571338653564,False,892,892,,201
1775114969.419486,write,k1,607.6557636260986,False,910,910,,201
1775114969.420275,read,k3,108.58297348022461,False,908,900,94.87724304199219,200
1775114969.431073,write,k4,610.0528240203857,False,893,893,,201
1775114969.431681,read,k4,114.12620544433594,False,905,893,0.6079673767089844,200
1775114969.432173,write,k2,611.7191314697266,False,960,960,,201
1775114969.432584,read,k4,110.5189323425293,False,905,893,1.5132427215576172,200
1775114969.433334,write,k1,607.0809364318848,False,911,911,,201
1775114969.433944,read,k2,106.0328483581543,False,964,960,1.7697811126708984,200
1775114969.434815,read,k3,108.00695419311523,False,909,900,109.41791534423828,200
1775114969.447212,read,k5,107.4368953704834,False,943,938,365.46802520751953,200
1775114969.4589078,read,k1,109.32374000549316,False,915,911,25.571107864379883,200
1775114969.459372,read,k3,110.25500297546387,False,910,900,133.97502899169922,200
1775114969.459892,read,k2,108.66308212280273,False,964,960,27.71782875061035,200
1775114969.462187,write,k3,610.2559566497803,False,901,901,,201
1775114969.469735,write,k4,608.100175857544,False,894,894,,201
1775114969.4769049,write,k4,609.6081733703613,False,895,895,,201
1775114969.519968,write,k3,608.3419322967529,False,902,902,,201
1775114969.520689,write,k4,611.3600730895996,False,896,896,,201
1775114969.52284,write,k4,606.6799163818359,False,897,897,,201
1775114969.542923,write,k3,618.2289123535156,False,903,903,,201
1775114969.543465,write,k1,618.1509494781494,False,912,912,,201
1775114969.543862,read,k4,121.36411666870117,False,906,897,21.019697189331055,200
1775114969.5441961,read,k5,121.04916572570801,False,943,938,462.45503425598145,200
1775114969.544526,read,k5,109.63988304138184,False,943,938,462.785005569458,200
1775114969.547591,read,k2,106.30297660827637,False,964,960,115.4170036315918,200
1775114969.548192,read,k2,106.24194145202637,False,964,960,116.01877212524414,200
1775114969.548463,read,k1,107.73086547851562,False,917,912,4.997968673706055,200
1775114969.566472,write,k3,609.262228012085,False,904,904,,201
1775114969.579107,read,k2,109.23004150390625,False,964,960,146.92974090576172,200
1775114969.579781,read,k1,114.57991600036621,False,917,912,36.31401062011719,200
1775114969.58018,read,k2,115.63324928283691,False,964,960,148.00572395324707,200
1775114969.580544,write,k2,616.0929203033447,False,961,961,,201
1775114969.5849118,write,k4,613.2907867431641,False,898,898,,201
1775114969.587472,write,k3,612.7440929412842,False,905,905,,201
1775114969.587936,write,k3,612.5741004943848,False,906,906,,201
1775114969.6341,write,k5,615.638017654419,False,939,939,,201
1775114969.651367,read,k4,122.87592887878418,False,910,898,66.45703315734863,200
1775114969.6515572,read,k4,122.46584892272949,False,910,898,66.64705276489258,200
1775114969.651708,write,k1,618.056058883667,False,913,913,,201
1775114969.651851,read,k5,119.1110610961914,False,944,939,17.752885818481445,200
1775114969.654188,read,k4,104.8579216003418,False,910,898,69.27895545959473,200
1775114969.654309,read,k3,105.78393936157227,False,910,906,66.37430191040039,200
1775114969.657155,read,k4,104.80904579162598,False,911,898,72.24607467651367,200
1775114969.657275,read,k3,104.51602935791016,False,910,906,69.34022903442383,200
1775114969.659221,write,k5,608.2110404968262,False,940,940,,201
1775114969.6631758,write,k2,607.450008392334,False,962,962,,201
1775114969.665689,read,k3,107.55181312561035,False,910,906,77.75115966796875,200
1775114969.7030468,read,k2,115.00000953674316,False,964,962,39.86978530883789,200
1775114969.703325,read,k2,114.09592628479004,False,964,962,40.149688720703125,200
1775114969.703529,read,k5,106.81891441345215,False,946,940,44.30794715881348,200
1775114969.703729,read,k3,121.07300758361816,False,910,906,115.79418182373047,200
1775114969.703926,read,k1,118.87812614440918,False,919,913,52.21700668334961,200
1775114969.70418,read,k2,118.81089210510254,False,964,962,41.00465774536133,200
1775114969.724778,write,k5,609.3649864196777,False,941,941,,201
1775114969.734675,write,k1,617.164134979248,False,914,914,,201
1775114969.754379,read,k3,117.6450252532959,False,910,906,166.4409637451172,200
1775114969.75892,read,k2,103.03997993469238,False,964,962,95.74198722839355,200
1775114969.765763,read,k1,106.31823539733887,False,919,914,31.085729598999023,200
1775114969.7794712,read,k1,120.91803550720215,False,919,914,44.75688934326172,200
1775114969.780063,read,k5,117.66982078552246,False,946,941,55.284976959228516,200
1775114969.780415,read,k5,113.75212669372559,False,946,941,55.63712120056152,200
1775114969.780711,read,k1,120.82910537719727,False,919,914,46.037912368774414,200
1775114969.801619,write,k2,608.5159778594971,False,963,963,,201
1775114969.80993,read,k2,104.54297065734863,False,966,963,8.308172225952148,200
1775114969.814187,write,k1,609.2097759246826,False,915,915,,201
1775114969.8144808,write,k5,608.8047027587891,False,942,942,,201
1775114969.815658,write,k3,608.4959506988525,False,907,907,,201
1775114969.818942,read,k1,109.26389694213867,False,920,915,4.754066467285156,200
1775114969.8248918,write,k4,608.7749004364014,False,899,899,,201
1775114969.8510342,write,k4,615.854024887085,False,901,901,,201
1775114969.851444,write,k3,615.1077747344971,False,908,908,,201
1775114969.851688,write,k4,608.9768409729004,False,903,903,,201
1775114969.851906,write,k4,621.1330890655518,False,900,900,,201
1775114969.8521202,write,k4,608.6561679840088,False,904,904,,201
1775114969.8525171,write,k4,612.1821403503418,False,902,902,,201
1775114969.857857,write,k2,605.7109832763672,False,964,964,,201
1775114969.882806,write,k5,611.0599040985107,False,943,943,,201
1775114969.893942,read,k1,105.68881034851074,False,922,915,79.75006103515625,200
1775114969.8946471,read,k3,108.34789276123047,False,913,908,43.19906234741211,200
1775114969.895191,read,k1,106.38213157653809,False,922,915,81.00390434265137,200
1775114969.9190211,write,k4,609.8589897155762,False,905,905,,201
1775114969.925421,read,k4,107.91897773742676,False,917,905,6.396770477294922,200
1775114969.9370391,read,k4,109.90285873413086,False,917,905,18.01276206970215,200
1775114969.939013,write,k3,613.4521961212158,False,909,909,,201
1775114969.954279,write,k3,614.8960590362549,False,910,910,,201
1775114969.955186,write,k4,626.0950565338135,False,906,906,,201
1775114969.9606369,read,k1,106.91690444946289,False,922,915,146.44813537597656,200
1775114969.971343,read,k3,113.00206184387207,False,915,910,17.066001892089844,200
1775114969.9715798,read,k4,112.41698265075684,False,918,906,16.39699935913086,200
1775114969.999937,read,k5,107.82217979431152,False,949,943,117.13290214538574,200
1775114970.007825,read,k4,106.64916038513184,False,918,906,52.641868591308594,200
1775114970.0305989,read,k1,104.1252613067627,False,923,915,216.4132595062256,200
1775114970.0417438,read,k3,106.55021667480469,False,918,910,87.46910095214844,200
1775114970.0445619,write,k4,618.5061931610107,False,907,907,,201
1775114970.044669,write,k1,610.6429100036621,False,916,916,,201
1775114970.044765,write,k1,609.5709800720215,False,917,917,,201
1775114970.047373,write,k4,604.5708656311035,False,908,908,,201
1775114970.047604,read,k5,106.27198219299316,False,949,943,164.80088233947754,200
1775114970.065422,write,k4,610.2809906005859,False,909,909,,201
1775114970.074408,read,k5,110.24999618530273,False,950,943,191.6048526763916,200
1775114970.0744882,read,k5,109.85183715820312,False,950,943,191.68496131896973,200
1775114970.083508,write,k4,610.1899147033691,False,910,910,,201
1775114970.0835881,write,k5,615.5400276184082,False,944,944,,201
1775114970.090488,write,k1,606.0049533843994,False,918,918,,201
1775114970.110702,read,k5,103.50394248962402,False,951,944,27.112960815429688,200
1775114970.1390789,read,k3,104.61902618408203,False,919,910,184.80420112609863,200
1775114970.149847,read,k3,103.25288772583008,False,919,910,195.5718994140625,200
1775114970.155875,read,k2,106.80890083312988,False,970,964,298.0201244354248,200
1775114970.157537,write,k4,608.4918975830078,False,911,911,,201
1775114970.1736472,write,k1,617.7399158477783,False,919,919,,201
1775114970.173747,write,k4,616.6670322418213,False,912,912,,201
1775114970.1765351,read,k5,104.08592224121094,False,952,944,92.94581413269043,200
1775114970.183616,read,k2,105.88693618774414,False,971,964,325.761079788208,200
1775114970.189466,read,k1,104.61163520812988,False,926,919,15.818119049072266,200
1775114970.1914449,write,k5,610.0051403045654,False,946,946,,201
1775114970.191551,write,k5,614.3889427185059,False,945,945,,201
1775114970.193873,read,k4,103.55210304260254,False,918,912,20.1261043548584,200
1775114970.246149,read,k4,104.58898544311523,False,918,912,72.40128517150879,200
1775114970.260865,write,k2,604.7191619873047,False,965,965,,201
1775114970.2689412,read,k4,106.10413551330566,False,918,912,95.19314765930176,200
1775114970.272968,write,k3,611.5880012512207,False,911,911,,201
1775114970.2837162,write,k2,617.7399158477783,False,966,966,,201
1775114970.2839239,read,k4,105.36313056945801,False,919,912,110.17704010009766,200
1775114970.287731,write,k1,616.8348789215088,False,920,920,,201
1775114970.2880619,read,k3,103.16300392150879,False,919,911,15.093088150024414,200
1775114970.288749,write,k4,613.7790679931641,False,913,913,,201
1775114970.300072,read,k1,106.40382766723633,False,927,920,12.341022491455078,200
1775114970.3164248,write,k1,605.5717468261719,False,921,921,,201
1775114970.3183842,write,k5,607.9311370849609,False,947,947,,201
1775114970.318583,write,k4,607.4628829956055,False,914,914,,201
1775114970.321753,write,k2,611.6471290588379,False,967,967,,201
1775114970.346543,write,k4,613.5048866271973,False,915,915,,201
1775114970.350534,write,k3,609.6670627593994,False,912,912,,201
1775114970.373402,write,k5,612.8702163696289,False,948,948,,201
1775114970.381834,read,k1,105.47184944152832,False,927,921,65.40608406066895,200
1775114970.383766,read,k2,105.89885711669922,False,976,967,62.010765075683594,200
1775114970.386801,write,k4,615.1270866394043,False,916,916,,201
1775114970.387187,write,k3,619.8010444641113,False,913,913,,201
1775114970.394248,write,k1,606.4860820770264,False,922,922,,201
1775114970.3991349,read,k1,105.79681396484375,False,928,922,4.884958267211914,200
1775114970.399729,read,k1,109.07387733459473,False,928,922,5.4798126220703125,200
1775114970.400246,read,k2,109.79008674621582,False,976,967,78.4907341003418,200
1775114970.413984,write,k4,607.6390743255615,False,917,917,,201
1775114970.414452,read,k4,105.79109191894531,False,920,917,0.47016143798828125,200
1775114970.42721,write,k5,610.1768016815186,False,949,949,,201
1775114970.427758,write,k3,607.8619956970215,False,915,915,,201
1775114970.4281971,write,k3,611.7188930511475,False,914,914,,201
1775114970.428631,read,k2,107.69414901733398,False,976,967,106.87589645385742,200
1775114970.428981,read,k1,107.12909698486328,False,928,922,34.73377227783203,200
1775114970.4298182,write,k2,606.0988903045654,False,968,968,,201
1775114970.4576159,read,k4,106.88304901123047,False,920,917,43.630123138427734,200
1775114970.4636228,write,k1,607.7277660369873,False,923,923,,201
1775114970.4642718,write,k4,609.6019744873047,False,918,918,,201
1775114970.46504,read,k2,106.27293586730957,False,976,968,35.21895408630371,200
1775114970.473747,write,k2,615.772008895874,False,969,969,,201
1775114970.477783,write,k3,610.0060939788818,False,916,916,,201
1775114970.502719,write,k3,606.8470478057861,False,917,917,,201
1775114970.511009,write,k3,607.6490879058838,False,918,918,,201
1775114970.513042,read,k4,107.21516609191895,False,921,918,48.76899719238281,200
1775114970.520771,read,k5,104.35795783996582,False,955,949,93.56021881103516,200
1775114970.5427809,read,k3,110.55684089660645,False,924,918,31.771183013916016,200
1775114970.543249,read,k3,111.55581474304199,False,924,918,32.24015235900879,200
1775114970.5512698,write,k5,607.9239845275879,False,950,950,,201
1775114970.57199,read,k2,106.66584968566895,False,981,969,98.23918342590332,200
1775114970.5754619,write,k3,616.4870262145996,False,919,919,,201
1775114970.5811641,write,k5,606.6908836364746,False,951,951,,201
1775114970.583327,write,k1,607.11669921875,False,924,924,,201
1775114970.586476,read,k3,105.67593574523926,False,925,919,11.013031005859375,200
1775114970.6174562,read,k5,106.26792907714844,False,956,951,36.29016876220703,200
1775114970.6201699,read,k5,105.70120811462402,False,956,951,39.00599479675293,200
1775114970.622283,write,k2,608.2658767700195,False,970,970,,201
1775114970.63845,read,k5,108.59870910644531,False,956,951,57.285308837890625,200
1775114970.6573162,read,k3,110.23497581481934,False,925,919,81.85100555419922,200
1775114970.658068,write,k1,612.2088432312012,False,925,925,,201
1775114970.659771,write,k2,609.1399192810059,False,971,971,,201
1775114970.660606,write,k5,610.7940673828125,False,952,952,,201
1775114970.661195,write,k1,612.2350692749023,False,926,926,,201
1775114970.661628,read,k3,109.44080352783203,False,925,919,86.16399765014648,200
1775114970.671494,read,k4,112.60700225830078,False,924,918,207.22198486328125,200
1775114970.694456,write,k2,610.5480194091797,False,972,972,,201
1775114970.695352,read,k2,110.07094383239746,False,984,972,0.8981227874755859,200
1775114970.7036061,write,k5,606.9760322570801,False,953,953,,201
1775114970.706806,read,k5,111.40727996826172,False,956,953,3.200054168701172,200
1775114970.723875,write,k2,605.9980392456055,False,973,973,,201
1775114970.75666,read,k3,116.34421348571777,False,925,919,181.1978816986084,200
1775114970.76622,write,k2,607.6278686523438,False,974,974,,201
1775114970.768394,write,k2,606.2819957733154,False,975,975,,201
1775114970.776405,read,k3,109.26413536071777,False,925,919,200.941801071167,200
1775114970.7768252,read,k3,107.68890380859375,False,925,919,201.36404037475586,200
1775114970.777099,read,k4,109.62200164794922,False,925,918,312.82901763916016,200
1775114970.77736,read,k2,112.94722557067871,False,986,975,8.966207504272461,200
1775114970.777629,read,k5,109.12466049194336,False,958,953,74.02610778808594,200
1775114970.7885,write,k4,610.7840538024902,False,919,919,,201
1775114970.789002,read,k5,113.73114585876465,False,958,953,85.39700508117676,200
1775114970.79315,write,k1,608.5498332977295,False,927,927,,201
1775114970.800375,write,k3,607.7570915222168,False,920,920,,201
1775114970.807436,read,k2,110.58521270751953,False,986,975,39.03913497924805,200
1775114970.808995,read,k2,105.03983497619629,False,986,975,40.59910774230957,200
1775114970.8133178,write,k5,612.7381324768066,False,954,954,,201
1775114970.8137028,write,k3,612.0882034301758,False,921,921,,201
1775114970.837303,read,k5,104.95686531066895,False,959,954,23.983001708984375,200
1775114970.868109,write,k5,611.5829944610596,False,955,955,,201
1775114970.8741639,write,k2,606.1019897460938,False,976,976,,201
1775114970.882236,read,k3,107.33389854431152,False,926,921,68.5267448425293,200
1775114970.88348,read,k4,107.97309875488281,False,925,919,94.98023986816406,200
1775114970.8960488,write,k1,608.6111068725586,False,928,928,,201
1775114970.896885,read,k5,109.59529876708984,False,959,955,28.77521514892578,200
1775114970.900958,write,k4,609.5547676086426,False,920,920,,201
1775114970.903611,read,k2,108.12711715698242,False,986,976,29.443979263305664,200
1775114970.91792,read,k1,108.04891586303711,False,936,928,21.869897842407227,200
1775114970.919991,read,k4,105.87072372436523,False,925,920,19.032955169677734,200
1775114970.921931,read,k1,109.5590591430664,False,936,928,25.882959365844727,200
1775114970.9310021,read,k5,110.3200912475586,False,961,955,62.89100646972656,200
1775114970.932373,write,k1,606.8427562713623,False,929,929,,201
1775114970.9336052,read,k3,110.88776588439941,False,927,921,119.89998817443848,200
1775114970.9377952,write,k1,610.2070808410645,False,930,930,,201
1775114970.9856372,write,k3,607.2897911071777,False,922,922,,201
1775114970.989347,read,k2,110.35323143005371,False,987,976,115.18096923828125,200
1775114970.9897401,read,k1,111.8011474609375,False,936,930,51.94377899169922,200
1775114970.993763,write,k2,609.0502738952637,False,977,977,,201
1775114970.998498,write,k4,609.921932220459,False,921,921,,201
1775114970.9988658,write,k3,607.4469089508057,False,923,923,,201
1775114971.002097,write,k1,607.7070236206055,False,931,931,,201
1775114971.006001,write,k3,609.2979907989502,False,924,924,,201
1775114971.006361,read,k1,106.82797431945801,False,937,931,4.2629241943359375,200
1775114971.010707,read,k4,106.9648265838623,False,925,921,12.209892272949219,200
1775114971.014755,write,k2,607.537031173706,False,978,978,,201
1775114971.0187762,write,k4,609.0490818023682,False,922,922,,201
1775114971.0321128,write,k2,607.825756072998,False,979,979,,201
1775114971.033885,read,k5,109.19785499572754,False,962,955,165.77625274658203,200
1775114971.0342422,read,k4,110.20493507385254,False,926,922,15.465974807739258,200
1775114971.0359108,read,k2,107.27405548095703,False,987,979,3.7980079650878906,200
1775114971.037778,write,k2,608.7019443511963,False,980,980,,201
1775114971.0435488,read,k1,109.09700393676758,False,938,931,41.44597053527832,200
1775114971.044137,read,k4,109.24220085144043,False,926,922,25.360822677612305,200
1775114971.045772,read,k4,107.05304145812988,False,926,922,26.99589729309082,200
1775114971.0578141,write,k4,625.2429485321045,False,923,923,,201
1775114971.058186,write,k5,620.5198764801025,False,956,956,,201
1775114971.058524,write,k3,621.3083267211914,False,925,925,,201
1775114971.068922,write,k2,607.001781463623,False,981,981,,201
1775114971.07445,write,k2,606.0340404510498,False,982,982,,201
1775114971.08019,write,k2,608.2241535186768,False,983,983,,201
1775114971.0977228,write,k4,612.6039028167725,False,924,924,,201
1775114971.11785,read,k4,106.25672340393066,False,928,924,20.123958587646484,200
1775114971.131583,write,k1,608.7188720703125,False,932,932,,201
1775114971.1422348,read,k3,112.66207695007324,False,930,925,83.70590209960938,200
1775114971.142949,read,k4,106.94408416748047,False,928,924,45.226097106933594,200
1775114971.14381,read,k5,105.9410572052002,False,966,956,85.62207221984863,200
1775114971.149157,read,k1,108.6418628692627,False,939,932,17.572879791259766,200
1775114971.149696,read,k3,108.5062026977539,False,930,925,91.16983413696289,200
1775114971.150207,read,k3,108.66618156433105,False,930,925,91.68100357055664,200
1775114971.1627982,read,k3,110.15486717224121,False,930,925,104.27188873291016,200
1775114971.163171,read,k2,110.02492904663086,False,989,983,82.98277854919434,200
1775114971.168288,read,k4,105.53717613220215,False,929,924,70.56403160095215,200
1775114971.17361,read,k3,107.46121406555176,False,930,925,115.08488655090332,200
1775114971.183414,write,k2,606.5118312835693,False,984,984,,201
1775114971.184808,read,k3,107.77592658996582,False,930,925,126.2819766998291,200
1775114971.1934001,read,k1,108.34383964538574,False,939,932,61.81764602661133,200
1775114971.196086,read,k4,106.32801055908203,False,929,924,98.36292266845703,200
1775114971.1979468,write,k4,615.6911849975586,False,925,925,,201
1775114971.202472,write,k2,608.0141067504883,False,985,985,,201
1775114971.203156,read,k5,103.91592979431152,False,966,956,144.96994018554688,200
1775114971.229124,write,k1,607.8879833221436,False,933,933,,201
1775114971.233668,write,k2,608.0582141876221,False,986,986,,201
1775114971.240652,write,k5,611.422061920166,False,957,957,,201
1775114971.253406,read,k5,105.79895973205566,False,967,957,12.753009796142578,200
1775114971.256983,read,k2,104.20799255371094,False,990,986,23.316144943237305,200
1775114971.263592,read,k5,105.81707954406738,False,968,957,22.93992042541504,200
1775114971.2764878,write,k5,610.8498573303223,False,958,958,,201
1775114971.2920609,read,k1,107.1629524230957,False,941,933,62.93773651123047,200
1775114971.304716,read,k4,104.67100143432617,False,930,925,106.76884651184082,200
1775114971.318469,write,k5,607.943058013916,False,959,959,,201
1775114971.318649,read,k4,104.89583015441895,False,930,925,120.70202827453613,200
1775114971.321923,write,k1,610.2492809295654,False,934,934,,201
1775114971.337764,read,k2,104.03871536254883,False,993,986,104.0949821472168,200
1775114971.343848,read,k5,103.59001159667969,False,970,959,25.378704071044922,200
1775114971.3467772,read,k1,104.19011116027832,False,942,934,24.85203742980957,200
1775114971.368397,read,k5,105.5288314819336,False,970,959,49.92794990539551,200
1775114971.369982,read,k1,104.35223579406738,False,942,934,48.056840896606445,200
1775114971.370215,write,k3,604.9070358276367,False,926,926,,201
1775114971.3786602,read,k4,105.65710067749023,False,930,925,180.7107925415039,200
1775114971.399812,write,k1,612.9951477050781,False,936,936,,201
1775114971.400458,write,k5,613.4259700775146,False,960,960,,201
1775114971.400862,write,k1,613.3291721343994,False,935,935,,201
1775114971.401196,write,k3,615.2677536010742,False,927,927,,201
1775114971.401531,write,k5,607.3043346405029,False,961,961,,201
1775114971.40884,write,k2,610.1372241973877,False,987,987,,201
1775114971.43033,read,k1,105.92508316040039,False,942,936,29.464244842529297,200
1775114971.4483972,read,k3,104.47311401367188,False,934,927,47.19686508178711,200
1775114971.453686,read,k3,108.45375061035156,False,934,927,52.48689651489258,200
1775114971.458553,write,k5,610.3479862213135,False,962,962,,201
1775114971.461801,read,k4,105.49092292785645,False,930,925,263.8528347015381,200
1775114971.483746,read,k2,107.1329116821289,False,994,987,74.90038871765137,200
1775114971.484766,read,k4,106.9788932800293,False,930,925,286.81492805480957,200
1775114971.48577,read,k1,106.73022270202637,False,942,936,84.90419387817383,200
1775114971.489273,read,k4,105.83806037902832,False,930,925,291.3239002227783,200
1775114971.5016372,write,k1,609.0059280395508,False,937,937,,201
1775114971.502151,write,k3,608.1571578979492,False,928,928,,201
1775114971.5139542,read,k1,107.34295845031738,False,942,937,12.315988540649414,200
1775114971.5161211,read,k5,105.48806190490723,False,972,962,57.56688117980957,200
1775114971.5165708,write,k4,609.8332405090332,False,926,926,,201
1775114971.516982,write,k1,610.8181476593018,False,938,938,,201
1775114971.552127,write,k2,608.2220077514648,False,988,988,,201
1775114971.592651,read,k3,106.1549186706543,False,939,928,90.49606323242188,200
1775114971.5975082,write,k5,607.172966003418,False,963,963,,201
1775114971.598892,read,k3,106.75907135009766,False,939,928,96.73881530761719,200
1775114971.6021702,write,k4,608.2549095153809,False,927,927,,201
1775114971.602768,write,k4,607.4719429016113,False,928,928,,201
1775114971.6055958,write,k3,608.2799434661865,False,929,929,,201
1775114971.606542,write,k5,606.719970703125,False,964,964,,201
1775114971.6069472,read,k5,111.7408275604248,False,973,964,0.40411949157714844,200
1775114971.613096,write,k2,606.2180995941162,False,989,989,,201
1775114971.6179929,read,k5,106.50300979614258,False,974,964,11.449098587036133,200
1775114971.622064,write,k1,610.8770370483398,False,939,939,,201
1775114971.622459,write,k3,610.5811595916748,False,930,930,,201
1775114971.62382,read,k1,105.17287254333496,False,945,939,1.7559528350830078,200
1775114971.626056,write,k5,606.8480014801025,False,965,965,,201
1775114971.62749,read,k4,105.47304153442383,False,930,928,24.721860885620117,200
1775114971.630409,write,k5,607.5246334075928,False,966,966,,201
1775114971.631032,read,k4,108.19602012634277,False,930,928,28.26380729675293,200
1775114971.6577249,write,k4,608.5448265075684,False,929,929,,201
1775114971.669433,read,k5,106.27889633178711,False,974,966,39.01815414428711,200
1775114971.671861,write,k2,606.1630249023438,False,990,990,,201
1775114971.71706,read,k2,107.90801048278809,False,997,990,45.195817947387695,200
1775114971.7177548,read,k3,108.09588432312012,False,940,930,95.29304504394531,200
1775114971.718323,read,k3,110.09502410888672,False,940,930,95.86095809936523,200
1775114971.7215161,read,k3,105.31783103942871,False,940,930,99.04909133911133,200
1775114971.722427,read,k5,107.65910148620605,False,974,966,92.01812744140625,200
1775114971.72278,read,k2,106.09889030456543,False,997,990,50.92191696166992,200
1775114971.728668,write,k3,605.7479381561279,False,931,931,,201
1775114971.7302341,read,k4,106.32014274597168,False,930,929,72.5088119506836,200
1775114971.734911,read,k2,106.57596588134766,False,998,990,63.051700592041016,200
1775114971.735299,read,k3,107.72490501403809,False,940,931,6.630897521972656,200
1775114971.739767,read,k1,108.19721221923828,False,945,939,117.70296096801758,200
1775114971.7435799,write,k5,609.9610328674316,False,967,967,,201
1775114971.7447171,read,k5,109.58695411682129,False,974,967,1.1379718780517578,200
1775114971.75713,write,k5,608.896017074585,False,968,968,,201
1775114971.767722,write,k2,610.9030246734619,False,991,991,,201
1775114971.770522,write,k4,606.0941219329834,False,930,930,,201
1775114971.771717,write,k1,612.9801273345947,False,940,940,,201
1775114971.772643,read,k3,105.74531555175781,False,940,931,43.97392272949219,200
1775114971.7730188,write,k1,607.82790184021,False,941,941,,201
1775114971.780633,read,k5,107.78498649597168,False,974,968,23.50306510925293,200
1775114971.7813241,read,k1,105.44800758361816,False,945,941,8.30388069152832,200
1775114971.782966,write,k2,610.2702617645264,False,992,992,,201
1775114971.788437,write,k5,608.273983001709,False,969,969,,201
1775114971.7971919,write,k1,609.2488765716553,False,942,942,,201
1775114971.8071492,write,k5,604.5901775360107,False,970,970,,201
1775114971.812447,write,k3,607.8181266784668,False,932,932,,201
1775114971.812939,write,k2,608.0403327941895,False,993,993,,201
1775114971.8314052,read,k1,105.76319694519043,False,945,942,34.2097282409668,200
1775114971.831987,read,k2,107.3150634765625,False,1000,993,19.048213958740234,200
1775114971.835229,read,k1,107.30981826782227,False,946,942,38.034915924072266,200
1775114971.849807,read,k4,110.6569766998291,False,933,930,79.27989959716797,200
1775114971.8592372,read,k2,107.22994804382324,False,1000,993,46.294212341308594,200
1775114971.8849769,read,k5,107.48291015625,False,975,970,77.82411575317383,200
1775114971.8876412,read,k5,105.34906387329102,False,975,970,80.49297332763672,200
1775114971.888161,read,k4,109.12370681762695,False,934,930,117.63787269592285,200
1775114971.89331,write,k5,610.1040840148926,False,971,971,,201
1775114971.893804,read,k1,108.94298553466797,False,948,942,96.61078453063965,200
1775114971.894838,read,k4,106.29415512084961,False,934,930,124.31597709655762,200
1775114971.9001029,write,k2,605.3531169891357,False,994,994,,201
1775114971.900691,read,k3,105.32712936401367,False,942,932,88.24443817138672,200
1775114971.9098701,read,k1,105.73816299438477,False,949,942,112.67590522766113,200
1775114971.91406,write,k3,606.3899993896484,False,933,933,,201
1775114971.9159381,read,k2,105.17597198486328,False,1002,994,15.832901000976562,200
1775114971.928034,write,k5,603.8157939910889,False,972,972,,201
1775114971.9283829,write,k3,606.809139251709,False,934,934,,201
1775114971.929857,read,k2,107.54704475402832,False,1002,994,29.752016067504883,200
1775114971.951612,read,k5,112.92695999145508,False,976,972,23.576021194458008,200
1775114971.957427,read,k2,104.8438549041748,False,1004,994,57.32107162475586,200
1775114971.967276,read,k3,104.32720184326172,False,942,934,38.88988494873047,200
1775114972.005292,read,k5,110.27312278747559,False,976,972,77.2559642791748,200
1775114972.0058858,read,k3,109.67016220092773,False,942,934,77.5001049041748,200
1775114972.006231,read,k5,114.16316032409668,False,976,972,78.19890975952148,200
1775114972.016553,write,k1,609.6417903900146,False,943,943,,201
1775114972.0173209,write,k3,611.1841201782227,False,935,935,,201
1775114972.017662,write,k1,610.4180812835693,False,944,944,,201
1775114972.022309,read,k1,104.08186912536621,False,951,944,4.644155502319336,200
1775114972.025389,write,k3,604.827880859375,False,936,936,,201
1775114972.05103,write,k3,610.7871532440186,False,937,937,,201
1775114972.056458,read,k2,117.61116981506348,False,1006,994,156.3549041748047,200
1775114972.067413,write,k3,608.7191104888916,False,938,938,,201
1775114972.067646,write,k3,607.7830791473389,False,939,939,,201
1775114972.069036,read,k5,106.20594024658203,False,978,972,141.00193977355957,200
1775114972.070814,write,k2,607.5520515441895,False,995,995,,201
1775114972.07461,write,k1,610.8958721160889,False,945,945,,201
1775114972.076639,read,k3,106.28890991210938,False,942,939,8.990049362182617,200
1775114972.102792,write,k5,610.1551055908203,False,973,973,,201
1775114972.120922,read,k4,108.8259220123291,False,937,930,350.39496421813965,200
1775114972.121578,write,k5,611.6480827331543,False,974,974,,201
1775114972.12219,read,k3,110.48126220703125,False,942,939,54.54111099243164,200
1775114972.122664,read,k5,111.78064346313477,False,978,974,1.0900497436523438,200
1775114972.12313,read,k5,104.33077812194824,False,978,974,1.5559196472167969,200
1775114972.131967,write,k3,611.8857860565186,False,940,940,,201
1775114972.1681721,read,k5,104.1879653930664,False,979,974,46.59891128540039,200
1775114972.180253,read,k5,106.53281211853027,False,979,974,58.68172645568848,200
1775114972.183483,read,k1,106.44078254699707,False,952,945,108.87503623962402,200
1775114972.2084858,read,k2,127.23898887634277,False,1008,995,137.66813278198242,200
1775114972.209234,read,k2,133.70394706726074,False,1008,995,138.41938972473145,200
1775114972.20969,read,k2,127.18892097473145,False,1008,995,138.87619972229004,200
1775114972.2100759,write,k2,614.6948337554932,False,996,996,,201
1775114972.212129,write,k2,608.4320545196533,False,997,997,,201
1775114972.2200892,read,k2,108.2150936126709,False,1008,997,7.956981658935547,200
1775114972.226453,write,k2,606.8997383117676,False,998,998,,201
1775114972.23783,write,k2,606.6441535949707,False,999,999,,201
1775114972.25359,write,k2,617.412805557251,False,1000,1000,,201
1775114972.25403,write,k4,618.4067726135254,False,931,931,,201
1775114972.258071,read,k2,129.64916229248047,False,1008,1000,4.480123519897461,200
1775114972.2622552,read,k2,129.02307510375977,False,1009,1000,8.663177490234375,200
1775114972.263309,read,k2,112.10179328918457,False,1008,1000,9.719133377075195,200
1775114972.277579,read,k3,104.29883003234863,False,945,940,145.61033248901367,200
1775114972.299663,read,k4,107.65314102172852,False,937,931,45.62997817993164,200
1775114972.300085,read,k1,108.37817192077637,False,953,945,225.47483444213867,200
1775114972.3186371,read,k3,104.99978065490723,False,945,940,186.66815757751465,200
1775114972.3322911,read,k3,104.62498664855957,False,946,940,200.32215118408203,200
1775114972.333997,write,k3,611.1180782318115,False,941,941,,201
1775114972.358886,write,k1,612.3740673065186,False,948,948,,201
1775114972.35953,write,k5,611.8862628936768,False,975,975,,201
1775114972.359966,write,k4,633.7990760803223,False,932,932,,201
1775114972.360374,write,k1,622.042179107666,False,947,947,,201
1775114972.360797,write,k4,625.403881072998,False,933,933,,201
1775114972.361239,write,k1,634.2349052429199,False,946,946,,201
1775114972.3616152,write,k3,622.8680610656738,False,942,942,,201
1775114972.366857,read,k3,107.64789581298828,False,946,942,5.238056182861328,200
1775114972.369814,read,k4,107.40089416503906,False,940,933,9.015798568725586,200
1775114972.372728,write,k2,607.6149940490723,False,1001,1001,,201
1775114972.380097,write,k4,610.67795753479,False,934,934,,201
1775114972.38714,write,k2,608.9272499084473,False,1002,1002,,201
1775114972.39794,write,k1,611.440896987915,False,949,949,,201
1775114972.41248,read,k1,109.05098915100098,False,954,949,14.538049697875977,200
1775114972.427205,write,k5,608.3216667175293,False,976,976,,201
1775114972.427784,read,k3,105.92198371887207,False,946,942,66.16592407226562,200
1775114972.45172,read,k1,109.1151237487793,False,954,949,53.77793312072754,200
1775114972.452234,read,k2,108.97207260131836,False,1011,1002,65.093994140625,200
1775114972.458775,write,k2,623.2566833496094,False,1003,1003,,201
1775114972.459476,write,k2,622.6129531860352,False,1004,1004,,201
1775114972.47006,read,k4,106.61602020263672,False,942,934,89.96200561523438,200
1775114972.4780512,read,k5,106.17303848266602,False,984,976,50.84681510925293,200
1775114972.485916,read,k4,109.93123054504395,False,942,934,105.81707954406738,200
1775114972.490158,read,k1,109.6346378326416,False,954,949,92.21577644348145,200
1775114972.493192,read,k3,105.70001602172852,False,947,942,131.5751075744629,200
1775114972.50818,write,k5,609.1508865356445,False,977,977,,201
1775114972.508729,write,k2,610.5141639709473,False,1005,1005,,201
1775114972.5103822,write,k5,608.6819171905518,False,978,978,,201
1775114972.511734,write,k1,607.0151329040527,False,950,950,,201
1775114972.512595,read,k3,106.92214965820312,False,947,942,150.97808837890625,200
1775114972.51895,write,k1,611.0718250274658,False,951,951,,201
1775114972.538671,write,k4,606.691837310791,False,936,936,,201
1775114972.539095,write,k4,615.3159141540527,False,935,935,,201
1775114972.539368,write,k2,614.7520542144775,False,1006,1006,,201
1775114972.541607,read,k3,104.51507568359375,False,947,942,179.98909950256348,200
1775114972.557538,write,k4,618.0598735809326,False,937,937,,201
1775114972.565017,write,k1,609.0738773345947,False,952,952,,201
1775114972.5673048,read,k4,105.41319847106934,False,943,937,9.76705551147461,200
1775114972.567907,read,k3,104.63285446166992,False,947,942,206.29191398620605,200
1775114972.593396,read,k2,112.92004585266113,False,1015,1006,54.025888442993164,200
1775114972.600272,read,k2,103.81388664245605,False,1015,1006,60.90402603149414,200
1775114972.621741,read,k5,111.23204231262207,False,985,978,111.35697364807129,200
1775114972.63325,write,k3,610.4109287261963,False,943,943,,201
1775114972.643183,read,k3,121.98281288146973,False,952,943,9.931087493896484,200
1775114972.650361,read,k1,105.61203956604004,False,957,952,85.3431224822998,200
1775114972.65297,read,k3,104.2931079864502,False,952,943,19.71912384033203,200
1775114972.653325,read,k3,105.12804985046387,False,952,943,20.076990127563477,200
1775114972.660264,write,k3,632.9050064086914,False,944,944,,201
1775114972.661248,write,k5,631.2577724456787,False,979,979,,201
1775114972.6619241,write,k2,606.05788230896,False,1008,1008,,201
1775114972.6622632,write,k2,635.4076862335205,False,1007,1007,,201
1775114972.686194,write,k3,611.0801696777344,False,945,945,,201
1775114972.697076,read,k4,111.63783073425293,False,945,937,139.53900337219238,200
1775114972.6974258,read,k2,111.07182502746582,False,1015,1008,35.162925720214844,200
1775114972.709494,read,k4,109.41004753112793,False,945,937,151.95417404174805,200
1775114972.7160928,read,k5,106.54783248901367,False,986,979,54.841041564941406,200
1775114972.737786,read,k1,111.13286018371582,False,958,952,172.76597023010254,200
1775114972.7482638,read,k4,109.68017578125,False,945,937,190.72294235229492,200
1775114972.75284,read,k3,107.09500312805176,False,952,945,66.64395332336426,200
1775114972.7596009,write,k1,632.4729919433594,False,953,953,,201
1775114972.760737,write,k5,629.9030780792236,False,980,980,,201
1775114972.7610922,write,k2,628.3688545227051,False,1009,1009,,201
1775114972.770839,read,k5,106.04691505432129,False,986,980,10.101079940795898,200
1775114972.777623,read,k1,106.97507858276367,False,959,953,18.021821975708008,200
1775114972.777927,read,k1,106.80413246154785,False,959,953,18.32890510559082,200
1775114972.812,read,k5,104.35891151428223,False,986,980,51.26023292541504,200
1775114972.83325,write,k4,617.7971363067627,False,939,939,,201
1775114972.836249,write,k4,621.2961673736572,False,938,938,,201
1775114972.836493,write,k3,619.0032958984375,False,946,946,,201
1775114972.836714,write,k5,619.7299957275391,False,981,981,,201
1775114972.841674,write,k2,607.4268817901611,False,1010,1010,,201
1775114972.8495822,write,k4,606.3759326934814,False,940,940,,201
1775114972.854584,read,k5,108.05201530456543,False,987,981,17.868995666503906,200
1775114972.8645492,read,k4,104.76088523864746,False,947,940,14.961004257202148,200
1775114972.868256,read,k1,105.04770278930664,False,960,953,108.6568832397461,200
1775114972.874489,write,k1,610.7230186462402,False,954,954,,201
1775114972.878162,write,k4,607.2988510131836,False,941,941,,201
1775114972.88949,read,k2,105.37314414978027,False,1018,1010,47.81198501586914,200
1775114972.891624,write,k4,618.6580657958984,False,942,942,,201
1775114972.89643,write,k2,607.4540615081787,False,1011,1011,,201
1775114972.9226508,write,k5,615.8218383789062,False,982,982,,201
1775114972.94567,read,k4,102.55002975463867,False,948,942,54.045915603637695,200
1775114972.94612,read,k2,105.47709465026855,False,1019,1011,49.689292907714844,200
1775114972.9465349,read,k2,105.32474517822266,False,1019,1011,50.10414123535156,200
1775114972.954907,read,k2,105.82685470581055,False,1019,1011,58.474063873291016,200
1775114972.9690082,write,k2,607.2549819946289,False,1012,1012,,201
1775114972.975192,write,k2,610.9828948974609,False,1014,1014,,201
1775114972.977393,write,k2,615.0341033935547,False,1013,1013,,201
1775114972.977646,write,k3,613.785982131958,False,947,947,,201
1775114972.978061,write,k5,607.5599193572998,False,983,983,,201
1775114972.97855,read,k1,104.95615005493164,False,961,954,104.05731201171875,200
1775114972.982807,write,k5,611.778736114502,False,984,984,,201
1775114972.9890912,read,k5,106.03094100952148,False,991,984,6.285190582275391,200
1775114972.99854,read,k3,102.85711288452148,False,953,947,20.893096923828125,200
1775114973.01141,write,k4,615.3068542480469,False,943,943,,201
1775114973.036492,write,k2,613.6031150817871,False,1015,1015,,201
1775114973.039928,write,k1,604.8860549926758,False,955,955,,201
1775114973.053647,read,k3,103.21688652038574,False,953,947,75.99902153015137,200
1775114973.068353,write,k5,607.6939105987549,False,985,985,,201
1775114973.0712209,write,k4,608.8850498199463,False,944,944,,201
1775114973.093508,read,k1,109.36093330383301,False,963,955,53.57480049133301,200
1775114973.094295,read,k3,111.03510856628418,False,954,947,116.64700508117676,200
1775114973.0947242,read,k5,109.1318130493164,False,992,985,26.372194290161133,200
1775114973.095073,write,k3,613.1999492645264,False,948,948,,201
1775114973.09727,read,k1,105.14163970947266,False,964,955,57.33990669250488,200
1775114973.102877,write,k3,605.877161026001,False,949,949,,201
1775114973.103126,write,k3,605.010986328125,False,950,950,,201
1775114973.113599,read,k2,104.01105880737305,False,1022,1015,77.10599899291992,200
1775114973.120726,read,k5,106.52995109558105,False,992,985,52.37412452697754,200
1775114973.1243598,write,k3,607.5820922851562,False,951,951,,201
1775114973.124835,write,k1,610.3951930999756,False,956,956,,201
1775114973.140727,write,k1,622.5028038024902,False,957,957,,201
1775114973.141066,write,k3,614.0978336334229,False,952,952,,201
1775114973.1538382,write,k4,606.4229011535645,False,945,945,,201
1775114973.170002,write,k1,606.3780784606934,False,958,958,,201
1775114973.176298,write,k5,609.9209785461426,False,986,986,,201
1775114973.1848938,read,k4,106.10008239746094,False,954,945,31.054019927978516,200
1775114973.20453,read,k1,108.18266868591309,False,965,958,34.52491760253906,200
1775114973.207165,read,k3,105.76820373535156,False,955,952,66.09821319580078,200
1775114973.20748,read,k2,106.37903213500977,False,1023,1015,170.98712921142578,200
1775114973.216005,read,k2,107.59115219116211,False,1023,1015,179.51011657714844,200
1775114973.218875,read,k3,107.12504386901855,False,955,952,77.80599594116211,200
1775114973.220937,read,k2,105.11016845703125,False,1023,1015,184.44323539733887,200
1775114973.2347908,read,k1,107.48505592346191,False,965,958,64.78595733642578,200
1775114973.263556,write,k1,611.6771697998047,False,959,959,,201
1775114973.267096,write,k4,609.3449592590332,False,946,946,,201
1775114973.267515,write,k3,607.0759296417236,False,953,953,,201
1775114973.27985,write,k4,611.2210750579834,False,947,947,,201
1775114973.28077,read,k1,106.46605491638184,False,966,959,17.211198806762695,200
1775114973.288358,read,k5,106.54187202453613,False,995,986,112.05935478210449,200
1775114973.302346,write,k2,609.0190410614014,False,1016,1016,,201
1775114973.314799,write,k2,608.5188388824463,False,1017,1017,,201
1775114973.321493,write,k5,607.7651977539062,False,987,987,,201
1775114973.329762,write,k2,605.3252220153809,False,1018,1018,,201
1775114973.3319418,read,k4,109.09175872802734,False,958,947,52.089691162109375,200
1775114973.336894,read,k2,106.84680938720703,False,1024,1018,7.132291793823242,200
1775114973.35907,write,k1,607.3369979858398,False,960,960,,201
1775114973.375395,write,k1,607.6340675354004,False,961,961,,201
1775114973.382258,read,k2,108.96587371826172,False,1024,1018,52.49214172363281,200
1775114973.3828638,write,k5,611.8979454040527,False,988,988,,201
1775114973.38325,write,k5,609.7230911254883,False,989,989,,201
1775114973.383578,read,k2,109.48801040649414,False,1024,1018,53.817033767700195,200
1775114973.384974,read,k5,107.74016380310059,False,996,989,1.722097396850586,200
1775114973.394261,write,k4,610.7871532440186,False,948,948,,201
1775114973.394651,read,k4,108.20984840393066,False,958,948,0.39005279541015625,200
1775114973.419518,read,k1,106.60791397094727,False,968,961,44.12221908569336,200
1775114973.4254348,write,k2,606.5869331359863,False,1019,1019,,201
1775114973.4433331,read,k2,104.53414916992188,False,1024,1019,17.898082733154297,200
1775114973.446162,read,k1,104.74395751953125,False,970,961,70.76811790466309,200
1775114973.447902,write,k5,605.6182384490967,False,990,990,,201
1775114973.451958,read,k3,107.1310043334961,False,958,953,184.44180488586426,200
1775114973.466358,write,k2,606.1840057373047,False,1020,1020,,201
1775114973.467018,write,k5,607.6450347900391,False,991,991,,201
1775114973.4843352,write,k4,607.4938774108887,False,949,949,,201
1775114973.489263,write,k4,605.5998802185059,False,950,950,,201
1775114973.4898932,read,k3,109.13681983947754,False,958,953,222.37300872802734,200
1775114973.494505,read,k4,105.77702522277832,False,960,950,5.239963531494141,200
1775114973.4952,read,k5,107.59401321411133,False,996,991,28.180360794067383,200
1775114973.498406,read,k5,108.58392715454102,False,996,991,31.388282775878906,200
1775114973.500344,read,k1,106.84800148010254,False,970,961,124.95017051696777,200
1775114973.5078862,write,k4,608.4349155426025,False,951,951,,201
1775114973.508545,write,k1,610.4660034179688,False,962,962,,201
1775114973.534137,write,k4,607.0690155029297,False,952,952,,201
1775114973.534861,read,k1,107.56206512451172,False,970,962,26.312828063964844,200
1775114973.555022,write,k1,607.5267791748047,False,963,963,,201
1775114973.559721,read,k3,109.09366607666016,False,959,953,292.20008850097656,200
1775114973.560321,read,k1,110.37206649780273,False,970,963,5.299806594848633,200
1775114973.5626938,read,k3,107.57994651794434,False,959,953,295.1769828796387,200
1775114973.563138,write,k4,608.057975769043,False,953,953,,201
1775114973.5716841,write,k2,608.1929206848145,False,1021,1021,,201
1775114973.575125,read,k3,105.91292381286621,False,959,953,307.60693550109863,200
1775114973.583282,write,k3,611.7429733276367,False,954,954,,201
1775114973.58528,write,k2,606.3821315765381,False,1022,1022,,201
1775114973.5881898,write,k5,606.4121723175049,False,992,992,,201
1775114973.5958269,write,k1,605.2517890930176,False,964,964,,201
1775114973.600828,read,k3,105.4990291595459,False,959,954,17.54474639892578,200
1775114973.60399,read,k3,104.66790199279785,False,959,954,20.70784568786621,200
1775114973.6064708,read,k1,108.83402824401855,False,970,964,10.645151138305664,200
1775114973.6109471,read,k4,108.1089973449707,False,961,953,47.808170318603516,200
1775114973.616238,read,k5,110.51583290100098,False,996,992,28.048038482666016,200
1775114973.6166022,read,k5,107.47098922729492,False,996,992,28.413057327270508,200
1775114973.6169229,read,k4,106.72402381896973,False,961,953,53.786277770996094,200
1775114973.649656,write,k1,610.3441715240479,False,965,965,,201
1775114973.651744,write,k2,607.2661876678467,False,1023,1023,,201
1775114973.670073,read,k1,109.58003997802734,False,971,965,20.41482925415039,200
1775114973.6753469,write,k3,609.3471050262451,False,955,955,,201
1775114973.676085,read,k5,106.6281795501709,False,996,992,87.89420127868652,200
1775114973.682212,write,k4,607.9740524291992,False,954,954,,201
1775114973.6923141,read,k3,109.96508598327637,False,960,955,16.9680118560791,200
1775114973.692578,read,k5,111.02914810180664,False,996,992,104.38990592956543,200
1775114973.707556,write,k5,608.4480285644531,False,993,993,,201
1775114973.707754,write,k4,610.1260185241699,False,955,955,,201
1775114973.710953,read,k4,108.64901542663574,False,964,955,3.1960010528564453,200
1775114973.7125728,read,k4,106.9340705871582,False,964,955,4.8198699951171875,200
1775114973.7283058,read,k1,116.26696586608887,False,973,965,78.65285873413086,200
1775114973.7294478,read,k2,109.44104194641113,False,1029,1023,77.70490646362305,200
1775114973.729564,read,k3,109.21001434326172,False,961,955,54.22091484069824,200
1775114973.729672,read,k2,107.57303237915039,False,1029,1023,77.92878150939941,200
1775114973.73345,write,k4,605.3450107574463,False,956,956,,201
1775114973.7388082,write,k5,605.7069301605225,False,994,994,,201
1775114973.753993,write,k3,606.173038482666,False,956,956,,201
1775114973.754264,write,k1,611.5908622741699,False,966,966,,201
1775114973.770411,write,k5,610.1477146148682,False,995,995,,201
1775114973.782766,read,k1,105.72218894958496,False,973,966,28.501033782958984,200
1775114973.784309,read,k4,104.49790954589844,False,965,956,50.85897445678711,200
1775114973.802988,write,k2,613.0208969116211,False,1024,1024,,201
1775114973.809385,read,k3,107.7260971069336,False,962,956,55.39202690124512,200
1775114973.816287,write,k4,608.7198257446289,False,957,957,,201
1775114973.82448,write,k1,609.4348430633545,False,967,967,,201
1775114973.824619,write,k5,610.684871673584,False,996,996,,201
1775114973.825418,write,k4,606.1229705810547,False,958,958,,201
1775114973.833615,read,k3,112.55693435668945,False,963,956,79.62226867675781,200
1775114973.8383849,read,k2,104.63500022888184,False,1032,1024,35.39729118347168,200
1775114973.8537421,read,k1,105.04579544067383,False,973,967,29.262065887451172,200
1775114973.853863,write,k3,607.9459190368652,False,957,957,,201
1775114973.853956,read,k3,115.43703079223633,False,963,957,0.09202957153320312,200
1775114973.8965278,write,k3,606.2500476837158,False,958,958,,201
1775114973.902136,write,k1,607.3479652404785,False,968,968,,201
1775114973.9022431,read,k4,112.48993873596191,False,969,958,76.82490348815918,200
1775114973.9104059,read,k1,104.77375984191895,False,975,968,8.269071578979492,200
1775114973.9298491,write,k1,610.9390258789062,False,969,969,,201
1775114973.931477,read,k4,106.8122386932373,False,969,958,106.05788230895996,200
1775114973.931604,read,k3,105.36599159240723,False,964,958,35.07494926452637,200
1775114973.939353,write,k1,608.7398529052734,False,970,970,,201
1775114973.9414122,read,k4,113.54589462280273,False,969,958,115.99397659301758,200
1775114973.9528399,read,k3,105.2238941192627,False,965,958,56.311845779418945,200
1775114973.964789,read,k5,103.69396209716797,False,1000,996,140.1689052581787,200
1775114973.964917,read,k2,103.72304916381836,False,1033,1024,161.93008422851562,200
1775114973.9706209,write,k4,607.4628829956055,False,959,959,,201
1775114974.004195,write,k4,606.0621738433838,False,961,961,,201
1775114974.0044029,write,k4,617.3210144042969,False,960,960,,201
1775114974.009907,write,k2,607.3682308197021,False,1025,1025,,201
1775114974.012643,read,k4,104.98619079589844,False,970,961,8.238077163696289,200
1775114974.0128582,read,k4,105.48806190490723,False,970,961,8.453130722045898,200
1775114974.013057,read,k3,105.50808906555176,False,966,958,116.52803421020508,200
1775114974.032812,write,k3,607.1979999542236,False,959,959,,201
1775114974.042987,read,k5,104.67720031738281,False,1000,996,218.36471557617188,200
1775114974.053629,read,k1,106.41002655029297,False,978,970,114.2721176147461,200
1775114974.0600572,write,k2,609.0729236602783,False,1026,1026,,201
1775114974.0623949,read,k3,106.6579818725586,False,967,959,29.581069946289062,200
1775114974.07298,read,k5,103.86204719543457,False,1000,996,248.35705757141113,200
1775114974.07694,write,k2,608.4082126617432,False,1027,1027,,201
1775114974.086455,read,k4,108.28065872192383,False,970,961,82.04913139343262,200
1775114974.106524,write,k2,616.4729595184326,False,1028,1028,,201
1775114974.113698,read,k2,104.49004173278809,False,1034,1028,7.173776626586914,200
1775114974.114159,read,k4,104.6750545501709,False,970,961,109.75313186645508,200
1775114974.123601,write,k4,607.9609394073486,False,962,962,,201
1775114974.124064,read,k2,107.77997970581055,False,1034,1028,17.54283905029297,200
1775114974.125818,read,k1,104.60996627807617,False,978,970,186.4619255065918,200
1775114974.141692,read,k2,106.76717758178711,False,1035,1028,35.166025161743164,200
1775114974.148696,write,k3,608.9470386505127,False,960,960,,201
1775114974.152229,write,k1,611.6800308227539,False,971,971,,201
1775114974.1645079,read,k5,106.9798469543457,False,1000,996,339.88285064697266,200
1775114974.174537,write,k1,606.8480014801025,False,973,973,,201
1775114974.1749609,write,k1,606.6129207611084,False,972,972,,201
1775114974.1769679,write,k2,606.8930625915527,False,1029,1029,,201
1775114974.187768,read,k5,105.8650016784668,False,1000,996,363.1410598754883,200
1775114974.189461,read,k3,107.07402229309082,False,970,960,40.76504707336426,200
1775114974.197011,read,k1,107.16795921325684,False,979,973,22.044897079467773,200
1775114974.199748,write,k4,612.4420166015625,False,963,963,,201
1775114974.200141,write,k5,608.4287166595459,False,997,997,,201
1775114974.200541,write,k4,609.6968650817871,False,964,964,,201
1775114974.229443,read,k3,108.30903053283691,False,970,960,80.74498176574707,200
1775114974.230191,read,k2,108.28614234924316,False,1035,1029,53.221702575683594,200
1775114974.2336378,write,k3,618.3168888092041,False,961,961,,201
1775114974.23431,write,k4,615.196943283081,False,965,965,,201
1775114974.235651,read,k3,108.00933837890625,False,970,961,2.0117759704589844,200
1775114974.237105,read,k3,105.43298721313477,False,970,961,3.4689903259277344,200
1775114974.256556,read,k5,107.60903358459473,False,1000,997,56.410789489746094,200
1775114974.25913,read,k1,104.42900657653809,False,980,973,84.1667652130127,200
1775114974.26303,write,k5,609.198808670044,False,998,998,,201
1775114974.268071,read,k5,109.13372039794922,False,1000,998,5.040168762207031,200
1775114974.26843,write,k3,607.6748371124268,False,962,962,,201
1775114974.289603,write,k4,609.3261241912842,False,966,966,,201
1775114974.293638,write,k2,607.8338623046875,False,1030,1030,,201
1775114974.304978,read,k3,109.29393768310547,False,973,962,36.54623031616211,200
1775114974.305452,read,k5,107.8341007232666,False,1000,998,42.42086410522461,200
1775114974.307061,write,k4,609.1620922088623,False,967,967,,201
1775114974.307596,read,k3,104.94470596313477,False,973,962,39.16501998901367,200
1775114974.30824,read,k1,107.04898834228516,False,980,973,133.27789306640625,200
1775114974.311978,read,k5,107.02705383300781,False,1000,998,48.94685745239258,200
1775114974.3311832,write,k3,613.7490272521973,False,963,963,,201
1775114974.3330739,write,k4,615.9498691558838,False,968,968,,201
1775114974.3367949,write,k2,615.8831119537354,False,1031,1031,,201
1775114974.343235,read,k2,108.76011848449707,False,1038,1031,6.434917449951172,200
1775114974.34557,write,k2,612.4379634857178,False,1032,1032,,201
1775114974.34609,read,k1,108.00004005432129,False,980,973,171.1277961730957,200
1775114974.3465972,write,k4,612.982988357544,False,969,969,,201
1775114974.347311,write,k2,607.3148250579834,False,1033,1033,,201
1775114974.347678,read,k3,107.21802711486816,False,974,963,16.495943069458008,200
1775114974.363266,write,k5,607.6381206512451,False,999,999,,201
1775114974.368212,write,k1,606.5940856933594,False,974,974,,201
1775114974.370492,read,k2,104.98881340026855,False,1040,1033,23.1778621673584,200
1775114974.3886359,write,k1,606.4178943634033,False,975,975,,201
1775114974.3973188,write,k3,609.1411113739014,False,964,964,,201
1775114974.418626,write,k5,604.7952175140381,False,1000,1000,,201
1775114974.419103,read,k5,107.01704025268555,False,1004,1000,0.4761219024658203,200
1775114974.4198248,read,k3,106.13799095153809,False,974,964,22.508859634399414,200
1775114974.421813,read,k2,107.20682144165039,False,1041,1033,74.50175285339355,200
1775114974.442924,write,k3,609.7321510314941,False,965,965,,201
1775114974.451985,write,k4,611.3290786743164,False,970,970,,201
1775114974.452723,read,k4,112.1220588684082,False,971,970,0.74005126953125,200
1775114974.453253,read,k3,108.74509811401367,False,975,965,10.328054428100586,200
1775114974.4561322,read,k1,105.54194450378418,False,981,975,67.49582290649414,200
1775114974.461746,read,k4,108.66689682006836,False,971,970,9.765148162841797,200
1775114974.462891,read,k4,110.2757453918457,False,971,970,10.909795761108398,200
1775114974.463307,read,k5,108.80303382873535,False,1006,1000,44.68083381652832,200
1775114974.468159,write,k3,607.2649955749512,False,966,966,,201
1775114974.475213,read,k4,104.60710525512695,False,973,970,23.231029510498047,200
1775114974.493223,read,k3,112.70785331726074,False,975,966,25.062084197998047,200
1775114974.506724,read,k1,106.6591739654541,False,981,975,118.08490753173828,200
1775114974.521153,write,k1,607.5081825256348,False,976,976,,201
1775114974.530986,read,k4,104.41088676452637,False,974,970,79.00094985961914,200
1775114974.5415812,write,k1,604.804277420044,False,977,977,,201
1775114974.5465531,write,k1,608.4797382354736,False,978,978,,201
1775114974.556347,write,k3,608.957052230835,False,967,967,,201
1775114974.564069,read,k1,106.8878173828125,False,981,978,17.51399040222168,200
1775114974.56877,read,k5,110.13484001159668,False,1007,1000,150.14195442199707,200
1775114974.569366,read,k1,109.15398597717285,False,981,978,22.8118896484375,200
1775114974.572962,read,k2,106.37497901916504,False,1042,1033,225.6457805633545,200
1775114974.575885,read,k4,105.33618927001953,False,974,970,123.90494346618652,200
1775114974.57809,read,k5,105.39388656616211,False,1007,1000,159.46388244628906,200
1775114974.578499,write,k2,606.1677932739258,False,1034,1034,,201
1775114974.603382,read,k4,108.31904411315918,False,974,970,151.3969898223877,200
1775114974.629319,write,k2,607.6481342315674,False,1035,1035,,201
1775114974.633224,write,k3,611.7641925811768,False,968,968,,201
1775114974.635253,read,k3,105.92317581176758,False,980,968,2.0279884338378906,200
1775114974.637401,read,k3,104.31814193725586,False,980,968,4.17780876159668,200
1775114974.656652,write,k3,605.2987575531006,False,969,969,,201
1775114974.670047,read,k3,109.67421531677246,False,980,969,13.39101791381836,200
1775114974.675984,write,k1,607.1648597717285,False,979,979,,201
1775114974.676378,write,k3,608.522891998291,False,970,970,,201
1775114974.680991,read,k4,109.42292213439941,False,975,970,229.00986671447754,200
1775114974.68997,read,k2,105.10420799255371,False,1042,1035,60.649871826171875,200
1775114974.690359,read,k1,105.11493682861328,False,981,979,14.375925064086914,200
1775114974.720547,write,k1,609.6677780151367,False,980,980,,201
1775114974.73426,write,k2,608.311653137207,False,1036,1036,,201
1775114974.776067,read,k1,107.86700248718262,False,983,980,55.51719665527344,200
1775114974.784065,write,k2,611.0877990722656,False,1037,1037,,201
1775114974.784744,write,k3,607.6498031616211,False,971,971,,201
1775114974.7909791,read,k1,105.41582107543945,False,983,980,70.43099403381348,200
1775114974.793001,read,k3,106.6896915435791,False,982,971,8.254289627075195,200
1775114974.795151,write,k3,609.1580390930176,False,973,973,,201
1775114974.795773,write,k3,610.8388900756836,False,972,972,,201
1775114974.8047318,read,k4,108.9479923248291,False,979,970,352.74696350097656,200
1775114974.810577,read,k4,110.87918281555176,False,979,970,358.5929870605469,200
1775114974.812622,write,k2,605.4670810699463,False,1038,1038,,201
1775114974.83676,read,k2,106.87780380249023,False,1043,1038,24.135828018188477,200
1775114974.850573,write,k2,612.0309829711914,False,1039,1039,,201
1775114974.8512352,write,k3,611.6881370544434,False,974,974,,201
1775114974.8520792,write,k2,609.9462509155273,False,1040,1040,,201
1775114974.8789408,write,k5,612.8129959106445,False,1001,1001,,201
1775114974.8811688,write,k5,610.4269027709961,False,1002,1002,,201
1775114974.881689,write,k5,608.2801818847656,False,1003,1003,,201
1775114974.882228,write,k2,615.001916885376,False,1041,1041,,201
1775114974.888682,read,k3,107.17010498046875,False,982,974,37.4448299407959,200
1775114974.897411,read,k2,109.75384712219238,False,1043,1041,15.236854553222656,200
1775114974.8985431,read,k5,110.15892028808594,False,1012,1003,16.854047775268555,200
1775114974.904442,read,k1,106.22811317443848,False,983,980,183.8970184326172,200
1775114974.9067678,write,k4,606.1592102050781,False,971,971,,201
1775114974.908127,write,k5,608.2987785339355,False,1004,1004,,201
1775114974.921469,read,k3,106.60004615783691,False,983,974,70.22905349731445,200
1775114974.923402,write,k2,608.206033706665,False,1042,1042,,201
1775114974.923646,write,k1,606.5669059753418,False,981,981,,201
1775114974.9249868,read,k5,108.45589637756348,False,1012,1004,16.85500144958496,200
1775114974.925545,write,k3,608.0358028411865,False,975,975,,201
1775114974.950335,read,k4,108.00290107727051,False,981,971,43.564796447753906,200
1775114974.951531,write,k5,609.5499992370605,False,1006,1006,,201
1775114974.951823,write,k5,611.9811534881592,False,1005,1005,,201
1775114974.9648561,read,k2,109.64298248291016,False,1043,1042,41.45193099975586,200
1775114974.965585,read,k3,109.7111701965332,False,983,975,40.0390625,200
1775114974.967869,write,k4,612.6751899719238,False,972,972,,201
1775114974.968151,read,k4,105.75985908508301,False,981,972,0.28395652770996094,200
1775114974.9751732,write,k4,606.5540313720703,False,973,973,,201
1775114974.995809,read,k2,112.92815208435059,False,1043,1042,72.4039077758789,200
1775114974.99755,read,k4,108.37769508361816,False,981,973,22.37701416015625,200
1775114975.00644,write,k4,608.8089942932129,False,974,974,,201
1775114975.0126069,read,k2,106.54520988464355,False,1045,1042,89.2021656036377,200
1775114975.013184,read,k4,106.86302185058594,False,982,974,6.745815277099609,200
1775114975.039113,read,k1,105.41200637817383,False,985,981,115.46492576599121,200
1775114975.0393758,write,k3,616.4560317993164,False,976,976,,201
1775114975.039553,read,k3,115.84806442260742,False,984,976,0.17690658569335938,200
1775114975.039711,read,k4,113.04497718811035,False,983,974,33.27488899230957,200
1775114975.039867,write,k5,614.8450374603271,False,1007,1007,,201
1775114975.040044,write,k3,614.232063293457,False,977,977,,201
1775114975.057269,write,k3,608.4768772125244,False,978,978,,201
1775114975.063505,read,k5,106.33206367492676,False,1013,1007,23.633718490600586,200
1775114975.0684512,write,k3,609.1349124908447,False,979,979,,201
1775114975.068832,read,k3,105.45587539672852,False,986,979,0.3819465637207031,200
1775114975.099415,write,k3,620.8930015563965,False,980,980,,201
1775114975.099714,read,k4,117.16294288635254,False,985,974,93.2767391204834,200
1775114975.099939,write,k5,619.6439266204834,False,1008,1008,,201
1775114975.113219,read,k1,107.79285430908203,False,985,981,189.57090377807617,200
1775114975.1158268,read,k5,107.88893699645996,False,1014,1008,15.886068344116211,200
1775114975.119148,read,k1,103.78170013427734,False,985,981,195.50085067749023,200
1775114975.12159,write,k5,605.0372123718262,False,1009,1009,,201
1775114975.1285481,read,k3,107.48481750488281,False,987,980,29.130935668945312,200
1775114975.150369,read,k4,105.6051254272461,False,985,974,143.92971992492676,200
1775114975.150644,read,k3,110.22377014160156,False,987,980,51.23090744018555,200
1775114975.150816,read,k3,106.49919509887695,False,987,980,51.403045654296875,200
1775114975.1509929,read,k5,103.62982749938965,False,1015,1009,29.40225601196289,200
1775114975.155968,read,k2,107.4070930480957,False,1046,1042,232.56707191467285,200
1775114975.156109,write,k4,606.7283153533936,False,975,975,,201
1775114975.1618938,write,k5,608.0999374389648,False,1010,1010,,201
1775114975.183985,read,k5,106.31489753723145,False,1015,1010,22.08995819091797,200
1775114975.185416,write,k4,608.762264251709,False,977,977,,201
1775114975.1855261,write,k4,611.9019985198975,False,976,976,,201
1775114975.189106,write,k5,607.7671051025391,False,1011,1011,,201
1775114975.189204,write,k3,608.2653999328613,False,981,981,,201
1775114975.206947,read,k5,103.96885871887207,False,1015,1011,17.841339111328125,200
1775114975.209943,read,k5,102.96487808227539,False,1015,1011,20.83730697631836,200
1775114975.213515,read,k3,103.84202003479004,False,988,981,24.311065673828125,200
1775114975.2183669,write,k3,607.9611778259277,False,982,982,,201
1775114975.229475,read,k3,106.76074028015137,False,988,982,11.108160018920898,200
1775114975.2399108,write,k1,606.5542697906494,False,982,982,,201
1775114975.243375,write,k5,606.9011688232422,False,1012,1012,,201
1775114975.245613,write,k1,606.2531471252441,False,983,983,,201
1775114975.253731,write,k4,609.1938018798828,False,978,978,,201
1775114975.259438,read,k1,105.0112247467041,False,987,983,13.823986053466797,200
1775114975.2612638,read,k5,106.55879974365234,False,1016,1012,17.889022827148438,200
1775114975.262283,read,k3,103.62124443054199,False,988,982,43.91598701477051,200
1775114975.264436,read,k4,102.50401496887207,False,989,978,10.705947875976562,200
1775114975.2710989,read,k1,104.69603538513184,False,988,983,25.48503875732422,200
1775114975.290415,read,k1,102.62298583984375,False,988,983,44.80099678039551,200
1775114975.293819,read,k4,104.58970069885254,False,989,978,40.08793830871582,200
1775114975.2954922,read,k2,104.61020469665527,False,1047,1042,372.09200859069824,200
1775114975.2974012,read,k1,104.67982292175293,False,988,983,51.78689956665039,200
1775114975.29949,write,k2,620.6648349761963,False,1043,1043,,201
1775114975.299573,write,k4,620.2182769775391,False,979,979,,201
1775114975.316643,read,k1,103.51800918579102,False,988,983,71.0289478302002,200
1775114975.325948,read,k3,104.0189266204834,False,988,982,107.58090019226074,200
1775114975.329752,read,k3,104.26616668701172,False,988,982,111.38510704040527,200
1775114975.3505988,write,k4,612.7538681030273,False,980,980,,201
1775114975.356899,read,k2,103.36685180664062,False,1047,1043,57.409048080444336,200
1775114975.371178,read,k2,104.54702377319336,False,1049,1043,71.68698310852051,200
1775114975.3824298,read,k3,105.22794723510742,False,989,982,164.0629768371582,200
1775114975.396276,read,k3,103.43384742736816,False,989,982,177.90627479553223,200
1775114975.4051359,write,k3,609.1811656951904,False,983,983,,201
1775114975.405287,read,k4,105.97610473632812,False,992,980,54.6872615814209,200
1775114975.407365,write,k4,609.9410057067871,False,981,981,,201
1775114975.407498,read,k5,103.37090492248535,False,1018,1012,164.1228199005127,200
1775114975.407625,read,k2,105.49402236938477,False,1049,1043,108.13498497009277,200
1775114975.416984,write,k1,611.9959354400635,False,984,984,,201
1775114975.424384,write,k1,606.8551540374756,False,985,985,,201
1775114975.439753,read,k4,104.16889190673828,False,994,981,32.387733459472656,200
1775114975.458239,read,k1,102.33592987060547,False,989,985,33.85496139526367,200
1775114975.495274,write,k3,608.3698272705078,False,984,984,,201
1775114975.5001101,write,k2,609.9340915679932,False,1044,1044,,201
1775114975.502311,write,k2,605.7920455932617,False,1045,1045,,201
1775114975.5086348,read,k4,104.74514961242676,False,995,981,101.26686096191406,200
1775114975.5091898,write,k4,607.4559688568115,False,982,982,,201
1775114975.516154,write,k5,606.1968803405762,False,1013,1013,,201
1775114975.5166998,read,k3,105.09896278381348,False,991,984,21.424055099487305,200
1775114975.52233,write,k4,605.241060256958,False,983,983,,201
1775114975.530977,read,k3,103.93619537353516,False,992,984,35.70103645324707,200
1775114975.531349,read,k4,105.36909103393555,False,997,983,9.018898010253906,200
1775114975.544401,write,k3,617.2389984130859,False,985,985,,201
1775114975.5449338,write,k3,616.4138317108154,False,986,986,,201
1775114975.5542989,read,k2,107.85388946533203,False,1050,1045,51.98383331298828,200
1775114975.562019,write,k2,607.0008277893066,False,1046,1046,,201
1775114975.571222,read,k4,104.09021377563477,False,997,983,48.88916015625,200
1775114975.575596,write,k5,607.0582866668701,False,1014,1014,,201
1775114975.57712,write,k4,607.6598167419434,False,984,984,,201
1775114975.580752,write,k3,607.201099395752,False,987,987,,201
1775114975.5826309,write,k4,607.3319911956787,False,985,985,,201
1775114975.618604,write,k5,614.4001483917236,False,1015,1015,,201
1775114975.621492,read,k2,107.47909545898438,False,1050,1046,59.47113037109375,200
1775114975.630097,read,k2,109.16399955749512,False,1050,1046,68.07827949523926,200
1775114975.632673,read,k1,105.46088218688965,False,991,985,208.28700065612793,200
1775114975.643418,read,k1,108.51716995239258,False,991,985,219.02894973754883,200
1775114975.643925,read,k5,108.27398300170898,False,1022,1015,25.323867797851562,200
1775114975.647367,write,k1,606.3308715820312,False,986,986,,201
1775114975.658089,read,k3,109.19475555419922,False,993,987,77.33392715454102,200
1775114975.6735418,write,k4,606.4810752868652,False,986,986,,201
1775114975.674144,write,k1,608.361005783081,False,987,987,,201
1775114975.680866,read,k2,106.49919509887695,False,1050,1046,118.84713172912598,200
1775114975.6870332,write,k3,611.3030910491943,False,988,988,,201
1775114975.694494,read,k1,108.53695869445801,False,991,987,20.347118377685547,200
1775114975.724674,write,k5,607.9490184783936,False,1016,1016,,201
1775114975.7295082,write,k4,608.2570552825928,False,987,987,,201
1775114975.732724,read,k2,105.88383674621582,False,1051,1046,170.70627212524414,200
1775114975.733064,write,k4,607.1653366088867,False,988,988,,201
1775114975.7425332,write,k4,608.7660789489746,False,989,989,,201
1775114975.750027,read,k5,108.68310928344727,False,1022,1016,25.35390853881836,200
1775114975.757663,read,k2,108.0012321472168,False,1051,1046,195.64509391784668,200
1775114975.7602408,read,k3,106.77623748779297,False,997,988,73.20809364318848,200
1775114975.765888,write,k2,608.2479953765869,False,1047,1047,,201
1775114975.7692611,write,k1,608.5529327392578,False,988,988,,201
1775114975.78637,read,k4,108.92486572265625,False,1001,989,43.83373260498047,200
1775114975.799001,read,k4,106.16183280944824,False,1002,989,56.465864181518555,200
1775114975.800674,write,k4,608.0958843231201,False,990,990,,201
1775114975.824648,write,k1,606.0020923614502,False,989,989,,201
1775114975.832486,read,k3,104.97093200683594,False,997,988,145.45297622680664,200
1775114975.843966,read,k1,106.84895515441895,False,992,989,19.317150115966797,200
1775114975.847301,read,k2,106.6749095916748,False,1051,1047,81.41016960144043,200
1775114975.8478878,write,k4,608.7949275970459,False,991,991,,201
1775114975.855702,read,k3,110.92209815979004,False,998,988,168.6699390411377,200
1775114975.856509,write,k3,608.3991527557373,False,989,989,,201
1775114975.857364,write,k4,610.2378368377686,False,992,992,,201
1775114975.8685791,write,k5,609.8151206970215,False,1017,1017,,201
1775114975.874447,write,k2,609.1597080230713,False,1048,1048,,201
1775114975.875208,write,k2,608.8988780975342,False,1049,1049,,201
1775114975.8766909,read,k5,105.5450439453125,False,1025,1017,8.110284805297852,200
1775114975.877653,write,k5,608.7143421173096,False,1018,1018,,201
1775114975.883848,read,k4,107.32412338256836,False,1003,992,26.482343673706055,200
1775114975.911922,write,k4,607.2204113006592,False,993,993,,201
1775114975.912487,read,k5,107.72919654846191,False,1025,1018,34.832000732421875,200
1775114975.9128928,write,k4,607.471227645874,False,994,994,,201
1775114975.930055,write,k5,606.9021224975586,False,1019,1019,,201
1775114975.938441,write,k3,604.6919822692871,False,990,990,,201
1775114975.948603,read,k2,105.98397254943848,False,1052,1049,73.39191436767578,200
1775114975.958434,read,k4,108.5813045501709,False,1003,994,45.536041259765625,200
1775114975.963794,read,k2,113.1589412689209,False,1052,1049,88.58108520507812,200
1775114975.9679308,read,k3,107.31315612792969,False,999,990,29.470205307006836,200
1775114975.9692779,write,k3,604.658842086792,False,991,991,,201
1775114975.976564,read,k5,110.11266708374023,False,1027,1019,46.508073806762695,200
1775114975.983308,read,k3,104.7980785369873,False,999,991,14.027118682861328,200
1775114975.990828,write,k2,610.7301712036133,False,1050,1050,,201
1775114975.9914088,read,k1,108.97994041442871,False,993,989,166.762113571167,200
1775114975.99184,read,k3,108.6568832397461,False,999,991,22.56178855895996,200
1775114975.992235,read,k3,109.41386222839355,False,999,991,22.957801818847656,200
1775114975.992621,write,k4,607.1600914001465,False,995,995,,201
1775114976.000597,read,k5,108.13784599304199,False,1027,1019,70.5418586730957,200
1775114976.017617,write,k4,607.9010963439941,False,996,996,,201
1775114976.021052,write,k4,607.9490184783936,False,997,997,,201
1775114976.026897,write,k1,609.7888946533203,False,990,990,,201
1775114976.0274692,write,k3,611.6790771484375,False,992,992,,201
1775114976.027887,read,k5,106.71830177307129,False,1027,1019,97.83196449279785,200
1775114976.04804,read,k4,106.00900650024414,False,1007,997,26.98493003845215,200
1775114976.068646,read,k3,106.26578330993652,False,1000,992,41.17393493652344,200
1775114976.07535,read,k4,108.62493515014648,False,1007,997,54.29506301879883,200
1775114976.0803862,read,k4,105.0267219543457,False,1007,997,59.332847595214844,200
1775114976.084296,read,k3,105.69500923156738,False,1000,992,56.826114654541016,200
1775114976.094164,read,k3,106.95815086364746,False,1000,992,66.6952133178711,200
1775114976.107079,write,k5,605.8378219604492,False,1020,1020,,201
1775114976.107666,read,k3,108.89697074890137,False,1000,992,80.19709587097168,200
1775114976.109171,read,k1,107.1479320526123,False,995,990,82.26799964904785,200
1775114976.114306,write,k3,608.2723140716553,False,993,993,,201
1775114976.114698,write,k5,607.2192192077637,False,1021,1021,,201
1775114976.121537,write,k5,607.0692539215088,False,1022,1022,,201
1775114976.131985,read,k2,107.54704475402832,False,1054,1050,141.157865524292,200
1775114976.132589,write,k1,607.3112487792969,False,991,991,,201
1775114976.132996,read,k3,103.77788543701172,False,1001,993,18.690109252929688,200
1775114976.1420102,read,k4,107.19633102416992,False,1008,997,120.9568977355957,200
1775114976.162265,write,k3,608.9410781860352,False,994,994,,201
1775114976.1625652,read,k1,105.82280158996582,False,995,991,29.978275299072266,200
1775114976.166174,write,k3,609.4987392425537,False,995,995,,201
1775114976.179896,write,k3,608.4139347076416,False,996,996,,201
1775114976.1894321,write,k2,609.7779273986816,False,1051,1051,,201
1775114976.193024,write,k4,608.0119609832764,False,998,998,,201
1775114976.1933389,read,k5,108.08014869689941,False,1028,1022,71.80094718933105,200
1775114976.1950579,read,k2,105.44323921203613,False,1055,1051,5.627155303955078,200
1775114976.1953018,read,k5,106.4748764038086,False,1028,1022,73.76408576965332,200
1775114976.200625,write,k1,607.7108383178711,False,992,992,,201
1775114976.217983,read,k3,106.86206817626953,False,1003,996,38.08903694152832,200
1775114976.235394,read,k3,107.05375671386719,False,1003,996,55.50122261047363,200
1775114976.237031,write,k4,609.015941619873,False,999,999,,201
1775114976.243306,read,k3,106.36615753173828,False,1003,996,63.413143157958984,200
1775114976.246156,read,k5,104.0349006652832,False,1029,1022,124.6178150177002,200
1775114976.247157,read,k1,103.62005233764648,False,996,992,46.53191566467285,200
1775114976.248729,write,k4,609.0199947357178,False,1000,1000,,201
1775114976.256541,write,k3,609.0450286865234,False,997,997,,201
1775114976.278168,write,k4,610.2991104125977,False,1001,1001,,201
1775114976.2844522,write,k4,607.9239845275879,False,1002,1002,,201
1775114976.289939,write,k5,606.072187423706,False,1023,1023,,201
1775114976.292107,read,k2,104.89320755004883,False,1056,1051,102.6771068572998,200
1775114976.297869,read,k2,104.47120666503906,False,1056,1051,108.43920707702637,200
1775114976.299124,read,k1,102.27823257446289,False,998,992,98.50001335144043,200
1775114976.3060942,write,k4,609.4019412994385,False,1003,1003,,201
1775114976.3079739,read,k1,104.16579246520996,False,998,992,107.35011100769043,200
1775114976.308256,read,k5,104.1707992553711,False,1029,1023,18.316984176635742,200
1775114976.324417,read,k2,103.79409790039062,False,1056,1051,134.98711585998535,200
1775114976.34127,read,k4,102.54526138305664,False,1011,1003,35.17508506774902,200
1775114976.3453429,read,k2,102.90193557739258,False,1056,1051,155.9140682220459,200
1775114976.345454,write,k3,607.9287528991699,False,998,998,,201
1775114976.349345,read,k5,101.8521785736084,False,1029,1023,59.40508842468262,200
1775114976.3659809,write,k5,607.1338653564453,False,1024,1024,,201
1775114976.374721,write,k5,606.5959930419922,False,1025,1025,,201
1775114976.3775868,write,k1,610.8582019805908,False,993,993,,201
1775114976.402624,write,k2,608.1209182739258,False,1052,1052,,201
1775114976.403053,read,k4,103.88398170471191,False,1014,1003,96.95601463317871,200
1775114976.410592,read,k3,102.80227661132812,False,1005,998,65.13404846191406,200
1775114976.416329,read,k2,102.45418548583984,False,1057,1052,13.705968856811523,200
1775114976.416548,read,k3,102.34999656677246,False,1006,998,71.09403610229492,200
1775114976.4185832,write,k5,608.3829402923584,False,1026,1026,,201
1775114976.42851,read,k3,102.37789154052734,False,1006,998,83.05191993713379,200
1775114976.432265,write,k5,605.5490970611572,False,1027,1027,,201
1775114976.4513001,read,k2,102.26678848266602,False,1057,1052,48.67815971374512,200
1775114976.451523,read,k1,103.00326347351074,False,1002,993,73.93598556518555,200
1775114976.464494,write,k4,612.8530502319336,False,1004,1004,,201
1775114976.467217,write,k3,607.4318885803223,False,999,999,,201
1775114976.482295,write,k4,609.4510555267334,False,1005,1005,,201
1775114976.5162802,read,k3,105.48591613769531,False,1008,999,49.060821533203125,200
1775114976.51672,read,k3,105.24177551269531,False,1008,999,49.50380325317383,200
1775114976.5316439,write,k4,609.0917587280273,False,1007,1007,,201
1775114976.532013,write,k4,612.6680374145508,False,1006,1006,,201
1775114976.534615,read,k5,103.84678840637207,False,1029,1027,102.34713554382324,200
1775114976.536605,write,k2,604.8908233642578,False,1053,1053,,201
1775114976.5427468,read,k4,104.9661636352539,False,1018,1007,10.73312759399414,200
1775114976.560255,read,k1,104.31194305419922,False,1004,993,182.6651096343994,200
1775114976.563945,write,k3,608.3929538726807,False,1000,1000,,201
1775114976.5707362,read,k2,104.60495948791504,False,1059,1053,34.12914276123047,200
1775114976.585974,write,k1,608.2150936126709,False,994,994,,201
1775114976.5953228,read,k1,103.53207588195801,False,1005,994,9.348154067993164,200
1775114976.609656,write,k3,609.8029613494873,False,1001,1001,,201
1775114976.610322,write,k4,608.6971759796143,False,1008,1008,,201
1775114976.611261,write,k1,611.8378639221191,False,995,995,,201
1775114976.613291,write,k5,607.2630882263184,False,1028,1028,,201
1775114976.6238332,read,k5,104.93803024291992,False,1029,1028,10.542154312133789,200
1775114976.6266701,write,k2,607.2452068328857,False,1054,1054,,201
1775114976.627111,read,k2,105.25798797607422,False,1059,1054,0.4410743713378906,200
1775114976.6369631,write,k2,606.8379878997803,False,1055,1055,,201
1775114976.646699,read,k4,107.0702075958252,False,1018,1008,36.37504577636719,200
1775114976.678824,write,k4,608.6599826812744,False,1009,1009,,201
1775114976.70686,write,k3,607.9609394073486,False,1002,1002,,201
1775114976.717653,write,k3,607.7032089233398,False,1003,1003,,201
1775114976.720042,write,k4,607.6011657714844,False,1010,1010,,201
1775114976.723938,read,k1,106.37998580932617,False,1006,995,112.67471313476562,200
1775114976.7302132,write,k2,607.7499389648438,False,1056,1056,,201
1775114976.730932,read,k2,108.06012153625488,False,1060,1056,0.7202625274658203,200
1775114976.7313359,write,k1,609.6670627593994,False,996,996,,201
1775114976.7378829,read,k1,107.87105560302734,False,1006,996,6.5441131591796875,200
1775114976.747285,write,k5,609.6899509429932,False,1029,1029,,201
1775114976.772052,write,k1,607.4419021606445,False,997,997,,201
1775114976.783836,write,k1,612.0970249176025,False,998,998,,201
1775114976.784522,write,k3,608.3757877349854,False,1004,1004,,201
1775114976.7984068,read,k2,109.58480834960938,False,1061,1056,68.1910514831543,200
1775114976.8121889,write,k4,608.9701652526855,False,1011,1011,,201
1775114976.814222,write,k3,606.4538955688477,False,1005,1005,,201
1775114976.824904,read,k2,108.97397994995117,False,1061,1056,94.69103813171387,200
1775114976.839597,read,k1,107.70678520202637,False,1006,998,55.75919151306152,200
1775114976.8402472,read,k1,106.42409324645996,False,1006,998,56.411027908325195,200
1775114976.8523579,write,k4,606.611967086792,False,1012,1012,,201
1775114976.852899,read,k2,108.45398902893066,False,1062,1056,122.68495559692383,200
1775114976.8602939,write,k1,608.1922054290771,False,999,999,,201
1775114976.8606951,write,k4,607.1898937225342,False,1013,1013,,201
1775114976.868182,read,k2,110.31222343444824,False,1062,1056,137.9690170288086,200
1775114976.86976,write,k1,605.118989944458,False,1000,1000,,201
1775114976.891095,read,k3,108.97994041442871,False,1011,1005,76.87211036682129,200
1775114976.891653,write,k1,607.9888343811035,False,1001,1001,,201
1775114976.8927948,write,k1,604.9699783325195,False,1002,1002,,201
1775114976.906263,write,k4,609.1668605804443,False,1014,1014,,201
1775114976.9100869,write,k2,607.6920032501221,False,1057,1057,,201
1775114976.918586,write,k3,604.8362255096436,False,1006,1006,,201
1775114976.932271,read,k1,109.76099967956543,False,1007,1002,39.46876525878906,200
1775114976.939585,read,k5,107.89680480957031,False,1037,1029,192.29888916015625,200
1775114976.9498508,read,k2,106.79101943969727,False,1063,1057,39.76082801818848,200
1775114976.96204,write,k2,608.4921360015869,False,1058,1058,,201
1775114976.962776,write,k3,609.1098785400391,False,1007,1007,,201
1775114976.977747,write,k1,606.7662239074707,False,1003,1003,,201
1775114976.978859,read,k2,108.13283920288086,False,1065,1058,16.81995391845703,200
1775114976.9892852,write,k3,607.5119972229004,False,1008,1008,,201
1775114976.993502,write,k4,610.4910373687744,False,1015,1015,,201
1775114977.00453,read,k4,107.86890983581543,False,1026,1015,11.02590560913086,200
1775114977.006886,read,k3,105.8356761932373,False,1011,1008,17.60101318359375,200
1775114977.018626,write,k4,605.1042079925537,False,1016,1016,,201
1775114977.022678,read,k1,106.19282722473145,False,1007,1003,44.92974281311035,200
1775114977.0252988,write,k4,604.9966812133789,False,1018,1018,,201
1775114977.025713,write,k4,607.0168018341064,False,1017,1017,,201
1775114977.033095,write,k1,610.3818416595459,False,1004,1004,,201
1775114977.05541,read,k1,105.29589653015137,False,1007,1004,22.311925888061523,200
1775114977.0601861,write,k2,605.9920787811279,False,1059,1059,,201
1775114977.094783,write,k1,617.5379753112793,False,1005,1005,,201
1775114977.09499,read,k4,112.31517791748047,False,1027,1018,69.27704811096191,200
1775114977.0981278,read,k3,106.0340404510498,False,1013,1008,108.84618759155273,200
1775114977.154322,write,k4,611.4590167999268,False,1019,1019,,201
1775114977.1548228,write,k3,607.6228618621826,False,1009,1009,,201
1775114977.1551712,read,k3,124.71508979797363,False,1014,1009,0.34689903259277344,200
1775114977.1554759,write,k1,616.6729927062988,False,1006,1006,,201
1775114977.155766,read,k1,120.54610252380371,False,1008,1006,0.2880096435546875,200
1775114977.156072,write,k5,611.9508743286133,False,1030,1030,,201
1775114977.172745,write,k4,606.7609786987305,False,1020,1020,,201
1775114977.184142,write,k4,617.1770095825195,False,1021,1021,,201
1775114977.184615,read,k3,112.54501342773438,False,1015,1009,29.78992462158203,200
1775114977.190291,write,k4,609.4357967376709,False,1022,1022,,201
1775114977.204213,write,k4,608.2899570465088,False,1023,1023,,201
1775114977.205995,read,k5,108.35385322570801,False,1043,1030,49.919843673706055,200
1775114977.206347,read,k1,105.89194297790527,False,1009,1006,50.868988037109375,200
1775114977.210332,write,k2,607.5339317321777,False,1060,1060,,201
1775114977.223136,write,k5,608.8240146636963,False,1031,1031,,201
1775114977.2235808,write,k3,608.5629463195801,False,1010,1010,,201
1775114977.239588,write,k5,610.576868057251,False,1032,1032,,201
1775114977.243636,write,k5,607.4481010437012,False,1033,1033,,201
1775114977.2552,write,k2,608.3159446716309,False,1061,1061,,201
1775114977.269484,write,k5,611.6528511047363,False,1034,1034,,201
1775114977.2701828,read,k1,109.64488983154297,False,1009,1006,114.70317840576172,200
1775114977.272042,read,k4,107.26523399353027,False,1028,1023,67.82913208007812,200
1775114977.272406,read,k1,106.84514045715332,False,1009,1006,116.9281005859375,200
1775114977.2727392,read,k4,110.7478141784668,False,1028,1023,68.5272216796875,200
1775114977.291751,read,k5,109.33494567871094,False,1044,1034,22.266149520874023,200
1775114977.292711,read,k2,107.19799995422363,False,1069,1061,37.51230239868164,200
1775114977.324227,read,k1,106.5359115600586,False,1010,1006,168.7450408935547,200
1775114977.324805,read,k1,109.85612869262695,False,1010,1006,169.3272590637207,200
1775114977.3297868,write,k3,607.9428195953369,False,1011,1011,,201
1775114977.339585,write,k4,611.785888671875,False,1024,1024,,201
1775114977.3400052,read,k4,107.31697082519531,False,1028,1024,0.4200935363769531,200
1775114977.3569229,write,k2,615.703821182251,False,1062,1062,,201
1775114977.358049,write,k5,623.8410472869873,False,1035,1035,,201
1775114977.382347,read,k2,106.51493072509766,False,1072,1062,25.421142578125,200
1775114977.383573,read,k4,106.781005859375,False,1029,1024,43.98798942565918,200
1775114977.3908858,read,k4,109.19690132141113,False,1030,1024,51.301002502441406,200
1775114977.4043121,write,k5,610.496997833252,False,1036,1036,,201
1775114977.4047968,write,k1,610.1517677307129,False,1007,1007,,201
1775114977.4070342,read,k2,106.4298152923584,False,1072,1062,50.11105537414551,200
1775114977.409039,write,k5,607.6219081878662,False,1037,1037,,201
1775114977.431464,write,k2,609.7190380096436,False,1063,1063,,201
1775114977.443914,read,k5,108.57319831848145,False,1045,1037,34.87205505371094,200
1775114977.444342,read,k5,109.83085632324219,False,1045,1037,35.30287742614746,200
1775114977.45597,write,k2,613.602876663208,False,1064,1064,,201
1775114977.4564102,read,k3,109.64393615722656,False,1019,1011,126.62196159362793,200
1775114977.456746,read,k2,109.05194282531738,False,1072,1064,0.7779598236083984,200
1775114977.4702652,write,k2,612.3268604278564,False,1065,1065,,201
1775114977.470918,write,k5,612.2570037841797,False,1038,1038,,201
1775114977.473204,write,k4,608.3569526672363,False,1025,1025,,201
1775114977.480215,write,k4,609.0891361236572,False,1026,1026,,201
1775114977.481877,write,k2,605.5889129638672,False,1066,1066,,201
1775114977.503278,read,k3,106.76407814025879,False,1019,1011,173.48885536193848,200
1775114977.503757,read,k1,110.33415794372559,False,1013,1007,98.95896911621094,200
1775114977.515347,write,k4,612.7738952636719,False,1027,1027,,201
1775114977.517785,read,k3,105.2701473236084,False,1020,1011,187.99710273742676,200
1775114977.519912,read,k4,106.38117790222168,False,1031,1027,4.566192626953125,200
1775114977.5234208,write,k2,611.9201183319092,False,1067,1067,,201
1775114977.5372381,write,k3,609.2479228973389,False,1012,1012,,201
1775114977.550485,write,k5,612.6818656921387,False,1039,1039,,201
1775114977.5635068,write,k5,608.8099479675293,False,1040,1040,,201
1775114977.565967,read,k5,111.62805557250977,False,1046,1040,2.4590492248535156,200
1775114977.571021,read,k1,107.32698440551758,False,1013,1007,166.22090339660645,200
1775114977.571483,read,k4,110.12387275695801,False,1033,1027,56.138038635253906,200
1775114977.573938,write,k5,609.0559959411621,False,1041,1041,,201
1775114977.580103,read,k3,104.35199737548828,False,1020,1012,42.864322662353516,200
1775114977.5817459,read,k2,104.4929027557373,False,1074,1067,58.32505226135254,200
1775114977.586091,write,k1,613.6469841003418,False,1008,1008,,201
1775114977.59971,read,k2,109.70592498779297,False,1074,1067,76.28798484802246,200
1775114977.6039,write,k3,617.3229217529297,False,1013,1013,,201
1775114977.6173089,write,k4,614.260196685791,False,1028,1028,,201
1775114977.618736,read,k5,108.54411125183105,False,1048,1041,44.795989990234375,200
1775114977.6247082,read,k5,103.81102561950684,False,1048,1041,50.76885223388672,200
1775114977.625262,write,k3,611.9632720947266,False,1014,1014,,201
1775114977.62563,write,k5,611.4261150360107,False,1042,1042,,201
1775114977.6325629,read,k5,106.13298416137695,False,1048,1042,6.927013397216797,200
1775114977.6330082,write,k2,609.4539165496826,False,1068,1068,,201
1775114977.6334028,read,k5,108.16478729248047,False,1048,1042,7.771968841552734,200
1775114977.6498969,read,k3,108.03985595703125,False,1020,1014,24.63221549987793,200
1775114977.65056,write,k5,620.7060813903809,False,1043,1043,,201
1775114977.66011,write,k3,619.9381351470947,False,1015,1015,,201
1775114977.670665,write,k1,611.9370460510254,False,1009,1009,,201
1775114977.671105,read,k5,105.00907897949219,False,1048,1043,20.543813705444336,200
1775114977.6785018,read,k4,111.22393608093262,False,1034,1028,61.192989349365234,200
1775114977.68815,read,k3,105.60894012451172,False,1020,1015,28.03802490234375,200
1775114977.710647,read,k5,116.10293388366699,False,1048,1043,60.083866119384766,200
1775114977.713084,read,k3,106.42671585083008,False,1022,1015,52.97517776489258,200
1775114977.715811,write,k2,606.9886684417725,False,1069,1069,,201
1775114977.731997,read,k5,109.97486114501953,False,1048,1043,81.43401145935059,200
1775114977.760791,read,k3,120.19991874694824,False,1023,1015,100.67987442016602,200
1775114977.7616289,read,k1,116.73593521118164,False,1018,1009,90.96598625183105,200
1775114977.7649338,read,k2,106.6431999206543,False,1078,1069,49.12209510803223,200
1775114977.766711,read,k3,104.9799919128418,False,1023,1015,106.60290718078613,200
1775114977.77299,write,k5,611.5789413452148,False,1044,1044,,201
1775114977.773396,write,k3,611.6719245910645,False,1016,1016,,201
1775114977.7863429,read,k1,105.43608665466309,False,1018,1009,115.6771183013916,200
1775114977.807246,write,k2,608.4878444671631,False,1070,1070,,201
1775114977.8085,write,k1,613.0247116088867,False,1010,1010,,201
1775114977.817618,write,k3,608.8838577270508,False,1017,1017,,201
1775114977.8183239,read,k1,103.92189025878906,False,1018,1010,9.819746017456055,200
1775114977.826539,write,k2,610.0058555603027,False,1071,1071,,201
1775114977.827019,read,k3,108.51812362670898,False,1023,1017,9.40394401550293,200
1775114977.829223,read,k2,105.95893859863281,False,1080,1071,2.6831626892089844,200
1775114977.838704,write,k3,608.9890003204346,False,1018,1018,,201
1775114977.848088,read,k4,106.1391830444336,False,1034,1028,230.77774047851562,200
1775114977.8738308,write,k1,626.0049343109131,False,1011,1011,,201
1775114977.874093,write,k3,621.6428279876709,False,1019,1019,,201
1775114977.874701,write,k4,611.7031574249268,False,1029,1029,,201
1775114977.876194,read,k5,105.40008544921875,False,1050,1044,103.20520401000977,200
1775114977.878164,read,k4,106.57405853271484,False,1034,1029,3.4627914428710938,200
1775114977.880107,write,k2,607.2890758514404,False,1072,1072,,201
1775114977.8882968,write,k4,608.483076095581,False,1030,1030,,201
1775114977.898217,read,k4,105.51309585571289,False,1034,1030,9.918928146362305,200
1775114977.911179,write,k5,611.940860748291,False,1045,1045,,201
1775114977.9252741,read,k3,106.79888725280762,False,1025,1019,51.17917060852051,200
1775114977.925809,read,k1,103.98387908935547,False,1020,1011,51.980018615722656,200
1775114977.933995,read,k4,105.71432113647461,False,1035,1030,45.693159103393555,200
1775114977.9515688,write,k1,614.8960590362549,False,1012,1012,,201
1775114977.9694872,write,k5,610.6240749359131,False,1046,1046,,201
1775114977.9761121,read,k3,125.44488906860352,False,1026,1019,102.01621055603027,200
1775114977.976508,write,k1,607.9132556915283,False,1013,1013,,201
1775114977.976916,read,k2,128.25894355773926,False,1080,1072,96.80581092834473,200
1775114977.983171,read,k4,104.82621192932129,False,1035,1030,94.86699104309082,200
1775114977.9853902,read,k5,106.06598854064941,False,1051,1046,15.902042388916016,200
1775114977.987222,read,k3,104.13718223571777,False,1026,1019,113.12699317932129,200
1775114977.993872,read,k4,104.58683967590332,False,1036,1030,105.57103157043457,200
1775114978.001562,write,k4,610.4750633239746,False,1031,1031,,201
1775114978.018614,write,k3,610.9499931335449,False,1020,1020,,201
1775114978.022679,read,k3,106.60290718078613,False,1026,1020,4.064083099365234,200
1775114978.023329,write,k4,611.4931106567383,False,1032,1032,,201
1775114978.0392451,read,k1,105.06987571716309,False,1022,1013,62.73388862609863,200
1775114978.03968,read,k5,103.35493087768555,False,1052,1046,70.19305229187012,200
1775114978.050297,write,k4,608.7069511413574,False,1033,1033,,201
1775114978.0744362,write,k2,621.0277080535889,False,1073,1073,,201
1775114978.0753531,write,k2,614.8898601531982,False,1074,1074,,201
1775114978.0788631,read,k1,104.54010963439941,False,1022,1013,102.35190391540527,200
1775114978.087295,write,k5,608.8318824768066,False,1047,1047,,201
1775114978.0894568,read,k1,107.76495933532715,False,1022,1013,112.94794082641602,200
1775114978.0909262,read,k4,106.8260669708252,False,1037,1033,40.63010215759277,200
1775114978.097339,write,k5,609.3811988830566,False,1048,1048,,201
1775114978.1112719,read,k2,106.5218448638916,False,1081,1074,35.91299057006836,200
1775114978.12235,write,k4,610.4772090911865,False,1034,1034,,201
1775114978.131326,read,k4,105.65304756164551,False,1037,1034,8.973121643066406,200
1775114978.131962,read,k2,110.69607734680176,False,1081,1074,56.604862213134766,200
1775114978.1345751,write,k2,607.5839996337891,False,1075,1075,,201
1775114978.14115,read,k3,108.34598541259766,False,1030,1020,122.53785133361816,200
1775114978.1545029,read,k2,105.75366020202637,False,1081,1075,19.92487907409668,200
1775114978.175693,write,k2,623.1131553649902,False,1076,1076,,201
1775114978.1814232,write,k1,606.4138412475586,False,1014,1014,,201
1775114978.18283,write,k1,606.3599586486816,False,1015,1015,,201
1775114978.184577,read,k5,104.67410087585449,False,1054,1048,87.23688125610352,200
1775114978.1926138,read,k5,107.38396644592285,False,1055,1048,95.27206420898438,200
1775114978.193392,write,k3,607.9559326171875,False,1021,1021,,201
1775114978.1961,write,k3,607.7878475189209,False,1022,1022,,201
1775114978.201657,read,k3,109.00473594665527,False,1030,1022,5.554914474487305,200
1775114978.202152,read,k1,109.91692543029785,False,1024,1015,19.320011138916016,200
1775114978.211348,read,k3,104.45713996887207,False,1030,1022,15.244007110595703,200
1775114978.213883,write,k1,611.9699478149414,False,1016,1016,,201
1775114978.232355,write,k3,606.4968109130859,False,1023,1023,,201
1775114978.234074,read,k1,108.17718505859375,False,1025,1016,20.187854766845703,200
1775114978.242909,read,k1,105.23176193237305,False,1025,1016,29.02507781982422,200
1775114978.247042,read,k2,107.78617858886719,False,1081,1076,71.35009765625,200
1775114978.251115,write,k2,617.2380447387695,False,1078,1078,,201
1775114978.251584,write,k1,618.0846691131592,False,1017,1017,,201
1775114978.2519932,write,k2,621.0267543792725,False,1077,1077,,201
1775114978.2546828,write,k1,615.7822608947754,False,1018,1018,,201
1775114978.268342,write,k5,608.015775680542,False,1049,1049,,201
1775114978.284399,write,k5,609.4667911529541,False,1050,1050,,201
1775114978.286227,read,k2,104.59303855895996,False,1081,1078,34.22808647155762,200
1775114978.2920132,read,k5,106.24265670776367,False,1055,1050,7.615804672241211,200
1775114978.29489,write,k2,606.4901351928711,False,1079,1079,,201
1775114978.2998452,read,k3,106.28819465637207,False,1032,1023,67.49105453491211,200
1775114978.303015,write,k2,608.4840297698975,False,1080,1080,,201
1775114978.303529,read,k5,106.75621032714844,False,1055,1050,19.12999153137207,200
1775114978.3099258,read,k5,106.72211647033691,False,1055,1050,25.528907775878906,200
1775114978.343082,read,k5,104.76970672607422,False,1056,1050,58.682918548583984,200
1775114978.351267,read,k4,106.00900650024414,False,1042,1034,228.91592979431152,200
1775114978.355944,read,k1,105.68785667419434,False,1027,1018,101.25994682312012,200
1775114978.3641112,read,k1,104.22492027282715,False,1027,1018,109.42482948303223,200
1775114978.3797271,write,k3,611.3872528076172,False,1024,1024,,201
1775114978.383422,write,k1,607.6240539550781,False,1019,1019,,201
1775114978.383879,write,k1,607.5468063354492,False,1020,1020,,201
1775114978.384213,write,k5,606.752872467041,False,1051,1051,,201
1775114978.395148,read,k4,106.76693916320801,False,1042,1034,272.7978229522705,200
1775114978.4015749,read,k4,106.56619071960449,False,1042,1034,279.22701835632324,200
1775114978.407383,read,k1,105.98397254943848,False,1027,1020,23.502826690673828,200
1775114978.4146261,read,k2,103.77097129821777,False,1083,1080,111.60993576049805,200
1775114978.417137,write,k3,606.3849925994873,False,1025,1025,,201
1775114978.433737,write,k4,608.2780361175537,False,1035,1035,,201
1775114978.437304,write,k1,606.6551208496094,False,1021,1021,,201
1775114978.439573,write,k3,606.8880558013916,False,1026,1026,,201
1775114978.455735,read,k5,103.83892059326172,False,1058,1051,71.5172290802002,200
1775114978.4594681,read,k2,102.12016105651855,False,1084,1080,156.45384788513184,200
1775114978.4891899,read,k1,107.54108428955078,False,1028,1021,51.88608169555664,200
1775114978.489415,write,k4,606.6939830780029,False,1036,1036,,201
1775114978.48963,write,k1,606.1351299285889,False,1022,1022,,201
1775114978.495486,write,k5,605.5951118469238,False,1052,1052,,201
1775114978.498032,read,k5,105.4542064666748,False,1058,1052,2.5472640991210938,200
1775114978.505327,read,k4,105.27515411376953,False,1043,1036,15.908002853393555,200
1775114978.5117598,read,k1,103.78408432006836,False,1029,1022,22.126197814941406,200
1775114978.5140429,write,k2,605.9892177581787,False,1081,1081,,201
1775114978.525635,read,k5,105.82900047302246,False,1058,1052,30.148029327392578,200
1775114978.538476,write,k3,606.7147254943848,False,1027,1027,,201
1775114978.543464,read,k1,101.54414176940918,False,1030,1022,53.832292556762695,200
1775114978.566779,read,k5,105.53693771362305,False,1058,1052,71.29120826721191,200
1775114978.567243,write,k4,608.2558631896973,False,1037,1037,,201
1775114978.591823,write,k3,610.9671592712402,False,1028,1028,,201
1775114978.597353,write,k1,609.9908351898193,False,1023,1023,,201
1775114978.599194,write,k5,606.497049331665,False,1053,1053,,201
1775114978.599712,read,k4,106.88996315002441,False,1043,1037,32.46808052062988,200
1775114978.601241,write,k3,606.7478656768799,False,1029,1029,,201
1775114978.602295,read,k1,105.55315017700195,False,1030,1023,4.94384765625,200
1775114978.608493,write,k3,606.6889762878418,False,1030,1030,,201
1775114978.617444,read,k5,104.65216636657715,False,1060,1053,18.24808120727539,200
1775114978.6533802,write,k5,607.1999073028564,False,1054,1054,,201
1775114978.668583,write,k4,609.8170280456543,False,1038,1038,,201
1775114978.700703,write,k5,617.584228515625,False,1055,1055,,201
1775114978.703079,write,k1,611.7870807647705,False,1024,1024,,201
1775114978.71051,read,k5,103.13582420349121,False,1062,1055,9.807825088500977,200
1775114978.7136729,read,k4,103.96504402160645,False,1046,1038,45.089006423950195,200
1775114978.7301812,write,k1,609.2119216918945,False,1025,1025,,201
1775114978.732346,read,k5,105.57985305786133,False,1063,1055,31.64386749267578,200
1775114978.747699,write,k1,609.0528964996338,False,1026,1026,,201
1775114978.754251,write,k3,608.079195022583,False,1031,1031,,201
1775114978.7657568,write,k3,608.6430549621582,False,1032,1032,,201
1775114978.768162,read,k5,105.39007186889648,False,1063,1055,67.46077537536621,200
1775114978.779571,read,k2,105.06272315979004,False,1088,1081,265.52700996398926,200
1775114978.808007,write,k4,613.6069297790527,False,1039,1039,,201
1775114978.810399,write,k1,608.1271171569824,False,1027,1027,,201
1775114978.815541,write,k4,607.9540252685547,False,1040,1040,,201
1775114978.8184268,write,k4,609.8599433898926,False,1041,1041,,201
1775114978.821493,read,k1,104.0959358215332,False,1032,1027,11.093378067016602,200
1775114978.823864,read,k1,106.01663589477539,False,1032,1027,13.466119766235352,200
1775114978.824815,write,k5,607.2981357574463,False,1056,1056,,201
1775114978.82921,write,k3,606.4839363098145,False,1033,1033,,201
1775114978.846564,write,k4,607.1531772613525,False,1042,1042,,201
1775114978.8470669,read,k4,107.70392417907715,False,1047,1042,0.5049705505371094,200
1775114978.862199,read,k4,110.14008522033691,False,1047,1042,15.633821487426758,200
1775114978.8643358,write,k3,611.02294921875,False,1034,1034,,201
1775114978.8648162,write,k2,609.2941761016846,False,1082,1082,,201
1775114978.8651772,write,k5,611.3972663879395,False,1057,1057,,201
1775114978.880157,write,k2,609.6010208129883,False,1083,1083,,201
1775114978.9054568,write,k3,605.4847240447998,False,1035,1035,,201
1775114978.9153438,write,k5,605.2858829498291,False,1058,1058,,201
1775114978.919289,write,k1,607.5491905212402,False,1028,1028,,201
1775114978.919764,write,k2,606.8809032440186,False,1084,1084,,201
1775114978.9332302,read,k5,105.51905632019043,False,1064,1058,17.885923385620117,200
1775114978.933633,read,k3,105.6051254272461,False,1045,1035,28.17702293395996,200
1775114978.9460459,read,k5,107.09810256958008,False,1064,1058,30.69901466369629,200
1775114978.958498,read,k4,110.31198501586914,False,1049,1042,111.93108558654785,200
1775114978.964122,write,k3,604.9437522888184,False,1036,1036,,201
1775114978.9762702,write,k3,610.3806495666504,False,1037,1037,,201
1775114978.995284,read,k2,104.75897789001465,False,1090,1084,75.5150318145752,200
1775114979.010893,write,k1,619.0948486328125,False,1029,1029,,201
1775114979.011772,write,k4,618.8020706176758,False,1043,1043,,201
1775114979.013097,read,k1,104.96306419372559,False,1035,1029,2.2041797637939453,200
1775114979.021164,write,k2,605.6251525878906,False,1085,1085,,201
1775114979.026078,write,k2,605.8881282806396,False,1086,1086,,201
1775114979.041761,read,k1,105.15093803405762,False,1035,1029,30.866146087646484,200
1775114979.047515,write,k1,606.7581176757812,False,1030,1030,,201
1775114979.05197,write,k3,607.6128482818604,False,1038,1038,,201
1775114979.071535,write,k3,608.3078384399414,False,1039,1039,,201
1775114979.07219,read,k4,107.00511932373047,False,1053,1043,60.41598320007324,200
1775114979.10677,read,k3,106.86898231506348,False,1048,1039,35.23612022399902,200
1775114979.111663,write,k2,616.0628795623779,False,1087,1087,,201
1775114979.1119518,write,k5,607.6431274414062,False,1060,1060,,201
1775114979.112194,write,k5,611.6359233856201,False,1059,1059,,201
1775114979.124973,write,k3,606.5769195556641,False,1040,1040,,201
1775114979.1253471,write,k1,605.4337024688721,False,1031,1031,,201
1775114979.127062,read,k5,107.84482955932617,False,1067,1060,14.864921569824219,200
1775114979.127419,read,k5,108.8252067565918,False,1067,1060,15.223026275634766,200
1775114979.147964,write,k5,613.2230758666992,False,1061,1061,,201
1775114979.154758,read,k4,108.32405090332031,False,1055,1043,142.98582077026367,200
1775114979.155336,write,k4,606.0020923614502,False,1044,1044,,201
1775114979.1605241,write,k3,607.0249080657959,False,1041,1041,,201
1775114979.164097,read,k3,105.24606704711914,False,1048,1041,3.573179244995117,200
1775114979.180515,write,k4,609.4660758972168,False,1045,1045,,201
1775114979.181031,write,k5,609.429121017456,False,1062,1062,,201
1775114979.185235,read,k1,104.09235954284668,False,1037,1031,59.88502502441406,200
1775114979.20961,write,k1,613.5187149047852,False,1032,1032,,201
1775114979.2139368,write,k3,609.3201637268066,False,1042,1042,,201
1775114979.214648,write,k4,609.1668605804443,False,1046,1046,,201
1775114979.215848,read,k4,106.12201690673828,False,1055,1046,1.1990070343017578,200
1775114979.219767,write,k5,607.5530052185059,False,1063,1063,,201
1775114979.22064,write,k2,610.2089881896973,False,1088,1088,,201
1775114979.226561,read,k4,106.94599151611328,False,1055,1046,11.91091537475586,200
1775114979.228072,read,k1,105.64088821411133,False,1037,1032,18.466949462890625,200
1775114979.239051,read,k2,106.10795021057129,False,1091,1088,18.40829849243164,200
1775114979.266997,read,k5,105.48520088195801,False,1070,1063,47.22714424133301,200
1775114979.26755,read,k4,111.64283752441406,False,1056,1046,52.90102958679199,200
1775114979.275823,read,k2,107.38205909729004,False,1092,1088,55.18317222595215,200
1775114979.276038,read,k2,106.70185089111328,False,1092,1088,55.399179458618164,200
1775114979.291839,read,k1,104.05921936035156,False,1037,1032,82.23485946655273,200
1775114979.293529,read,k3,104.7360897064209,False,1050,1042,79.59175109863281,200
1775114979.297216,read,k2,105.92985153198242,False,1092,1088,76.57718658447266,200
1775114979.311445,write,k4,603.8689613342285,False,1047,1047,,201
1775114979.3144372,write,k3,605.5588722229004,False,1043,1043,,201
1775114979.319145,read,k4,104.34794425964355,False,1056,1047,7.6999664306640625,200
1775114979.3301241,read,k4,105.86690902709961,False,1056,1047,18.679141998291016,200
1775114979.3303301,read,k2,109.6031665802002,False,1092,1088,109.69114303588867,200
1775114979.33544,read,k2,107.28216171264648,False,1092,1088,114.80116844177246,200
1775114979.3356428,read,k5,105.5452823638916,False,1070,1063,115.87715148925781,200
1775114979.345485,read,k1,102.7679443359375,False,1038,1032,135.8797550201416,200
1775114979.34768,write,k1,607.7911853790283,False,1033,1033,,201
1775114979.363828,write,k5,607.9139709472656,False,1064,1064,,201
1775114979.378567,read,k1,104.15792465209961,False,1038,1033,30.884981155395508,200
1775114979.3820548,write,k2,606.8451404571533,False,1089,1089,,201
1775114979.382496,write,k1,607.9120635986328,False,1034,1034,,201
1775114979.389855,write,k3,607.1627140045166,False,1044,1044,,201
1775114979.402074,read,k3,106.17876052856445,False,1050,1044,12.218236923217773,200
1775114979.405063,read,k5,102.59008407592773,False,1072,1064,41.23425483703613,200
1775114979.407098,read,k3,106.33206367492676,False,1050,1044,17.24410057067871,200
1775114979.417154,read,k4,104.2490005493164,False,1057,1047,105.70502281188965,200
1775114979.428311,write,k1,610.6879711151123,False,1035,1035,,201
1775114979.4287832,write,k3,613.0352020263672,False,1045,1045,,201
1775114979.4291751,write,k4,610.1658344268799,False,1048,1048,,201
1775114979.4320042,write,k2,608.9608669281006,False,1090,1090,,201
1775114979.43232,write,k4,606.8949699401855,False,1049,1049,,201
1775114979.4342248,read,k5,105.63302040100098,False,1072,1064,70.39713859558105,200
1775114979.4449751,read,k4,105.60488700866699,False,1058,1049,12.65096664428711,200
1775114979.445626,read,k2,105.66091537475586,False,1094,1090,13.620853424072266,200
1775114979.4532511,read,k4,103.72185707092285,False,1058,1049,20.927906036376953,200
1775114979.464417,write,k5,610.5608940124512,False,1065,1065,,201
1775114979.4734662,write,k4,606.6696643829346,False,1050,1050,,201
1775114979.475113,read,k5,104.23922538757324,False,1075,1065,10.693073272705078,200
1775114979.477105,write,k4,607.3098182678223,False,1051,1051,,201
1775114979.48238,write,k4,610.8989715576172,False,1052,1052,,201
1775114979.482965,write,k3,611.0851764678955,False,1046,1046,,201
1775114979.4962099,read,k2,105.85308074951172,False,1094,1090,64.20207023620605,200
1775114979.4966981,read,k5,105.8650016784668,False,1075,1065,32.28020668029785,200
1775114979.498102,read,k1,103.33895683288574,False,1039,1035,69.79036331176758,200
1775114979.512655,read,k1,106.74905776977539,False,1039,1035,84.34104919433594,200
1775114979.51745,read,k2,107.84411430358887,False,1094,1090,85.44206619262695,200
1775114979.519624,read,k3,111.1447811126709,False,1050,1046,36.657094955444336,200
1775114979.5334451,write,k3,608.2730293273926,False,1047,1047,,201
1775114979.535421,write,k5,606.1177253723145,False,1066,1066,,201
1775114979.5361779,write,k2,610.213041305542,False,1091,1091,,201
1775114979.5461051,write,k3,609.9097728729248,False,1048,1048,,201
1775114979.546606,read,k2,106.31179809570312,False,1094,1091,10.426998138427734,200
1775114979.564506,write,k4,608.5281372070312,False,1053,1053,,201
1775114979.5743418,read,k2,106.51206970214844,False,1095,1091,38.159847259521484,200
1775114979.5749571,write,k4,609.0631484985352,False,1054,1054,,201
1775114979.594131,write,k1,608.2632541656494,False,1036,1036,,201
1775114979.594574,read,k1,108.05320739746094,False,1042,1036,0.4417896270751953,200
1775114979.5971148,read,k4,106.43601417541504,False,1060,1054,22.159337997436523,200
1775114979.605813,read,k3,105.94820976257324,False,1052,1048,59.706926345825195,200
1775114979.609379,read,k5,107.37919807434082,False,1078,1066,73.95792007446289,200
1775114979.625367,write,k5,607.5971126556396,False,1067,1067,,201
1775114979.628447,write,k4,605.2231788635254,False,1055,1055,,201
1775114979.635812,read,k2,107.95712471008301,False,1096,1091,99.63202476501465,200
1775114979.636217,write,k5,607.2888374328613,False,1068,1068,,201
1775114979.6490781,read,k5,106.85300827026367,False,1078,1068,12.857198715209961,200
1775114979.656332,write,k5,606.8480014801025,False,1069,1069,,201
1775114979.676331,read,k2,105.59296607971191,False,1097,1091,140.1500701904297,200
1775114979.686003,read,k2,106.1711311340332,False,1097,1091,149.82295036315918,200
1775114979.6900978,write,k1,610.8150482177734,False,1037,1037,,201
1775114979.692947,read,k4,110.35394668579102,False,1060,1055,64.50176239013672,200
1775114979.709878,read,k5,107.02896118164062,False,1080,1069,53.542137145996094,200
1775114979.71044,read,k3,106.22787475585938,False,1055,1048,164.3350124359131,200
1775114979.713529,read,k3,106.82392120361328,False,1055,1048,167.42277145385742,200
1775114979.724875,read,k3,107.10597038269043,False,1055,1048,178.76791954040527,200
1775114979.728818,write,k4,606.8732738494873,False,1056,1056,,201
1775114979.738888,read,k5,106.19807243347168,False,1080,1069,82.55219459533691,200
1775114979.7422888,write,k2,608.5798740386963,False,1092,1092,,201
1775114979.7427762,write,k5,608.6020469665527,False,1070,1070,,201
1775114979.746615,write,k3,609.1949939727783,False,1049,1049,,201
1775114979.7677581,read,k5,106.66084289550781,False,1080,1070,24.976015090942383,200
1775114979.768956,write,k3,608.0820560455322,False,1050,1050,,201
1775114979.802963,read,k4,108.21723937988281,False,1061,1056,74.14078712463379,200
1775114979.803653,read,k4,108.36410522460938,False,1061,1056,74.83601570129395,200
1775114979.804093,read,k4,107.5887680053711,False,1061,1056,75.27494430541992,200
1775114979.820124,read,k4,107.81168937683105,False,1061,1056,91.30191802978516,200
1775114979.822878,read,k4,106.9798469543457,False,1061,1056,94.05684471130371,200
1775114979.827208,write,k1,608.3352565765381,False,1038,1038,,201
1775114979.8378398,write,k4,608.8700294494629,False,1057,1057,,201
1775114979.838314,read,k2,107.50365257263184,False,1099,1092,96.0240364074707,200
1775114979.842286,read,k4,107.06210136413574,False,1062,1057,4.443883895874023,200
1775114979.849749,write,k5,612.7290725708008,False,1071,1071,,201
1775114979.88478,write,k2,607.475996017456,False,1093,1093,,201
1775114979.8904269,write,k2,607.6679229736328,False,1094,1094,,201
1775114979.894082,write,k5,609.3692779541016,False,1072,1072,,201
1775114979.916513,read,k5,107.2540283203125,False,1081,1072,22.430896759033203,200
1775114979.9253309,write,k4,606.5511703491211,False,1058,1058,,201
1775114979.939766,read,k1,107.66983032226562,False,1047,1038,112.55884170532227,200
1775114979.9400902,read,k1,109.26294326782227,False,1047,1038,112.8849983215332,200
1775114979.9485161,write,k5,608.0188751220703,False,1073,1073,,201
1775114979.949499,write,k5,605.708122253418,False,1074,1074,,201
1775114979.959779,read,k5,107.3160171508789,False,1082,1074,10.275840759277344,200
1775114979.960332,write,k5,607.882022857666,False,1075,1075,,201
1775114979.991866,write,k1,605.9281826019287,False,1039,1039,,201
1775114980.003403,read,k5,106.9650650024414,False,1082,1075,43.06817054748535,200
1775114980.028332,write,k4,609.3089580535889,False,1059,1059,,201
1775114980.047179,write,k3,611.9289398193359,False,1051,1051,,201
1775114980.0479062,write,k5,614.4449710845947,False,1076,1076,,201
1775114980.052717,write,k4,613.1739616394043,False,1060,1060,,201
1775114980.0533628,write,k5,613.3840084075928,False,1077,1077,,201
1775114980.053688,read,k4,111.80281639099121,False,1064,1060,0.9720325469970703,200
1775114980.0539598,write,k1,611.9649410247803,False,1040,1040,,201
1775114980.057467,read,k5,104.90012168884277,False,1082,1077,4.100799560546875,200
1775114980.060559,write,k2,607.1610450744629,False,1095,1095,,201
1775114980.062596,write,k1,607.280969619751,False,1041,1041,,201
1775114980.071233,write,k3,607.8448295593262,False,1052,1052,,201
1775114980.087372,write,k5,609.180212020874,False,1078,1078,,201
1775114980.095538,write,k1,611.12380027771,False,1042,1042,,201
1775114980.098478,write,k2,611.2518310546875,False,1096,1096,,201
1775114980.1124449,read,k4,110.55898666381836,False,1065,1060,59.72719192504883,200
1775114980.11296,write,k3,612.4160289764404,False,1053,1053,,201
1775114980.124855,write,k1,607.2399616241455,False,1043,1043,,201
1775114980.137419,write,k3,607.8088283538818,False,1054,1054,,201
1775114980.1546838,write,k5,611.8452548980713,False,1079,1079,,201
1775114980.154898,write,k3,614.1078472137451,False,1055,1055,,201
1775114980.158842,write,k5,604.9458980560303,False,1080,1080,,201
1775114980.159028,write,k2,606.3909530639648,False,1097,1097,,201
1775114980.1621099,read,k4,106.90903663635254,False,1065,1060,109.39502716064453,200
1775114980.1653361,read,k1,107.3448657989502,False,1049,1043,40.483951568603516,200
1775114980.165468,read,k3,107.88679122924805,False,1066,1055,10.569095611572266,200
1775114980.167074,read,k3,105.37004470825195,False,1066,1055,12.176036834716797,200
1775114980.179456,read,k5,105.6070327758789,False,1084,1080,20.613670349121094,200
1775114980.215564,read,k5,106.1859130859375,False,1084,1080,56.7169189453125,200
1775114980.218438,write,k1,611.0131740570068,False,1044,1044,,201
1775114980.250087,write,k2,616.5809631347656,False,1098,1098,,201
1775114980.250734,read,k2,128.6168098449707,False,1104,1098,0.6499290466308594,200
1775114980.251031,read,k5,122.27296829223633,False,1084,1080,92.18883514404297,200
1775114980.251287,write,k3,610.4121208190918,False,1056,1056,,201
1775114980.25165,write,k2,611.5789413452148,False,1099,1099,,201
1775114980.252078,read,k1,129.00710105895996,False,1049,1044,33.64300727844238,200
1775114980.262482,read,k1,104.51507568359375,False,1050,1044,44.04401779174805,200
1775114980.26287,read,k4,105.99493980407715,False,1068,1060,210.15501022338867,200
1775114980.263125,write,k4,609.8470687866211,False,1061,1061,,201
1775114980.2730508,read,k3,103.36589813232422,False,1067,1056,21.760940551757812,200
1775114980.284904,read,k1,109.76886749267578,False,1052,1044,66.46609306335449,200
1775114980.2901409,write,k1,608.1259250640869,False,1045,1045,,201
1775114980.323947,read,k5,107.00273513793945,False,1085,1080,165.10367393493652,200
1775114980.3351092,write,k4,612.2591495513916,False,1062,1062,,201
1775114980.3409832,read,k5,114.51005935668945,False,1085,1080,182.13987350463867,200
1775114980.3568552,write,k2,610.0940704345703,False,1100,1100,,201
1775114980.356989,write,k4,614.1078472137451,False,1063,1063,,201
1775114980.3579772,write,k1,613.6379241943359,False,1046,1046,,201
1775114980.360279,write,k1,604.8898696899414,False,1047,1047,,201
1775114980.367348,read,k5,106.61482810974121,False,1085,1080,208.50682258605957,200
1775114980.3675368,read,k3,107.97309875488281,False,1068,1056,116.25003814697266,200
1775114980.369469,read,k4,104.94208335876465,False,1069,1063,12.480020523071289,200
1775114980.377364,write,k5,606.6923141479492,False,1081,1081,,201
1775114980.388306,write,k3,611.0520362854004,False,1057,1057,,201
1775114980.392454,read,k1,109.05909538269043,False,1052,1047,32.174110412597656,200
1775114980.408868,read,k4,107.85913467407227,False,1069,1063,51.879167556762695,200
1775114980.415314,write,k3,605.186939239502,False,1058,1058,,201
1775114980.421303,write,k3,609.0781688690186,False,1059,1059,,201
1775114980.439583,write,k2,613.9171123504639,False,1101,1101,,201
1775114980.4442399,read,k1,102.36501693725586,False,1052,1047,83.96005630493164,200
1775114980.45603,write,k3,615.1843070983887,False,1060,1060,,201
1775114980.4561229,write,k5,608.2620620727539,False,1082,1082,,201
1775114980.456212,write,k2,612.0548248291016,False,1102,1102,,201
1775114980.456338,read,k3,104.47120666503906,False,1069,1060,0.30803680419921875,200
1775114980.469106,read,k3,104.48384284973145,False,1069,1060,13.075113296508789,200
1775114980.474498,read,k2,105.78465461730957,False,1109,1102,18.285036087036133,200
1775114980.49332,read,k4,105.1950454711914,False,1071,1063,136.32988929748535,200
1775114980.498901,read,k4,102.6451587677002,False,1071,1063,141.91198348999023,200
1775114980.502656,read,k1,104.79617118835449,False,1053,1047,142.37594604492188,200
1775114980.504904,write,k3,610.6371879577637,False,1061,1061,,201
1775114980.5133598,write,k3,611.0680103302002,False,1062,1062,,201
1775114980.517749,read,k1,104.82406616210938,False,1053,1047,157.4687957763672,200
1775114980.539258,write,k3,616.3976192474365,False,1063,1063,,201
1775114980.544497,read,k2,102.78606414794922,False,1109,1102,88.28306198120117,200
1775114980.552087,write,k4,618.6599731445312,False,1064,1064,,201
1775114980.560011,write,k4,609.7979545593262,False,1065,1065,,201
1775114980.560143,write,k3,607.2659492492676,False,1064,1064,,201
1775114980.571659,write,k3,607.496976852417,False,1065,1065,,201
1775114980.575597,write,k1,608.1039905548096,False,1048,1048,,201
1775114980.6036742,read,k2,103.92117500305176,False,1110,1102,147.4599838256836,200
1775114980.607718,read,k5,104.91085052490234,False,1087,1082,151.5939235687256,200
1775114980.612423,read,k4,107.00583457946777,False,1073,1065,52.41107940673828,200
1775114980.6246212,write,k1,610.7571125030518,False,1049,1049,,201
1775114980.638965,write,k2,608.2539558410645,False,1103,1103,,201
1775114980.664033,write,k2,614.46213722229,False,1104,1104,,201
1775114980.664425,write,k3,613.8441562652588,False,1066,1066,,201
1775114980.667009,write,k5,607.5389385223389,False,1083,1083,,201
1775114980.676988,write,k5,610.9230518341064,False,1084,1084,,201
1775114980.677321,write,k4,609.6646785736084,False,1066,1066,,201
1775114980.684853,read,k3,104.18105125427246,False,1073,1066,20.425796508789062,200
1775114980.706007,write,k4,613.070011138916,False,1067,1067,,201
1775114980.717119,write,k4,609.0378761291504,False,1068,1068,,201
1775114980.71889,read,k5,104.65002059936523,False,1089,1084,41.9001579284668,200
1775114980.725399,read,k5,104.58111763000488,False,1089,1084,48.407793045043945,200
1775114980.740603,read,k2,105.41009902954102,False,1114,1104,76.56502723693848,200
1775114980.7512739,read,k1,105.03888130187988,False,1057,1049,126.64604187011719,200
1775114980.759113,write,k1,608.0739498138428,False,1050,1050,,201
1775114980.766894,write,k3,606.2991619110107,False,1067,1067,,201
1775114980.7704058,write,k5,603.0912399291992,False,1085,1085,,201
1775114980.776866,write,k1,607.7430248260498,False,1051,1051,,201
1775114980.777906,read,k1,105.55505752563477,False,1057,1051,1.0402202606201172,200
1775114980.7797818,write,k1,604.9208641052246,False,1052,1052,,201
1775114980.791274,write,k3,608.527660369873,False,1068,1068,,201
1775114980.826963,read,k2,106.64176940917969,False,1116,1104,162.92285919189453,200
1775114980.8312562,read,k2,105.712890625,False,1116,1104,167.219877243042,200
1775114980.872125,write,k2,610.6948852539062,False,1106,1106,,201
1775114980.872755,write,k2,611.0749244689941,False,1107,1107,,201
1775114980.87317,write,k4,612.7560138702393,False,1069,1069,,201
1775114980.873515,write,k2,612.5078201293945,False,1105,1105,,201
1775114980.873857,write,k5,608.8848114013672,False,1086,1086,,201
1775114980.8752341,read,k3,108.23202133178711,False,1075,1068,83.95791053771973,200
1775114980.878888,read,k4,104.26974296569824,False,1078,1069,5.717039108276367,200
1775114980.880529,write,k2,608.4258556365967,False,1108,1108,,201
1775114980.890836,read,k1,105.34310340881348,False,1060,1052,111.05203628540039,200
1775114980.8950279,read,k4,105.88216781616211,False,1078,1069,21.857023239135742,200
1775114980.9085078,write,k3,611.4859580993652,False,1069,1069,,201
1775114980.935329,read,k3,105.0422191619873,False,1075,1069,26.818037033081055,200
1775114980.9423418,write,k2,607.7909469604492,False,1109,1109,,201
1775114980.9704,write,k4,606.8780422210693,False,1070,1070,,201
1775114980.973505,write,k4,607.5577735900879,False,1071,1071,,201
1775114980.974157,write,k3,608.0090999603271,False,1070,1070,,201
1775114980.976408,write,k5,607.4271202087402,False,1087,1087,,201
1775114980.981198,write,k1,607.9509258270264,False,1053,1053,,201
1775114980.989179,read,k1,104.3391227722168,False,1062,1053,7.979154586791992,200
1775114981.023686,write,k3,606.4419746398926,False,1071,1071,,201
1775114981.03832,write,k3,606.0791015625,False,1072,1072,,201
1775114981.051681,read,k2,106.84728622436523,False,1120,1109,109.33709144592285,200
1775114981.064126,write,k1,609.7002029418945,False,1054,1054,,201
1775114981.066144,write,k1,605.4749488830566,False,1055,1055,,201
1775114981.0742369,write,k4,608.6831092834473,False,1072,1072,,201
1775114981.0748851,write,k2,609.1530323028564,False,1110,1110,,201
1775114981.075247,write,k4,609.2739105224609,False,1073,1073,,201
1775114981.079262,write,k1,606.3117980957031,False,1056,1056,,201
1775114981.0853171,read,k3,106.37497901916504,False,1076,1072,46.998023986816406,200
1775114981.085829,read,k3,107.60307312011719,False,1076,1072,47.51229286193848,200
1775114981.086285,read,k4,109.74001884460449,False,1081,1073,11.036872863769531,200
1775114981.098985,write,k3,613.2380962371826,False,1073,1073,,201
1775114981.099814,read,k2,115.04602432250977,False,1121,1110,24.92690086364746,200
1775114981.100341,read,k3,107.0241928100586,False,1076,1073,1.3568401336669922,200
1775114981.117772,write,k2,609.2798709869385,False,1111,1111,,201
1775114981.12894,write,k1,608.3168983459473,False,1057,1057,,201
1775114981.130218,write,k5,607.119083404541,False,1088,1088,,201
1775114981.130613,read,k1,104.87008094787598,False,1062,1057,1.6727447509765625,200
1775114981.150033,write,k4,607.5129508972168,False,1074,1074,,201
1775114981.1541471,read,k2,106.32085800170898,False,1121,1111,36.37290000915527,200
1775114981.157096,write,k2,606.8332195281982,False,1112,1112,,201
1775114981.167677,write,k4,605.992317199707,False,1075,1075,,201
1775114981.171381,write,k4,605.475902557373,False,1076,1076,,201
1775114981.17814,write,k5,607.1352958679199,False,1089,1089,,201
1775114981.184583,read,k3,105.20505905151367,False,1076,1073,85.59584617614746,200
1775114981.185622,write,k2,605.1149368286133,False,1113,1113,,201
1775114981.187196,read,k5,105.11589050292969,False,1096,1089,9.05919075012207,200
1775114981.211444,read,k5,122.36285209655762,False,1096,1089,33.30683708190918,200
1775114981.211691,read,k2,121.17981910705566,False,1124,1113,26.070117950439453,200
1775114981.213093,read,k5,108.83092880249023,False,1096,1089,34.95597839355469,200
1775114981.224619,write,k2,610.6758117675781,False,1114,1114,,201
1775114981.237835,read,k4,105.47089576721191,False,1082,1076,66.45607948303223,200
1775114981.238946,read,k5,104.17008399963379,False,1097,1089,60.810089111328125,200
1775114981.2639308,read,k4,106.3079833984375,False,1082,1076,92.55218505859375,200
1775114981.2640588,read,k1,104.5529842376709,False,1063,1057,135.12110710144043,200
1775114981.2787762,read,k3,107.06925392150879,False,1078,1073,179.7928810119629,200
1775114981.278896,write,k1,606.1089038848877,False,1058,1058,,201
1775114981.2803578,write,k2,607.2101593017578,False,1115,1115,,201
1775114981.285472,write,k3,605.7350635528564,False,1074,1074,,201
1775114981.289325,read,k3,104.60734367370605,False,1078,1074,3.8521289825439453,200
1775114981.2922518,write,k4,606.7488193511963,False,1077,1077,,201
1775114981.305794,write,k2,612.6551628112793,False,1116,1116,,201
1775114981.306528,read,k3,109.24911499023438,False,1078,1074,21.054983139038086,200
1775114981.306734,read,k2,114.00079727172852,False,1125,1116,0.9388923645019531,200
1775114981.324234,write,k3,608.5398197174072,False,1075,1075,,201
1775114981.32443,read,k4,104.78782653808594,False,1083,1077,32.17720985412598,200
1775114981.334154,read,k3,104.42686080932617,False,1079,1075,9.918928146362305,200
1775114981.3351219,write,k1,608.3929538726807,False,1059,1059,,201
1775114981.3535109,write,k4,607.9370975494385,False,1078,1078,,201
1775114981.355841,read,k3,107.94806480407715,False,1079,1075,31.605005264282227,200
1775114981.374708,write,k2,613.9068603515625,False,1117,1117,,201
1775114981.382038,read,k4,115.95296859741211,False,1084,1078,28.522729873657227,200
1775114981.3928971,write,k1,614.8831844329834,False,1060,1060,,201
1775114981.393374,read,k3,110.5198860168457,False,1079,1075,69.1378116607666,200
1775114981.399334,write,k1,612.9660606384277,False,1061,1061,,201
1775114981.410014,write,k4,614.983081817627,False,1079,1079,,201
1775114981.410273,read,k1,114.77398872375488,False,1065,1061,10.937929153442383,200
1775114981.4247649,read,k1,112.37788200378418,False,1065,1061,25.429964065551758,200
1775114981.424913,read,k2,112.29586601257324,False,1126,1117,50.20618438720703,200
1775114981.441173,write,k5,605.8249473571777,False,1090,1090,,201
1775114981.443346,read,k4,101.93610191345215,False,1084,1079,33.329010009765625,200
1775114981.448909,read,k2,104.56514358520508,False,1126,1117,74.20015335083008,200
1775114981.479176,read,k1,114.49003219604492,False,1066,1061,79.83899116516113,200
1775114981.482219,write,k2,606.381893157959,False,1118,1118,,201
1775114981.482473,write,k5,608.2329750061035,False,1091,1091,,201
1775114981.4870028,write,k2,609.6289157867432,False,1119,1119,,201
1775114981.4872901,write,k4,607.8870296478271,False,1080,1080,,201
1775114981.487582,write,k5,610.6092929840088,False,1092,1092,,201
1775114981.48845,write,k1,607.5592041015625,False,1062,1062,,201
1775114981.48872,read,k1,111.19794845581055,False,1066,1062,0.2682209014892578,200
1775114981.488967,write,k4,606.5218448638916,False,1081,1081,,201
1775114981.496576,read,k3,105.70120811462402,False,1082,1075,172.33896255493164,200
1775114981.503544,read,k1,104.75802421569824,False,1066,1062,15.0909423828125,200
1775114981.507553,write,k3,611.6280555725098,False,1076,1076,,201
1775114981.514087,write,k2,608.7832450866699,False,1120,1120,,201
1775114981.519813,write,k5,607.3606014251709,False,1093,1093,,201
1775114981.52958,read,k5,106.30607604980469,False,1101,1093,9.765863418579102,200
1775114981.5325189,read,k1,103.1947135925293,False,1066,1062,44.0671443939209,200
1775114981.55159,read,k1,103.84202003479004,False,1066,1062,63.137054443359375,200
1775114981.5578141,read,k5,105.23080825805664,False,1101,1093,37.99891471862793,200
1775114981.559508,write,k2,608.1480979919434,False,1121,1121,,201
1775114981.565113,read,k4,105.13591766357422,False,1086,1081,76.14302635192871,200
1775114981.591274,read,k2,105.20482063293457,False,1126,1121,31.762123107910156,200
1775114981.594945,read,k2,104.32934761047363,False,1127,1121,35.43496131896973,200
1775114981.602473,read,k3,103.2569408416748,False,1086,1076,94.91920471191406,200
1775114981.611553,write,k5,623.5980987548828,False,1094,1094,,201
1775114981.6158268,read,k5,103.02019119262695,False,1103,1094,4.273176193237305,200
1775114981.617544,read,k2,104.13599014282227,False,1127,1121,58.03513526916504,200
1775114981.6244721,read,k2,104.50482368469238,False,1127,1121,64.96095657348633,200
1775114981.632061,read,k3,105.69119453430176,False,1086,1076,124.50718879699707,200
1775114981.647937,read,k4,103.51300239562988,False,1088,1081,158.9651107788086,200
1775114981.6802938,write,k5,617.5479888916016,False,1095,1095,,201
1775114981.689734,write,k5,617.6919937133789,False,1096,1096,,201
1775114981.6965702,write,k4,615.5610084533691,False,1082,1082,,201
1775114981.6978402,write,k2,622.0149993896484,False,1122,1122,,201
1775114981.698228,write,k2,615.0162220001221,False,1123,1123,,201
1775114981.701289,read,k3,104.69794273376465,False,1086,1076,193.73583793640137,200
1775114981.704281,read,k3,104.57181930541992,False,1086,1076,196.72703742980957,200
1775114981.7128232,write,k2,623.2578754425049,False,1124,1124,,201
1775114981.714484,write,k5,609.3769073486328,False,1097,1097,,201
1775114981.714844,write,k2,607.8760623931885,False,1125,1125,,201
1775114981.7359412,read,k4,114.54510688781738,False,1090,1082,39.369821548461914,200
1775114981.73635,read,k5,114.30501937866211,False,1104,1097,21.867036819458008,200
1775114981.736625,write,k1,610.4130744934082,False,1063,1063,,201
1775114981.736949,read,k3,105.82089424133301,False,1087,1076,229.39705848693848,200
1775114981.745631,write,k3,610.1541519165039,False,1077,1077,,201
1775114981.758263,read,k4,105.84497451782227,False,1090,1082,61.6917610168457,200
1775114981.7740211,write,k3,609.9362373352051,False,1078,1078,,201
1775114981.79197,write,k4,610.0871562957764,False,1083,1083,,201
1775114981.804451,read,k3,111.0990047454834,False,1089,1078,30.4257869720459,200
1775114981.8049011,read,k5,105.46112060546875,False,1104,1097,90.41714668273926,200
1775114981.808167,write,k5,616.2433624267578,False,1098,1098,,201
1775114981.810624,read,k5,104.89106178283691,False,1104,1098,2.4569034576416016,200
1775114981.824606,write,k3,607.1231365203857,False,1079,1079,,201
1775114981.8251488,write,k1,608.0939769744873,False,1064,1064,,201
1775114981.835592,read,k1,111.14215850830078,False,1068,1064,10.439157485961914,200
1775114981.855024,write,k5,607.2828769683838,False,1099,1099,,201
1775114981.863552,read,k4,108.29806327819824,False,1091,1083,71.58112525939941,200
1775114981.877965,write,k4,612.3378276824951,False,1084,1084,,201
1775114981.892473,write,k1,609.442949295044,False,1065,1065,,201
1775114981.901709,write,k3,614.3062114715576,False,1080,1080,,201
1775114981.908561,read,k3,106.35876655578613,False,1091,1080,6.849050521850586,200
1775114981.912839,write,k2,613.3828163146973,False,1126,1126,,201
1775114981.913242,write,k3,619.0519332885742,False,1081,1081,,201
1775114981.918218,read,k4,108.51097106933594,False,1091,1084,40.2531623840332,200
1775114981.918703,write,k5,605.064868927002,False,1100,1100,,201
1775114981.919091,read,k1,106.29081726074219,False,1069,1065,26.618242263793945,200
1775114981.921258,read,k3,106.51183128356934,False,1091,1081,8.014917373657227,200
1775114981.932398,read,k1,106.30083084106445,False,1069,1065,39.92295265197754,200
1775114981.9356532,read,k4,106.7352294921875,False,1091,1084,57.68990516662598,200
1775114981.940901,write,k5,608.1559658050537,False,1101,1101,,201
1775114981.941492,write,k3,609.0047359466553,False,1082,1082,,201
1775114981.953494,read,k4,111.71698570251465,False,1091,1084,75.52886009216309,200
1775114981.9659038,write,k1,609.3528270721436,False,1066,1066,,201
1775114981.993427,read,k3,107.00798034667969,False,1094,1082,51.93018913269043,200
1775114982.005162,read,k4,110.54110527038574,False,1091,1084,127.1970272064209,200
1775114982.0223548,write,k4,615.3297424316406,False,1085,1085,,201
1775114982.024905,read,k1,113.34395408630371,False,1069,1066,58.999061584472656,200
1775114982.031861,write,k3,625.1888275146484,False,1083,1083,,201
1775114982.0346072,write,k3,610.3451251983643,False,1084,1084,,201
1775114982.034794,read,k5,110.99910736083984,False,1105,1101,93.89495849609375,200
1775114982.035104,read,k3,107.85627365112305,False,1095,1084,0.4990100860595703,200
1775114982.0352,read,k5,108.37984085083008,False,1105,1101,94.30193901062012,200
1775114982.03648,write,k4,609.2941761016846,False,1086,1086,,201
1775114982.047843,read,k4,105.55911064147949,False,1091,1086,11.358976364135742,200
1775114982.069103,read,k3,122.6811408996582,False,1095,1084,34.49296951293945,200
1775114982.0695791,read,k4,123.55518341064453,False,1092,1086,33.097028732299805,200
1775114982.074507,read,k5,112.35713958740234,False,1105,1101,133.6040496826172,200
1775114982.081223,read,k3,104.4919490814209,False,1095,1084,46.61393165588379,200
1775114982.088254,write,k5,606.8689823150635,False,1102,1102,,201
1775114982.100181,write,k3,609.2932224273682,False,1086,1086,,201
1775114982.100794,write,k3,611.7346286773682,False,1085,1085,,201
1775114982.101237,write,k2,610.9440326690674,False,1127,1127,,201
1775114982.10202,write,k4,606.6861152648926,False,1087,1087,,201
1775114982.102387,write,k4,605.7076454162598,False,1088,1088,,201
1775114982.103986,write,k5,605.7548522949219,False,1103,1103,,201
1775114982.148022,write,k2,614.0518188476562,False,1128,1128,,201
1775114982.1501598,read,k1,115.91219902038574,False,1071,1066,184.25512313842773,200
1775114982.150825,read,k2,113.40904235839844,False,1137,1128,2.803325653076172,200
1775114982.1565351,read,k5,120.23401260375977,False,1106,1103,52.54483222961426,200
1775114982.1660008,write,k1,607.2587966918945,False,1067,1067,,201
1775114982.173224,write,k4,606.9128513336182,False,1090,1090,,201
1775114982.1738071,write,k4,608.0172061920166,False,1089,1089,,201
1775114982.187522,write,k5,612.3781204223633,False,1104,1104,,201
1775114982.214447,read,k2,107.26213455200195,False,1140,1128,66.42723083496094,200
1775114982.214647,read,k4,123.77810478210449,False,1092,1090,40.841102600097656,200
1775114982.216866,read,k1,107.46598243713379,False,1074,1067,50.86803436279297,200
1775114982.217026,read,k4,108.29520225524902,False,1092,1090,43.21908950805664,200
1775114982.221987,write,k3,612.4579906463623,False,1087,1087,,201
1775114982.229341,write,k1,606.3497066497803,False,1068,1068,,201
1775114982.244683,write,k3,607.7260971069336,False,1088,1088,,201
1775114982.268985,read,k2,109.66682434082031,False,1140,1128,120.96309661865234,200
1775114982.269264,read,k1,111.62805557250977,False,1074,1068,39.922237396240234,200
1775114982.269473,read,k1,112.7018928527832,False,1074,1068,40.1310920715332,200
1775114982.281918,read,k5,105.4530143737793,False,1109,1104,94.39516067504883,200
1775114982.2836428,read,k2,106.42266273498535,False,1140,1128,135.6222629547119,200
1775114982.283927,read,k4,105.71074485778809,False,1093,1090,110.11886596679688,200
1775114982.295386,write,k3,607.6669692993164,False,1089,1089,,201
1775114982.3132238,write,k2,610.3208065032959,False,1129,1129,,201
1775114982.3314922,write,k2,622.6761341094971,False,1131,1131,,201
1775114982.3324978,write,k2,625.9160041809082,False,1130,1130,,201
1775114982.332917,write,k2,616.4178848266602,False,1132,1132,,201
1775114982.333301,read,k5,107.75279998779297,False,1109,1104,145.78008651733398,200
1775114982.333588,read,k3,107.15603828430176,False,1098,1089,38.20300102233887,200
1775114982.333863,write,k2,610.1400852203369,False,1133,1133,,201
1775114982.348356,write,k4,609.2708110809326,False,1091,1091,,201
1775114982.3500009,write,k1,606.6031455993652,False,1069,1069,,201
1775114982.3525388,write,k2,605.3838729858398,False,1134,1134,,201
1775114982.352879,write,k3,608.4499359130859,False,1090,1090,,201
1775114982.355246,read,k4,107.25021362304688,False,1095,1091,6.890058517456055,200
1775114982.375129,write,k2,607.7089309692383,False,1135,1135,,201
1775114982.3839061,read,k4,105.14116287231445,False,1095,1091,35.54797172546387,200
1775114982.3871639,write,k3,608.8800430297852,False,1091,1091,,201
1775114982.395294,read,k3,108.92224311828613,False,1099,1091,8.127927780151367,200
1775114982.395922,read,k4,109.16376113891602,False,1095,1091,47.567129135131836,200
1775114982.4011211,read,k1,108.90007019042969,False,1076,1069,51.11885070800781,200
1775114982.424028,write,k3,608.8929176330566,False,1092,1092,,201
1775114982.430151,read,k4,106.24408721923828,False,1095,1091,81.79306983947754,200
1775114982.441049,read,k1,106.04286193847656,False,1076,1069,91.04681015014648,200
1775114982.451516,read,k2,111.25898361206055,False,1143,1135,76.3859748840332,200
1775114982.452011,read,k4,111.39583587646484,False,1095,1091,103.65486145019531,200
1775114982.453033,read,k1,112.0309829711914,False,1076,1069,103.03282737731934,200
1775114982.461223,read,k3,107.13386535644531,False,1099,1092,37.19282150268555,200
1775114982.465847,read,k5,107.64813423156738,False,1109,1104,278.3241271972656,200
1775114982.470891,write,k3,609.1740131378174,False,1093,1093,,201
1775114982.480184,write,k3,609.356164932251,False,1094,1094,,201
1775114982.4902642,read,k3,109.14111137390137,False,1100,1094,10.079145431518555,200
1775114982.491895,read,k4,106.53328895568848,False,1095,1091,143.5389518737793,200
1775114982.504141,read,k3,105.42583465576172,False,1100,1094,23.957014083862305,200
1775114982.511563,read,k5,106.8720817565918,False,1109,1104,324.0399360656738,200
1775114982.5238972,write,k5,616.76025390625,False,1105,1105,,201
1775114982.541216,write,k3,619.7240352630615,False,1095,1095,,201
1775114982.5457559,write,k2,622.3042011260986,False,1136,1136,,201
1775114982.5461938,write,k1,626.9731521606445,False,1070,1070,,201
1775114982.5465431,read,k3,115.59295654296875,False,1100,1095,5.328178405761719,200
1775114982.5542521,write,k4,609.5778942108154,False,1092,1092,,201
1775114982.5562618,read,k3,106.28390312194824,False,1100,1095,15.047311782836914,200
1775114982.560985,read,k5,104.80999946594238,False,1110,1105,37.08910942077637,200
1775114982.562179,read,k4,106.60505294799805,False,1095,1092,7.92694091796875,200
1775114982.5641952,read,k5,106.02807998657227,False,1110,1105,40.30013084411621,200
1775114982.5977879,read,k1,114.60399627685547,False,1080,1070,51.59115791320801,200
1775114982.5982778,read,k4,124.79782104492188,False,1095,1092,44.02613639831543,200
1775114982.5989609,read,k5,103.97005081176758,False,1110,1105,75.06513595581055,200
1775114982.606984,write,k5,607.8221797943115,False,1106,1106,,201
1775114982.625461,write,k2,612.9610538482666,False,1137,1137,,201
1775114982.644364,read,k3,118.64018440246582,False,1101,1095,103.14702987670898,200
1775114982.652838,write,k1,610.9240055084229,False,1072,1072,,201
1775114982.653467,write,k1,620.0990676879883,False,1071,1071,,201
1775114982.65517,write,k5,618.0400848388672,False,1107,1107,,201
1775114982.65556,write,k3,620.7020282745361,False,1096,1096,,201
1775114982.656256,write,k2,618.5703277587891,False,1138,1138,,201
1775114982.663734,write,k3,606.2719821929932,False,1097,1097,,201
1775114982.6642408,read,k1,112.52713203430176,False,1081,1072,10.772943496704102,200
1775114982.667182,read,k2,107.32197761535645,False,1147,1138,10.925054550170898,200
1775114982.668963,read,k5,107.76805877685547,False,1110,1107,13.793230056762695,200
1775114982.670725,read,k1,104.37703132629395,False,1081,1072,17.2579288482666,200
1775114982.672547,read,k2,102.95557975769043,False,1147,1138,16.289949417114258,200
1775114982.686095,write,k5,609.4870567321777,False,1108,1108,,201
1775114982.686537,write,k2,609.0703010559082,False,1140,1140,,201
1775114982.686825,write,k2,610.9046936035156,False,1139,1139,,201
1775114982.690732,write,k5,607.1150302886963,False,1109,1109,,201
1775114982.7151911,read,k2,107.53297805786133,False,1147,1140,28.361082077026367,200
1775114982.716579,read,k3,110.48507690429688,False,1103,1097,52.845001220703125,200
1775114982.718514,read,k5,109.2228889465332,False,1110,1109,27.782201766967773,200
1775114982.720941,write,k4,609.9469661712646,False,1093,1093,,201
1775114982.721232,write,k1,612.8721237182617,False,1074,1074,,201
1775114982.721451,write,k1,615.490198135376,False,1073,1073,,201
1775114982.766377,read,k4,112.03193664550781,False,1100,1093,45.432090759277344,200
1775114982.767694,write,k1,609.4851493835449,False,1075,1075,,201
1775114982.771602,read,k1,106.81891441345215,False,1082,1075,3.9072036743164062,200
1775114982.771904,read,k3,106.65392875671387,False,1104,1097,108.17098617553711,200
1775114982.778709,read,k1,104.36296463012695,False,1082,1075,11.013984680175781,200
1775114982.784689,read,k5,104.83407974243164,False,1112,1109,93.95718574523926,200
1775114982.799644,read,k2,105.44919967651367,False,1148,1140,112.81514167785645,200
1775114982.800125,read,k5,105.63302040100098,False,1113,1109,109.39216613769531,200
1775114982.8250859,read,k3,104.80380058288574,False,1104,1097,161.35025024414062,200
1775114982.8268201,read,k2,103.53302955627441,False,1148,1140,139.99223709106445,200
1775114982.8271098,write,k2,605.9770584106445,False,1141,1141,,201
1775114982.827347,write,k4,628.3657550811768,False,1094,1094,,201
1775114982.82759,write,k1,605.9846878051758,False,1076,1076,,201
1775114982.829371,read,k2,105.75485229492188,False,1148,1141,2.259969711303711,200
1775114982.834697,read,k4,103.37114334106445,False,1100,1094,7.3490142822265625,200
1775114982.834931,read,k1,104.54893112182617,False,1086,1076,7.340908050537109,200
1775114982.846302,write,k4,612.4241352081299,False,1095,1095,,201
1775114982.8466718,write,k3,620.9380626678467,False,1098,1098,,201
1775114982.879554,read,k4,106.00924491882324,False,1101,1095,33.251047134399414,200
1775114982.8811562,write,k3,606.3590049743652,False,1099,1099,,201
1775114982.881381,write,k2,607.2571277618408,False,1142,1142,,201
1775114982.9105852,read,k4,106.51588439941406,False,1102,1095,64.28194046020508,200
1775114982.910889,write,k2,611.4280223846436,False,1143,1143,,201
1775114982.9355378,read,k2,104.5389175415039,False,1150,1143,24.646997451782227,200
1775114982.937252,read,k4,103.54018211364746,False,1103,1095,90.95120429992676,200
1775114982.9391391,read,k5,102.63299942016602,False,1114,1109,248.40807914733887,200
1775114982.939379,read,k3,103.68776321411133,False,1104,1099,58.22277069091797,200
1775114982.939581,read,k5,105.3628921508789,False,1114,1109,248.84986877441406,200
1775114982.9451048,read,k2,104.06184196472168,False,1150,1143,34.21497344970703,200
1775114982.9453802,read,k2,104.09021377563477,False,1150,1143,34.49106216430664,200
1775114982.952438,write,k2,612.9207611083984,False,1144,1144,,201
1775114982.954002,read,k4,104.16698455810547,False,1103,1095,107.70010948181152,200
1775114982.958543,write,k1,613.4860515594482,False,1077,1077,,201
1775114982.969711,write,k2,618.3569431304932,False,1145,1145,,201
1775114982.970009,write,k3,611.4339828491211,False,1100,1100,,201
1775114982.9702332,write,k2,618.3669567108154,False,1146,1146,,201
1775114982.986627,read,k1,103.84774208068848,False,1087,1077,28.08070182800293,200
1775114982.999787,write,k1,608.2348823547363,False,1078,1078,,201
1775114983.016282,write,k1,609.778881072998,False,1079,1079,,201
1775114983.026397,read,k4,106.5218448638916,False,1103,1095,180.09305000305176,200
1775114983.0269282,read,k4,105.9262752532959,False,1103,1095,180.62615394592285,200
1775114983.0408762,read,k1,103.51681709289551,False,1087,1079,24.59120750427246,200
1775114983.045086,write,k5,612.267017364502,False,1110,1110,,201
1775114983.0469491,read,k1,103.22308540344238,False,1087,1079,30.665874481201172,200
1775114983.047304,read,k2,103.94501686096191,False,1150,1146,77.06904411315918,200
1775114983.053264,read,k4,104.25901412963867,False,1103,1095,206.95996284484863,200
1775114983.0537112,read,k5,105.07011413574219,False,1116,1110,8.627891540527344,200
1775114983.062237,read,k4,104.17008399963379,False,1103,1095,215.93308448791504,200
1775114983.072808,write,k1,609.4100475311279,False,1080,1080,,201
1775114983.078541,read,k4,106.28414154052734,False,1103,1095,232.23590850830078,200
1775114983.079471,read,k1,105.9110164642334,False,1089,1080,6.664037704467773,200
1775114983.084425,write,k2,610.3878021240234,False,1147,1147,,201
1775114983.084878,read,k4,104.89225387573242,False,1103,1095,238.57498168945312,200
1775114983.103366,read,k5,105.45206069946289,False,1116,1110,58.278799057006836,200
1775114983.154542,write,k1,640.861988067627,False,1081,1081,,201
1775114983.155066,write,k4,633.5270404815674,False,1096,1096,,201
1775114983.155284,read,k4,119.45390701293945,False,1103,1096,0.21696090698242188,200
1775114983.1554382,read,k1,133.3777904510498,False,1089,1081,0.8978843688964844,200
1775114983.155563,write,k3,654.9162864685059,False,1101,1101,,201
1775114983.1558049,write,k4,608.7357997894287,False,1098,1098,,201
1775114983.155948,write,k4,611.5097999572754,False,1097,1097,,201
1775114983.1560802,read,k4,110.69798469543457,False,1103,1098,0.13113021850585938,200
1775114983.1587589,write,k3,608.0467700958252,False,1102,1102,,201
1775114983.1756532,write,k3,611.0889911651611,False,1103,1103,,201
1775114983.190567,read,k4,131.87193870544434,False,1103,1098,34.61813926696777,200
1775114983.190707,read,k5,129.60314750671387,False,1117,1110,145.62487602233887,200
1775114983.194072,read,k2,139.58501815795898,False,1152,1147,109.6498966217041,200
1775114983.2030761,write,k4,603.6849021911621,False,1099,1099,,201
1775114983.233432,write,k3,604.6111583709717,False,1104,1104,,201
1775114983.257772,read,k5,151.1859893798828,False,1120,1110,212.68892288208008,200
1775114983.2658172,read,k3,104.66933250427246,False,1107,1104,32.38391876220703,200
1775114983.265968,read,k4,108.34002494812012,False,1105,1099,62.89196014404297,200
1775114983.270539,write,k4,619.9181079864502,False,1100,1100,,201
1775114983.270682,write,k5,611.6170883178711,False,1111,1111,,201
1775114983.2756212,write,k1,612.9920482635498,False,1082,1082,,201
1775114983.275787,read,k1,113.86799812316895,False,1092,1082,0.16498565673828125,200
1775114983.275934,write,k5,608.1621646881104,False,1112,1112,,201
1775114983.276255,write,k2,608.9680194854736,False,1148,1148,,201
1775114983.280257,write,k1,605.4730415344238,False,1083,1083,,201
1775114983.286488,write,k1,609.1718673706055,False,1084,1084,,201
1775114983.301722,read,k3,107.46598243713379,False,1111,1104,68.28784942626953,200
1775114983.3039749,write,k5,612.8556728363037,False,1113,1113,,201
1775114983.304157,write,k1,610.5339527130127,False,1085,1085,,201
1775114983.3411999,write,k1,624.3209838867188,False,1086,1086,,201
1775114983.3525171,read,k2,112.6704216003418,False,1155,1148,76.25913619995117,200
1775114983.374279,read,k4,106.46772384643555,False,1106,1100,103.73401641845703,200
1775114983.3814762,read,k1,107.67507553100586,False,1093,1086,40.27199745178223,200
1775114983.382009,read,k2,110.80098152160645,False,1155,1148,105.75103759765625,200
1775114983.38306,write,k4,610.0978851318359,False,1101,1101,,201
1775114983.383358,write,k5,608.0646514892578,False,1114,1114,,201
1775114983.383678,read,k1,104.54893112182617,False,1093,1086,42.47784614562988,200
1775114983.3849862,write,k1,604.9978733062744,False,1087,1087,,201
1775114983.385292,read,k4,104.95781898498535,False,1106,1101,2.232074737548828,200
1775114983.387831,read,k5,105.28159141540527,False,1121,1114,4.473209381103516,200
1775114983.3937302,write,k4,609.7688674926758,False,1102,1102,,201
1775114983.405131,write,k2,612.9438877105713,False,1149,1149,,201
1775114983.423275,read,k4,113.77573013305664,False,1106,1102,29.541969299316406,200
1775114983.444277,write,k2,614.771842956543,False,1150,1150,,201
1775114983.446008,write,k4,637.3367309570312,False,1103,1103,,201
1775114983.4637902,read,k4,108.8409423828125,False,1108,1103,17.77791976928711,200
1775114983.4673011,write,k5,610.4691028594971,False,1115,1115,,201
1775114983.492218,read,k3,107.89871215820312,False,1114,1104,258.78095626831055,200
1775114983.496984,read,k4,110.96501350402832,False,1108,1103,50.972700119018555,200
1775114983.497484,read,k4,107.90395736694336,False,1108,1103,51.47576332092285,200
1775114983.497752,read,k1,112.11919784545898,False,1095,1087,112.76602745056152,200
1775114983.501318,write,k3,613.5270595550537,False,1105,1105,,201
1775114983.5016792,write,k5,615.4038906097412,False,1116,1116,,201
1775114983.528202,read,k1,113.30890655517578,False,1096,1087,143.21112632751465,200
1775114983.535947,read,k5,106.05192184448242,False,1124,1116,34.26408767700195,200
1775114983.5609019,write,k2,608.1869602203369,False,1151,1151,,201
1775114983.561496,write,k1,606.2459945678711,False,1088,1088,,201
1775114983.56983,write,k2,611.0279560089111,False,1152,1152,,201
1775114983.571499,read,k3,105.51595687866211,False,1114,1105,70.17970085144043,200
1775114983.573759,write,k1,609.5411777496338,False,1089,1089,,201
1775114983.582989,read,k1,106.99582099914551,False,1096,1089,9.22703742980957,200
1775114983.609823,read,k1,107.39874839782715,False,1096,1089,36.05914115905762,200
1775114983.639457,read,k5,107.66720771789551,False,1127,1116,137.7720832824707,200
1775114983.6446989,write,k5,607.5010299682617,False,1117,1117,,201
1775114983.6452858,write,k3,638.300895690918,False,1106,1106,,201
1775114983.662983,write,k1,609.119176864624,False,1090,1090,,201
1775114983.6634922,write,k3,615.8032417297363,False,1107,1107,,201
1775114983.6789272,read,k5,108.85000228881836,False,1127,1117,34.22689437866211,200
1775114983.680029,write,k5,615.441083908081,False,1118,1118,,201
1775114983.686193,read,k4,106.79197311401367,False,1110,1103,240.18287658691406,200
1775114983.689402,write,k4,607.8207492828369,False,1104,1104,,201
1775114983.693274,write,k1,611.0339164733887,False,1091,1091,,201
1775114983.695961,write,k5,606.5819263458252,False,1119,1119,,201
1775114983.7483132,write,k4,646.3329792022705,False,1105,1105,,201
1775114983.749012,write,k5,650.2630710601807,False,1120,1120,,201
1775114983.753084,read,k3,111.13882064819336,False,1117,1107,89.59102630615234,200
1775114983.770218,write,k1,610.5127334594727,False,1092,1092,,201
1775114983.770656,write,k3,607.2368621826172,False,1109,1109,,201
1775114983.770914,write,k3,607.3300838470459,False,1108,1108,,201
1775114983.771148,write,k3,606.6620349884033,False,1111,1111,,201
1775114983.771363,write,k3,607.1522235870361,False,1110,1110,,201
1775114983.7715719,write,k4,612.1292114257812,False,1106,1106,,201
1775114983.797714,read,k5,124.97091293334961,False,1129,1120,48.69818687438965,200
1775114983.7982779,write,k1,619.9071407318115,False,1093,1093,,201
1775114983.806559,write,k2,606.1422824859619,False,1153,1153,,201
1775114983.80777,write,k2,605.4978370666504,False,1154,1154,,201
1775114983.808185,read,k5,110.3360652923584,False,1129,1120,59.17215347290039,200
1775114983.823188,write,k2,609.6830368041992,False,1155,1155,,201
1775114983.860906,read,k3,105.49688339233398,False,1120,1111,89.53595161437988,200
1775114983.881611,read,k3,108.0787181854248,False,1121,1111,110.24212837219238,200
1775114983.88435,write,k3,611.1197471618652,False,1112,1112,,201
1775114983.8855522,read,k2,106.44888877868652,False,1161,1155,62.3631477355957,200
1775114983.885962,read,k4,108.39509963989258,False,1110,1106,114.38989639282227,200
1775114983.886345,write,k5,612.0340824127197,False,1121,1121,,201
1775114983.889885,write,k1,607.4790954589844,False,1094,1094,,201
1775114983.9049091,write,k3,614.495038986206,False,1113,1113,,201
1775114983.9054,write,k5,615.2257919311523,False,1122,1122,,201
1775114983.9057238,read,k4,125.25296211242676,False,1110,1106,134.15002822875977,200
1775114983.905963,read,k2,124.48406219482422,False,1161,1155,82.77726173400879,200
1775114983.9061801,read,k5,124.07422065734863,False,1129,1122,0.7798671722412109,200
1775114983.929494,write,k4,617.974042892456,False,1108,1108,,201
1775114983.930551,write,k4,619.5430755615234,False,1107,1107,,201
1775114983.931351,read,k2,116.22285842895508,False,1161,1155,108.16431045532227,200
1775114983.9475808,write,k1,604.7930717468262,False,1095,1095,,201
1775114983.993363,write,k3,611.1869812011719,False,1114,1114,,201
1775114983.994057,write,k2,607.1422100067139,False,1156,1156,,201
1775114983.996029,read,k4,104.51078414916992,False,1111,1108,65.4759407043457,200
1775114984.000161,read,k1,105.6060791015625,False,1105,1095,52.57701873779297,200
1775114984.001808,read,k2,106.48870468139648,False,1162,1156,7.751226425170898,200
1775114984.0055838,write,k4,612.4448776245117,False,1109,1109,,201
1775114984.00605,write,k1,611.1297607421875,False,1096,1096,,201
1775114984.0063841,write,k5,609.7509860992432,False,1123,1123,,201
1775114984.012757,write,k5,608.9468002319336,False,1124,1124,,201
1775114984.03738,read,k3,122.56503105163574,False,1123,1114,44.0058708190918,200
1775114984.041163,read,k5,104.48980331420898,False,1129,1124,28.40399742126465,200
1775114984.0524101,write,k2,606.2319278717041,False,1157,1157,,201
1775114984.0679119,write,k5,609.9860668182373,False,1125,1125,,201
1775114984.1054552,write,k5,606.7941188812256,False,1126,1126,,201
1775114984.1060648,read,k1,105.71622848510742,False,1108,1096,100.01206398010254,200
1775114984.111776,write,k4,606.7330837249756,False,1110,1110,,201
1775114984.112551,write,k5,609.2569828033447,False,1127,1127,,201
1775114984.113154,write,k3,607.3219776153564,False,1115,1115,,201
1775114984.1135428,write,k5,609.860897064209,False,1127,1127,,201
1775114984.117934,read,k4,108.44111442565918,False,1115,1110,6.1588287353515625,200
1775114984.1225338,read,k2,107.55515098571777,False,1163,1157,70.12414932250977,200
1775114984.147956,write,k3,608.0172061920166,False,1116,1116,,201
1775114984.149527,read,k3,107.1929931640625,False,1125,1116,1.5690326690673828,200
1775114984.159141,read,k5,104.32004928588867,False,1131,1127,45.5937385559082,200
1775114984.159724,read,k3,109.0550422668457,False,1125,1116,11.769771575927734,200
1775114984.169727,write,k3,607.1920394897461,False,1117,1117,,201
1775114984.184701,read,k4,105.86094856262207,False,1115,1110,72.92485237121582,200
1775114984.187547,write,k2,609.8029613494873,False,1158,1158,,201
1775114984.190901,write,k1,612.0171546936035,False,1097,1097,,201
1775114984.191416,write,k1,606.9118976593018,False,1098,1098,,201
1775114984.223161,read,k5,108.99782180786133,False,1131,1127,109.61174964904785,200
1775114984.228547,write,k5,610.4240417480469,False,1128,1128,,201
1775114984.230479,read,k1,107.38921165466309,False,1110,1098,39.06106948852539,200
1775114984.231006,read,k3,109.74502563476562,False,1125,1117,61.279296875,200
1775114984.240567,read,k1,114.11094665527344,False,1110,1098,49.1480827331543,200
1775114984.254157,write,k5,607.421875,False,1129,1129,,201
1775114984.2583392,read,k4,106.50968551635742,False,1116,1110,146.5599536895752,200
1775114984.260159,write,k1,608.5610389709473,False,1099,1099,,201
1775114984.265188,read,k1,108.25395584106445,False,1110,1099,5.028963088989258,200
1775114984.268877,read,k2,108.21390151977539,False,1163,1158,81.3288688659668,200
1775114984.2789629,write,k1,609.53688621521,False,1100,1100,,201
1775114984.286138,read,k3,106.31895065307617,False,1126,1117,116.4090633392334,200
1775114984.301569,write,k2,614.926815032959,False,1159,1159,,201
1775114984.302197,write,k2,608.5071563720703,False,1160,1160,,201
1775114984.305543,write,k3,617.1667575836182,False,1119,1119,,201
1775114984.30622,write,k3,618.8127994537354,False,1118,1118,,201
1775114984.324503,write,k2,620.6510066986084,False,1161,1161,,201
1775114984.352725,read,k1,119.0190315246582,False,1113,1100,73.75597953796387,200
1775114984.353481,read,k1,119.26007270812988,False,1113,1100,74.51605796813965,200
1775114984.358519,read,k4,108.12211036682129,False,1117,1110,246.74201011657715,200
1775114984.3614368,write,k3,606.7440509796143,False,1120,1120,,201
1775114984.369639,write,k3,611.5241050720215,False,1121,1121,,201
1775114984.373413,read,k1,106.83083534240723,False,1113,1100,94.44785118103027,200
1775114984.379646,read,k3,107.17177391052246,False,1127,1121,10.004043579101562,200
1775114984.415744,write,k4,612.2958660125732,False,1111,1111,,201
1775114984.416258,write,k3,606.400728225708,False,1122,1122,,201
1775114984.416532,write,k1,608.2479953765869,False,1101,1101,,201
1775114984.416867,read,k2,107.7570915222168,False,1166,1161,92.36502647399902,200
1775114984.420346,read,k1,108.25586318969727,False,1113,1101,3.8089752197265625,200
1775114984.4289432,write,k1,611.9649410247803,False,1102,1102,,201
1775114984.436172,read,k3,104.52795028686523,False,1129,1122,19.90985870361328,200
1775114984.441675,write,k1,609.1771125793457,False,1103,1103,,201
1775114984.463922,read,k4,106.77790641784668,False,1119,1111,48.17700386047363,200
1775114984.47412,read,k1,105.87811470031738,False,1113,1103,32.44209289550781,200
1775114984.4785469,write,k1,611.0091209411621,False,1104,1104,,201
1775114984.4800608,read,k5,104.51602935791016,False,1134,1129,225.9042263031006,200
1775114984.490758,read,k4,104.17985916137695,False,1119,1111,75.01387596130371,200
1775114984.500281,write,k2,608.1457138061523,False,1162,1162,,201
1775114984.500747,write,k1,607.1820259094238,False,1105,1105,,201
1775114984.501125,write,k3,612.7610206604004,False,1123,1123,,201
1775114984.524689,read,k2,106.50229454040527,False,1167,1162,24.405956268310547,200
1775114984.525213,write,k1,612.3199462890625,False,1106,1106,,201
1775114984.528357,read,k5,106.16111755371094,False,1134,1129,274.2011547088623,200
1775114984.529918,write,k1,615.9369945526123,False,1107,1107,,201
1775114984.532005,read,k1,107.90801048278809,False,1113,1107,2.084016799926758,200
1775114984.5323908,read,k2,107.82694816589355,False,1167,1162,32.111167907714844,200
1775114984.532758,read,k1,107.41305351257324,False,1113,1107,2.8400421142578125,200
1775114984.533771,read,k4,102.68712043762207,False,1119,1111,118.03078651428223,200
1775114984.537148,write,k2,621.9830513000488,False,1163,1163,,201
1775114984.537479,write,k1,623.0919361114502,False,1108,1108,,201
1775114984.5537841,write,k3,617.534875869751,False,1124,1124,,201
1775114984.554343,write,k4,616.7280673980713,False,1112,1112,,201
1775114984.557735,write,k4,606.8620681762695,False,1113,1113,,201
1775114984.5948002,read,k4,110.09788513183594,False,1121,1113,37.062883377075195,200
1775114984.5953422,read,k3,109.66014862060547,False,1131,1124,41.55898094177246,200
1775114984.5956779,read,k3,110.40163040161133,False,1131,1124,41.89586639404297,200
1775114984.6013162,read,k1,107.80811309814453,False,1114,1108,63.832998275756836,200
1775114984.609754,write,k4,608.6609363555908,False,1114,1114,,201
1775114984.612347,read,k3,104.95901107788086,False,1131,1124,58.56204032897949,200
1775114984.612714,write,k5,609.483003616333,False,1130,1130,,201
1775114984.613054,write,k4,611.1478805541992,False,1115,1115,,201
1775114984.6192799,write,k5,609.0638637542725,False,1131,1131,,201
1775114984.623442,write,k1,613.5542392730713,False,1109,1109,,201
1775114984.6259499,write,k3,607.2347164154053,False,1125,1125,,201
1775114984.64515,read,k5,105.55434226989746,False,1137,1131,25.867938995361328,200
1775114984.666003,read,k1,105.52287101745605,False,1116,1109,42.5562858581543,200
1775114984.718661,write,k4,610.1169586181641,False,1116,1116,,201
1775114984.7191901,write,k1,609.9860668182373,False,1110,1110,,201
1775114984.723797,write,k5,609.062910079956,False,1132,1132,,201
1775114984.7243688,read,k2,107.76567459106445,False,1172,1163,187.21890449523926,200
1775114984.728418,read,k3,111.38701438903809,False,1132,1125,102.46706008911133,200
1775114984.7291431,write,k5,611.0589504241943,False,1133,1133,,201
1775114984.738154,read,k3,104.6760082244873,False,1132,1125,112.20216751098633,200
1775114984.773188,write,k3,608.4778308868408,False,1126,1126,,201
1775114984.783464,read,k5,106.64606094360352,False,1144,1133,54.316043853759766,200
1775114984.799039,write,k3,609.3480587005615,False,1127,1127,,201
1775114984.807275,write,k2,613.7762069702148,False,1164,1164,,201
1775114984.8089118,write,k1,614.6750450134277,False,1112,1112,,201
1775114984.809506,write,k1,613.5871410369873,False,1111,1111,,201
1775114984.842061,read,k2,119.45891380310059,False,1173,1164,34.78384017944336,200
1775114984.843889,write,k1,614.9029731750488,False,1113,1113,,201
1775114984.844558,read,k2,115.92888832092285,False,1173,1164,37.28199005126953,200
1775114984.8501859,read,k3,106.7361831665039,False,1134,1127,51.14483833312988,200
1775114984.855384,write,k4,615.9701347351074,False,1117,1117,,201
1775114984.874902,write,k4,611.6352081298828,False,1119,1119,,201
1775114984.87549,write,k4,613.3592128753662,False,1118,1118,,201
1775114984.8848069,write,k3,609.0850830078125,False,1128,1128,,201
1775114984.894224,write,k2,611.6058826446533,False,1165,1165,,201
1775114984.901044,read,k5,108.91008377075195,False,1145,1133,171.89717292785645,200
1775114984.9015522,write,k2,608.799934387207,False,1166,1166,,201
1775114984.9138718,write,k3,605.1361560821533,False,1129,1129,,201
1775114984.915678,write,k5,607.5959205627441,False,1134,1134,,201
1775114984.917491,read,k5,107.77878761291504,False,1145,1134,1.8129348754882812,200
1775114984.9206522,read,k4,104.93206977844238,False,1124,1119,45.16196250915527,200
1775114984.925659,read,k4,105.81111907958984,False,1124,1119,50.16803741455078,200
1775114984.954088,read,k5,105.3011417388916,False,1145,1134,38.4068489074707,200
1775114984.963926,read,k1,111.21892929077148,False,1118,1113,120.03493309020996,200
1775114984.968435,read,k2,107.85984992980957,False,1174,1166,66.88189506530762,200
1775114984.968877,write,k2,607.1479320526123,False,1167,1167,,201
1775114984.981001,write,k3,609.1458797454834,False,1130,1130,,201
1775114984.9912431,read,k4,111.56082153320312,False,1125,1119,115.75007438659668,200
1775114984.9916632,write,k3,611.3977432250977,False,1131,1131,,201
1775114985.019715,read,k3,117.92898178100586,False,1136,1131,28.050899505615234,200
1775114985.025387,read,k1,103.05500030517578,False,1120,1113,181.49900436401367,200
1775114985.028221,read,k2,104.08496856689453,False,1174,1167,59.34500694274902,200
1775114985.047796,read,k2,113.66915702819824,False,1174,1167,78.90105247497559,200
1775114985.049293,write,k4,606.3477993011475,False,1120,1120,,201
1775114985.0599968,write,k1,613.105058670044,False,1114,1114,,201
1775114985.079839,write,k4,611.5100383758545,False,1121,1121,,201
1775114985.0805929,read,k5,105.68809509277344,False,1148,1134,164.91079330444336,200
1775114985.112598,write,k5,607.9211235046387,False,1135,1135,,201
1775114985.117339,write,k3,606.5049171447754,False,1132,1132,,201
1775114985.1366,write,k5,609.1980934143066,False,1136,1136,,201
1775114985.1726332,write,k1,633.6977481842041,False,1115,1115,,201
1775114985.174171,write,k4,636.5828514099121,False,1123,1123,,201
1775114985.1747782,write,k2,629.0891170501709,False,1170,1170,,201
1775114985.1757498,write,k5,613.1970882415771,False,1138,1138,,201
1775114985.1764128,write,k1,636.5129947662354,False,1116,1116,,201
1775114985.176855,write,k2,640.5401229858398,False,1168,1168,,201
1775114985.177248,write,k5,638.9610767364502,False,1137,1137,,201
1775114985.177532,write,k4,646.934986114502,False,1122,1122,,201
1775114985.1779861,read,k1,122.47228622436523,False,1122,1116,1.5680789947509766,200
1775114985.1784499,write,k2,637.3391151428223,False,1169,1169,,201
1775114985.18183,write,k5,613.4159564971924,False,1139,1139,,201
1775114985.183842,read,k1,114.73798751831055,False,1122,1116,7.4291229248046875,200
1775114985.2062562,write,k2,606.7001819610596,False,1171,1171,,201
1775114985.225389,read,k5,137.50505447387695,False,1151,1139,43.55478286743164,200
1775114985.2262552,write,k5,619.657039642334,False,1141,1141,,201
1775114985.226759,write,k5,608.9127063751221,False,1142,1142,,201
1775114985.2271051,write,k1,621.0250854492188,False,1117,1117,,201
1775114985.227448,write,k5,625.1041889190674,False,1140,1140,,201
1775114985.227765,read,k3,138.6420726776123,False,1139,1132,110.42380332946777,200
1775114985.2280378,write,k2,616.4557933807373,False,1172,1172,,201
1775114985.228354,read,k1,112.0748519897461,False,1122,1117,1.2469291687011719,200
1775114985.23373,write,k2,611.1369132995605,False,1173,1173,,201
1775114985.240581,write,k5,609.551191329956,False,1143,1143,,201
1775114985.262469,write,k5,611.6790771484375,False,1144,1144,,201
1775114985.27783,read,k1,135.27798652648926,False,1122,1117,50.7199764251709,200
1775114985.289461,read,k5,105.11088371276855,False,1151,1144,26.990175247192383,200
1775114985.293229,read,k4,109.85898971557617,False,1125,1123,115.6928539276123,200
1775114985.2935739,read,k2,111.59586906433105,False,1176,1173,59.84616279602051,200
1775114985.2940109,read,k1,111.21201515197754,False,1123,1117,66.90502166748047,200
1775114985.2943091,read,k4,109.54809188842773,False,1125,1123,116.7759895324707,200
1775114985.294667,read,k2,115.22889137268066,False,1176,1173,60.93788146972656,200
1775114985.2949781,read,k1,104.2180061340332,False,1124,1117,67.8720474243164,200
1775114985.295253,read,k5,114.68791961669922,False,1151,1144,32.78493881225586,200
1775114985.3357482,write,k3,608.2401275634766,False,1133,1133,,201
1775114985.341515,read,k4,109.57694053649902,False,1125,1123,163.97905349731445,200
1775114985.3420658,read,k5,107.04898834228516,False,1153,1144,79.59699630737305,200
1775114985.342413,read,k4,111.74416542053223,False,1125,1123,164.88003730773926,200
1775114985.342753,read,k4,113.63077163696289,False,1125,1123,165.2209758758545,200
1775114985.3431969,read,k1,108.65092277526855,False,1125,1117,116.09005928039551,200
1775114985.343949,write,k5,614.2840385437012,False,1145,1145,,201
1775114985.344386,write,k3,613.5690212249756,False,1134,1134,,201
1775114985.344727,read,k3,105.28278350830078,False,1143,1134,0.3409385681152344,200
1775114985.352432,read,k5,106.52995109558105,False,1153,1145,8.481979370117188,200
1775114985.375586,write,k4,637.2573375701904,False,1124,1124,,201
1775114985.3886971,write,k3,611.832857131958,False,1135,1135,,201
1775114985.392653,read,k2,106.27102851867676,False,1176,1173,158.8900089263916,200
1775114985.399328,read,k2,103.96003723144531,False,1176,1173,165.59696197509766,200
1775114985.39983,read,k4,103.49893569946289,False,1126,1124,24.243831634521484,200
1775114985.405021,read,k2,107.64908790588379,False,1176,1173,171.28992080688477,200
1775114985.4061599,read,k4,107.9871654510498,False,1126,1124,30.57408332824707,200
1775114985.4134028,write,k1,607.7146530151367,False,1118,1118,,201
1775114985.451871,read,k3,106.99892044067383,False,1145,1135,63.172101974487305,200
1775114985.453155,read,k3,106.90808296203613,False,1145,1135,64.45789337158203,200
1775114985.453635,read,k3,108.18195343017578,False,1145,1135,64.93902206420898,200
1775114985.458497,read,k2,108.48879814147949,False,1177,1173,224.76696968078613,200
1775114985.458909,read,k4,110.00990867614746,False,1127,1124,83.32419395446777,200
1775114985.459342,read,k3,112.37573623657227,False,1145,1135,70.64700126647949,200
1775114985.4603362,read,k5,106.11677169799805,False,1153,1145,116.38712882995605,200
1775114985.4733062,read,k1,115.35882949829102,False,1127,1118,59.89980697631836,200
1775114985.483063,write,k2,626.7220973968506,False,1174,1174,,201
1775114985.483456,write,k4,637.0549201965332,False,1125,1125,,201
1775114985.49156,write,k3,610.5186939239502,False,1136,1136,,201
1775114985.496866,read,k5,112.30802536010742,False,1153,1145,152.91690826416016,200
1775114985.5010839,read,k4,106.11724853515625,False,1127,1125,17.627954483032227,200
1775114985.501458,write,k1,609.2088222503662,False,1119,1119,,201
1775114985.523509,read,k3,111.42301559448242,False,1145,1136,31.94904327392578,200
1775114985.524437,write,k5,612.7941608428955,False,1146,1146,,201
1775114985.524565,write,k3,616.6911125183105,False,1137,1137,,201
1775114985.5273888,write,k1,605.9930324554443,False,1120,1120,,201
1775114985.534315,read,k1,109.80987548828125,False,1128,1120,6.925106048583984,200
1775114985.534427,write,k3,609.8361015319824,False,1138,1138,,201
1775114985.564893,read,k1,107.85889625549316,False,1128,1120,37.50300407409668,200
1775114985.570802,write,k1,610.3579998016357,False,1121,1121,,201
1775114985.575232,read,k2,110.60404777526855,False,1178,1174,92.17309951782227,200
1775114985.575337,read,k2,112.50090599060059,False,1178,1174,92.27800369262695,200
1775114985.5754392,read,k2,106.08696937561035,False,1178,1174,92.38123893737793,200
1775114985.580854,write,k5,611.7949485778809,False,1147,1147,,201
1775114985.5809479,write,k5,610.764741897583,False,1148,1148,,201
1775114985.59349,read,k5,103.62482070922852,False,1156,1148,12.541055679321289,200
1775114985.6072361,read,k3,103.91998291015625,False,1145,1138,72.80874252319336,200
1775114985.609022,write,k2,612.626314163208,False,1175,1175,,201
1775114985.61108,write,k5,621.5212345123291,False,1149,1149,,201
1775114985.611167,write,k5,617.6059246063232,False,1150,1150,,201
1775114985.6322649,write,k3,606.4958572387695,False,1139,1139,,201
1775114985.6377149,read,k4,102.31375694274902,False,1130,1125,154.26087379455566,200
1775114985.643308,write,k2,609.6169948577881,False,1176,1176,,201
1775114985.643402,write,k1,609.199047088623,False,1122,1122,,201
1775114985.6451352,read,k2,104.18105125427246,False,1179,1176,1.8260478973388672,200
1775114985.676791,write,k5,620.7771301269531,False,1151,1151,,201
1775114985.68527,read,k4,105.63397407531738,False,1131,1125,201.81584358215332,200
1775114985.685376,read,k5,105.85236549377441,False,1158,1151,8.584976196289062,200
1775114985.690606,read,k2,101.64785385131836,False,1180,1176,47.297000885009766,200
1775114985.715359,read,k1,105.08894920349121,False,1135,1122,71.95711135864258,200
1775114985.7195451,read,k4,104.57706451416016,False,1131,1125,236.09113693237305,200
1775114985.725301,read,k2,104.93016242980957,False,1181,1176,81.99310302734375,200
1775114985.733247,write,k3,607.5661182403564,False,1140,1140,,201
1775114985.7407491,read,k4,103.70421409606934,False,1131,1125,257.2939395904541,200
1775114985.750367,read,k1,104.5691967010498,False,1135,1122,106.964111328125,200
1775114985.7882838,read,k2,103.79290580749512,False,1182,1176,144.9751853942871,200
1775114985.790743,write,k5,604.65407371521,False,1152,1152,,201
1775114985.7908878,write,k1,606.7781448364258,False,1124,1124,,201
1775114985.791032,write,k1,608.590841293335,False,1123,1123,,201
1775114985.7937942,write,k5,607.3241233825684,False,1153,1153,,201
1775114985.796431,read,k4,102.78010368347168,False,1132,1125,312.9761219024658,200
1775114985.799225,read,k3,104.33602333068848,False,1146,1140,65.97709655761719,200
1775114985.799372,read,k2,104.34412956237793,False,1182,1176,156.06307983398438,200
1775114985.824178,write,k1,606.5049171447754,False,1125,1125,,201
1775114985.8253272,read,k1,103.55186462402344,False,1136,1125,1.148223876953125,200
1775114985.8298502,read,k1,104.32600975036621,False,1136,1125,5.671262741088867,200
1775114985.841812,write,k3,610.2168560028076,False,1141,1141,,201
1775114985.845576,write,k3,613.3532524108887,False,1142,1142,,201
1775114985.84581,read,k4,103.59311103820801,False,1132,1125,362.35499382019043,200
1775114985.8460438,write,k3,616.2331104278564,False,1143,1143,,201
1775114985.857284,read,k3,103.52110862731934,False,1147,1143,11.237859725952148,200
1775114985.8832798,write,k4,611.3457679748535,False,1126,1126,,201
1775114985.895908,read,k3,106.12106323242188,False,1147,1143,49.85976219177246,200
1775114985.898041,read,k3,105.2248477935791,False,1147,1143,51.99480056762695,200
1775114985.90445,write,k3,606.7759990692139,False,1144,1144,,201
1775114985.909117,write,k2,609.9720001220703,False,1177,1177,,201
1775114985.909774,write,k3,610.1891994476318,False,1145,1145,,201
1775114985.910768,write,k4,612.8349304199219,False,1127,1127,,201
1775114985.935852,read,k3,105.02195358276367,False,1150,1145,26.073932647705078,200
1775114985.946403,read,k1,105.91697692871094,False,1138,1125,122.22003936767578,200
1775114985.9557388,read,k4,107.26785659790039,False,1133,1127,44.9678897857666,200
1775114985.956342,write,k1,609.7309589385986,False,1126,1126,,201
1775114985.962453,write,k1,611.6838455200195,False,1127,1127,,201
1775114985.997687,write,k1,606.8847179412842,False,1128,1128,,201
1775114986.008358,write,k5,607.4049472808838,False,1154,1154,,201
1775114986.012067,write,k5,606.8761348724365,False,1155,1155,,201
1775114986.015993,write,k4,607.1422100067139,False,1128,1128,,201
1775114986.016434,read,k4,111.84883117675781,False,1133,1128,0.43892860412597656,200
1775114986.020558,read,k1,108.02507400512695,False,1139,1128,22.871017456054688,200
1775114986.0213308,read,k2,109.31611061096191,False,1186,1177,112.21814155578613,200
1775114986.021703,read,k1,108.90483856201172,False,1139,1128,24.018287658691406,200
1775114986.0480242,read,k3,107.10620880126953,False,1151,1145,138.2448673248291,200
1775114986.059711,read,k2,111.36889457702637,False,1186,1177,150.59518814086914,200
1775114986.072236,read,k3,110.82696914672852,False,1151,1145,162.45722770690918,200
1775114986.072787,write,k4,617.0470714569092,False,1129,1129,,201
1775114986.078272,read,k3,105.67212104797363,False,1151,1145,168.49327087402344,200
1775114986.081745,write,k2,622.2939491271973,False,1178,1178,,201
1775114986.0824609,write,k1,615.5178546905518,False,1129,1129,,201
1775114986.0890722,write,k5,610.8589172363281,False,1156,1156,,201
1775114986.1001458,write,k4,607.3973178863525,False,1130,1130,,201
1775114986.115943,write,k1,615.3242588043213,False,1130,1130,,201
1775114986.116579,write,k1,615.4441833496094,False,1131,1131,,201
1775114986.117117,read,k4,108.50310325622559,False,1133,1130,16.971111297607422,200
1775114986.122051,write,k1,608.788251876831,False,1132,1132,,201
1775114986.127048,read,k3,108.59489440917969,False,1151,1145,217.2701358795166,200
1775114986.1290061,read,k1,104.61282730102539,False,1140,1132,6.95490837097168,200
1775114986.1293912,read,k1,105.96609115600586,False,1140,1132,7.343053817749023,200
1775114986.129765,read,k4,107.6200008392334,False,1133,1130,29.618024826049805,200
1775114986.134393,write,k1,606.7948341369629,False,1134,1134,,201
1775114986.134851,write,k1,607.8729629516602,False,1133,1133,,201
1775114986.136163,write,k2,606.320858001709,False,1179,1179,,201
1775114986.1537821,write,k5,610.9740734100342,False,1157,1157,,201
1775114986.158974,read,k5,108.21700096130371,False,1163,1157,5.189180374145508,200
1775114986.180901,write,k5,608.6041927337646,False,1158,1158,,201
1775114986.181335,read,k1,105.86905479431152,False,1141,1134,46.48184776306152,200
1775114986.1832252,write,k4,605.6828498840332,False,1131,1131,,201
1775114986.192173,read,k1,104.55489158630371,False,1141,1134,57.318925857543945,200
1775114986.192807,write,k2,610.6297969818115,False,1180,1180,,201
1775114986.193163,read,k4,108.71505737304688,False,1133,1131,9.93800163269043,200
1775114986.196845,write,k1,607.7690124511719,False,1135,1135,,201
1775114986.203925,write,k2,608.8409423828125,False,1181,1181,,201
1775114986.210426,read,k2,106.50086402893066,False,1187,1181,6.500005722045898,200
1775114986.224117,read,k1,106.49228096008301,False,1141,1135,27.272939682006836,200
1775114986.2269802,write,k2,606.0600280761719,False,1182,1182,,201
1775114986.230958,read,k1,108.72912406921387,False,1141,1135,34.11412239074707,200
1775114986.2350311,read,k1,105.03005981445312,False,1141,1135,38.18798065185547,200
1775114986.250567,write,k4,610.6681823730469,False,1132,1132,,201
1775114986.2507331,read,k1,111.10496520996094,False,1141,1135,53.88998985290527,200
1775114986.2583098,read,k2,114.57490921020508,False,1188,1182,31.32796287536621,200
1775114986.259112,write,k1,605.3121089935303,False,1136,1136,,201
1775114986.259242,write,k3,605.5440902709961,False,1146,1146,,201
1775114986.269983,read,k1,106.19759559631348,False,1141,1136,10.869979858398438,200
1775114986.302183,read,k3,112.83493041992188,False,1153,1146,42.94013977050781,200
1775114986.309773,read,k2,111.68694496154785,False,1188,1182,82.79204368591309,200
1775114986.309939,read,k3,108.07585716247559,False,1153,1146,50.69613456726074,200
1775114986.321861,read,k2,106.01019859313965,False,1188,1182,94.8801040649414,200
1775114986.340605,write,k3,612.5500202178955,False,1147,1147,,201
1775114986.3411882,read,k1,104.64191436767578,False,1144,1136,82.07511901855469,200
1775114986.341387,read,k4,105.75485229492188,False,1140,1132,90.8198356628418,200
1775114986.348235,write,k5,605.8540344238281,False,1159,1159,,201
1775114986.3699908,read,k1,104.9048900604248,False,1146,1136,110.87608337402344,200
1775114986.4068139,write,k3,610.0564002990723,False,1148,1148,,201
1775114986.4085991,write,k3,607.550859451294,False,1149,1149,,201
1775114986.4090161,write,k1,607.7671051025391,False,1137,1137,,201
1775114986.4093928,write,k3,607.5770854949951,False,1150,1150,,201
1775114986.412656,write,k1,607.5530052185059,False,1138,1138,,201
1775114986.4145641,write,k2,606.5080165863037,False,1183,1183,,201
1775114986.4173172,read,k2,105.31115531921387,False,1189,1183,2.752065658569336,200
1775114986.439626,write,k4,607.0990562438965,False,1133,1133,,201
1775114986.445313,read,k2,114.1366958618164,False,1189,1183,30.74502944946289,200
1775114986.4581,read,k5,106.62722587585449,False,1167,1159,109.86113548278809,200
1775114986.460653,write,k5,615.6988143920898,False,1160,1160,,201
1775114986.461117,write,k2,612.26487159729,False,1184,1184,,201
1775114986.462504,write,k2,607.0821285247803,False,1185,1185,,201
1775114986.474893,write,k1,606.687068939209,False,1139,1139,,201
1775114986.5089338,write,k2,614.677906036377,False,1186,1186,,201
1775114986.514584,write,k5,609.0900897979736,False,1161,1161,,201
1775114986.51916,read,k5,108.76893997192383,False,1167,1161,4.573822021484375,200
1775114986.519517,read,k3,108.53815078735352,False,1154,1150,110.1236343383789,200
1775114986.520701,write,k3,607.0678234100342,False,1151,1151,,201
1775114986.528467,read,k3,106.52589797973633,False,1154,1151,7.76219367980957,200
1775114986.530126,read,k2,105.87811470031738,False,1191,1186,21.190881729125977,200
1775114986.577791,read,k2,116.15204811096191,False,1192,1186,68.85409355163574,200
1775114986.5795252,read,k4,110.45193672180176,False,1148,1133,139.89901542663574,200
1775114986.580532,read,k1,109.93385314941406,False,1147,1139,105.64112663269043,200
1775114986.580935,write,k5,620.3629970550537,False,1162,1162,,201
1775114986.584235,read,k2,105.6063175201416,False,1192,1186,75.29997825622559,200
1775114986.6294248,write,k1,610.2819442749023,False,1140,1140,,201
1775114986.630656,write,k3,606.564998626709,False,1152,1152,,201
1775114986.631125,read,k3,114.51506614685059,False,1154,1152,0.4680156707763672,200
1775114986.631496,read,k4,107.85412788391113,False,1148,1133,191.87116622924805,200
1775114986.635138,read,k5,104.36201095581055,False,1168,1162,54.199934005737305,200
1775114986.635947,read,k3,108.85000228881836,False,1154,1152,5.286216735839844,200
1775114986.63981,read,k4,109.5590591430664,False,1148,1133,200.18410682678223,200
1775114986.644196,write,k5,615.015983581543,False,1163,1163,,201
1775114986.682913,write,k1,616.278886795044,False,1141,1141,,201
1775114986.692062,read,k4,107.12504386901855,False,1148,1133,252.43425369262695,200
1775114986.6926432,read,k5,106.94289207458496,False,1169,1163,48.4471321105957,200
1775114986.6959639,read,k3,107.59186744689941,False,1154,1152,65.30618667602539,200
1775114986.6963,write,k4,613.1200790405273,False,1134,1134,,201
1775114986.696577,write,k2,616.5249347686768,False,1187,1187,,201
1775114986.70475,write,k4,610.241174697876,False,1135,1135,,201
1775114986.736656,write,k4,613.7309074401855,False,1136,1136,,201
1775114986.74511,write,k5,613.1691932678223,False,1164,1164,,201
1775114986.7456791,write,k4,612.1721267700195,False,1137,1137,,201
1775114986.7492921,read,k2,113.24810981750488,False,1193,1187,52.71196365356445,200
1775114986.750794,read,k2,110.48603057861328,False,1193,1187,54.21590805053711,200
1775114986.7514482,read,k3,111.52505874633789,False,1154,1152,120.79095840454102,200
1775114986.75223,read,k1,111.01698875427246,False,1150,1141,69.31900978088379,200
1775114986.754025,read,k3,107.37204551696777,False,1154,1152,123.36897850036621,200
1775114986.7547278,write,k4,610.7230186462402,False,1138,1138,,201
1775114986.7551749,write,k2,612.1430397033691,False,1188,1188,,201
1775114986.7554739,write,k3,612.0591163635254,False,1153,1153,,201
1775114986.760396,read,k1,105.15809059143066,False,1150,1141,77.48293876647949,200
1775114986.780014,write,k1,615.2749061584473,False,1142,1142,,201
1775114986.7935638,write,k4,609.8308563232422,False,1139,1139,,201
1775114986.7976341,write,k1,608.942985534668,False,1143,1143,,201
1775114986.8075268,read,k3,109.35401916503906,False,1154,1153,52.050113677978516,200
1775114986.808249,read,k5,104.49004173278809,False,1170,1164,63.1411075592041,200
1775114986.808519,read,k2,105.5459976196289,False,1194,1188,53.344011306762695,200
1775114986.8149529,write,k4,613.6410236358643,False,1140,1140,,201
1775114986.815433,write,k5,613.2509708404541,False,1165,1165,,201
1775114986.817698,write,k5,609.454870223999,False,1166,1166,,201
1775114986.846741,write,k1,617.5549030303955,False,1144,1144,,201
1775114986.8563368,write,k4,613.8167381286621,False,1141,1141,,201
1775114986.866478,read,k5,108.43014717102051,False,1172,1166,48.777103424072266,200
1775114986.8670568,read,k4,109.58981513977051,False,1149,1141,10.720014572143555,200
1775114986.8674119,read,k4,106.68301582336426,False,1149,1141,11.075019836425781,200
1775114986.867882,read,k5,115.56196212768555,False,1172,1166,50.18496513366699,200
1775114986.868163,write,k1,608.8807582855225,False,1145,1145,,201
1775114986.868438,read,k2,109.75909233093262,False,1194,1188,113.26265335083008,200
1775114986.868662,write,k3,610.7420921325684,False,1154,1154,,201
1775114986.868917,read,k5,109.94887351989746,False,1172,1166,51.219940185546875,200
1775114986.869838,read,k2,106.82392120361328,False,1195,1188,114.66288566589355,200
1775114986.870084,write,k1,607.7632904052734,False,1146,1146,,201
1775114986.8712032,write,k5,606.3828468322754,False,1167,1167,,201
1775114986.8825111,read,k4,107.84506797790527,False,1149,1141,26.17192268371582,200
1775114986.883084,write,k2,610.083818435669,False,1189,1189,,201
1775114986.907892,read,k3,118.21603775024414,False,1154,1154,39.2298698425293,200
1775114986.916975,write,k1,609.4090938568115,False,1147,1147,,201
1775114986.917166,read,k3,105.62610626220703,False,1154,1154,48.50506782531738,200
1775114986.9173,read,k5,110.96405982971191,False,1173,1167,46.09799385070801,200
1775114986.917427,read,k1,107.03706741333008,False,1153,1147,0.453948974609375,200
1775114986.92029,write,k4,607.1763038635254,False,1142,1142,,201
1775114986.922123,read,k5,104.27999496459961,False,1173,1167,50.920963287353516,200
1775114986.934099,read,k5,107.00583457946777,False,1173,1167,62.89482116699219,200
1775114986.9573288,write,k4,609.5070838928223,False,1143,1143,,201
1775114986.957812,write,k2,610.8572483062744,False,1190,1190,,201
1775114986.96721,write,k4,610.785961151123,False,1144,1144,,201
1775114986.97535,read,k1,104.75516319274902,False,1155,1147,58.37106704711914,200
1775114986.977549,read,k3,103.38592529296875,False,1156,1154,108.88385772705078,200
1775114986.97806,read,k5,105.27205467224121,False,1173,1167,106.85491561889648,200
1775114986.978515,read,k1,106.99176788330078,False,1155,1147,61.53988838195801,200
1775114986.9789178,read,k2,105.06772994995117,False,1196,1190,21.104097366333008,200
1775114986.9835148,read,k4,106.60886764526367,False,1149,1144,16.304969787597656,200
1775114986.984104,write,k4,611.2208366394043,False,1145,1145,,201
1775114986.984568,read,k1,105.81588745117188,False,1156,1147,67.59405136108398,200
1775114986.98486,read,k4,104.69913482666016,False,1149,1145,0.7569789886474609,200
1775114987.0165539,read,k2,105.56316375732422,False,1196,1190,58.73608589172363,200
1775114987.017097,read,k4,112.05101013183594,False,1149,1145,32.99307823181152,200
1775114987.023225,write,k4,609.764814376831,False,1146,1146,,201
1775114987.023679,write,k2,610.6128692626953,False,1191,1191,,201
1775114987.029203,read,k4,104.3400764465332,False,1151,1146,5.977153778076172,200
1775114987.029888,read,k3,104.7050952911377,False,1157,1154,161.22102737426758,200
1775114987.0315578,write,k4,610.2080345153809,False,1147,1147,,201
1775114987.040732,read,k4,103.6980152130127,False,1152,1147,9.17196273803711,200
1775114987.068289,write,k2,617.7756786346436,False,1192,1192,,201
1775114987.069112,write,k4,619.4729804992676,False,1148,1148,,201
1775114987.069561,read,k2,107.85412788391113,False,1196,1192,1.2731552124023438,200
1775114987.072628,read,k1,103.90710830688477,False,1156,1147,155.65109252929688,200
1775114987.080674,write,k5,614.8788928985596,False,1168,1168,,201
1775114987.0874429,read,k3,107.33795166015625,False,1158,1154,218.77717971801758,200
1775114987.0878348,read,k1,108.43515396118164,False,1156,1147,170.86124420166016,200
1775114987.097617,read,k4,115.93103408813477,False,1152,1148,28.493165969848633,200
1775114987.098167,read,k2,112.83588409423828,False,1196,1192,29.853105545043945,200
1775114987.101186,read,k3,112.41316795349121,False,1159,1154,232.51986503601074,200
1775114987.104728,read,k4,113.10386657714844,False,1152,1148,35.614967346191406,200
1775114987.106842,read,k3,112.39218711853027,False,1159,1154,238.17801475524902,200
1775114987.107119,read,k5,113.23785781860352,False,1175,1168,26.446104049682617,200
1775114987.1272151,read,k4,106.3227653503418,False,1152,1148,58.103084564208984,200
1775114987.131192,write,k1,608.9150905609131,False,1148,1148,,201
1775114987.1358202,read,k5,108.0172061920166,False,1175,1168,55.1450252532959,200
1775114987.140596,read,k2,105.90481758117676,False,1198,1192,72.30925559997559,200
1775114987.146256,read,k2,106.52899742126465,False,1198,1192,77.96907424926758,200
1775114987.14756,read,k2,105.1490306854248,False,1198,1192,79.27417755126953,200
1775114987.148748,write,k5,608.0529689788818,False,1169,1169,,201
1775114987.1776419,read,k3,107.73396492004395,False,1159,1154,308.974027633667,200
1775114987.1853771,read,k4,107.4669361114502,False,1152,1148,116.26195907592773,200
1775114987.2007082,read,k3,111.18388175964355,False,1159,1154,332.042932510376,200
1775114987.209316,write,k4,614.3069267272949,False,1149,1149,,201
1775114987.2106612,write,k1,627.4709701538086,False,1149,1149,,201
1775114987.211485,read,k4,115.06295204162598,False,1152,1149,2.170085906982422,200
1775114987.211864,read,k1,108.31689834594727,False,1158,1149,1.203775405883789,200
1775114987.212745,read,k2,103.94906997680664,False,1200,1192,144.45829391479492,200
1775114987.213079,read,k4,104.76922988891602,False,1152,1149,3.7648677825927734,200
1775114987.21943,read,k5,105.58080673217773,False,1177,1169,70.68204879760742,200
1775114987.236064,read,k3,104.17008399963379,False,1159,1154,367.3989772796631,200
1775114987.2411678,write,k1,607.6698303222656,False,1150,1150,,201
1775114987.245433,write,k2,610.1620197296143,False,1193,1193,,201
1775114987.25157,read,k3,109.22670364379883,False,1159,1154,382.9061985015869,200
1775114987.251957,read,k4,108.27207565307617,False,1152,1149,42.642831802368164,200
1775114987.29292,read,k4,105.39793968200684,False,1152,1149,83.59909057617188,200
1775114987.294955,write,k2,608.9410781860352,False,1194,1194,,201
1775114987.29976,read,k2,105.58104515075684,False,1201,1194,4.804134368896484,200
1775114987.306083,write,k5,608.8869571685791,False,1170,1170,,201
1775114987.3077729,write,k1,611.0930442810059,False,1151,1151,,201
1775114987.314852,write,k5,607.733964920044,False,1171,1171,,201
1775114987.320065,read,k2,104.72607612609863,False,1201,1194,25.11119842529297,200
1775114987.322003,read,k5,106.29725456237793,False,1178,1171,7.149696350097656,200
1775114987.32592,read,k1,106.39119148254395,False,1158,1151,18.143892288208008,200
1775114987.326263,read,k3,109.08102989196777,False,1162,1154,457.60107040405273,200
1775114987.333272,read,k4,105.80801963806152,False,1152,1149,123.95596504211426,200
1775114987.3556092,write,k1,613.7290000915527,False,1152,1152,,201
1775114987.357163,write,k5,610.6171607971191,False,1172,1172,,201
1775114987.3592908,write,k1,606.4708232879639,False,1153,1153,,201
1775114987.369601,write,k2,609.9708080291748,False,1195,1195,,201
1775114987.4077702,read,k2,107.38372802734375,False,1203,1195,38.16509246826172,200
1775114987.409156,write,k5,612.8690242767334,False,1173,1173,,201
1775114987.4196548,read,k4,105.54385185241699,False,1152,1149,210.33811569213867,200
1775114987.4201071,read,k3,107.61499404907227,False,1164,1154,551.4419078826904,200
1775114987.420948,write,k1,608.9251041412354,False,1154,1154,,201
1775114987.42623,write,k3,606.889009475708,False,1155,1155,,201
1775114987.4307032,read,k4,105.71885108947754,False,1152,1149,221.38690948486328,200
1775114987.443699,read,k5,111.21177673339844,False,1180,1173,34.54017639160156,200
1775114987.444151,read,k1,112.31589317321777,False,1162,1154,23.202896118164062,200
1775114987.457657,write,k1,607.1920394897461,False,1155,1155,,201
1775114987.4674811,read,k5,105.4689884185791,False,1181,1173,58.319807052612305,200
1775114987.470571,write,k3,610.252857208252,False,1156,1156,,201
1775114987.476761,write,k2,607.6998710632324,False,1196,1196,,201
1775114987.479585,write,k1,607.4190139770508,False,1156,1156,,201
1775114987.481598,write,k3,605.5569648742676,False,1157,1157,,201
1775114987.512428,write,k5,609.428882598877,False,1174,1174,,201
1775114987.531067,write,k4,607.1062088012695,False,1150,1150,,201
1775114987.531886,write,k4,607.4988842010498,False,1151,1151,,201
1775114987.532501,write,k5,608.2637310028076,False,1175,1175,,201
1775114987.5329778,read,k4,108.16001892089844,False,1153,1151,1.0919570922851562,200
1775114987.533331,write,k4,607.6819896697998,False,1152,1152,,201
1775114987.555607,read,k1,105.9110164642334,False,1164,1156,76.02095603942871,200
1775114987.57277,write,k3,608.0970764160156,False,1158,1158,,201
1775114987.573596,read,k5,108.84475708007812,False,1184,1175,41.0919189453125,200
1775114987.583999,read,k1,104.24208641052246,False,1164,1156,104.41017150878906,200
1775114987.590752,read,k1,106.8568229675293,False,1164,1156,111.16313934326172,200
1775114987.593246,write,k3,607.1090698242188,False,1159,1159,,201
1775114987.629149,write,k2,610.5170249938965,False,1197,1197,,201
1775114987.63477,write,k2,607.5217723846436,False,1198,1198,,201
1775114987.644116,write,k1,608.9987754821777,False,1157,1157,,201
1775114987.646583,read,k4,110.51702499389648,False,1155,1152,113.24095726013184,200
1775114987.647281,read,k1,109.09199714660645,False,1164,1157,3.1681060791015625,200
1775114987.648521,read,k5,108.05201530456543,False,1185,1175,116.02187156677246,200
1775114987.673663,read,k2,108.97302627563477,False,1204,1198,38.89322280883789,200
1775114987.686442,write,k1,609.9510192871094,False,1158,1158,,201
1775114987.686961,write,k2,610.8980178833008,False,1199,1199,,201
1775114987.7050939,read,k5,107.4681282043457,False,1186,1175,172.5900173187256,200
1775114987.7108428,write,k2,619.9870109558105,False,1200,1200,,201
1775114987.7118819,read,k2,107.98287391662598,False,1204,1200,1.0378360748291016,200
1775114987.7145689,write,k5,612.3239994049072,False,1176,1176,,201
1775114987.7210891,write,k5,609.281063079834,False,1177,1177,,201
1775114987.741805,read,k1,108.93487930297852,False,1165,1158,55.36174774169922,200
1775114987.751125,write,k2,609.6580028533936,False,1201,1201,,201
1775114987.7581692,write,k5,607.9719066619873,False,1178,1178,,201
1775114987.760163,write,k3,609.562873840332,False,1160,1160,,201
1775114987.760663,write,k3,606.8789958953857,False,1161,1161,,201
1775114987.762103,read,k4,108.2608699798584,False,1157,1152,228.76882553100586,200
1775114987.762513,read,k3,107.62786865234375,False,1171,1161,1.8491744995117188,200
1775114987.76293,read,k1,109.81893539428711,False,1165,1158,76.48992538452148,200
1775114987.783328,read,k3,106.01997375488281,False,1171,1161,22.661209106445312,200
1775114987.81863,write,k3,609.0359687805176,False,1162,1162,,201
1775114987.820241,read,k3,105.55791854858398,False,1171,1162,1.6109943389892578,200
1775114987.823054,write,k2,607.0249080657959,False,1202,1202,,201
1775114987.8244858,read,k4,105.16595840454102,False,1158,1152,291.1520004272461,200
1775114987.8248441,read,k5,107.39994049072266,False,1187,1178,66.67709350585938,200
1775114987.830349,write,k3,608.9191436767578,False,1163,1163,,201
1775114987.837142,read,k4,110.39423942565918,False,1158,1152,303.80797386169434,200
1775114987.846303,write,k5,608.834981918335,False,1179,1179,,201
1775114987.859123,write,k1,608.8290214538574,False,1159,1159,,201
1775114987.859735,write,k2,610.957145690918,False,1203,1203,,201
1775114987.860714,write,k3,607.7167987823486,False,1164,1164,,201
1775114987.861907,write,k1,606.3308715820312,False,1160,1160,,201
1775114987.87105,read,k4,104.66718673706055,False,1158,1152,337.71514892578125,200
1775114987.872843,read,k4,107.29193687438965,False,1158,1152,339.5109176635742,200
1775114987.8756192,read,k4,105.11279106140137,False,1158,1152,342.2870635986328,200
1775114987.876079,read,k3,107.1159839630127,False,1172,1164,15.365123748779297,200
1775114987.8774989,read,k5,109.02690887451172,False,1188,1179,31.19683265686035,200
1775114987.911988,write,k1,609.0197563171387,False,1162,1162,,201
1775114987.912561,write,k1,610.8500957489014,False,1161,1161,,201
1775114987.928139,read,k4,105.9408187866211,False,1159,1152,394.8040008544922,200
1775114987.928641,read,k2,107.61904716491699,False,1205,1203,68.90583038330078,200
1775114987.933955,write,k5,611.8307113647461,False,1180,1180,,201
1775114987.943296,write,k5,608.7741851806641,False,1181,1181,,201
1775114987.943795,read,k1,112.49518394470215,False,1167,1162,31.232118606567383,200
1775114987.94415,read,k3,114.95018005371094,False,1172,1164,83.4360122680664,200
1775114987.954912,write,k3,611.2179756164551,False,1165,1165,,201
1775114987.967624,read,k1,113.68775367736816,False,1167,1162,55.058956146240234,200
1775114987.968943,write,k4,607.8300476074219,False,1153,1153,,201
1775114987.973691,write,k2,607.6860427856445,False,1204,1204,,201
1775114987.974232,read,k3,107.27715492248535,False,1176,1165,19.318103790283203,200
1775114987.974602,read,k3,106.6281795501709,False,1176,1165,19.69003677368164,200
1775114987.9749382,read,k5,109.1010570526123,False,1188,1181,31.644105911254883,200
1775114987.99166,write,k5,620.3100681304932,False,1182,1182,,201
1775114987.992428,read,k2,117.8276538848877,False,1205,1204,18.737077713012695,200
1775114988.026216,write,k5,609.3089580535889,False,1183,1183,,201
1775114988.027712,write,k1,609.1437339782715,False,1163,1163,,201
1775114988.0297558,write,k5,608.2570552825928,False,1184,1184,,201
1775114988.041868,write,k1,611.004114151001,False,1164,1164,,201
1775114988.0452638,read,k4,107.81526565551758,False,1160,1153,76.31993293762207,200
1775114988.045672,read,k1,113.90495300292969,False,1168,1164,3.8051605224609375,200
1775114988.046276,write,k4,609.2488765716553,False,1154,1154,,201
1775114988.056618,write,k3,610.0239753723145,False,1167,1167,,201
1775114988.057038,write,k3,617.4190044403076,False,1166,1166,,201
1775114988.057324,read,k1,116.58096313476562,False,1168,1164,15.455961227416992,200
1775114988.073372,read,k5,119.97509002685547,False,1189,1184,43.611764907836914,200
1775114988.073833,read,k3,119.98987197875977,False,1178,1167,16.79396629333496,200
1775114988.074144,read,k1,121.86789512634277,False,1168,1164,32.27710723876953,200
1775114988.0848901,write,k3,609.3671321868896,False,1168,1168,,201
1775114988.095718,read,k4,111.05990409851074,False,1160,1154,49.44014549255371,200
1775114988.096056,read,k4,110.92519760131836,False,1160,1154,49.78013038635254,200
1775114988.096323,write,k3,608.8390350341797,False,1169,1169,,201
1775114988.096589,read,k3,112.27893829345703,False,1178,1169,0.26488304138183594,200
1775114988.0971992,write,k5,609.0269088745117,False,1185,1185,,201
1775114988.0975418,read,k3,113.83914947509766,False,1178,1169,1.2171268463134766,200
1775114988.1278138,write,k4,613.1227016448975,False,1155,1155,,201
1775114988.137735,read,k4,104.34913635253906,False,1161,1155,9.917974472045898,200
1775114988.1435132,write,k4,606.9118976593018,False,1156,1156,,201
1775114988.149203,write,k3,611.3879680633545,False,1170,1170,,201
1775114988.165226,read,k4,110.18610000610352,False,1162,1156,21.712064743041992,200
1775114988.1898172,read,k4,134.05179977416992,False,1162,1156,46.302080154418945,200
1775114988.199594,read,k2,122.72191047668457,False,1208,1204,225.90112686157227,200
1775114988.20016,read,k4,144.78707313537598,False,1162,1156,56.648969650268555,200
1775114988.200525,read,k3,122.32279777526855,False,1180,1170,51.32293701171875,200
1775114988.20088,write,k3,624.5200634002686,False,1171,1171,,201
1775114988.201208,write,k5,618.790864944458,False,1186,1186,,201
1775114988.2014642,write,k1,612.2760772705078,False,1165,1165,,201
1775114988.214737,read,k1,113.52705955505371,False,1173,1165,13.271093368530273,200
1775114988.214934,read,k4,113.33918571472168,False,1162,1156,71.42496109008789,200
1775114988.246312,read,k3,107.00583457946777,False,1181,1171,45.42994499206543,200
1775114988.258902,write,k4,614.5017147064209,False,1157,1157,,201
1775114988.266421,read,k1,115.02909660339355,False,1174,1165,64.95213508605957,200
1775114988.2744079,write,k1,619.9970245361328,False,1166,1166,,201
1775114988.294048,read,k5,119.07792091369629,False,1191,1186,92.8351879119873,200
1775114988.298451,write,k1,605.4210662841797,False,1167,1167,,201
1775114988.30273,write,k5,610.5442047119141,False,1187,1187,,201
1775114988.307125,read,k1,105.06010055541992,False,1174,1167,8.66389274597168,200
1775114988.309889,read,k1,105.13710975646973,False,1174,1167,11.43789291381836,200
1775114988.3102562,read,k5,105.13997077941895,False,1191,1187,7.526159286499023,200
1775114988.311691,read,k1,104.53391075134277,False,1174,1167,13.240814208984375,200
1775114988.322016,read,k3,103.60503196716309,False,1183,1171,121.13189697265625,200
1775114988.3249762,write,k4,613.9461994171143,False,1158,1158,,201
1775114988.3267572,read,k1,105.77392578125,False,1174,1167,28.306961059570312,200
1775114988.355684,read,k5,107.06973075866699,False,1193,1187,52.95085906982422,200
1775114988.364984,write,k2,616.5690422058105,False,1205,1205,,201
1775114988.3765671,write,k5,615.6909465789795,False,1188,1188,,201
1775114988.3770509,read,k4,107.43904113769531,False,1164,1158,52.07514762878418,200
1775114988.377474,write,k3,612.5268936157227,False,1172,1172,,201
1775114988.377852,read,k5,108.97302627563477,False,1193,1188,1.287221908569336,200
1775114988.394652,write,k4,609.4141006469727,False,1159,1159,,201
1775114988.4078772,read,k4,106.8110466003418,False,1165,1159,13.222932815551758,200
1775114988.415256,read,k5,110.28003692626953,False,1194,1188,38.687944412231445,200
1775114988.4265249,read,k4,106.14514350891113,False,1167,1159,31.872034072875977,200
1775114988.437461,read,k5,107.65600204467773,False,1195,1188,60.89329719543457,200
1775114988.4380329,read,k2,107.19513893127441,False,1209,1205,73.05097579956055,200
1775114988.444066,write,k3,613.5659217834473,False,1173,1173,,201
1775114988.4473631,write,k3,613.4672164916992,False,1174,1174,,201
1775114988.465676,write,k3,618.1979179382324,False,1175,1175,,201
1775114988.469341,read,k2,106.78911209106445,False,1210,1205,104.35605049133301,200
1775114988.4721951,write,k3,610.1460456848145,False,1176,1176,,201
1775114988.4780009,read,k4,107.48600959777832,False,1167,1159,83.34898948669434,200
1775114988.487787,read,k2,108.42204093933105,False,1210,1205,122.80106544494629,200
1775114988.492913,read,k3,107.31887817382812,False,1183,1176,20.716190338134766,200
1775114988.493376,read,k5,106.40311241149902,False,1195,1188,116.81103706359863,200
1775114988.495734,write,k3,609.2259883880615,False,1177,1177,,201
1775114988.496135,write,k2,618.5519695281982,False,1206,1206,,201
1775114988.496494,write,k1,610.8448505401611,False,1168,1168,,201
1775114988.4968379,write,k5,620.2061176300049,False,1189,1189,,201
1775114988.526303,write,k4,608.5882186889648,False,1160,1160,,201
1775114988.526954,read,k1,107.62190818786621,False,1176,1168,30.457019805908203,200
1775114988.5279229,write,k3,606.6057682037354,False,1178,1178,,201
1775114988.543892,read,k3,104.22301292419434,False,1185,1178,15.964746475219727,200
1775114988.564241,read,k4,107.01894760131836,False,1168,1160,37.93692588806152,200
1775114988.5787861,write,k1,616.1079406738281,False,1169,1169,,201
1775114988.579971,read,k1,106.1849594116211,False,1177,1169,1.1970996856689453,200
1775114988.59427,read,k4,108.28399658203125,False,1169,1160,67.96598434448242,200
1775114988.597597,write,k1,620.0170516967773,False,1171,1171,,201
1775114988.598061,write,k1,621.1090087890625,False,1170,1170,,201
1775114988.598457,read,k1,106.7509651184082,False,1177,1171,0.39505958557128906,200
1775114988.6051111,read,k2,106.43196105957031,False,1210,1206,108.97278785705566,200
1775114988.60717,read,k2,107.95187950134277,False,1210,1206,111.03296279907227,200
1775114988.607732,read,k4,105.75485229492188,False,1169,1160,81.43091201782227,200
1775114988.608087,read,k5,106.9788932800293,False,1196,1189,111.24777793884277,200
1775114988.608481,write,k1,606.8458557128906,False,1172,1172,,201
1775114988.610656,write,k4,608.1020832061768,False,1161,1161,,201
1775114988.615485,read,k4,111.85598373413086,False,1169,1161,4.826068878173828,200
1775114988.638817,read,k3,104.6900749206543,False,1185,1178,110.89062690734863,200
1775114988.64519,write,k5,610.3389263153076,False,1190,1190,,201
1775114988.654021,write,k4,616.2090301513672,False,1162,1162,,201
1775114988.6661088,write,k2,612.2403144836426,False,1207,1207,,201
1775114988.67891,write,k3,620.0411319732666,False,1180,1180,,201
1775114988.6842382,read,k4,108.28709602355957,False,1170,1162,30.215978622436523,200
1775114988.692409,write,k3,609.0109348297119,False,1181,1181,,201
1775114988.692916,write,k3,632.0271492004395,False,1179,1179,,201
1775114988.6932302,write,k2,633.2118511199951,False,1208,1208,,201
1775114988.6987772,write,k2,606.9502830505371,False,1209,1209,,201
1775114988.709534,read,k2,108.13784599304199,False,1213,1209,10.755062103271484,200
1775114988.710739,write,k1,610.3270053863525,False,1173,1173,,201
1775114988.712236,read,k1,108.05177688598633,False,1178,1173,1.4979839324951172,200
1775114988.7126,write,k5,608.6540222167969,False,1191,1191,,201
1775114988.7129128,write,k4,608.5052490234375,False,1163,1163,,201
1775114988.7136052,write,k1,606.3971519470215,False,1174,1174,,201
1775114988.721183,read,k3,107.58709907531738,False,1185,1181,28.26523780822754,200
1775114988.721542,read,k2,107.09404945373535,False,1213,1209,22.767305374145508,200
1775114988.721961,read,k5,108.68287086486816,False,1197,1191,9.35983657836914,200
1775114988.727134,read,k4,108.31403732299805,False,1174,1163,14.217138290405273,200
1775114988.740427,write,k4,608.7453365325928,False,1164,1164,,201
1775114988.7558029,read,k4,105.46088218688965,False,1174,1164,15.372991561889648,200
1775114988.764425,read,k3,107.73777961730957,False,1186,1181,71.50101661682129,200
1775114988.771241,write,k3,615.09108543396,False,1182,1182,,201
1775114988.778309,read,k2,107.31697082519531,False,1214,1209,79.53000068664551,200
1775114988.7909188,read,k5,108.0770492553711,False,1197,1191,78.31287384033203,200
1775114988.7951272,read,k4,105.38315773010254,False,1174,1164,54.698944091796875,200
1775114988.812503,write,k5,606.7242622375488,False,1192,1192,,201
1775114988.813816,write,k3,608.8488101959229,False,1183,1183,,201
1775114988.814699,write,k5,604.924201965332,False,1193,1193,,201
1775114988.818882,read,k1,105.18813133239746,False,1178,1174,105.27276992797852,200
1775114988.819255,read,k1,106.26006126403809,False,1178,1174,105.64875602722168,200
1775114988.823476,read,k1,107.75279998779297,False,1178,1174,109.86781120300293,200
1775114988.831363,read,k5,108.98518562316895,False,1199,1193,16.66092872619629,200
1775114988.839697,read,k3,106.4908504486084,False,1188,1183,25.872230529785156,200
1775114988.848972,read,k2,106.54807090759277,False,1216,1209,150.1929759979248,200
1775114988.863575,read,k4,105.37075996398926,False,1174,1164,123.14581871032715,200
1775114988.881515,read,k1,107.11002349853516,False,1181,1174,167.90390014648438,200
1775114988.938875,write,k4,623.028039932251,False,1167,1167,,201
1775114988.939073,write,k4,643.578052520752,False,1165,1165,,201
1775114988.939202,write,k5,658.6730480194092,False,1194,1194,,201
1775114988.939326,write,k5,624.9730587005615,False,1195,1195,,201
1775114988.939447,read,k1,115.53812026977539,False,1183,1174,225.84176063537598,200
1775114988.9395719,read,k3,123.08287620544434,False,1190,1183,125.75697898864746,200
1775114988.939688,read,k1,146.74091339111328,False,1181,1174,226.08160972595215,200
1775114988.939807,write,k4,626.5368461608887,False,1166,1166,,201
