read_latency_ms,write_latency_ms
114.51888084411621,628.70192527771
114.33792114257812,629.798173904419
113.95502090454102,629.7757625579834
118.96586418151855,631.2110424041748
114.97807502746582,630.4049491882324
107.8639030456543,627.5851726531982
108.65187644958496,626.2621879577637
111.80591583251953,627.4778842926025
110.18681526184082,627.5510787963867
127.82597541809082,617.9361343383789
178.62224578857422,614.0997409820557
113.86895179748535,616.2087917327881
111.98902130126953,617.2869205474854
111.61494255065918,621.1910247802734
125.60796737670898,610.4419231414795
142.30680465698242,608.9029312133789
110.90707778930664,609.2710494995117
138.34500312805176,639.0650272369385
137.80784606933594,635.3068351745605
138.23580741882324,635.3988647460938
137.35294342041016,637.2261047363281
136.48605346679688,637.5460624694824
106.37903213500977,625.5040168762207
105.74793815612793,612.1227741241455
113.78693580627441,616.710901260376
113.72494697570801,613.0387783050537
114.65978622436523,613.0709648132324
109.44724082946777,609.652042388916
104.13789749145508,611.4413738250732
107.96904563903809,611.1421585083008
111.81521415710449,612.6918792724609
106.45699501037598,606.8270206451416
109.49087142944336,608.8001728057861
110.86583137512207,612.3578548431396
106.85300827026367,612.0212078094482
111.76705360412598,613.0211353302002
107.01394081115723,607.2180271148682
109.16304588317871,611.212968826294
107.06877708435059,611.8543148040771
106.83417320251465,608.3590984344482
109.07578468322754,614.0048503875732
109.07983779907227,610.9721660614014
107.95211791992188,607.7291965484619
109.32111740112305,613.4006977081299
108.05988311767578,610.3622913360596
109.64608192443848,610.9261512756348
105.81612586975098,613.8119697570801
127.64501571655273,610.5160713195801
124.54390525817871,613.1088733673096
125.2450942993164,627.5959014892578
124.48501586914062,619.2359924316406
108.46686363220215,625.0417232513428
106.94575309753418,624.9752044677734
106.18877410888672,629.6639442443848
105.61203956604004,628.7369728088379
105.0870418548584,626.9681453704834
104.28690910339355,614.3579483032227
103.96003723144531,609.3273162841797
107.77091979980469,615.3678894042969
105.44490814208984,617.6009178161621
104.75707054138184,612.4658584594727
108.34598541259766,607.7702045440674
109.91287231445312,609.2889308929443
105.12995719909668,606.9259643554688
109.94410514831543,612.8969192504883
108.21890830993652,615.4220104217529
108.55603218078613,618.149995803833
108.26778411865234,612.3158931732178
110.19325256347656,610.558032989502
110.91494560241699,613.1889820098877
107.50699043273926,607.6300144195557
109.69018936157227,614.0820980072021
108.21723937988281,618.1151866912842
115.67473411560059,612.6871109008789
107.87391662597656,620.7139492034912
117.66600608825684,617.9499626159668
115.4639720916748,623.7640380859375
114.82810974121094,606.9507598876953
106.43696784973145,615.7081127166748
108.42132568359375,617.2420978546143
119.30084228515625,618.757963180542
111.11116409301758,611.9279861450195
104.87127304077148,613.696813583374
125.2291202545166,611.9749546051025
106.78458213806152,609.5128059387207
106.60982131958008,610.2418899536133
107.5291633605957,608.8869571685791
111.86003684997559,607.429027557373
114.14909362792969,613.3890151977539
107.64908790588379,608.4041595458984
120.12815475463867,614.3419742584229
118.78490447998047,611.1621856689453
120.22280693054199,616.4112091064453
121.99091911315918,610.6548309326172
121.32906913757324,623.4951019287109
109.0390682220459,622.2877502441406
107.08212852478027,625.2622604370117
107.21921920776367,623.5389709472656
109.25507545471191,623.0618953704834
106.43911361694336,608.0079078674316
105.30710220336914,608.292818069458
110.00609397888184,610.3689670562744
108.59274864196777,612.1087074279785
105.0262451171875,613.1420135498047
108.00480842590332,605.6621074676514
108.25896263122559,611.7129325866699
107.09404945373535,609.4129085540771
109.31396484375,612.7872467041016
106.21500015258789,608.0119609832764
107.36894607543945,611.0799312591553
106.63294792175293,611.0188961029053
108.86383056640625,610.0790500640869
106.73379898071289,609.6091270446777
108.45780372619629,611.7069721221924
106.89306259155273,610.3410720825195
106.5061092376709,606.3868999481201
104.10499572753906,613.090991973877
105.89599609375,607.5572967529297
105.80706596374512,605.1480770111084
107.31124877929688,610.1677417755127
107.10787773132324,607.774019241333
106.31799697875977,607.4538230895996
109.56311225891113,608.2339286804199
107.71989822387695,607.2161197662354
110.41569709777832,612.8339767456055
107.48791694641113,610.5930805206299
110.73803901672363,612.8029823303223
106.90712928771973,607.9800128936768
104.66480255126953,608.6068153381348
104.25615310668945,607.8886985778809
107.26022720336914,610.8431816101074
105.5443286895752,618.7489032745361
103.76620292663574,613.889217376709
102.79083251953125,608.2079410552979
106.16397857666016,611.5379333496094
105.72695732116699,613.605260848999
105.84497451782227,617.5920963287354
104.75015640258789,615.1080131530762
104.51412200927734,612.9591464996338
105.92198371887207,608.7818145751953
108.38007926940918,605.478048324585
107.9399585723877,607.5949668884277
108.20579528808594,610.0296974182129
110.5191707611084,609.6940040588379
114.12286758422852,610.5790138244629
119.31705474853516,610.0490093231201
114.05301094055176,613.6457920074463
111.19627952575684,617.455005645752
115.44585227966309,607.9528331756592
112.61534690856934,611.238956451416
113.57498168945312,612.9581928253174
113.67392539978027,611.382007598877
113.72709274291992,611.9039058685303
108.37769508361816,612.8909587860107
111.35506629943848,620.8691596984863
114.08185958862305,610.6889247894287
106.4908504486084,617.5730228424072
113.12675476074219,607.9750061035156
110.81600189208984,610.645055770874
109.4200611114502,610.0828647613525
107.54704475402832,618.1330680847168
124.01199340820312,619.0061569213867
121.88100814819336,617.4349784851074
113.45314979553223,608.630895614624
130.19108772277832,607.3548793792725
123.53706359863281,608.1538200378418
104.51889038085938,604.3949127197266
110.53204536437988,604.931116104126
110.85319519042969,605.5479049682617
107.24568367004395,606.6510677337646
104.63404655456543,617.8851127624512
105.88622093200684,617.2239780426025
105.46708106994629,611.6070747375488
107.0871353149414,615.9191131591797
105.32093048095703,610.4230880737305
103.75714302062988,613.8551235198975
108.53815078735352,608.0961227416992
109.67016220092773,605.5760383605957
110.25714874267578,605.5319309234619
110.00704765319824,606.2681674957275
107.75208473205566,611.7582321166992
110.45193672180176,647.3813056945801
115.67521095275879,641.4148807525635
111.21797561645508,626.1451244354248
110.85891723632812,618.1330680847168
105.14092445373535,605.8411598205566
106.1391830444336,619.5130348205566
118.25084686279297,629.0647983551025
110.51726341247559,630.0239562988281
103.58285903930664,626.0757446289062
104.98404502868652,619.6911334991455
105.26514053344727,606.5492630004883
107.86294937133789,623.7189769744873
117.79308319091797,646.5022563934326
121.10376358032227,622.8840351104736
107.70368576049805,615.1809692382812
105.06296157836914,610.6607913970947
104.13217544555664,622.3621368408203
105.88812828063965,609.8577976226807
106.20427131652832,610.9740734100342
105.4987907409668,626.8610954284668
105.28373718261719,611.1679077148438
105.80563545227051,613.1381988525391
105.40485382080078,627.8090476989746
105.61895370483398,607.2149276733398
103.85298728942871,605.741024017334
104.5079231262207,607.0010662078857
104.67100143432617,607.5258255004883
104.64787483215332,607.248067855835
103.12700271606445,606.7581176757812
106.38117790222168,605.8800220489502
133.80885124206543,608.5047721862793
138.66901397705078,606.0371398925781
113.94405364990234,609.562873840332
120.74398994445801,608.7150573730469
126.3120174407959,615.3318881988525
149.183988571167,606.4651012420654
108.34908485412598,608.496904373169
116.74380302429199,606.4488887786865
144.32311058044434,608.4589958190918
147.06683158874512,606.1360836029053
127.71296501159668,606.9629192352295
135.39624214172363,606.5280437469482
114.61400985717773,607.7451705932617
103.25980186462402,607.3629856109619
102.8139591217041,606.8260669708252
102.67806053161621,606.9409847259521
104.96997833251953,610.7838153839111
103.57308387756348,611.4020347595215
101.84502601623535,606.464147567749
105.78083992004395,609.9851131439209
105.50975799560547,608.4761619567871
103.53207588195801,609.0521812438965
105.73697090148926,614.7370338439941
104.02703285217285,614.21799659729
104.92587089538574,606.4591407775879
104.71510887145996,607.9292297363281
106.36520385742188,607.8903675079346
107.85102844238281,608.2680225372314
106.536865234375,613.0831241607666
106.91404342651367,605.9098243713379
105.35311698913574,605.504035949707
105.54814338684082,609.9913120269775
106.6129207611084,606.6298484802246
104.6290397644043,606.997013092041
103.70898246765137,608.0379486083984
107.98192024230957,607.036828994751
105.11374473571777,612.3497486114502
106.82225227355957,610.2657318115234
106.46295547485352,608.0939769744873
105.01885414123535,608.1228256225586
106.86111450195312,604.543924331665
108.33191871643066,609.1229915618896
105.65805435180664,609.2958450317383
104.74896430969238,618.3161735534668
107.69987106323242,610.2540493011475
106.98509216308594,617.0558929443359
103.48296165466309,609.058141708374
105.00884056091309,608.924150466919
108.93011093139648,615.624189376831
112.31112480163574,622.0262050628662
109.20310020446777,607.6960563659668
110.08000373840332,607.1071624755859
110.32485961914062,610.4631423950195
108.53290557861328,610.9118461608887
108.71505737304688,614.2160892486572
107.80215263366699,613.7230396270752
108.20198059082031,607.6600551605225
109.55023765563965,610.9597682952881
105.57293891906738,611.0000610351562
107.47194290161133,608.1268787384033
102.71620750427246,609.1911792755127
105.64804077148438,610.2790832519531
105.79204559326172,608.781099319458
111.80806159973145,608.940839767456
109.33303833007812,609.1508865356445
112.43605613708496,607.5830459594727
106.52399063110352,610.198974609375
107.09500312805176,620.7339763641357
106.85420036315918,606.3809394836426
122.02787399291992,606.0280799865723
103.95598411560059,607.3012351989746
109.11107063293457,608.2439422607422
105.23605346679688,609.8959445953369
105.38411140441895,609.687089920044
107.03897476196289,608.0069541931152
108.24990272521973,610.8911037445068
108.43491554260254,612.1528148651123
108.24012756347656,612.6971244812012
108.58607292175293,608.1559658050537
106.01592063903809,609.5988750457764
106.83274269104004,607.295036315918
108.73198509216309,607.4059009552002
106.96816444396973,608.3149909973145
105.89289665222168,606.6470146179199
107.99789428710938,611.1471652984619
107.52511024475098,607.6667308807373
107.95402526855469,608.5362434387207
109.74812507629395,607.6600551605225
106.38880729675293,610.6469631195068
107.6972484588623,608.6981296539307
106.60910606384277,609.7109317779541
107.24091529846191,608.8602542877197
107.24902153015137,610.9819412231445
105.71503639221191,611.7539405822754
107.96713829040527,608.004093170166
108.367919921875,608.3090305328369
107.01179504394531,606.5568923950195
106.41002655029297,608.9808940887451
108.28804969787598,609.788179397583
105.01980781555176,610.0311279296875
106.68110847473145,610.8319759368896
107.84268379211426,613.105058670044
105.4379940032959,611.5152835845947
105.52692413330078,608.5817813873291
107.10763931274414,611.0997200012207
106.7039966583252,607.4230670928955
106.6579818725586,606.9109439849854
107.10000991821289,612.3888492584229
107.58805274963379,614.2079830169678
108.06584358215332,609.2143058776855
104.65002059936523,607.6619625091553
111.6642951965332,613.2140159606934
108.08515548706055,614.4490242004395
107.59091377258301,608.618974685669
114.48216438293457,609.4458103179932
105.94916343688965,610.9039783477783
104.4161319732666,619.452953338623
108.61396789550781,620.2759742736816
105.79299926757812,621.7539310455322
108.1998348236084,608.3531379699707
112.97106742858887,609.6169948577881
115.32902717590332,610.9480857849121
118.41082572937012,611.4559173583984
108.80589485168457,607.3288917541504
106.87708854675293,614.408016204834
105.73887825012207,614.4633293151855
121.23632431030273,610.1477146148682
105.8647632598877,608.8528633117676
115.07773399353027,610.2430820465088
110.63981056213379,612.1659278869629
115.20004272460938,612.1370792388916
111.55581474304199,605.7629585266113
105.58891296386719,607.8581809997559
107.10310935974121,618.2148456573486
103.45172882080078,608.004093170166
107.66196250915527,609.4820499420166
112.98990249633789,608.4551811218262
103.76405715942383,607.001781463623
103.91998291015625,618.9429759979248
107.21898078918457,611.393928527832
107.27691650390625,609.5020771026611
107.7570915222168,607.8310012817383
102.74767875671387,614.0100955963135
103.05905342102051,619.81201171875
102.66685485839844,617.7408695220947
113.8308048248291,608.0987453460693
103.79290580749512,607.0201396942139
104.10475730895996,612.1170520782471
104.05778884887695,609.3366146087646
103.63388061523438,610.4588508605957
112.17594146728516,608.2818508148193
105.08084297180176,604.2590141296387
103.12104225158691,608.7260246276855
103.73210906982422,608.4592342376709
105.75294494628906,609.4729900360107
105.58605194091797,607.886791229248
106.99295997619629,613.7568950653076
108.57605934143066,625.1242160797119
105.8201789855957,607.3617935180664
104.76279258728027,606.8518161773682
108.54196548461914,606.8408489227295
105.04412651062012,605.0341129302979
103.76191139221191,618.4048652648926
108.55412483215332,609.8928451538086
109.06314849853516,606.0891151428223
110.86702346801758,609.4107627868652
114.33982849121094,610.2840900421143
103.76977920532227,613.6729717254639
105.44800758361816,613.0969524383545
107.34820365905762,612.4558448791504
111.88721656799316,608.5739135742188
107.23090171813965,610.5642318725586
107.83791542053223,613.1429672241211
114.62521553039551,609.3161106109619
106.80294036865234,613.4622097015381
107.13720321655273,606.968879699707
105.32784461975098,609.6830368041992
106.6896915435791,608.4988117218018
117.18297004699707,621.6750144958496
115.98086357116699,615.8928871154785
115.69476127624512,608.6242198944092
106.59193992614746,608.8409423828125
106.58407211303711,613.0092144012451
103.50918769836426,613.6722564697266
110.32605171203613,605.8690547943115
116.19925498962402,609.8630428314209
116.1041259765625,610.7017993927002
106.7812442779541,609.8880767822266
115.04101753234863,611.0239028930664
115.74983596801758,618.1528568267822
106.5819263458252,610.5048656463623
106.34493827819824,609.8296642303467
105.19814491271973,608.4012985229492
107.28693008422852,619.6160316467285
108.65616798400879,618.6621189117432
106.15086555480957,607.6951026916504
105.93891143798828,607.3827743530273
108.97707939147949,608.8821887969971
105.84187507629395,607.1188449859619
104.83193397521973,606.1229705810547
106.81819915771484,608.3548069000244
107.59305953979492,613.6360168457031
106.87685012817383,611.4368438720703
108.83212089538574,612.6160621643066
108.5052490234375,609.7469329833984
108.5209846496582,608.1228256225586
107.6819896697998,610.6200218200684
106.05478286743164,608.2720756530762
112.17093467712402,612.0579242706299
106.51993751525879,608.2818508148193
106.84013366699219,608.8109016418457
106.49704933166504,609.6398830413818
106.65297508239746,612.4789714813232
105.89194297790527,606.7240238189697
105.55005073547363,610.9819412231445
105.68618774414062,609.8470687866211
107.66220092773438,605.8437824249268
113.65413665771484,607.7077388763428
107.09500312805176,606.9886684417725
112.10513114929199,615.670919418335
116.40810966491699,606.5280437469482
108.54601860046387,608.7050437927246
106.94289207458496,616.1179542541504
108.6881160736084,610.5480194091797
117.70009994506836,609.870195388794
105.45086860656738,606.8630218505859
107.34987258911133,606.0290336608887
107.05685615539551,608.9780330657959
108.09612274169922,607.6369285583496
106.28080368041992,609.7731590270996
107.0101261138916,611.2020015716553
117.99502372741699,609.2159748077393
141.24178886413574,610.4121208190918
130.357027053833,611.6077899932861
117.55084991455078,607.0408821105957
104.30622100830078,608.2618236541748
107.27190971374512,608.9968681335449
138.6098861694336,610.6207370758057
107.11503028869629,611.983060836792
107.76495933532715,609.9741458892822
103.11770439147949,608.6921691894531
103.47318649291992,609.6267700195312
107.7728271484375,617.3529624938965
108.27994346618652,613.7821674346924
105.87096214294434,607.6698303222656
106.88614845275879,606.9090366363525
111.56892776489258,621.9758987426758
113.97194862365723,609.0989112854004
106.26006126403809,609.7970008850098
113.06190490722656,607.0449352264404
107.23996162414551,607.1031093597412
108.39509963989258,633.9499950408936
105.71503639221191,621.9298839569092
111.57608032226562,609.138011932373
110.93282699584961,608.1788539886475
114.3350601196289,616.6448593139648
105.15499114990234,614.840030670166
105.45492172241211,607.633113861084
105.46612739562988,614.9981021881104
108.81614685058594,634.4480514526367
105.30996322631836,608.238935470581
109.46297645568848,611.5977764129639
106.04596138000488,608.259916305542
109.16018486022949,610.2969646453857
106.2018871307373,608.1368923187256
105.35407066345215,610.145092010498
105.56602478027344,611.382007598877
104.89106178283691,610.0327968597412
107.10501670837402,645.8351612091064
110.6870174407959,639.9240493774414
105.53193092346191,626.6250610351562
108.5519790649414,643.1369781494141
107.55681991577148,636.3320350646973
105.98087310791016,648.2059955596924
107.12289810180664,608.4718704223633
112.13302612304688,614.8080825805664
104.25496101379395,609.7750663757324
106.47106170654297,608.440637588501
105.07607460021973,608.7441444396973
110.34798622131348,607.0449352264404
111.83881759643555,614.2401695251465
105.48281669616699,606.8277359008789
104.54392433166504,605.5622100830078
107.12409019470215,607.7919006347656
105.28087615966797,613.1269931793213
107.35392570495605,613.9898300170898
106.38117790222168,610.2688312530518
108.33120346069336,615.9312725067139
108.0632209777832,626.6331672668457
112.61677742004395,608.0965995788574
104.28094863891602,610.3479862213135
108.37101936340332,609.8978519439697
108.1399917602539,609.5297336578369
109.61103439331055,608.8192462921143
108.11591148376465,609.1418266296387
109.31587219238281,609.6270084381104
105.99803924560547,607.783317565918
107.44023323059082,609.6580028533936
108.19482803344727,609.144926071167
107.97119140625,608.3400249481201
107.97691345214844,612.3621463775635
105.65614700317383,606.834888458252
108.71505737304688,617.1362400054932
105.6671142578125,616.5359020233154
105.9868335723877,614.3410205841064
104.25186157226562,609.9028587341309
111.48214340209961,614.7041320800781
104.36296463012695,611.4301681518555
105.16500473022461,608.659029006958
103.53398323059082,607.4070930480957
105.7748794555664,608.5968017578125
106.10198974609375,606.1680316925049
105.12113571166992,607.4450016021729
106.20284080505371,609.123945236206
109.8029613494873,609.7548007965088
104.20894622802734,611.5968227386475
106.18019104003906,610.5499267578125
103.99889945983887,607.9621315002441
105.6051254272461,613.2388114929199
105.86094856262207,603.5661697387695
103.96909713745117,609.0638637542725
104.09402847290039,609.1198921203613
105.87596893310547,613.5587692260742
105.02409934997559,611.5789413452148
103.66511344909668,611.0539436340332
106.97793960571289,612.2078895568848
105.45802116394043,610.3639602661133
103.58524322509766,607.9871654510498
106.62293434143066,609.0881824493408
105.72695732116699,609.4992160797119
107.91301727294922,604.6741008758545
109.69185829162598,608.468770980835
106.66084289550781,606.8758964538574
107.52296447753906,610.7697486877441
106.62484169006348,609.8999977111816
108.59179496765137,610.5198860168457
106.56094551086426,607.9072952270508
111.03177070617676,611.9847297668457
104.41398620605469,609.4539165496826
112.00475692749023,605.2341461181641
109.35592651367188,616.9381141662598
113.42811584472656,611.8590831756592
103.67894172668457,609.06982421875
106.86588287353516,609.072208404541
105.52811622619629,607.0270538330078
106.22096061706543,608.4048748016357
106.719970703125,610.2747917175293
109.04479026794434,616.2521839141846
108.93416404724121,607.086181640625
114.97282981872559,608.0498695373535
108.10399055480957,611.0072135925293
103.54804992675781,607.7780723571777
104.70819473266602,608.1080436706543
107.70893096923828,605.5769920349121
106.84394836425781,614.6900653839111
110.86416244506836,610.4817390441895
111.96589469909668,607.8429222106934
105.41701316833496,606.9381237030029
105.11422157287598,608.0048084259033
105.50093650817871,613.3592128753662
104.40921783447266,606.3637733459473
107.98788070678711,606.3523292541504
110.2609634399414,610.1100444793701
110.13484001159668,608.1039905548096
109.79104042053223,609.7381114959717
106.60195350646973,608.0338954925537
107.02800750732422,609.8730564117432
105.75509071350098,610.3429794311523
107.70201683044434,610.6338500976562
105.44371604919434,611.7730140686035
105.52191734313965,615.6821250915527
108.60013961791992,618.5219287872314
105.35407066345215,605.597972869873
112.72931098937988,605.9200763702393
107.00201988220215,606.4391136169434
105.52191734313965,607.9192161560059
106.89306259155273,613.7187480926514
105.84211349487305,608.720064163208
108.04200172424316,606.5659523010254
108.82091522216797,616.9099807739258
107.38396644592285,608.2003116607666
107.24782943725586,610.7261180877686
109.71593856811523,608.1290245056152
105.43608665466309,608.0820560455322
106.38928413391113,619.8868751525879
107.58590698242188,618.9138889312744
104.25424575805664,610.8479499816895
107.6962947845459,609.0550422668457
107.55300521850586,612.5929355621338
107.74517059326172,614.1281127929688
104.21204566955566,610.2540493011475
106.57286643981934,623.0340003967285
105.82709312438965,607.5520515441895
105.20792007446289,611.7591857910156
107.27787017822266,608.5939407348633
105.27372360229492,608.9847087860107
105.44013977050781,607.7380180358887
106.6899299621582,627.007007598877
108.551025390625,607.4397563934326
106.78386688232422,604.9878597259521
110.42308807373047,605.7679653167725
106.64105415344238,606.1172485351562
103.97577285766602,610.0389957427979
109.44604873657227,610.6259822845459
111.42301559448242,607.4161529541016
106.2629222869873,609.4348430633545
106.10365867614746,606.917142868042
113.5709285736084,608.4647178649902
116.21499061584473,615.7419681549072
106.28509521484375,608.7961196899414
132.0478916168213,612.4861240386963
127.32076644897461,606.9722175598145
104.76016998291016,609.2400550842285
110.22019386291504,609.3173027038574
105.19719123840332,609.4760894775391
108.0939769744873,607.4819564819336
106.58907890319824,608.3199977874756
110.23902893066406,608.9498996734619
108.13689231872559,611.3908290863037
106.42099380493164,610.6479167938232
114.11023139953613,605.6318283081055
104.34484481811523,607.4750423431396
110.11004447937012,608.9301109313965
109.75527763366699,609.3740463256836
106.78815841674805,608.9737415313721
107.03897476196289,607.4099540710449
106.00590705871582,609.6539497375488
105.30591011047363,607.907772064209
104.14505004882812,608.9110374450684
107.86986351013184,605.5028438568115
104.12383079528809,613.659143447876
111.49215698242188,613.555908203125
106.61911964416504,614.077091217041
106.50229454040527,610.8059883117676
105.5288314819336,615.1340007781982
104.33602333068848,619.3177700042725
104.57897186279297,606.6629886627197
103.77001762390137,607.2738170623779
104.02989387512207,606.8460941314697
105.03101348876953,608.0949306488037
108.0012321472168,613.2059097290039
105.10802268981934,610.7687950134277
109.47799682617188,612.8818988800049
109.49826240539551,620.6848621368408
109.28702354431152,629.4341087341309
105.1781177520752,610.9991073608398
108.08181762695312,608.6809635162354
106.19497299194336,615.2188777923584
106.43196105957031,609.1907024383545
106.0490608215332,610.3579998016357
106.86707496643066,608.6859703063965
105.91626167297363,610.5070114135742
108.94489288330078,606.132984161377
104.7983169555664,607.2499752044678
109.82990264892578,606.6610813140869
108.58702659606934,609.9703311920166
105.92293739318848,607.2142124176025
107.82599449157715,606.8191528320312
106.73904418945312,613.429069519043
105.33022880554199,617.3069477081299
108.52718353271484,610.8999252319336
103.94811630249023,606.4181327819824
113.69991302490234,612.4951839447021
105.82995414733887,607.3086261749268
121.34504318237305,621.8030452728271
117.55490303039551,609.2932224273682
104.58493232727051,627.525806427002
105.87501525878906,609.1740131378174
106.68492317199707,607.9130172729492
104.64119911193848,608.9632511138916
112.52284049987793,608.6409091949463
105.90481758117676,610.4741096496582
105.4379940032959,608.180046081543
105.33881187438965,621.575117111206
106.22382164001465,604.3787002563477
108.04510116577148,606.7080497741699
107.54990577697754,605.9889793395996
105.96895217895508,608.1318855285645
117.62595176696777,609.6320152282715
116.7299747467041,614.0410900115967
105.13782501220703,616.2140369415283
112.94198036193848,614.7980690002441
105.29804229736328,611.4559173583984
106.83989524841309,613.9960289001465
109.5890998840332,612.2758388519287
108.46376419067383,606.7311763763428
105.41892051696777,609.3509197235107
108.41012001037598,608.6709499359131
108.62207412719727,607.2239875793457
105.32593727111816,610.7220649719238
106.7647933959961,609.856128692627
106.84418678283691,614.5370006561279
105.63302040100098,606.9841384887695
105.19194602966309,610.1560592651367
107.34295845031738,605.841875076294
105.61513900756836,608.0520153045654
105.39007186889648,610.1140975952148
106.43982887268066,611.0241413116455
106.27508163452148,612.0772361755371
107.16962814331055,607.8782081604004
106.47392272949219,612.2539043426514
104.42495346069336,608.5686683654785
106.43291473388672,606.4262390136719
105.34906387329102,609.5738410949707
105.87406158447266,607.0220470428467
105.07488250732422,606.7650318145752
104.96115684509277,608.7818145751953
103.8048267364502,609.5941066741943
107.31625556945801,607.5742244720459
105.35717010498047,608.6571216583252
105.51977157592773,611.2840175628662
104.51889038085938,614.7220134735107
112.18690872192383,611.9201183319092
109.09318923950195,616.3959503173828
103.61075401306152,605.496883392334
106.8880558013916,607.180118560791
107.14483261108398,607.7549457550049
105.89885711669922,612.3971939086914
106.26697540283203,611.9463443756104
111.62996292114258,605.6530475616455
105.45587539672852,609.0641021728516
106.25410079956055,607.5890064239502
104.92491722106934,607.3949337005615
106.94503784179688,607.1569919586182
106.83083534240723,614.6769523620605
106.03809356689453,613.1956577301025
105.1931381225586,606.3621044158936
102.50377655029297,610.3999614715576
104.73179817199707,620.7869052886963
106.94074630737305,619.0590858459473
108.03818702697754,613.537073135376
104.7201156616211,614.21799659729
104.28118705749512,611.4411354064941
104.99286651611328,610.8531951904297
105.22198677062988,610.6841564178467
104.06875610351562,621.0649013519287
102.38313674926758,607.6669692993164
103.84011268615723,614.1982078552246
105.11183738708496,606.4209938049316
104.46023941040039,607.7020168304443
104.51698303222656,611.8490695953369
105.54909706115723,610.8920574188232
104.33101654052734,607.1867942810059
107.83791542053223,610.220193862915
104.01606559753418,606.0791015625
104.87866401672363,609.6131801605225
105.29828071594238,615.8819198608398
118.02077293395996,610.130786895752
102.81610488891602,604.0029525756836
105.99327087402344,608.6480617523193
103.62577438354492,610.4269027709961
114.81285095214844,614.811897277832
114.03107643127441,610.1109981536865
120.92399597167969,608.781099319458
107.09905624389648,608.9551448822021
125.14305114746094,606.421947479248
111.22989654541016,604.9799919128418
108.49618911743164,607.5263023376465
105.1788330078125,607.8348159790039
104.74300384521484,609.4169616699219
104.03990745544434,607.7947616577148
119.09198760986328,609.5468997955322
104.1560173034668,604.6228408813477
105.48591613769531,607.7649593353271
116.49274826049805,607.8891754150391
102.18405723571777,609.0571880340576
122.17211723327637,607.353925704956
103.95503044128418,607.3861122131348
105.04293441772461,609.1828346252441
108.10637474060059,608.9990139007568
107.76019096374512,607.8641414642334
106.62221908569336,607.7392101287842
107.04708099365234,607.8860759735107
105.14402389526367,607.2671413421631
109.64083671569824,612.0181083679199
105.15475273132324,613.7068271636963
107.62190818786621,604.8069000244141
107.57184028625488,609.8260879516602
108.47306251525879,606.9629192352295
105.42535781860352,605.7291030883789
106.78291320800781,608.8910102844238
108.34288597106934,610.2590560913086
108.98804664611816,609.6460819244385
106.36115074157715,610.0869178771973
105.15666007995605,609.7409725189209
107.18584060668945,611.4678382873535
104.92992401123047,607.8579425811768
105.0407886505127,610.5279922485352
103.88016700744629,606.0512065887451
106.58836364746094,608.6089611053467
108.97493362426758,605.7322025299072
115.82112312316895,611.7739677429199
107.91397094726562,612.8959655761719
107.93185234069824,608.4821224212646
106.10103607177734,607.1522235870361
109.46893692016602,606.9579124450684
104.6590805053711,612.4927997589111
106.47296905517578,607.4478626251221
104.86602783203125,605.6299209594727
108.1550121307373,605.0021648406982
109.39884185791016,610.3329658508301
107.57207870483398,606.7202091217041
107.5589656829834,607.5308322906494
110.46695709228516,628.8387775421143
109.19308662414551,628.1838417053223
108.38198661804199,607.612133026123
111.23013496398926,609.1859340667725
105.95989227294922,604.158878326416
106.3239574432373,607.036828994751
105.0257682800293,613.7831211090088
106.80413246154785,606.853723526001
103.67798805236816,607.6517105102539
104.70128059387207,607.0351600646973
104.8438549041748,608.5031032562256
106.31299018859863,608.9668273925781
107.80501365661621,603.8792133331299
108.25395584106445,611.9298934936523
106.90879821777344,616.0638332366943
107.0091724395752,610.1670265197754
107.23686218261719,621.4199066162109
103.70373725891113,616.4631843566895
106.05788230895996,611.6390228271484
105.30400276184082,606.2829494476318
106.21500015258789,606.6210269927979
105.35597801208496,606.2750816345215
107.01584815979004,608.6080074310303
107.21874237060547,608.4799766540527
108.17289352416992,615.0321960449219
106.0023307800293,615.0641441345215
107.19013214111328,606.2121391296387
107.28883743286133,605.1409244537354
107.7580451965332,607.6929569244385
107.57613182067871,609.7750663757324
106.66394233703613,608.4151268005371
108.31713676452637,608.4811687469482
106.34183883666992,618.441104888916
105.5762767791748,610.9662055969238
105.68785667419434,608.820915222168
104.77066040039062,607.496976852417
105.96203804016113,623.6653327941895
106.26912117004395,642.3289775848389
102.80299186706543,609.4701290130615
103.14011573791504,610.828161239624
102.63586044311523,609.8008155822754
102.80990600585938,611.4001274108887
105.40509223937988,605.8299541473389
105.62300682067871,610.3999614715576
103.18398475646973,611.4940643310547
103.96432876586914,606.2479019165039
105.27801513671875,606.3559055328369
104.29501533508301,608.5860729217529
103.96909713745117,607.4800491333008
105.3471565246582,628.5190582275391
106.74095153808594,627.3021697998047
103.96003723144531,607.4600219726562
105.63182830810547,609.6980571746826
104.84790802001953,606.5390110015869
105.16881942749023,608.3741188049316
104.62617874145508,605.4999828338623
107.44500160217285,609.799861907959
107.16390609741211,606.5468788146973
106.09602928161621,612.800121307373
115.15069007873535,607.111930847168
117.68198013305664,609.1709136962891
127.43806838989258,610.5682849884033
106.73189163208008,608.306884765625
106.89210891723633,609.6477508544922
110.5039119720459,607.429027557373
128.32188606262207,608.2611083984375
118.51334571838379,608.2990169525146
122.29800224304199,607.0897579193115
106.03618621826172,605.158805847168
103.94787788391113,611.4833354949951
105.29685020446777,610.6290817260742
126.82008743286133,616.6110038757324
126.40380859375,613.1017208099365
123.52585792541504,606.1789989471436
104.3550968170166,607.8658103942871
105.3009033203125,605.0198078155518
105.84378242492676,606.7631244659424
117.03920364379883,608.8311672210693
105.99303245544434,609.062910079956
107.02705383300781,607.7370643615723
102.94914245605469,605.5910587310791
103.87516021728516,606.090784072876
106.26626014709473,609.4777584075928
106.85300827026367,606.8170070648193
105.42917251586914,607.1159839630127
104.63786125183105,606.8930625915527
107.26118087768555,608.9520454406738
104.58970069885254,610.4271411895752
107.94401168823242,607.2440147399902
106.95004463195801,609.8780632019043
107.2392463684082,605.9319972991943
106.46796226501465,605.6160926818848
104.26974296569824,609.2150211334229
104.74920272827148,608.8452339172363
107.83886909484863,606.4996719360352
108.78896713256836,605.816125869751
110.6412410736084,607.6853275299072
106.98223114013672,607.1610450744629
117.06709861755371,607.1221828460693
106.08410835266113,609.0841293334961
105.78203201293945,608.9267730712891
106.34899139404297,608.1638336181641
104.87604141235352,610.1298332214355
104.25686836242676,608.5989475250244
106.94003105163574,608.2139015197754
106.1849594116211,610.792875289917
107.62190818786621,609.3630790710449
106.93812370300293,606.8329811096191
105.59701919555664,607.2142124176025
104.33793067932129,606.942892074585
109.6799373626709,607.7911853790283
106.61721229553223,607.5868606567383
106.60600662231445,622.931957244873
105.50403594970703,604.7050952911377
103.44481468200684,606.6267490386963
105.89098930358887,605.2689552307129
103.19375991821289,607.7060699462891
109.09533500671387,605.5400371551514
105.20195960998535,605.2851676940918
110.28194427490234,610.7900142669678
107.17606544494629,606.6901683807373
104.20107841491699,603.6698818206787
110.69083213806152,607.6221466064453
107.16080665588379,606.5850257873535
104.00724411010742,627.4950504302979
104.93087768554688,623.2101917266846
104.73799705505371,605.2742004394531
106.77385330200195,609.8001003265381
105.14497756958008,606.8069934844971
103.23810577392578,612.1621131896973
110.24880409240723,615.0929927825928
110.27693748474121,607.4459552764893
106.06074333190918,605.8807373046875
106.11295700073242,635.5428695678711
103.59907150268555,641.3989067077637
104.4461727142334,606.2829494476318
105.0879955291748,605.5178642272949
104.10594940185547,607.0592403411865
105.24106025695801,611.8090152740479
107.93542861938477,620.7301616668701
107.9108715057373,619.9948787689209
107.90610313415527,620.8021640777588
107.37204551696777,607.4731349945068
104.21133041381836,606.328010559082
106.42695426940918,608.4470748901367
105.98397254943848,629.1699409484863
114.99381065368652,607.5630187988281
107.9411506652832,609.5411777496338
110.10909080505371,607.8650951385498
118.5920238494873,611.7901802062988
107.19776153564453,616.8720722198486
107.22804069519043,606.9319248199463
108.2310676574707,630.8751106262207
106.96983337402344,606.360673904419
106.1861515045166,606.2009334564209
108.08491706848145,604.2008399963379
109.28511619567871,605.0400733947754
106.1258316040039,604.1359901428223
103.86109352111816,607.8920364379883
110.14795303344727,608.6878776550293
106.98080062866211,606.6799163818359
106.70089721679688,606.0690879821777
107.47098922729492,608.9379787445068
105.94987869262695,606.0070991516113
107.93280601501465,607.3429584503174
106.04691505432129,613.7819290161133
106.27985000610352,608.375072479248
106.4760684967041,607.3119640350342
105.83281517028809,608.4260940551758
105.51691055297852,624.5770454406738
106.15801811218262,613.3959293365479
107.32507705688477,610.67795753479
106.71210289001465,608.1969738006592
109.01188850402832,608.7980270385742
106.46700859069824,609.5099449157715
107.02013969421387,622.4241256713867
107.96475410461426,615.480899810791
105.03911972045898,607.7361106872559
107.09810256958008,609.7509860992432
104.88295555114746,608.9279651641846
105.36694526672363,607.835054397583
105.24916648864746,616.5649890899658
104.33101654052734,611.3300323486328
105.44800758361816,617.1209812164307
104.76326942443848,607.1908473968506
107.4981689453125,609.9631786346436
108.97994041442871,614.9930953979492
108.24012756347656,616.3668632507324
109.8031997680664,616.2278652191162
105.74007034301758,611.5171909332275
105.53812980651855,610.649824142456
107.90586471557617,613.908052444458
107.35607147216797,605.8292388916016
108.92415046691895,609.0211868286133
104.94494438171387,606.3141822814941
107.55419731140137,617.7511215209961
109.96294021606445,605.5867671966553
106.57978057861328,605.288028717041
113.12413215637207,611.5038394927979
113.25788497924805,613.8300895690918
113.35206031799316,606.4372062683105
108.02674293518066,614.2587661743164
108.9317798614502,607.6521873474121
107.28907585144043,609.5380783081055
105.41987419128418,608.0141067504883
121.35076522827148,607.6879501342773
105.81803321838379,606.4958572387695
104.2931079864502,603.863000869751
104.82096672058105,618.9830303192139
104.61592674255371,608.1669330596924
115.36383628845215,611.5059852600098
114.33696746826172,615.1061058044434
128.9961338043213,611.5310192108154
107.78212547302246,610.4860305786133
108.29782485961914,612.0800971984863
106.92906379699707,607.8221797943115
112.3046875,608.485221862793
103.30080986022949,614.3219470977783
106.89210891723633,606.7299842834473
108.8571548461914,614.2549514770508
110.70108413696289,622.4210262298584
120.57614326477051,608.879804611206
113.91496658325195,608.6199283599854
105.30400276184082,609.874963760376
112.71333694458008,609.3931198120117
106.52422904968262,607.8360080718994
105.61513900756836,609.65895652771
108.25014114379883,606.9948673248291
108.91294479370117,608.2561016082764
106.09698295593262,608.7369918823242
106.75287246704102,609.8818778991699
105.18026351928711,611.3619804382324
107.23304748535156,609.1880798339844
105.9422492980957,609.1740131378174
106.81390762329102,608.6380481719971
106.8570613861084,607.1369647979736
106.99009895324707,607.4838638305664
105.55005073547363,608.5231304168701
104.1097640991211,607.5029373168945
108.47997665405273,607.9201698303223
106.53424263000488,606.3971519470215
107.0549488067627,608.0136299133301
107.41114616394043,614.548921585083
104.1862964630127,613.7399673461914
104.47406768798828,609.5077991485596
106.66489601135254,607.9740524291992
108.7191104888916,611.4988327026367
114.17698860168457,607.1081161499023
107.5429916381836,608.2570552825928
108.81304740905762,607.3620319366455
105.88812828063965,605.5569648742676
108.37101936340332,610.5968952178955
109.56215858459473,607.032060623169
107.75399208068848,607.1949005126953
108.34884643554688,608.4122657775879
105.95011711120605,607.5022220611572
112.60700225830078,609.522819519043
107.18607902526855,613.577127456665
106.15301132202148,607.1839332580566
107.48696327209473,608.1879138946533
109.23504829406738,610.2018356323242
106.9488525390625,611.9742393493652
107.12814331054688,616.102933883667
105.51810264587402,612.1220588684082
106.99796676635742,609.7710132598877
108.63113403320312,608.6630821228027
109.20000076293945,615.8499717712402
105.15356063842773,609.5290184020996
110.04304885864258,611.781120300293
106.22406005859375,612.206220626831
105.67903518676758,611.5448474884033
109.46106910705566,610.9938621520996
109.88521575927734,613.9459609985352
110.14032363891602,610.0051403045654
119.32492256164551,614.1228675842285
111.68527603149414,613.699197769165
105.71599006652832,606.2700748443604
105.31306266784668,607.579231262207
105.18431663513184,606.550931930542
126.71995162963867,607.795000076294
107.05685615539551,607.8510284423828
119.95911598205566,607.3672771453857
107.77091979980469,608.9279651641846
130.82432746887207,609.0230941772461
112.74385452270508,606.7490577697754
105.21173477172852,608.3920001983643
118.05915832519531,607.0680618286133
112.29085922241211,608.1478595733643
105.88288307189941,610.8720302581787
123.9011287689209,608.2639694213867
105.80992698669434,608.2680225372314
105.01909255981445,619.5888519287109
107.42998123168945,621.5119361877441
106.76097869873047,605.7782173156738
105.01408576965332,607.7287197113037
103.12867164611816,611.1762523651123
104.04396057128906,607.2661876678467
106.05812072753906,607.1290969848633
107.6500415802002,607.3579788208008
104.68506813049316,608.6251735687256
105.71503639221191,630.8300495147705
106.16397857666016,611.3359928131104
103.81531715393066,606.9109439849854
105.30996322631836,613.2431030273438
105.6528091430664,608.6199283599854
105.51023483276367,610.49485206604
106.24408721923828,608.5820198059082
107.9552173614502,609.046220779419
105.41009902954102,612.8170490264893
106.35209083557129,609.4808578491211
108.77203941345215,608.5529327392578
104.62403297424316,611.3550662994385
105.96609115600586,614.5331859588623
105.16190528869629,617.1000003814697
107.72085189819336,618.57008934021
108.62898826599121,611.4869117736816
105.53288459777832,608.0901622772217
108.17909240722656,609.3959808349609
106.67920112609863,610.3322505950928
103.73401641845703,606.3528060913086
107.54609107971191,616.1270141601562
106.7361831665039,606.5731048583984
107.71512985229492,606.511116027832
106.3838005065918,608.2868576049805
106.98127746582031,612.7219200134277
106.14991188049316,610.0449562072754
105.75103759765625,612.1280193328857
105.86214065551758,607.7768802642822
106.97603225708008,608.814001083374
106.77695274353027,607.3892116546631
108.09183120727539,612.5521659851074
112.18404769897461,609.375
106.74500465393066,609.0071201324463
105.37600517272949,611.0179424285889
107.69319534301758,606.9910526275635
106.32896423339844,608.3149909973145
105.43680191040039,606.5809726715088
111.32001876831055,613.3549213409424
106.2159538269043,610.360860824585
107.15484619140625,608.4809303283691
106.08530044555664,612.8718852996826
106.97484016418457,622.1160888671875
113.39688301086426,605.6609153747559
112.51997947692871,613.4850978851318
106.07290267944336,613.2369041442871
106.03094100952148,613.9829158782959
107.04803466796875,608.9370250701904
107.65576362609863,606.2343120574951
112.7781867980957,608.6928844451904
107.26094245910645,610.1338863372803
104.27689552307129,608.2549095153809
105.40294647216797,605.614185333252
106.63795471191406,612.0378971099854
104.67267036437988,614.1989231109619
114.93802070617676,611.4351749420166
103.8050651550293,611.7579936981201
106.45294189453125,606.2641143798828
108.0927848815918,621.2596893310547
107.88702964782715,621.4089393615723
104.54106330871582,610.9960079193115
103.92093658447266,608.6018085479736
107.53893852233887,607.9597473144531
104.06613349914551,611.2618446350098
102.85592079162598,614.5148277282715
102.95510292053223,610.8601093292236
106.71782493591309,607.8720092773438
106.99272155761719,607.0370674133301
104.26807403564453,608.6289882659912
104.49790954589844,610.3577613830566
102.3092269897461,614.976167678833
105.33308982849121,621.9766139984131
105.5610179901123,623.9700317382812
104.65097427368164,607.0351600646973
104.7968864440918,613.5039329528809
102.7059555053711,612.3089790344238
106.22000694274902,607.9230308532715
104.39205169677734,615.6110763549805
103.75285148620605,607.8050136566162
103.19185256958008,607.0599555969238
104.91704940795898,607.8119277954102
109.80892181396484,608.2501411437988
105.0269603729248,606.5201759338379
105.7591438293457,610.9910011291504
106.11510276794434,605.9451103210449
107.58805274963379,608.7322235107422
111.42706871032715,611.8910312652588
110.10193824768066,612.8940582275391
109.56001281738281,609.9419593811035
105.75103759765625,607.1360111236572
111.80806159973145,605.0758361816406
108.93607139587402,605.7751178741455
108.41107368469238,608.8590621948242
108.58702659606934,621.1011409759521
107.04922676086426,608.7563037872314
104.84004020690918,612.5240325927734
105.1168441772461,613.3787631988525
116.05286598205566,612.3180389404297
126.50179862976074,606.5201759338379
106.0478687286377,623.1319904327393
107.91015625,610.0738048553467
107.90228843688965,608.0448627471924
126.3730525970459,607.9850196838379
106.8422794342041,607.1498394012451
103.39903831481934,608.5889339447021
106.99200630187988,608.3478927612305
103.44910621643066,609.6398830413818
107.37824440002441,606.0402393341064
107.1627140045166,609.0960502624512
106.46820068359375,606.0991287231445
107.50484466552734,609.3690395355225
110.32295227050781,607.5537204742432
104.75492477416992,614.7840023040771
109.71522331237793,611.4282608032227
108.29305648803711,608.2801818847656
108.3378791809082,610.0258827209473
105.61108589172363,608.8390350341797
106.71091079711914,608.8361740112305
107.04874992370605,607.1557998657227
107.41877555847168,608.597993850708
106.00709915161133,610.5620861053467
105.96895217895508,609.0991497039795
108.13212394714355,607.2540283203125
109.7879409790039,610.2390289306641
108.12497138977051,615.2429580688477
108.57701301574707,607.1670055389404
109.37690734863281,608.0508232116699
106.56213760375977,609.0340614318848
105.43298721313477,609.3461513519287
105.67688941955566,605.6740283966064
105.70192337036133,609.3840599060059
108.02984237670898,608.6349487304688
106.19807243347168,610.6081008911133
109.89069938659668,607.6159477233887
107.91182518005371,606.3117980957031
105.76319694519043,608.799934387207
105.38005828857422,608.4470748901367
104.48789596557617,606.7759990692139
105.46398162841797,609.4908714294434
106.31203651428223,606.7829132080078
105.11994361877441,607.4998378753662
106.13179206848145,611.6859912872314
107.0108413696289,609.2069149017334
105.80921173095703,609.5030307769775
105.73792457580566,612.4119758605957
106.52899742126465,610.4199886322021
108.22129249572754,609.4410419464111
105.15379905700684,610.0559234619141
105.58629035949707,607.2931289672852
109.24410820007324,607.7919006347656
107.60021209716797,605.7572364807129
106.57477378845215,607.9769134521484
111.67287826538086,611.5858554840088
104.75897789001465,609.7381114959717
107.41710662841797,608.6320877075195
106.27102851867676,609.8389625549316
104.02584075927734,606.6670417785645
112.78700828552246,609.1787815093994
109.78412628173828,606.4140796661377
126.5559196472168,610.5787754058838
122.57790565490723,608.3381175994873
118.91984939575195,608.1981658935547
113.48223686218262,609.809160232544
108.14881324768066,613.6844158172607
106.50491714477539,605.4010391235352
105.6509017944336,606.1458587646484
108.90483856201172,607.2483062744141
106.82010650634766,607.8550815582275
105.76605796813965,607.1999073028564
104.45904731750488,605.5908203125
104.71081733703613,610.0668907165527
103.53589057922363,605.5848598480225
103.39498519897461,605.1971912384033
106.8410873413086,605.7610511779785
110.20588874816895,606.1351299285889
104.64000701904297,605.816125869751
104.3248176574707,605.3118705749512
105.1168441772461,612.3781204223633
104.68721389770508,607.3141098022461
106.00805282592773,606.1947345733643
103.57403755187988,607.5937747955322
105.39078712463379,607.6450347900391
104.86698150634766,605.7620048522949
105.43322563171387,606.2006950378418
104.26521301269531,608.3648204803467
104.41708564758301,608.1430912017822
102.11396217346191,605.2770614624023
104.67314720153809,606.8089008331299
104.77685928344727,607.8119277954102
104.3708324432373,608.5178852081299
104.888916015625,607.1958541870117
104.30312156677246,610.3858947753906
103.23596000671387,610.576868057251
103.9738655090332,609.443187713623
103.5318374633789,608.4139347076416
105.58891296386719,607.8102588653564
108.98423194885254,609.2698574066162
103.66702079772949,608.4821224212646
105.42106628417969,610.7828617095947
105.80611228942871,610.7320785522461
104.5219898223877,610.6691360473633
107.0249080657959,628.1170845031738
105.93795776367188,610.3918552398682
110.26287078857422,610.2309226989746
110.05902290344238,609.1780662536621
107.56683349609375,611.860990524292
112.48898506164551,606.112003326416
112.08796501159668,607.7818870544434
106.46986961364746,611.3440990447998
106.46605491638184,610.5749607086182
109.37881469726562,610.2898120880127
110.36992073059082,608.9010238647461
116.52302742004395,606.6203117370605
107.0091724395752,608.1132888793945
107.16485977172852,605.867862701416
104.97117042541504,606.5318584442139
112.61296272277832,606.9917678833008
111.90295219421387,605.7500839233398
109.17878150939941,608.9739799499512
114.09592628479004,608.0260276794434
107.24496841430664,610.3501319885254
105.17501831054688,611.5758419036865
125.52189826965332,607.4182987213135
104.60591316223145,615.2129173278809
107.88416862487793,607.839822769165
104.09903526306152,611.5589141845703
109.50112342834473,606.4910888671875
108.49595069885254,610.0668907165527
107.24496841430664,607.2349548339844
109.01713371276855,606.2579154968262
114.49694633483887,607.0268154144287
112.77103424072266,608.1101894378662
109.51900482177734,609.0869903564453
105.27467727661133,612.5500202178955
104.15887832641602,609.5678806304932
104.83407974243164,612.5729084014893
106.51421546936035,613.9020919799805
106.70828819274902,610.8601093292236
107.28716850280762,607.6750755310059
106.60409927368164,609.1599464416504
107.04302787780762,606.2350273132324
106.57715797424316,608.6940765380859
107.2998046875,610.1720333099365
106.85181617736816,608.0687046051025
107.01179504394531,607.9459190368652
107.75113105773926,611.253023147583
108.65211486816406,610.92209815979
106.96196556091309,612.1370792388916
107.67698287963867,606.6360473632812
108.15715789794922,618.6649799346924
105.90386390686035,607.8360080718994
108.5059642791748,607.6779365539551
104.9489974975586,607.4633598327637
105.78465461730957,608.630895614624
108.2310676574707,608.1027984619141
108.16192626953125,607.5801849365234
107.1770191192627,618.2742118835449
105.93414306640625,616.722822189331
104.7978401184082,616.4209842681885
106.52899742126465,620.6207275390625
107.48505592346191,609.6360683441162
111.62281036376953,608.8809967041016
109.26985740661621,609.7898483276367
104.85410690307617,608.396053314209
106.87494277954102,606.8630218505859
105.08918762207031,606.9660186767578
107.40923881530762,610.9776496887207
109.97986793518066,606.7168712615967
106.0478687286377,607.6416969299316
105.20005226135254,608.5171699523926
105.07392883300781,610.241174697876
110.41092872619629,626.2040138244629
105.1950454711914,607.7060699462891
106.54401779174805,609.8759174346924
109.11893844604492,609.4238758087158
106.95600509643555,608.3447933197021
114.76993560791016,610.205888748169
112.8530502319336,612.3456954956055
107.88106918334961,609.7779273986816
111.28687858581543,609.1153621673584
109.89618301391602,616.1901950836182
110.90898513793945,607.536792755127
113.54684829711914,607.9001426696777
115.79418182373047,610.4750633239746
109.7421646118164,609.6618175506592
110.31818389892578,610.0361347198486
106.65392875671387,613.0077838897705
106.13083839416504,616.4600849151611
106.14991188049316,608.7291240692139
105.67903518676758,611.1190319061279
105.65972328186035,624.0546703338623
104.48217391967773,642.1101093292236
104.7050952911377,611.0382080078125
107.3300838470459,609.0080738067627
104.90226745605469,605.7462692260742
104.28118705749512,604.7532558441162
104.78997230529785,613.0361557006836
104.74300384521484,610.7637882232666
101.80091857910156,608.2260608673096
104.58493232727051,605.7322025299072
104.88605499267578,608.9239120483398
104.29835319519043,608.1931591033936
104.51674461364746,609.4508171081543
103.29699516296387,606.4965724945068
104.55131530761719,609.0927124023438
103.8358211517334,604.2327880859375
104.22396659851074,614.2849922180176
105.1030158996582,605.4630279541016
106.28199577331543,605.8578491210938
101.92108154296875,606.8868637084961
102.70309448242188,620.7501888275146
104.11715507507324,609.8167896270752
103.05595397949219,609.1582775115967
102.81896591186523,616.710901260376
104.86817359924316,607.36083984375
106.39810562133789,613.4970188140869
105.5290699005127,612.5490665435791
109.36188697814941,610.0249290466309
108.85882377624512,616.3468360900879
106.52875900268555,615.3626441955566
106.32514953613281,608.0319881439209
107.22780227661133,627.9480457305908
105.95393180847168,626.2598037719727
107.27190971374512,614.3829822540283
106.63819313049316,609.112024307251
107.71989822387695,616.1060333251953
108.77013206481934,607.396125793457
110.55588722229004,611.2668514251709
107.41710662841797,611.9050979614258
106.27508163452148,612.0421886444092
107.7280044555664,609.968900680542
107.26690292358398,609.6010208129883
107.72299766540527,608.6199283599854
105.04984855651855,612.0257377624512
109.79819297790527,607.7880859375
104.23684120178223,607.8839302062988
104.8588752746582,612.2281551361084
106.48298263549805,608.9391708374023
105.49616813659668,604.7909259796143
108.44016075134277,605.5490970611572
106.45413398742676,616.9881820678711
106.31418228149414,619.0729141235352
106.0798168182373,617.2339916229248
107.84220695495605,618.3061599731445
105.12423515319824,615.5078411102295
105.49092292785645,606.8472862243652
108.11901092529297,605.597972869873
106.48894309997559,607.7780723571777
106.31489753723145,607.1805953979492
107.80596733093262,610.5809211730957
106.78291320800781,611.6969585418701
104.85506057739258,608.3152294158936
104.58207130432129,606.748104095459
105.87096214294434,609.5359325408936
107.79595375061035,609.7438335418701
109.2538833618164,606.5530776977539
107.11288452148438,609.8339557647705
105.45921325683594,607.6011657714844
105.4689884185791,608.9911460876465
106.68182373046875,609.3711853027344
110.84675788879395,610.2728843688965
108.7038516998291,608.1998348236084
106.53901100158691,610.9459400177002
104.77995872497559,607.3040962219238
108.40296745300293,610.3470325469971
117.77091026306152,616.0178184509277
117.74301528930664,609.2488765716553
107.22732543945312,615.7369613647461
106.15181922912598,606.7161560058594
108.43086242675781,610.7051372528076
107.33389854431152,611.1290454864502
109.41624641418457,607.7508926391602
104.7220230102539,605.3800582885742
106.96721076965332,614.3898963928223
106.54902458190918,608.9029312133789
104.55012321472168,607.8450679779053
105.50975799560547,608.018159866333
108.49523544311523,616.6632175445557
114.98594284057617,608.1662178039551
108.51001739501953,610.4707717895508
107.81478881835938,607.3391437530518
106.77814483642578,605.9253215789795
102.73289680480957,613.5661602020264
130.58924674987793,608.0508232116699
110.60404777526855,607.8231334686279
104.80833053588867,609.5218658447266
110.39996147155762,608.4051132202148
107.92016983032227,610.450267791748
108.3378791809082,610.9590530395508
105.35717010498047,607.7601909637451
108.70504379272461,611.3541126251221
109.8029613494873,611.3860607147217
106.24194145202637,607.741117477417
107.23590850830078,615.9501075744629
104.90798950195312,610.666036605835
105.96108436584473,607.489824295044
105.46684265136719,608.6750030517578
107.0258617401123,606.8878173828125
105.54790496826172,609.320878982544
105.56697845458984,618.6928749084473
106.49871826171875,607.5968742370605
104.89916801452637,608.6840629577637
106.0788631439209,608.5813045501709
106.14275932312012,606.6889762878418
106.59122467041016,608.4887981414795
107.77807235717773,608.9868545532227
105.51905632019043,608.5708141326904
105.99398612976074,611.9999885559082
104.0339469909668,604.5801639556885
107.65385627746582,610.4068756103516
107.69462585449219,609.7421646118164
103.84511947631836,611.6700172424316
105.17311096191406,605.8769226074219
107.55610466003418,607.0940494537354
105.03005981445312,607.9790592193604
107.13338851928711,605.9927940368652
106.22906684875488,607.1691513061523
106.89377784729004,607.7299118041992
104.31981086730957,607.1970462799072
103.24811935424805,608.9861392974854
105.38601875305176,606.1151027679443
104.26092147827148,607.3081493377686
128.37505340576172,609.3809604644775
118.36409568786621,605.6642532348633
115.86999893188477,606.6381931304932
102.68592834472656,604.2759418487549
104.76899147033691,608.84690284729
111.13905906677246,611.6681098937988
131.28018379211426,609.2288494110107
107.13076591491699,607.720136642456
104.20107841491699,609.3168258666992
135.33496856689453,607.7396869659424
127.47478485107422,607.0189476013184
102.74505615234375,607.3100566864014
103.09123992919922,605.0410270690918
102.06103324890137,614.6323680877686
103.19209098815918,607.774019241333
103.31916809082031,621.2480068206787
106.75811767578125,608.0231666564941
106.02712631225586,610.4707717895508
103.38091850280762,607.3830127716064
102.53190994262695,606.3189506530762
103.93190383911133,612.3871803283691
103.56521606445312,622.1199035644531
104.95305061340332,606.5611839294434
105.3609848022461,608.2837581634521
110.12911796569824,609.8041534423828
109.61413383483887,608.1762313842773
109.13801193237305,615.5269145965576
105.55696487426758,612.4958992004395
105.86690902709961,614.9117946624756
102.61988639831543,615.9908771514893
103.00397872924805,625.9219646453857
102.90884971618652,610.759973526001
102.74195671081543,611.2172603607178
102.90098190307617,607.8038215637207
104.98785972595215,609.2836856842041
104.18891906738281,615.044116973877
106.0938835144043,610.9750270843506
108.06798934936523,613.6579513549805
104.38299179077148,608.3438396453857
106.07194900512695,608.0541610717773
105.09800910949707,606.9579124450684
109.98678207397461,607.4008941650391
106.96792602539062,624.168872833252
108.11996459960938,626.3988018035889
108.47997665405273,607.8810691833496
106.11200332641602,607.0740222930908
105.56888580322266,611.0658645629883
106.07123374938965,612.666130065918
112.08415031433105,610.0938320159912
109.09390449523926,619.4899082183838
106.54401779174805,614.6543025970459
106.0640811920166,632.706880569458
104.99691963195801,610.2840900421143
107.42688179016113,618.6349391937256
104.16793823242188,609.8170280456543
106.1408519744873,609.461784362793
109.94291305541992,607.733964920044
110.7931137084961,606.8999767303467
106.35495185852051,605.4708957672119
105.96990585327148,605.6621074676514
105.9720516204834,608.8509559631348
111.6337776184082,604.835033416748
106.75811767578125,610.640287399292
108.25014114379883,607.1779727935791
108.12592506408691,605.0896644592285
106.34493827819824,605.809211730957
106.87494277954102,608.1910133361816
112.26487159729004,618.5221672058105
108.9019775390625,650.4130363464355
105.8816909790039,643.6741352081299
108.95800590515137,623.3210563659668
107.57088661193848,609.3449592590332
106.10103607177734,610.1651191711426
105.23796081542969,608.0970764160156
106.62698745727539,607.3310375213623
110.65912246704102,606.910228729248
107.44714736938477,604.564905166626
105.7882308959961,609.2441082000732
106.31895065307617,607.6180934906006
112.87403106689453,609.0278625488281
130.27000427246094,606.1618328094482
107.8348159790039,606.536865234375
106.43601417541504,606.029748916626
104.65288162231445,609.7898483276367
105.2238941192627,607.2828769683838
105.26299476623535,643.5599327087402
116.42599105834961,611.3488674163818
117.44928359985352,607.7566146850586
121.08087539672852,608.1509590148926
118.08466911315918,607.9461574554443
119.06218528747559,616.3880825042725
111.73009872436523,642.5538063049316
106.56881332397461,607.8939437866211
105.26394844055176,606.5027713775635
106.75191879272461,606.24098777771
106.38737678527832,607.4979305267334
108.57582092285156,610.673189163208
109.38286781311035,606.3239574432373
106.42409324645996,613.184928894043
106.40788078308105,620.5050945281982
106.43291473388672,607.7399253845215
107.06305503845215,604.5629978179932
111.00196838378906,604.9599647521973
105.00574111938477,610.5198860168457
108.55889320373535,622.5268840789795
104.56323623657227,608.09326171875
107.27810859680176,612.8020286560059
105.88502883911133,607.3868274688721
111.2360954284668,604.0542125701904
107.18417167663574,606.7759990692139
107.32507705688477,606.024980545044
106.49394989013672,607.9740524291992
106.40215873718262,605.9010028839111
109.13705825805664,607.2378158569336
106.36615753173828,609.7769737243652
107.82074928283691,610.7299327850342
107.79285430908203,612.0891571044922
106.81605339050293,608.7019443511963
106.2779426574707,607.0258617401123
104.71606254577637,605.8952808380127
103.69110107421875,607.3951721191406
105.62825202941895,605.949878692627
107.34701156616211,606.6701412200928
108.6280345916748,606.8708896636963
106.09197616577148,610.0609302520752
104.78496551513672,612.3342514038086
103.31010818481445,610.260009765625
104.23898696899414,611.4051342010498
104.80594635009766,610.7218265533447
104.80594635009766,606.2960624694824
104.00199890136719,613.4650707244873
104.89296913146973,607.6688766479492
104.36296463012695,606.9400310516357
106.35900497436523,611.8390560150146
105.30877113342285,606.9202423095703
107.27190971374512,605.3781509399414
106.92214965820312,611.9680404663086
105.51118850708008,606.3780784606934
105.76677322387695,612.4730110168457
110.34917831420898,608.5808277130127
109.74407196044922,613.7590408325195
110.70680618286133,607.6359748840332
108.51097106933594,611.0961437225342
108.48093032836914,605.2050590515137
111.79614067077637,614.0661239624023
107.8641414642334,610.192060470581
108.10208320617676,618.6339855194092
120.69511413574219,606.8329811096191
119.04287338256836,606.8630218505859
103.83272171020508,611.4158630371094
106.34803771972656,605.8180332183838
105.83186149597168,637.9189491271973
107.72037506103516,608.1650257110596
104.75897789001465,609.1861724853516
104.80690002441406,608.7348461151123
121.44207954406738,609.9288463592529
105.43179512023926,620.9018230438232
107.14101791381836,631.4151287078857
103.60908508300781,616.7540550231934
103.80697250366211,621.6931343078613
105.52811622619629,625.0758171081543
106.01806640625,628.1530857086182
107.16104507446289,609.3010902404785
105.8201789855957,607.4678897857666
107.41090774536133,608.6688041687012
105.13782501220703,606.4679622650146
108.08396339416504,610.0952625274658
107.23400115966797,621.9279766082764
106.40192031860352,623.9528656005859
106.24098777770996,616.9757843017578
106.2479019165039,608.9727878570557
106.38999938964844,608.2630157470703
104.29215431213379,615.0960922241211
104.73299026489258,616.7027950286865
105.37981986999512,616.6739463806152
105.89003562927246,607.9790592193604
105.16595840454102,606.8441867828369
106.66513442993164,608.551025390625
109.37190055847168,608.9730262756348
105.16119003295898,608.1788539886475
107.45406150817871,633.6770057678223
107.01513290405273,606.1649322509766
106.40788078308105,608.4442138671875
107.1939468383789,604.4111251831055
109.29322242736816,607.2690486907959
107.73396492004395,605.9367656707764
104.81095314025879,608.5379123687744
105.76391220092773,612.3428344726562
105.41200637817383,611.7489337921143
104.82406616210938,609.4279289245605
106.4310073852539,609.4930171966553
105.05533218383789,610.9960079193115
107.55395889282227,609.1949939727783
106.04691505432129,607.778787612915
106.2459945678711,606.8100929260254
106.22286796569824,609.3831062316895
105.92412948608398,610.4769706726074
106.02712631225586,609.27414894104
105.46183586120605,610.5008125305176
106.30297660827637,607.907772064209
105.82709312438965,610.6119155883789
106.83298110961914,610.173225402832
106.21786117553711,612.6749515533447
106.85992240905762,613.6419773101807
105.07607460021973,613.3348941802979
108.59870910644531,610.7001304626465
107.74922370910645,610.2199554443359
106.02188110351562,609.760046005249
108.37626457214355,612.7219200134277
106.11987113952637,611.2291812896729
106.1248779296875,611.9568347930908
106.6739559173584,614.7801876068115
105.1938533782959,615.433931350708
105.27372360229492,610.9521389007568
105.35335540771484,608.9127063751221
109.18402671813965,606.5738201141357
107.42402076721191,610.377311706543
105.06391525268555,610.6510162353516
107.0249080657959,606.3411235809326
111.39678955078125,608.7110042572021
113.10005187988281,609.1787815093994
106.81796073913574,613.0013465881348
109.00092124938965,607.896089553833
110.9778881072998,607.0361137390137
108.40010643005371,610.3458404541016
117.7830696105957,611.3331317901611
109.98892784118652,610.0730895996094
105.11922836303711,614.9981021881104
106.22215270996094,618.9732551574707
106.1558723449707,607.7399253845215
107.52582550048828,606.6510677337646
103.94287109375,610.5930805206299
105.96466064453125,612.5619411468506
107.29002952575684,610.1460456848145
104.89916801452637,609.9588871002197
108.71696472167969,609.6739768981934
108.32619667053223,608.9720726013184
102.69474983215332,607.3980331420898
102.46992111206055,608.4003448486328
102.04005241394043,616.1541938781738
103.79409790039062,619.1980838775635
103.6221981048584,611.7799282073975
103.34515571594238,615.2417659759521
104.43425178527832,611.3090515136719
102.65803337097168,607.7191829681396
102.44488716125488,614.4390106201172
103.37996482849121,621.0048198699951
104.20417785644531,605.2498817443848
107.52177238464355,607.7759265899658
103.6977767944336,609.6680164337158
103.35898399353027,609.8711490631104
104.60710525512695,611.069917678833
104.74491119384766,625.2357959747314
103.5008430480957,610.7478141784668
105.34787178039551,607.3200702667236
106.91690444946289,606.194019317627
104.4318675994873,608.1631183624268
104.70008850097656,606.3930988311768
104.09283638000488,607.4118614196777
107.96213150024414,609.6489429473877
104.93588447570801,607.2709560394287
106.5068244934082,609.4701290130615
107.44094848632812,609.907865524292
105.7898998260498,607.2390079498291
108.06393623352051,606.651782989502
106.09197616577148,608.2580089569092
107.51581192016602,608.2439422607422
105.42798042297363,610.1748943328857
107.62906074523926,606.8060398101807
104.38394546508789,609.0996265411377
105.89003562927246,610.3708744049072
107.02204704284668,609.7478866577148
107.83910751342773,606.503963470459
112.0607852935791,605.8070659637451
108.63685607910156,607.9082489013672
113.56806755065918,607.9790592193604
110.78095436096191,613.9991283416748
108.00623893737793,605.4017543792725
106.37998580932617,609.4350814819336
116.62983894348145,606.9931983947754
107.65266418457031,607.4209213256836
107.53512382507324,608.8330745697021
108.34407806396484,607.3200702667236
109.0080738067627,607.1619987487793
109.63201522827148,610.3379726409912
123.9159107208252,610.7959747314453
123.66414070129395,610.1288795471191
103.95693778991699,609.0812683105469
104.69889640808105,609.5330715179443
105.89385032653809,609.2889308929443
108.23917388916016,612.1499538421631
104.23707962036133,612.1728420257568
105.28993606567383,610.4819774627686
105.12804985046387,607.6531410217285
106.14609718322754,607.9809665679932
105.40199279785156,615.3242588043213
105.88598251342773,610.8341217041016
107.14983940124512,608.7150573730469
104.0031909942627,609.8449230194092
104.59399223327637,612.0522022247314
106.3690185546875,608.799934387207
107.68365859985352,606.6670417785645
109.3599796295166,609.5516681671143
105.91411590576172,605.8371067047119
108.51812362670898,621.3939189910889
110.33082008361816,612.872838973999
105.93414306640625,611.077070236206
109.04598236083984,619.0979480743408
105.89480400085449,611.8669509887695
105.4849624633789,609.0371608734131
106.37998580932617,609.96413230896
105.4236888885498,606.8861484527588
107.05709457397461,608.5271835327148
107.57994651794434,607.0809364318848
107.60092735290527,610.1658344268799
109.37309265136719,607.943058013916
107.54632949829102,607.2049140930176
107.70702362060547,611.5689277648926
107.63907432556152,614.1839027404785
110.0761890411377,609.6141338348389
107.18703269958496,609.576940536499
114.44997787475586,607.3989868164062
105.05414009094238,606.48512840271
104.55131530761719,608.7558269500732
109.50517654418945,609.8728179931641
105.99803924560547,611.8597984313965
107.47718811035156,609.7767353057861
116.49894714355469,611.7911338806152
104.82478141784668,609.6460819244385
105.30900955200195,610.0320816040039
106.56189918518066,607.8388690948486
113.0979061126709,612.7560138702393
113.10386657714844,613.0962371826172
130.14817237854004,608.5047721862793
114.63594436645508,610.3661060333252
106.38904571533203,608.8042259216309
121.63996696472168,613.3632659912109
138.7488842010498,608.2847118377686
108.61897468566895,607.5730323791504
120.97597122192383,604.7139167785645
105.03196716308594,606.3680648803711
106.81009292602539,616.9331073760986
107.09595680236816,606.2889099121094
110.41998863220215,622.1058368682861
103.75761985778809,606.0328483581543
103.8978099822998,609.0528964996338
104.05898094177246,606.0240268707275
103.14011573791504,603.5730838775635
104.17389869689941,606.8849563598633
103.41095924377441,605.5998802185059
105.56483268737793,606.4488887786865
105.18002510070801,605.6880950927734
105.96895217895508,611.9232177734375
106.20307922363281,617.4538135528564
106.21309280395508,614.2678260803223
105.45110702514648,605.7522296905518
106.72569274902344,606.9271564483643
107.9559326171875,618.523120880127
105.02386093139648,624.4323253631592
105.25202751159668,608.2620620727539
104.15101051330566,609.1101169586182
106.21213912963867,618.0381774902344
107.56969451904297,622.8899955749512
105.84759712219238,606.2338352203369
106.15205764770508,608.8309288024902
104.66933250427246,607.7308654785156
105.5610179901123,609.8129749298096
107.85889625549316,610.5248928070068
106.49609565734863,615.2908802032471
108.74295234680176,611.9248867034912
109.98797416687012,613.055944442749
104.9201488494873,613.9421463012695
106.46915435791016,607.7630519866943
105.55124282836914,607.8689098358154
107.9559326171875,606.7869663238525
109.39502716064453,609.2202663421631
105.54003715515137,610.8219623565674
108.34097862243652,616.5010929107666
105.67307472229004,608.5960865020752
104.80499267578125,614.3488883972168
105.34882545471191,609.2498302459717
108.83378982543945,609.39621925354
104.9199104309082,610.3222370147705
107.53726959228516,609.0390682220459
104.68506813049316,608.4568500518799
107.9111099243164,606.2288284301758
106.35018348693848,607.4442863464355
109.85207557678223,610.1739406585693
105.43513298034668,607.7430248260498
105.08513450622559,606.1029434204102
107.0411205291748,607.891321182251
105.88908195495605,610.4550361633301
105.07082939147949,608.8430881500244
105.61490058898926,608.3271503448486
112.87593841552734,608.3300113677979
112.35213279724121,608.504056930542
107.22208023071289,612.9579544067383
105.69405555725098,606.8258285522461
106.74905776977539,606.8577766418457
105.66186904907227,611.3138198852539
107.0551872253418,605.5490970611572
106.7500114440918,607.4340343475342
105.76009750366211,610.8832359313965
109.16876792907715,607.7988147735596
111.6170883178711,611.004114151001
118.0870532989502,613.6102676391602
118.95489692687988,616.67799949646
105.95917701721191,616.9030666351318
107.04684257507324,613.3632659912109
106.75787925720215,608.5498332977295
110.9921932220459,607.9568862915039
108.46209526062012,607.0759296417236
117.7210807800293,605.4801940917969
119.05694007873535,609.929084777832
118.74699592590332,607.3989868164062
113.39807510375977,610.821008682251
104.1252613067627,608.6521148681641
119.01497840881348,610.0361347198486
103.99007797241211,609.6093654632568
105.39507865905762,606.4670085906982
106.53996467590332,605.9820652008057
107.99980163574219,609.3881130218506
107.66386985778809,615.0670051574707
104.88486289978027,607.0787906646729
111.49907112121582,611.3920211791992
106.5511703491211,609.6940040588379
108.08396339416504,606.5981388092041
107.27810859680176,605.4778099060059
106.89187049865723,616.1439418792725
106.28414154052734,628.169059753418
106.47106170654297,617.6571846008301
104.83908653259277,607.9659461975098
104.86698150634766,606.008768081665
107.08999633789062,606.5447330474854
105.34501075744629,610.482931137085
104.46310043334961,630.8510303497314
104.86602783203125,609.0569496154785
105.08012771606445,614.6931648254395
106.05812072753906,607.4841022491455
110.30197143554688,607.2568893432617
105.3769588470459,608.2379817962646
103.8661003112793,608.8967323303223
104.88104820251465,609.083890914917
105.01813888549805,617.598295211792
105.44395446777344,609.0588569641113
105.80205917358398,606.1739921569824
105.62372207641602,609.1580390930176
111.79018020629883,611.102819442749
117.41089820861816,611.8569374084473
130.37109375,611.4633083343506
105.83901405334473,612.5352382659912
103.92308235168457,609.0829372406006
106.44388198852539,630.8460235595703
103.30510139465332,623.9039897918701
113.33703994750977,605.7107448577881
103.23500633239746,607.0661544799805
102.6918888092041,607.7389717102051
125.58889389038086,608.4280014038086
105.84497451782227,606.8851947784424
105.89194297790527,606.2839031219482
104.56109046936035,607.2089672088623
103.47795486450195,606.1420440673828
102.79297828674316,607.0389747619629
104.70390319824219,605.5140495300293
108.41107368469238,608.1609725952148
105.01289367675781,606.6458225250244
103.15489768981934,607.9871654510498
112.20479011535645,606.525182723999
112.6410961151123,608.3998680114746
117.04492568969727,607.9490184783936
117.43879318237305,605.3073406219482
107.27095603942871,607.3930263519287
117.9819107055664,606.1341762542725
111.42301559448242,606.5380573272705
123.11005592346191,606.1787605285645
102.98705101013184,607.6321601867676
104.79378700256348,607.8941822052002
106.05001449584961,608.5598468780518
105.55291175842285,609.3850135803223
106.52399063110352,609.6200942993164
107.88488388061523,605.0629615783691
106.27293586730957,609.4188690185547
108.31427574157715,609.921932220459
105.75699806213379,609.1420650482178
104.82501983642578,608.100175857544
104.54201698303223,608.0541610717773
103.88994216918945,608.8247299194336
107.28693008422852,610.245943069458
109.05790328979492,611.2110614776611
111.50622367858887,619.9281215667725
105.27181625366211,608.6769104003906
104.74276542663574,608.7181568145752
105.63087463378906,608.7453365325928
105.07917404174805,619.2259788513184
105.12924194335938,616.17112159729
103.89113426208496,611.4091873168945
103.56688499450684,609.2560291290283
104.68196868896484,613.163948059082
124.21822547912598,607.9418659210205
107.61904716491699,608.665943145752
109.18807983398438,607.7919006347656
110.34488677978516,614.1748428344727
107.06400871276855,617.4271106719971
113.67917060852051,610.3560924530029
106.19807243347168,608.4191799163818
107.39898681640625,611.2370491027832
108.36601257324219,608.7009906768799
109.37380790710449,613.149881362915
107.53107070922852,606.0781478881836
108.44802856445312,611.3770008087158
106.95385932922363,618.7009811401367
106.25505447387695,606.248140335083
102.48804092407227,615.2489185333252
105.6818962097168,622.9839324951172
105.30686378479004,608.5920333862305
104.48408126831055,613.347053527832
104.99191284179688,608.4520816802979
104.43782806396484,607.9990863800049
105.99207878112793,608.8838577270508
104.6597957611084,612.0419502258301
104.97283935546875,619.8840141296387
103.51204872131348,611.9658946990967
103.49607467651367,621.7751502990723
105.26776313781738,612.083911895752
103.37090492248535,608.726978302002
104.20608520507812,607.5882911682129
108.40296745300293,605.6878566741943
108.31308364868164,606.8079471588135
108.53695869445801,613.785982131958
109.25698280334473,615.4768466949463
104.89702224731445,614.6321296691895
107.86795616149902,618.8218593597412
104.22611236572266,616.9569492340088
104.69508171081543,615.0577068328857
102.79011726379395,612.8137111663818
102.76103019714355,610.9559535980225
104.96091842651367,611.7932796478271
121.26374244689941,609.5218658447266
119.01712417602539,606.7368984222412
119.5521354675293,608.1840991973877
111.31477355957031,607.44309425354
111.33480072021484,605.0891876220703
123.45480918884277,606.4739227294922
121.22011184692383,605.6149005889893
109.78913307189941,607.1770191192627
108.66808891296387,605.4849624633789
107.17296600341797,610.6030941009521
113.95716667175293,610.7420921325684
116.22881889343262,612.1530532836914
106.35900497436523,609.1399192810059
105.44705390930176,609.158992767334
111.06204986572266,608.4201335906982
111.99212074279785,608.9949607849121
107.54513740539551,616.2698268890381
115.65303802490234,610.5029582977295
116.05501174926758,607.5122356414795
112.82992362976074,608.7601184844971
105.4232120513916,605.5500507354736
105.6509017944336,609.9681854248047
103.7759780883789,607.3129177093506
107.01894760131836,606.30202293396
107.0411205291748,608.361005783081
105.76915740966797,628.0219554901123
104.35199737548828,624.5319843292236
103.87396812438965,615.7732009887695
102.33330726623535,617.3348426818848
106.13894462585449,607.8212261199951
105.04603385925293,609.2901229858398
105.12781143188477,610.8279228210449
105.60083389282227,622.7028369903564
104.98785972595215,605.3240299224854
104.88605499267578,606.2560081481934
102.70404815673828,606.9679260253906
102.30088233947754,607.3131561279297
102.5850772857666,611.6530895233154
105.28278350830078,614.433765411377
104.24613952636719,605.2341461181641
104.12788391113281,608.9010238647461
102.6909351348877,607.5201034545898
104.16674613952637,609.3339920043945
104.24017906188965,620.391845703125
103.41024398803711,615.1571273803711
103.54423522949219,618.9382076263428
103.64222526550293,616.6770458221436
103.6231517791748,615.725040435791
105.20815849304199,613.9860153198242
104.50601577758789,608.7417602539062
105.79085350036621,608.2217693328857
104.9959659576416,619.0929412841797
103.3942699432373,608.3228588104248
103.02996635437012,619.3709373474121
103.65104675292969,604.8738956451416
108.08682441711426,607.3920726776123
111.53578758239746,612.0729446411133
108.43706130981445,615.5269145965576
104.25877571105957,605.7147979736328
107.04207420349121,606.9469451904297
102.81014442443848,607.7971458435059
118.29900741577148,613.0051612854004
109.36093330383301,616.0008907318115
115.14115333557129,610.1169586181641
104.25496101379395,609.4739437103271
111.75298690795898,609.2722415924072
106.58383369445801,607.2509288787842
123.73089790344238,606.3082218170166
123.5048770904541,605.2539348602295
113.14582824707031,611.4640235900879
114.49289321899414,611.4418506622314
101.84025764465332,612.2500896453857
102.71811485290527,616.9559955596924
112.05482482910156,615.9589290618896
102.71167755126953,608.3917617797852
104.11691665649414,608.726978302002
104.14314270019531,616.220235824585
103.3179759979248,610.3980541229248
104.57587242126465,607.731819152832
105.73625564575195,610.6200218200684
103.99508476257324,621.9398975372314
107.58495330810547,608.109712600708
103.52396965026855,606.9917678833008
106.25100135803223,610.3308200836182
103.45673561096191,606.8742275238037
107.03206062316895,608.4301471710205
104.67982292175293,610.0242137908936
107.23567008972168,612.3149394989014
103.69086265563965,616.69921875
107.85317420959473,620.8727359771729
108.48808288574219,622.1339702606201
107.02180862426758,618.070125579834
106.40883445739746,619.1239356994629
108.94536972045898,608.1099510192871
102.72717475891113,605.9303283691406
103.30700874328613,607.262134552002
105.21721839904785,607.4330806732178
105.84807395935059,607.8782081604004
103.9280891418457,615.2987480163574
104.75277900695801,604.9497127532959
107.12075233459473,605.9970855712891
111.17696762084961,606.2531471252441
108.72483253479004,608.9048385620117
107.70797729492188,624.0370273590088
106.70971870422363,604.4120788574219
111.30714416503906,610.6231212615967
108.63709449768066,612.8740310668945
116.61195755004883,611.0451221466064
110.63504219055176,611.950159072876
108.37888717651367,608.3390712738037
106.68396949768066,609.2851161956787
109.06815528869629,608.8571548461914
115.62895774841309,605.6420803070068
115.44299125671387,616.0709857940674
106.26101493835449,604.02512550354
113.09218406677246,606.381893157959
110.37898063659668,617.8278923034668
111.02175712585449,626.4431476593018
105.45897483825684,626.2998580932617
104.22015190124512,615.7839298248291
107.46097564697266,611.3190650939941
105.24511337280273,605.9930324554443
105.59487342834473,606.2371730804443
108.03508758544922,609.1039180755615
108.21771621704102,608.4070205688477
106.50801658630371,606.0538291931152
107.83600807189941,606.1131954193115
106.86206817626953,607.7499389648438
108.57605934143066,605.921745300293
104.90608215332031,605.3919792175293
107.45811462402344,613.5120391845703
109.28177833557129,607.9649925231934
106.11677169799805,611.0711097717285
103.83296012878418,625.7050037384033
106.42600059509277,606.0161590576172
106.33301734924316,605.327844619751
104.09212112426758,612.5531196594238
108.57915878295898,606.3632965087891
105.74173927307129,604.3519973754883
106.8112850189209,618.1051731109619
108.98780822753906,606.9431304931641
106.37307167053223,604.1760444641113
104.56705093383789,604.949951171875
110.80789566040039,606.6009998321533
108.76679420471191,605.8862209320068
108.27374458312988,606.83274269104
106.04429244995117,605.6480407714844
108.72006416320801,604.8331260681152
106.80294036865234,606.5430641174316
107.24496841430664,629.7450065612793
108.13474655151367,625.3917217254639
109.76314544677734,623.7587928771973
105.3619384765625,606.997013092041
105.90624809265137,606.9490909576416
108.40201377868652,607.8100204467773
109.18903350830078,607.2890758514404
106.86516761779785,616.7359352111816
106.03070259094238,607.1991920471191
105.12113571166992,610.692024230957
106.04286193847656,633.5842609405518
106.1410903930664,608.9789867401123
106.41598701477051,611.2029552459717
109.02094841003418,605.1712036132812
106.82177543640137,607.377290725708
106.10723495483398,606.4438819885254
111.1757755279541,602.8251647949219
109.86089706420898,609.5061302185059
106.04190826416016,605.7500839233398
104.92491722106934,607.6469421386719
104.7978401184082,604.4659614562988
106.13679885864258,609.5521450042725
105.27825355529785,609.7140312194824
109.70306396484375,613.0270957946777
109.5726490020752,613.3241653442383
105.04698753356934,614.2218112945557
103.60193252563477,607.3510646820068
106.59480094909668,612.4639511108398
108.5209846496582,612.1940612792969
113.4798526763916,616.1086559295654
105.34930229187012,614.199161529541
104.35700416564941,607.2120666503906
108.17885398864746,617.9609298706055
102.81705856323242,607.9130172729492
104.05778884887695,606.9738864898682
102.81896591186523,608.0160140991211
104.52938079833984,607.7291965484619
104.76398468017578,608.4170341491699
104.11381721496582,611.130952835083
104.81905937194824,610.5220317840576
105.54194450378418,607.6521873474121
103.15585136413574,605.5002212524414
106.59575462341309,607.3548793792725
105.19790649414062,605.9558391571045
102.08606719970703,606.0788631439209
103.424072265625,607.3269844055176
104.9048900604248,608.9718341827393
105.34977912902832,620.2151775360107
105.43417930603027,608.400821685791
103.90281677246094,612.9648685455322
104.21299934387207,615.2019500732422
104.35676574707031,624.946117401123
104.51126098632812,608.422040939331
103.77693176269531,624.7632503509521
103.96385192871094,626.0800361633301
104.0191650390625,605.1669120788574
111.99307441711426,605.2489280700684
109.00688171386719,621.168851852417
103.9731502532959,609.4670295715332
109.97509956359863,606.8391799926758
110.31436920166016,606.5599918365479
105.70311546325684,607.4309349060059
106.15682601928711,607.489824295044
103.39093208312988,609.4563007354736
104.33387756347656,608.0501079559326
111.45281791687012,606.3599586486816
106.40096664428711,612.0181083679199
111.73820495605469,607.4450016021729
107.85388946533203,611.9418144226074
105.79276084899902,611.854076385498
105.35287857055664,608.940839767456
109.8780632019043,609.9529266357422
107.80072212219238,610.9559535980225
111.23204231262207,607.9401969909668
106.25004768371582,609.3800067901611
106.35495185852051,611.5579605102539
106.84680938720703,606.5330505371094
108.44588279724121,606.5499782562256
106.62007331848145,607.5730323791504
106.26006126403809,608.3309650421143
106.55379295349121,607.0592403411865
108.47616195678711,607.1028709411621
106.2779426574707,611.4838123321533
108.24823379516602,609.9400520324707
104.70390319824219,608.5429191589355
106.58884048461914,608.3579063415527
105.63492774963379,605.2968502044678
105.99994659423828,607.1391105651855
110.11791229248047,607.7041625976562
109.6949577331543,608.0589294433594
109.63010787963867,606.564998626709
108.91294479370117,607.9771518707275
114.09473419189453,605.811357498169
106.83608055114746,606.4419746398926
107.51795768737793,613.5871410369873
111.41300201416016,610.1410388946533
110.66007614135742,607.7921390533447
108.21700096130371,611.9999885559082
106.61482810974121,610.7509136199951
108.73603820800781,605.9679985046387
106.49704933166504,608.8812351226807
111.67788505554199,608.1349849700928
110.35919189453125,610.2609634399414
109.90381240844727,606.9538593292236
112.75911331176758,604.668140411377
109.62104797363281,607.4340343475342
107.81979560852051,606.7788600921631
107.28812217712402,614.6857738494873
114.35794830322266,609.3161106109619
115.16809463500977,610.7177734375
116.26005172729492,606.7450046539307
118.4689998626709,608.5178852081299
112.34092712402344,609.3780994415283
108.37483406066895,608.7429523468018
104.47001457214355,607.2838306427002
104.72321510314941,613.4190559387207
107.87200927734375,605.7629585266113
104.15816307067871,608.269214630127
114.98379707336426,608.7419986724854
123.20613861083984,605.0670146942139
103.70397567749023,606.9459915161133
119.0040111541748,605.8249473571777
106.26721382141113,606.6300868988037
105.3929328918457,606.2030792236328
106.4138412475586,609.2936992645264
106.46510124206543,609.1530323028564
107.67626762390137,610.8238697052002
108.10494422912598,608.0591678619385
109.90309715270996,605.5121421813965
105.1018238067627,610.6009483337402
107.05709457397461,606.605052947998
104.90608215332031,607.5711250305176
106.4300537109375,606.7609786987305
108.30879211425781,606.1379909515381
109.57598686218262,611.9439601898193
106.19211196899414,614.4180297851562
111.5729808807373,612.6630306243896
112.53190040588379,604.4888496398926
107.03682899475098,609.1160774230957
108.67905616760254,613.7919425964355
105.66926002502441,613.4710311889648
106.56619071960449,634.4687938690186
108.37817192077637,619.459867477417
106.781005859375,633.0740451812744
106.7659854888916,623.4269142150879
104.72512245178223,627.7680397033691
105.34119606018066,614.6180629730225
105.42106628417969,610.1970672607422
106.1398983001709,609.8508834838867
105.4389476776123,609.5991134643555
105.93199729919434,610.6970310211182
106.09078407287598,609.4062328338623
107.79595375061035,609.7171306610107
108.31999778747559,611.5100383758545
106.88900947570801,616.5039539337158
105.1781177520752,619.44580078125
105.98015785217285,617.9778575897217
103.9576530456543,622.5879192352295
103.04784774780273,619.7371482849121
105.15522956848145,638.6029720306396
103.98578643798828,606.8367958068848
104.93803024291992,606.4131259918213
105.85498809814453,610.0983619689941
104.03299331665039,606.3730716705322
104.06184196472168,625.9641647338867
108.4139347076416,612.0970249176025
106.2159538269043,640.4697895050049
107.72490501403809,631.3967704772949
105.0882339477539,630.0961971282959
103.85990142822266,607.8510284423828
107.24687576293945,612.1342182159424
108.80184173583984,608.6616516113281
107.47194290161133,607.9020500183105
108.21104049682617,607.5429916381836
108.89697074890137,609.1997623443604
105.09800910949707,621.6921806335449
105.83186149597168,618.577241897583
106.31489753723145,627.6700496673584
106.89187049865723,632.472038269043
104.39610481262207,612.0429039001465
109.28225517272949,629.1210651397705
108.10613632202148,606.8150997161865
110.0461483001709,609.661340713501
105.7579517364502,606.9462299346924
106.89520835876465,609.0080738067627
112.87498474121094,609.4708442687988
112.08796501159668,605.0102710723877
111.5260124206543,608.1662178039551
109.27677154541016,606.0910224914551
113.03305625915527,611.8819713592529
108.61802101135254,607.431173324585
112.99014091491699,612.2071743011475
109.42792892456055,612.5969886779785
107.57613182067871,610.9609603881836
106.92000389099121,612.0760440826416
110.51297187805176,616.2228584289551
107.74803161621094,607.8813076019287
106.61602020263672,610.4938983917236
107.38611221313477,608.806848526001
108.00909996032715,609.440803527832
105.38411140441895,606.7500114440918
104.42709922790527,607.4070930480957
105.93199729919434,607.5961589813232
114.5029067993164,605.6911945343018
115.9369945526123,612.1373176574707
105.22699356079102,610.2571487426758
104.44808006286621,607.9616546630859
110.96787452697754,607.8650951385498
102.30016708374023,607.3908805847168
102.91934013366699,609.957218170166
116.78695678710938,611.8321418762207
117.87104606628418,611.0899448394775
107.6359748840332,611.0601425170898
107.1469783782959,608.4461212158203
113.41214179992676,609.1699600219727
111.36007308959961,609.5700263977051
108.01410675048828,614.0232086181641
108.23488235473633,609.551191329956
105.78417778015137,611.3557815551758
104.83193397521973,608.9060306549072
107.67316818237305,612.4110221862793
104.51412200927734,608.5071563720703
107.61713981628418,605.9398651123047
105.90910911560059,610.4269027709961
105.83996772766113,610.5682849884033
107.7120304107666,611.5319728851318
104.32100296020508,610.98313331604
106.75930976867676,609.4300746917725
107.74421691894531,620.6860542297363
104.66599464416504,611.598014831543
104.3710708618164,607.8677177429199
105.59892654418945,608.8368892669678
107.3770523071289,610.2368831634521
105.27420043945312,608.0741882324219
105.7589054107666,609.2679500579834
107.32197761535645,607.5420379638672
106.93812370300293,618.7388896942139
104.21299934387207,615.790843963623
105.22103309631348,620.452880859375
103.93404960632324,617.7389621734619
106.59384727478027,606.8811416625977
105.4990291595459,612.1931076049805
106.66799545288086,618.0379390716553
107.2390079498291,607.8758239746094
105.90314865112305,608.7839603424072
105.82900047302246,609.2202663421631
108.27898979187012,607.6359748840332
110.6109619140625,607.5372695922852
106.82415962219238,608.8283061981201
106.60123825073242,614.6759986877441
107.32698440551758,614.3651008605957
106.33182525634766,608.4411144256592
105.72385787963867,610.7749938964844
105.41105270385742,609.0748310089111
107.1321964263916,613.0321025848389
105.10492324829102,609.4272136688232
109.12799835205078,616.6660785675049
108.02006721496582,607.2278022766113
111.67001724243164,606.374979019165
108.46900939941406,607.2168350219727
108.40082168579102,608.1850528717041
107.96904563903809,608.5612773895264
107.78331756591797,608.7832450866699
108.19101333618164,608.5729598999023
111.01269721984863,606.3780784606934
108.83498191833496,608.281135559082
107.47694969177246,607.9301834106445
108.09993743896484,609.8511219024658
106.55617713928223,608.752965927124
108.85500907897949,609.6301078796387
105.10516166687012,607.8569889068604
106.56976699829102,606.9481372833252
108.39986801147461,614.0401363372803
121.41728401184082,614.1479015350342
114.87913131713867,612.4389171600342
122.85780906677246,606.9941520690918
114.53700065612793,608.8080406188965
104.8738956451416,609.1439723968506
105.03172874450684,607.1639060974121
104.57015037536621,608.3030700683594
106.48298263549805,612.5357151031494
129.64797019958496,608.0441474914551
123.43311309814453,616.0249710083008
123.11506271362305,613.8520240783691
106.05096817016602,609.1740131378174
129.91619110107422,604.3751239776611
103.68108749389648,608.9088916778564
105.57985305786133,609.9491119384766
104.32910919189453,615.1289939880371
107.93614387512207,610.8121871948242
105.79514503479004,611.2301349639893
105.94892501831055,608.7720394134521
108.1230640411377,608.5050106048584
108.20913314819336,607.2781085968018
106.46390914916992,611.0641956329346
105.27491569519043,620.3389167785645
106.04119300842285,612.5049591064453
106.66990280151367,627.5479793548584
108.29591751098633,610.8479499816895
107.26523399353027,607.2571277618408
111.5870475769043,609.8580360412598
108.28280448913574,610.6112003326416
105.99708557128906,608.9401245117188
106.89926147460938,607.4838638305664
109.5578670501709,613.7099266052246
114.9899959564209,615.6342029571533
118.23797225952148,607.0818901062012
117.49100685119629,606.4188480377197
112.54405975341797,608.4492206573486
117.87104606628418,611.4251613616943
118.21269989013672,607.9809665679932
107.26690292358398,608.2439422607422
106.79101943969727,610.9151840209961
106.84418678283691,612.7092838287354
107.0857048034668,614.4402027130127
110.09907722473145,620.8710670471191
108.1690788269043,626.6698837280273
109.43794250488281,615.9987449645996
106.98318481445312,607.170820236206
107.24997520446777,608.5529327392578
107.4826717376709,611.901044845581
109.6498966217041,617.4747943878174
109.3759536743164,636.052131652832
109.95602607727051,622.8971481323242
113.21711540222168,621.3412284851074
106.38904571533203,630.357027053833
106.63294792175293,623.5971450805664
106.50491714477539,635.1239681243896
108.29901695251465,615.2119636535645
107.31196403503418,618.6749935150146
104.83884811401367,615.4348850250244
106.54497146606445,610.3429794311523
104.51507568359375,609.0190410614014
105.84378242492676,610.5101108551025
106.63485527038574,606.2169075012207
108.0009937286377,605.6509017944336
106.34207725524902,614.699125289917
104.3100357055664,615.6079769134521
106.8568229675293,614.1550540924072
110.04114151000977,616.0569190979004
107.49506950378418,614.6450042724609
107.79213905334473,609.5900535583496
107.51986503601074,611.799955368042
105.31377792358398,609.9820137023926
106.38165473937988,610.9566688537598
105.55005073547363,609.0929508209229
104.84504699707031,609.3659400939941
105.60297966003418,608.1550121307373
107.46121406555176,610.5220317840576
106.13203048706055,608.5669994354248
106.01592063903809,608.5481643676758
106.91189765930176,611.0131740570068
107.21898078918457,608.6399555206299
104.72798347473145,611.1791133880615
106.41884803771973,606.7750453948975
107.64002799987793,607.5823307037354
105.81707954406738,611.3171577453613
105.19719123840332,607.9432964324951
107.16414451599121,608.7460517883301
108.99710655212402,607.1619987487793
106.1549186706543,609.7261905670166
108.58297348022461,613.8741970062256
114.12620544433594,608.1783771514893
110.5189323425293,608.4918975830078
106.0328483581543,617.6350116729736
108.00695419311523,617.7852153778076
107.4368953704834,618.3009147644043
109.32374000549316,615.6041622161865
110.25500297546387,613.8031482696533
108.66308212280273,616.2319183349609
121.36411666870117,608.1027984619141
121.04916572570801,607.4647903442383
109.63988304138184,606.9769859313965
106.30297660827637,610.2209091186523
106.24194145202637,609.3699932098389
107.73086547851562,610.0418567657471
109.23004150390625,609.3738079071045
114.57991600036621,608.9401245117188
115.63324928283691,612.4746799468994
122.87592887878418,613.3449077606201
122.46584892272949,610.9521389007568
119.1110610961914,617.178201675415
104.8579216003418,607.111930847168
105.78393936157227,610.0609302520752
104.80904579162598,605.8571338653564
104.51602935791016,607.6557636260986
107.55181312561035,610.0528240203857
115.00000953674316,611.7191314697266
114.09592628479004,607.0809364318848
106.81891441345215,610.2559566497803
121.07300758361816,608.100175857544
118.87812614440918,609.6081733703613
118.81089210510254,608.3419322967529
117.6450252532959,611.3600730895996
103.03997993469238,606.6799163818359
106.31823539733887,618.2289123535156
120.91803550720215,618.1509494781494
117.66982078552246,609.262228012085
113.75212669372559,616.0929203033447
120.82910537719727,613.2907867431641
104.54297065734863,612.7440929412842
109.26389694213867,612.5741004943848
105.68881034851074,615.638017654419
108.34789276123047,618.056058883667
106.38213157653809,608.2110404968262
107.91897773742676,607.450008392334
109.90285873413086,609.3649864196777
106.91690444946289,617.164134979248
113.00206184387207,608.5159778594971
112.41698265075684,609.2097759246826
107.82217979431152,608.8047027587891
106.64916038513184,608.4959506988525
104.1252613067627,608.7749004364014
106.55021667480469,615.854024887085
106.27198219299316,615.1077747344971
110.24999618530273,608.9768409729004
109.85183715820312,621.1330890655518
103.50394248962402,608.6561679840088
104.61902618408203,612.1821403503418
103.25288772583008,605.7109832763672
106.80890083312988,611.0599040985107
104.08592224121094,609.8589897155762
105.88693618774414,613.4521961212158
104.61163520812988,614.8960590362549
103.55210304260254,626.0950565338135
104.58898544311523,618.5061931610107
106.10413551330566,610.6429100036621
105.36313056945801,609.5709800720215
103.16300392150879,604.5708656311035
106.40382766723633,610.2809906005859
105.47184944152832,610.1899147033691
105.89885711669922,615.5400276184082
105.79681396484375,606.0049533843994
109.07387733459473,608.4918975830078
109.79008674621582,617.7399158477783
105.79109191894531,616.6670322418213
107.69414901733398,610.0051403045654
107.12909698486328,614.3889427185059
106.88304901123047,604.7191619873047
106.27293586730957,611.5880012512207
107.21516609191895,617.7399158477783
104.35795783996582,616.8348789215088
110.55684089660645,613.7790679931641
111.55581474304199,605.5717468261719
106.66584968566895,607.9311370849609
105.67593574523926,607.4628829956055
106.26792907714844,611.6471290588379
105.70120811462402,613.5048866271973
108.59870910644531,609.6670627593994
110.23497581481934,612.8702163696289
109.44080352783203,615.1270866394043
112.60700225830078,619.8010444641113
110.07094383239746,606.4860820770264
111.40727996826172,607.6390743255615
116.34421348571777,610.1768016815186
109.26413536071777,607.8619956970215
107.68890380859375,611.7188930511475
109.62200164794922,606.0988903045654
112.94722557067871,607.7277660369873
109.12466049194336,609.6019744873047
113.73114585876465,615.772008895874
110.58521270751953,610.0060939788818
105.03983497619629,606.8470478057861
104.95686531066895,607.6490879058838
107.33389854431152,607.9239845275879
107.97309875488281,616.4870262145996
109.59529876708984,606.6908836364746
108.12711715698242,607.11669921875
108.04891586303711,608.2658767700195
105.87072372436523,612.2088432312012
109.5590591430664,609.1399192810059
110.3200912475586,610.7940673828125
110.88776588439941,612.2350692749023
110.35323143005371,610.5480194091797
111.8011474609375,606.9760322570801
106.82797431945801,605.9980392456055
106.9648265838623,607.6278686523438
109.19785499572754,606.2819957733154
110.20493507385254,610.7840538024902
107.27405548095703,608.5498332977295
109.09700393676758,607.7570915222168
109.24220085144043,612.7381324768066
107.05304145812988,612.0882034301758
106.25672340393066,611.5829944610596
112.66207695007324,606.1019897460938
106.94408416748047,608.6111068725586
105.9410572052002,609.5547676086426
108.6418628692627,606.8427562713623
108.5062026977539,610.2070808410645
108.66618156433105,607.2897911071777
110.15486717224121,609.0502738952637
110.02492904663086,609.921932220459
105.53717613220215,607.4469089508057
107.46121406555176,607.7070236206055
107.77592658996582,609.2979907989502
108.34383964538574,607.537031173706
106.32801055908203,609.0490818023682
103.91592979431152,607.825756072998
105.79895973205566,608.7019443511963
104.20799255371094,625.2429485321045
105.81707954406738,620.5198764801025
107.1629524230957,621.3083267211914
104.67100143432617,607.001781463623
104.89583015441895,606.0340404510498
104.03871536254883,608.2241535186768
103.59001159667969,612.6039028167725
104.19011116027832,608.7188720703125
105.5288314819336,606.5118312835693
104.35223579406738,615.6911849975586
105.65710067749023,608.0141067504883
105.92508316040039,607.8879833221436
104.47311401367188,608.0582141876221
108.45375061035156,611.422061920166
105.49092292785645,610.8498573303223
107.1329116821289,607.943058013916
106.9788932800293,610.2492809295654
106.73022270202637,604.9070358276367
105.83806037902832,612.9951477050781
107.34295845031738,613.4259700775146
105.48806190490723,613.3291721343994
106.1549186706543,615.2677536010742
106.75907135009766,607.3043346405029
111.7408275604248,610.1372241973877
106.50300979614258,610.3479862213135
105.17287254333496,609.0059280395508
105.47304153442383,608.1571578979492
108.19602012634277,609.8332405090332
106.27889633178711,610.8181476593018
107.90801048278809,608.2220077514648
108.09588432312012,607.172966003418
110.09502410888672,608.2549095153809
105.31783103942871,607.4719429016113
107.65910148620605,608.2799434661865
106.09889030456543,606.719970703125
106.32014274597168,606.2180995941162
106.57596588134766,610.8770370483398
107.72490501403809,610.5811595916748
108.19721221923828,606.8480014801025
109.58695411682129,607.5246334075928
105.74531555175781,608.5448265075684
107.78498649597168,606.1630249023438
105.44800758361816,605.7479381561279
105.76319694519043,609.9610328674316
107.3150634765625,608.896017074585
107.30981826782227,610.9030246734619
110.6569766998291,606.0941219329834
107.22994804382324,612.9801273345947
107.48291015625,607.82790184021
105.34906387329102,610.2702617645264
109.12370681762695,608.273983001709
108.94298553466797,609.2488765716553
106.29415512084961,604.5901775360107
105.32712936401367,607.8181266784668
105.73816299438477,608.0403327941895
105.17597198486328,610.1040840148926
107.54704475402832,605.3531169891357
112.92695999145508,606.3899993896484
104.8438549041748,603.8157939910889
104.32720184326172,606.809139251709
110.27312278747559,609.6417903900146
109.67016220092773,611.1841201782227
114.16316032409668,610.4180812835693
104.08186912536621,604.827880859375
117.61116981506348,610.7871532440186
106.20594024658203,608.7191104888916
106.28890991210938,607.7830791473389
108.8259220123291,607.5520515441895
110.48126220703125,610.8958721160889
111.78064346313477,610.1551055908203
104.33077812194824,611.6480827331543
104.1879653930664,611.8857860565186
106.53281211853027,614.6948337554932
106.44078254699707,608.4320545196533
127.23898887634277,606.8997383117676
133.70394706726074,606.6441535949707
127.18892097473145,617.412805557251
108.2150936126709,618.4067726135254
129.64916229248047,611.1180782318115
129.02307510375977,612.3740673065186
112.10179328918457,611.8862628936768
104.29883003234863,633.7990760803223
107.65314102172852,622.042179107666
108.37817192077637,625.403881072998
104.99978065490723,634.2349052429199
104.62498664855957,622.8680610656738
107.64789581298828,607.6149940490723
107.40089416503906,610.67795753479
109.05098915100098,608.9272499084473
105.92198371887207,611.440896987915
109.1151237487793,608.3216667175293
108.97207260131836,623.2566833496094
106.61602020263672,622.6129531860352
106.17303848266602,609.1508865356445
109.93123054504395,610.5141639709473
109.6346378326416,608.6819171905518
105.70001602172852,607.0151329040527
106.92214965820312,611.0718250274658
104.51507568359375,606.691837310791
105.41319847106934,615.3159141540527
104.63285446166992,614.7520542144775
112.92004585266113,618.0598735809326
103.81388664245605,609.0738773345947
111.23204231262207,610.4109287261963
121.98281288146973,632.9050064086914
105.61203956604004,631.2577724456787
104.2931079864502,606.05788230896
105.12804985046387,635.4076862335205
111.63783073425293,611.0801696777344
111.07182502746582,632.4729919433594
109.41004753112793,629.9030780792236
106.54783248901367,628.3688545227051
111.13286018371582,617.7971363067627
109.68017578125,621.2961673736572
107.09500312805176,619.0032958984375
106.04691505432129,619.7299957275391
106.97507858276367,607.4268817901611
106.80413246154785,606.3759326934814
104.35891151428223,610.7230186462402
108.05201530456543,607.2988510131836
104.76088523864746,618.6580657958984
105.04770278930664,607.4540615081787
105.37314414978027,615.8218383789062
102.55002975463867,607.2549819946289
105.47709465026855,610.9828948974609
105.32474517822266,615.0341033935547
105.82685470581055,613.785982131958
104.95615005493164,607.5599193572998
106.03094100952148,611.778736114502
102.85711288452148,615.3068542480469
103.21688652038574,613.6031150817871
109.36093330383301,604.8860549926758
111.03510856628418,607.6939105987549
109.1318130493164,608.8850498199463
105.14163970947266,613.1999492645264
104.01105880737305,605.877161026001
106.52995109558105,605.010986328125
106.10008239746094,607.5820922851562
108.18266868591309,610.3951930999756
105.76820373535156,622.5028038024902
106.37903213500977,614.0978336334229
107.59115219116211,606.4229011535645
107.12504386901855,606.3780784606934
105.11016845703125,609.9209785461426
107.48505592346191,611.6771697998047
106.46605491638184,609.3449592590332
106.54187202453613,607.0759296417236
109.09175872802734,611.2210750579834
106.84680938720703,609.0190410614014
108.96587371826172,608.5188388824463
109.48801040649414,607.7651977539062
107.74016380310059,605.3252220153809
108.20984840393066,607.3369979858398
106.60791397094727,607.6340675354004
104.53414916992188,611.8979454040527
104.74395751953125,609.7230911254883
107.1310043334961,610.7871532440186
109.13681983947754,606.5869331359863
105.77702522277832,605.6182384490967
107.59401321411133,606.1840057373047
108.58392715454102,607.6450347900391
106.84800148010254,607.4938774108887
107.56206512451172,605.5998802185059
109.09366607666016,608.4349155426025
110.37206649780273,610.4660034179688
107.57994651794434,607.0690155029297
105.91292381286621,607.5267791748047
105.4990291595459,608.057975769043
104.66790199279785,608.1929206848145
108.83402824401855,611.7429733276367
108.1089973449707,606.3821315765381
110.51583290100098,606.4121723175049
107.47098922729492,605.2517890930176
106.72402381896973,610.3441715240479
109.58003997802734,607.2661876678467
106.6281795501709,609.3471050262451
109.96508598327637,607.9740524291992
111.02914810180664,608.4480285644531
108.64901542663574,610.1260185241699
106.9340705871582,605.3450107574463
116.26696586608887,605.7069301605225
109.44104194641113,606.173038482666
109.21001434326172,611.5908622741699
107.57303237915039,610.1477146148682
105.72218894958496,613.0208969116211
104.49790954589844,608.7198257446289
107.7260971069336,609.4348430633545
112.55693435668945,610.684871673584
104.63500022888184,606.1229705810547
105.04579544067383,607.9459190368652
115.43703079223633,606.2500476837158
112.48993873596191,607.3479652404785
104.77375984191895,610.9390258789062
106.8122386932373,608.7398529052734
105.36599159240723,607.4628829956055
113.54589462280273,606.0621738433838
105.2238941192627,617.3210144042969
103.69396209716797,607.3682308197021
103.72304916381836,607.1979999542236
104.98619079589844,609.0729236602783
105.48806190490723,608.4082126617432
105.50808906555176,616.4729595184326
104.67720031738281,607.9609394073486
106.41002655029297,608.9470386505127
106.6579818725586,611.6800308227539
103.86204719543457,606.8480014801025
108.28065872192383,606.6129207611084
104.49004173278809,606.8930625915527
104.6750545501709,612.4420166015625
107.77997970581055,608.4287166595459
104.60996627807617,609.6968650817871
106.76717758178711,618.3168888092041
106.9798469543457,615.196943283081
105.8650016784668,609.198808670044
107.07402229309082,607.6748371124268
107.16795921325684,609.3261241912842
108.30903053283691,607.8338623046875
108.28614234924316,609.1620922088623
108.00933837890625,613.7490272521973
105.43298721313477,615.9498691558838
107.60903358459473,615.8831119537354
104.42900657653809,612.4379634857178
109.13372039794922,612.982988357544
109.29393768310547,607.3148250579834
107.8341007232666,607.6381206512451
104.94470596313477,606.5940856933594
107.04898834228516,606.4178943634033
107.02705383300781,609.1411113739014
108.76011848449707,604.7952175140381
108.00004005432129,609.7321510314941
107.21802711486816,611.3290786743164
104.98881340026855,607.2649955749512
107.01704025268555,607.5081825256348
106.13799095153809,604.804277420044
107.20682144165039,608.4797382354736
112.1220588684082,608.957052230835
108.74509811401367,606.1677932739258
105.54194450378418,607.6481342315674
108.66689682006836,611.7641925811768
110.2757453918457,605.2987575531006
108.80303382873535,607.1648597717285
104.60710525512695,608.522891998291
112.70785331726074,609.6677780151367
106.6591739654541,608.311653137207
104.41088676452637,611.0877990722656
106.8878173828125,607.6498031616211
110.13484001159668,609.1580390930176
109.15398597717285,610.8388900756836
106.37497901916504,605.4670810699463
105.33618927001953,612.0309829711914
105.39388656616211,611.6881370544434
108.31904411315918,609.9462509155273
105.92317581176758,612.8129959106445
104.31814193725586,610.4269027709961
109.67421531677246,608.2801818847656
109.42292213439941,615.001916885376
105.10420799255371,606.1592102050781
105.11493682861328,608.2987785339355
107.86700248718262,608.206033706665
105.41582107543945,606.5669059753418
106.6896915435791,608.0358028411865
108.9479923248291,609.5499992370605
110.87918281555176,611.9811534881592
106.87780380249023,612.6751899719238
107.17010498046875,606.5540313720703
109.75384712219238,608.8089942932129
110.15892028808594,616.4560317993164
106.22811317443848,614.8450374603271
106.60004615783691,614.232063293457
108.45589637756348,608.4768772125244
108.00290107727051,609.1349124908447
109.64298248291016,620.8930015563965
109.7111701965332,619.6439266204834
105.75985908508301,605.0372123718262
112.92815208435059,606.7283153533936
108.37769508361816,608.0999374389648
106.54520988464355,608.762264251709
106.86302185058594,611.9019985198975
105.41200637817383,607.7671051025391
115.84806442260742,608.2653999328613
113.04497718811035,607.9611778259277
106.33206367492676,606.5542697906494
105.45587539672852,606.9011688232422
117.16294288635254,606.2531471252441
107.79285430908203,609.1938018798828
107.88893699645996,620.6648349761963
103.78170013427734,620.2182769775391
107.48481750488281,612.7538681030273
105.6051254272461,609.1811656951904
110.22377014160156,609.9410057067871
106.49919509887695,611.9959354400635
103.62982749938965,606.8551540374756
107.4070930480957,608.3698272705078
106.31489753723145,609.9340915679932
103.96885871887207,605.7920455932617
102.96487808227539,607.4559688568115
103.84202003479004,606.1968803405762
106.76074028015137,605.241060256958
105.0112247467041,617.2389984130859
106.55879974365234,616.4138317108154
103.62124443054199,607.0008277893066
102.50401496887207,607.0582866668701
104.69603538513184,607.6598167419434
102.62298583984375,607.201099395752
104.58970069885254,607.3319911956787
104.61020469665527,614.4001483917236
104.67982292175293,606.3308715820312
103.51800918579102,606.4810752868652
104.0189266204834,608.361005783081
104.26616668701172,611.3030910491943
103.36685180664062,607.9490184783936
104.54702377319336,608.2570552825928
105.22794723510742,607.1653366088867
103.43384742736816,608.7660789489746
105.97610473632812,608.2479953765869
103.37090492248535,608.5529327392578
105.49402236938477,608.0958843231201
104.16889190673828,606.0020923614502
102.33592987060547,608.7949275970459
104.74514961242676,608.3991527557373
105.09896278381348,610.2378368377686
103.93619537353516,609.8151206970215
105.36909103393555,609.1597080230713
107.85388946533203,608.8988780975342
104.09021377563477,608.7143421173096
107.47909545898438,607.2204113006592
109.16399955749512,607.471227645874
105.46088218688965,606.9021224975586
108.51716995239258,604.6919822692871
108.27398300170898,604.658842086792
109.19475555419922,610.7301712036133
106.49919509887695,607.1600914001465
108.53695869445801,607.9010963439941
105.88383674621582,607.9490184783936
108.68310928344727,609.7888946533203
108.0012321472168,611.6790771484375
106.77623748779297,605.8378219604492
108.92486572265625,608.2723140716553
106.16183280944824,607.2192192077637
104.97093200683594,607.0692539215088
106.84895515441895,607.3112487792969
106.6749095916748,608.9410781860352
110.92209815979004,609.4987392425537
105.5450439453125,608.4139347076416
107.32412338256836,609.7779273986816
107.72919654846191,608.0119609832764
105.98397254943848,607.7108383178711
108.5813045501709,609.015941619873
113.1589412689209,609.0199947357178
107.31315612792969,609.0450286865234
110.11266708374023,610.2991104125977
104.7980785369873,607.9239845275879
108.97994041442871,606.072187423706
108.6568832397461,609.4019412994385
109.41386222839355,607.9287528991699
108.13784599304199,607.1338653564453
106.71830177307129,606.5959930419922
106.00900650024414,610.8582019805908
106.26578330993652,608.1209182739258
108.62493515014648,608.3829402923584
105.0267219543457,605.5490970611572
105.69500923156738,612.8530502319336
106.95815086364746,607.4318885803223
108.89697074890137,609.4510555267334
107.1479320526123,609.0917587280273
107.54704475402832,612.6680374145508
103.77788543701172,604.8908233642578
107.19633102416992,608.3929538726807
105.82280158996582,608.2150936126709
108.08014869689941,609.8029613494873
105.44323921203613,608.6971759796143
106.4748764038086,611.8378639221191
106.86206817626953,607.2630882263184
107.05375671386719,607.2452068328857
106.36615753173828,606.8379878997803
104.0349006652832,608.6599826812744
103.62005233764648,607.9609394073486
104.89320755004883,607.7032089233398
104.47120666503906,607.6011657714844
102.27823257446289,607.7499389648438
104.16579246520996,609.6670627593994
104.1707992553711,609.6899509429932
103.79409790039062,607.4419021606445
102.54526138305664,612.0970249176025
102.90193557739258,608.3757877349854
101.8521785736084,608.9701652526855
103.88398170471191,606.4538955688477
102.80227661132812,606.611967086792
102.45418548583984,608.1922054290771
102.34999656677246,607.1898937225342
102.37789154052734,605.118989944458
102.26678848266602,607.9888343811035
103.00326347351074,604.9699783325195
105.48591613769531,609.1668605804443
105.24177551269531,607.6920032501221
103.84678840637207,604.8362255096436
104.9661636352539,608.4921360015869
104.31194305419922,609.1098785400391
104.60495948791504,606.7662239074707
103.53207588195801,607.5119972229004
104.93803024291992,610.4910373687744
105.25798797607422,605.1042079925537
107.0702075958252,604.9966812133789
106.37998580932617,607.0168018341064
108.06012153625488,610.3818416595459
107.87105560302734,605.9920787811279
109.58480834960938,617.5379753112793
108.97397994995117,611.4590167999268
107.70678520202637,607.6228618621826
106.42409324645996,616.6729927062988
108.45398902893066,611.9508743286133
110.31222343444824,606.7609786987305
108.97994041442871,617.1770095825195
109.76099967956543,609.4357967376709
107.89680480957031,608.2899570465088
106.79101943969727,607.5339317321777
108.13283920288086,608.8240146636963
107.86890983581543,608.5629463195801
105.8356761932373,610.576868057251
106.19282722473145,607.4481010437012
105.29589653015137,608.3159446716309
112.31517791748047,611.6528511047363
106.0340404510498,607.9428195953369
124.71508979797363,611.785888671875
120.54610252380371,615.703821182251
112.54501342773438,623.8410472869873
108.35385322570801,610.496997833252
105.89194297790527,610.1517677307129
109.64488983154297,607.6219081878662
107.26523399353027,609.7190380096436
106.84514045715332,613.602876663208
110.7478141784668,612.3268604278564
109.33494567871094,612.2570037841797
107.19799995422363,608.3569526672363
106.5359115600586,609.0891361236572
109.85612869262695,605.5889129638672
107.31697082519531,612.7738952636719
106.51493072509766,611.9201183319092
106.781005859375,609.2479228973389
109.19690132141113,612.6818656921387
106.4298152923584,608.8099479675293
108.57319831848145,609.0559959411621
109.83085632324219,613.6469841003418
109.64393615722656,617.3229217529297
109.05194282531738,614.260196685791
106.76407814025879,611.9632720947266
110.33415794372559,611.4261150360107
105.2701473236084,609.4539165496826
106.38117790222168,620.7060813903809
111.62805557250977,619.9381351470947
107.32698440551758,611.9370460510254
110.12387275695801,606.9886684417725
104.35199737548828,611.5789413452148
104.4929027557373,611.6719245910645
109.70592498779297,608.4878444671631
108.54411125183105,613.0247116088867
103.81102561950684,608.8838577270508
106.13298416137695,610.0058555603027
108.16478729248047,608.9890003204346
108.03985595703125,626.0049343109131
105.00907897949219,621.6428279876709
111.22393608093262,611.7031574249268
105.60894012451172,607.2890758514404
116.10293388366699,608.483076095581
106.42671585083008,611.940860748291
109.97486114501953,614.8960590362549
120.19991874694824,610.6240749359131
116.73593521118164,607.9132556915283
106.6431999206543,610.4750633239746
104.9799919128418,610.9499931335449
105.43608665466309,611.4931106567383
103.92189025878906,608.7069511413574
108.51812362670898,621.0277080535889
105.95893859863281,614.8898601531982
106.1391830444336,608.8318824768066
105.40008544921875,609.3811988830566
106.57405853271484,610.4772090911865
105.51309585571289,607.5839996337891
106.79888725280762,623.1131553649902
103.98387908935547,606.4138412475586
105.71432113647461,606.3599586486816
125.44488906860352,607.9559326171875
128.25894355773926,607.7878475189209
104.82621192932129,611.9699478149414
106.06598854064941,606.4968109130859
104.13718223571777,617.2380447387695
104.58683967590332,618.0846691131592
106.60290718078613,621.0267543792725
105.06987571716309,615.7822608947754
103.35493087768555,608.015775680542
104.54010963439941,609.4667911529541
107.76495933532715,606.4901351928711
106.8260669708252,608.4840297698975
106.5218448638916,611.3872528076172
105.65304756164551,607.6240539550781
110.69607734680176,607.5468063354492
108.34598541259766,606.752872467041
105.75366020202637,606.3849925994873
104.67410087585449,608.2780361175537
107.38396644592285,606.6551208496094
109.00473594665527,606.8880558013916
109.91692543029785,606.6939830780029
104.45713996887207,606.1351299285889
108.17718505859375,605.5951118469238
105.23176193237305,605.9892177581787
107.78617858886719,606.7147254943848
104.59303855895996,608.2558631896973
106.24265670776367,610.9671592712402
106.28819465637207,609.9908351898193
106.75621032714844,606.497049331665
106.72211647033691,606.7478656768799
104.76970672607422,606.6889762878418
106.00900650024414,607.1999073028564
105.68785667419434,609.8170280456543
104.22492027282715,617.584228515625
106.76693916320801,611.7870807647705
106.56619071960449,609.2119216918945
105.98397254943848,609.0528964996338
103.77097129821777,608.079195022583
103.83892059326172,608.6430549621582
102.12016105651855,613.6069297790527
107.54108428955078,608.1271171569824
105.4542064666748,607.9540252685547
105.27515411376953,609.8599433898926
103.78408432006836,607.2981357574463
105.82900047302246,606.4839363098145
101.54414176940918,607.1531772613525
105.53693771362305,611.02294921875
106.88996315002441,609.2941761016846
105.55315017700195,611.3972663879395
104.65216636657715,609.6010208129883
103.13582420349121,605.4847240447998
103.96504402160645,605.2858829498291
105.57985305786133,607.5491905212402
105.39007186889648,606.8809032440186
105.06272315979004,604.9437522888184
104.0959358215332,610.3806495666504
106.01663589477539,619.0948486328125
107.70392417907715,618.8020706176758
110.14008522033691,605.6251525878906
105.51905632019043,605.8881282806396
105.6051254272461,606.7581176757812
107.09810256958008,607.6128482818604
110.31198501586914,608.3078384399414
104.75897789001465,616.0628795623779
104.96306419372559,607.6431274414062
105.15093803405762,611.6359233856201
107.00511932373047,606.5769195556641
106.86898231506348,605.4337024688721
107.84482955932617,613.2230758666992
108.8252067565918,606.0020923614502
108.32405090332031,607.0249080657959
105.24606704711914,609.4660758972168
104.09235954284668,609.429121017456
106.12201690673828,613.5187149047852
106.94599151611328,609.3201637268066
105.64088821411133,609.1668605804443
106.10795021057129,607.5530052185059
105.48520088195801,610.2089881896973
111.64283752441406,603.8689613342285
107.38205909729004,605.5588722229004
106.70185089111328,607.7911853790283
104.05921936035156,607.9139709472656
104.7360897064209,606.8451404571533
105.92985153198242,607.9120635986328
104.34794425964355,607.1627140045166
105.86690902709961,610.6879711151123
109.6031665802002,613.0352020263672
107.28216171264648,610.1658344268799
105.5452823638916,608.9608669281006
102.7679443359375,606.8949699401855
104.15792465209961,610.5608940124512
106.17876052856445,606.6696643829346
102.59008407592773,607.3098182678223
106.33206367492676,610.8989715576172
104.2490005493164,611.0851764678955
105.63302040100098,608.2730293273926
105.60488700866699,606.1177253723145
105.66091537475586,610.213041305542
103.72185707092285,609.9097728729248
104.23922538757324,608.5281372070312
105.85308074951172,609.0631484985352
105.8650016784668,608.2632541656494
103.33895683288574,607.5971126556396
106.74905776977539,605.2231788635254
107.84411430358887,607.2888374328613
111.1447811126709,606.8480014801025
106.31179809570312,610.8150482177734
106.51206970214844,606.8732738494873
108.05320739746094,608.5798740386963
106.43601417541504,608.6020469665527
105.94820976257324,609.1949939727783
107.37919807434082,608.0820560455322
107.95712471008301,608.3352565765381
106.85300827026367,608.8700294494629
105.59296607971191,612.7290725708008
106.1711311340332,607.475996017456
110.35394668579102,607.6679229736328
107.02896118164062,609.3692779541016
106.22787475585938,606.5511703491211
106.82392120361328,608.0188751220703
107.10597038269043,605.708122253418
106.19807243347168,607.882022857666
106.66084289550781,605.9281826019287
108.21723937988281,609.3089580535889
108.36410522460938,611.9289398193359
107.5887680053711,614.4449710845947
107.81168937683105,613.1739616394043
106.9798469543457,613.3840084075928
107.50365257263184,611.9649410247803
107.06210136413574,607.1610450744629
107.2540283203125,607.280969619751
107.66983032226562,607.8448295593262
109.26294326782227,609.180212020874
107.3160171508789,611.12380027771
106.9650650024414,611.2518310546875
111.80281639099121,612.4160289764404
104.90012168884277,607.2399616241455
110.55898666381836,607.8088283538818
106.90903663635254,611.8452548980713
107.3448657989502,614.1078472137451
107.88679122924805,604.9458980560303
105.37004470825195,606.3909530639648
105.6070327758789,611.0131740570068
106.1859130859375,616.5809631347656
128.6168098449707,610.4121208190918
122.27296829223633,611.5789413452148
129.00710105895996,609.8470687866211
104.51507568359375,608.1259250640869
105.99493980407715,612.2591495513916
103.36589813232422,610.0940704345703
109.76886749267578,614.1078472137451
107.00273513793945,613.6379241943359
114.51005935668945,604.8898696899414
106.61482810974121,606.6923141479492
107.97309875488281,611.0520362854004
104.94208335876465,605.186939239502
109.05909538269043,609.0781688690186
107.85913467407227,613.9171123504639
102.36501693725586,615.1843070983887
104.47120666503906,608.2620620727539
104.48384284973145,612.0548248291016
105.78465461730957,610.6371879577637
105.1950454711914,611.0680103302002
102.6451587677002,616.3976192474365
104.79617118835449,618.6599731445312
104.82406616210938,609.7979545593262
102.78606414794922,607.2659492492676
103.92117500305176,607.496976852417
104.91085052490234,608.1039905548096
107.00583457946777,610.7571125030518
104.18105125427246,608.2539558410645
104.65002059936523,614.46213722229
104.58111763000488,613.8441562652588
105.41009902954102,607.5389385223389
105.03888130187988,610.9230518341064
105.55505752563477,609.6646785736084
106.64176940917969,613.070011138916
105.712890625,609.0378761291504
108.23202133178711,608.0739498138428
104.26974296569824,606.2991619110107
105.34310340881348,603.0912399291992
105.88216781616211,607.7430248260498
105.0422191619873,604.9208641052246
104.3391227722168,608.527660369873
106.84728622436523,610.6948852539062
106.37497901916504,611.0749244689941
107.60307312011719,612.7560138702393
109.74001884460449,612.5078201293945
115.04602432250977,608.8848114013672
107.0241928100586,608.4258556365967
104.87008094787598,611.4859580993652
106.32085800170898,607.7909469604492
105.20505905151367,606.8780422210693
105.11589050292969,607.5577735900879
122.36285209655762,608.0090999603271
121.17981910705566,607.4271202087402
108.83092880249023,607.9509258270264
105.47089576721191,606.4419746398926
104.17008399963379,606.0791015625
106.3079833984375,609.7002029418945
104.5529842376709,605.4749488830566
107.06925392150879,608.6831092834473
104.60734367370605,609.1530323028564
109.24911499023438,609.2739105224609
114.00079727172852,606.3117980957031
104.78782653808594,613.2380962371826
104.42686080932617,609.2798709869385
107.94806480407715,608.3168983459473
115.95296859741211,607.119083404541
110.5198860168457,607.5129508972168
114.77398872375488,606.8332195281982
112.37788200378418,605.992317199707
112.29586601257324,605.475902557373
101.93610191345215,607.1352958679199
104.56514358520508,605.1149368286133
114.49003219604492,610.6758117675781
111.19794845581055,606.1089038848877
105.70120811462402,607.2101593017578
104.75802421569824,605.7350635528564
106.30607604980469,606.7488193511963
103.1947135925293,612.6551628112793
103.84202003479004,608.5398197174072
105.23080825805664,608.3929538726807
105.13591766357422,607.9370975494385
105.20482063293457,613.9068603515625
104.32934761047363,614.8831844329834
103.2569408416748,612.9660606384277
103.02019119262695,614.983081817627
104.13599014282227,605.8249473571777
104.50482368469238,606.381893157959
105.69119453430176,608.2329750061035
103.51300239562988,609.6289157867432
104.69794273376465,607.8870296478271
104.57181930541992,610.6092929840088
114.54510688781738,607.5592041015625
114.30501937866211,606.5218448638916
105.82089424133301,611.6280555725098
105.84497451782227,608.7832450866699
111.0990047454834,607.3606014251709
105.46112060546875,608.1480979919434
104.89106178283691,623.5980987548828
111.14215850830078,617.5479888916016
108.29806327819824,617.6919937133789
106.35876655578613,615.5610084533691
108.51097106933594,622.0149993896484
106.29081726074219,615.0162220001221
106.51183128356934,623.2578754425049
106.30083084106445,609.3769073486328
106.7352294921875,607.8760623931885
111.71698570251465,610.4130744934082
107.00798034667969,610.1541519165039
110.54110527038574,609.9362373352051
113.34395408630371,610.0871562957764
110.99910736083984,616.2433624267578
107.85627365112305,607.1231365203857
108.37984085083008,608.0939769744873
105.55911064147949,607.2828769683838
122.6811408996582,612.3378276824951
123.55518341064453,609.442949295044
112.35713958740234,614.3062114715576
104.4919490814209,613.3828163146973
115.91219902038574,619.0519332885742
113.40904235839844,605.064868927002
120.23401260375977,608.1559658050537
107.26213455200195,609.0047359466553
123.77810478210449,609.3528270721436
107.46598243713379,615.3297424316406
108.29520225524902,625.1888275146484
109.66682434082031,610.3451251983643
111.62805557250977,609.2941761016846
112.7018928527832,606.8689823150635
105.4530143737793,609.2932224273682
106.42266273498535,611.7346286773682
105.71074485778809,610.9440326690674
107.75279998779297,606.6861152648926
107.15603828430176,605.7076454162598
107.25021362304688,605.7548522949219
105.14116287231445,614.0518188476562
108.92224311828613,607.2587966918945
109.16376113891602,606.9128513336182
108.90007019042969,608.0172061920166
106.24408721923828,612.3781204223633
106.04286193847656,612.4579906463623
111.25898361206055,606.3497066497803
111.39583587646484,607.7260971069336
112.0309829711914,607.6669692993164
107.13386535644531,610.3208065032959
107.64813423156738,622.6761341094971
109.14111137390137,625.9160041809082
106.53328895568848,616.4178848266602
105.42583465576172,610.1400852203369
106.8720817565918,609.2708110809326
115.59295654296875,606.6031455993652
106.28390312194824,605.3838729858398
104.80999946594238,608.4499359130859
106.60505294799805,607.7089309692383
106.02807998657227,608.8800430297852
114.60399627685547,608.8929176330566
124.79782104492188,609.1740131378174
103.97005081176758,609.356164932251
118.64018440246582,616.76025390625
112.52713203430176,619.7240352630615
107.32197761535645,622.3042011260986
107.76805877685547,626.9731521606445
104.37703132629395,609.5778942108154
102.95557975769043,607.8221797943115
107.53297805786133,612.9610538482666
110.48507690429688,610.9240055084229
109.2228889465332,620.0990676879883
112.03193664550781,618.0400848388672
106.81891441345215,620.7020282745361
106.65392875671387,618.5703277587891
104.36296463012695,606.2719821929932
104.83407974243164,609.4870567321777
105.44919967651367,609.0703010559082
105.63302040100098,610.9046936035156
104.80380058288574,607.1150302886963
103.53302955627441,609.9469661712646
105.75485229492188,612.8721237182617
103.37114334106445,615.490198135376
104.54893112182617,609.4851493835449
106.00924491882324,605.9770584106445
106.51588439941406,628.3657550811768
104.5389175415039,605.9846878051758
103.54018211364746,612.4241352081299
102.63299942016602,620.9380626678467
103.68776321411133,606.3590049743652
105.3628921508789,607.2571277618408
104.06184196472168,611.4280223846436
104.09021377563477,612.9207611083984
104.16698455810547,613.4860515594482
103.84774208068848,618.3569431304932
106.5218448638916,611.4339828491211
105.9262752532959,618.3669567108154
103.51681709289551,608.2348823547363
103.22308540344238,609.778881072998
103.94501686096191,612.267017364502
104.25901412963867,609.4100475311279
105.07011413574219,610.3878021240234
104.17008399963379,640.861988067627
106.28414154052734,633.5270404815674
105.9110164642334,654.9162864685059
104.89225387573242,608.7357997894287
105.45206069946289,611.5097999572754
119.45390701293945,608.0467700958252
133.3777904510498,611.0889911651611
110.69798469543457,603.6849021911621
131.87193870544434,604.6111583709717
129.60314750671387,619.9181079864502
139.58501815795898,611.6170883178711
151.1859893798828,612.9920482635498
104.66933250427246,608.1621646881104
108.34002494812012,608.9680194854736
113.86799812316895,605.4730415344238
107.46598243713379,609.1718673706055
112.6704216003418,612.8556728363037
106.46772384643555,610.5339527130127
107.67507553100586,624.3209838867188
110.80098152160645,610.0978851318359
104.54893112182617,608.0646514892578
104.95781898498535,604.9978733062744
105.28159141540527,609.7688674926758
113.77573013305664,612.9438877105713
108.8409423828125,614.771842956543
107.89871215820312,637.3367309570312
110.96501350402832,610.4691028594971
107.90395736694336,613.5270595550537
112.11919784545898,615.4038906097412
113.30890655517578,608.1869602203369
106.05192184448242,606.2459945678711
105.51595687866211,611.0279560089111
106.99582099914551,609.5411777496338
107.39874839782715,607.5010299682617
107.66720771789551,638.300895690918
108.85000228881836,609.119176864624
106.79197311401367,615.8032417297363
111.13882064819336,615.441083908081
124.97091293334961,607.8207492828369
110.3360652923584,611.0339164733887
105.49688339233398,606.5819263458252
108.0787181854248,646.3329792022705
106.44888877868652,650.2630710601807
108.39509963989258,610.5127334594727
125.25296211242676,607.2368621826172
124.48406219482422,607.3300838470459
124.07422065734863,606.6620349884033
116.22285842895508,607.1522235870361
104.51078414916992,612.1292114257812
105.6060791015625,619.9071407318115
106.48870468139648,606.1422824859619
122.56503105163574,605.4978370666504
104.48980331420898,609.6830368041992
105.71622848510742,611.1197471618652
108.44111442565918,612.0340824127197
107.55515098571777,607.4790954589844
107.1929931640625,614.495038986206
104.32004928588867,615.2257919311523
109.0550422668457,617.974042892456
105.86094856262207,619.5430755615234
108.99782180786133,604.7930717468262
107.38921165466309,611.1869812011719
109.74502563476562,607.1422100067139
114.11094665527344,612.4448776245117
106.50968551635742,611.1297607421875
108.25395584106445,609.7509860992432
108.21390151977539,608.9468002319336
106.31895065307617,606.2319278717041
119.0190315246582,609.9860668182373
119.26007270812988,606.7941188812256
108.12211036682129,606.7330837249756
106.83083534240723,609.2569828033447
107.17177391052246,607.3219776153564
107.7570915222168,609.860897064209
108.25586318969727,608.0172061920166
104.52795028686523,607.1920394897461
106.77790641784668,609.8029613494873
105.87811470031738,612.0171546936035
104.51602935791016,606.9118976593018
104.17985916137695,610.4240417480469
106.50229454040527,607.421875
106.16111755371094,608.5610389709473
107.90801048278809,609.53688621521
107.82694816589355,614.926815032959
107.41305351257324,608.5071563720703
102.68712043762207,617.1667575836182
110.09788513183594,618.8127994537354
109.66014862060547,620.6510066986084
110.40163040161133,606.7440509796143
107.80811309814453,611.5241050720215
104.95901107788086,612.2958660125732
105.55434226989746,606.400728225708
105.52287101745605,608.2479953765869
107.76567459106445,611.9649410247803
111.38701438903809,609.1771125793457
104.6760082244873,611.0091209411621
106.64606094360352,608.1457138061523
119.45891380310059,607.1820259094238
115.92888832092285,612.7610206604004
106.7361831665039,612.3199462890625
108.91008377075195,615.9369945526123
107.77878761291504,621.9830513000488
104.93206977844238,623.0919361114502
105.81111907958984,617.534875869751
105.3011417388916,616.7280673980713
111.21892929077148,606.8620681762695
107.85984992980957,608.6609363555908
111.56082153320312,609.483003616333
117.92898178100586,611.1478805541992
103.05500030517578,609.0638637542725
104.08496856689453,613.5542392730713
113.66915702819824,607.2347164154053
105.68809509277344,610.1169586181641
122.47228622436523,609.9860668182373
114.73798751831055,609.062910079956
137.50505447387695,611.0589504241943
138.6420726776123,608.4778308868408
112.0748519897461,609.3480587005615
135.27798652648926,613.7762069702148
105.11088371276855,614.6750450134277
109.85898971557617,613.5871410369873
111.59586906433105,614.9029731750488
111.21201515197754,615.9701347351074
109.54809188842773,611.6352081298828
115.22889137268066,613.3592128753662
104.2180061340332,609.0850830078125
114.68791961669922,611.6058826446533
109.57694053649902,608.799934387207
107.04898834228516,605.1361560821533
111.74416542053223,607.5959205627441
113.63077163696289,607.1479320526123
108.65092277526855,609.1458797454834
105.28278350830078,611.3977432250977
106.52995109558105,606.3477993011475
106.27102851867676,613.105058670044
103.96003723144531,611.5100383758545
103.49893569946289,607.9211235046387
107.64908790588379,606.5049171447754
107.9871654510498,609.1980934143066
106.99892044067383,633.6977481842041
106.90808296203613,636.5828514099121
108.18195343017578,629.0891170501709
108.48879814147949,613.1970882415771
110.00990867614746,636.5129947662354
112.37573623657227,640.5401229858398
106.11677169799805,638.9610767364502
115.35882949829102,646.934986114502
112.30802536010742,637.3391151428223
106.11724853515625,613.4159564971924
111.42301559448242,606.7001819610596
109.80987548828125,619.657039642334
107.85889625549316,608.9127063751221
110.60404777526855,621.0250854492188
112.50090599060059,625.1041889190674
106.08696937561035,616.4557933807373
103.62482070922852,611.1369132995605
103.91998291015625,609.551191329956
102.31375694274902,611.6790771484375
104.18105125427246,608.2401275634766
105.63397407531738,614.2840385437012
105.85236549377441,613.5690212249756
101.64785385131836,637.2573375701904
105.08894920349121,611.832857131958
104.57706451416016,607.7146530151367
104.93016242980957,626.7220973968506
103.70421409606934,637.0549201965332
104.5691967010498,610.5186939239502
103.79290580749512,609.2088222503662
102.78010368347168,612.7941608428955
104.33602333068848,616.6911125183105
104.34412956237793,605.9930324554443
103.55186462402344,609.8361015319824
104.32600975036621,610.3579998016357
103.59311103820801,611.7949485778809
103.52110862731934,610.764741897583
106.12106323242188,612.626314163208
105.2248477935791,621.5212345123291
105.02195358276367,617.6059246063232
105.91697692871094,606.4958572387695
107.26785659790039,609.6169948577881
111.84883117675781,609.199047088623
108.02507400512695,620.7771301269531
109.31611061096191,607.5661182403564
108.90483856201172,604.65407371521
107.10620880126953,606.7781448364258
111.36889457702637,608.590841293335
110.82696914672852,607.3241233825684
105.67212104797363,606.5049171447754
108.50310325622559,610.2168560028076
108.59489440917969,613.3532524108887
104.61282730102539,616.2331104278564
105.96609115600586,611.3457679748535
107.6200008392334,606.7759990692139
108.21700096130371,609.9720001220703
105.86905479431152,610.1891994476318
104.55489158630371,612.8349304199219
108.71505737304688,609.7309589385986
106.50086402893066,611.6838455200195
106.49228096008301,606.8847179412842
108.72912406921387,607.4049472808838
105.03005981445312,606.8761348724365
111.10496520996094,607.1422100067139
114.57490921020508,617.0470714569092
106.19759559631348,622.2939491271973
112.83493041992188,615.5178546905518
111.68694496154785,610.8589172363281
108.07585716247559,607.3973178863525
106.01019859313965,615.3242588043213
104.64191436767578,615.4441833496094
105.75485229492188,608.788251876831
104.9048900604248,606.7948341369629
105.31115531921387,607.8729629516602
114.1366958618164,606.320858001709
106.62722587585449,610.9740734100342
108.76893997192383,608.6041927337646
108.53815078735352,605.6828498840332
106.52589797973633,610.6297969818115
105.87811470031738,607.7690124511719
116.15204811096191,608.8409423828125
110.45193672180176,606.0600280761719
109.93385314941406,610.6681823730469
105.6063175201416,605.3121089935303
114.51506614685059,605.5440902709961
107.85412788391113,612.5500202178955
104.36201095581055,605.8540344238281
108.85000228881836,610.0564002990723
109.5590591430664,607.550859451294
107.12504386901855,607.7671051025391
106.94289207458496,607.5770854949951
107.59186744689941,607.5530052185059
113.24810981750488,606.5080165863037
110.48603057861328,607.0990562438965
111.52505874633789,615.6988143920898
111.01698875427246,612.26487159729
107.37204551696777,607.0821285247803
105.15809059143066,606.687068939209
109.35401916503906,614.677906036377
104.49004173278809,609.0900897979736
105.5459976196289,607.0678234100342
108.43014717102051,620.3629970550537
109.58981513977051,610.2819442749023
106.68301582336426,606.564998626709
115.56196212768555,615.015983581543
109.75909233093262,616.278886795044
109.94887351989746,613.1200790405273
106.82392120361328,616.5249347686768
107.84506797790527,610.241174697876
118.21603775024414,613.7309074401855
105.62610626220703,613.1691932678223
110.96405982971191,612.1721267700195
107.03706741333008,610.7230186462402
104.27999496459961,612.1430397033691
107.00583457946777,612.0591163635254
104.75516319274902,615.2749061584473
103.38592529296875,609.8308563232422
105.27205467224121,608.942985534668
106.99176788330078,613.6410236358643
105.06772994995117,613.2509708404541
106.60886764526367,609.454870223999
105.81588745117188,617.5549030303955
104.69913482666016,613.8167381286621
105.56316375732422,608.8807582855225
112.05101013183594,610.7420921325684
104.3400764465332,607.7632904052734
104.7050952911377,606.3828468322754
103.6980152130127,610.083818435669
107.85412788391113,609.4090938568115
103.90710830688477,607.1763038635254
107.33795166015625,609.5070838928223
108.43515396118164,610.8572483062744
115.93103408813477,610.785961151123
112.83588409423828,611.2208366394043
112.41316795349121,609.764814376831
113.10386657714844,610.6128692626953
112.39218711853027,610.2080345153809
113.23785781860352,617.7756786346436
106.3227653503418,619.4729804992676
108.0172061920166,614.8788928985596
105.90481758117676,608.9150905609131
106.52899742126465,608.0529689788818
105.1490306854248,614.3069267272949
107.73396492004395,627.4709701538086
107.4669361114502,607.6698303222656
111.18388175964355,610.1620197296143
115.06295204162598,608.9410781860352
108.31689834594727,608.8869571685791
103.94906997680664,611.0930442810059
104.76922988891602,607.733964920044
105.58080673217773,613.7290000915527
104.17008399963379,610.6171607971191
109.22670364379883,606.4708232879639
108.27207565307617,609.9708080291748
105.39793968200684,612.8690242767334
105.58104515075684,608.9251041412354
104.72607612609863,606.889009475708
106.29725456237793,607.1920394897461
106.39119148254395,610.252857208252
109.08102989196777,607.6998710632324
105.80801963806152,607.4190139770508
107.38372802734375,605.5569648742676
105.54385185241699,609.428882598877
107.61499404907227,607.1062088012695
105.71885108947754,607.4988842010498
111.21177673339844,608.2637310028076
112.31589317321777,607.6819896697998
105.4689884185791,608.0970764160156
108.16001892089844,607.1090698242188
105.9110164642334,610.5170249938965
108.84475708007812,607.5217723846436
104.24208641052246,608.9987754821777
106.8568229675293,609.9510192871094
110.51702499389648,610.8980178833008
109.09199714660645,619.9870109558105
108.05201530456543,612.3239994049072
108.97302627563477,609.281063079834
107.4681282043457,609.6580028533936
107.98287391662598,607.9719066619873
108.93487930297852,609.562873840332
108.2608699798584,606.8789958953857
107.62786865234375,609.0359687805176
109.81893539428711,607.0249080657959
106.01997375488281,608.9191436767578
105.55791854858398,608.834981918335
105.16595840454102,608.8290214538574
107.39994049072266,610.957145690918
110.39423942565918,607.7167987823486
104.66718673706055,606.3308715820312
107.29193687438965,609.0197563171387
105.11279106140137,610.8500957489014
107.1159839630127,611.8307113647461
109.02690887451172,608.7741851806641
105.9408187866211,611.2179756164551
107.61904716491699,607.8300476074219
112.49518394470215,607.6860427856445
114.95018005371094,620.3100681304932
113.68775367736816,609.3089580535889
107.27715492248535,609.1437339782715
106.6281795501709,608.2570552825928
109.1010570526123,611.004114151001
117.8276538848877,609.2488765716553
107.81526565551758,610.0239753723145
113.90495300292969,617.4190044403076
116.58096313476562,609.3671321868896
119.97509002685547,608.8390350341797
119.98987197875977,609.0269088745117
121.86789512634277,613.1227016448975
111.05990409851074,606.9118976593018
110.92519760131836,611.3879680633545
112.27893829345703,624.5200634002686
113.83914947509766,618.790864944458
104.34913635253906,612.2760772705078
110.18610000610352,614.5017147064209
134.05179977416992,619.9970245361328
122.72191047668457,605.4210662841797
144.78707313537598,610.5442047119141
122.32279777526855,613.9461994171143
113.52705955505371,616.5690422058105
113.33918571472168,615.6909465789795
107.00583457946777,612.5268936157227
115.02909660339355,609.4141006469727
119.07792091369629,613.5659217834473
105.06010055541992,613.4672164916992
105.13710975646973,618.1979179382324
105.13997077941895,610.1460456848145
104.53391075134277,609.2259883880615
103.60503196716309,618.5519695281982
105.77392578125,610.8448505401611
107.06973075866699,620.2061176300049
107.43904113769531,608.5882186889648
108.97302627563477,606.6057682037354
106.8110466003418,616.1079406738281
110.28003692626953,620.0170516967773
106.14514350891113,621.1090087890625
107.65600204467773,606.8458557128906
107.19513893127441,608.1020832061768
106.78911209106445,610.3389263153076
107.48600959777832,616.2090301513672
108.42204093933105,612.2403144836426
107.31887817382812,620.0411319732666
106.40311241149902,609.0109348297119
107.62190818786621,632.0271492004395
104.22301292419434,633.2118511199951
107.01894760131836,606.9502830505371
106.1849594116211,610.3270053863525
108.28399658203125,608.6540222167969
106.7509651184082,608.5052490234375
106.43196105957031,606.3971519470215
107.95187950134277,608.7453365325928
105.75485229492188,615.09108543396
106.9788932800293,606.7242622375488
111.85598373413086,608.8488101959229
104.6900749206543,604.924201965332
108.28709602355957,623.028039932251
108.13784599304199,643.578052520752
108.05177688598633,658.6730480194092
107.58709907531738,624.9730587005615
107.09404945373535,626.5368461608887
108.68287086486816,
108.31403732299805,
105.46088218688965,
107.73777961730957,
107.31697082519531,
108.0770492553711,
105.38315773010254,
105.18813133239746,
106.26006126403809,
107.75279998779297,
108.98518562316895,
106.4908504486084,
106.54807090759277,
105.37075996398926,
107.11002349853516,
115.53812026977539,
123.08287620544434,
146.74091339111328,
