read_latency_ms,write_latency_ms
116.53804779052734,655.7450294494629
112.2901439666748,656.7659378051758
129.99391555786133,620.8841800689697
129.34517860412598,627.11501121521
133.45813751220703,622.3900318145752
134.94467735290527,610.5599403381348
137.33577728271484,624.7198581695557
137.49289512634277,632.5249671936035
108.99186134338379,641.024112701416
109.18092727661133,633.317232131958
136.46793365478516,643.8851356506348
136.64793968200684,607.2390079498291
134.71007347106934,623.1107711791992
143.3267593383789,615.7710552215576
136.46388053894043,616.9509887695312
134.13095474243164,615.6010627746582
105.21483421325684,609.2731952667236
128.6461353302002,612.6980781555176
216.85290336608887,606.8580150604248
217.24700927734375,615.6270503997803
224.24602508544922,607.4461936950684
223.76132011413574,607.1979999542236
141.14093780517578,616.1861419677734
116.18304252624512,608.6158752441406
116.62697792053223,630.7010650634766
142.9119110107422,610.3811264038086
143.45192909240723,612.1909618377686
152.69088745117188,606.6837310791016
106.38594627380371,608.0770492553711
120.20397186279297,609.2171669006348
124.66907501220703,606.2932014465332
119.86899375915527,607.9561710357666
126.28006935119629,606.2119007110596
110.21971702575684,611.5829944610596
110.99386215209961,610.1083755493164
115.3569221496582,607.3448657989502
130.90109825134277,606.7898273468018
130.63287734985352,608.0958843231201
109.38906669616699,621.1380958557129
126.4808177947998,608.5720062255859
118.55602264404297,620.8739280700684
124.86910820007324,606.3952445983887
118.38793754577637,622.0459938049316
108.17694664001465,617.0051097869873
121.73008918762207,606.8050861358643
107.93495178222656,606.4198017120361
106.73713684082031,608.0200672149658
142.8990364074707,618.7272071838379
121.34981155395508,604.7248840332031
159.35301780700684,605.1418781280518
116.70780181884766,607.76686668396
137.6321315765381,609.3177795410156
137.07709312438965,615.1561737060547
109.7259521484375,604.8569679260254
139.95099067687988,607.0621013641357
129.52089309692383,604.665994644165
124.93896484375,607.5308322906494
127.14791297912598,608.3981990814209
140.14577865600586,606.8410873413086
108.31284523010254,607.9568862915039
110.30197143554688,608.3440780639648
118.24297904968262,607.7299118041992
114.34769630432129,608.9389324188232
115.83828926086426,605.0760746002197
109.91692543029785,607.5630187988281
109.44008827209473,608.6258888244629
110.62002182006836,606.8050861358643
118.12710762023926,609.1718673706055
119.31967735290527,604.6798229217529
111.61613464355469,608.0431938171387
106.60004615783691,606.7569255828857
106.36520385742188,607.7916622161865
105.4227352142334,605.6039333343506
103.70087623596191,607.6421737670898
122.12109565734863,603.3399105072021
124.4668960571289,625.007152557373
109.68017578125,605.5021286010742
123.931884765625,604.719877243042
118.17097663879395,607.9161167144775
117.16985702514648,604.0821075439453
106.3070297241211,604.6061515808105
108.14332962036133,608.597993850708
103.96695137023926,607.637882232666
107.46121406555176,609.2529296875
114.44091796875,604.6171188354492
110.63694953918457,607.8972816467285
113.04211616516113,607.651948928833
106.4600944519043,609.7049713134766
109.93289947509766,608.5429191589355
103.46794128417969,606.6999435424805
104.43115234375,606.9917678833008
104.16507720947266,606.6060066223145
105.39507865905762,609.3428134918213
110.86010932922363,604.9070358276367
108.57415199279785,607.5778007507324
105.26704788208008,605.0851345062256
108.06488990783691,605.323076248169
104.39014434814453,612.7009391784668
103.52897644042969,605.4592132568359
105.56387901306152,604.672908782959
106.10818862915039,603.9149761199951
111.04798316955566,607.428789138794
104.27379608154297,606.5473556518555
113.81077766418457,603.5177707672119
115.5397891998291,605.4377555847168
116.4240837097168,609.4760894775391
116.70994758605957,605.9508323669434
104.62284088134766,604.4752597808838
103.07097434997559,607.6018810272217
102.91099548339844,609.2410087585449
103.98411750793457,608.6149215698242
102.65707969665527,604.3851375579834
115.814208984375,606.6241264343262
124.9849796295166,605.9269905090332
109.8017692565918,609.0068817138672
109.91907119750977,607.6369285583496
106.62198066711426,607.2511672973633
108.81876945495605,607.6040267944336
112.46323585510254,607.4349880218506
110.6100082397461,606.5139770507812
106.63914680480957,607.0079803466797
104.88700866699219,606.5628528594971
104.6147346496582,605.431079864502
103.98626327514648,604.7132015228271
104.22420501708984,605.8559417724609
114.75992202758789,606.2579154968262
110.0621223449707,607.7170372009277
114.28308486938477,604.978084564209
113.98601531982422,611.706018447876
122.33972549438477,604.8469543457031
109.86900329589844,605.1690578460693
110.55207252502441,606.9929599761963
105.10110855102539,606.3652038574219
108.30211639404297,607.8991889953613
116.13678932189941,605.5970191955566
103.27696800231934,607.44309425354
102.8449535369873,605.6499481201172
103.77287864685059,607.1491241455078
109.16423797607422,608.6399555206299
119.91095542907715,605.8380603790283
123.93712997436523,604.511022567749
121.52314186096191,608.6649894714355
124.21894073486328,605.7558059692383
124.1450309753418,608.3471775054932
123.72207641601562,605.1678657531738
126.91092491149902,606.1346530914307
125.66208839416504,606.1460971832275
129.7438144683838,603.6789417266846
102.97703742980957,605.0519943237305
103.6081314086914,604.0489673614502
105.41892051696777,606.5471172332764
103.57403755187988,605.4940223693848
106.56499862670898,610.288143157959
107.74493217468262,605.1440238952637
104.47192192077637,605.0188541412354
108.29472541809082,606.2982082366943
104.57181930541992,607.2959899902344
104.88009452819824,606.5018177032471
106.2021255493164,604.6879291534424
106.16397857666016,604.8722267150879
105.06701469421387,607.0032119750977
108.57391357421875,608.4098815917969
107.89299011230469,607.6419353485107
103.47795486450195,607.8767776489258
108.00886154174805,607.2580814361572
106.14705085754395,608.19411277771
107.01107978820801,605.809211730957
106.59313201904297,605.8778762817383
105.80682754516602,606.9309711456299
108.93011093139648,606.7609786987305
113.5859489440918,608.177900314331
107.28192329406738,608.9038848876953
113.83700370788574,605.679988861084
106.65321350097656,606.7819595336914
104.29000854492188,607.6431274414062
105.94296455383301,606.4760684967041
105.78012466430664,607.1040630340576
106.05812072753906,606.3492298126221
105.59701919555664,607.3999404907227
106.37211799621582,605.6749820709229
104.60901260375977,608.2248687744141
105.51786422729492,613.0721569061279
103.80387306213379,609.605073928833
106.536865234375,608.4029674530029
107.31196403503418,608.0949306488037
107.1929931640625,605.8101654052734
106.26578330993652,605.5910587310791
105.90696334838867,605.3628921508789
106.6441535949707,605.1201820373535
106.03785514831543,607.1553230285645
105.08227348327637,603.1050682067871
106.25886917114258,607.1140766143799
106.51803016662598,607.4740886688232
105.47614097595215,606.2793731689453
106.11319541931152,609.2870235443115
105.09324073791504,607.1300506591797
104.67767715454102,605.3860187530518
105.61490058898926,605.6749820709229
106.51516914367676,607.6278686523438
106.00686073303223,608.9236736297607
103.78789901733398,608.1557273864746
104.03990745544434,609.4629764556885
103.80125045776367,611.4168167114258
103.48963737487793,606.3148975372314
104.22396659851074,609.3049049377441
105.00884056091309,605.0388813018799
104.38776016235352,606.8570613861084
104.01487350463867,609.4257831573486
106.05597496032715,606.309175491333
105.4990291595459,609.393835067749
105.40080070495605,604.6719551086426
105.7741641998291,612.5092506408691
105.74722290039062,610.954999923706
107.18393325805664,606.0349941253662
106.45914077758789,603.3320426940918
108.55913162231445,609.3659400939941
106.05001449584961,603.8041114807129
106.51278495788574,606.438159942627
104.0031909942627,605.2439212799072
106.29677772521973,605.7190895080566
104.58588600158691,608.069896697998
105.70192337036133,607.252836227417
104.0048599243164,606.0428619384766
108.9780330657959,605.7441234588623
108.34002494812012,605.2660942077637
107.93495178222656,605.8661937713623
107.18798637390137,605.8428287506104
107.4528694152832,604.3848991394043
109.71808433532715,607.0902347564697
111.67216300964355,606.5089702606201
119.2770004272461,604.722261428833
120.93877792358398,607.6071262359619
121.96612358093262,609.3540191650391
122.96199798583984,610.6669902801514
111.3882064819336,606.9190502166748
107.01274871826172,607.8841686248779
105.62992095947266,606.7161560058594
108.49308967590332,608.5503101348877
113.04593086242676,607.6312065124512
122.07603454589844,615.9868240356445
123.42596054077148,606.6110134124756
104.97117042541504,610.0399494171143
105.8189868927002,617.8381443023682
109.07769203186035,607.3319911956787
122.81584739685059,616.0898208618164
133.8348388671875,612.5507354736328
108.5507869720459,605.8931350708008
134.68289375305176,606.6548824310303
122.84493446350098,608.253002166748
109.15422439575195,605.2169799804688
119.49372291564941,610.6522083282471
109.92717742919922,608.9920997619629
120.21303176879883,608.4630489349365
104.63070869445801,610.6576919555664
120.78094482421875,610.0361347198486
127.8831958770752,605.7679653167725
118.97683143615723,609.0469360351562
105.65996170043945,607.5570583343506
113.46793174743652,608.727216720581
113.78717422485352,607.2738170623779
107.32913017272949,609.2100143432617
120.50986289978027,608.1483364105225
105.2241325378418,607.6369285583496
103.27005386352539,609.4813346862793
110.14080047607422,613.239049911499
116.97697639465332,609.5249652862549
103.91688346862793,611.0451221466064
104.32887077331543,603.9712429046631
103.76787185668945,607.9282760620117
117.462158203125,606.6718101501465
114.56799507141113,606.5950393676758
119.73690986633301,607.0539951324463
105.80015182495117,608.7632179260254
102.11992263793945,607.9411506652832
102.39195823669434,606.407880783081
118.49284172058105,608.1058979034424
120.27907371520996,604.1920185089111
120.24879455566406,610.7029914855957
117.57111549377441,605.5622100830078
120.3150749206543,604.8390865325928
104.99024391174316,604.5970916748047
107.28883743286133,606.4450740814209
104.46000099182129,605.6880950927734
119.7209358215332,606.0867309570312
119.59695816040039,610.2252006530762
110.71276664733887,611.7079257965088
103.61719131469727,604.686975479126
103.99007797241211,606.4019203186035
104.25806045532227,603.506326675415
102.64301300048828,608.0598831176758
108.72697830200195,623.985767364502
109.44104194641113,606.9140434265137
110.17322540283203,606.5599918365479
109.8940372467041,614.6659851074219
109.5743179321289,610.7800006866455
110.69107055664062,615.3051853179932
110.38589477539062,613.0092144012451
110.33987998962402,606.3728332519531
110.05592346191406,606.8651676177979
102.86331176757812,611.6931438446045
102.64110565185547,606.2099933624268
104.67672348022461,613.7678623199463
103.60980033874512,614.4392490386963
105.64303398132324,607.2537899017334
103.42597961425781,614.7170066833496
104.7213077545166,604.3791770935059
103.79695892333984,612.3850345611572
102.58817672729492,614.9108409881592
103.89590263366699,606.0149669647217
104.39801216125488,608.924150466919
104.00819778442383,606.8918704986572
102.20909118652344,610.1038455963135
103.89113426208496,611.6299629211426
105.55005073547363,606.8811416625977
104.49695587158203,617.9988384246826
104.50410842895508,607.4988842010498
105.4239273071289,607.8929901123047
105.32879829406738,608.051061630249
103.74188423156738,610.0740432739258
105.03029823303223,617.4561977386475
104.8421859741211,605.7889461517334
102.72574424743652,606.9707870483398
103.57093811035156,607.2819232940674
104.85601425170898,606.4770221710205
103.97505760192871,611.4890575408936
102.97608375549316,606.6241264343262
105.63111305236816,614.717960357666
104.80284690856934,608.3247661590576
102.50973701477051,605.4220199584961
102.3249626159668,609.1840267181396
102.61917114257812,615.3693199157715
103.08527946472168,609.0130805969238
102.76412963867188,606.2331199645996
107.49268531799316,609.760046005249
106.18901252746582,610.8047962188721
105.54385185241699,608.3941459655762
105.49807548522949,609.5449924468994
105.5002212524414,606.0600280761719
103.73306274414062,605.842113494873
103.0731201171875,608.6897850036621
108.46686363220215,608.9811325073242
106.414794921875,616.4610385894775
106.41074180603027,616.7757511138916
108.21771621704102,607.1469783782959
108.82711410522461,611.1979484558105
105.15522956848145,610.4834079742432
103.90710830688477,618.9572811126709
105.40914535522461,606.0211658477783
105.3779125213623,614.6140098571777
105.86857795715332,606.8792343139648
105.53479194641113,606.116771697998
105.34787178039551,605.2980422973633
107.46312141418457,610.3169918060303
107.56587982177734,608.8769435882568
106.81009292602539,615.4026985168457
108.86693000793457,610.1760864257812
106.38213157653809,604.9671173095703
103.07884216308594,607.396125793457
107.25903511047363,619.7969913482666
104.42113876342773,615.6749725341797
106.63700103759766,607.9890727996826
108.56437683105469,607.5079441070557
105.94487190246582,604.0468215942383
106.54807090759277,602.9541492462158
105.69024085998535,608.5548400878906
105.2241325378418,610.7831001281738
104.2022705078125,621.5958595275879
105.7279109954834,610.3260517120361
106.87804222106934,611.6390228271484
108.80088806152344,616.0829067230225
106.24003410339355,614.9029731750488
107.01489448547363,608.3338260650635
105.03911972045898,608.4673404693604
108.6888313293457,606.5530776977539
107.2988510131836,610.482931137085
107.93113708496094,606.6861152648926
108.3531379699707,608.5500717163086
108.29377174377441,606.5793037414551
107.68318176269531,605.93581199646
104.66933250427246,611.8102073669434
104.14004325866699,606.8599224090576
106.68206214904785,605.5817604064941
106.43982887268066,607.8529357910156
106.21500015258789,606.1770915985107
102.57196426391602,614.3019199371338
105.63921928405762,606.5399646759033
106.75907135009766,610.1541519165039
106.4157485961914,608.4048748016357
103.53398323059082,610.5799674987793
105.38220405578613,605.5598258972168
106.1391830444336,605.2618026733398
105.79991340637207,609.4229221343994
104.1879653930664,606.8859100341797
105.6210994720459,605.8900356292725
106.4152717590332,604.7229766845703
105.23629188537598,607.1419715881348
105.1943302154541,604.5458316802979
106.79197311401367,611.2251281738281
107.01608657836914,606.8568229675293
107.81288146972656,610.8458042144775
105.20410537719727,606.4188480377197
107.10978507995605,605.8592796325684
107.26284980773926,633.2540512084961
105.77893257141113,623.2259273529053
106.92715644836426,616.8990135192871
106.14418983459473,606.5809726715088
104.55584526062012,603.9040088653564
105.30400276184082,605.5750846862793
104.92587089538574,608.6351871490479
106.60696029663086,613.511323928833
107.59091377258301,610.975980758667
105.68499565124512,608.421802520752
104.9339771270752,610.3031635284424
105.21483421325684,612.5283241271973
105.69500923156738,607.8207492828369
104.69794273376465,608.4809303283691
104.63285446166992,608.3800792694092
103.1639575958252,606.1627864837646
105.73196411132812,609.68017578125
107.30123519897461,612.50901222229
105.79204559326172,606.3060760498047
105.67593574523926,607.903003692627
107.93709754943848,609.5471382141113
104.72226142883301,606.7571640014648
109.89785194396973,605.9050559997559
110.64291000366211,605.2360534667969
106.59122467041016,608.4070205688477
109.60197448730469,620.8770275115967
104.90298271179199,610.7666492462158
106.3838005065918,608.7543964385986
106.31299018859863,612.4100685119629
105.89265823364258,607.0859432220459
106.93717002868652,611.4859580993652
107.28979110717773,614.0620708465576
108.08491706848145,609.86328125
107.51509666442871,613.0480766296387
106.21094703674316,610.5809211730957
107.91611671447754,607.0699691772461
105.26108741760254,606.7478656768799
106.81891441345215,610.0809574127197
106.99772834777832,609.7259521484375
109.72094535827637,614.8409843444824
111.93084716796875,619.6937561035156
110.84103584289551,611.2439632415771
107.94305801391602,616.1751747131348
108.46304893493652,607.720136642456
105.30400276184082,605.6036949157715
109.41219329833984,610.2969646453857
109.41624641418457,608.1562042236328
106.72616958618164,608.4868907928467
109.14421081542969,607.1290969848633
108.45518112182617,610.5961799621582
107.73515701293945,613.7192249298096
106.69994354248047,604.7539710998535
108.62398147583008,608.0572605133057
106.37688636779785,609.5149517059326
113.26813697814941,606.8222522735596
112.54596710205078,609.8041534423828
110.52393913269043,606.597900390625
108.11686515808105,625.8642673492432
111.75727844238281,612.6301288604736
106.83703422546387,615.7069206237793
108.30402374267578,616.2950992584229
108.65378379821777,613.1439208984375
108.56294631958008,606.6129207611084
106.24098777770996,607.3439121246338
112.22004890441895,610.7430458068848
107.00082778930664,605.3638458251953
116.19186401367188,608.4680557250977
119.77314949035645,607.4628829956055
110.19706726074219,608.6990833282471
104.56085205078125,605.3121089935303
105.90600967407227,606.3640117645264
107.0561408996582,606.8859100341797
110.07094383239746,616.8818473815918
116.34421348571777,618.2823181152344
114.6690845489502,605.8828830718994
119.81916427612305,608.96897315979
117.07806587219238,611.9139194488525
117.45190620422363,606.9180965423584
117.83409118652344,612.5349998474121
118.32308769226074,609.9419593811035
110.10289192199707,608.1893444061279
106.36425018310547,605.4730415344238
106.08696937561035,614.6769523620605
103.74689102172852,609.78102684021
104.3097972869873,608.0751419067383
105.85975646972656,605.6482791900635
107.03611373901367,606.1880588531494
110.43405532836914,606.9278717041016
108.34884643554688,607.2990894317627
112.7786636352539,609.1902256011963
112.49518394470215,609.0259552001953
106.30202293395996,606.8696975708008
105.05294799804688,606.9083213806152
103.63101959228516,610.3560924530029
107.63740539550781,607.8550815582275
110.71896553039551,614.818811416626
106.39309883117676,619.0898418426514
107.5892448425293,615.2667999267578
122.43485450744629,621.5381622314453
121.90103530883789,608.9379787445068
105.10993003845215,613.8560771942139
103.64723205566406,604.9339771270752
104.52079772949219,604.9211025238037
104.5379638671875,607.9189777374268
118.12400817871094,606.2309741973877
125.20194053649902,610.2492809295654
102.47397422790527,603.7559509277344
104.3858528137207,604.7780513763428
117.79212951660156,607.1128845214844
126.54995918273926,607.8271865844727
129.27579879760742,606.7311763763428
128.86905670166016,611.4139556884766
117.30694770812988,605.4761409759521
126.67393684387207,607.7711582183838
105.49807548522949,605.6010723114014
107.68795013427734,607.6221466064453
103.41119766235352,606.8010330200195
102.44512557983398,606.3961982727051
102.65183448791504,609.21311378479
106.35185241699219,612.494707107544
105.35502433776855,608.2050800323486
104.35009002685547,605.1092147827148
102.9360294342041,609.9748611450195
102.69784927368164,606.17995262146
102.18000411987305,606.7838668823242
103.0740737915039,605.5622100830078
103.35087776184082,602.7803421020508
104.32100296020508,604.5289039611816
104.74705696105957,613.4710311889648
104.71105575561523,604.7098636627197
105.49306869506836,605.1430702209473
105.62920570373535,613.6519908905029
104.1421890258789,609.745979309082
105.03578186035156,609.1787815093994
103.20520401000977,612.4060153961182
103.15918922424316,614.6769523620605
103.83796691894531,609.7939014434814
102.72598266601562,605.8108806610107
103.38187217712402,609.3952655792236
104.10332679748535,607.3017120361328
103.80172729492188,606.0130596160889
104.02321815490723,607.0981025695801
104.65502738952637,606.0390472412109
105.86285591125488,606.7728996276855
105.97109794616699,605.8468818664551
103.14607620239258,606.2109470367432
105.1640510559082,606.5630912780762
104.56180572509766,605.1967144012451
102.35285758972168,604.0740013122559
102.89788246154785,608.8430881500244
105.34501075744629,609.745979309082
104.82597351074219,606.1151027679443
104.7673225402832,606.8260669708252
104.51817512512207,607.8629493713379
105.22818565368652,605.4918766021729
105.3459644317627,609.9650859832764
102.18119621276855,606.8432331085205
103.49678993225098,606.9581508636475
103.48796844482422,606.313943862915
103.95169258117676,607.9678535461426
103.44696044921875,610.6288433074951
103.30915451049805,606.8110466003418
104.59184646606445,619.7261810302734
103.80220413208008,604.6848297119141
104.40993309020996,612.5278472900391
104.3851375579834,604.7420501708984
106.14395141601562,604.694128036499
105.30400276184082,617.8591251373291
105.14187812805176,606.1382293701172
106.27317428588867,606.8310737609863
102.69498825073242,608.2110404968262
108.7179183959961,608.2291603088379
105.04007339477539,606.5948009490967
108.06989669799805,606.1630249023438
106.31585121154785,605.4320335388184
105.36599159240723,606.0543060302734
106.49704933166504,605.9980392456055
103.44910621643066,609.3840599060059
104.16102409362793,605.9050559997559
103.29604148864746,607.5119972229004
103.82485389709473,606.4739227294922
103.56616973876953,606.8451404571533
104.57110404968262,606.1520576477051
104.6457290649414,610.0940704345703
104.0041446685791,608.3011627197266
103.56712341308594,608.0670356750488
103.63292694091797,608.7808609008789
107.82408714294434,612.023115158081
105.67903518676758,610.4052066802979
103.58929634094238,610.0730895996094
108.63614082336426,605.8220863342285
103.64961624145508,606.201171875
106.96220397949219,607.7520847320557
103.68680953979492,608.475923538208
103.23405265808105,610.349178314209
106.07385635375977,615.0410175323486
107.33914375305176,605.6430339813232
107.0551872253418,612.5710010528564
107.05089569091797,613.4908199310303
108.30426216125488,610.4249954223633
103.81388664245605,605.6809425354004
103.80387306213379,607.3873043060303
105.69906234741211,605.5290699005127
103.85584831237793,608.579158782959
104.3541431427002,606.1661243438721
104.22801971435547,614.5977973937988
104.61997985839844,606.4109802246094
110.21804809570312,611.3138198852539
109.26485061645508,609.7009181976318
110.57305335998535,604.2208671569824
105.08489608764648,606.4071655273438
104.57015037536621,604.9880981445312
104.28285598754883,606.2068939208984
103.33800315856934,605.6220531463623
103.78909111022949,607.0661544799805
105.95202445983887,606.024980545044
107.51724243164062,605.443000793457
105.81779479980469,607.8648567199707
106.7659854888916,607.2869300842285
104.80785369873047,609.328031539917
106.41026496887207,605.9930324554443
106.34994506835938,610.8059883117676
102.86498069763184,608.3331108093262
103.76191139221191,607.5818538665771
102.57887840270996,607.058048248291
103.7147045135498,606.8410873413086
107.93280601501465,606.147289276123
108.87289047241211,607.2030067443848
104.19416427612305,605.4248809814453
104.95519638061523,606.4090728759766
111.98806762695312,604.945182800293
109.99679565429688,610.7008457183838
106.2779426574707,610.2912425994873
111.76824569702148,605.9901714324951
111.36317253112793,607.2583198547363
106.1699390411377,608.820915222168
102.86211967468262,606.3461303710938
104.34770584106445,612.2848987579346
103.44505310058594,607.5127124786377
109.3447208404541,608.3571910858154
104.16793823242188,606.442928314209
105.85618019104004,607.5301170349121
103.14106941223145,609.2731952667236
105.37099838256836,604.8662662506104
104.19583320617676,604.1860580444336
103.97601127624512,604.4621467590332
105.36789894104004,605.9849262237549
104.26902770996094,605.0539016723633
104.82215881347656,614.0389442443848
103.12676429748535,609.5211505889893
106.5988540649414,606.2238216400146
103.17802429199219,604.7310829162598
106.07790946960449,616.9528961181641
106.67896270751953,604.7120094299316
105.44514656066895,606.1630249023438
104.52508926391602,604.8738956451416
105.67188262939453,606.6749095916748
104.01487350463867,614.3019199371338
103.80792617797852,606.198787689209
103.53589057922363,610.6138229370117
102.64110565185547,609.987735748291
102.80585289001465,607.802152633667
105.99994659423828,608.0987453460693
104.34508323669434,609.9939346313477
104.60591316223145,606.0779094696045
103.4700870513916,603.6291122436523
102.25939750671387,626.8959045410156
103.729248046875,605.6280136108398
106.43625259399414,605.4940223693848
105.04484176635742,604.5191287994385
106.80723190307617,633.831262588501
104.96711730957031,605.5948734283447
104.9647331237793,607.5930595397949
106.1410903930664,615.7009601593018
106.95695877075195,607.8472137451172
104.10070419311523,619.7021007537842
107.58614540100098,604.1278839111328
104.63118553161621,605.6678295135498
103.57880592346191,611.4351749420166
106.74619674682617,603.4829616546631
108.2918643951416,639.26100730896
105.04508018493652,607.23876953125
103.9268970489502,605.7519912719727
104.42900657653809,606.2109470367432
105.52191734313965,605.1790714263916
104.83098030090332,608.3569526672363
102.78987884521484,603.8627624511719
103.40023040771484,608.6349487304688
104.47382926940918,608.6628437042236
103.76715660095215,606.9459915161133
104.69603538513184,607.7041625976562
105.53383827209473,604.2520999908447
104.05611991882324,605.0839424133301
103.51300239562988,607.1908473968506
104.23803329467773,605.6320667266846
104.73394393920898,608.2329750061035
107.52177238464355,606.6699028015137
107.35583305358887,605.449914932251
107.82384872436523,603.2249927520752
107.59615898132324,611.1102104187012
103.63101959228516,618.873119354248
105.47184944152832,609.5077991485596
105.44586181640625,609.5969676971436
103.19304466247559,609.044075012207
103.80291938781738,610.3458404541016
106.01115226745605,612.1718883514404
101.71318054199219,606.8012714385986
106.6131591796875,607.637882232666
104.36487197875977,605.6680679321289
104.62021827697754,606.8301200866699
104.60972785949707,615.3759956359863
102.2489070892334,607.5549125671387
102.73408889770508,607.6691150665283
102.92887687683105,619.9009418487549
102.42629051208496,611.8528842926025
102.2181510925293,607.7842712402344
103.88994216918945,606.6298484802246
105.95297813415527,607.2828769683838
103.74712944030762,612.0860576629639
107.3770523071289,607.5730323791504
103.08623313903809,605.139970779419
103.90210151672363,610.4090213775635
105.02886772155762,607.5599193572998
105.55696487426758,612.2078895568848
106.01234436035156,611.5062236785889
105.05890846252441,608.7267398834229
102.89502143859863,605.7112216949463
106.05311393737793,614.2573356628418
106.87422752380371,609.6491813659668
108.67595672607422,607.3958873748779
106.5530776977539,607.1381568908691
105.36789894104004,607.5084209442139
104.12001609802246,610.67795753479
110.40377616882324,609.6868515014648
104.90703582763672,612.2307777404785
103.56020927429199,620.6650733947754
102.81920433044434,616.8630123138428
106.53901100158691,619.5740699768066
105.44085502624512,612.3611927032471
106.05812072753906,606.7619323730469
102.35786437988281,605.816125869751
103.20186614990234,608.9310646057129
105.85689544677734,606.1210632324219
105.48901557922363,606.3270568847656
103.50990295410156,614.8998737335205
102.60319709777832,621.0248470306396
104.18987274169922,624.1412162780762
104.39014434814453,605.6678295135498
102.4332046508789,609.1537475585938
102.76103019714355,607.2020530700684
105.84616661071777,605.1480770111084
103.85990142822266,615.4909133911133
104.82096672058105,611.2420558929443
104.1860580444336,623.0487823486328
104.46381568908691,604.1948795318604
104.28404808044434,604.6147346496582
104.21514511108398,636.2943649291992
105.1790714263916,643.2299613952637
104.7811508178711,612.699031829834
105.26490211486816,619.3888187408447
105.57174682617188,610.2497577667236
106.8732738494873,611.5987300872803
107.87200927734375,607.3131561279297
104.3252944946289,608.2148551940918
104.71701622009277,607.2039604187012
104.7060489654541,607.7060699462891
105.97085952758789,613.4328842163086
102.2789478302002,610.7509136199951
106.23431205749512,604.5899391174316
105.11398315429688,613.631010055542
103.35993766784668,607.860803604126
102.81991958618164,605.2021980285645
102.66971588134766,607.3999404907227
104.42304611206055,612.6701831817627
104.19821739196777,608.5720062255859
102.67996788024902,613.4920120239258
103.52802276611328,610.5539798736572
103.54089736938477,609.0571880340576
103.9879322052002,606.1570644378662
104.92062568664551,605.3466796875
105.02815246582031,609.4610691070557
103.35588455200195,612.9920482635498
105.44395446777344,606.5990924835205
104.21991348266602,606.2428951263428
103.13701629638672,606.6579818725586
103.03902626037598,608.2091331481934
102.45299339294434,604.3357849121094
104.04205322265625,607.2280406951904
103.78718376159668,609.8518371582031
105.69000244140625,610.5442047119141
107.8639030456543,605.9479713439941
103.95097732543945,609.0328693389893
105.3609848022461,610.609769821167
106.33492469787598,612.4308109283447
104.83598709106445,609.6739768981934
104.20799255371094,612.7288341522217
106.96291923522949,608.4127426147461
104.49600219726562,606.4729690551758
103.10816764831543,607.7959537506104
104.57301139831543,613.4190559387207
103.45911979675293,604.0909290313721
103.26385498046875,606.5058708190918
105.0419807434082,610.5108261108398
102.13494300842285,607.3291301727295
105.46088218688965,608.856201171875
106.0950756072998,608.4949970245361
103.66392135620117,606.5709590911865
103.52802276611328,610.1739406585693
104.86912727355957,611.1969947814941
104.10594940185547,607.6569557189941
102.30088233947754,605.9949398040771
103.30700874328613,606.9281101226807
103.11675071716309,610.0630760192871
105.08894920349121,614.0620708465576
102.90265083312988,606.3082218170166
104.67386245727539,608.7961196899414
103.5451889038086,608.9818477630615
104.09021377563477,608.1850528717041
103.65176200866699,618.3202266693115
102.48613357543945,619.6327209472656
105.85665702819824,605.309247970581
106.18877410888672,607.590913772583
105.34381866455078,607.1200370788574
106.57691955566406,611.7808818817139
102.11586952209473,606.1110496520996
102.9660701751709,606.7819595336914
107.67698287963867,605.3650379180908
106.44793510437012,605.6308746337891
103.10912132263184,609.2391014099121
106.55498504638672,606.2488555908203
104.52413558959961,608.4690093994141
104.22706604003906,606.8110466003418
106.90784454345703,607.123851776123
107.69104957580566,612.0262145996094
108.10089111328125,605.1101684570312
104.79402542114258,607.417106628418
103.45196723937988,606.1501502990723
102.83803939819336,606.4989566802979
103.3620834350586,605.492115020752
102.5228500366211,607.4120998382568
102.67019271850586,605.8223247528076
102.54311561584473,606.4682006835938
102.90718078613281,606.8990230560303
105.18383979797363,606.5411567687988
104.95591163635254,605.6857109069824
107.23280906677246,612.0116710662842
105.85689544677734,607.6219081878662
105.87501525878906,606.7471504211426
107.44214057922363,606.7349910736084
106.48894309997559,604.8829555511475
105.03768920898438,606.456995010376
102.88095474243164,606.3852310180664
104.14433479309082,605.3500175476074
104.32291030883789,604.8409938812256
104.14409637451172,604.2859554290771
102.8432846069336,607.1751117706299
106.89806938171387,605.656623840332
104.59184646606445,609.2307567596436
103.7909984588623,608.2961559295654
106.18901252746582,605.1969528198242
106.35972023010254,606.1239242553711
105.33404350280762,605.8831214904785
105.55386543273926,611.8772029876709
103.43503952026367,605.9930324554443
103.67012023925781,607.0480346679688
105.9420108795166,610.1529598236084
105.53598403930664,607.6338291168213
105.30209541320801,611.4530563354492
106.65702819824219,607.2866916656494
104.92706298828125,606.8840026855469
106.42385482788086,607.8488826751709
105.8349609375,610.1169586181641
103.33800315856934,621.5837001800537
104.28500175476074,607.7191829681396
104.2931079864502,609.8589897155762
105.65495491027832,610.90087890625
104.59709167480469,606.5950393676758
107.10287094116211,606.3449382781982
105.5452823638916,607.1798801422119
103.43599319458008,611.5849018096924
103.75785827636719,616.2641048431396
102.29015350341797,621.4210987091064
103.31082344055176,607.4392795562744
104.33220863342285,610.7840538024902
104.30192947387695,610.8849048614502
107.34319686889648,605.2350997924805
103.99794578552246,610.5999946594238
105.25798797607422,607.7649593353271
103.24287414550781,611.7599010467529
104.85005378723145,611.2728118896484
104.0802001953125,607.4790954589844
106.7960262298584,608.6909770965576
106.87994956970215,608.665943145752
106.16898536682129,605.8738231658936
104.71081733703613,607.2111129760742
103.729248046875,606.7898273468018
104.33101654052734,607.3760986328125
107.10692405700684,606.6968441009521
106.03523254394531,607.8317165374756
103.48105430603027,607.3651313781738
107.15889930725098,607.5417995452881
105.70287704467773,611.8040084838867
105.08227348327637,607.5038909912109
104.8269271850586,611.8350028991699
103.04808616638184,608.1891059875488
104.09188270568848,610.8689308166504
102.94890403747559,605.0732135772705
106.37807846069336,606.7051887512207
107.51008987426758,604.6149730682373
104.8288345336914,607.0499420166016
104.5081615447998,607.011079788208
103.7900447845459,605.7350635528564
108.67190361022949,607.6140403747559
104.75420951843262,615.2348518371582
102.41889953613281,616.6331768035889
103.82699966430664,617.7141666412354
104.48908805847168,614.5977973937988
104.02917861938477,614.213228225708
106.42194747924805,613.1851673126221
102.92291641235352,609.4930171966553
105.42798042297363,609.0359687805176
104.55703735351562,606.9881916046143
103.69300842285156,606.6091060638428
105.59892654418945,605.363130569458
104.92682456970215,607.8689098358154
103.50990295410156,608.1008911132812
103.38306427001953,605.400800704956
108.10708999633789,610.3849411010742
103.26075553894043,605.9648990631104
104.19893264770508,607.7461242675781
104.06017303466797,604.6161651611328
104.7518253326416,607.957124710083
105.51667213439941,606.2002182006836
107.08093643188477,608.0760955810547
108.89506340026855,606.8711280822754
108.43420028686523,607.6869964599609
109.29203033447266,610.8560562133789
109.40694808959961,613.9218807220459
108.62112045288086,607.4428558349609
104.3558120727539,618.3099746704102
102.68902778625488,607.7649593353271
107.76901245117188,608.6719036102295
107.25522041320801,612.311840057373
105.53503036499023,606.5719127655029
106.65178298950195,605.1409244537354
102.58221626281738,610.4519367218018
103.44481468200684,610.2628707885742
105.53121566772461,605.9679985046387
103.54995727539062,603.8780212402344
103.25002670288086,611.5269660949707
106.46915435791016,606.097936630249
107.91611671447754,611.5109920501709
107.30791091918945,618.5662746429443
104.4321060180664,609.2181205749512
103.9438247680664,624.3999004364014
103.31606864929199,619.2169189453125
103.65891456604004,610.8901500701904
104.25806045532227,616.1868572235107
106.58407211303711,611.9511127471924
105.71098327636719,606.579065322876
103.46198081970215,607.0120334625244
103.2419204711914,606.2078475952148
104.34103012084961,608.5519790649414
103.44076156616211,608.989953994751
104.0809154510498,605.1771640777588
105.00407218933105,607.9270839691162
107.33914375305176,608.546257019043
108.21318626403809,606.9481372833252
103.00898551940918,612.3151779174805
103.92212867736816,616.4109706878662
114.62569236755371,605.2789688110352
116.40191078186035,606.450080871582
106.85491561889648,609.5879077911377
104.04515266418457,606.1358451843262
108.3219051361084,607.1131229400635
106.23884201049805,607.813835144043
105.01909255981445,604.1679382324219
102.53310203552246,614.4139766693115
102.47611999511719,605.2429676055908
101.7751693725586,608.0079078674316
107.76710510253906,607.2449684143066
105.24225234985352,604.3059825897217
103.25765609741211,606.2588691711426
104.53510284423828,607.3029041290283
105.47280311584473,607.2192192077637
104.46596145629883,604.8510074615479
104.23803329467773,606.1201095581055
106.33683204650879,604.8040390014648
104.3400764465332,604.1200160980225
105.90314865112305,606.1899662017822
103.48868370056152,604.9489974975586
103.50179672241211,606.9028377532959
103.99889945983887,607.0971488952637
107.20610618591309,615.1988506317139
105.90314865112305,606.7352294921875
106.70590400695801,607.374906539917
101.67121887207031,603.269100189209
102.14495658874512,603.8517951965332
104.24208641052246,604.2721271514893
104.30693626403809,624.4113445281982
114.92013931274414,606.287956237793
105.96919059753418,606.8689823150635
108.96515846252441,605.61203956604
109.52329635620117,607.7609062194824
119.05574798583984,604.604959487915
109.32612419128418,607.123851776123
104.31122779846191,609.0271472930908
103.52492332458496,604.8548221588135
103.95216941833496,606.2760353088379
104.10881042480469,603.9960384368896
101.51290893554688,604.6380996704102
102.48088836669922,603.924036026001
102.17499732971191,604.0027141571045
104.02417182922363,606.5857410430908
103.35707664489746,606.2369346618652
107.55300521850586,605.2043437957764
108.82186889648438,605.4949760437012
107.47027397155762,606.9149971008301
104.94208335876465,608.9768409729004
106.01496696472168,604.4018268585205
107.19895362854004,607.8362464904785
104.84099388122559,607.595682144165
103.41286659240723,607.9230308532715
103.47700119018555,605.4270267486572
103.14607620239258,613.2369041442871
102.3561954498291,613.9631271362305
102.70404815673828,609.6220016479492
103.32798957824707,604.8099994659424
104.15005683898926,609.7478866577148
103.85322570800781,608.7391376495361
106.71114921569824,604.6838760375977
107.66839981079102,608.2580089569092
104.42590713500977,605.0622463226318
106.74929618835449,607.1207523345947
105.28373718261719,608.7141036987305
104.71105575561523,611.4161014556885
102.02693939208984,606.7402362823486
103.89494895935059,608.3519458770752
105.9877872467041,615.0152683258057
105.32712936401367,606.8642139434814
105.12781143188477,607.8431606292725
103.18613052368164,605.6132316589355
105.42678833007812,615.1411533355713
104.32791709899902,613.5191917419434
103.63483428955078,612.5848293304443
107.49697685241699,611.7329597473145
103.60598564147949,606.6179275512695
102.76103019714355,608.3359718322754
104.05182838439941,608.7031364440918
104.44092750549316,609.1790199279785
106.28414154052734,606.752872467041
106.87518119812012,604.9320697784424
107.50007629394531,606.3978672027588
105.38196563720703,606.2579154968262
108.79802703857422,607.4283123016357
102.95724868774414,612.0917797088623
102.76317596435547,606.5819263458252
106.80770874023438,603.8200855255127
106.33277893066406,616.3420677185059
103.35683822631836,609.3313694000244
103.84011268615723,606.4250469207764
104.77590560913086,605.2470207214355
103.22403907775879,611.3872528076172
103.36709022521973,613.1939888000488
104.72393035888672,605.025053024292
106.21213912963867,606.0090065002441
105.58795928955078,610.0859642028809
105.09109497070312,608.2649230957031
103.34515571594238,611.4187240600586
104.16007041931152,605.4489612579346
104.61997985839844,610.5358600616455
104.37726974487305,607.3307991027832
104.02989387512207,612.602949142456
104.98404502868652,606.3170433044434
105.37195205688477,608.6320877075195
106.18305206298828,605.8082580566406
104.21204566955566,610.7621192932129
105.65900802612305,606.3838005065918
106.05001449584961,606.3039302825928
102.84900665283203,605.9138774871826
103.05404663085938,608.0811023712158
103.42097282409668,604.6199798583984
102.93889045715332,606.6360473632812
104.23016548156738,604.9158573150635
104.36224937438965,607.5451374053955
105.17501831054688,605.0119400024414
104.55894470214844,608.022928237915
106.75621032714844,609.9481582641602
105.27706146240234,611.6299629211426
105.85808753967285,609.5139980316162
107.18894004821777,608.2391738891602
104.33793067932129,610.0091934204102
105.87787628173828,607.1920394897461
102.64086723327637,606.1708927154541
102.67472267150879,609.8482608795166
104.0809154510498,605.4830551147461
104.60424423217773,608.1759929656982
107.2852611541748,605.1182746887207
107.09500312805176,606.5380573272705
103.55997085571289,607.0652008056641
104.92205619812012,605.7760715484619
105.8816909790039,605.6292057037354
104.54130172729492,605.658769607544
105.32903671264648,609.976053237915
105.99279403686523,618.1278228759766
105.72004318237305,608.9601516723633
103.49607467651367,607.2859764099121
102.62298583984375,606.6670417785645
103.68990898132324,610.2550029754639
104.33292388916016,611.9379997253418
104.35199737548828,609.7509860992432
104.49886322021484,609.3120574951172
106.13465309143066,606.8918704986572
104.8738956451416,606.9850921630859
104.51698303222656,604.2780876159668
103.91497611999512,603.9509773254395
104.82287406921387,606.1837673187256
105.59797286987305,609.2832088470459
106.60886764526367,607.2030067443848
104.43902015686035,605.8800220489502
105.12900352478027,606.3671112060547
106.50229454040527,609.4789505004883
105.03697395324707,608.0358028411865
107.15913772583008,607.8636646270752
107.15866088867188,608.6959838867188
105.55171966552734,606.5480709075928
105.86023330688477,606.022834777832
104.8738956451416,606.5559387207031
105.07488250732422,608.0749034881592
103.40619087219238,603.1749248504639
106.20307922363281,605.5679321289062
104.57921028137207,605.1030158996582
105.88693618774414,604.1958332061768
106.53495788574219,615.8289909362793
104.76398468017578,617.6309585571289
103.16705703735352,610.792875289917
106.16683959960938,605.1771640777588
107.85317420959473,607.0587635040283
103.06000709533691,607.3718070983887
103.58285903930664,605.7980060577393
106.81700706481934,610.6770038604736
103.46698760986328,604.7863960266113
104.3860912322998,604.8228740692139
105.21101951599121,612.2901439666748
103.8351058959961,607.4211597442627
105.12685775756836,607.3620319366455
103.87301445007324,609.238862991333
105.30209541320801,604.3667793273926
105.67593574523926,605.963945388794
109.18807983398438,605.4391860961914
104.33101654052734,607.539176940918
108.66379737854004,609.0450286865234
109.82799530029297,604.5842170715332
103.96409034729004,620.629072189331
103.32608222961426,606.0941219329834
104.97903823852539,605.2868366241455
105.06701469421387,608.5629463195801
107.0561408996582,618.340253829956
105.77797889709473,605.2730083465576
105.44109344482422,607.7549457550049
104.27093505859375,607.8758239746094
105.73410987854004,606.7001819610596
104.01511192321777,606.909990310669
105.08608818054199,605.2391529083252
103.2419204711914,610.2640628814697
103.87086868286133,609.7557544708252
103.54399681091309,605.6509017944336
104.65312004089355,614.2270565032959
102.69904136657715,605.2360534667969
107.02800750732422,609.2150211334229
105.13687133789062,609.5149517059326
107.8648567199707,615.6110763549805
105.1168441772461,607.6009273529053
105.99279403686523,604.6247482299805
103.74283790588379,610.7797622680664
104.63213920593262,606.2099933624268
104.04610633850098,605.9629917144775
102.01692581176758,608.3989143371582
104.38299179077148,607.1481704711914
106.17923736572266,604.881763458252
107.05995559692383,609.3199253082275
103.54828834533691,616.9931888580322
105.77797889709473,615.2210235595703
105.49092292785645,616.4159774780273
104.57682609558105,615.0426864624023
111.01794242858887,607.1219444274902
110.7480525970459,606.7571640014648
109.36665534973145,606.7309379577637
103.53398323059082,616.4097785949707
104.94065284729004,610.2340221405029
104.80690002441406,617.7489757537842
103.92427444458008,604.9771308898926
103.80792617797852,609.3382835388184
105.57699203491211,615.4451370239258
106.20594024658203,611.199140548706
105.44061660766602,612.4980449676514
103.96170616149902,610.1369857788086
103.58500480651855,611.0641956329346
105.3459644317627,605.5660247802734
104.56323623657227,607.6128482818604
105.3619384765625,608.1342697143555
107.39398002624512,608.910083770752
106.50277137756348,610.6808185577393
104.93612289428711,609.889030456543
109.10224914550781,608.7100505828857
104.61211204528809,607.0427894592285
105.8039665222168,608.3030700683594
103.7299633026123,606.2350273132324
104.13813591003418,607.3668003082275
103.84798049926758,606.583833694458
104.3252944946289,607.9962253570557
105.01909255981445,608.3829402923584
103.38997840881348,605.6146621704102
105.81398010253906,606.281042098999
110.85009574890137,604.834794998169
110.86726188659668,605.7243347167969
109.85517501831055,607.733964920044
107.8190803527832,603.6090850830078
113.11507225036621,607.7570915222168
109.13896560668945,608.2360744476318
108.33096504211426,607.9816818237305
104.39491271972656,606.1768531799316
105.38506507873535,611.3650798797607
105.08584976196289,607.7430248260498
104.42900657653809,612.8940582275391
107.76805877685547,608.6647510528564
105.09991645812988,607.8231334686279
105.21912574768066,605.5338382720947
105.19123077392578,607.1512699127197
109.50303077697754,605.2701473236084
103.55520248413086,605.9057712554932
103.73115539550781,612.9498481750488
105.3171157836914,604.7699451446533
105.12399673461914,605.8318614959717
107.01394081115723,608.3950996398926
106.1258316040039,604.5639514923096
105.93104362487793,608.734130859375
106.59098625183105,608.3099842071533
104.13599014282227,608.2310676574707
103.65009307861328,607.6219081878662
105.37290573120117,616.7118549346924
106.77480697631836,618.617057800293
106.47010803222656,608.0131530761719
106.60409927368164,612.1792793273926
109.93099212646484,608.555793762207
114.84479904174805,605.1981449127197
105.06200790405273,604.2962074279785
103.62863540649414,622.2860813140869
102.83899307250977,607.4411869049072
102.05984115600586,606.3668727874756
104.58803176879883,606.9390773773193
104.52985763549805,608.6819171905518
102.98013687133789,610.0821495056152
104.89130020141602,606.0121059417725
102.46610641479492,605.313777923584
104.01082038879395,605.5219173431396
104.83288764953613,605.320930480957
104.11286354064941,604.0091514587402
103.91497611999512,610.5849742889404
104.2029857635498,606.9459915161133
102.64921188354492,609.7636222839355
102.73194313049316,605.0717830657959
103.23619842529297,605.187177658081
103.2571792602539,605.3929328918457
103.23095321655273,608.2372665405273
104.02488708496094,609.2989444732666
103.40309143066406,607.0199012756348
103.27029228210449,605.8990955352783
103.03783416748047,608.0858707427979
103.09195518493652,609.001874923706
105.41796684265137,605.5572032928467
104.88080978393555,605.2091121673584
103.21879386901855,606.2130928039551
104.5522689819336,607.9411506652832
102.9200553894043,606.4620018005371
103.41906547546387,607.3811054229736
106.28676414489746,605.8530807495117
105.62491416931152,606.7209243774414
103.99007797241211,604.4528484344482
104.44021224975586,611.2377643585205
103.00493240356445,604.8851013183594
103.1498908996582,605.7417392730713
103.22403907775879,605.4859161376953
103.5621166229248,610.6119155883789
106.31227493286133,610.9509468078613
102.79202461242676,697.045087814331
102.8909683227539,618.6528205871582
103.11198234558105,619.1258430480957
103.98602485656738,605.4039001464844
103.79695892333984,605.9792041778564
103.69014739990234,670.7167625427246
105.40604591369629,636.4450454711914
105.5459976196289,618.6039447784424
107.38873481750488,610.3038787841797
105.22270202636719,618.4329986572266
105.69119453430176,607.7620983123779
104.7511100769043,622.7538585662842
103.44815254211426,623.002290725708
105.03768920898438,604.4788360595703
105.92007637023926,604.7091484069824
103.6829948425293,605.1480770111084
106.49299621582031,608.9110374450684
104.04801368713379,603.734016418457
104.33411598205566,605.7980060577393
107.08498954772949,607.5780391693115
110.02397537231445,606.6341400146484
103.71112823486328,605.6649684906006
105.3619384765625,607.4049472808838
104.84194755554199,607.3691844940186
103.94477844238281,605.0770282745361
103.86395454406738,605.151891708374
104.62093353271484,607.2409152984619
107.65600204467773,605.7391166687012
104.22801971435547,609.3049049377441
105.25321960449219,606.48512840271
104.90584373474121,606.6749095916748
104.57301139831543,609.8670959472656
104.85076904296875,621.253252029419
104.13599014282227,622.8270530700684
106.19091987609863,609.5089912414551
107.18202590942383,609.0922355651855
106.42504692077637,607.2969436645508
105.2999496459961,607.9659461975098
106.80127143859863,606.5359115600586
106.93478584289551,616.1730289459229
107.46288299560547,608.483076095581
105.89957237243652,613.0537986755371
105.59988021850586,609.764814376831
105.19099235534668,606.1880588531494
106.70804977416992,613.4912967681885
106.2459945678711,604.4909954071045
106.41002655029297,608.2906723022461
106.31489753723145,605.5262088775635
104.56180572509766,606.6939830780029
104.98213768005371,607.0690155029297
105.21912574768066,609.9331378936768
106.95409774780273,605.7038307189941
103.48105430603027,605.9348583221436
105.44824600219727,607.8007221221924
105.3929328918457,612.401008605957
104.91013526916504,604.7489643096924
107.5589656829834,608.9491844177246
107.72490501403809,608.8080406188965
103.89566421508789,611.781120300293
106.21070861816406,608.2768440246582
106.60314559936523,607.6390743255615
105.8189868927002,608.7400913238525
106.0788631439209,605.961799621582
111.81306838989258,611.3357543945312
112.75100708007812,609.7469329833984
113.60526084899902,607.1338653564453
108.97421836853027,609.2231273651123
104.32195663452148,610.0480556488037
103.61695289611816,606.6689491271973
108.26611518859863,607.5069904327393
106.9340705871582,621.1259365081787
106.35638236999512,609.3261241912842
108.86025428771973,607.7938079833984
105.96084594726562,611.6869449615479
107.86914825439453,606.3141822814941
105.96513748168945,608.1430912017822
105.04698753356934,608.4640026092529
107.78117179870605,613.745927810669
106.10413551330566,605.7040691375732
111.08016967773438,603.5656929016113
106.44674301147461,610.0890636444092
106.45389556884766,606.1801910400391
113.56592178344727,612.6489639282227
108.81710052490234,608.1757545471191
104.9032211303711,605.5898666381836
104.27594184875488,631.4761638641357
108.1540584564209,631.2310695648193
109.80606079101562,606.0309410095215
109.55214500427246,620.5687522888184
106.53901100158691,604.743242263794
107.50532150268555,609.0660095214844
105.2999496459961,620.4168796539307
106.44817352294922,606.9591045379639
106.17399215698242,613.0871772766113
108.38794708251953,607.0148944854736
113.03210258483887,603.9659976959229
103.80697250366211,605.1101684570312
106.17399215698242,609.5128059387207
106.07600212097168,614.3841743469238
107.30600357055664,605.3149700164795
105.32689094543457,603.9659976959229
106.53901100158691,605.1549911499023
104.95877265930176,604.7828197479248
109.66920852661133,606.7430973052979
110.18896102905273,604.8140525817871
110.83006858825684,605.0090789794922
109.93170738220215,606.339693069458
107.52511024475098,608.1621646881104
108.21294784545898,606.5280437469482
110.00680923461914,606.1289310455322
105.01289367675781,608.0100536346436
104.05206680297852,605.5669784545898
104.52508926391602,608.4039211273193
105.81803321838379,604.5069694519043
105.47471046447754,608.8440418243408
107.15198516845703,606.1460971832275
107.33175277709961,606.536865234375
107.20515251159668,608.3290576934814
107.92708396911621,610.0807189941406
104.38203811645508,609.2662811279297
106.7819595336914,609.4560623168945
106.28986358642578,606.4577102661133
105.29780387878418,612.7989292144775
105.60202598571777,615.9238815307617
107.56492614746094,617.9530620574951
104.65097427368164,614.4132614135742
105.54695129394531,607.8629493713379
105.54885864257812,609.8880767822266
104.40897941589355,610.6350421905518
102.84805297851562,604.7956943511963
104.22587394714355,617.4938678741455
103.85727882385254,606.1408519744873
105.66282272338867,607.5217723846436
104.91800308227539,612.8740310668945
105.16476631164551,613.8412952423096
103.65486145019531,608.1349849700928
104.05778884887695,605.726957321167
105.8812141418457,606.0521602630615
107.08999633789062,608.0210208892822
106.13393783569336,607.3470115661621
103.99913787841797,606.9631576538086
104.38919067382812,606.1172485351562
103.79505157470703,606.3511371612549
103.32393646240234,607.309103012085
102.94294357299805,607.7311038970947
101.96495056152344,607.8259944915771
102.18596458435059,605.5350303649902
105.1337718963623,606.1789989471436
105.47685623168945,608.1879138946533
104.89892959594727,605.8099269866943
105.47876358032227,607.1829795837402
104.52795028686523,607.5060367584229
103.98268699645996,604.529857635498
102.8439998626709,607.7961921691895
102.57697105407715,605.7541370391846
104.25019264221191,610.9371185302734
103.19113731384277,605.4892539978027
104.28309440612793,604.3989658355713
104.0501594543457,614.3817901611328
103.59668731689453,605.0918102264404
104.65288162231445,607.6569557189941
103.95216941833496,610.7959747314453
102.57911682128906,604.7830581665039
103.38521003723145,604.884147644043
102.61821746826172,606.01806640625
103.51324081420898,606.147050857544
104.28023338317871,612.6031875610352
102.87618637084961,608.2041263580322
104.72607612609863,608.3331108093262
105.31115531921387,609.1599464416504
104.9957275390625,609.9381446838379
103.68061065673828,604.3739318847656
102.5841236114502,604.5148372650146
104.13599014282227,605.4592132568359
104.44808006286621,611.8557453155518
108.96110534667969,607.6679229736328
106.97078704833984,606.8360805511475
106.36115074157715,608.3440780639648
108.20198059082031,605.9000492095947
105.02386093139648,605.8671474456787
103.1789779663086,604.8920154571533
102.67019271850586,610.7630729675293
102.89812088012695,615.9229278564453
104.02584075927734,623.7678527832031
105.11302947998047,615.9789562225342
105.71599006652832,613.2919788360596
105.1788330078125,612.429141998291
106.22310638427734,615.2770519256592
104.70294952392578,616.2927150726318
104.04396057128906,609.0481281280518
104.1560173034668,607.1779727935791
106.9939136505127,612.138032913208
104.45213317871094,608.2048416137695
105.39889335632324,607.7311038970947
105.2999496459961,614.0470504760742
110.4879379272461,612.3912334442139
111.2051010131836,606.8308353424072
109.53783988952637,608.5638999938965
106.83321952819824,607.429027557373
108.2758903503418,606.7030429840088
106.3849925994873,607.4302196502686
109.30824279785156,607.2208881378174
107.02300071716309,606.9068908691406
106.95695877075195,608.1511974334717
104.06112670898438,605.3071022033691
105.05914688110352,606.748104095459
104.94112968444824,607.7020168304443
113.05785179138184,604.7987937927246
112.9448413848877,606.604814529419
114.16387557983398,605.6451797485352
109.82608795166016,605.2119731903076
112.25199699401855,605.9718132019043
107.8941822052002,606.0760021209717
103.88803482055664,608.4702014923096
103.63912582397461,607.3689460754395
104.25591468811035,605.9200763702393
106.28104209899902,605.4151058197021
107.6040267944336,611.2618446350098
104.73513603210449,608.217716217041
105.3469181060791,605.9780120849609
103.20687294006348,608.494758605957
105.27420043945312,607.6111793518066
105.77011108398438,605.7097911834717
106.81700706481934,607.6998710632324
106.31823539733887,608.0341339111328
106.41002655029297,607.1109771728516
104.72416877746582,607.8989505767822
106.22596740722656,607.7630519866943
103.82890701293945,606.5883636474609
104.43425178527832,604.5050621032715
105.14998435974121,609.1310977935791
106.25815391540527,605.4270267486572
104.95305061340332,604.4368743896484
107.0101261138916,607.1438789367676
108.7198257446289,608.0248355865479
107.76901245117188,607.5260639190674
110.260009765625,610.5978488922119
106.59408569335938,606.5778732299805
109.74693298339844,610.8500957489014
109.7099781036377,605.7562828063965
108.62517356872559,613.5578155517578
104.5219898223877,607.6819896697998
104.69913482666016,607.2409152984619
107.7268123626709,606.9869995117188
108.3230972290039,606.2071323394775
104.17008399963379,608.022928237915
105.68404197692871,607.7518463134766
108.2918643951416,607.9161167144775
105.1182746887207,616.4028644561768
105.6969165802002,606.7390441894531
104.78806495666504,607.1629524230957
106.74309730529785,608.6618900299072
104.48384284973145,604.625940322876
105.86881637573242,604.4180393218994
105.68976402282715,607.0160865783691
105.5750846862793,608.0629825592041
105.4677963256836,606.8360805511475
106.76693916320801,606.8322658538818
106.59575462341309,604.9540042877197
106.40096664428711,606.7101955413818
104.35009002685547,607.5410842895508
106.26101493835449,604.5901775360107
109.27224159240723,621.938943862915
114.56489562988281,616.3017749786377
107.81311988830566,616.868257522583
103.8351058959961,613.6481761932373
106.54902458190918,606.0502529144287
103.90496253967285,610.0306510925293
104.52580451965332,619.927167892456
103.10912132263184,607.1670055389404
106.44769668579102,610.8589172363281
107.20300674438477,606.2929630279541
115.30709266662598,606.1649322509766
107.44905471801758,619.3511486053467
109.30991172790527,607.9652309417725
106.68802261352539,608.2491874694824
107.75136947631836,605.9360504150391
106.58597946166992,607.4001789093018
104.63905334472656,610.1620197296143
106.80007934570312,606.4190864562988
108.36982727050781,603.9218902587891
108.26492309570312,608.2282066345215
108.0770492553711,616.2707805633545
103.22904586791992,610.4199886322021
103.87516021728516,610.7890605926514
104.85386848449707,608.9498996734619
105.0722599029541,608.5870265960693
111.64617538452148,608.0179214477539
109.95912551879883,608.9739799499512
103.28483581542969,608.1547737121582
102.47611999511719,606.2808036804199
107.47528076171875,607.5301170349121
105.79824447631836,605.457067489624
104.95996475219727,611.8831634521484
106.92095756530762,609.8129749298096
105.48686981201172,605.8409214019775
102.68712043762207,605.8480739593506
103.9741039276123,605.4039001464844
102.92291641235352,608.9048385620117
103.18398475646973,605.5560111999512
103.66296768188477,604.506254196167
106.45318031311035,605.2570343017578
103.55973243713379,608.8447570800781
105.17311096191406,606.4538955688477
103.87897491455078,607.8071594238281
105.10993003845215,606.8170070648193
103.52206230163574,618.5050010681152
105.43417930603027,610.5670928955078
109.03596878051758,611.6816997528076
106.36210441589355,608.400821685791
106.91595077514648,607.6748371124268
103.23023796081543,609.2169284820557
108.00480842590332,610.2030277252197
107.269287109375,608.0219745635986
104.6149730682373,605.921745300293
104.04300689697266,605.1151752471924
106.74405097961426,607.9819202423096
102.96010971069336,618.9398765563965
102.49972343444824,604.7830581665039
101.6230583190918,605.3690910339355
103.77192497253418,606.0090065002441
104.31122779846191,607.914924621582
103.84988784790039,606.7802906036377
104.06899452209473,607.0449352264404
106.14895820617676,616.1930561065674
106.00590705871582,610.0118160247803
103.77311706542969,611.1891269683838
103.0569076538086,610.5520725250244
103.69300842285156,610.112190246582
103.71708869934082,609.2660427093506
104.77471351623535,604.7000885009766
104.2470932006836,608.5948944091797
105.17311096191406,606.5659523010254
104.12812232971191,607.1391105651855
102.79297828674316,606.5850257873535
104.1421890258789,608.2789897918701
102.84686088562012,614.713191986084
108.21080207824707,608.5948944091797
106.08720779418945,610.9950542449951
108.28900337219238,606.809139251709
102.97203063964844,608.6158752441406
106.51302337646484,611.2329959869385
103.75404357910156,607.0311069488525
105.76415061950684,608.3428859710693
105.35502433776855,604.7968864440918
102.45919227600098,605.6158542633057
103.12509536743164,609.4629764556885
103.1029224395752,607.4681282043457
103.3179759979248,606.2867641448975
104.4917106628418,607.1391105651855
103.5010814666748,606.083869934082
102.19693183898926,608.7758541107178
103.98292541503906,607.0399284362793
102.51021385192871,606.086015701294
103.60002517700195,608.4921360015869
102.76579856872559,612.6210689544678
102.97226905822754,606.7430973052979
104.41398620605469,607.5589656829834
102.33807563781738,607.0621013641357
103.02996635437012,605.8199405670166
102.24008560180664,606.734037399292
102.79607772827148,606.407880783081
104.90608215332031,605.5481433868408
104.57921028137207,608.731746673584
104.11787033081055,607.0780754089355
106.22096061706543,614.0501499176025
103.87706756591797,605.9069633483887
103.74307632446289,607.8078746795654
103.1029224395752,605.9072017669678
103.79910469055176,608.856201171875
104.0487289428711,606.9431304931641
104.23612594604492,605.226993560791
102.28204727172852,606.3530445098877
103.64913940429688,606.5258979797363
103.240966796875,605.3309440612793
102.32996940612793,607.6312065124512
102.12373733520508,609.9979877471924
103.82390022277832,612.6761436462402
102.6008129119873,605.6170463562012
103.38902473449707,607.2089672088623
102.15592384338379,609.2329025268555
102.91671752929688,610.7933521270752
104.41923141479492,607.6529026031494
102.66304016113281,606.132984161377
103.00183296203613,613.8978004455566
103.84202003479004,606.2688827514648
102.75506973266602,608.8428497314453
104.05111312866211,608.8330745697021
103.78074645996094,606.7812442779541
103.68490219116211,604.7379970550537
105.27300834655762,609.1299057006836
104.15530204772949,608.0069541931152
104.72488403320312,607.1250438690186
105.05914688110352,619.1260814666748
102.93292999267578,619.9750900268555
102.38528251647949,605.7791709899902
105.62992095947266,605.2720546722412
103.05905342102051,606.8160533905029
103.2249927520752,607.6929569244385
102.75411605834961,609.8990440368652
106.1241626739502,607.5968742370605
102.68330574035645,608.1569194793701
102.73194313049316,608.7517738342285
105.11207580566406,604.3388843536377
105.40294647216797,613.3501529693604
103.70159149169922,608.6828708648682
103.76214981079102,605.4232120513916
104.26807403564453,606.4870357513428
110.99696159362793,608.7827682495117
112.1668815612793,605.8850288391113
120.66817283630371,608.5128784179688
103.50489616394043,607.119083404541
121.58703804016113,605.3359508514404
105.08918762207031,606.5809726715088
102.43082046508789,610.1529598236084
102.70524024963379,606.652021408081
102.67114639282227,613.4920120239258
104.23612594604492,606.097936630249
105.37195205688477,605.8900356292725
103.53374481201172,609.3339920043945
103.29508781433105,607.367753982544
106.07099533081055,608.1008911132812
104.34794425964355,607.3150634765625
107.76090621948242,606.5480709075928
121.40512466430664,607.4848175048828
123.17204475402832,608.0770492553711
121.50692939758301,607.0399284362793
115.31591415405273,606.6920757293701
104.75277900695801,607.492208480835
104.80189323425293,607.4328422546387
107.86795616149902,606.2119007110596
104.58612442016602,606.4751148223877
106.33707046508789,607.2523593902588
106.60099983215332,620.5098628997803
117.66481399536133,607.3927879333496
122.38788604736328,607.926607131958
122.20621109008789,606.1029434204102
119.06003952026367,608.741044998169
117.18893051147461,607.5620651245117
103.56616973876953,608.4589958190918
105.27205467224121,617.7589893341064
105.59892654418945,625.0488758087158
104.46524620056152,612.541913986206
104.88390922546387,619.1532611846924
106.8580150604248,618.3481216430664
106.04500770568848,605.6640148162842
104.12812232971191,604.266881942749
106.01091384887695,605.6721210479736
105.33809661865234,607.4490547180176
108.74509811401367,611.0939979553223
111.13190650939941,607.5491905212402
104.14385795593262,609.6320152282715
114.39299583435059,623.2588291168213
104.24494743347168,
107.21302032470703,
112.54191398620605,
115.57912826538086,
116.6532039642334,
113.26909065246582,
112.09487915039062,
114.6402359008789,
111.94634437561035,
109.45606231689453,
104.41398620605469,
105.85665702819824,
105.55291175842285,
106.70590400695801,
106.7049503326416,
107.79595375061035,
110.22615432739258,
107.48887062072754,
113.37494850158691,
114.10307884216309,
111.77802085876465,
109.25817489624023,
109.2841625213623,
107.46002197265625,
113.66915702819824,
106.3392162322998,
105.37886619567871,
104.99191284179688,
104.60972785949707,
105.6361198425293,
105.41105270385742,
105.86905479431152,
105.90577125549316,
105.11302947998047,
108.76274108886719,
105.29398918151855,
103.77311706542969,
106.42790794372559,
105.8187484741211,
103.7898063659668,
103.53684425354004,
102.54788398742676,
102.15282440185547,
103.04784774780273,
106.3377857208252,
108.29472541809082,
105.57007789611816,
102.64706611633301,
102.80919075012207,
103.82795333862305,
104.33197021484375,
105.05175590515137,
103.38830947875977,
104.51412200927734,
103.2876968383789,
102.94771194458008,
103.41310501098633,
105.05390167236328,
102.19097137451172,
103.87611389160156,
103.68180274963379,
103.71708869934082,
106.29892349243164,
106.11486434936523,
104.4318675994873,
107.1321964263916,
107.6817512512207,
102.97012329101562,
105.18002510070801,
103.9581298828125,
104.47001457214355,
105.00574111938477,
108.61802101135254,
108.0770492553711,
106.21070861816406,
103.52492332458496,
104.67815399169922,
104.57396507263184,
105.25703430175781,
104.28595542907715,
105.92508316040039,
105.79681396484375,
104.51984405517578,
104.64620590209961,
105.2088737487793,
105.50308227539062,
105.4229736328125,
103.59907150268555,
106.79197311401367,
106.5828800201416,
107.27787017822266,
106.40883445739746,
104.22492027282715,
105.98897933959961,
106.21070861816406,
106.59289360046387,
104.7220230102539,
106.31704330444336,
102.6618480682373,
104.91585731506348,
103.8360595703125,
105.58700561523438,
105.21912574768066,
106.4608097076416,
107.31792449951172,
108.29710960388184,
108.02578926086426,
104.27188873291016,
105.20768165588379,
106.87494277954102,
106.52685165405273,
105.0872802734375,
104.12907600402832,
103.61599922180176,
104.44378852844238,
105.57889938354492,
104.62594032287598,
111.15813255310059,
104.23898696899414,
104.31504249572754,
107.55014419555664,
105.45182228088379,
103.0428409576416,
104.06994819641113,
103.18899154663086,
104.33101654052734,
102.86927223205566,
102.71787643432617,
105.35717010498047,
103.79886627197266,
106.0948371887207,
104.99978065490723,
103.42931747436523,
104.89916801452637,
107.84006118774414,
106.4908504486084,
106.20903968811035,
109.09795761108398,
104.25400733947754,
104.43401336669922,
107.27310180664062,
105.65519332885742,
106.11319541931152,
104.66885566711426,
104.64000701904297,
105.90171813964844,
103.84202003479004,
104.10690307617188,
104.24184799194336,
106.5831184387207,
106.4457893371582,
108.0327033996582,
108.08682441711426,
106.66179656982422,
104.08997535705566,
105.16786575317383,
106.94122314453125,
105.47924041748047,
103.87778282165527,
103.63292694091797,
104.35199737548828,
104.95495796203613,
104.68602180480957,
104.07090187072754,
111.2830638885498,
105.71098327636719,
104.09975051879883,
105.53479194641113,
107.07998275756836,
113.83795738220215,
111.66810989379883,
113.03329467773438,
106.34899139404297,
103.65986824035645,
105.1948070526123,
104.68101501464844,
105.5140495300293,
104.19201850891113,
104.4309139251709,
108.3981990814209,
107.28001594543457,
105.36599159240723,
109.46989059448242,
117.1422004699707,
106.30106925964355,
112.89095878601074,
114.75610733032227,
118.85404586791992,
116.84203147888184,
110.59403419494629,
105.13901710510254,
108.12807083129883,
108.94894599914551,
106.08220100402832,
104.84123229980469,
107.17892646789551,
105.1490306854248,
102.67305374145508,
109.19499397277832,
113.73209953308105,
105.4830551147461,
104.52723503112793,
104.57921028137207,
104.54988479614258,
107.75089263916016,
108.71100425720215,
109.47203636169434,
106.50300979614258,
105.85498809814453,
105.03983497619629,
107.42783546447754,
106.22096061706543,
107.3157787322998,
109.17925834655762,
107.60498046875,
111.84024810791016,
111.73486709594727,
113.72923851013184,
112.69330978393555,
115.43703079223633,
110.38708686828613,
106.6899299621582,
103.18398475646973,
103.45578193664551,
103.9726734161377,
108.28685760498047,
104.45213317871094,
105.59296607971191,
104.86197471618652,
106.82010650634766,
105.0112247467041,
103.69086265563965,
105.74221611022949,
104.10284996032715,
104.94184494018555,
106.6899299621582,
105.18980026245117,
104.60400581359863,
103.5001277923584,
106.16493225097656,
104.82001304626465,
105.74507713317871,
104.888916015625,
106.63127899169922,
108.08205604553223,
107.53083229064941,
106.85276985168457,
107.99384117126465,
104.33697700500488,
106.67920112609863,
106.69684410095215,
104.3999195098877,
103.3010482788086,
107.70010948181152,
106.79197311401367,
107.5599193572998,
108.38079452514648,
105.85808753967285,
104.99286651611328,
103.6980152130127,
106.35495185852051,
105.29923439025879,
105.32808303833008,
105.89385032653809,
108.91413688659668,
104.37607765197754,
103.73091697692871,
105.62610626220703,
107.75184631347656,
107.05804824829102,
108.06488990783691,
105.92007637023926,
105.3471565246582,
106.09006881713867,
108.03008079528809,
105.4837703704834,
104.53605651855469,
108.71410369873047,
102.81801223754883,
106.5518856048584,
105.9560775756836,
107.22994804382324,
106.59003257751465,
106.91714286804199,
106.97197914123535,
105.13591766357422,
105.29303550720215,
104.17604446411133,
103.99317741394043,
105.19003868103027,
106.99605941772461,
106.0030460357666,
106.09889030456543,
104.66599464416504,
106.65607452392578,
107.58805274963379,
110.63122749328613,
106.4140796661377,
105.2238941192627,
107.6197624206543,
105.52287101745605,
107.64813423156738,
107.60307312011719,
105.39984703063965,
103.99222373962402,
105.1788330078125,
104.60329055786133,
108.12592506408691,
103.08027267456055,
104.1100025177002,
105.47399520874023,
106.02378845214844,
113.08789253234863,
104.28094863891602,
104.94589805603027,
106.9791316986084,
110.67605018615723,
108.98709297180176,
107.68890380859375,
104.11500930786133,
105.39507865905762,
105.26013374328613,
105.2098274230957,
105.18670082092285,
104.91704940795898,
106.26792907714844,
104.73203659057617,
105.76391220092773,
107.32221603393555,
103.96599769592285,
106.54091835021973,
106.01425170898438,
107.33294486999512,
106.5969467163086,
107.3312759399414,
114.19820785522461,
113.08407783508301,
114.33529853820801,
109.68708992004395,
104.02798652648926,
103.0111312866211,
106.49394989013672,
105.20792007446289,
105.25107383728027,
106.00090026855469,
105.48520088195801,
107.26809501647949,
103.75213623046875,
106.12678527832031,
105.49402236938477,
104.6290397644043,
102.94699668884277,
105.82804679870605,
113.05785179138184,
106.56094551086426,
106.3389778137207,
105.0717830657959,
106.9340705871582,
107.8329086303711,
108.60419273376465,
105.94367980957031,
104.48098182678223,
105.76105117797852,
105.83186149597168,
117.15507507324219,
114.24612998962402,
106.23693466186523,
117.0496940612793,
114.41993713378906,
107.60092735290527,
115.45896530151367,
107.14006423950195,
105.11994361877441,
104.97689247131348,
108.11805725097656,
105.58319091796875,
108.55817794799805,
106.23788833618164,
114.88914489746094,
113.52300643920898,
118.24417114257812,
106.5068244934082,
104.06184196472168,
107.43117332458496,
108.7799072265625,
109.6339225769043,
105.98921775817871,
105.55291175842285,
104.00581359863281,
104.37774658203125,
108.57486724853516,
115.02790451049805,
104.07710075378418,
104.18987274169922,
107.51199722290039,
105.31377792358398,
105.15975952148438,
104.68816757202148,
104.80999946594238,
104.49790954589844,
105.92293739318848,
103.57499122619629,
105.72385787963867,
105.02982139587402,
104.4013500213623,
106.5511703491211,
107.24472999572754,
107.36513137817383,
104.98380661010742,
107.15579986572266,
107.11503028869629,
111.25516891479492,
110.1071834564209,
105.99899291992188,
105.99613189697266,
104.51197624206543,
105.49616813659668,
108.49404335021973,
103.26814651489258,
105.32879829406738,
105.73196411132812,
106.66704177856445,
107.51581192016602,
105.01408576965332,
107.2242259979248,
106.2772274017334,
106.02307319641113,
104.28810119628906,
109.3137264251709,
103.38401794433594,
108.53290557861328,
105.30376434326172,
105.24892807006836,
105.26418685913086,
104.39586639404297,
104.93206977844238,
104.0961742401123,
103.79290580749512,
103.39903831481934,
107.81502723693848,
105.28087615966797,
106.09197616577148,
104.55799102783203,
104.06208038330078,
103.3620834350586,
105.15975952148438,
103.92212867736816,
103.6067008972168,
105.17215728759766,
106.74595832824707,
107.9111099243164,
104.63476181030273,
112.20407485961914,
113.00802230834961,
105.0260066986084,
109.14492607116699,
104.74681854248047,
103.24907302856445,
103.78503799438477,
106.96125030517578,
105.85808753967285,
102.86712646484375,
105.40390014648438,
104.11763191223145,
104.19201850891113,
105.80897331237793,
104.99095916748047,
105.99589347839355,
105.87382316589355,
107.61785507202148,
106.39119148254395,
108.66093635559082,
105.72099685668945,
108.61921310424805,
108.22701454162598,
102.84686088562012,
104.93683815002441,
104.41923141479492,
105.37028312683105,
106.38904571533203,
105.20076751708984,
104.18915748596191,
103.95598411560059,
103.12199592590332,
103.00183296203613,
102.78487205505371,
112.11585998535156,
106.07624053955078,
103.44815254211426,
104.6450138092041,
105.29685020446777,
106.35972023010254,
106.21285438537598,
109.04693603515625,
108.22296142578125,
104.42686080932617,
106.8868637084961,
105.32212257385254,
105.39603233337402,
103.68108749389648,
102.74982452392578,
103.44314575195312,
105.99112510681152,
104.27594184875488,
103.51991653442383,
104.24613952636719,
104.17008399963379,
104.43806648254395,
103.82580757141113,
104.22086715698242,
104.9048900604248,
103.67417335510254,
103.87086868286133,
105.09371757507324,
106.91189765930176,
104.73394393920898,
104.40397262573242,
104.45499420166016,
106.15992546081543,
104.66480255126953,
103.77717018127441,
104.73084449768066,
107.41996765136719,
105.63087463378906,
107.00273513793945,
105.76915740966797,
107.62190818786621,
105.65924644470215,
107.41519927978516,
106.23407363891602,
111.10401153564453,
106.27603530883789,
109.14373397827148,
105.03697395324707,
105.73387145996094,
106.03094100952148,
103.71184349060059,
104.6757698059082,
105.32975196838379,
103.46198081970215,
103.49893569946289,
105.51619529724121,
106.68301582336426,
105.58700561523438,
104.27498817443848,
103.84726524353027,
104.72702980041504,
105.21697998046875,
103.94287109375,
105.22007942199707,
104.30526733398438,
105.00001907348633,
103.7750244140625,
104.27284240722656,
107.46431350708008,
106.86302185058594,
105.51214218139648,
106.59384727478027,
103.9741039276123,
105.69500923156738,
105.26084899902344,
108.08897018432617,
107.88488388061523,
107.58781433105469,
103.8968563079834,
105.80015182495117,
104.0811538696289,
104.96115684509277,
106.62293434143066,
106.54115676879883,
105.71694374084473,
104.77805137634277,
104.86769676208496,
105.91292381286621,
104.27093505859375,
103.29890251159668,
104.92277145385742,
103.71994972229004,
105.93318939208984,
105.41391372680664,
106.6751480102539,
103.90710830688477,
105.90219497680664,
106.07409477233887,
104.86698150634766,
105.17597198486328,
104.74181175231934,
104.83407974243164,
106.43792152404785,
105.87000846862793,
105.01360893249512,
103.82223129272461,
106.89711570739746,
105.04484176635742,
104.7217845916748,
106.04095458984375,
105.33499717712402,
106.11796379089355,
107.62500762939453,
106.37640953063965,
106.36377334594727,
105.18074035644531,
106.22429847717285,
108.43396186828613,
105.17382621765137,
103.7282943725586,
104.21609878540039,
105.02219200134277,
106.21309280395508,
105.62920570373535,
105.9720516204834,
105.24797439575195,
104.64096069335938,
105.64923286437988,
113.38686943054199,
112.34903335571289,
109.58576202392578,
107.66005516052246,
105.39007186889648,
107.63978958129883,
105.37195205688477,
104.6140193939209,
105.05533218383789,
103.37615013122559,
103.73878479003906,
106.69517517089844,
107.16104507446289,
107.06710815429688,
105.87024688720703,
109.8628044128418,
114.54105377197266,
106.62984848022461,
122.06006050109863,
110.4271411895752,
120.68510055541992,
118.15333366394043,
114.40801620483398,
105.38601875305176,
104.86316680908203,
103.49369049072266,
103.6839485168457,
105.82494735717773,
107.96904563903809,
103.74283790588379,
109.50803756713867,
104.76994514465332,
104.63404655456543,
108.92510414123535,
108.36982727050781,
109.04097557067871,
110.31126976013184,
111.01794242858887,
104.33483123779297,
103.10769081115723,
104.80618476867676,
104.37917709350586,
102.95987129211426,
104.86030578613281,
104.9349308013916,
109.29203033447266,
110.57829856872559,
104.50410842895508,
104.17580604553223,
103.97219657897949,
103.25789451599121,
105.8647632598877,
103.9888858795166,
113.88707160949707,
115.16880989074707,
107.16485977172852,
118.39795112609863,
115.53192138671875,
107.40804672241211,
113.82079124450684,
107.0089340209961,
107.10811614990234,
106.5061092376709,
105.16905784606934,
106.16874694824219,
111.69981956481934,
111.82999610900879,
114.09282684326172,
106.1859130859375,
113.78312110900879,
109.34185981750488,
117.18297004699707,
104.61711883544922,
104.3400764465332,
104.13098335266113,
104.48431968688965,
105.53669929504395,
105.5750846862793,
104.81691360473633,
104.23588752746582,
104.91013526916504,
105.59201240539551,
114.03512954711914,
115.01073837280273,
117.40589141845703,
111.56582832336426,
112.63298988342285,
115.60702323913574,
123.40998649597168,
111.84525489807129,
123.06928634643555,
119.32015419006348,
122.75314331054688,
120.55516242980957,
105.94582557678223,
106.18996620178223,
105.28016090393066,
118.25180053710938,
126.19400024414062,
118.03317070007324,
123.97074699401855,
117.59614944458008,
123.41117858886719,
119.76885795593262,
125.67710876464844,
125.64802169799805,
125.31709671020508,
103.71828079223633,
105.39078712463379,
103.69181632995605,
105.1781177520752,
103.91926765441895,
103.39593887329102,
111.00196838378906,
121.0329532623291,
122.97177314758301,
122.41291999816895,
104.9962043762207,
106.6741943359375,
104.41708564758301,
104.17413711547852,
104.92396354675293,
103.92928123474121,
106.30297660827637,
105.00693321228027,
105.59391975402832,
105.32188415527344,
106.41026496887207,
106.90808296203613,
105.84282875061035,
109.06505584716797,
104.57682609558105,
105.55315017700195,
104.94399070739746,
105.07512092590332,
104.83384132385254,
106.37283325195312,
106.3838005065918,
107.95187950134277,
108.11018943786621,
108.78586769104004,
109.57479476928711,
112.86211013793945,
105.24511337280273,
106.37307167053223,
106.11295700073242,
107.18488693237305,
106.27508163452148,
104.97689247131348,
103.49369049072266,
105.70597648620605,
105.3769588470459,
105.37910461425781,
102.84996032714844,
104.06708717346191,
107.10811614990234,
107.74111747741699,
106.39214515686035,
107.21993446350098,
107.79094696044922,
105.71694374084473,
106.29487037658691,
104.34508323669434,
104.67410087585449,
104.45904731750488,
105.83305358886719,
106.6279411315918,
108.1080436706543,
103.12390327453613,
106.05788230895996,
108.8709831237793,
104.4759750366211,
105.3931713104248,
105.8192253112793,
105.8342456817627,
106.4152717590332,
105.91292381286621,
112.80417442321777,
104.81524467468262,
107.03897476196289,
104.44808006286621,
106.66990280151367,
107.04898834228516,
104.80690002441406,
107.60116577148438,
107.01680183410645,
111.34719848632812,
109.57217216491699,
118.70193481445312,
116.49513244628906,
117.21611022949219,
114.04609680175781,
116.56904220581055,
109.34305191040039,
110.56113243103027,
106.20784759521484,
105.04603385925293,
105.09204864501953,
103.60193252563477,
118.86119842529297,
118.37887763977051,
116.56618118286133,
123.00515174865723,
127.17914581298828,
120.6820011138916,
117.92898178100586,
113.58904838562012,
121.98400497436523,
115.28611183166504,
104.0499210357666,
103.2109260559082,
113.46006393432617,
109.91573333740234,
111.90485954284668,
106.43529891967773,
116.37473106384277,
109.29512977600098,
106.6899299621582,
106.89926147460938,
107.71417617797852,
118.8650131225586,
107.13768005371094,
105.01909255981445,
108.72602462768555,
105.00693321228027,
107.8498363494873,
107.22827911376953,
108.02030563354492,
104.42996025085449,
111.33790016174316,
103.03616523742676,
104.35271263122559,
103.88898849487305,
103.48296165466309,
104.13098335266113,
104.21919822692871,
103.55210304260254,
104.51316833496094,
104.81691360473633,
105.94034194946289,
107.59973526000977,
106.19401931762695,
113.52086067199707,
119.89212036132812,
108.83808135986328,
107.48577117919922,
104.12788391113281,
109.65609550476074,
104.42876815795898,
108.83498191833496,
106.52923583984375,
105.86214065551758,
111.23394966125488,
104.46023941040039,
105.30591011047363,
104.69412803649902,
111.68313026428223,
112.56599426269531,
105.75985908508301,
103.85608673095703,
106.35972023010254,
105.75509071350098,
106.46915435791016,
108.44802856445312,
109.9858283996582,
109.96580123901367,
105.73220252990723,
114.81499671936035,
114.32099342346191,
114.26687240600586,
110.78596115112305,
105.3462028503418,
104.50506210327148,
103.88588905334473,
104.25496101379395,
105.44800758361816,
105.54003715515137,
104.97903823852539,
107.27787017822266,
108.4287166595459,
112.64204978942871,
114.7010326385498,
112.89596557617188,
114.86101150512695,
108.64686965942383,
103.13296318054199,
112.18619346618652,
110.28623580932617,
112.57696151733398,
104.68220710754395,
103.51109504699707,
104.64978218078613,
106.63986206054688,
105.44490814208984,
107.4979305267334,
108.16788673400879,
103.29699516296387,
103.66106033325195,
104.81691360473633,
105.95417022705078,
107.53703117370605,
105.52763938903809,
107.46502876281738,
111.94610595703125,
107.75184631347656,
107.02109336853027,
109.85970497131348,
105.5459976196289,
107.27500915527344,
105.82590103149414,
106.64868354797363,
109.95197296142578,
109.79604721069336,
110.89920997619629,
106.60886764526367,
112.02406883239746,
107.21373558044434,
106.66203498840332,
104.56013679504395,
107.19108581542969,
105.25107383728027,
106.0481071472168,
105.05414009094238,
104.50887680053711,
104.0351390838623,
104.82478141784668,
105.09181022644043,
104.68506813049316,
108.4740161895752,
104.50196266174316,
104.06208038330078,
102.59795188903809,
105.20792007446289,
103.83796691894531,
104.07805442810059,
105.88383674621582,
105.91292381286621,
106.08410835266113,
105.29780387878418,
106.80007934570312,
107.41782188415527,
106.1251163482666,
105.69024085998535,
105.85594177246094,
109.32803153991699,
105.24487495422363,
106.25576972961426,
108.73293876647949,
108.24298858642578,
104.58493232727051,
105.0422191619873,
105.31306266784668,
108.37697982788086,
109.59887504577637,
108.06584358215332,
109.06291007995605,
107.97381401062012,
111.71770095825195,
107.31387138366699,
107.13076591491699,
105.37481307983398,
105.52501678466797,
106.26602172851562,
105.40628433227539,
104.26974296569824,
105.37004470825195,
104.5229434967041,
105.75008392333984,
107.18894004821777,
106.07719421386719,
110.5799674987793,
111.67383193969727,
110.58616638183594,
110.49604415893555,
104.2623519897461,
103.67989540100098,
108.82925987243652,
106.37402534484863,
108.60276222229004,
108.01911354064941,
107.08928108215332,
107.93900489807129,
106.14275932312012,
106.01019859313965,
107.36393928527832,
107.26809501647949,
104.5539379119873,
104.0639877319336,
103.74903678894043,
102.24509239196777,
103.4691333770752,
103.85322570800781,
103.74307632446289,
104.67195510864258,
105.5300235748291,
105.9560775756836,
103.99532318115234,
104.68792915344238,
105.94511032104492,
106.14204406738281,
103.72400283813477,
104.25710678100586,
104.16674613952637,
104.6450138092041,
103.30390930175781,
102.74600982666016,
104.39705848693848,
103.45196723937988,
104.33387756347656,
103.84297370910645,
106.38117790222168,
102.88786888122559,
104.61282730102539,
103.8980484008789,
103.8210391998291,
106.2617301940918,
104.64811325073242,
105.1628589630127,
104.95781898498535,
104.1710376739502,
105.4849624633789,
103.72471809387207,
103.3022403717041,
103.24788093566895,
104.6290397644043,
104.9191951751709,
104.30312156677246,
105.97395896911621,
106.27198219299316,
106.80007934570312,
106.75311088562012,
103.48820686340332,
102.83803939819336,
103.70612144470215,
103.81102561950684,
104.14814949035645,
105.7131290435791,
103.68585586547852,
104.13193702697754,
105.32903671264648,
103.86419296264648,
103.89208793640137,
102.23913192749023,
102.95605659484863,
103.43384742736816,
102.90670394897461,
103.56998443603516,
104.71677780151367,
106.2018871307373,
105.29279708862305,
105.06796836853027,
105.3781509399414,
103.52206230163574,
104.19511795043945,
106.2459945678711,
106.43982887268066,
106.50324821472168,
103.81507873535156,
103.73997688293457,
104.8288345336914,
103.8808822631836,
104.71868515014648,
105.34811019897461,
106.62984848022461,
106.89616203308105,
105.31282424926758,
103.16681861877441,
104.12406921386719,
102.81991958618164,
104.24518585205078,
104.4149398803711,
106.69898986816406,
106.34016990661621,
106.68683052062988,
112.59913444519043,
112.87498474121094,
114.98904228210449,
112.02311515808105,
105.38411140441895,
104.67290878295898,
105.62467575073242,
105.69286346435547,
105.75270652770996,
106.13870620727539,
106.81796073913574,
111.02080345153809,
109.82012748718262,
103.88779640197754,
105.24702072143555,
106.89592361450195,
105.78513145446777,
104.87723350524902,
106.41813278198242,
103.55401039123535,
108.77013206481934,
107.37824440002441,
109.06171798706055,
109.96007919311523,
106.47296905517578,
120.41616439819336,
113.4941577911377,
116.41979217529297,
108.28471183776855,
116.0120964050293,
105.80992698669434,
111.10687255859375,
109.59291458129883,
110.63599586486816,
111.41800880432129,
104.82096672058105,
105.47590255737305,
104.58922386169434,
104.7511100769043,
103.47819328308105,
104.71916198730469,
106.64224624633789,
103.87611389160156,
103.12008857727051,
102.14996337890625,
103.93905639648438,
104.38990592956543,
104.07590866088867,
113.14773559570312,
107.93280601501465,
104.25710678100586,
106.5988540649414,
108.69121551513672,
107.4528694152832,
104.94804382324219,
107.53321647644043,
110.443115234375,
106.73809051513672,
106.41670227050781,
106.62698745727539,
111.44089698791504,
106.56499862670898,
111.04488372802734,
110.0759506225586,
110.91208457946777,
104.30717468261719,
104.1879653930664,
104.97593879699707,
105.9267520904541,
104.92110252380371,
103.42597961425781,
106.01687431335449,
105.65185546875,
106.28199577331543,
108.4909439086914,
105.96203804016113,
107.99098014831543,
108.67714881896973,
109.03501510620117,
103.7750244140625,
103.8510799407959,
104.6597957611084,
106.79912567138672,
105.86404800415039,
115.49615859985352,
114.26210403442383,
111.49382591247559,
113.81793022155762,
107.36894607543945,
105.5150032043457,
107.32412338256836,
110.70513725280762,
106.2309741973877,
105.38482666015625,
106.45294189453125,
108.4439754486084,
108.34574699401855,
108.8860034942627,
118.6819076538086,
118.54004859924316,
113.13724517822266,
111.18412017822266,
109.67302322387695,
108.9181900024414,
107.56921768188477,
114.89391326904297,
109.01570320129395,
115.9050464630127,
114.501953125,
116.11294746398926,
117.30408668518066,
105.45182228088379,
108.33930969238281,
106.66227340698242,
107.47098922729492,
105.24487495422363,
105.48615455627441,
102.71787643432617,
104.76303100585938,
102.37503051757812,
104.07280921936035,
103.10721397399902,
111.86003684997559,
106.54711723327637,
120.20206451416016,
105.45992851257324,
108.45613479614258,
122.74694442749023,
115.00310897827148,
121.54173851013184,
104.02679443359375,
104.00795936584473,
104.48789596557617,
104.79998588562012,
103.6219596862793,
104.93707656860352,
106.98390007019043,
105.4849624633789,
105.95989227294922,
105.52310943603516,
105.65710067749023,
106.25529289245605,
105.24487495422363,
103.74283790588379,
106.74905776977539,
108.57081413269043,
106.79197311401367,
110.46600341796875,
112.69378662109375,
108.53028297424316,
108.50977897644043,
110.18514633178711,
108.00981521606445,
109.16900634765625,
114.17794227600098,
116.58501625061035,
113.39902877807617,
113.69800567626953,
117.32816696166992,
117.36798286437988,
109.3912124633789,
108.06703567504883,
104.66504096984863,
115.43464660644531,
110.12816429138184,
109.38382148742676,
115.81707000732422,
115.47517776489258,
115.00096321105957,
116.19424819946289,
109.66205596923828,
107.75208473205566,
104.02202606201172,
105.30900955200195,
103.27482223510742,
109.6351146697998,
105.72576522827148,
106.0478687286377,
107.56993293762207,
104.76112365722656,
105.49807548522949,
108.07132720947266,
105.56483268737793,
103.43813896179199,
103.14583778381348,
108.17193984985352,
104.73489761352539,
105.11016845703125,
106.08315467834473,
107.46073722839355,
107.74087905883789,
106.00399971008301,
106.96291923522949,
107.44023323059082,
105.79466819763184,
106.55689239501953,
107.00392723083496,
103.00302505493164,
103.5308837890625,
103.28102111816406,
103.26910018920898,
102.03909873962402,
101.9890308380127,
105.71813583374023,
104.61997985839844,
103.03473472595215,
103.54781150817871,
102.48184204101562,
101.94706916809082,
104.38084602355957,
105.14116287231445,
105.4680347442627,
105.57889938354492,
104.67195510864258,
104.86197471618652,
103.78098487854004,
103.91092300415039,
103.03807258605957,
103.85394096374512,
104.04300689697266,
104.00724411010742,
103.88898849487305,
104.65788841247559,
103.00207138061523,
104.52079772949219,
102.84423828125,
103.12914848327637,
102.39386558532715,
105.70120811462402,
105.36503791809082,
106.87494277954102,
102.70476341247559,
102.53405570983887,
103.55114936828613,
104.95805740356445,
103.24597358703613,
103.08980941772461,
104.34699058532715,
107.53798484802246,
108.2921028137207,
109.04788970947266,
116.46318435668945,
110.69583892822266,
107.89799690246582,
116.93406105041504,
110.36419868469238,
117.53606796264648,
117.27380752563477,
110.21113395690918,
102.2491455078125,
105.83329200744629,
105.4389476776123,
102.95295715332031,
103.56807708740234,
116.1489486694336,
115.37885665893555,
106.07004165649414,
110.41402816772461,
117.94924736022949,
103.06501388549805,
103.4698486328125,
104.91394996643066,
103.02901268005371,
104.42924499511719,
104.94208335876465,
104.6609878540039,
104.25591468811035,
104.08926010131836,
104.8891544342041,
105.50403594970703,
106.07695579528809,
104.8438549041748,
106.16326332092285,
107.84792900085449,
105.25202751159668,
105.27920722961426,
105.44896125793457,
105.19909858703613,
104.56514358520508,
103.59025001525879,
103.12700271606445,
103.13296318054199,
104.03728485107422,
105.00311851501465,
105.09490966796875,
105.17096519470215,
105.8492660522461,
107.6819896697998,
107.67984390258789,
106.09030723571777,
106.96291923522949,
105.6210994720459,
107.44595527648926,
105.12304306030273,
105.65686225891113,
105.7579517364502,
105.44109344482422,
106.47106170654297,
107.98907279968262,
106.22024536132812,
110.58712005615234,
109.90190505981445,
111.083984375,
109.2369556427002,
106.01019859313965,
106.06884956359863,
105.6661605834961,
104.7201156616211,
106.18281364440918,
107.09905624389648,
105.56817054748535,
103.31487655639648,
111.36221885681152,
113.65723609924316,
113.20710182189941,
105.88407516479492,
104.65097427368164,
104.90107536315918,
106.9190502166748,
105.72481155395508,
105.90100288391113,
106.74500465393066,
109.14802551269531,
108.7639331817627,
106.81414604187012,
104.85100746154785,
107.85222053527832,
109.39192771911621,
107.68628120422363,
107.14483261108398,
106.61721229553223,
105.28802871704102,
104.99405860900879,
107.65790939331055,
112.7476692199707,
112.92409896850586,
109.21192169189453,
108.25705528259277,
103.99627685546875,
104.70986366271973,
104.63500022888184,
108.94107818603516,
107.94377326965332,
109.01498794555664,
111.04798316955566,
106.85086250305176,
103.46174240112305,
108.11114311218262,
105.85498809814453,
109.71689224243164,
103.60193252563477,
102.85520553588867,
113.67321014404297,
113.65985870361328,
118.08419227600098,
105.09109497070312,
105.36479949951172,
104.28500175476074,
104.5527458190918,
105.7441234588623,
104.0658950805664,
105.87215423583984,
102.71382331848145,
102.6606559753418,
103.87206077575684,
107.09619522094727,
117.01297760009766,
118.2241439819336,
117.74301528930664,
103.6369800567627,
102.53095626831055,
104.61807250976562,
104.15124893188477,
109.11989212036133,
108.37078094482422,
103.19805145263672,
102.65779495239258,
103.61313819885254,
104.60996627807617,
108.51097106933594,
104.84719276428223,
102.76103019714355,
103.18708419799805,
102.40316390991211,
102.42605209350586,
102.91409492492676,
102.2639274597168,
102.92601585388184,
104.19631004333496,
102.62393951416016,
102.80489921569824,
103.49297523498535,
103.70898246765137,
103.60002517700195,
103.54304313659668,
104.9509048461914,
104.8440933227539,
104.18987274169922,
103.48701477050781,
103.06215286254883,
103.47795486450195,
102.45680809020996,
105.76701164245605,
102.21314430236816,
105.55911064147949,
103.32107543945312,
104.34675216674805,
105.59582710266113,
102.83708572387695,
104.10475730895996,
105.85784912109375,
102.61797904968262,
103.60383987426758,
102.2500991821289,
103.02495956420898,
103.5609245300293,
103.60217094421387,
104.91609573364258,
105.12995719909668,
104.83622550964355,
104.37297821044922,
107.81526565551758,
107.83982276916504,
108.82925987243652,
104.18891906738281,
103.51061820983887,
104.31313514709473,
107.08999633789062,
103.27601432800293,
105.86905479431152,
104.09116744995117,
104.91585731506348,
105.88693618774414,
105.93795776367188,
105.9579849243164,
104.36701774597168,
105.64208030700684,
106.68492317199707,
104.95424270629883,
104.94804382324219,
107.2089672088623,
104.40683364868164,
108.35504531860352,
105.2560806274414,
106.8112850189209,
106.71091079711914,
104.12907600402832,
104.26712036132812,
105.48615455627441,
105.31306266784668,
103.60217094421387,
105.0570011138916,
104.31385040283203,
106.11081123352051,
103.83272171020508,
107.21802711486816,
107.1939468383789,
105.93795776367188,
106.79817199707031,
103.88898849487305,
103.81317138671875,
104.92181777954102,
105.12804985046387,
105.0868034362793,
107.58614540100098,
107.51485824584961,
107.50794410705566,
106.0190200805664,
105.11207580566406,
106.07314109802246,
106.9021224975586,
106.86111450195312,
107.53273963928223,
104.60901260375977,
106.05597496032715,
105.09610176086426,
104.5067310333252,
104.9652099609375,
106.49800300598145,
103.44290733337402,
104.48479652404785,
107.27119445800781,
109.76386070251465,
110.71515083312988,
112.71095275878906,
104.56705093383789,
104.92086410522461,
103.9741039276123,
103.81722450256348,
103.73306274414062,
105.91912269592285,
105.11112213134766,
104.0337085723877,
109.27581787109375,
113.77787590026855,
113.53397369384766,
112.29801177978516,
108.41202735900879,
105.42798042297363,
104.71510887145996,
106.86421394348145,
104.95495796203613,
104.71105575561523,
104.73394393920898,
103.363037109375,
102.96273231506348,
103.96480560302734,
105.76009750366211,
106.80985450744629,
105.32307624816895,
105.05795478820801,
104.77805137634277,
109.53307151794434,
105.21984100341797,
103.38687896728516,
104.0961742401123,
105.33809661865234,
104.56490516662598,
104.57277297973633,
103.91998291015625,
109.57479476928711,
106.05692863464355,
105.49187660217285,
109.76696014404297,
128.5092830657959,
132.59005546569824,
135.8029842376709,
131.45971298217773,
127.07304954528809,
132.37500190734863,
122.66802787780762,
138.70811462402344,
135.94508171081543,
134.50908660888672,
120.85795402526855,
111.61375045776367,
111.44018173217773,
104.23088073730469,
104.04109954833984,
103.33085060119629,
106.09197616577148,
108.30497741699219,
104.9811840057373,
108.30020904541016,
103.10888290405273,
102.34403610229492,
121.45304679870605,
104.5677661895752,
116.47391319274902,
107.75208473205566,
104.21586036682129,
104.73394393920898,
105.51190376281738,
104.25686836242676,
106.49299621582031,
107.4519157409668,
107.62691497802734,
107.40017890930176,
108.41512680053711,
109.38906669616699,
116.25123023986816,
118.66497993469238,
118.61991882324219,
119.44341659545898,
117.03610420227051,
117.41113662719727,
109.7261905670166,
105.49402236938477,
112.68496513366699,
106.9638729095459,
121.89579010009766,
119.06981468200684,
124.25589561462402,
105.27324676513672,
103.02591323852539,
103.72614860534668,
103.8200855255127,
103.79695892333984,
105.12518882751465,
106.48083686828613,
106.4608097076416,
108.07585716247559,
111.6030216217041,
116.36185646057129,
115.86117744445801,
116.0738468170166,
115.7078742980957,
115.85211753845215,
119.34804916381836,
118.07107925415039,
106.73809051513672,
106.68206214904785,
106.79459571838379,
107.85412788391113,
107.02013969421387,
107.57303237915039,
105.45206069946289,
106.24885559082031,
108.80279541015625,
107.04517364501953,
107.82527923583984,
108.29305648803711,
108.27422142028809,
109.44795608520508,
109.09533500671387,
110.16583442687988,
109.15589332580566,
104.00581359863281,
105.58414459228516,
103.56283187866211,
108.93917083740234,
105.1490306854248,
106.2171459197998,
106.2619686126709,
107.06686973571777,
104.69484329223633,
105.39102554321289,
106.28199577331543,
107.99002647399902,
107.83076286315918,
113.11793327331543,
113.71994018554688,
113.39521408081055,
106.35924339294434,
104.75397109985352,
111.31787300109863,
115.50593376159668,
112.80989646911621,
105.33690452575684,
106.41288757324219,
112.98894882202148,
117.1419620513916,
112.95104026794434,
109.45701599121094,
106.40311241149902,
112.30897903442383,
105.59988021850586,
105.79299926757812,
105.86881637573242,
108.48093032836914,
105.51905632019043,
104.76183891296387,
105.59296607971191,
103.57999801635742,
104.94589805603027,
104.57301139831543,
104.22611236572266,
106.17494583129883,
105.38697242736816,
103.22999954223633,
104.50983047485352,
105.255126953125,
107.67102241516113,
109.34686660766602,
111.56082153320312,
112.48397827148438,
111.3121509552002,
116.74380302429199,
117.3391342163086,
113.5098934173584,
114.11499977111816,
115.41986465454102,
111.16480827331543,
120.6212043762207,
116.57881736755371,
111.23895645141602,
121.19603157043457,
116.36996269226074,
122.2689151763916,
108.8709831237793,
106.9338321685791,
103.46102714538574,
106.26006126403809,
106.0028076171875,
104.96115684509277,
103.65915298461914,
105.8659553527832,
108.22081565856934,
103.58071327209473,
104.0949821472168,
104.68196868896484,
104.7520637512207,
103.74665260314941,
105.38196563720703,
105.64208030700684,
113.4650707244873,
114.43614959716797,
106.9178581237793,
113.30008506774902,
120.88680267333984,
110.19182205200195,
113.0058765411377,
112.77484893798828,
107.70511627197266,
114.00890350341797,
110.17298698425293,
110.80288887023926,
112.9908561706543,
108.77084732055664,
106.59480094909668,
106.44388198852539,
106.2021255493164,
105.79299926757812,
105.51786422729492,
103.70516777038574,
104.0949821472168,
106.64772987365723,
107.66887664794922,
103.3639907836914,
104.7968864440918,
103.92403602600098,
103.06215286254883,
105.01694679260254,
105.18670082092285,
105.4539680480957,
107.94901847839355,
108.99901390075684,
108.79802703857422,
109.94482040405273,
107.12289810180664,
106.72783851623535,
106.27102851867676,
106.94503784179688,
111.48595809936523,
110.52107810974121,
107.421875,
111.41228675842285,
109.55500602722168,
112.28799819946289,
107.69200325012207,
107.71608352661133,
104.49719429016113,
106.33707046508789,
104.44498062133789,
105.2851676940918,
104.95305061340332,
105.71813583374023,
104.93803024291992,
103.76405715942383,
107.61380195617676,
104.27594184875488,
104.86197471618652,
108.55793952941895,
108.31689834594727,
106.4300537109375,
112.9298210144043,
110.8250617980957,
114.7298812866211,
108.56914520263672,
108.29401016235352,
108.95180702209473,
108.5519790649414,
107.88202285766602,
106.99701309204102,
106.82797431945801,
103.81317138671875,
104.62522506713867,
106.0481071472168,
104.6912670135498,
105.12304306030273,
110.87489128112793,
105.64494132995605,
108.35719108581543,
114.40014839172363,
109.57717895507812,
107.17010498046875,
107.82980918884277,
117.55490303039551,
125.62108039855957,
117.70391464233398,
115.46897888183594,
110.8090877532959,
129.77981567382812,
117.28405952453613,
129.2259693145752,
120.32294273376465,
109.95984077453613,
129.08601760864258,
126.50680541992188,
109.31205749511719,
121.22893333435059,
106.93907737731934,
111.85002326965332,
114.38417434692383,
113.30485343933105,
116.3640022277832,
114.18008804321289,
113.54804039001465,
103.90806198120117,
105.96990585327148,
106.00399971008301,
104.52008247375488,
105.32188415527344,
105.6981086730957,
110.81814765930176,
109.84492301940918,
106.96792602539062,
111.37008666992188,
110.29386520385742,
108.27183723449707,
111.90986633300781,
109.58099365234375,
105.81016540527344,
107.85794258117676,
104.63094711303711,
104.32982444763184,
109.5118522644043,
111.61589622497559,
106.9631576538086,
106.3687801361084,
107.16485977172852,
106.69231414794922,
108.99567604064941,
104.25090789794922,
104.19106483459473,
105.82661628723145,
105.06701469421387,
106.82296752929688,
104.60209846496582,
104.79903221130371,
107.56587982177734,
108.16311836242676,
108.23988914489746,
107.17606544494629,
109.73191261291504,
116.36686325073242,
121.40011787414551,
120.10598182678223,
110.03994941711426,
116.30511283874512,
107.41496086120605,
107.28192329406738,
104.46405410766602,
105.52501678466797,
102.93102264404297,
111.31477355957031,
116.27197265625,
114.0749454498291,
109.63821411132812,
108.612060546875,
109.21001434326172,
108.75916481018066,
107.0857048034668,
107.81097412109375,
104.58183288574219,
105.76200485229492,
104.08973693847656,
104.05302047729492,
107.04183578491211,
105.5600643157959,
105.09014129638672,
104.73394393920898,
106.32014274597168,
107.93113708496094,
114.14813995361328,
106.96601867675781,
116.57500267028809,
110.52370071411133,
110.89181900024414,
102.89716720581055,
102.8289794921875,
106.58907890319824,
105.22079467773438,
105.61180114746094,
104.48193550109863,
105.24892807006836,
104.35724258422852,
104.62808609008789,
105.16881942749023,
105.07488250732422,
105.29494285583496,
104.89392280578613,
107.57803916931152,
108.50405693054199,
108.28375816345215,
102.79726982116699,
102.60510444641113,
104.7677993774414,
102.68115997314453,
104.22205924987793,
104.64096069335938,
105.26108741760254,
104.8882007598877,
103.73711585998535,
107.14221000671387,
104.01797294616699,
108.25800895690918,
104.60495948791504,
104.65788841247559,
129.82487678527832,
106.34183883666992,
118.66903305053711,
129.7919750213623,
122.2691535949707,
104.44211959838867,
104.3848991394043,
109.9550724029541,
106.0640811920166,
103.17373275756836,
105.21984100341797,
104.98499870300293,
106.46891593933105,
111.0992431640625,
104.0351390838623,
104.92300987243652,
107.17415809631348,
106.81772232055664,
109.33780670166016,
108.48593711853027,
104.38823699951172,
104.21490669250488,
106.21523857116699,
105.42893409729004,
109.80772972106934,
109.9541187286377,
132.5380802154541,
133.4211826324463,
133.96501541137695,
103.40094566345215,
107.1927547454834,
107.59663581848145,
110.31222343444824,
110.84413528442383,
110.79216003417969,
107.77711868286133,
108.2158088684082,
108.65998268127441,
104.13384437561035,
103.56521606445312,
105.23605346679688,
106.19211196899414,
106.28199577331543,
106.18019104003906,
107.23280906677246,
107.04803466796875,
107.54203796386719,
104.17723655700684,
104.91800308227539,
103.81126403808594,
102.59819030761719,
102.08606719970703,
103.70397567749023,
105.06701469421387,
105.17287254333496,
105.91721534729004,
105.09991645812988,
107.20992088317871,
106.95409774780273,
104.22205924987793,
107.29718208312988,
107.38825798034668,
107.14125633239746,
107.42902755737305,
105.4069995880127,
107.93399810791016,
104.69985008239746,
105.36694526672363,
104.48884963989258,
105.80897331237793,
105.15308380126953,
105.99708557128906,
103.97481918334961,
104.20823097229004,
103.97100448608398,
105.12304306030273,
104.01391983032227,
105.20601272583008,
105.23319244384766,
104.01582717895508,
106.74190521240234,
103.67202758789062,
104.4158935546875,
104.56013679504395,
102.87594795227051,
105.38601875305176,
107.36513137817383,
103.96409034729004,
104.35104370117188,
104.0949821472168,
105.04913330078125,
104.65288162231445,
107.16891288757324,
120.50819396972656,
115.4317855834961,
122.41697311401367,
120.73588371276855,
123.16107749938965,
122.04122543334961,
121.98305130004883,
109.43794250488281,
106.59980773925781,
108.69216918945312,
104.37989234924316,
107.27119445800781,
108.66689682006836,
109.89785194396973,
109.77888107299805,
108.80303382873535,
103.34587097167969,
103.36899757385254,
106.32705688476562,
104.78997230529785,
106.4450740814209,
105.67212104797363,
114.50505256652832,
116.81675910949707,
116.63198471069336,
112.91122436523438,
102.77891159057617,
104.29906845092773,
103.90615463256836,
102.84900665283203,
105.68976402282715,
105.15356063842773,
105.92293739318848,
104.34794425964355,
107.12695121765137,
104.95185852050781,
105.9880256652832,
105.85713386535645,
106.44197463989258,
106.97221755981445,
107.00011253356934,
110.77189445495605,
105.17597198486328,
106.60290718078613,
104.17890548706055,
104.7201156616211,
104.84671592712402,
109.1010570526123,
108.57391357421875,
104.20107841491699,
103.91664505004883,
104.71796989440918,
106.42576217651367,
107.52987861633301,
104.46882247924805,
104.68196868896484,
105.16786575317383,
104.48122024536133,
103.61433029174805,
102.89597511291504,
103.13892364501953,
102.66971588134766,
103.71184349060059,
104.97593879699707,
106.20403289794922,
105.55410385131836,
103.63125801086426,
103.75499725341797,
105.86905479431152,
106.46867752075195,
104.43902015686035,
105.52310943603516,
106.01401329040527,
105.83710670471191,
105.59415817260742,
105.02505302429199,
107.01608657836914,
109.1151237487793,
107.59091377258301,
109.54594612121582,
103.73187065124512,
107.04517364501953,
106.5828800201416,
103.62696647644043,
103.8210391998291,
104.06899452209473,
104.56395149230957,
103.5301685333252,
104.57801818847656,
105.2248477935791,
105.12900352478027,
108.39509963989258,
104.08306121826172,
110.1980209350586,
109.90500450134277,
109.35688018798828,
103.3790111541748,
103.32417488098145,
103.81221771240234,
102.24699974060059,
104.14505004882812,
103.21402549743652,
104.04491424560547,
106.72378540039062,
108.19816589355469,
114.23611640930176,
109.64512825012207,
110.22400856018066,
110.50105094909668,
109.15780067443848,
116.16301536560059,
116.73712730407715,
113.57474327087402,
110.91899871826172,
107.39612579345703,
108.25085639953613,
105.5150032043457,
105.87501525878906,
103.6229133605957,
104.17413711547852,
103.70087623596191,
102.91671752929688,
104.99787330627441,
104.88295555114746,
110.41402816772461,
112.41698265075684,
108.09087753295898,
109.82298851013184,
106.55522346496582,
102.26893424987793,
104.9351692199707,
106.15396499633789,
103.94692420959473,
104.40707206726074,
104.0809154510498,
104.30622100830078,
112.9159927368164,
108.34002494812012,
107.82384872436523,
108.60323905944824,
111.89699172973633,
114.63117599487305,
126.82199478149414,
122.73001670837402,
129.3349266052246,
120.65005302429199,
124.82404708862305,
122.98178672790527,
113.08813095092773,
114.10784721374512,
125.72026252746582,
118.58987808227539,
120.22900581359863,
117.95878410339355,
104.60400581359863,
103.66392135620117,
105.73506355285645,
105.02791404724121,
104.90226745605469,
105.71908950805664,
104.49600219726562,
106.61721229553223,
110.98694801330566,
102.57911682128906,
103.79910469055176,
104.45523262023926,
104.41088676452637,
106.59098625183105,
106.3380241394043,
105.8502197265625,
105.09586334228516,
113.21592330932617,
104.82382774353027,
107.03706741333008,
106.43720626831055,
105.37385940551758,
104.7821044921875,
105.41391372680664,
106.0640811920166,
106.35709762573242,
104.11620140075684,
104.91704940795898,
104.87985610961914,
104.06231880187988,
112.61487007141113,
111.67168617248535,
112.25605010986328,
114.46404457092285,
106.01091384887695,
110.02397537231445,
111.33003234863281,
108.29782485961914,
107.24616050720215,
103.59907150268555,
107.07688331604004,
107.13505744934082,
109.62080955505371,
104.86888885498047,
111.25516891479492,
107.92708396911621,
106.04500770568848,
112.22505569458008,
109.14206504821777,
106.86063766479492,
102.87714004516602,
104.62164878845215,
105.46994209289551,
105.12328147888184,
114.16292190551758,
111.79399490356445,
108.9470386505127,
109.67683792114258,
106.8718433380127,
113.08908462524414,
111.23895645141602,
112.23793029785156,
110.95499992370605,
110.15009880065918,
105.36694526672363,
105.14307022094727,
104.11190986633301,
104.71105575561523,
104.9039363861084,
106.25410079956055,
103.23715209960938,
103.76667976379395,
103.1959056854248,
102.58197784423828,
104.14409637451172,
103.27482223510742,
105.17501831054688,
104.8581600189209,
103.98316383361816,
105.75509071350098,
104.7978401184082,
105.6668758392334,
106.2169075012207,
106.78982734680176,
107.51008987426758,
104.87866401672363,
103.21211814880371,
104.46786880493164,
105.13424873352051,
105.38387298583984,
105.60297966003418,
106.08291625976562,
105.02290725708008,
105.51691055297852,
104.8891544342041,
106.21786117553711,
107.04684257507324,
108.87694358825684,
111.7250919342041,
107.81025886535645,
109.26198959350586,
108.30426216125488,
103.41596603393555,
104.09379005432129,
104.18081283569336,
102.71883010864258,
102.5090217590332,
103.77907752990723,
104.74014282226562,
103.99174690246582,
103.74188423156738,
103.51705551147461,
104.9950122833252,
104.63118553161621,
103.5149097442627,
105.072021484375,
103.57189178466797,
104.23684120178223,
104.91633415222168,
103.38473320007324,
103.1501293182373,
103.37424278259277,
104.38680648803711,
103.49082946777344,
103.9588451385498,
103.57499122619629,
102.77175903320312,
104.35199737548828,
105.57174682617188,
105.1628589630127,
104.03299331665039,
104.34222221374512,
104.37297821044922,
103.1191349029541,
105.18789291381836,
103.49822044372559,
103.53207588195801,
104.5999526977539,
106.10580444335938,
103.65486145019531,
106.8568229675293,
106.08577728271484,
104.40587997436523,
106.83393478393555,
107.17391967773438,
102.70285606384277,
103.50704193115234,
104.7980785369873,
104.71296310424805,
103.73401641845703,
104.10118103027344,
104.46286201477051,
104.63500022888184,
102.13899612426758,
103.08194160461426,
103.40690612792969,
105.36479949951172,
104.80308532714844,
105.02386093139648,
103.30581665039062,
105.47971725463867,
104.92181777954102,
104.79307174682617,
104.92181777954102,
103.8510799407959,
107.11669921875,
104.44211959838867,
104.49004173278809,
105.4539680480957,
107.59806632995605,
107.94806480407715,
104.92491722106934,
106.31299018859863,
107.83004760742188,
104.87675666809082,
105.00192642211914,
106.85992240905762,
103.49535942077637,
105.79705238342285,
107.07306861877441,
114.13192749023438,
116.38498306274414,
117.71392822265625,
109.10272598266602,
106.51111602783203,
106.09579086303711,
106.23693466186523,
104.53200340270996,
106.13393783569336,
115.79704284667969,
115.4322624206543,
111.11712455749512,
104.8271656036377,
106.52709007263184,
108.25610160827637,
104.5229434967041,
103.39117050170898,
104.92897033691406,
106.16230964660645,
107.57708549499512,
105.53693771362305,
107.2549819946289,
107.22899436950684,
106.60505294799805,
107.13791847229004,
103.37376594543457,
105.50975799560547,
106.45723342895508,
103.47509384155273,
102.73575782775879,
103.2872200012207,
103.31606864929199,
106.29081726074219,
105.91983795166016,
104.53462600708008,
103.4548282623291,
103.50799560546875,
103.4080982208252,
106.13083839416504,
107.4521541595459,
107.1939468383789,
105.53288459777832,
106.55689239501953,
102.5230884552002,
104.55203056335449,
105.58390617370605,
104.60901260375977,
104.6299934387207,
103.69491577148438,
106.45890235900879,
105.11207580566406,
107.65409469604492,
107.14006423950195,
105.92198371887207,
105.60894012451172,
105.54909706115723,
104.31480407714844,
104.75611686706543,
103.88398170471191,
104.93588447570801,
103.5318374633789,
104.60400581359863,
103.90400886535645,
103.16705703735352,
104.14004325866699,
103.76214981079102,
103.03211212158203,
105.06391525268555,
104.98261451721191,
104.37798500061035,
105.14307022094727,
103.54399681091309,
104.93278503417969,
106.51111602783203,
105.5901050567627,
108.69407653808594,
108.71171951293945,
105.8039665222168,
106.3539981842041,
106.86397552490234,
107.76877403259277,
104.54201698303223,
104.31981086730957,
104.43902015686035,
104.56514358520508,
104.72869873046875,
104.68196868896484,
104.64715957641602,
104.9959659576416,
106.85086250305176,
105.89885711669922,
107.11026191711426,
105.71789741516113,
107.51628875732422,
103.9118766784668,
110.37588119506836,
107.80620574951172,
106.02426528930664,
104.05230522155762,
104.80880737304688,
106.61697387695312,
106.20999336242676,
110.015869140625,
108.06393623352051,
103.60479354858398,
103.8656234741211,
110.88013648986816,
108.31737518310547,
107.46026039123535,
107.84101486206055,
105.01790046691895,
104.0651798248291,
108.28900337219238,
105.56292533874512,
103.49178314208984,
105.34095764160156,
106.39691352844238,
106.4901351928711,
105.47018051147461,
106.35685920715332,
105.53598403930664,
103.85322570800781,
111.61184310913086,
102.7977466583252,
104.09975051879883,
104.55513000488281,
105.60297966003418,
107.63692855834961,
102.76031494140625,
107.99598693847656,
105.06582260131836,
107.75399208068848,
106.00614547729492,
106.29987716674805,
104.97474670410156,
103.17230224609375,
105.03387451171875,
104.01320457458496,
104.82478141784668,
103.91020774841309,
108.80279541015625,
106.97031021118164,
105.08012771606445,
105.5459976196289,
105.58104515075684,
107.33389854431152,
107.1619987487793,
105.40103912353516,
107.8801155090332,
108.5512638092041,
104.75373268127441,
105.92222213745117,
104.04801368713379,
103.41501235961914,
103.54304313659668,
104.58517074584961,
103.06715965270996,
103.65605354309082,
103.3940315246582,
104.59208488464355,
103.94597053527832,
106.38284683227539,
107.90896415710449,
105.63087463378906,
107.12194442749023,
103.61695289611816,
103.69992256164551,
103.07717323303223,
105.5288314819336,
105.72528839111328,
103.60431671142578,
105.5452823638916,
106.50181770324707,
105.29494285583496,
108.15882682800293,
103.56783866882324,
106.03809356689453,
109.73310470581055,
109.07697677612305,
109.14206504821777,
104.4619083404541,
106.95409774780273,
104.01773452758789,
104.43711280822754,
113.55900764465332,
114.71199989318848,
115.71907997131348,
106.80294036865234,
113.30676078796387,
103.98507118225098,
103.61409187316895,
104.41231727600098,
104.08568382263184,
105.83090782165527,
104.50005531311035,
104.19201850891113,
114.45975303649902,
114.18795585632324,
107.3758602142334,
104.59089279174805,
113.45219612121582,
103.52802276611328,
103.13296318054199,
103.15918922424316,
102.47397422790527,
104.22229766845703,
107.06210136413574,
106.35113716125488,
104.61091995239258,
105.5459976196289,
104.75707054138184,
113.16990852355957,
104.13837432861328,
114.44401741027832,
104.90274429321289,
103.99198532104492,
103.63101959228516,
103.42097282409668,
105.22580146789551,
107.09285736083984,
104.04396057128906,
107.24687576293945,
103.41310501098633,
102.01525688171387,
102.13804244995117,
104.15387153625488,
104.17008399963379,
103.12604904174805,
103.19304466247559,
104.66790199279785,
105.41200637817383,
108.63208770751953,
107.18894004821777,
104.9661636352539,
103.32202911376953,
104.09402847290039,
103.00111770629883,
103.63912582397461,
103.43217849731445,
104.47525978088379,
104.2790412902832,
105.91506958007812,
106.16707801818848,
107.19776153564453,
108.16812515258789,
108.16478729248047,
109.64417457580566,
107.17105865478516,
104.05397415161133,
103.32107543945312,
105.2701473236084,
106.38999938964844,
102.53214836120605,
101.90796852111816,
106.414794921875,
106.81009292602539,
108.64710807800293,
105.37123680114746,
104.62069511413574,
102.74100303649902,
109.15184020996094,
116.77002906799316,
115.24605751037598,
111.7091178894043,
114.70699310302734,
105.61823844909668,
110.07905006408691,
109.53378677368164,
111.18817329406738,
102.38909721374512,
102.77199745178223,
103.17373275756836,
103.18589210510254,
104.3999195098877,
104.40611839294434,
104.42376136779785,
103.74093055725098,
104.83980178833008,
103.90400886535645,
106.13512992858887,
114.43781852722168,
107.70702362060547,
111.81187629699707,
106.04095458984375,
112.46204376220703,
104.3539047241211,
104.28881645202637,
102.80609130859375,
102.20170021057129,
102.82087326049805,
103.07788848876953,
101.94110870361328,
104.48479652404785,
103.92904281616211,
112.07890510559082,
102.94699668884277,
103.80196571350098,
103.53732109069824,
103.99985313415527,
102.90002822875977,
105.2091121673584,
102.86498069763184,
102.7059555053711,
102.11706161499023,
104.19273376464844,
105.57103157043457,
106.05812072753906,
104.01415824890137,
105.05795478820801,
106.07314109802246,
106.12988471984863,
107.70297050476074,
104.45094108581543,
103.1181812286377,
103.3318042755127,
104.20608520507812,
105.20601272583008,
103.56807708740234,
103.33991050720215,
103.1486988067627,
112.49017715454102,
119.3993091583252,
106.39619827270508,
113.12103271484375,
106.43410682678223,
105.47614097595215,
103.57880592346191,
102.77295112609863,
103.7912368774414,
105.62491416931152,
102.86378860473633,
107.57684707641602,
119.2777156829834,
106.17804527282715,
109.72094535827637,
120.65505981445312,
119.38095092773438,
113.3568286895752,
103.06715965270996,
103.58405113220215,
104.81977462768555,
103.92308235168457,
105.43489456176758,
109.65800285339355,
109.64393615722656,
108.35599899291992,
106.05311393737793,
106.1859130859375,
104.22611236572266,
108.54792594909668,
115.24105072021484,
116.08719825744629,
114.9601936340332,
113.62504959106445,
105.09276390075684,
104.5079231262207,
103.04808616638184,
102.95295715332031,
105.65614700317383,
106.50897026062012,
106.40907287597656,
103.61480712890625,
104.4459342956543,
106.64892196655273,
105.21697998046875,
106.09102249145508,
104.46310043334961,
105.04817962646484,
104.6748161315918,
107.27906227111816,
107.23090171813965,
108.02268981933594,
105.8502197265625,
108.97564888000488,
110.00585556030273,
104.47573661804199,
105.99613189697266,
107.23495483398438,
109.71212387084961,
109.54499244689941,
107.64789581298828,
104.5529842376709,
107.65790939331055,
107.27620124816895,
105.3171157836914,
108.68620872497559,
103.8510799407959,
107.27500915527344,
107.7427864074707,
109.2081069946289,
105.34811019897461,
107.35726356506348,
106.43982887268066,
104.76398468017578,
104.2470932006836,
103.9118766784668,
107.70201683044434,
108.56914520263672,
106.58884048461914,
106.91213607788086,
103.84202003479004,
106.12773895263672,
108.25300216674805,
106.16683959960938,
106.79435729980469,
104.54607009887695,
105.31783103942871,
104.22682762145996,
105.62992095947266,
105.68881034851074,
105.23605346679688,
105.8950424194336,
105.90887069702148,
107.72824287414551,
104.89511489868164,
105.17120361328125,
105.32927513122559,
105.70383071899414,
106.51016235351562,
108.90698432922363,
106.14681243896484,
106.35995864868164,
106.42719268798828,
111.00101470947266,
105.00097274780273,
105.31926155090332,
103.33490371704102,
103.49631309509277,
103.42192649841309,
104.52771186828613,
103.96409034729004,
105.70478439331055,
105.31401634216309,
103.16801071166992,
103.93118858337402,
104.30908203125,
104.35199737548828,
105.6511402130127,
106.5988540649414,
105.9868335723877,
105.38482666015625,
107.06877708435059,
105.47089576721191,
104.73799705505371,
104.11620140075684,
104.12025451660156,
106.95767402648926,
103.83224487304688,
103.47509384155273,
108.26706886291504,
105.63111305236816,
108.69622230529785,
107.60498046875,
105.26204109191895,
104.82406616210938,
104.6907901763916,
106.00900650024414,
104.81476783752441,
104.36296463012695,
103.65796089172363,
105.91602325439453,
105.79919815063477,
107.50627517700195,
105.87716102600098,
104.26020622253418,
104.1710376739502,
105.13806343078613,
103.5609245300293,
103.68990898132324,
105.88598251342773,
106.09889030456543,
105.11493682861328,
107.72991180419922,
106.22406005859375,
107.17892646789551,
104.62403297424316,
107.39374160766602,
106.25004768371582,
108.93106460571289,
106.92906379699707,
107.89370536804199,
107.96213150024414,
108.8559627532959,
105.37099838256836,
103.56664657592773,
106.10604286193848,
104.67195510864258,
108.78109931945801,
108.5047721862793,
108.42704772949219,
107.24210739135742,
106.45580291748047,
106.39786720275879,
104.0041446685791,
104.83217239379883,
108.81185531616211,
107.19585418701172,
107.98788070678711,
106.25815391540527,
106.16230964660645,
103.05166244506836,
104.34293746948242,
104.73394393920898,
102.65493392944336,
104.85577583312988,
104.42185401916504,
104.6590805053711,
107.59615898132324,
105.24892807006836,
104.7060489654541,
106.43291473388672,
107.2688102722168,
106.99796676635742,
106.86421394348145,
108.09707641601562,
107.5901985168457,
103.94597053527832,
104.77995872497559,
102.99110412597656,
104.92920875549316,
106.57691955566406,
108.39390754699707,
104.90012168884277,
105.01575469970703,
106.93502426147461,
104.48503494262695,
105.36766052246094,
105.78298568725586,
103.87802124023438,
105.54695129394531,
105.50594329833984,
104.08186912536621,
104.89487648010254,
104.96807098388672,
104.14290428161621,
105.75199127197266,
104.46381568908691,
104.74514961242676,
105.35597801208496,
103.92904281616211,
105.38697242736816,
102.07486152648926,
104.83098030090332,
103.3012866973877,
105.3922176361084,
106.30607604980469,
105.60727119445801,
106.33516311645508,
111.78803443908691,
109.49301719665527,
109.60197448730469,
114.75896835327148,
104.8269271850586,
113.24691772460938,
104.99095916748047,
104.93183135986328,
103.55710983276367,
104.99787330627441,
103.30986976623535,
103.43074798583984,
102.92363166809082,
104.16531562805176,
106.68587684631348,
106.16207122802734,
105.71718215942383,
105.78107833862305,
104.6140193939209,
103.65891456604004,
114.78018760681152,
112.2441291809082,
118.99995803833008,
106.10795021057129,
105.83782196044922,
104.16197776794434,
105.21793365478516,
105.37981986999512,
107.50985145568848,
107.2080135345459,
110.92090606689453,
113.24000358581543,
114.0599250793457,
109.48801040649414,
106.65488243103027,
110.42094230651855,
106.19497299194336,
107.20205307006836,
107.86604881286621,
105.89265823364258,
103.73973846435547,
106.16493225097656,
103.86371612548828,
105.9272289276123,
102.51307487487793,
106.19711875915527,
104.89010810852051,
111.07611656188965,
109.1771125793457,
111.4189624786377,
113.84701728820801,
104.98499870300293,
103.45768928527832,
106.12297058105469,
112.24985122680664,
116.10579490661621,
106.76002502441406,
106.61578178405762,
105.41796684265137,
112.02478408813477,
103.45196723937988,
105.36384582519531,
102.76389122009277,
103.83009910583496,
109.67803001403809,
130.59401512145996,
110.9919548034668,
119.06194686889648,
118.67594718933105,
106.33397102355957,
121.42205238342285,
118.22104454040527,
105.5610179901123,
105.4682731628418,
102.72097587585449,
102.51283645629883,
103.40499877929688,
103.12199592590332,
104.97260093688965,
102.82588005065918,
103.85680198669434,
122.81394004821777,
120.41497230529785,
126.46603584289551,
129.78386878967285,
129.70399856567383,
119.64607238769531,
104.52771186828613,
106.9939136505127,
106.76312446594238,
105.53216934204102,
105.4990291595459,
103.99007797241211,
105.65519332885742,
107.46407508850098,
103.65891456604004,
104.49624061584473,
111.60898208618164,
104.23779487609863,
104.4149398803711,
104.86721992492676,
104.45022583007812,
105.3004264831543,
105.3469181060791,
107.40184783935547,
108.60896110534668,
108.24394226074219,
105.73291778564453,
108.00623893737793,
109.77387428283691,
105.93581199645996,
104.11500930786133,
103.10721397399902,
106.95624351501465,
106.80794715881348,
107.77902603149414,
108.68000984191895,
105.30686378479004,
108.04605484008789,
102.94508934020996,
107.61094093322754,
104.59589958190918,
105.33404350280762,
105.43107986450195,
104.48527336120605,
104.91228103637695,
104.32696342468262,
104.97927665710449,
107.06806182861328,
105.91363906860352,
104.01582717895508,
106.15301132202148,
104.45523262023926,
105.63492774963379,
106.01115226745605,
105.06510734558105,
108.65306854248047,
110.50701141357422,
107.10620880126953,
105.1640510559082,
105.54671287536621,
104.33006286621094,
104.94804382324219,
105.03816604614258,
106.28199577331543,
104.61902618408203,
104.09903526306152,
106.40287399291992,
106.4450740814209,
106.46605491638184,
104.31790351867676,
106.65392875671387,
104.58183288574219,
105.79490661621094,
105.97395896911621,
105.75532913208008,
104.36105728149414,
105.03673553466797,
104.83407974243164,
104.18295860290527,
108.70695114135742,
106.08100891113281,
104.47382926940918,
105.70907592773438,
106.8720817565918,
105.88312149047852,
105.83901405334473,
104.90226745605469,
105.02386093139648,
106.41908645629883,
104.42805290222168,
106.62102699279785,
105.40509223937988,
106.60696029663086,
104.42090034484863,
110.43405532836914,
109.48705673217773,
110.67414283752441,
104.2628288269043,
106.67872428894043,
108.5519790649414,
104.10022735595703,
105.10611534118652,
106.231689453125,
104.60519790649414,
106.7051887512207,
104.22706604003906,
105.27515411376953,
103.48391532897949,
104.81810569763184,
104.5219898223877,
104.47406768798828,
103.57284545898438,
105.35073280334473,
105.40890693664551,
104.49981689453125,
104.40611839294434,
104.61902618408203,
105.30710220336914,
103.90400886535645,
104.90298271179199,
106.94003105163574,
107.05184936523438,
108.14690589904785,
107.55586624145508,
104.58683967590332,
106.30106925964355,
105.43274879455566,
105.3168773651123,
103.6672592163086,
105.0260066986084,
105.49807548522949,
103.65009307861328,
105.1168441772461,
105.92484474182129,
107.58566856384277,
107.3462963104248,
110.01014709472656,
109.23123359680176,
113.55805397033691,
110.93974113464355,
106.03523254394531,
110.0013256072998,
113.34609985351562,
105.10110855102539,
106.20594024658203,
104.51889038085938,
105.8502197265625,
105.6368350982666,
105.77797889709473,
105.6830883026123,
104.84600067138672,
105.5440902709961,
105.07798194885254,
104.59589958190918,
106.14585876464844,
107.01799392700195,
107.75208473205566,
104.80093955993652,
102.93722152709961,
103.86133193969727,
106.88281059265137,
108.8719367980957,
108.33001136779785,
107.79786109924316,
109.63010787963867,
108.06107521057129,
111.67716979980469,
107.84101486206055,
108.61682891845703,
107.10382461547852,
105.43704032897949,
104.9957275390625,
105.52120208740234,
105.34501075744629,
104.70700263977051,
105.51905632019043,
104.97522354125977,
103.7299633026123,
105.73697090148926,
107.38825798034668,
106.11510276794434,
104.57229614257812,
103.6386489868164,
104.95901107788086,
106.14895820617676,
106.11796379089355,
107.91897773742676,
105.56793212890625,
103.89304161071777,
104.5682430267334,
106.72497749328613,
103.84082794189453,
105.84497451782227,
104.16507720947266,
105.97515106201172,
107.2390079498291,
110.9011173248291,
109.30800437927246,
109.38024520874023,
106.04596138000488,
109.77578163146973,
105.79490661621094,
103.31511497497559,
105.26204109191895,
103.13200950622559,
104.95185852050781,
103.99794578552246,
103.92498970031738,
104.16197776794434,
104.84504699707031,
105.56387901306152,
105.64184188842773,
105.69024085998535,
103.04617881774902,
102.99491882324219,
103.18470001220703,
103.0740737915039,
105.1490306854248,
103.98602485656738,
109.70401763916016,
103.46198081970215,
104.27427291870117,
104.30502891540527,
106.71377182006836,
104.03704643249512,
108.37316513061523,
107.81598091125488,
106.5220832824707,
107.99884796142578,
109.62486267089844,
108.11328887939453,
107.7110767364502,
107.78594017028809,
107.18679428100586,
104.91275787353516,
104.9802303314209,
106.42695426940918,
103.51800918579102,
104.71820831298828,
104.62284088134766,
103.45911979675293,
103.0728816986084,
102.76675224304199,
103.74569892883301,
105.03697395324707,
105.11302947998047,
104.34198379516602,
104.08186912536621,
105.96919059753418,
105.72171211242676,
110.33797264099121,
106.37307167053223,
109.76099967956543,
108.02102088928223,
111.29975318908691,
110.78119277954102,
108.39104652404785,
111.48905754089355,
110.10622978210449,
109.98010635375977,
110.71205139160156,
106.6129207611084,
107.34224319458008,
107.3453426361084,
108.2010269165039,
104.83527183532715,
104.38799858093262,
106.25696182250977,
105.80873489379883,
110.3048324584961,
106.67204856872559,
108.16693305969238,
105.01408576965332,
106.65607452392578,
113.04712295532227,
111.46807670593262,
110.77618598937988,
113.0211353302002,
102.99491882324219,
104.47192192077637,
104.3100357055664,
104.45094108581543,
105.33690452575684,
104.11286354064941,
104.86078262329102,
105.52382469177246,
106.19306564331055,
104.90870475769043,
104.86316680908203,
105.92484474182129,
104.41112518310547,
108.14380645751953,
111.09662055969238,
107.99932479858398,
111.85193061828613,
103.71518135070801,
106.76717758178711,
108.18099975585938,
105.82590103149414,
106.07099533081055,
117.74086952209473,
107.20205307006836,
104.26187515258789,
108.14118385314941,
112.90788650512695,
109.72070693969727,
112.95795440673828,
115.81015586853027,
124.2527961730957,
104.13312911987305,
103.72591018676758,
104.41017150878906,
105.0417423248291,
104.7830581665039,
104.48193550109863,
104.7978401184082,
107.45787620544434,
110.57901382446289,
105.83806037902832,
105.67617416381836,
103.78217697143555,
107.04326629638672,
106.65297508239746,
106.1699390411377,
105.80086708068848,
102.98705101013184,
107.67102241516113,
104.91704940795898,
104.47096824645996,
105.49402236938477,
104.73227500915527,
108.6118221282959,
109.26699638366699,
109.98988151550293,
106.03713989257812,
115.88692665100098,
107.33389854431152,
108.02984237670898,
104.71773147583008,
104.16889190673828,
105.14187812805176,
103.42097282409668,
105.05199432373047,
103.97982597351074,
102.86188125610352,
106.03499412536621,
107.73301124572754,
103.97195816040039,
104.04801368713379,
103.99794578552246,
105.99803924560547,
105.93295097351074,
108.52909088134766,
104.05206680297852,
103.98411750793457,
105.0570011138916,
106.74405097961426,
105.00288009643555,
103.13677787780762,
104.57015037536621,
105.59272766113281,
103.30009460449219,
103.56283187866211,
104.48694229125977,
105.87692260742188,
105.35597801208496,
106.52995109558105,
105.53193092346191,
104.91609573364258,
104.23612594604492,
105.47614097595215,
107.269287109375,
107.94901847839355,
105.43203353881836,
105.32617568969727,
106.20784759521484,
104.88605499267578,
105.01503944396973,
104.54773902893066,
105.15522956848145,
105.35907745361328,
104.85625267028809,
107.03802108764648,
106.47916793823242,
107.45000839233398,
106.94479942321777,
104.40802574157715,
104.9051284790039,
105.31997680664062,
105.74221611022949,
105.31091690063477,
106.24408721923828,
107.0718765258789,
106.93812370300293,
103.24501991271973,
105.40509223937988,
105.3309440612793,
105.16095161437988,
107.38205909729004,
104.06279563903809,
105.11398315429688,
106.30607604980469,
106.20784759521484,
106.0490608215332,
105.53884506225586,
105.6370735168457,
107.69796371459961,
103.31130027770996,
105.18670082092285,
105.67569732666016,
104.26807403564453,
109.8477840423584,
111.39488220214844,
113.22593688964844,
111.5729808807373,
103.95216941833496,
106.69326782226562,
106.781005859375,
104.48884963989258,
104.42423820495605,
106.15992546081543,
105.01503944396973,
107.98001289367676,
109.00092124938965,
107.66887664794922,
107.15007781982422,
106.39691352844238,
108.14785957336426,
107.30886459350586,
106.7349910736084,
106.77409172058105,
105.86810111999512,
104.76899147033691,
104.20608520507812,
104.36296463012695,
105.92508316040039,
105.70693016052246,
105.98611831665039,
108.11710357666016,
112.17212677001953,
117.76208877563477,
103.89304161071777,
105.86714744567871,
106.07481002807617,
105.70597648620605,
106.61697387695312,
106.27508163452148,
106.57477378845215,
105.88908195495605,
104.8731803894043,
104.50410842895508,
104.34412956237793,
103.85775566101074,
105.15594482421875,
106.53209686279297,
106.40501976013184,
104.56585884094238,
106.24575614929199,
106.14919662475586,
105.18193244934082,
104.32291030883789,
103.30700874328613,
105.16619682312012,
106.11486434936523,
104.84981536865234,
106.87112808227539,
103.39879989624023,
104.35819625854492,
105.53908348083496,
106.26602172851562,
104.7060489654541,
105.81398010253906,
104.19082641601562,
106.7352294921875,
105.41296005249023,
103.50322723388672,
106.38809204101562,
106.24098777770996,
104.98905181884766,
103.91879081726074,
105.56626319885254,
105.14211654663086,
103.28912734985352,
108.37507247924805,
105.194091796875,
107.63907432556152,
105.45778274536133,
106.43815994262695,
105.6671142578125,
105.03387451171875,
104.99191284179688,
105.38411140441895,
104.06994819641113,
104.39395904541016,
104.6299934387207,
104.15291786193848,
107.07283020019531,
104.97903823852539,
105.64923286437988,
105.87382316589355,
109.30681228637695,
105.90100288391113,
106.28318786621094,
103.04617881774902,
104.18009757995605,
104.40516471862793,
105.3018569946289,
103.93500328063965,
108.08491706848145,
104.17485237121582,
105.11326789855957,
104.90894317626953,
104.52508926391602,
106.80413246154785,
106.5218448638916,
103.71017456054688,
104.63476181030273,
106.1248779296875,
108.49118232727051,
104.04586791992188,
104.63905334472656,
107.40280151367188,
107.33604431152344,
105.2708625793457,
104.7971248626709,
104.68125343322754,
103.37209701538086,
104.81691360473633,
105.45587539672852,
105.83305358886719,
108.08086395263672,
104.19273376464844,
105.1950454711914,
104.44331169128418,
103.79409790039062,
106.16612434387207,
106.21380805969238,
105.95202445983887,
106.0638427734375,
106.96983337402344,
106.69302940368652,
107.50412940979004,
106.3070297241211,
105.3769588470459,
105.77511787414551,
104.16674613952637,
107.13028907775879,
104.26688194274902,
104.36701774597168,
104.24399375915527,
104.07876968383789,
104.70390319824219,
106.71591758728027,
106.0171127319336,
104.98213768005371,
105.04865646362305,
106.26506805419922,
106.7349910736084,
104.08806800842285,
106.53972625732422,
103.86991500854492,
105.57007789611816,
106.9331169128418,
107.01537132263184,
103.73902320861816,
105.27610778808594,
104.70199584960938,
104.54893112182617,
107.19060897827148,
104.17890548706055,
106.48918151855469,
103.71112823486328,
106.57906532287598,
106.2462329864502,
109.74311828613281,
111.9532585144043,
111.96374893188477,
112.030029296875,
105.06176948547363,
109.44080352783203,
105.47804832458496,
106.34374618530273,
106.62293434143066,
105.23104667663574,
106.91189765930176,
103.79195213317871,
106.36591911315918,
105.50999641418457,
104.25710678100586,
106.62221908569336,
107.35106468200684,
106.41622543334961,
106.33087158203125,
107.80191421508789,
106.13012313842773,
107.25617408752441,
109.41791534423828,
102.61726379394531,
105.9579849243164,
108.13713073730469,
107.63216018676758,
108.30879211425781,
106.06002807617188,
107.46121406555176,
103.5001277923584,
105.3321361541748,
105.92913627624512,
106.53972625732422,
105.93605041503906,
106.02998733520508,
109.19904708862305,
109.64369773864746,
106.45294189453125,
109.06600952148438,
108.52503776550293,
109.03096199035645,
106.90975189208984,
106.79411888122559,
106.04405403137207,
104.86602783203125,
107.09929466247559,
108.17098617553711,
103.43098640441895,
104.75492477416992,
103.43003273010254,
105.89981079101562,
106.81605339050293,
103.11698913574219,
106.98986053466797,
109.61675643920898,
110.69488525390625,
112.70928382873535,
106.86588287353516,
106.51087760925293,
103.51681709289551,
104.7210693359375,
103.33609580993652,
104.43878173828125,
104.16722297668457,
105.73387145996094,
105.12089729309082,
114.30716514587402,
106.88114166259766,
106.01592063903809,
104.03680801391602,
104.25281524658203,
109.9400520324707,
101.96399688720703,
105.10730743408203,
104.9809455871582,
103.51800918579102,
105.00907897949219,
104.30502891540527,
106.36591911315918,
103.43694686889648,
106.09722137451172,
105.35287857055664,
104.9039363861084,
103.54900360107422,
105.41176795959473,
104.55608367919922,
104.51316833496094,
104.75277900695801,
103.93309593200684,
109.82203483581543,
110.50605773925781,
105.16977310180664,
110.95404624938965,
111.01603507995605,
109.82918739318848,
108.22701454162598,
105.88383674621582,
103.27386856079102,
105.43513298034668,
106.68063163757324,
110.28885841369629,
103.90591621398926,
108.83402824401855,
108.89291763305664,
106.67109489440918,
105.95107078552246,
105.7279109954834,
106.48703575134277,
106.73379898071289,
109.53497886657715,
105.52811622619629,
104.31218147277832,
104.61688041687012,
105.92198371887207,
106.43792152404785,
105.43584823608398,
108.48808288574219,
109.1458797454834,
110.52703857421875,
108.45112800598145,
110.33487319946289,
103.88302803039551,
104.92706298828125,
105.79490661621094,
106.12821578979492,
105.24177551269531,
103.91616821289062,
107.05375671386719,
105.26704788208008,
106.39786720275879,
104.28428649902344,
104.48098182678223,
114.02511596679688,
108.2921028137207,
108.17384719848633,
109.85589027404785,
109.10487174987793,
106.75573348999023,
103.45673561096191,
103.02186012268066,
101.97091102600098,
104.01272773742676,
105.17191886901855,
106.92811012268066,
107.11193084716797,
105.60107231140137,
104.44331169128418,
105.53193092346191,
106.2631607055664,
105.98397254943848,
106.42099380493164,
105.61490058898926,
105.56793212890625,
105.1020622253418,
104.93612289428711,
103.74188423156738,
104.09212112426758,
103.60908508300781,
102.8139591217041,
103.5008430480957,
106.13417625427246,
104.09903526306152,
105.38387298583984,
104.71224784851074,
103.41620445251465,
104.65502738952637,
103.97839546203613,
104.21919822692871,
102.9808521270752,
102.59819030761719,
103.12199592590332,
103.84917259216309,
102.75793075561523,
102.60200500488281,
106.51588439941406,
106.15015029907227,
106.0018539428711,
103.36422920227051,
103.52015495300293,
102.7987003326416,
103.76906394958496,
106.2629222869873,
105.64184188842773,
103.47700119018555,
104.34913635253906,
104.23088073730469,
104.04586791992188,
104.98309135437012,
102.36597061157227,
104.50172424316406,
104.54201698303223,
107.4228286743164,
105.94415664672852,
102.92792320251465,
102.89931297302246,
102.90884971618652,
103.99627685546875,
102.42009162902832,
102.46586799621582,
104.44474220275879,
103.38306427001953,
104.89106178283691,
105.08608818054199,
103.1348705291748,
106.50324821472168,
107.56182670593262,
105.16119003295898,
105.3917407989502,
106.00805282592773,
104.248046875,
105.91816902160645,
105.98206520080566,
106.21809959411621,
104.56490516662598,
105.18789291381836,
104.1860580444336,
106.05812072753906,
107.28883743286133,
107.35201835632324,
105.24296760559082,
104.84981536865234,
106.51063919067383,
103.91807556152344,
104.12311553955078,
104.61783409118652,
106.32586479187012,
105.02076148986816,
105.19599914550781,
103.80887985229492,
105.77011108398438,
106.63032531738281,
106.08983039855957,
104.08401489257812,
106.48179054260254,
104.55703735351562,
102.62489318847656,
105.32307624816895,
105.07822036743164,
107.32102394104004,
103.83892059326172,
105.03172874450684,
103.25813293457031,
105.19123077392578,
104.38227653503418,
105.3462028503418,
106.11391067504883,
116.79911613464355,
115.93794822692871,
113.83390426635742,
110.57901382446289,
116.35422706604004,
110.17608642578125,
109.81917381286621,
110.43715476989746,
105.194091796875,
103.36804389953613,
108.0021858215332,
109.3440055847168,
109.3592643737793,
105.54385185241699,
103.60169410705566,
117.99216270446777,
121.66213989257812,
114.24803733825684,
111.40727996826172,
115.74220657348633,
110.78810691833496,
110.67318916320801,
114.76778984069824,
103.84774208068848,
103.54399681091309,
111.53101921081543,
112.23030090332031,
102.80323028564453,
108.28208923339844,
115.70596694946289,
106.63390159606934,
120.12815475463867,
114.44568634033203,
106.34803771972656,
104.62188720703125,
107.96594619750977,
109.96603965759277,
104.81095314025879,
107.11193084716797,
106.64868354797363,
105.93008995056152,
104.78711128234863,
105.90410232543945,
106.64606094360352,
105.79395294189453,
107.03706741333008,
104.6912670135498,
110.87203025817871,
102.42295265197754,
102.88310050964355,
103.9128303527832,
110.46290397644043,
110.81314086914062,
105.96990585327148,
109.90619659423828,
109.0860366821289,
106.9178581237793,
111.00888252258301,
104.40587997436523,
111.00912094116211,
111.08803749084473,
111.14311218261719,
115.61131477355957,
106.32801055908203,
107.77115821838379,
105.22699356079102,
108.99519920349121,
106.67061805725098,
107.84792900085449,
109.80582237243652,
104.89606857299805,
109.85803604125977,
109.10177230834961,
109.83800888061523,
107.83600807189941,
106.83202743530273,
107.39016532897949,
106.40096664428711,
106.28914833068848,
109.89689826965332,
107.18703269958496,
114.33100700378418,
105.91006278991699,
103.23405265808105,
103.3010482788086,
106.4751148223877,
111.3121509552002,
108.77299308776855,
106.85396194458008,
109.0538501739502,
106.97221755981445,
104.23803329467773,
104.8741340637207,
104.7978401184082,
109.68399047851562,
108.4299087524414,
109.69400405883789,
106.39476776123047,
104.61187362670898,
105.07798194885254,
106.53209686279297,
105.18813133239746,
105.8800220489502,
108.20913314819336,
106.9791316986084,
107.8040599822998,
109.26699638366699,
109.01403427124023,
105.09610176086426,
104.01391983032227,
104.47883605957031,
102.60128974914551,
104.48598861694336,
103.30486297607422,
102.69808769226074,
103.1191349029541,
105.4220199584961,
103.78766059875488,
103.51371765136719,
103.54304313659668,
103.52611541748047,
103.23500633239746,
103.7290096282959,
103.51300239562988,
104.55989837646484,
105.16905784606934,
104.77805137634277,
105.20076751708984,
105.03315925598145,
104.67696189880371,
104.21299934387207,
105.14569282531738,
104.32791709899902,
104.93326187133789,
107.37800598144531,
107.37276077270508,
104.51602935791016,
103.95288467407227,
104.20703887939453,
102.86307334899902,
105.49402236938477,
103.10602188110352,
103.7909984588623,
108.83212089538574,
110.14008522033691,
109.14993286132812,
104.10070419311523,
105.34811019897461,
104.49814796447754,
107.46383666992188,
107.29026794433594,
103.4250259399414,
104.06994819641113,
102.62393951416016,
105.19099235534668,
103.72805595397949,
103.52897644042969,
104.5377254486084,
105.67498207092285,
104.76183891296387,
104.75802421569824,
106.47130012512207,
106.31108283996582,
107.14197158813477,
103.94692420959473,
102.95486450195312,
102.97298431396484,
104.50983047485352,
106.96792602539062,
107.02800750732422,
105.85999488830566,
106.7037582397461,
105.02409934997559,
106.75406455993652,
105.89909553527832,
108.4890365600586,
109.17997360229492,
105.96561431884766,
103.92212867736816,
106.29034042358398,
108.54101181030273,
107.24115371704102,
109.49826240539551,
103.55997085571289,
103.0421257019043,
104.11906242370605,
103.44290733337402,
104.14886474609375,
104.1100025177002,
105.5898666381836,
106.36496543884277,
104.95877265930176,
104.13885116577148,
103.6689281463623,
103.23095321655273,
104.99000549316406,
103.97982597351074,
105.07607460021973,
103.3320426940918,
104.45189476013184,
103.62005233764648,
102.99396514892578,
106.03618621826172,
105.58700561523438,
106.32586479187012,
107.82623291015625,
104.94780540466309,
104.55822944641113,
103.71613502502441,
104.2628288269043,
105.54981231689453,
106.903076171875,
105.88192939758301,
105.65805435180664,
108.94083976745605,
107.9099178314209,
103.76715660095215,
102.98800468444824,
104.02512550354004,
103.30605506896973,
105.54003715515137,
104.9642562866211,
106.14418983459473,
107.67316818237305,
108.75988006591797,
104.44903373718262,
104.18510437011719,
106.02498054504395,
104.83312606811523,
104.09402847290039,
105.54981231689453,
105.1950454711914,
106.00495338439941,
104.01511192321777,
103.41906547546387,
104.31408882141113,
104.85601425170898,
105.8349609375,
103.48200798034668,
107.88321495056152,
104.2642593383789,
105.75103759765625,
104.08997535705566,
106.78720474243164,
104.26807403564453,
104.74181175231934,
104.9489974975586,
105.10587692260742,
105.11994361877441,
104.80594635009766,
106.05311393737793,
104.95901107788086,
105.61275482177734,
104.35891151428223,
106.48512840270996,
107.42688179016113,
106.29391670227051,
107.4671745300293,
104.58087921142578,
105.42488098144531,
105.70311546325684,
103.92498970031738,
106.11295700073242,
107.14411735534668,
104.22134399414062,
103.80911827087402,
105.36408424377441,
105.09705543518066,
104.79283332824707,
105.19695281982422,
107.24711418151855,
108.18624496459961,
104.68196868896484,
104.66480255126953,
104.80213165283203,
103.37209701538086,
103.13701629638672,
103.6829948425293,
105.15093803405762,
103.6679744720459,
104.59494590759277,
104.95901107788086,
104.41017150878906,
104.79879379272461,
103.92594337463379,
104.66527938842773,
103.87110710144043,
130.28287887573242,
135.32781600952148,
132.07197189331055,
140.44618606567383,
127.23302841186523,
115.00096321105957,
111.6790771484375,
126.92928314208984,
132.88593292236328,
109.1001033782959,
108.79206657409668,
131.3931941986084,
119.68779563903809,
117.89608001708984,
106.42576217651367,
132.89499282836914,
102.98275947570801,
102.02503204345703,
107.84292221069336,
108.38913917541504,
107.25283622741699,
103.88970375061035,
104.32100296020508,
118.24893951416016,
115.42296409606934,
109.62796211242676,
110.22210121154785,
112.12730407714844,
102.78892517089844,
101.43399238586426,
103.24406623840332,
136.07501983642578,
103.82914543151855,
104.14409637451172,
121.90079689025879,
122.23410606384277,
129.00686264038086,
102.59604454040527,
103.05213928222656,
103.33895683288574,
102.93102264404297,
103.40714454650879,
102.7679443359375,
104.19988632202148,
102.10204124450684,
102.69308090209961,
103.31416130065918,
103.3012866973877,
104.44903373718262,
103.40499877929688,
104.48288917541504,
104.36725616455078,
104.62093353271484,
102.95605659484863,
103.25503349304199,
103.7600040435791,
104.37798500061035,
102.89978981018066,
103.09982299804688,
102.83684730529785,
103.09600830078125,
103.00183296203613,
102.09798812866211,
103.63483428955078,
103.41286659240723,
102.81920433044434,
103.88898849487305,
104.12096977233887,
104.05802726745605,
104.78019714355469,
104.73799705505371,
103.09910774230957,
106.81891441345215,
103.58095169067383,
106.95910453796387,
105.9269905090332,
105.84068298339844,
103.96099090576172,
104.23707962036133,
105.80110549926758,
104.2478084564209,
104.85982894897461,
103.67989540100098,
102.71596908569336,
103.77812385559082,
102.59795188903809,
103.52683067321777,
103.2400131225586,
104.44092750549316,
104.50005531311035,
102.99277305603027,
105.63015937805176,
104.31599617004395,
106.6291332244873,
103.17492485046387,
105.65614700317383,
108.72578620910645,
108.80112648010254,
105.90696334838867,
107.26690292358398,
105.85618019104004,
105.26204109191895,
105.97681999206543,
106.82797431945801,
107.62691497802734,
105.68690299987793,
105.80992698669434,
106.22596740722656,
107.8641414642334,
107.82623291015625,
104.86197471618652,
106.47702217102051,
106.5068244934082,
106.51087760925293,
103.05094718933105,
104.50315475463867,
105.81207275390625,
105.96680641174316,
106.37903213500977,
103.97505760192871,
104.12192344665527,
103.06096076965332,
103.64270210266113,
103.81889343261719,
103.79290580749512,
104.7050952911377,
102.4787425994873,
103.13701629638672,
103.99889945983887,
103.74188423156738,
103.16109657287598,
102.83803939819336,
105.58223724365234,
105.55720329284668,
105.6203842163086,
105.5290699005127,
105.4379940032959,
104.40397262573242,
106.3239574432373,
105.26323318481445,
104.0651798248291,
104.03776168823242,
104.53295707702637,
104.98881340026855,
105.59487342834473,
105.64708709716797,
105.83996772766113,
106.35900497436523,
107.35821723937988,
103.93691062927246,
109.85493659973145,
108.30187797546387,
110.75115203857422,
103.40619087219238,
105.28397560119629,
104.0201187133789,
104.86674308776855,
104.75611686706543,
106.16111755371094,
103.41191291809082,
102.25486755371094,
102.29825973510742,
101.99785232543945,
103.19089889526367,
106.27222061157227,
103.6219596862793,
103.95288467407227,
104.4473648071289,
103.57189178466797,
105.49616813659668,
102.57911682128906,
105.28111457824707,
107.79595375061035,
108.44206809997559,
105.64088821411133,
104.28309440612793,
107.74874687194824,
105.28302192687988,
104.51579093933105,
105.19623756408691,
103.7750244140625,
102.02908515930176,
104.05611991882324,
102.56004333496094,
104.26497459411621,
106.13417625427246,
105.51691055297852,
103.60503196716309,
104.53081130981445,
102.88596153259277,
102.86402702331543,
102.752685546875,
105.14378547668457,
103.6982536315918,
103.28984260559082,
105.91483116149902,
105.13782501220703,
104.66814041137695,
105.82137107849121,
105.79204559326172,
104.77304458618164,
105.38411140441895,
106.28390312194824,
104.40897941589355,
107.83696174621582,
110.68177223205566,
105.82399368286133,
105.26609420776367,
104.08401489257812,
111.94586753845215,
105.31091690063477,
104.11190986633301,
105.18407821655273,
105.04722595214844,
106.3687801361084,
106.01496696472168,
104.91824150085449,
108.1390380859375,
104.50482368469238,
105.73482513427734,
103.78599166870117,
104.18987274169922,
104.84766960144043,
106.28104209899902,
106.68587684631348,
105.69882392883301,
103.7147045135498,
105.4069995880127,
107.85222053527832,
104.16316986083984,
106.00614547729492,
104.29525375366211,
108.4599494934082,
106.2929630279541,
107.26761817932129,
105.79395294189453,
108.4752082824707,
105.32808303833008,
105.3459644317627,
104.78091239929199,
110.17704010009766,
110.02683639526367,
108.28280448913574,
107.51485824584961,
104.22015190124512,
107.2242259979248,
108.11805725097656,
105.9567928314209,
106.28581047058105,
105.45086860656738,
104.18820381164551,
107.86271095275879,
105.49116134643555,
104.91013526916504,
106.75311088562012,
111.68169975280762,
111.79065704345703,
103.70898246765137,
104.78425025939941,
108.05726051330566,
105.44514656066895,
104.97212409973145,
104.81595993041992,
106.26530647277832,
106.22692108154297,
107.25975036621094,
105.43584823608398,
104.90274429321289,
105.66401481628418,
105.24320602416992,
109.12489891052246,
107.31959342956543,
107.65576362609863,
106.6288948059082,
109.85898971557617,
105.15189170837402,
104.87198829650879,
106.35089874267578,
110.11910438537598,
112.98513412475586,
111.4659309387207,
104.58803176879883,
103.9128303527832,
105.38601875305176,
105.15594482421875,
111.36507987976074,
105.34477233886719,
103.70683670043945,
105.18693923950195,
107.62286186218262,
110.76712608337402,
112.96391487121582,
114.63236808776855,
116.71185493469238,
106.10008239746094,
104.17890548706055,
104.11190986633301,
104.52914237976074,
108.14213752746582,
106.4612865447998,
105.60464859008789,
107.8789234161377,
104.76207733154297,
104.56180572509766,
105.3769588470459,
105.47780990600586,
107.64575004577637,
104.29096221923828,
106.22000694274902,
105.63921928405762,
109.04169082641602,
113.24191093444824,
109.94601249694824,
114.05277252197266,
110.98718643188477,
109.03596878051758,
109.44199562072754,
104.00581359863281,
103.5468578338623,
108.84499549865723,
109.85016822814941,
112.52713203430176,
107.01298713684082,
109.24506187438965,
108.37888717651367,
103.76977920532227,
106.92381858825684,
105.09967803955078,
108.55293273925781,
121.14620208740234,
117.94304847717285,
109.61413383483887,
119.50087547302246,
105.38315773010254,
104.88200187683105,
102.2341251373291,
103.22976112365723,
101.73583030700684,
102.67186164855957,
105.99493980407715,
103.62601280212402,
105.0879955291748,
105.82208633422852,
110.13197898864746,
106.2779426574707,
106.32705688476562,
109.32517051696777,
106.9939136505127,
104.61091995239258,
106.66489601135254,
104.87484931945801,
103.57308387756348,
105.75532913208008,
104.888916015625,
104.80594635009766,
106.08100891113281,
107.35774040222168,
103.55973243713379,
103.29794883728027,
108.72411727905273,
108.46519470214844,
112.3659610748291,
112.96582221984863,
112.70976066589355,
107.23185539245605,
104.32195663452148,
105.61633110046387,
105.53908348083496,
105.5610179901123,
104.72702980041504,
103.6689281463623,
103.2557487487793,
103.66201400756836,
107.29122161865234,
110.96668243408203,
107.60784149169922,
107.57708549499512,
106.86397552490234,
106.87994956970215,
106.34279251098633,
109.79104042053223,
108.2010269165039,
107.23710060119629,
104.74085807800293,
102.61201858520508,
108.63518714904785,
106.84800148010254,
103.29294204711914,
103.87396812438965,
106.65702819824219,
109.88521575927734,
108.51383209228516,
111.25588417053223,
111.38582229614258,
107.70511627197266,
105.92103004455566,
111.54675483703613,
106.06598854064941,
105.44490814208984,
106.38785362243652,
107.59782791137695,
106.32014274597168,
107.18798637390137,
107.34796524047852,
104.7508716583252,
104.3550968170166,
104.5072078704834,
106.07004165649414,
106.63795471191406,
109.39216613769531,
104.87699508666992,
105.21101951599121,
105.19599914550781,
105.21888732910156,
104.38704490661621,
104.75397109985352,
105.91483116149902,
103.4550666809082,
105.9410572052002,
106.05311393737793,
105.87692260742188,
106.04000091552734,
104.28595542907715,
103.20782661437988,
105.88788986206055,
104.29120063781738,
106.77075386047363,
105.51118850708008,
104.33030128479004,
106.01401329040527,
106.94122314453125,
106.44817352294922,
108.0923080444336,
106.38809204101562,
103.22093963623047,
104.88414764404297,
104.76279258728027,
110.14199256896973,
106.90712928771973,
107.52224922180176,
106.32085800170898,
106.12893104553223,
106.0178279876709,
107.74111747741699,
108.09183120727539,
104.35295104980469,
104.85005378723145,
104.10213470458984,
104.39682006835938,
106.57525062561035,
108.35933685302734,
108.00004005432129,
106.38880729675293,
106.79912567138672,
107.39398002624512,
105.58295249938965,
106.34279251098633,
106.19187355041504,
105.76629638671875,
104.11596298217773,
106.44698143005371,
106.12607002258301,
104.98809814453125,
104.39920425415039,
104.99930381774902,
108.26897621154785,
107.30600357055664,
106.60719871520996,
103.33085060119629,
103.72805595397949,
103.56926918029785,
105.21292686462402,
106.9178581237793,
103.85680198669434,
104.33697700500488,
103.29818725585938,
102.65398025512695,
104.69675064086914,
103.4390926361084,
104.05898094177246,
104.52508926391602,
106.24217987060547,
104.76279258728027,
104.69198226928711,
106.27412796020508,
106.03904724121094,
107.3307991027832,
105.36599159240723,
106.3990592956543,
105.83615303039551,
106.02688789367676,
104.3250560760498,
106.46295547485352,
105.2100658416748,
107.7427864074707,
107.41710662841797,
104.74801063537598,
105.13591766357422,
104.5069694519043,
106.6131591796875,
104.99405860900879,
106.03809356689453,
104.18510437011719,
102.96511650085449,
105.23080825805664,
106.23383522033691,
107.35583305358887,
105.07917404174805,
104.96282577514648,
105.00407218933105,
105.0879955291748,
105.13114929199219,
107.44595527648926,
106.07409477233887,
104.83193397521973,
108.30903053283691,
104.36201095581055,
103.94692420959473,
105.91506958007812,
108.03699493408203,
105.86214065551758,
110.00800132751465,
107.32197761535645,
105.03888130187988,
111.40012741088867,
103.34372520446777,
107.18894004821777,
107.24997520446777,
105.63182830810547,
108.88004302978516,
107.23686218261719,
106.86612129211426,
104.19321060180664,
105.19909858703613,
106.68611526489258,
106.19068145751953,
106.08482360839844,
106.54091835021973,
108.98780822753906,
106.60576820373535,
106.2159538269043,
107.71393775939941,
107.2530746459961,
105.30304908752441,
109.48300361633301,
108.40296745300293,
105.87096214294434,
105.93199729919434,
109.05694961547852,
107.6350212097168,
105.45992851257324,
106.32896423339844,
106.10699653625488,
105.68785667419434,
103.62911224365234,
105.05223274230957,
106.88304901123047,
105.5610179901123,
111.64593696594238,
107.77807235717773,
114.36104774475098,
108.52980613708496,
108.09707641601562,
118.40367317199707,
106.93717002868652,
107.68890380859375,
106.94289207458496,
108.42490196228027,
104.8581600189209,
108.72602462768555,
104.7980785369873,
117.01393127441406,
110.56303977966309,
104.01511192321777,
129.9278736114502,
115.71526527404785,
109.50803756713867,
113.39402198791504,
122.58291244506836,
113.94095420837402,
115.3872013092041,
106.30130767822266,
128.59416007995605,
119.66300010681152,
103.89018058776855,
106.4000129699707,
108.75320434570312,
108.2010269165039,
112.89095878601074,
107.9249382019043,
110.48388481140137,
106.42790794372559,
110.1078987121582,
116.08076095581055,
104.68125343322754,
108.2158088684082,
110.69893836975098,
107.37991333007812,
108.24108123779297,
107.22184181213379,
131.35194778442383,
134.0339183807373,
132.34400749206543,
135.25676727294922,
129.89115715026855,
108.09326171875,
131.09302520751953,
136.5988254547119,
129.65083122253418,
122.64394760131836,
133.5148811340332,
128.4651756286621,
129.6529769897461,
136.31582260131836,
129.23598289489746,
130.8422088623047,
129.79483604431152,
127.97427177429199,
133.8639259338379,
106.26578330993652,
130.34796714782715,
113.80934715270996,
135.3311538696289,
134.63616371154785,
135.31208038330078,
132.1871280670166,
133.19993019104004,
135.90216636657715,
137.00509071350098,
142.7021026611328,
103.27887535095215,
104.64596748352051,
105.18717765808105,
104.62117195129395,
103.45101356506348,
104.41803932189941,
103.5757064819336,
104.64191436767578,
106.53066635131836,
106.70304298400879,
105.72004318237305,
105.59368133544922,
105.99398612976074,
105.06892204284668,
105.63302040100098,
106.36496543884277,
107.75399208068848,
107.81693458557129,
104.19297218322754,
107.38205909729004,
104.97808456420898,
106.46200180053711,
105.84712028503418,
106.41217231750488,
109.94505882263184,
110.6119155883789,
112.13016510009766,
104.51102256774902,
105.80205917358398,
106.83608055114746,
107.49006271362305,
106.67705535888672,
107.23209381103516,
105.94701766967773,
106.53400421142578,
107.53297805786133,
103.65104675292969,
103.74021530151367,
106.46915435791016,
106.48202896118164,
108.78300666809082,
106.26006126403809,
105.98111152648926,
105.85784912109375,
104.6900749206543,
106.00090026855469,
104.55012321472168,
104.08186912536621,
104.0489673614502,
104.83312606811523,
102.1871566772461,
101.9289493560791,
103.86204719543457,
103.06668281555176,
107.53607749938965,
109.0400218963623,
111.8168830871582,
111.03177070617676,
112.13898658752441,
112.74909973144531,
115.81110954284668,
108.15095901489258,
106.42790794372559,
105.88598251342773,
107.44380950927734,
109.93003845214844,
119.26507949829102,
109.99917984008789,
121.61111831665039,
113.51704597473145,
109.38596725463867,
113.74902725219727,
114.75801467895508,
111.24801635742188,
115.21410942077637,
107.78093338012695,
108.77275466918945,
115.52977561950684,
123.50988388061523,
122.11990356445312,
128.0381679534912,
116.54782295227051,
117.10691452026367,
129.4713020324707,
106.84871673583984,
112.41698265075684,
111.47403717041016,
112.13207244873047,
112.9159927368164,
110.50915718078613,
112.72692680358887,
109.5881462097168,
110.08310317993164,
112.66708374023438,
109.26103591918945,
112.90788650512695,
126.69110298156738,
129.89377975463867,
112.77174949645996,
116.51420593261719,
112.00785636901855,
109.30895805358887,
108.9789867401123,
107.15818405151367,
111.34672164916992,
112.47086524963379,
105.53193092346191,
105.2238941192627,
103.56616973876953,
104.86388206481934,
105.06415367126465,
104.70223426818848,
103.50513458251953,
104.69484329223633,
108.88910293579102,
109.05194282531738,
107.94997215270996,
112.33091354370117,
101.85503959655762,
123.39520454406738,
112.72025108337402,
122.02215194702148,
113.67416381835938,
125.2598762512207,
120.71394920349121,
126.53183937072754,
125.81706047058105,
126.71399116516113,
122.10702896118164,
125.05316734313965,
116.72425270080566,
116.29128456115723,
114.60113525390625,
116.20783805847168,
115.9219741821289,
119.5671558380127,
117.55108833312988,
115.33594131469727,
126.47485733032227,
110.56113243103027,
110.09621620178223,
110.86273193359375,
108.62302780151367,
110.3670597076416,
117.48814582824707,
114.94112014770508,
121.57177925109863,
117.95997619628906,
115.10181427001953,
107.6819896697998,
107.39922523498535,
105.72528839111328,
106.41193389892578,
106.08506202697754,
105.68785667419434,
104.3398380279541,
106.86898231506348,
110.52989959716797,
110.66222190856934,
109.97319221496582,
111.31024360656738,
110.82911491394043,
111.44089698791504,
110.86821556091309,
110.99886894226074,
108.66427421569824,
109.75384712219238,
110.34798622131348,
109.70902442932129,
109.75813865661621,
111.51885986328125,
108.33406448364258,
110.74304580688477,
108.68978500366211,
111.03367805480957,
108.08086395263672,
108.1228256225586,
111.33885383605957,
108.9332103729248,
103.41286659240723,
104.67696189880371,
106.27627372741699,
106.07385635375977,
106.08267784118652,
109.46202278137207,
108.82091522216797,
109.80391502380371,
111.15694046020508,
106.4767837524414,
107.11383819580078,
107.93113708496094,
105.8349609375,
105.8051586151123,
102.94508934020996,
104.13908958435059,
104.25400733947754,
104.0949821472168,
106.53281211853027,
106.32681846618652,
110.0912094116211,
110.20994186401367,
110.07499694824219,
112.02096939086914,
110.2609634399414,
115.47088623046875,
110.86821556091309,
107.47313499450684,
110.24308204650879,
107.89704322814941,
110.11886596679688,
110.9471321105957,
109.47036743164062,
113.6932373046875,
111.58299446105957,
113.19494247436523,
110.26358604431152,
106.4755916595459,
107.3141098022461,
107.23614692687988,
105.67903518676758,
107.97691345214844,
106.67681694030762,
107.73086547851562,
107.23280906677246,
107.18798637390137,
105.55696487426758,
109.16686058044434,
109.88998413085938,
104.77590560913086,
105.58199882507324,
105.6067943572998,
104.32791709899902,
104.57682609558105,
110.137939453125,
112.95199394226074,
111.18578910827637,
107.56611824035645,
108.95729064941406,
104.47096824645996,
104.64596748352051,
106.17804527282715,
109.24720764160156,
110.15915870666504,
109.56597328186035,
111.05895042419434,
110.67819595336914,
112.01190948486328,
118.99209022521973,
119.9941635131836,
122.08890914916992,
117.94400215148926,
120.04399299621582,
112.7629280090332,
121.1857795715332,
123.22521209716797,
124.49002265930176,
124.45402145385742,
105.12423515319824,
105.26394844055176,
105.31806945800781,
105.60488700866699,
104.24017906188965,
103.67274284362793,
105.80611228942871,
108.44993591308594,
109.24983024597168,
103.59025001525879,
104.30288314819336,
104.05182838439941,
104.16412353515625,
104.86507415771484,
104.94089126586914,
105.17191886901855,
103.70206832885742,
106.4140796661377,
104.51292991638184,
104.4769287109375,
103.88398170471191,
105.66186904907227,
105.50189018249512,
106.30488395690918,
105.73101043701172,
104.73895072937012,
105.4542064666748,
108.54816436767578,
109.77792739868164,
109.80105400085449,
106.96196556091309,
105.48877716064453,
104.2470932006836,
103.63888740539551,
115.27109146118164,
113.94095420837402,
111.3443374633789,
106.9192886352539,
107.00297355651855,
104.33578491210938,
105.08203506469727,
106.57215118408203,
104.69198226928711,
105.13091087341309,
114.10808563232422,
116.94478988647461,
105.15475273132324,
105.55386543273926,
105.37290573120117,
107.44309425354004,
109.77387428283691,
108.31904411315918,
108.64710807800293,
103.92522811889648,
106.15134239196777,
107.39898681640625,
107.79905319213867,
108.78896713256836,
103.88302803039551,
116.34707450866699,
109.31611061096191,
116.4391040802002,
110.63981056213379,
104.29787635803223,
104.52866554260254,
105.45110702514648,
104.73489761352539,
105.10087013244629,
103.46293449401855,
105.22222518920898,
105.1630973815918,
106.26006126403809,
109.61318016052246,
105.08394241333008,
107.56993293762207,
104.26092147827148,
103.47509384155273,
105.75103759765625,
107.30290412902832,
107.47623443603516,
105.03816604614258,
109.2381477355957,
105.85927963256836,
107.78594017028809,
107.07569122314453,
104.85005378723145,
105.73220252990723,
105.36313056945801,
104.00819778442383,
106.01925849914551,
104.79402542114258,
105.52287101745605,
104.54821586608887,
105.44776916503906,
103.85012626647949,
107.4838638305664,
107.38801956176758,
104.11596298217773,
103.26409339904785,
105.29899597167969,
104.60090637207031,
105.82208633422852,
105.3781509399414,
109.00616645812988,
106.15921020507812,
105.79490661621094,
105.65614700317383,
104.07185554504395,
106.36496543884277,
106.78601264953613,
104.44903373718262,
105.26823997497559,
105.24797439575195,
103.52778434753418,
104.57801818847656,
108.2313060760498,
107.85603523254395,
103.89232635498047,
102.18405723571777,
104.86674308776855,
105.82304000854492,
105.68380355834961,
111.18817329406738,
103.66106033325195,
103.68204116821289,
103.8970947265625,
106.78601264953613,
113.23213577270508,
109.20023918151855,
104.55703735351562,
104.0341854095459,
104.6910285949707,
104.62784767150879,
105.12208938598633,
108.32476615905762,
109.76791381835938,
105.99493980407715,
103.88708114624023,
103.17015647888184,
102.93030738830566,
104.45499420166016,
105.94010353088379,
107.30290412902832,
104.5992374420166,
110.73899269104004,
116.17207527160645,
106.47106170654297,
110.50605773925781,
103.32608222961426,
103.67894172668457,
103.34587097167969,
110.72087287902832,
105.48686981201172,
106.46796226501465,
113.04712295532227,
114.96591567993164,
106.45103454589844,
109.50183868408203,
115.56792259216309,
115.83209037780762,
106.62102699279785,
105.95369338989258,
108.89482498168945,
109.6200942993164,
109.60888862609863,
107.67507553100586,
106.7807674407959,
107.1329116821289,
106.02879524230957,
105.74603080749512,
109.06028747558594,
105.22174835205078,
111.41514778137207,
104.5827865600586,
104.95710372924805,
105.26609420776367,
107.2230339050293,
108.09183120727539,
106.70304298400879,
106.05287551879883,
103.84321212768555,
103.61385345458984,
107.71298408508301,
107.97905921936035,
107.85675048828125,
106.93502426147461,
106.95290565490723,
112.7469539642334,
113.45601081848145,
109.60197448730469,
106.23908042907715,
112.70499229431152,
107.54513740539551,
108.93917083740234,
108.39295387268066,
105.6818962097168,
104.6140193939209,
106.51803016662598,
104.89487648010254,
103.6982536315918,
103.64699363708496,
107.77592658996582,
107.27715492248535,
107.21206665039062,
104.21895980834961,
105.76510429382324,
104.6910285949707,
104.91299629211426,
104.33316230773926,
103.9271354675293,
106.77886009216309,
105.10516166687012,
107.80787467956543,
104.3708324432373,
105.95083236694336,
106.37998580932617,
107.95903205871582,
114.64118957519531,
109.91883277893066,
109.73691940307617,
103.96480560302734,
104.63404655456543,
106.9800853729248,
106.09602928161621,
103.19900512695312,
104.15387153625488,
106.07600212097168,
103.6841869354248,
108.56485366821289,
108.38770866394043,
108.21294784545898,
105.32307624816895,
105.98182678222656,
107.00392723083496,
104.82501983642578,
104.63476181030273,
104.83813285827637,
105.55315017700195,
108.15596580505371,
104.41327095031738,
106.31108283996582,
103.83486747741699,
104.83884811401367,
105.61490058898926,
107.5141429901123,
104.65002059936523,
104.35199737548828,
105.1640510559082,
112.17093467712402,
108.69503021240234,
105.90672492980957,
105.15594482421875,
104.51292991638184,
108.7942123413086,
109.50112342834473,
111.74488067626953,
116.30892753601074,
106.30917549133301,
106.3227653503418,
106.60099983215332,
106.64677619934082,
104.10690307617188,
103.84702682495117,
106.64892196655273,
107.24210739135742,
102.96010971069336,
105.45587539672852,
104.89296913146973,
104.5219898223877,
111.52791976928711,
104.88200187683105,
103.87802124023438,
103.62386703491211,
105.21817207336426,
106.70781135559082,
107.94186592102051,
105.4530143737793,
105.1321029663086,
109.27391052246094,
107.94806480407715,
109.8639965057373,
108.72006416320801,
109.26222801208496,
104.85720634460449,
106.19592666625977,
104.4609546661377,
105.49521446228027,
106.47988319396973,
103.8661003112793,
105.80086708068848,
105.79204559326172,
106.82415962219238,
106.86182975769043,
104.40778732299805,
103.21426391601562,
106.73975944519043,
104.43592071533203,
107.8789234161377,
104.55870628356934,
102.91314125061035,
103.96909713745117,
105.6661605834961,
106.81796073913574,
105.29613494873047,
107.32793807983398,
104.49409484863281,
107.47981071472168,
106.17303848266602,
105.74722290039062,
106.39691352844238,
104.83789443969727,
105.82590103149414,
105.53693771362305,
105.17501831054688,
103.36899757385254,
103.51395606994629,
104.57825660705566,
105.44300079345703,
104.13813591003418,
103.78003120422363,
108.84284973144531,
106.79888725280762,
105.12399673461914,
103.6369800567627,
106.93573951721191,
104.72607612609863,
107.30695724487305,
106.67896270751953,
105.25703430175781,
103.95312309265137,
104.4318675994873,
102.26726531982422,
104.03800010681152,
103.81388664245605,
104.2020320892334,
105.73601722717285,
108.34407806396484,
104.88390922546387,
103.35183143615723,
107.43999481201172,
107.23471641540527,
104.91585731506348,
104.91108894348145,
104.41994667053223,
107.64384269714355,
106.92906379699707,
107.7570915222168,
107.45692253112793,
104.99691963195801,
104.71701622009277,
104.1710376739502,
106.22501373291016,
104.88080978393555,
102.72002220153809,
110.17322540283203,
104.2628288269043,
103.81698608398438,
103.85704040527344,
102.8449535369873,
105.05294799804688,
103.99317741394043,
106.14991188049316,
105.00979423522949,
105.7291030883789,
109.0691089630127,
106.88471794128418,
105.5300235748291,
104.42495346069336,
104.95901107788086,
104.7220230102539,
105.89981079101562,
106.09602928161621,
109.67016220092773,
108.93011093139648,
105.35502433776855,
107.87510871887207,
110.30697822570801,
109.73906517028809,
111.75107955932617,
105.61299324035645,
106.2769889831543,
105.61990737915039,
108.46614837646484,
105.95297813415527,
105.77201843261719,
108.10995101928711,
106.11987113952637,
106.61578178405762,
104.39395904541016,
103.19304466247559,
112.71905899047852,
105.72600364685059,
105.68714141845703,
104.66790199279785,
103.68108749389648,
107.37991333007812,
106.51421546936035,
107.53107070922852,
106.66298866271973,
106.02879524230957,
107.68890380859375,
105.1487922668457,
105.91602325439453,
107.19990730285645,
107.84220695495605,
113.4190559387207,
110.1388931274414,
111.14907264709473,
105.62419891357422,
108.29806327819824,
107.9859733581543,
102.97608375549316,
109.34185981750488,
106.22477531433105,
106.07481002807617,
109.12322998046875,
105.10802268981934,
103.03115844726562,
105.50928115844727,
110.43214797973633,
104.87794876098633,
103.17397117614746,
104.46691513061523,
103.86514663696289,
105.89194297790527,
109.56001281738281,
108.94417762756348,
105.45110702514648,
113.21592330932617,
114.24612998962402,
108.1383228302002,
109.18307304382324,
105.07798194885254,
104.6590805053711,
109.8470687866211,
107.4361801147461,
108.18910598754883,
104.23612594604492,
104.45594787597656,
105.97014427185059,
104.39705848693848,
106.17494583129883,
106.68635368347168,
103.43194007873535,
103.89304161071777,
106.72783851623535,
110.29195785522461,
108.64901542663574,
109.16304588317871,
104.59303855895996,
108.9789867401123,
108.33024978637695,
104.36606407165527,
111.04989051818848,
105.71885108947754,
109.25817489624023,
104.42805290222168,
107.7420711517334,
107.62596130371094,
108.12711715698242,
111.53888702392578,
107.3760986328125,
103.1181812286377,
109.28916931152344,
110.28599739074707,
110.16297340393066,
104.71105575561523,
103.95097732543945,
105.38792610168457,
107.0399284362793,
105.34906387329102,
106.06193542480469,
103.37114334106445,
107.22875595092773,
113.16990852355957,
106.3222885131836,
108.28065872192383,
106.02092742919922,
106.86206817626953,
104.97283935546875,
105.47780990600586,
104.38132286071777,
105.03697395324707,
104.74801063537598,
104.81834411621094,
104.84194755554199,
108.49690437316895,
110.20398139953613,
111.39798164367676,
111.71674728393555,
102.55813598632812,
101.24683380126953,
104.4321060180664,
103.69491577148438,
102.24199295043945,
103.53207588195801,
103.77001762390137,
104.63571548461914,
104.9962043762207,
104.38919067382812,
103.10220718383789,
108.81900787353516,
109.89618301391602,
109.24601554870605,
111.84215545654297,
106.20808601379395,
105.53383827209473,
105.1797866821289,
108.40082168579102,
106.4457893371582,
101.95302963256836,
102.73098945617676,
102.28395462036133,
103.06906700134277,
103.7592887878418,
102.51998901367188,
102.3252010345459,
101.48262977600098,
102.50687599182129,
102.30112075805664,
103.44219207763672,
103.14083099365234,
103.52087020874023,
102.6298999786377,
109.82108116149902,
110.09693145751953,
114.52388763427734,
102.61106491088867,
101.94683074951172,
102.33616828918457,
102.2348403930664,
104.30407524108887,
103.71613502502441,
101.95088386535645,
103.62887382507324,
102.93388366699219,
102.80108451843262,
104.69508171081543,
104.90870475769043,
106.00590705871582,
104.97522354125977,
105.04603385925293,
103.25884819030762,
104.08973693847656,
103.76763343811035,
104.28500175476074,
103.82080078125,
104.36820983886719,
103.43694686889648,
102.96773910522461,
103.08718681335449,
103.02209854125977,
102.91290283203125,
102.85592079162598,
102.62918472290039,
103.63316535949707,
102.08821296691895,
102.76603698730469,
105.12685775756836,
104.56705093383789,
103.66320610046387,
104.36201095581055,
104.86507415771484,
103.41191291809082,
103.06000709533691,
104.33793067932129,
103.78074645996094,
104.81595993041992,
104.19416427612305,
106.37307167053223,
102.8289794921875,
103.15895080566406,
103.56903076171875,
103.89518737792969,
103.26123237609863,
104.15172576904297,
104.46691513061523,
101.84979438781738,
102.85115242004395,
103.18684577941895,
104.68006134033203,
105.89265823364258,
103.58810424804688,
106.20880126953125,
105.00001907348633,
106.69302940368652,
104.90179061889648,
107.18488693237305,
102.02503204345703,
102.69689559936523,
102.04076766967773,
102.84113883972168,
103.22308540344238,
103.12986373901367,
103.15799713134766,
103.13820838928223,
102.12182998657227,
102.37503051757812,
103.33108901977539,
102.57792472839355,
104.76326942443848,
102.67901420593262,
103.07908058166504,
102.09393501281738,
103.12604904174805,
101.78804397583008,
102.67901420593262,
102.76103019714355,
102.00977325439453,
102.48875617980957,
102.44083404541016,
104.27474975585938,
104.86197471618652,
102.44989395141602,
102.76007652282715,
102.3709774017334,
102.27084159851074,
102.98705101013184,
101.98521614074707,
102.13112831115723,
103.74903678894043,
103.25932502746582,
103.12008857727051,
102.22601890563965,
102.88381576538086,
102.02431678771973,
102.54621505737305,
103.3318042755127,
104.85291481018066,
105.18693923950195,
104.30526733398438,
105.03125190734863,
103.57403755187988,
103.34110260009766,
102.9210090637207,
102.60891914367676,
102.24795341491699,
104.64119911193848,
103.64699363708496,
102.33807563781738,
103.4538745880127,
102.38480567932129,
103.99913787841797,
103.4538745880127,
103.11079025268555,
104.37202453613281,
103.52373123168945,
103.06406021118164,
103.79385948181152,
104.32696342468262,
103.37376594543457,
103.46794128417969,
106.87589645385742,
105.96704483032227,
105.96108436584473,
106.99629783630371,
106.88591003417969,
103.31010818481445,
103.29389572143555,
104.20107841491699,
102.72908210754395,
104.2168140411377,
103.68204116821289,
103.25908660888672,
102.39315032958984,
104.37297821044922,
105.0271987915039,
103.9881706237793,
105.1020622253418,
103.53803634643555,
105.13591766357422,
105.54695129394531,
102.87213325500488,
104.88104820251465,
103.48987579345703,
104.50267791748047,
105.44180870056152,
107.025146484375,
106.97603225708008,
104.27093505859375,
105.37600517272949,
104.16102409362793,
105.99017143249512,
107.96380043029785,
107.51986503601074,
106.35185241699219,
105.43489456176758,
107.35893249511719,
107.96403884887695,
103.63221168518066,
104.31694984436035,
103.82390022277832,
105.32093048095703,
106.60219192504883,
104.09307479858398,
106.7051887512207,
104.35891151428223,
105.74698448181152,
104.16913032531738,
110.65506935119629,
105.22890090942383,
105.05080223083496,
104.93922233581543,
104.8288345336914,
106.11581802368164,
103.69610786437988,
105.97515106201172,
106.02402687072754,
108.80804061889648,
108.50691795349121,
106.63866996765137,
104.73895072937012,
104.8891544342041,
105.20291328430176,
105.28206825256348,
106.95886611938477,
106.18805885314941,
105.19599914550781,
105.68881034851074,
104.07090187072754,
106.34493827819824,
108.34670066833496,
108.31689834594727,
104.61306571960449,
109.51805114746094,
104.57110404968262,
106.10699653625488,
105.0419807434082,
107.10287094116211,
106.67705535888672,
106.13679885864258,
106.92691802978516,
104.84075546264648,
106.17280006408691,
104.69889640808105,
104.61902618408203,
104.2320728302002,
107.05018043518066,
105.85594177246094,
105.75389862060547,
104.50625419616699,
105.57889938354492,
103.50799560546875,
104.67886924743652,
104.01105880737305,
103.62482070922852,
104.50887680053711,
106.22406005859375,
105.6520938873291,
105.38959503173828,
106.33206367492676,
105.8650016784668,
106.11867904663086,
107.32388496398926,
110.11195182800293,
109.99011993408203,
108.49714279174805,
104.32791709899902,
106.25410079956055,
106.27293586730957,
104.92610931396484,
107.01966285705566,
104.35295104980469,
110.14413833618164,
105.57889938354492,
104.2327880859375,
103.91688346862793,
107.79714584350586,
104.29096221923828,
104.08282279968262,
104.27618026733398,
105.52000999450684,
108.65497589111328,
110.23163795471191,
105.40604591369629,
103.71994972229004,
108.09111595153809,
105.88479042053223,
114.3639087677002,
110.23306846618652,
106.43267631530762,
111.12594604492188,
109.70902442932129,
104.41994667053223,
108.51693153381348,
107.49983787536621,
110.36801338195801,
106.52804374694824,
111.11974716186523,
107.8641414642334,
105.47995567321777,
106.57310485839844,
107.21111297607422,
104.24089431762695,
106.61721229553223,
106.64200782775879,
107.44905471801758,
111.46092414855957,
111.36317253112793,
122.41697311401367,
131.2410831451416,
112.62321472167969,
112.35213279724121,
128.37982177734375,
117.59805679321289,
103.24406623840332,
103.60503196716309,
106.47702217102051,
105.80682754516602,
104.05874252319336,
108.61968994140625,
106.8410873413086,
103.9280891418457,
102.75411605834961,
114.57204818725586,
108.47306251525879,
117.70987510681152,
106.91261291503906,
113.36588859558105,
104.37226295471191,
111.83404922485352,
108.54697227478027,
104.26497459411621,
107.95402526855469,
106.14991188049316,
126.63507461547852,
124.57084655761719,
102.97918319702148,
102.58793830871582,
111.01007461547852,
111.66119575500488,
110.69798469543457,
107.68604278564453,
110.9929084777832,
112.0450496673584,
108.66308212280273,
105.53812980651855,
115.33808708190918,
115.33212661743164,
115.80896377563477,
116.3320541381836,
103.48391532897949,
107.25688934326172,
104.60495948791504,
105.48186302185059,
102.80966758728027,
104.08401489257812,
109.37094688415527,
108.22486877441406,
109.39216613769531,
109.86495018005371,
110.69536209106445,
107.75399208068848,
105.8800220489502,
105.71980476379395,
106.36711120605469,
114.09378051757812,
115.56577682495117,
116.26529693603516,
115.69690704345703,
112.51211166381836,
104.63690757751465,
111.30332946777344,
114.35604095458984,
105.85498809814453,
115.94200134277344,
117.14696884155273,
125.75101852416992,
118.45612525939941,
117.55704879760742,
104.46476936340332,
107.22184181213379,
106.74095153808594,
106.09078407287598,
105.15689849853516,
106.02784156799316,
109.68494415283203,
106.54306411743164,
108.51287841796875,
107.15699195861816,
106.72426223754883,
105.90100288391113,
106.02974891662598,
107.50579833984375,
107.82194137573242,
105.39531707763672,
104.52508926391602,
110.27407646179199,
109.48824882507324,
109.42292213439941,
104.63833808898926,
105.05819320678711,
107.53488540649414,
111.49430274963379,
107.5139045715332,
108.63494873046875,
107.63812065124512,
108.50691795349121,
106.40907287597656,
108.75105857849121,
109.73286628723145,
106.01806640625,
107.00798034667969,
104.87699508666992,
105.64517974853516,
105.27896881103516,
105.10802268981934,
108.27922821044922,
105.3612232208252,
108.78705978393555,
112.23506927490234,
112.97893524169922,
112.71119117736816,
106.4901351928711,
105.01790046691895,
103.0731201171875,
103.06501388549805,
110.2609634399414,
109.91406440734863,
109.8029613494873,
105.82804679870605,
107.8028678894043,
108.52217674255371,
108.37507247924805,
106.77599906921387,
108.45279693603516,
111.26708984375,
107.61594772338867,
107.98811912536621,
107.4209213256836,
109.04312133789062,
108.38103294372559,
106.44292831420898,
107.99717903137207,
108.27207565307617,
106.85896873474121,
107.11884498596191,
106.93669319152832,
108.11114311218262,
109.47895050048828,
105.51095008850098,
104.53176498413086,
105.42416572570801,
106.02593421936035,
104.72679138183594,
104.61902618408203,
104.74705696105957,
104.16102409362793,
103.98578643798828,
103.6522388458252,
104.64715957641602,
105.28087615966797,
105.11183738708496,
105.70311546325684,
105.7889461517334,
107.9108715057373,
106.17589950561523,
106.75406455993652,
107.57613182067871,
107.41400718688965,
105.1490306854248,
105.09061813354492,
104.97307777404785,
103.47390174865723,
102.68998146057129,
103.29532623291016,
107.52582550048828,
102.91099548339844,
104.81619834899902,
105.04007339477539,
106.89091682434082,
107.10501670837402,
106.42790794372559,
107.90419578552246,
104.57491874694824,
106.05502128601074,
107.93805122375488,
110.99863052368164,
109.54499244689941,
105.27992248535156,
104.73132133483887,
105.26204109191895,
107.31005668640137,
103.64699363708496,
104.59685325622559,
106.3542366027832,
104.98404502868652,
106.54878616333008,
106.58788681030273,
106.53400421142578,
106.60505294799805,
105.44896125793457,
106.43386840820312,
104.12812232971191,
104.07495498657227,
103.96599769592285,
104.31599617004395,
105.28898239135742,
104.53128814697266,
104.42113876342773,
105.65805435180664,
106.23002052307129,
104.89606857299805,
105.01623153686523,
104.20799255371094,
107.14602470397949,
106.72688484191895,
108.99710655212402,
104.92706298828125,
111.76681518554688,
105.8950424194336,
107.34701156616211,
113.7242317199707,
103.65104675292969,
105.48210144042969,
103.49297523498535,
104.47525978088379,
106.536865234375,
106.87780380249023,
104.7358512878418,
103.6522388458252,
106.63914680480957,
115.10705947875977,
114.58611488342285,
106.38999938964844,
111.69815063476562,
106.4760684967041,
116.546630859375,
103.67202758789062,
105.86118698120117,
107.15985298156738,
104.5219898223877,
105.79705238342285,
105.72028160095215,
105.85689544677734,
105.50403594970703,
105.98301887512207,
103.21593284606934,
104.20894622802734,
104.72512245178223,
107.0559024810791,
105.16023635864258,
113.9991283416748,
107.05161094665527,
108.86693000793457,
106.475830078125,
109.10296440124512,
116.00470542907715,
107.8331470489502,
105.53812980651855,
104.50267791748047,
103.87682914733887,
104.4931411743164,
103.70588302612305,
109.57789421081543,
106.0800552368164,
104.23922538757324,
105.41296005249023,
105.05390167236328,
106.72402381896973,
104.98905181884766,
103.62792015075684,
103.56998443603516,
105.00788688659668,
104.26712036132812,
105.11088371276855,
103.61218452453613,
107.40923881530762,
108.89887809753418,
107.71894454956055,
106.36186599731445,
106.13489151000977,
106.38189315795898,
106.29487037658691,
105.44109344482422,
106.3992977142334,
105.77106475830078,
103.62005233764648,
104.06923294067383,
102.9367446899414,
103.81889343261719,
103.64198684692383,
103.87992858886719,
103.10697555541992,
104.6609878540039,
105.51214218139648,
102.88715362548828,
103.49011421203613,
104.74014282226562,
105.32307624816895,
104.97879981994629,
105.64398765563965,
103.88422012329102,
103.24358940124512,
102.82707214355469,
105.01623153686523,
108.2148551940918,
111.52410507202148,
105.35788536071777,
112.4119758605957,
106.91308975219727,
113.51513862609863,
105.18312454223633,
106.0950756072998,
106.14585876464844,
107.81693458557129,
105.7288646697998,
104.13908958435059,
104.45475578308105,
105.14211654663086,
107.34415054321289,
105.31091690063477,
103.39713096618652,
107.71894454956055,
105.77201843261719,
106.46390914916992,
104.54511642456055,
105.74197769165039,
106.61816596984863,
106.27985000610352,
104.32791709899902,
103.77788543701172,
104.10690307617188,
103.70564460754395,
105.58390617370605,
105.11517524719238,
104.29191589355469,
103.38902473449707,
106.15801811218262,
104.65502738952637,
105.35812377929688,
106.04691505432129,
106.8112850189209,
105.59797286987305,
105.7426929473877,
104.26998138427734,
107.26594924926758,
105.84783554077148,
104.67696189880371,
105.49402236938477,
103.53398323059082,
105.6671142578125,
106.63318634033203,
110.7337474822998,
104.60424423217773,
107.68699645996094,
107.70773887634277,
104.73489761352539,
106.27198219299316,
103.7290096282959,
103.23405265808105,
105.30805587768555,
107.1479320526123,
108.10112953186035,
105.73697090148926,
105.12804985046387,
105.0260066986084,
105.14283180236816,
106.25386238098145,
104.61020469665527,
106.92691802978516,
105.37481307983398,
103.50799560546875,
105.54003715515137,
106.28604888916016,
106.21118545532227,
104.59613800048828,
104.60209846496582,
105.84688186645508,
108.04581642150879,
105.95512390136719,
105.85498809814453,
105.08990287780762,
104.88605499267578,
104.62021827697754,
104.28071022033691,
105.70502281188965,
104.3081283569336,
102.8740406036377,
106.35709762573242,
105.77011108398438,
106.62698745727539,
108.20913314819336,
108.1242561340332,
114.09187316894531,
106.4310073852539,
104.67910766601562,
104.08997535705566,
106.4460277557373,
104.18367385864258,
108.54101181030273,
103.6977767944336,
105.27682304382324,
106.41789436340332,
107.03468322753906,
104.92491722106934,
108.21700096130371,
110.22806167602539,
117.42115020751953,
118.23487281799316,
122.70498275756836,
121.17409706115723,
122.72500991821289,
119.21572685241699,
104.74610328674316,
104.58207130432129,
104.42304611206055,
104.3996810913086,
105.51714897155762,
105.52120208740234,
106.50897026062012,
104.71987724304199,
110.25214195251465,
108.91175270080566,
104.09212112426758,
105.82780838012695,
112.17617988586426,
110.88418960571289,
106.05096817016602,
110.99910736083984,
109.88306999206543,
105.35907745361328,
106.91308975219727,
107.61499404907227,
103.80792617797852,
104.86793518066406,
106.65512084960938,
107.40399360656738,
106.77576065063477,
108.58798027038574,
109.70592498779297,
108.46209526062012,
108.24918746948242,
103.62076759338379,
105.76224327087402,
104.93993759155273,
106.39214515686035,
104.62212562561035,
105.62610626220703,
104.39705848693848,
105.26895523071289,
106.61792755126953,
109.97796058654785,
111.36007308959961,
106.4610481262207,
107.76019096374512,
104.75754737854004,
107.4519157409668,
105.8499813079834,
104.58922386169434,
106.04000091552734,
106.0490608215332,
106.34899139404297,
107.4819564819336,
106.72593116760254,
105.56387901306152,
104.10380363464355,
104.22515869140625,
105.2088737487793,
107.61117935180664,
105.6981086730957,
105.6981086730957,
106.67967796325684,
107.47003555297852,
104.09116744995117,
107.2530746459961,
110.50605773925781,
105.5748462677002,
105.38864135742188,
111.95015907287598,
113.17300796508789,
114.2430305480957,
104.96830940246582,
108.9479923248291,
106.22525215148926,
105.99875450134277,
105.2408218383789,
105.97014427185059,
104.95996475219727,
105.11207580566406,
104.07710075378418,
104.52723503112793,
105.8042049407959,
103.73711585998535,
104.57015037536621,
106.57095909118652,
105.52501678466797,
109.38191413879395,
104.52413558959961,
104.01701927185059,
105.52811622619629,
104.99715805053711,
106.47201538085938,
106.07385635375977,
106.75835609436035,
106.88591003417969,
108.0179214477539,
107.2998046875,
109.18784141540527,
110.30101776123047,
104.99906539916992,
104.02369499206543,
104.27689552307129,
104.99095916748047,
104.98714447021484,
104.45427894592285,
102.97417640686035,
104.54797744750977,
105.17597198486328,
106.07385635375977,
105.3462028503418,
110.46814918518066,
108.2770824432373,
109.12775993347168,
107.0098876953125,
106.52995109558105,
104.77399826049805,
105.12304306030273,
104.77495193481445,
104.03203964233398,
109.94601249694824,
105.98397254943848,
108.66785049438477,
106.95004463195801,
105.44729232788086,
105.81207275390625,
105.13687133789062,
106.46772384643555,
105.51095008850098,
105.61275482177734,
105.50403594970703,
112.72120475769043,
114.04681205749512,
110.90302467346191,
111.62614822387695,
106.48822784423828,
108.90913009643555,
105.78489303588867,
106.0481071472168,
105.4232120513916,
108.35886001586914,
105.84092140197754,
104.74705696105957,
105.06010055541992,
111.07778549194336,
109.02905464172363,
109.62295532226562,
105.84306716918945,
106.95195198059082,
105.88526725769043,
109.12299156188965,
105.65185546875,
105.53288459777832,
107.60807991027832,
109.79795455932617,
108.38699340820312,
113.60001564025879,
108.51311683654785,
104.53295707702637,
105.29804229736328,
112.44916915893555,
113.5108470916748,
114.16387557983398,
117.41065979003906,
107.36203193664551,
112.47801780700684,
106.30583763122559,
105.6821346282959,
104.76517677307129,
104.0489673614502,
109.36903953552246,
110.05067825317383,
110.70585250854492,
104.94065284729004,
105.13186454772949,
107.17082023620605,
103.35516929626465,
102.49614715576172,
107.18274116516113,
110.36181449890137,
111.63330078125,
112.92219161987305,
107.31196403503418,
106.9948673248291,
116.89496040344238,
116.56308174133301,
120.06402015686035,
119.16208267211914,
120.11313438415527,
112.7169132232666,
106.13703727722168,
106.92787170410156,
113.82317543029785,
105.08179664611816,
105.84306716918945,
115.78607559204102,
105.8349609375,
104.72893714904785,
105.59296607971191,
104.08616065979004,
103.96623611450195,
106.04381561279297,
106.80890083312988,
109.51924324035645,
105.47399520874023,
106.08196258544922,
107.07712173461914,
107.78284072875977,
104.70890998840332,
103.80411148071289,
102.6611328125,
104.54177856445312,
107.81192779541016,
103.91783714294434,
103.89399528503418,
103.90400886535645,
105.9420108795166,
103.64174842834473,
108.31880569458008,
110.26287078857422,
103.33919525146484,
105.35812377929688,
108.44612121582031,
110.91995239257812,
111.44089698791504,
106.57286643981934,
104.766845703125,
108.43491554260254,
108.40106010437012,
106.27508163452148,
108.63709449768066,
104.72774505615234,
104.54702377319336,
103.84488105773926,
103.5301685333252,
103.84511947631836,
103.07717323303223,
106.22692108154297,
106.01115226745605,
106.42600059509277,
105.43680191040039,
103.36995124816895,
105.60083389282227,
107.10406303405762,
105.00478744506836,
107.03277587890625,
102.84090042114258,
103.46317291259766,
104.00509834289551,
102.57720947265625,
104.33101654052734,
106.8568229675293,
106.842041015625,
105.04508018493652,
104.75778579711914,
105.31497001647949,
103.40285301208496,
103.65486145019531,
105.49283027648926,
103.6229133605957,
103.61194610595703,
103.3790111541748,
103.41882705688477,
104.10809516906738,
104.78997230529785,
103.31916809082031,
103.64913940429688,
104.06208038330078,
103.2412052154541,
103.5928726196289,
104.04205322265625,
102.22291946411133,
104.91013526916504,
103.56473922729492,
106.60815238952637,
106.44674301147461,
107.26714134216309,
105.89194297790527,
105.2548885345459,
104.90989685058594,
105.4389476776123,
105.34095764160156,
105.60488700866699,
105.3929328918457,
103.88827323913574,
106.09102249145508,
103.14393043518066,
109.17496681213379,
108.8099479675293,
108.81900787353516,
103.53398323059082,
105.87191581726074,
104.21872138977051,
105.98993301391602,
103.83200645446777,
105.68714141845703,
106.34613037109375,
105.3919792175293,
105.58295249938965,
103.72710227966309,
105.99803924560547,
116.22810363769531,
114.00103569030762,
116.42098426818848,
107.88512229919434,
115.99588394165039,
123.85010719299316,
109.93504524230957,
110.35299301147461,
108.87718200683594,
105.3457260131836,
104.61187362670898,
103.759765625,
106.83393478393555,
109.95292663574219,
110.77022552490234,
111.70387268066406,
106.63104057312012,
105.97968101501465,
113.45410346984863,
114.53795433044434,
125.13613700866699,
132.23004341125488,
114.07589912414551,
110.96930503845215,
132.75814056396484,
118.86811256408691,
111.17005348205566,
131.09302520751953,
116.1038875579834,
107.22470283508301,
105.43608665466309,
121.4299201965332,
120.54204940795898,
123.61001968383789,
121.16718292236328,
121.99687957763672,
119.55714225769043,
124.2990493774414,
105.90600967407227,
126.42192840576172,
123.46696853637695,
129.2588710784912,
124.59492683410645,
106.74309730529785,
119.37713623046875,
114.67385292053223,
117.2950267791748,
120.93400955200195,
122.35116958618164,
105.67593574523926,
113.36922645568848,
115.22221565246582,
114.8991584777832,
130.2340030670166,
112.32876777648926,
113.23428153991699,
138.44704627990723,
133.41903686523438,
139.29080963134766,
130.74398040771484,
115.21577835083008,
130.77998161315918,
104.74538803100586,
102.23531723022461,
107.94901847839355,
119.16899681091309,
109.21430587768555,
116.61839485168457,
111.49287223815918,
115.96179008483887,
116.55282974243164,
121.20676040649414,
112.36786842346191,
113.86799812316895,
113.56115341186523,
118.29805374145508,
122.76697158813477,
122.06482887268066,
102.21600532531738,
102.78511047363281,
106.02235794067383,
105.15308380126953,
103.56402397155762,
104.24494743347168,
103.8813591003418,
106.76693916320801,
102.88691520690918,
103.52611541748047,
104.72702980041504,
104.48098182678223,
104.31575775146484,
106.20784759521484,
106.16397857666016,
103.2402515411377,
104.93993759155273,
102.34284400939941,
103.95002365112305,
103.02019119262695,
103.78479957580566,
103.06715965270996,
101.99308395385742,
103.23190689086914,
102.56099700927734,
103.29222679138184,
103.01780700683594,
104.73895072937012,
103.38187217712402,
105.31091690063477,
103.54113578796387,
104.68888282775879,
102.3869514465332,
104.83598709106445,
104.01082038879395,
103.49297523498535,
103.98387908935547,
104.00700569152832,
102.74100303649902,
103.75308990478516,
104.02798652648926,
105.6528091430664,
105.08894920349121,
104.25782203674316,
105.00097274780273,
104.49504852294922,
102.80179977416992,
105.75699806213379,
105.18312454223633,
102.41103172302246,
105.6509017944336,
103.82080078125,
104.13098335266113,
102.51688957214355,
103.69300842285156,
106.29987716674805,
106.35232925415039,
104.68721389770508,
104.35104370117188,
106.03189468383789,
103.8351058959961,
103.4700870513916,
104.42686080932617,
106.04000091552734,
107.28597640991211,
106.80389404296875,
106.86588287353516,
104.08997535705566,
107.21898078918457,
104.08782958984375,
106.719970703125,
105.44395446777344,
106.17280006408691,
103.07097434997559,
103.00278663635254,
104.47406768798828,
103.31010818481445,
107.08284378051758,
108.20817947387695,
104.66480255126953,
105.36026954650879,
105.24511337280273,
104.38895225524902,
104.46572303771973,
105.58629035949707,
106.2309741973877,
104.3250560760498,
104.18987274169922,
107.08475112915039,
107.91993141174316,
105.01694679260254,
104.60114479064941,
109.16614532470703,
109.70115661621094,
106.35066032409668,
103.91521453857422,
103.89494895935059,
106.47392272949219,
106.27007484436035,
106.40430450439453,
105.21793365478516,
106.55093193054199,
106.26602172851562,
104.6609878540039,
106.04000091552734,
108.68096351623535,
110.00275611877441,
106.99605941772461,
105.03816604614258,
105.72171211242676,
107.77115821838379,
104.45213317871094,
105.92985153198242,
105.03196716308594,
105.75675964355469,
104.98619079589844,
109.53021049499512,
110.47482490539551,
106.31990432739258,
107.13720321655273,
105.82518577575684,
104.44498062133789,
105.3168773651123,
103.8661003112793,
104.55513000488281,
106.20689392089844,
108.59322547912598,
109.63702201843262,
105.6668758392334,
104.3252944946289,
105.8199405670166,
105.53693771362305,
105.53908348083496,
104.80618476867676,
105.29828071594238,
106.25815391540527,
106.18185997009277,
105.04817962646484,
105.76009750366211,
106.63509368896484,
105.03411293029785,
105.77011108398438,
105.9577465057373,
105.67092895507812,
103.72209548950195,
102.92482376098633,
105.18693923950195,
105.3168773651123,
105.67879676818848,
106.31084442138672,
106.57095909118652,
105.4840087890625,
108.63590240478516,
104.25281524658203,
103.83796691894531,
103.92284393310547,
103.93691062927246,
105.09109497070312,
105.50904273986816,
105.01408576965332,
104.60281372070312,
103.8508415222168,
106.15706443786621,
106.11200332641602,
103.98530960083008,
106.30297660827637,
104.74681854248047,
104.10308837890625,
104.99882698059082,
104.28786277770996,
104.53486442565918,
104.25686836242676,
106.32705688476562,
104.61091995239258,
105.45802116394043,
104.1100025177002,
105.16190528869629,
106.1091423034668,
105.47876358032227,
109.12013053894043,
105.11279106140137,
105.81803321838379,
106.59384727478027,
105.7741641998291,
106.76717758178711,
105.87120056152344,
108.44302177429199,
104.71010208129883,
105.53598403930664,
109.14993286132812,
104.40540313720703,
105.16595840454102,
104.30908203125,
105.65924644470215,
105.62896728515625,
105.25012016296387,
106.67109489440918,
103.84702682495117,
103.21187973022461,
104.20012474060059,
103.34372520446777,
104.47883605957031,
106.13179206848145,
105.46565055847168,
105.07488250732422,
104.37393188476562,
105.76105117797852,
107.06686973571777,
106.84895515441895,
106.67228698730469,
105.61990737915039,
106.02712631225586,
106.74214363098145,
104.93588447570801,
104.45094108581543,
105.50689697265625,
106.24408721923828,
105.27396202087402,
105.65710067749023,
106.49609565734863,
105.93008995056152,
105.86214065551758,
105.21292686462402,
105.99088668823242,
106.1561107635498,
103.81793975830078,
103.10006141662598,
105.09800910949707,
104.81619834899902,
104.42113876342773,
103.69706153869629,
103.38211059570312,
103.58500480651855,
104.43997383117676,
105.5757999420166,
104.10690307617188,
105.33523559570312,
103.5008430480957,
108.68096351623535,
106.43887519836426,
107.5129508972168,
105.7138442993164,
104.08997535705566,
105.31997680664062,
104.64787483215332,
103.65080833435059,
103.58715057373047,
103.67202758789062,
104.97927665710449,
106.74524307250977,
107.72705078125,
105.25703430175781,
104.84886169433594,
105.1328182220459,
105.36503791809082,
103.92189025878906,
106.13107681274414,
105.95989227294922,
106.75621032714844,
105.13591766357422,
104.21371459960938,
106.86302185058594,
108.17885398864746,
103.29699516296387,
103.91616821289062,
104.42066192626953,
103.88803482055664,
104.19821739196777,
105.15713691711426,
104.62117195129395,
103.24501991271973,
105.6220531463623,
103.25312614440918,
102.6620864868164,
104.25496101379395,
104.78496551513672,
104.78615760803223,
103.96218299865723,
103.99937629699707,
103.58715057373047,
103.88612747192383,
107.28311538696289,
112.52403259277344,
110.5799674987793,
107.19513893127441,
108.54506492614746,
122.3597526550293,
118.58892440795898,
114.09902572631836,
104.63523864746094,
108.28018188476562,
106.13203048706055,
104.14385795593262,
103.89828681945801,
104.66527938842773,
106.14919662475586,
103.49202156066895,
103.6386489868164,
102.71787643432617,
103.29604148864746,
102.92196273803711,
103.63101959228516,
105.316162109375,
103.98483276367188,
109.34782028198242,
106.64820671081543,
120.54967880249023,
107.9099178314209,
103.40094566345215,
103.03592681884766,
103.50489616394043,
102.72693634033203,
102.55002975463867,
102.5238037109375,
103.41310501098633,
103.62887382507324,
103.41095924377441,
109.4820499420166,
123.28791618347168,
104.64000701904297,
102.61297225952148,
102.15520858764648,
103.00707817077637,
102.89287567138672,
103.6691665649414,
103.34181785583496,
102.61201858520508,
103.65509986877441,
104.50601577758789,
104.25400733947754,
102.37288475036621,
105.06296157836914,
104.99906539916992,
104.28595542907715,
102.63800621032715,
101.3188362121582,
103.57022285461426,
105.20482063293457,
103.43122482299805,
105.24988174438477,
104.73895072937012,
104.37512397766113,
105.89313507080078,
102.86688804626465,
102.57530212402344,
101.71389579772949,
104.60186004638672,
102.78773307800293,
101.58610343933105,
101.52888298034668,
101.50599479675293,
103.09290885925293,
101.32884979248047,
103.6379337310791,
102.92220115661621,
103.85394096374512,
102.35285758972168,
102.19788551330566,
102.37693786621094,
103.58405113220215,
102.23579406738281,
102.42414474487305,
102.69498825073242,
103.57499122619629,
103.77001762390137,
102.55694389343262,
101.409912109375,
102.49805450439453,
102.62489318847656,
102.05197334289551,
101.67670249938965,
103.22880744934082,
102.33020782470703,
102.57387161254883,
102.57697105407715,
102.48804092407227,
101.45306587219238,
103.56712341308594,
104.45904731750488,
102.56624221801758,
101.82809829711914,
102.75793075561523,
102.54907608032227,
103.43408584594727,
101.67217254638672,
102.16999053955078,
103.52206230163574,
103.01589965820312,
102.32901573181152,
103.48224639892578,
103.46269607543945,
102.79607772827148,
102.41293907165527,
101.0897159576416,
102.8299331665039,
101.43709182739258,
102.02980041503906,
103.91807556152344,
102.94723510742188,
101.98116302490234,
102.31232643127441,
101.82619094848633,
101.91917419433594,
103.10506820678711,
102.99491882324219,
103.32012176513672,
103.25503349304199,
104.39395904541016,
102.91194915771484,
105.34286499023438,
102.74529457092285,
103.97696495056152,
103.20615768432617,
104.4468879699707,
101.82714462280273,
102.97083854675293,
103.35373878479004,
102.93889045715332,
103.4691333770752,
104.00938987731934,
104.01797294616699,
104.07900810241699,
103.53803634643555,
104.78401184082031,
103.2567024230957,
102.7059555053711,
103.05905342102051,
102.05197334289551,
102.94699668884277,
102.1580696105957,
103.99127006530762,
104.51579093933105,
104.05397415161133,
102.45299339294434,
102.71739959716797,
104.44521903991699,
105.76987266540527,
104.05611991882324,
104.37679290771484,
104.8593521118164,
103.51204872131348,
104.3691635131836,
106.05072975158691,
105.56411743164062,
108.7350845336914,
108.87503623962402,
107.85603523254395,
105.5150032043457,
107.83696174621582,
105.1950454711914,
105.42178153991699,
102.97894477844238,
105.17501831054688,
103.72495651245117,
102.99086570739746,
103.27696800231934,
105.4999828338623,
105.40986061096191,
106.04381561279297,
105.0107479095459,
104.46000099182129,
104.30192947387695,
104.7830581665039,
104.51364517211914,
104.51579093933105,
104.5839786529541,
103.90186309814453,
103.67274284362793,
105.54194450378418,
105.52406311035156,
105.28302192687988,
105.13520240783691,
102.8590202331543,
105.76725006103516,
106.15301132202148,
106.24313354492188,
108.28518867492676,
106.40192031860352,
105.18407821655273,
106.40382766723633,
105.18002510070801,
104.9489974975586,
104.45594787597656,
105.42583465576172,
104.97188568115234,
106.05096817016602,
105.68690299987793,
106.05216026306152,
109.7249984741211,
109.12084579467773,
110.49509048461914,
104.29191589355469,
109.75408554077148,
110.46385765075684,
105.89098930358887,
106.58407211303711,
106.08124732971191,
106.37187957763672,
107.2080135345459,
104.01105880737305,
107.33699798583984,
108.94322395324707,
105.35597801208496,
105.15403747558594,
107.40518569946289,
108.4909439086914,
106.95099830627441,
110.21208763122559,
104.82406616210938,
105.89790344238281,
103.61123085021973,
107.97286033630371,
103.59787940979004,
104.22515869140625,
103.82795333862305,
106.01687431335449,
104.81619834899902,
104.5386791229248,
108.66117477416992,
104.06875610351562,
104.52890396118164,
104.71510887145996,
106.11391067504883,
105.96299171447754,
105.65304756164551,
107.7878475189209,
108.76202583312988,
108.67500305175781,
104.63309288024902,
104.35295104980469,
105.89385032653809,
103.1491756439209,
104.00795936584473,
105.54885864257812,
107.22780227661133,
105.84592819213867,
105.69596290588379,
105.4680347442627,
105.13710975646973,
104.04205322265625,
103.99389266967773,
106.353759765625,
107.15389251708984,
103.69372367858887,
103.08098793029785,
103.36709022521973,
104.4468879699707,
106.5518856048584,
105.53598403930664,
106.52732849121094,
107.90014266967773,
109.11202430725098,
104.54607009887695,
108.78705978393555,
105.90887069702148,
103.06096076965332,
103.8362979888916,
102.86378860473633,
103.12294960021973,
103.22308540344238,
105.6668758392334,
106.29487037658691,
105.5612564086914,
103.4700870513916,
106.3230037689209,
109.46893692016602,
106.09698295593262,
103.49202156066895,
108.76107215881348,
105.12518882751465,
104.21204566955566,
105.47780990600586,
105.51905632019043,
103.98602485656738,
101.97615623474121,
104.28595542907715,
103.84821891784668,
104.06208038330078,
104.57396507263184,
103.79385948181152,
104.3558120727539,
103.52802276611328,
102.49090194702148,
104.96211051940918,
103.86991500854492,
104.6140193939209,
107.22589492797852,
107.15985298156738,
104.66670989990234,
102.14567184448242,
104.30192947387695,
107.73801803588867,
101.97901725769043,
103.52492332458496,
104.50005531311035,
105.03220558166504,
105.4689884185791,
105.72099685668945,
104.42519187927246,
103.52492332458496,
102.27370262145996,
104.05302047729492,
104.0959358215332,
104.5069694519043,
105.36336898803711,
103.24406623840332,
101.90987586975098,
103.4402847290039,
104.16936874389648,
103.73401641845703,
103.06787490844727,
105.1948070526123,
102.19383239746094,
107.67292976379395,
104.04086112976074,
105.25989532470703,
104.19106483459473,
104.51912879943848,
102.89502143859863,
103.118896484375,
105.73387145996094,
102.76913642883301,
103.2111644744873,
103.58190536499023,
106.3380241394043,
105.67808151245117,
103.73711585998535,
107.2530746459961,
107.00178146362305,
107.04588890075684,
104.33197021484375,
107.11193084716797,
111.25397682189941,
104.33006286621094,
103.15489768981934,
105.09705543518066,
104.85196113586426,
102.94508934020996,
102.42295265197754,
103.50298881530762,
105.15189170837402,
105.58795928955078,
104.94303703308105,
105.65805435180664,
104.6609878540039,
105.50999641418457,
104.33101654052734,
107.08117485046387,
105.82709312438965,
110.78810691833496,
105.93605041503906,
110.46075820922852,
103.38902473449707,
105.0570011138916,
110.36896705627441,
109.98082160949707,
104.02679443359375,
109.75790023803711,
110.72993278503418,
105.42702674865723,
107.70010948181152,
107.39779472351074,
107.76185989379883,
107.87296295166016,
104.19392585754395,
111.9391918182373,
103.82795333862305,
105.82995414733887,
106.16803169250488,
104.38203811645508,
108.24990272521973,
108.14213752746582,
104.4301986694336,
104.66814041137695,
104.85076904296875,
105.61609268188477,
106.41312599182129,
107.07306861877441,
105.32093048095703,
104.01511192321777,
102.78987884521484,
106.09698295593262,
106.2917709350586,
105.70216178894043,
113.20900917053223,
110.04972457885742,
111.63806915283203,
104.62093353271484,
106.99701309204102,
104.87794876098633,
102.7688980102539,
103.24597358703613,
103.17778587341309,
102.83422470092773,
103.93285751342773,
102.4479866027832,
103.60908508300781,
107.30195045471191,
109.0250015258789,
104.79116439819336,
106.66513442993164,
112.83302307128906,
107.15103149414062,
126.90377235412598,
127.13885307312012,
127.34198570251465,
115.25797843933105,
117.37704277038574,
105.56697845458984,
111.08088493347168,
106.52613639831543,
112.1068000793457,
111.32383346557617,
105.69024085998535,
112.34116554260254,
106.8868637084961,
105.35097122192383,
105.1781177520752,
108.41608047485352,
108.63590240478516,
107.47194290161133,
107.23209381103516,
105.49330711364746,
117.88535118103027,
105.38792610168457,
106.55689239501953,
106.94098472595215,
119.78316307067871,
105.59916496276855,
103.84321212768555,
104.77209091186523,
103.85322570800781,
104.17485237121582,
107.1469783782959,
103.55520248413086,
104.63309288024902,
103.06882858276367,
103.06191444396973,
105.74531555175781,
115.05889892578125,
113.97385597229004,
114.8228645324707,
114.44783210754395,
111.25802993774414,
110.63694953918457,
109.12775993347168,
105.13877868652344,
103.72567176818848,
109.26318168640137,
103.32012176513672,
102.97393798828125,
109.45677757263184,
103.63125801086426,
104.34508323669434,
103.7588119506836,
106.10675811767578,
105.03315925598145,
108.1690788269043,
108.90817642211914,
112.29276657104492,
108.93893241882324,
108.65378379821777,
110.01086235046387,
115.02814292907715,
112.15424537658691,
104.61902618408203,
105.00693321228027,
106.13203048706055,
105.11994361877441,
104.8591136932373,
105.15499114990234,
104.74896430969238,
104.38919067382812,
103.6531925201416,
104.1097640991211,
104.34317588806152,
105.70788383483887,
109.97509956359863,
105.11279106140137,
107.14173316955566,
108.06798934936523,
107.31863975524902,
102.73098945617676,
104.98785972595215,
106.34088516235352,
102.67901420593262,
105.70979118347168,
104.93803024291992,
105.59320449829102,
108.5052490234375,
111.92607879638672,
108.71696472167969,
107.2230339050293,
104.76231575012207,
107.75399208068848,
103.88731956481934,
107.29193687438965,
105.45992851257324,
105.50808906555176,
104.54511642456055,
103.4848690032959,
104.11906242370605,
103.9121150970459,
105.01503944396973,
106.85396194458008,
104.34699058532715,
105.35883903503418,
105.50785064697266,
104.41303253173828,
110.69393157958984,
105.47518730163574,
106.29606246948242,
105.8509349822998,
103.88302803039551,
104.93087768554688,
103.07192802429199,
104.10904884338379,
104.85196113586426,
104.3541431427002,
104.64811325073242,
103.5468578338623,
104.6299934387207,
104.3100357055664,
105.35097122192383,
106.26506805419922,
106.26220703125,
104.66289520263672,
105.41009902954102,
108.07991027832031,
104.40993309020996,
106.36210441589355,
109.64798927307129,
107.23996162414551,
107.36799240112305,
107.47385025024414,
106.88161849975586,
103.46198081970215,
106.03213310241699,
104.71487045288086,
104.8738956451416,
104.81405258178711,
105.26585578918457,
106.87923431396484,
106.3849925994873,
106.97388648986816,
107.09595680236816,
108.30426216125488,
111.95707321166992,
112.09297180175781,
111.89889907836914,
110.46075820922852,
108.69097709655762,
106.87613487243652,
108.37888717651367,
106.73689842224121,
112.33806610107422,
104.21895980834961,
105.03387451171875,
105.56817054748535,
104.65598106384277,
107.24997520446777,
107.77926445007324,
109.05218124389648,
116.92285537719727,
109.78817939758301,
118.38603019714355,
117.02990531921387,
109.90381240844727,
117.97928810119629,
106.22406005859375,
106.1398983001709,
105.82113265991211,
103.82819175720215,
110.91470718383789,
110.79883575439453,
112.17379570007324,
105.90434074401855,
107.2080135345459,
112.3497486114502,
117.88201332092285,
114.26997184753418,
108.23917388916016,
116.50776863098145,
112.33401298522949,
112.90597915649414,
108.24918746948242,
110.41092872619629,
105.8969497680664,
117.02990531921387,
116.64199829101562,
116.52684211730957,
108.33382606506348,
116.40810966491699,
108.98303985595703,
102.83613204956055,
109.61580276489258,
105.75318336486816,
102.6921272277832,
103.6219596862793,
103.41310501098633,
102.56505012512207,
103.12485694885254,
103.53612899780273,
104.46810722351074,
103.37519645690918,
104.28714752197266,
118.97397041320801,
114.26997184753418,
108.46996307373047,
106.46986961364746,
103.10006141662598,
105.11279106140137,
105.20482063293457,
106.1391830444336,
103.89018058776855,
104.54678535461426,
103.46817970275879,
104.66718673706055,
104.79307174682617,
118.21413040161133,
106.86206817626953,
104.45809364318848,
105.18407821655273,
106.9791316986084,
104.30002212524414,
107.26308822631836,
109.13491249084473,
104.18701171875,
106.75716400146484,
110.69202423095703,
110.89301109313965,
113.81292343139648,
115.38171768188477,
106.37402534484863,
107.21993446350098,
107.93113708496094,
113.45386505126953,
112.51997947692871,
115.1423454284668,
105.89098930358887,
107.5751781463623,
108.27803611755371,
105.04794120788574,
104.39276695251465,
103.55806350708008,
106.61506652832031,
110.59308052062988,
106.29105567932129,
113.67297172546387,
110.03804206848145,
108.47115516662598,
112.26606369018555,
109.55214500427246,
105.62300682067871,
104.82478141784668,
105.48186302185059,
105.68404197692871,
105.74221611022949,
105.9110164642334,
112.2598648071289,
110.92114448547363,
112.91003227233887,
113.38496208190918,
102.45299339294434,
109.01618003845215,
111.58895492553711,
111.47189140319824,
102.19216346740723,
103.67679595947266,
102.30398178100586,
103.30486297607422,
106.7509651184082,
107.23304748535156,
104.62689399719238,
107.38921165466309,
107.33175277709961,
104.43711280822754,
103.22809219360352,
102.21219062805176,
102.18000411987305,
102.90980339050293,
103.64198684692383,
103.8358211517334,
103.77001762390137,
102.9970645904541,
104.49981689453125,
105.17311096191406,
106.45389556884766,
105.072021484375,
106.82487487792969,
105.5459976196289,
105.56912422180176,
107.65576362609863,
105.1018238067627,
102.13613510131836,
104.03823852539062,
103.06119918823242,
104.93302345275879,
110.91423034667969,
110.54491996765137,
112.7932071685791,
108.52193832397461,
112.57076263427734,
111.03415489196777,
106.9939136505127,
106.19115829467773,
111.38391494750977,
112.83183097839355,
105.05890846252441,
104.61592674255371,
104.35891151428223,
104.84099388122559,
103.38497161865234,
104.36701774597168,
104.40206527709961,
106.70304298400879,
103.7142276763916,
102.83613204956055,
103.49798202514648,
104.51102256774902,
107.30886459350586,
103.4250259399414,
113.30509185791016,
111.6628646850586,
111.0849380493164,
111.77277565002441,
106.77313804626465,
105.95202445983887,
106.46295547485352,
104.45284843444824,
105.92007637023926,
105.6671142578125,
103.92308235168457,
104.34579849243164,
104.99215126037598,
104.91490364074707,
105.80873489379883,
103.48796844482422,
104.33506965637207,
105.48710823059082,
106.2779426574707,
103.94287109375,
105.36599159240723,
106.10508918762207,
111.05108261108398,
106.77909851074219,
107.29503631591797,
108.00385475158691,
107.99002647399902,
112.78295516967773,
107.58399963378906,
106.68802261352539,
105.42893409729004,
104.22492027282715,
105.78298568725586,
103.65915298461914,
105.73005676269531,
104.86984252929688,
103.58595848083496,
105.39531707763672,
103.66606712341309,
107.29122161865234,
107.24115371704102,
104.37703132629395,
103.31511497497559,
103.44767570495605,
103.24501991271973,
104.12383079528809,
104.0499210357666,
104.91704940795898,
103.41215133666992,
107.76185989379883,
104.34412956237793,
103.67703437805176,
105.2861213684082,
103.22785377502441,
103.92880439758301,
104.20083999633789,
104.6457290649414,
105.9560775756836,
103.50608825683594,
104.5377254486084,
106.60600662231445,
104.84099388122559,
104.00795936584473,
105.12900352478027,
105.6509017944336,
104.949951171875,
104.11381721496582,
106.71472549438477,
105.59606552124023,
104.60495948791504,
104.07710075378418,
102.8890609741211,
104.84814643859863,
105.34501075744629,
104.35700416564941,
103.51109504699707,
104.39324378967285,
104.32577133178711,
104.8429012298584,
104.70700263977051,
105.86333274841309,
103.34897041320801,
104.07114028930664,
104.58922386169434,
103.28888893127441,
104.7360897064209,
104.09021377563477,
105.70168495178223,
103.01065444946289,
105.58795928955078,
105.27992248535156,
103.74093055725098,
104.05516624450684,
104.68912124633789,
105.62419891357422,
103.93810272216797,
106.56261444091797,
103.00421714782715,
103.91974449157715,
105.15999794006348,
108.27970504760742,
106.1701774597168,
108.68692398071289,
103.93404960632324,
103.38878631591797,
104.54702377319336,
107.09524154663086,
105.55887222290039,
104.7060489654541,
104.34818267822266,
104.72273826599121,
105.39126396179199,
103.35993766784668,
105.18693923950195,
103.43503952026367,
105.09586334228516,
106.67300224304199,
109.70330238342285,
106.02402687072754,
108.30402374267578,
108.29377174377441,
108.04200172424316,
108.92486572265625,
110.05401611328125,
107.2540283203125,
104.21490669250488,
103.86204719543457,
105.95107078552246,
106.51874542236328,
104.52699661254883,
105.3009033203125,
104.83407974243164,
105.74722290039062,
103.39212417602539,
104.31265830993652,
106.26602172851562,
105.07011413574219,
104.39515113830566,
104.44283485412598,
104.13694381713867,
107.7423095703125,
106.98914527893066,
104.58707809448242,
105.22294044494629,
108.12711715698242,
107.92899131774902,
104.05516624450684,
103.06286811828613,
105.39793968200684,
105.07988929748535,
107.4059009552002,
105.5898666381836,
104.2928695678711,
104.87699508666992,
106.86779022216797,
108.5512638092041,
109.17425155639648,
104.45618629455566,
104.31289672851562,
105.2401065826416,
104.34365272521973,
104.05826568603516,
104.55870628356934,
104.4621467590332,
107.55491256713867,
106.35519027709961,
106.65273666381836,
106.71496391296387,
105.79991340637207,
112.02597618103027,
104.32100296020508,
102.46706008911133,
106.32705688476562,
105.23796081542969,
104.99000549316406,
105.50618171691895,
104.9339771270752,
104.71391677856445,
106.18090629577637,
104.33483123779297,
105.38387298583984,
105.00097274780273,
105.49807548522949,
107.10787773132324,
105.93414306640625,
103.76501083374023,
103.759765625,
103.10673713684082,
104.83884811401367,
104.77280616760254,
104.1097640991211,
104.92324829101562,
106.02188110351562,
106.69112205505371,
103.6069393157959,
106.6889762878418,
103.0280590057373,
102.62584686279297,
104.55799102783203,
105.67283630371094,
103.92498970031738,
104.98404502868652,
106.0800552368164,
105.77988624572754,
105.11898994445801,
105.11898994445801,
103.61504554748535,
104.1419506072998,
105.37004470825195,
106.34112358093262,
106.6591739654541,
103.94978523254395,
106.38904571533203,
104.93206977844238,
105.0570011138916,
103.27601432800293,
105.42106628417969,
105.60417175292969,
106.73284530639648,
109.7710132598877,
109.4820499420166,
109.09605026245117,
103.78384590148926,
105.30591011047363,
105.18503189086914,
104.51483726501465,
106.89043998718262,
105.41009902954102,
104.54607009887695,
105.29398918151855,
104.55083847045898,
106.29487037658691,
107.97429084777832,
108.01815986633301,
108.92534255981445,
105.27801513671875,
104.84886169433594,
108.78372192382812,
112.46371269226074,
110.50009727478027,
105.24511337280273,
103.84893417358398,
103.78336906433105,
105.7579517364502,
103.99413108825684,
106.95290565490723,
106.7650318145752,
103.98674011230469,
109.45510864257812,
111.17291450500488,
108.68620872497559,
115.8599853515625,
115.03887176513672,
112.64276504516602,
112.18833923339844,
115.36598205566406,
112.72382736206055,
104.65288162231445,
105.4220199584961,
105.67665100097656,
105.67402839660645,
105.02195358276367,
105.56602478027344,
111.49287223815918,
109.63201522827148,
110.31103134155273,
104.64310646057129,
106.19091987609863,
106.83083534240723,
109.07530784606934,
107.67412185668945,
107.0711612701416,
104.3698787689209,
103.18589210510254,
102.62775421142578,
106.11200332641602,
113.99388313293457,
106.1711311340332,
105.81803321838379,
108.23607444763184,
106.06002807617188,
107.07688331604004,
106.07004165649414,
104.72798347473145,
104.21991348266602,
104.37774658203125,
104.80785369873047,
104.6442985534668,
106.37593269348145,
106.2009334564209,
104.24232482910156,
114.70484733581543,
108.24704170227051,
112.10989952087402,
118.45803260803223,
110.53323745727539,
106.42695426940918,
103.92618179321289,
103.62505912780762,
103.51204872131348,
118.24512481689453,
121.4449405670166,
117.67005920410156,
116.6222095489502,
102.76913642883301,
102.26202011108398,
105.43704032897949,
103.50370407104492,
105.23629188537598,
105.6361198425293,
103.04522514343262,
102.88596153259277,
103.92498970031738,
103.1332015991211,
106.11796379089355,
115.46492576599121,
110.06617546081543,
109.87591743469238,
110.11719703674316,
111.03606224060059,
105.9579849243164,
106.24098777770996,
109.51495170593262,
111.04512214660645,
113.31605911254883,
118.73507499694824,
121.03700637817383,
115.64517021179199,
121.92797660827637,
106.14299774169922,
106.02092742919922,
104.27689552307129,
104.03800010681152,
102.95510292053223,
104.30312156677246,
104.28214073181152,
103.63006591796875,
104.22706604003906,
105.15999794006348,
103.77693176269531,
104.83694076538086,
105.69071769714355,
105.42702674865723,
109.99703407287598,
105.10706901550293,
106.35185241699219,
105.98897933959961,
109.61508750915527,
109.11083221435547,
107.67078399658203,
104.3701171875,
103.92117500305176,
104.52699661254883,
105.4849624633789,
105.18693923950195,
103.01804542541504,
102.6768684387207,
104.02512550354004,
103.3468246459961,
102.99181938171387,
104.33006286621094,
104.38799858093262,
103.8370132446289,
104.50387001037598,
104.17413711547852,
104.4769287109375,
105.3018569946289,
104.94804382324219,
104.99882698059082,
102.59413719177246,
103.26981544494629,
104.22205924987793,
103.75404357910156,
104.99095916748047,
102.8749942779541,
102.94198989868164,
103.53922843933105,
102.8909683227539,
103.88898849487305,
103.40285301208496,
103.40714454650879,
103.68800163269043,
103.1341552734375,
103.80792617797852,
105.67808151245117,
103.35302352905273,
105.47685623168945,
104.26497459411621,
106.61196708679199,
104.02321815490723,
105.28302192687988,
105.69095611572266,
104.1111946105957,
104.59494590759277,
103.5470962524414,
108.55817794799805,
109.12895202636719,
109.8480224609375,
110.12482643127441,
110.30912399291992,
104.18891906738281,
107.01107978820801,
106.45413398742676,
104.67100143432617,
104.67982292175293,
106.96291923522949,
103.29818725585938,
103.99532318115234,
106.18185997009277,
111.44399642944336,
110.84985733032227,
106.40501976013184,
107.09404945373535,
104.95471954345703,
111.51695251464844,
107.10716247558594,
104.99405860900879,
104.77805137634277,
105.61895370483398,
105.10897636413574,
106.4307689666748,
106.38809204101562,
103.69205474853516,
105.93104362487793,
106.29510879516602,
108.87598991394043,
108.51931571960449,
105.51095008850098,
112.68806457519531,
106.25886917114258,
106.89306259155273,
108.65116119384766,
106.68206214904785,
106.10198974609375,
109.8182201385498,
109.40098762512207,
107.78236389160156,
106.96005821228027,
105.40390014648438,
102.6909351348877,
103.30605506896973,
111.07087135314941,
107.36989974975586,
104.0349006652832,
103.46293449401855,
104.4929027557373,
105.3929328918457,
107.84482955932617,
109.82489585876465,
112.95509338378906,
114.1810417175293,
105.61203956604004,
106.2769889831543,
105.75103759765625,
118.02887916564941,
116.36877059936523,
125.44798851013184,
114.99500274658203,
133.0428123474121,
114.69316482543945,
119.25387382507324,
114.52698707580566,
121.81401252746582,
106.51612281799316,
106.07218742370605,
106.71067237854004,
105.94677925109863,
104.98714447021484,
103.18112373352051,
102.20527648925781,
103.83176803588867,
102.61797904968262,
104.01725769042969,
105.60488700866699,
108.245849609375,
106.54091835021973,
103.62505912780762,
106.10818862915039,
107.18488693237305,
109.34090614318848,
107.29694366455078,
102.71525382995605,
105.44085502624512,
104.57515716552734,
104.45690155029297,
138.23604583740234,
106.55689239501953,
106.38713836669922,
106.49490356445312,
107.10501670837402,
106.38904571533203,
109.84396934509277,
111.96184158325195,
113.09504508972168,
107.68580436706543,
113.42597007751465,
105.316162109375,
104.95710372924805,
102.77628898620605,
105.74007034301758,
105.77201843261719,
104.60114479064941,
104.49671745300293,
104.50005531311035,
104.63213920593262,
105.79609870910645,
104.54392433166504,
111.49907112121582,
107.10406303405762,
107.48100280761719,
110.4280948638916,
106.35876655578613,
104.8581600189209,
104.02679443359375,
103.99413108825684,
105.63516616821289,
108.32810401916504,
105.8497428894043,
105.50785064697266,
107.98501968383789,
105.22603988647461,
104.81405258178711,
105.7131290435791,
105.55529594421387,
106.02402687072754,
106.26697540283203,
107.41996765136719,
106.10818862915039,
106.22286796569824,
105.28993606567383,
105.90696334838867,
103.9738655090332,
105.64208030700684,
106.35781288146973,
106.31704330444336,
103.99794578552246,
104.12120819091797,
105.67784309387207,
106.84394836425781,
102.7829647064209,
106.73999786376953,
103.27601432800293,
105.73101043701172,
103.40285301208496,
103.99603843688965,
103.55019569396973,
102.44202613830566,
103.25217247009277,
105.72195053100586,
103.61289978027344,
104.74610328674316,
104.95471954345703,
104.40278053283691,
102.82111167907715,
104.74610328674316,
107.47504234313965,
107.47289657592773,
106.13107681274414,
106.9338321685791,
106.98485374450684,
106.92930221557617,
109.32302474975586,
107.86199569702148,
108.69193077087402,
107.38086700439453,
106.67204856872559,
106.8580150604248,
106.28604888916016,
103.63006591796875,
103.19113731384277,
104.47907447814941,
105.07607460021973,
106.45103454589844,
108.63113403320312,
107.12218284606934,
106.97507858276367,
105.28421401977539,
107.79809951782227,
107.90085792541504,
106.21905326843262,
105.33499717712402,
105.5138111114502,
107.5289249420166,
105.27586936950684,
105.20386695861816,
106.5528392791748,
106.44412040710449,
107.35893249511719,
109.69877243041992,
109.06600952148438,
105.7901382446289,
106.8120002746582,
108.08014869689941,
108.7181568145752,
105.05819320678711,
104.55775260925293,
108.13689231872559,
105.53193092346191,
106.41789436340332,
105.44800758361816,
107.60712623596191,
105.96680641174316,
105.27300834655762,
104.92300987243652,
107.68938064575195,
110.18705368041992,
105.91268539428711,
106.56213760375977,
108.33907127380371,
108.09588432312012,
105.49092292785645,
107.85412788391113,
108.04390907287598,
105.99493980407715,
106.84609413146973,
103.95598411560059,
106.0800552368164,
106.86087608337402,
107.55395889282227,
105.18813133239746,
108.52599143981934,
103.92498970031738,
103.55520248413086,
103.76191139221191,
106.24003410339355,
106.11605644226074,
108.86406898498535,
106.65512084960938,
108.05177688598633,
105.87286949157715,
105.83281517028809,
107.4988842010498,
109.53307151794434,
110.2290153503418,
106.38594627380371,
105.71789741516113,
103.29198837280273,
104.2478084564209,
104.63881492614746,
105.77726364135742,
104.94780540466309,
107.29026794433594,
104.43973541259766,
105.08394241333008,
110.20493507385254,
103.96718978881836,
108.16168785095215,
105.91316223144531,
104.00199890136719,
104.59780693054199,
104.97713088989258,
107.15079307556152,
106.85491561889648,
104.94470596313477,
104.11381721496582,
109.00282859802246,
109.60698127746582,
112.72883415222168,
112.06603050231934,
106.68706893920898,
111.7241382598877,
105.5610179901123,
105.52501678466797,
106.38999938964844,
105.316162109375,
103.04403305053711,
105.42893409729004,
104.55799102783203,
104.14695739746094,
103.44386100769043,
105.5150032043457,
105.46088218688965,
104.90226745605469,
103.96289825439453,
104.18391227722168,
105.3628921508789,
105.38983345031738,
106.48775100708008,
105.58509826660156,
106.31990432739258,
108.3078384399414,
105.70502281188965,
105.65018653869629,
103.21807861328125,
105.78703880310059,
104.16603088378906,
103.03807258605957,
102.68592834472656,
106.31608963012695,
103.05595397949219,
105.28373718261719,
103.97005081176758,
104.18891906738281,
103.51300239562988,
104.13694381713867,
104.41708564758301,
104.27427291870117,
103.97696495056152,
108.3228588104248,
106.39381408691406,
108.55722427368164,
105.24487495422363,
104.97832298278809,
103.89494895935059,
106.02211952209473,
107.57994651794434,
108.03771018981934,
104.8119068145752,
103.73091697692871,
106.01115226745605,
105.03792762756348,
103.44815254211426,
103.57093811035156,
103.3179759979248,
105.57007789611816,
105.25107383728027,
105.53407669067383,
106.7957878112793,
107.60116577148438,
106.5208911895752,
108.49404335021973,
103.15895080566406,
106.13298416137695,
106.28199577331543,
105.8359146118164,
103.92212867736816,
103.67798805236816,
106.48274421691895,
104.56585884094238,
106.0330867767334,
105.98301887512207,
104.4769287109375,
104.39395904541016,
105.54218292236328,
106.46200180053711,
106.5678596496582,
103.45602035522461,
106.91189765930176,
107.96213150024414,
103.09505462646484,
105.15499114990234,
106.87589645385742,
108.5820198059082,
108.6127758026123,
108.28232765197754,
105.97610473632812,
105.75389862060547,
104.02512550354004,
106.5981388092041,
106.50110244750977,
105.85498809814453,
106.20713233947754,
107.9411506652832,
108.10708999633789,
102.90908813476562,
104.51793670654297,
104.54034805297852,
104.94494438171387,
104.81905937194824,
105.79085350036621,
104.42018508911133,
105.20005226135254,
105.54003715515137,
105.93414306640625,
104.20680046081543,
108.51597785949707,
110.52799224853516,
109.87615585327148,
111.58013343811035,
110.80598831176758,
106.5828800201416,
105.7279109954834,
104.91371154785156,
108.47997665405273,
106.66704177856445,
106.7049503326416,
108.53314399719238,
106.55784606933594,
104.35009002685547,
103.93285751342773,
103.51896286010742,
105.29875755310059,
105.64398765563965,
105.8506965637207,
105.94391822814941,
107.33628273010254,
106.80413246154785,
104.42805290222168,
106.13489151000977,
104.62808609008789,
106.19592666625977,
105.96871376037598,
105.20005226135254,
106.51397705078125,
107.22017288208008,
106.34875297546387,
107.73301124572754,
111.5732192993164,
108.83498191833496,
107.53297805786133,
108.34789276123047,
106.95409774780273,
109.53640937805176,
108.6111068725586,
109.12203788757324,
112.1981143951416,
111.15407943725586,
109.67803001403809,
108.98590087890625,
105.84020614624023,
105.01813888549805,
106.83012008666992,
105.31306266784668,
106.34303092956543,
106.62388801574707,
105.6218147277832,
107.6507568359375,
104.25281524658203,
105.40127754211426,
105.9420108795166,
105.6051254272461,
107.42712020874023,
105.3309440612793,
103.95216941833496,
104.22015190124512,
105.92007637023926,
106.63509368896484,
112.15019226074219,
111.43088340759277,
106.46724700927734,
106.59003257751465,
103.86395454406738,
103.70278358459473,
104.65216636657715,
103.23095321655273,
103.21998596191406,
116.03617668151855,
110.74209213256836,
121.30999565124512,
115.77606201171875,
119.05622482299805,
116.49894714355469,
109.29107666015625,
104.86197471618652,
104.20989990234375,
103.00207138061523,
103.65605354309082,
104.84814643859863,
104.62379455566406,
102.7219295501709,
104.9039363861084,
108.02197456359863,
107.8338623046875,
109.14802551269531,
122.38621711730957,
105.11517524719238,
116.12606048583984,
104.91490364074707,
103.02901268005371,
105.39412498474121,
102.84304618835449,
104.05611991882324,
103.06930541992188,
102.31494903564453,
103.63602638244629,
104.54297065734863,
119.71783638000488,
119.00806427001953,
103.6677360534668,
103.43503952026367,
105.96179962158203,
106.7969799041748,
104.37202453613281,
106.5530776977539,
106.45508766174316,
104.27117347717285,
103.96504402160645,
104.32004928588867,
108.43396186828613,
105.93175888061523,
105.34191131591797,
106.85896873474121,
114.0589714050293,
105.19909858703613,
104.39491271972656,
105.58009147644043,
102.16522216796875,
102.48374938964844,
104.21895980834961,
105.19671440124512,
105.38792610168457,
104.32910919189453,
102.46706008911133,
104.03203964233398,
104.58493232727051,
103.26004028320312,
105.42106628417969,
106.48798942565918,
103.82199287414551,
105.83186149597168,
113.82818222045898,
102.84900665283203,
102.47302055358887,
103.24907302856445,
101.57990455627441,
102.45585441589355,
104.16102409362793,
105.52501678466797,
104.5079231262207,
103.49202156066895,
103.32107543945312,
101.59587860107422,
103.20782661437988,
106.12916946411133,
106.14776611328125,
106.09579086303711,
102.82492637634277,
104.10213470458984,
104.37703132629395,
103.00707817077637,
103.39212417602539,
103.25503349304199,
103.1959056854248,
102.33712196350098,
104.2778491973877,
103.26766967773438,
103.05404663085938,
103.98626327514648,
102.18024253845215,
104.04515266418457,
105.8802604675293,
105.84712028503418,
106.29463195800781,
102.38909721374512,
104.65216636657715,
102.88691520690918,
103.1491756439209,
104.06899452209473,
103.6982536315918,
104.56299781799316,
103.67488861083984,
104.40397262573242,
103.35493087768555,
101.97997093200684,
105.3609848022461,
102.98490524291992,
105.25202751159668,
105.6361198425293,
104.1409969329834,
104.55107688903809,
104.45904731750488,
104.86817359924316,
103.76811027526855,
102.98800468444824,
104.86626625061035,
104.60686683654785,
106.40287399291992,
104.8591136932373,
102.98991203308105,
104.28810119628906,
104.27117347717285,
104.34198379516602,
102.39100456237793,
102.67019271850586,
102.83899307250977,
103.70898246765137,
104.6450138092041,
103.92189025878906,
104.80308532714844,
105.71599006652832,
106.3849925994873,
104.10094261169434,
104.76112365722656,
103.96194458007812,
102.8132438659668,
104.01487350463867,
106.25600814819336,
104.25615310668945,
104.63905334472656,
104.80809211730957,
103.118896484375,
104.2928695678711,
104.48288917541504,
103.70707511901855,
104.50983047485352,
104.68721389770508,
102.71000862121582,
103.56402397155762,
104.94804382324219,
103.42121124267578,
106.2779426574707,
103.80697250366211,
106.72211647033691,
107.33699798583984,
107.81717300415039,
108.64925384521484,
109.18092727661133,
103.83009910583496,
103.32274436950684,
105.88693618774414,
104.06899452209473,
105.07702827453613,
103.92117500305176,
104.2938232421875,
105.29518127441406,
105.08108139038086,
104.04515266418457,
104.65788841247559,
105.67092895507812,
105.0119400024414,
105.71408271789551,
106.16922378540039,
106.10580444335938,
105.91888427734375,
104.27594184875488,
106.69708251953125,
106.03809356689453,
104.89702224731445,
105.6828498840332,
104.17294502258301,
107.10692405700684,
107.99884796142578,
104.67696189880371,
108.52503776550293,
105.85284233093262,
104.42328453063965,
105.57985305786133,
104.61282730102539,
103.15489768981934,
103.23619842529297,
104.64096069335938,
106.24527931213379,
107.90729522705078,
104.45070266723633,
109.19690132141113,
103.12724113464355,
106.23288154602051,
105.95393180847168,
105.27896881103516,
104.42328453063965,
106.1248779296875,
105.59487342834473,
103.35302352905273,
105.63778877258301,
105.05104064941406,
104.15196418762207,
104.96997833251953,
105.46016693115234,
108.56413841247559,
108.16717147827148,
103.16705703735352,
106.58097267150879,
105.7279109954834,
109.11726951599121,
107.02896118164062,
105.97681999206543,
106.94313049316406,
108.90698432922363,
105.6981086730957,
109.06600952148438,
104.43997383117676,
106.49895668029785,
105.06129264831543,
107.3458194732666,
108.52622985839844,
106.3392162322998,
106.06622695922852,
104.77089881896973,
104.89892959594727,
106.74190521240234,
105.94296455383301,
105.49497604370117,
106.06503486633301,
108.36601257324219,
105.66306114196777,
104.1111946105957,
104.76016998291016,
107.5751781463623,
106.6131591796875,
106.42099380493164,
109.8480224609375,
104.05087471008301,
103.9888858795166,
104.705810546875,
103.67321968078613,
105.82590103149414,
106.87685012817383,
106.82988166809082,
105.83686828613281,
106.47296905517578,
104.50887680053711,
104.84886169433594,
107.56039619445801,
109.19976234436035,
106.23908042907715,
104.50267791748047,
105.40318489074707,
112.15376853942871,
112.15496063232422,
111.58514022827148,
106.69422149658203,
106.95195198059082,
108.43324661254883,
122.66087532043457,
124.46904182434082,
110.14294624328613,
119.28081512451172,
115.46611785888672,
125.42510032653809,
117.1579360961914,
124.72677230834961,
110.81790924072266,
124.31788444519043,
102.93006896972656,
103.26623916625977,
104.85196113586426,
103.31511497497559,
104.68196868896484,
104.89201545715332,
116.75286293029785,
121.7808723449707,
108.33215713500977,
106.51898384094238,
109.71903800964355,
104.03299331665039,
103.93381118774414,
105.50904273986816,
109.75885391235352,
105.85904121398926,
104.86388206481934,
105.23438453674316,
104.22086715698242,
103.95193099975586,
119.22097206115723,
104.08711433410645,
107.35225677490234,
107.12099075317383,
102.71573066711426,
103.75499725341797,
107.69200325012207,
103.70206832885742,
104.22110557556152,
106.19997978210449,
105.98182678222656,
107.025146484375,
103.96003723144531,
104.4309139251709,
104.00104522705078,
102.96797752380371,
103.20186614990234,
104.76303100585938,
104.93326187133789,
104.20894622802734,
106.44102096557617,
105.84497451782227,
106.37998580932617,
106.47797584533691,
106.55999183654785,
103.76286506652832,
106.20713233947754,
104.74419593811035,
108.45398902893066,
108.17909240722656,
106.33397102355957,
105.35073280334473,
107.49101638793945,
107.46192932128906,
106.62674903869629,
106.37879371643066,
108.79993438720703,
109.24530029296875,
104.97307777404785,
104.27188873291016,
106.04286193847656,
108.29782485961914,
108.95991325378418,
104.45785522460938,
103.56688499450684,
104.19201850891113,
104.66909408569336,
103.52373123168945,
105.76009750366211,
106.95815086364746,
107.62310028076172,
109.08102989196777,
108.73603820800781,
104.39395904541016,
105.03697395324707,
104.25782203674316,
104.71105575561523,
107.14292526245117,
106.42218589782715,
110.82983016967773,
107.47289657592773,
108.59799385070801,
107.69391059875488,
106.09006881713867,
106.35495185852051,
104.6288013458252,
105.48090934753418,
109.08007621765137,
107.92899131774902,
105.67402839660645,
105.55791854858398,
107.09404945373535,
109.17019844055176,
110.24284362792969,
111.42778396606445,
111.48285865783691,
106.93097114562988,
104.54082489013672,
105.04698753356934,
104.61807250976562,
104.6140193939209,
103.1341552734375,
105.80015182495117,
105.81803321838379,
104.42805290222168,
106.9948673248291,
104.0198802947998,
107.6197624206543,
112.25390434265137,
113.037109375,
113.14821243286133,
110.20588874816895,
110.21590232849121,
107.8958511352539,
105.55076599121094,
106.88900947570801,
104.82192039489746,
104.01487350463867,
107.15913772583008,
103.81388664245605,
107.10406303405762,
108.47187042236328,
109.52901840209961,
105.1032543182373,
105.51118850708008,
106.77385330200195,
105.36599159240723,
104.37893867492676,
106.59003257751465,
107.39898681640625,
108.95204544067383,
106.48393630981445,
108.50310325622559,
105.10492324829102,
109.52877998352051,
106.28080368041992,
105.14211654663086,
105.17716407775879,
106.03094100952148,
106.59098625183105,
108.97994041442871,
106.25982284545898,
115.35787582397461,
115.07201194763184,
117.7220344543457,
117.19608306884766,
106.88209533691406,
107.20705986022949,
106.86922073364258,
108.74080657958984,
108.51216316223145,
107.9411506652832,
107.52320289611816,
108.85095596313477,
115.8449649810791,
113.78788948059082,
118.26014518737793,
123.7177848815918,
112.63179779052734,
118.19696426391602,
111.35101318359375,
114.92681503295898,
121.8101978302002,
110.07094383239746,
106.81295394897461,
105.89098930358887,
105.1478385925293,
105.02982139587402,
102.71215438842773,
107.421875,
105.43322563171387,
104.43592071533203,
105.17096519470215,
107.83195495605469,
107.20610618591309,
109.66205596923828,
108.95514488220215,
109.66086387634277,
113.42692375183105,
106.21476173400879,
104.77280616760254,
103.33991050720215,
111.62424087524414,
114.44306373596191,
104.5830249786377,
104.18510437011719,
106.69112205505371,
106.0028076171875,
105.00812530517578,
108.49499702453613,
105.63516616821289,
107.15484619140625,
103.92498970031738,
104.51078414916992,
104.30788993835449,
106.74619674682617,
116.44411087036133,
115.31400680541992,
119.86112594604492,
117.59829521179199,
113.0518913269043,
111.27591133117676,
125.18000602722168,
114.99190330505371,
112.48397827148438,
115.50092697143555,
118.09802055358887,
115.53096771240234,
118.68906021118164,
119.14706230163574,
127.43401527404785,
116.1494255065918,
116.90306663513184,
103.92498970031738,
106.2922477722168,
107.03277587890625,
102.90098190307617,
105.76510429382324,
109.23624038696289,
109.08842086791992,
108.92891883850098,
106.66084289550781,
106.3077449798584,
109.33303833007812,
108.68000984191895,
109.29417610168457,
109.86065864562988,
104.0029525756836,
103.07192802429199,
104.37822341918945,
103.63316535949707,
104.27331924438477,
103.21831703186035,
115.63515663146973,
111.6800308227539,
106.64176940917969,
106.30202293395996,
105.15809059143066,
103.77717018127441,
109.14874076843262,
108.41989517211914,
109.74884033203125,
111.4497184753418,
113.32511901855469,
113.43193054199219,
114.5787239074707,
113.59405517578125,
117.62690544128418,
117.66624450683594,
110.47101020812988,
117.80095100402832,
117.99812316894531,
114.18890953063965,
110.18610000610352,
114.58206176757812,
106.92501068115234,
107.42497444152832,
107.88297653198242,
105.6511402130127,
104.55727577209473,
103.72185707092285,
104.75683212280273,
104.15196418762207,
105.04603385925293,
108.50715637207031,
106.30512237548828,
106.4310073852539,
104.02512550354004,
105.38911819458008,
105.7591438293457,
103.42288017272949,
106.20903968811035,
106.09221458435059,
106.9939136505127,
112.35785484313965,
111.82904243469238,
110.86893081665039,
112.05887794494629,
110.01205444335938,
110.48507690429688,
109.14182662963867,
112.00213432312012,
110.24999618530273,
111.23991012573242,
112.03193664550781,
110.7478141784668,
110.1539134979248,
108.19315910339355,
108.73699188232422,
109.70020294189453,
107.47694969177246,
106.49609565734863,
106.07790946960449,
106.28771781921387,
105.21292686462402,
105.133056640625,
103.9578914642334,
103.70087623596191,
107.91802406311035,
104.39133644104004,
104.10809516906738,
104.7811508178711,
104.2177677154541,
105.24392127990723,
106.10675811767578,
107.73038864135742,
108.41083526611328,
106.40096664428711,
108.72340202331543,
103.6679744720459,
105.36074638366699,
105.50498962402344,
108.7489128112793,
110.21709442138672,
110.99600791931152,
110.37325859069824,
110.4280948638916,
109.78102684020996,
110.21304130554199,
106.31513595581055,
111.97495460510254,
111.67097091674805,
110.33010482788086,
109.98106002807617,
106.57668113708496,
107.84697532653809,
106.42600059509277,
108.92200469970703,
109.53593254089355,
110.70084571838379,
106.83512687683105,
104.79092597961426,
103.3930778503418,
104.65788841247559,
103.93500328063965,
107.4821949005127,
105.36813735961914,
103.92594337463379,
106.31704330444336,
104.58493232727051,
105.59701919555664,
105.17191886901855,
105.91602325439453,
107.61809349060059,
111.58013343811035,
108.92581939697266,
109.2689037322998,
103.93309593200684,
105.9713363647461,
109.954833984375,
111.17792129516602,
108.49571228027344,
109.23480987548828,
110.44907569885254,
109.59935188293457,
106.53519630432129,
110.11505126953125,
112.20097541809082,
112.34712600708008,
111.87291145324707,
110.53729057312012,
114.09616470336914,
107.96999931335449,
107.36274719238281,
110.90421676635742,
110.09001731872559,
108.72983932495117,
111.02485656738281,
108.52789878845215,
107.21397399902344,
105.26299476623535,
105.31091690063477,
104.79283332824707,
105.8802604675293,
107.76400566101074,
106.60982131958008,
106.09793663024902,
104.39801216125488,
104.53486442565918,
104.42709922790527,
105.91268539428711,
106.25505447387695,
106.7359447479248,
106.49895668029785,
109.16304588317871,
108.14309120178223,
109.16566848754883,
110.26310920715332,
110.01801490783691,
108.45017433166504,
105.01885414123535,
106.2321662902832,
107.16724395751953,
106.00399971008301,
110.80813407897949,
108.33215713500977,
108.49404335021973,
107.70511627197266,
110.00800132751465,
110.9018325805664,
108.43610763549805,
104.57611083984375,
111.4358901977539,
108.02197456359863,
104.0499210357666,
105.38887977600098,
104.52795028686523,
105.46088218688965,
106.05692863464355,
105.8499813079834,
106.42004013061523,
106.14204406738281,
107.05995559692383,
106.4460277557373,
104.48527336120605,
107.61904716491699,
104.59113121032715,
106.6141128540039,
105.45206069946289,
104.6140193939209,
106.51397705078125,
107.23209381103516,
106.31799697875977,
104.91633415222168,
108.31594467163086,
107.55419731140137,
105.94987869262695,
105.81588745117188,
107.63406753540039,
107.29289054870605,
104.53104972839355,
105.12900352478027,
105.9870719909668,
107.27596282958984,
105.4990291595459,
107.38396644592285,
103.65509986877441,
106.9328784942627,
109.94911193847656,
106.34899139404297,
106.93621635437012,
105.1778793334961,
104.85100746154785,
104.04109954833984,
105.03768920898438,
104.09092903137207,
103.5163402557373,
104.97093200683594,
105.20219802856445,
105.77607154846191,
107.94186592102051,
107.76591300964355,
110.45002937316895,
107.75184631347656,
105.9720516204834,
108.73913764953613,
114.86411094665527,
107.06090927124023,
118.8809871673584,
115.80991744995117,
110.21304130554199,
108.3831787109375,
106.38785362243652,
103.0879020690918,
105.78012466430664,
107.23590850830078,
106.65321350097656,
103.02281379699707,
113.48509788513184,
111.13595962524414,
105.21078109741211,
105.95297813415527,
104.26020622253418,
104.6762466430664,
105.25107383728027,
106.4603328704834,
115.1268482208252,
105.95703125,
106.65225982666016,
113.82770538330078,
104.70414161682129,
105.12304306030273,
112.32328414916992,
107.14387893676758,
108.7796688079834,
107.57899284362793,
114.93206024169922,
109.85398292541504,
116.48297309875488,
116.49703979492188,
116.88399314880371,
116.6999340057373,
117.1560287475586,
118.08109283447266,
117.2170639038086,
121.13118171691895,
105.53336143493652,
105.07988929748535,
110.42022705078125,
107.92899131774902,
106.56189918518066,
107.90205001831055,
112.49184608459473,
103.40404510498047,
104.90298271179199,
115.22221565246582,
114.91608619689941,
111.19890213012695,
110.36896705627441,
104.41398620605469,
103.65605354309082,
104.9489974975586,
102.29015350341797,
105.21912574768066,
107.74803161621094,
115.04626274108887,
106.42409324645996,
117.71893501281738,
114.2740249633789,
115.71907997131348,
118.00503730773926,
117.14720726013184,
103.94978523254395,
105.48806190490723,
105.67617416381836,
107.96189308166504,
109.32707786560059,
108.92915725708008,
108.40797424316406,
107.50603675842285,
104.51984405517578,
108.8857650756836,
104.94804382324219,
103.87110710144043,
104.62522506713867,
105.55791854858398,
108.48307609558105,
105.44800758361816,
107.05208778381348,
106.80198669433594,
103.36995124816895,
105.35717010498047,
105.16023635864258,
109.80916023254395,
103.35612297058105,
104.05492782592773,
105.83662986755371,
104.69198226928711,
105.10015487670898,
106.34088516235352,
106.98986053466797,
111.54890060424805,
107.21921920776367,
109.7569465637207,
111.71579360961914,
114.17913436889648,
108.00528526306152,
110.54015159606934,
111.53197288513184,
114.40205574035645,
106.22620582580566,
104.3710708618164,
104.73489761352539,
104.69198226928711,
104.60066795349121,
103.23810577392578,
103.8517951965332,
104.35891151428223,
106.13012313842773,
105.04913330078125,
106.31394386291504,
105.26323318481445,
106.70208930969238,
106.0938835144043,
106.23574256896973,
104.3403148651123,
104.42185401916504,
108.62302780151367,
105.4990291595459,
104.63690757751465,
106.24217987060547,
102.7989387512207,
103.69277000427246,
109.04288291931152,
103.0731201171875,
107.39588737487793,
103.3790111541748,
103.4078598022461,
103.95479202270508,
105.18002510070801,
110.84198951721191,
110.9018325805664,
110.55898666381836,
109.832763671875,
109.90190505981445,
107.80978202819824,
109.63201522827148,
108.73126983642578,
104.9489974975586,
104.88486289978027,
104.34770584106445,
104.57324981689453,
106.00996017456055,
106.47296905517578,
105.6370735168457,
105.21197319030762,
105.69286346435547,
107.1469783782959,
105.56507110595703,
108.16287994384766,
104.3550968170166,
105.05509376525879,
107.23519325256348,
105.76534271240234,
105.010986328125,
104.68792915344238,
107.53417015075684,
105.04913330078125,
104.37917709350586,
106.07624053955078,
103.89184951782227,
104.6290397644043,
103.32798957824707,
103.28388214111328,
105.36503791809082,
111.17005348205566,
104.44521903991699,
103.78789901733398,
105.87692260742188,
106.06575012207031,
107.0108413696289,
108.46114158630371,
108.37197303771973,
105.94511032104492,
105.16095161437988,
105.26013374328613,
105.53598403930664,
105.70001602172852,
108.89172554016113,
108.69503021240234,
108.94894599914551,
109.4970703125,
105.61895370483398,
105.5750846862793,
105.93605041503906,
107.05900192260742,
105.56817054748535,
107.38086700439453,
108.36911201477051,
105.63206672668457,
102.9958724975586,
103.63912582397461,
105.58915138244629,
102.77795791625977,
103.79385948181152,
104.44998741149902,
104.63309288024902,
104.58779335021973,
107.28693008422852,
109.57098007202148,
110.67509651184082,
106.09197616577148,
104.55584526062012,
104.56705093383789,
105.1321029663086,
106.06098175048828,
107.88917541503906,
105.72695732116699,
104.26616668701172,
105.30996322631836,
107.28693008422852,
109.99703407287598,
113.53492736816406,
117.30003356933594,
110.14580726623535,
112.03503608703613,
112.59603500366211,
112.23101615905762,
110.23306846618652,
107.45429992675781,
106.9178581237793,
105.21292686462402,
109.17282104492188,
106.31799697875977,
105.7589054107666,
105.41009902954102,
109.46273803710938,
106.52899742126465,
110.42213439941406,
108.14785957336426,
111.1609935760498,
104.42233085632324,
105.71002960205078,
105.83710670471191,
106.89091682434082,
102.9820442199707,
107.87725448608398,
107.81574249267578,
104.06327247619629,
103.82699966430664,
104.54511642456055,
104.77495193481445,
101.95398330688477,
102.84900665283203,
103.35803031921387,
104.82311248779297,
107.31697082519531,
108.17480087280273,
105.44013977050781,
104.6140193939209,
103.26981544494629,
103.1191349029541,
103.88588905334473,
104.65216636657715,
104.13384437561035,
105.8802604675293,
103.4250259399414,
104.04825210571289,
105.30877113342285,
110.28218269348145,
107.05208778381348,
102.9520034790039,
103.54804992675781,
104.63690757751465,
105.20792007446289,
105.98087310791016,
105.46994209289551,
104.51388359069824,
104.41780090332031,
104.21991348266602,
105.29804229736328,
105.26204109191895,
104.43687438964844,
104.58183288574219,
103.34181785583496,
102.77509689331055,
101.94087028503418,
106.11987113952637,
102.75506973266602,
103.11102867126465,
103.77812385559082,
103.91783714294434,
103.9431095123291,
103.7909984588623,
104.52699661254883,
104.37488555908203,
104.09903526306152,
104.1109561920166,
105.2711009979248,
104.89320755004883,
105.84592819213867,
104.23088073730469,
104.29692268371582,
104.0191650390625,
103.28912734985352,
106.7209243774414,
103.90901565551758,
107.0411205291748,
107.09404945373535,
104.5989990234375,
104.19702529907227,
103.13892364501953,
103.26600074768066,
102.60677337646484,
104.22205924987793,
104.62379455566406,
104.48002815246582,
102.97703742980957,
104.27117347717285,
103.94716262817383,
104.42805290222168,
104.37989234924316,
105.28302192687988,
103.23500633239746,
102.5848388671875,
102.99396514892578,
104.66909408569336,
105.70120811462402,
105.60417175292969,
103.95503044128418,
107.33795166015625,
107.13410377502441,
106.45675659179688,
104.39300537109375,
105.6671142578125,
105.35979270935059,
106.66871070861816,
105.60107231140137,
105.70096969604492,
103.9738655090332,
105.41582107543945,
108.23822021484375,
105.8340072631836,
106.87518119812012,
103.93404960632324,
103.83486747741699,
104.50983047485352,
105.35407066345215,
106.0018539428711,
104.38919067382812,
107.26499557495117,
103.80005836486816,
106.34326934814453,
104.64310646057129,
105.42011260986328,
105.50689697265625,
106.12082481384277,
107.91492462158203,
104.7050952911377,
103.73306274414062,
114.52388763427734,
105.94892501831055,
112.86401748657227,
107.46192932128906,
109.17186737060547,
108.92987251281738,
105.47399520874023,
106.9941520690918,
105.65590858459473,
107.37109184265137,
105.15403747558594,
110.24618148803711,
104.2330265045166,
107.5127124786377,
108.3219051361084,
107.76090621948242,
108.92391204833984,
103.30915451049805,
105.85689544677734,
105.27300834655762,
105.5750846862793,
108.80374908447266,
107.90896415710449,
106.21213912963867,
103.83415222167969,
104.55918312072754,
106.06193542480469,
105.75222969055176,
105.4840087890625,
104.51102256774902,
106.22906684875488,
106.45103454589844,
106.22406005859375,
104.45904731750488,
108.65998268127441,
110.77094078063965,
112.71905899047852,
112.08915710449219,
115.49091339111328,
111.30499839782715,
115.35215377807617,
113.37494850158691,
107.01107978820801,
108.0021858215332,
103.86300086975098,
104.42233085632324,
108.51097106933594,
104.42495346069336,
104.73513603210449,
103.09290885925293,
104.02584075927734,
104.55799102783203,
103.5161018371582,
106.94098472595215,
107.77592658996582,
105.79705238342285,
108.1089973449707,
108.02984237670898,
107.91802406311035,
107.88989067077637,
108.76011848449707,
111.09709739685059,
103.59001159667969,
107.38396644592285,
109.62796211242676,
110.29291152954102,
111.28497123718262,
109.75193977355957,
110.4888916015625,
103.73592376708984,
103.35111618041992,
106.4450740814209,
108.52193832397461,
109.09509658813477,
108.76178741455078,
110.07094383239746,
109.09795761108398,
108.57582092285156,
103.46770286560059,
103.74879837036133,
103.8200855255127,
104.55203056335449,
106.19997978210449,
107.00702667236328,
106.96601867675781,
116.1801815032959,
103.48391532897949,
103.94811630249023,
107.7430248260498,
103.90806198120117,
106.23621940612793,
104.07400131225586,
116.39404296875,
104.95805740356445,
103.34110260009766,
103.88970375061035,
104.75301742553711,
104.42304611206055,
104.31408882141113,
107.81693458557129,
102.35714912414551,
106.12010955810547,
106.2920093536377,
103.68466377258301,
103.70373725891113,
103.16991806030273,
103.1808853149414,
103.02901268005371,
104.37297821044922,
103.20401191711426,
103.88374328613281,
102.9660701751709,
105.41081428527832,
105.70168495178223,
104.60901260375977,
103.90615463256836,
104.86817359924316,
104.76088523864746,
103.1949520111084,
105.03625869750977,
107.63907432556152,
109.00497436523438,
103.90090942382812,
104.69508171081543,
103.6832332611084,
102.85592079162598,
103.46174240112305,
102.80823707580566,
103.85584831237793,
103.35779190063477,
104.84790802001953,
102.42509841918945,
103.26623916625977,
103.22403907775879,
103.69396209716797,
104.35104370117188,
107.1782112121582,
103.76691818237305,
104.76970672607422,
105.31091690063477,
104.97784614562988,
105.52191734313965,
106.95910453796387,
103.69110107421875,
106.01377487182617,
105.60107231140137,
104.98404502868652,
103.44123840332031,
103.00803184509277,
103.64103317260742,
102.96487808227539,
106.84895515441895,
102.67782211303711,
106.34207725524902,
103.72209548950195,
103.69586944580078,
104.36105728149414,
104.58636283874512,
103.11198234558105,
104.76899147033691,
104.70104217529297,
104.41780090332031,
102.89216041564941,
103.55877876281738,
103.63388061523438,
103.12819480895996,
103.6689281463623,
106.20689392089844,
107.42712020874023,
108.7796688079834,
109.3907356262207,
111.01198196411133,
112.28704452514648,
104.98690605163574,
105.22103309631348,
105.1950454711914,
105.88383674621582,
107.06090927124023,
104.90703582763672,
105.35001754760742,
104.54678535461426,
103.80005836486816,
105.71098327636719,
105.07702827453613,
106.35685920715332,
107.68699645996094,
106.41121864318848,
105.29565811157227,
104.37321662902832,
107.01680183410645,
105.39984703063965,
105.8349609375,
105.84592819213867,
105.194091796875,
106.01305961608887,
103.48916053771973,
112.03289031982422,
108.17193984985352,
105.32999038696289,
105.40008544921875,
106.11510276794434,
104.64215278625488,
104.47502136230469,
104.6142578125,
106.28914833068848,
106.2479019165039,
104.4611930847168,
105.10087013244629,
102.99801826477051,
103.71708869934082,
105.93485832214355,
104.21514511108398,
103.7750244140625,
104.82001304626465,
104.84576225280762,
105.71002960205078,
105.36789894104004,
104.34198379516602,
104.08401489257812,
105.20696640014648,
104.89225387573242,
104.73799705505371,
104.4301986694336,
108.79397392272949,
110.05115509033203,
110.10622978210449,
103.46603393554688,
103.34897041320801,
105.03005981445312,
102.7989387512207,
104.60424423217773,
106.4910888671875,
107.13911056518555,
108.49881172180176,
106.59098625183105,
106.31108283996582,
105.44490814208984,
104.99310493469238,
105.08418083190918,
104.38704490661621,
105.64303398132324,
105.70001602172852,
103.63173484802246,
104.34484481811523,
104.38394546508789,
104.67791557312012,
103.4698486328125,
105.97395896911621,
105.24392127990723,
106.3072681427002,
106.31585121154785,
106.02784156799316,
105.82208633422852,
104.31385040283203,
104.95305061340332,
103.80792617797852,
105.67617416381836,
105.09419441223145,
106.4910888671875,
108.26420783996582,
109.8792552947998,
105.25321960449219,
106.77099227905273,
106.13608360290527,
106.19497299194336,
105.77106475830078,
105.19886016845703,
105.97896575927734,
105.65805435180664,
107.1312427520752,
107.27500915527344,
107.33604431152344,
104.43806648254395,
103.3010482788086,
104.31814193725586,
105.6969165802002,
104.83479499816895,
105.97681999206543,
105.61490058898926,
105.92484474182129,
107.79190063476562,
104.69508171081543,
104.69889640808105,
103.59787940979004,
104.35914993286133,
107.83004760742188,
106.82177543640137,
102.85091400146484,
104.1102409362793,
103.6829948425293,
107.00273513793945,
106.09984397888184,
106.20999336242676,
107.53488540649414,
106.56309127807617,
105.93199729919434,
107.94711112976074,
106.2157154083252,
106.33492469787598,
104.14004325866699,
104.2180061340332,
106.01091384887695,
104.87508773803711,
106.19497299194336,
107.43093490600586,
105.11183738708496,
106.02092742919922,
107.18393325805664,
105.1487922668457,
105.5448055267334,
104.53510284423828,
104.53295707702637,
104.77900505065918,
109.58123207092285,
109.34090614318848,
106.58001899719238,
110.47887802124023,
105.6060791015625,
104.97498512268066,
105.81398010253906,
107.29002952575684,
105.46302795410156,
106.74500465393066,
106.37784004211426,
104.7050952911377,
104.85196113586426,
104.9962043762207,
108.62898826599121,
106.95505142211914,
104.98380661010742,
104.60495948791504,
107.90705680847168,
107.37299919128418,
108.65998268127441,
110.32295227050781,
106.68373107910156,
108.42394828796387,
103.19685935974121,
107.22088813781738,
107.77926445007324,
104.87508773803711,
107.56421089172363,
107.46407508850098,
105.21292686462402,
107.78307914733887,
106.95981979370117,
111.21702194213867,
112.60581016540527,
112.61630058288574,
113.5711669921875,
107.83696174621582,
105.56483268737793,
104.59637641906738,
108.86383056640625,
102.62393951416016,
104.08806800842285,
104.0639877319336,
103.7130355834961,
106.1258316040039,
103.74784469604492,
105.24606704711914,
109.41314697265625,
105.18503189086914,
110.36896705627441,
103.32679748535156,
102.72073745727539,
102.49686241149902,
103.77693176269531,
103.22427749633789,
103.6527156829834,
102.14591026306152,
102.78677940368652,
104.28404808044434,
115.52619934082031,
103.20425033569336,
103.79600524902344,
107.23090171813965,
107.40494728088379,
105.91626167297363,
106.2767505645752,
104.51292991638184,
104.93612289428711,
106.13226890563965,
103.33609580993652,
103.44815254211426,
102.99015045166016,
107.31697082519531,
104.18820381164551,
104.89702224731445,
102.86998748779297,
104.4158935546875,
104.82001304626465,
104.07710075378418,
104.34913635253906,
103.89304161071777,
103.91020774841309,
104.83980178833008,
103.07788848876953,
104.56705093383789,
102.88596153259277,
104.71677780151367,
104.59089279174805,
105.68809509277344,
106.67085647583008,
103.71088981628418,
103.88398170471191,
104.23588752746582,
106.25314712524414,
110.45622825622559,
103.66225242614746,
105.39603233337402,
105.31401634216309,
103.11484336853027,
103.6376953125,
103.43313217163086,
103.51967811584473,
103.74188423156738,
104.78091239929199,
104.61115837097168,
105.28397560119629,
104.89273071289062,
103.82890701293945,
102.90408134460449,
102.72908210754395,
104.29596900939941,
103.70302200317383,
105.1182746887207,
104.7508716583252,
103.55901718139648,
102.45800018310547,
103.99627685546875,
103.38830947875977,
102.99801826477051,
103.62982749938965,
105.24797439575195,
103.76501083374023,
105.55696487426758,
104.12073135375977,
103.28984260559082,
104.97474670410156,
102.44083404541016,
104.31694984436035,
107.27787017822266,
106.8270206451416,
104.58612442016602,
104.60400581359863,
105.03697395324707,
104.68006134033203,
104.92992401123047,
105.08584976196289,
104.99787330627441,
105.28993606567383,
104.65216636657715,
104.1100025177002,
103.81913185119629,
104.10094261169434,
103.3930778503418,
103.66511344909668,
103.86824607849121,
103.75022888183594,
102.49876976013184,
103.52015495300293,
103.99794578552246,
103.71899604797363,
103.07908058166504,
103.59311103820801,
104.4011116027832,
103.57809066772461,
102.4923324584961,
103.94120216369629,
104.26688194274902,
103.39999198913574,
104.0198802947998,
104.21013832092285,
103.48010063171387,
102.96297073364258,
104.02107238769531,
102.88166999816895,
103.3029556274414,
103.43813896179199,
102.85091400146484,
105.4997444152832,
105.76486587524414,
105.27682304382324,
102.78701782226562,
104.88009452819824,
102.02598571777344,
102.49209403991699,
107.2702407836914,
102.5400161743164,
104.16316986083984,
103.81579399108887,
102.49996185302734,
103.63888740539551,
104.8898696899414,
102.74076461791992,
102.7531623840332,
104.63094711303711,
103.54304313659668,
105.78417778015137,
103.546142578125,
102.70905494689941,
103.85012626647949,
103.53398323059082,
105.07726669311523,
103.70802879333496,
102.85687446594238,
106.29796981811523,
104.7048568725586,
104.97927665710449,
104.07400131225586,
104.34317588806152,
102.10466384887695,
102.49876976013184,
109.12799835205078,
109.11393165588379,
105.06105422973633,
116.59479141235352,
109.39908027648926,
118.42727661132812,
115.0670051574707,
104.98189926147461,
104.40587997436523,
105.16929626464844,
117.50912666320801,
154.99114990234375,
161.3781452178955,
184.77797508239746,
179.48603630065918,
189.06903266906738,
179.01086807250977,
179.82196807861328,
164.6096706390381,
174.01719093322754,
165.7581329345703,
173.6907958984375,
167.94514656066895,
148.06604385375977,
150.31886100769043,
150.58088302612305,
179.68201637268066,
201.430082321167,
209.5038890838623,
185.1940155029297,
220.09682655334473,
173.4161376953125,
204.38385009765625,
218.48392486572266,
191.66803359985352,
197.8921890258789,
212.22281455993652,
122.50804901123047,
120.82505226135254,
123.9161491394043,
123.87394905090332,
123.8260269165039,
126.42121315002441,
120.46289443969727,
129.38284873962402,
203.88197898864746,
225.1298427581787,
199.7671127319336,
224.13206100463867,
130.2499771118164,
199.7051239013672,
142.14563369750977,
127.30693817138672,
131.44207000732422,
199.0346908569336,
129.14705276489258,
150.73394775390625,
206.9380283355713,
124.73297119140625,
199.35202598571777,
226.21417045593262,
127.96902656555176,
225.71897506713867,
225.27098655700684,
138.93818855285645,
103.66320610046387,
103.6531925201416,
104.2020320892334,
103.37185859680176,
103.50584983825684,
112.06722259521484,
112.03908920288086,
105.83782196044922,
113.94810676574707,
113.6012077331543,
104.22706604003906,
105.49402236938477,
105.88598251342773,
103.44696044921875,
103.71923446655273,
103.28292846679688,
101.77087783813477,
102.90384292602539,
102.38981246948242,
103.04617881774902,
102.87189483642578,
103.16181182861328,
103.69706153869629,
103.94406318664551,
105.16214370727539,
103.23476791381836,
103.65509986877441,
104.16293144226074,
103.95598411560059,
104.21109199523926,
103.47914695739746,
104.19201850891113,
103.28984260559082,
103.31201553344727,
103.70612144470215,
102.53429412841797,
105.30924797058105,
102.90312767028809,
102.30207443237305,
102.10299491882324,
104.16316986083984,
103.11174392700195,
104.72393035888672,
104.75802421569824,
106.76312446594238,
104.42686080932617,
103.99293899536133,
104.27403450012207,
104.8429012298584,
107.64288902282715,
106.69398307800293,
106.92977905273438,
105.83877563476562,
109.12203788757324,
109.70211029052734,
103.45101356506348,
110.06784439086914,
107.8650951385498,
110.36229133605957,
106.78410530090332,
107.31792449951172,
104.56323623657227,
103.86395454406738,
107.940673828125,
108.46996307373047,
104.10594940185547,
103.8200855255127,
105.21817207336426,
104.17389869689941,
104.41303253173828,
106.06002807617188,
104.36773300170898,
105.3011417388916,
104.17294502258301,
105.95202445983887,
106.57119750976562,
104.84790802001953,
105.57222366333008,
107.02633857727051,
104.57396507263184,
105.28397560119629,
104.47001457214355,
108.44087600708008,
104.41303253173828,
108.30283164978027,
106.8270206451416,
109.30418968200684,
106.22096061706543,
106.12034797668457,
110.98194122314453,
110.70680618286133,
109.77888107299805,
108.58917236328125,
109.8790168762207,
110.2907657623291,
110.80694198608398,
111.57870292663574,
105.12590408325195,
108.3977222442627,
108.27779769897461,
111.083984375,
107.86771774291992,
110.63003540039062,
117.2630786895752,
115.17524719238281,
116.20521545410156,
111.31882667541504,
108.245849609375,
109.97986793518066,
105.78417778015137,
104.78997230529785,
104.84790802001953,
103.45077514648438,
103.86896133422852,
106.15992546081543,
104.38704490661621,
108.91389846801758,
109.77005958557129,
110.71491241455078,
112.77627944946289,
111.40775680541992,
106.63604736328125,
106.31322860717773,
105.71432113647461,
105.42488098144531,
107.54799842834473,
108.3528995513916,
108.3221435546875,
105.0560474395752,
103.07884216308594,
105.57222366333008,
106.70804977416992,
104.36296463012695,
108.10494422912598,
104.43425178527832,
106.95099830627441,
104.2320728302002,
105.49211502075195,
107.94281959533691,
109.02714729309082,
110.01110076904297,
105.09991645812988,
104.46691513061523,
106.5070629119873,
106.80127143859863,
104.41184043884277,
105.36909103393555,
106.21500015258789,
105.35097122192383,
106.06789588928223,
106.83989524841309,
110.3658676147461,
109.98988151550293,
110.86702346801758,
106.44888877868652,
111.92893981933594,
106.66799545288086,
104.2180061340332,
106.16397857666016,
108.04009437561035,
107.76400566101074,
104.2940616607666,
106.20999336242676,
104.46596145629883,
105.09586334228516,
103.53398323059082,
104.0349006652832,
106.18996620178223,
103.87206077575684,
103.61313819885254,
105.28898239135742,
109.55595970153809,
109.57217216491699,
103.40666770935059,
103.76095771789551,
103.6992073059082,
105.65185546875,
107.7730655670166,
107.27810859680176,
107.13601112365723,
106.7209243774414,
105.34405708312988,
103.52420806884766,
106.32991790771484,
106.24504089355469,
104.91085052490234,
104.62617874145508,
103.57880592346191,
106.9040298461914,
105.3929328918457,
104.5386791229248,
106.1859130859375,
105.08394241333008,
105.82399368286133,
105.84402084350586,
104.3088436126709,
106.7960262298584,
104.1100025177002,
105.69500923156738,
105.09228706359863,
109.13372039794922,
104.90703582763672,
103.35993766784668,
106.79507255554199,
102.9210090637207,
103.90710830688477,
105.0717830657959,
106.80103302001953,
106.77599906921387,
104.43305969238281,
105.39817810058594,
103.63006591796875,
104.56299781799316,
104.70890998840332,
104.1569709777832,
107.66983032226562,
107.53226280212402,
106.63676261901855,
106.34899139404297,
106.32705688476562,
105.41105270385742,
103.66487503051758,
106.10604286193848,
105.66568374633789,
107.45429992675781,
106.21166229248047,
108.44898223876953,
104.54201698303223,
109.78484153747559,
106.96887969970703,
105.91316223144531,
104.47311401367188,
105.74698448181152,
106.59384727478027,
104.2947769165039,
104.82192039489746,
109.87091064453125,
107.79404640197754,
105.88431358337402,
107.27500915527344,
106.12821578979492,
106.93597793579102,
106.7497730255127,
107.50412940979004,
104.53605651855469,
104.50196266174316,
103.94120216369629,
104.2940616607666,
108.70599746704102,
106.36091232299805,
105.32402992248535,
107.03420639038086,
104.30312156677246,
108.36410522460938,
108.0939769744873,
107.94591903686523,
109.80606079101562,
106.62722587585449,
108.9169979095459,
108.81686210632324,
103.95622253417969,
106.28294944763184,
105.99493980407715,
106.08601570129395,
105.13091087341309,
106.71186447143555,
107.39779472351074,
105.56387901306152,
110.137939453125,
106.48488998413086,
104.02607917785645,
107.10978507995605,
112.41698265075684,
110.63694953918457,
115.69094657897949,
109.58480834960938,
115.77796936035156,
103.79600524902344,
106.3840389251709,
106.96887969970703,
105.78489303588867,
104.53295707702637,
104.10809516906738,
108.11114311218262,
106.18305206298828,
110.99791526794434,
105.46994209289551,
105.05318641662598,
112.55764961242676,
108.04104804992676,
124.52101707458496,
125.18501281738281,
107.56874084472656,
110.54325103759766,
106.13775253295898,
105.78489303588867,
111.968994140625,
104.93111610412598,
103.12819480895996,
105.28731346130371,
102.83589363098145,
103.29103469848633,
103.65009307861328,
121.28520011901855,
110.28885841369629,
112.26797103881836,
123.74591827392578,
107.16795921325684,
113.84987831115723,
112.7622127532959,
113.23690414428711,
105.74984550476074,
104.80403900146484,
110.45098304748535,
113.06500434875488,
109.76886749267578,
107.38205909729004,
107.7430248260498,
106.94193840026855,
108.19506645202637,
107.5289249420166,
106.02474212646484,
103.79528999328613,
116.26291275024414,
105.69381713867188,
105.1630973815918,
104.7213077545166,
111.12809181213379,
108.37292671203613,
110.21208763122559,
110.14389991760254,
110.10599136352539,
110.67605018615723,
112.96582221984863,
113.29293251037598,
107.08880424499512,
110.8391284942627,
105.19886016845703,
103.37114334106445,
105.67808151245117,
112.10393905639648,
113.80290985107422,
111.81998252868652,
113.79504203796387,
114.76707458496094,
108.69407653808594,
113.52801322937012,
109.58480834960938,
113.69609832763672,
105.12995719909668,
103.4860610961914,
103.12199592590332,
102.02908515930176,
102.88786888122559,
105.44419288635254,
102.01787948608398,
104.74228858947754,
105.38911819458008,
104.60114479064941,
106.75406455993652,
106.44412040710449,
102.43701934814453,
104.94494438171387,
102.64396667480469,
104.04396057128906,
103.38521003723145,
103.36780548095703,
104.78067398071289,
104.83098030090332,
105.27896881103516,
105.46422004699707,
105.16119003295898,
104.67815399169922,
104.92277145385742,
103.75714302062988,
105.97395896911621,
105.95202445983887,
102.7379035949707,
103.50418090820312,
103.72471809387207,
104.7830581665039,
104.48217391967773,
105.64780235290527,
105.21507263183594,
104.23612594604492,
103.4688949584961,
103.52897644042969,
103.72805595397949,
102.92816162109375,
102.56385803222656,
107.2549819946289,
103.65605354309082,
103.80005836486816,
107.04517364501953,
108.79302024841309,
108.66594314575195,
108.52813720703125,
105.77893257141113,
103.49607467651367,
104.04038429260254,
104.10690307617188,
107.31387138366699,
104.04491424560547,
107.8484058380127,
106.44912719726562,
103.5759449005127,
108.86311531066895,
107.56397247314453,
104.69722747802734,
105.52239418029785,
105.06987571716309,
105.77893257141113,
103.80792617797852,
104.47812080383301,
104.01773452758789,
104.18510437011719,
104.01582717895508,
104.26187515258789,
106.19807243347168,
105.3609848022461,
104.0492057800293,
104.34699058532715,
104.44903373718262,
108.23822021484375,
105.42893409729004,
104.49886322021484,
109.0402603149414,
110.09597778320312,
112.27869987487793,
106.4760684967041,
108.75892639160156,
109.39717292785645,
110.09502410888672,
108.98494720458984,
109.91787910461426,
108.17575454711914,
105.34310340881348,
106.51493072509766,
107.33675956726074,
107.60211944580078,
104.72702980041504,
104.7208309173584,
105.20076751708984,
106.69302940368652,
103.43790054321289,
104.46000099182129,
106.80699348449707,
105.89289665222168,
105.79609870910645,
108.49905014038086,
107.79476165771484,
109.45987701416016,
105.14593124389648,
106.17899894714355,
105.4682731628418,
104.6609878540039,
105.11493682861328,
108.96682739257812,
105.04388809204102,
104.13813591003418,
107.68580436706543,
103.82604598999023,
110.63408851623535,
110.61906814575195,
108.68191719055176,
106.98604583740234,
108.24799537658691,
104.58207130432129,
106.0018539428711,
106.09889030456543,
103.61814498901367,
104.95996475219727,
104.74181175231934,
108.18600654602051,
103.90615463256836,
108.95419120788574,
106.08100891113281,
110.56733131408691,
107.50293731689453,
111.02700233459473,
104.28595542907715,
106.38999938964844,
107.15079307556152,
107.10382461547852,
107.06806182861328,
105.98111152648926,
104.87508773803711,
104.99095916748047,
105.25894165039062,
106.78791999816895,
108.46376419067383,
108.66808891296387,
107.2390079498291,
107.98406600952148,
104.52079772949219,
103.56593132019043,
108.08920860290527,
104.58707809448242,
104.34532165527344,
104.31599617004395,
110.1830005645752,
104.63190078735352,
105.44395446777344,
104.82501983642578,
103.86896133422852,
103.81317138671875,
106.33111000061035,
104.31909561157227,
104.53987121582031,
108.37912559509277,
106.75621032714844,
105.38482666015625,
105.54695129394531,
104.74324226379395,
105.63421249389648,
105.66282272338867,
106.48298263549805,
106.27889633178711,
109.47179794311523,
107.10501670837402,
107.6350212097168,
106.91094398498535,
106.44006729125977,
107.78498649597168,
105.80825805664062,
104.91299629211426,
106.56476020812988,
106.14991188049316,
104.26688194274902,
105.21817207336426,
107.86676406860352,
107.28907585144043,
108.17790031433105,
107.65409469604492,
106.70208930969238,
107.42998123168945,
105.56817054748535,
110.3968620300293,
105.88288307189941,
106.50801658630371,
105.91006278991699,
111.71317100524902,
109.75480079650879,
108.00290107727051,
105.9870719909668,
106.03690147399902,
105.72624206542969,
104.78639602661133,
106.47201538085938,
108.83593559265137,
107.10978507995605,
106.91404342651367,
108.88504981994629,
107.2838306427002,
108.21390151977539,
105.43298721313477,
106.51421546936035,
104.71296310424805,
105.3309440612793,
103.74188423156738,
104.20107841491699,
108.42704772949219,
110.02111434936523,
110.76617240905762,
114.52698707580566,
114.54510688781738,
113.42215538024902,
111.74297332763672,
109.51805114746094,
110.42499542236328,
108.17503929138184,
110.14795303344727,
104.34889793395996,
105.42798042297363,
105.62276840209961,
105.6368350982666,
105.04603385925293,
107.32698440551758,
108.03675651550293,
105.97515106201172,
106.86802864074707,
112.96677589416504,
113.86585235595703,
107.75208473205566,
106.54807090759277,
106.34589195251465,
106.11820220947266,
107.07783699035645,
110.27097702026367,
117.05708503723145,
108.54125022888184,
108.40797424316406,
108.05821418762207,
109.65800285339355,
111.5880012512207,
103.39617729187012,
109.53974723815918,
108.98733139038086,
108.16693305969238,
106.25481605529785,
105.05080223083496,
107.1479320526123,
111.03296279907227,
130.48911094665527,
125.32997131347656,
112.69402503967285,
130.32007217407227,
112.3509407043457,
112.16306686401367,
122.18904495239258,
107.14578628540039,
103.729248046875,
104.53295707702637,
106.12678527832031,
106.6441535949707,
116.88494682312012,
111.12189292907715,
117.73014068603516,
109.80105400085449,
126.7080307006836,
107.64288902282715,
114.73894119262695,
116.36495590209961,
123.33989143371582,
129.6670436859131,
120.34797668457031,
117.99931526184082,
107.11979866027832,
105.75008392333984,
108.0319881439209,
127.56800651550293,
114.40277099609375,
105.90910911560059,
104.80594635009766,
105.55124282836914,
105.62324523925781,
105.35097122192383,
107.17010498046875,
106.89210891723633,
104.8130989074707,
105.6981086730957,
107.84411430358887,
108.32691192626953,
104.51984405517578,
105.12900352478027,
109.18307304382324,
107.27596282958984,
110.37993431091309,
109.35020446777344,
108.22892189025879,
107.56421089172363,
107.53989219665527,
111.89985275268555,
110.34798622131348,
107.8948974609375,
108.4890365600586,
109.81392860412598,
109.76672172546387,
110.99410057067871,
114.23492431640625,
115.04983901977539,
111.03606224060059,
103.06787490844727,
104.00009155273438,
108.0169677734375,
106.64176940917969,
105.67617416381836,
104.64620590209961,
104.60782051086426,
103.84416580200195,
106.50801658630371,
114.07279968261719,
115.88311195373535,
110.82196235656738,
108.52813720703125,
103.10506820678711,
103.89399528503418,
106.32491111755371,
107.4528694152832,
107.18059539794922,
105.03792762756348,
104.07185554504395,
103.7600040435791,
110.72301864624023,
109.87591743469238,
109.2369556427002,
113.05689811706543,
113.57498168945312,
112.6089096069336,
103.48391532897949,
102.74887084960938,
104.44808006286621,
103.35993766784668,
103.1806468963623,
103.68204116821289,
104.27594184875488,
103.38091850280762,
104.95996475219727,
104.30788993835449,
105.44323921203613,
105.0570011138916,
104.14814949035645,
108.72769355773926,
109.36498641967773,
102.04029083251953,
103.48105430603027,
102.77891159057617,
103.18279266357422,
102.99539566040039,
104.5229434967041,
104.37917709350586,
106.2459945678711,
105.52692413330078,
106.10294342041016,
105.35287857055664,
106.30106925964355,
104.39586639404297,
103.84488105773926,
102.90813446044922,
104.48479652404785,
104.3398380279541,
103.4848690032959,
104.69293594360352,
103.7590503692627,
102.29969024658203,
103.64699363708496,
103.41501235961914,
103.66058349609375,
103.79314422607422,
104.85720634460449,
103.5618782043457,
103.6992073059082,
104.29000854492188,
102.82683372497559,
102.30779647827148,
104.25901412963867,
103.34300994873047,
104.11596298217773,
103.71279716491699,
103.42097282409668,
103.20019721984863,
104.09402847290039,
103.38997840881348,
105.03792762756348,
104.4919490814209,
103.12986373901367,
103.06906700134277,
103.16181182861328,
102.71215438842773,
103.46198081970215,
103.52110862731934,
103.12914848327637,
103.16324234008789,
105.27586936950684,
105.23080825805664,
103.0268669128418,
103.22093963623047,
103.23309898376465,
103.44099998474121,
103.1179428100586,
106.88185691833496,
109.09819602966309,
104.30312156677246,
106.01997375488281,
104.69508171081543,
104.28595542907715,
104.61187362670898,
102.79226303100586,
105.30304908752441,
106.70018196105957,
104.07400131225586,
103.8827896118164,
104.14695739746094,
103.55019569396973,
103.33108901977539,
102.95677185058594,
106.29606246948242,
103.49297523498535,
105.5610179901123,
106.10699653625488,
103.95503044128418,
104.37202453613281,
102.27417945861816,
102.07080841064453,
103.72114181518555,
103.23905944824219,
104.15792465209961,
105.96323013305664,
107.34915733337402,
108.31594467163086,
108.5202693939209,
104.63809967041016,
104.48193550109863,
103.82986068725586,
105.11183738708496,
105.55076599121094,
103.10697555541992,
104.06017303466797,
103.34420204162598,
107.74397850036621,
104.23111915588379,
103.59001159667969,
104.5529842376709,
104.22229766845703,
103.46174240112305,
104.99715805053711,
104.4929027557373,
103.3172607421875,
104.33793067932129,
103.90996932983398,
104.4318675994873,
106.75978660583496,
105.34906387329102,
106.96291923522949,
103.19900512695312,
103.179931640625,
104.83908653259277,
107.69081115722656,
104.16197776794434,
104.50887680053711,
104.55799102783203,
104.67886924743652,
105.56221008300781,
106.11510276794434,
103.67393493652344,
103.35278511047363,
104.80093955993652,
106.16278648376465,
104.5541763305664,
106.13369941711426,
106.32014274597168,
105.69214820861816,
111.04702949523926,
110.81886291503906,
105.47614097595215,
104.70390319824219,
104.54487800598145,
105.83615303039551,
105.36384582519531,
104.6149730682373,
103.31487655639648,
103.32798957824707,
103.7590503692627,
104.60376739501953,
106.85610771179199,
103.87897491455078,
105.04317283630371,
106.79912567138672,
103.86109352111816,
104.74300384521484,
106.67061805725098,
104.60805892944336,
104.58207130432129,
107.2688102722168,
107.08308219909668,
106.73093795776367,
106.22382164001465,
108.56509208679199,
108.34264755249023,
106.94289207458496,
106.19115829467773,
105.66878318786621,
103.4691333770752,
105.49306869506836,
102.64086723327637,
103.06787490844727,
105.89718818664551,
104.25400733947754,
103.25980186462402,
106.22596740722656,
106.9800853729248,
106.97507858276367,
111.56296730041504,
104.82001304626465,
105.89003562927246,
106.658935546875,
105.95393180847168,
104.95305061340332,
104.61878776550293,
108.42299461364746,
107.75184631347656,
109.1001033782959,
113.0681037902832,
114.78996276855469,
114.14599418640137,
115.12970924377441,
106.07790946960449,
108.94107818603516,
104.7220230102539,
105.17597198486328,
105.88383674621582,
104.86698150634766,
104.43115234375,
104.46524620056152,
104.41184043884277,
104.54607009887695,
104.25496101379395,
107.27787017822266,
105.99398612976074,
107.04302787780762,
106.9190502166748,
107.03587532043457,
105.09300231933594,
106.97603225708008,
104.3388843536377,
106.52685165405273,
106.90093040466309,
107.09524154663086,
106.41288757324219,
104.4149398803711,
105.36718368530273,
105.13591766357422,
108.09493064880371,
105.24678230285645,
107.37299919128418,
106.25886917114258,
105.70216178894043,
108.68573188781738,
110.05806922912598,
109.6808910369873,
109.23290252685547,
105.54814338684082,
106.50110244750977,
103.82413864135742,
103.09600830078125,
105.04317283630371,
106.59313201904297,
109.88402366638184,
106.50968551635742,
105.2560806274414,
107.26404190063477,
104.66194152832031,
105.40485382080078,
104.04586791992188,
105.90004920959473,
105.37862777709961,
103.29890251159668,
105.22103309631348,
103.546142578125,
104.1097640991211,
105.47876358032227,
108.10208320617676,
106.47082328796387,
107.47504234313965,
107.0561408996582,
105.06486892700195,
104.60805892944336,
104.8429012298584,
104.95781898498535,
105.6680679321289,
105.53288459777832,
104.34603691101074,
106.7352294921875,
105.85904121398926,
105.04388809204102,
106.7967414855957,
105.85379600524902,
109.28988456726074,
104.69198226928711,
107.91587829589844,
106.5819263458252,
105.20482063293457,
106.18901252746582,
103.50894927978516,
104.98714447021484,
104.80999946594238,
105.11994361877441,
108.0782413482666,
108.04414749145508,
104.22468185424805,
105.60417175292969,
105.316162109375,
103.41691970825195,
104.23803329467773,
103.56783866882324,
109.18092727661133,
105.49616813659668,
107.09714889526367,
108.20293426513672,
108.86907577514648,
104.81882095336914,
104.51507568359375,
104.26187515258789,
104.93683815002441,
104.58087921142578,
103.95383834838867,
103.4250259399414,
103.35803031921387,
105.53884506225586,
103.41286659240723,
107.35201835632324,
107.32388496398926,
108.34479331970215,
101.86910629272461,
103.96194458007812,
104.65407371520996,
104.30788993835449,
107.12099075317383,
106.51087760925293,
103.94692420959473,
105.12828826904297,
104.81619834899902,
104.42590713500977,
103.84798049926758,
103.25288772583008,
103.26313972473145,
104.3097972869873,
104.82501983642578,
104.35891151428223,
104.55775260925293,
104.13098335266113,
104.22301292419434,
104.01511192321777,
104.52675819396973,
105.62705993652344,
105.5459976196289,
104.56204414367676,
103.91569137573242,
105.68594932556152,
105.66306114196777,
103.26600074768066,
104.80284690856934,
104.9656867980957,
105.69214820861816,
105.5748462677002,
108.0632209777832,
112.19930648803711,
108.89601707458496,
109.69233512878418,
104.25591468811035,
105.60393333435059,
103.05309295654297,
103.98483276367188,
108.48283767700195,
106.12678527832031,
108.31308364868164,
106.48322105407715,
104.79474067687988,
104.6290397644043,
103.07478904724121,
104.07686233520508,
105.36074638366699,
104.95305061340332,
103.57284545898438,
105.50880432128906,
103.54924201965332,
104.5687198638916,
103.85727882385254,
106.17280006408691,
104.36677932739258,
105.90124130249023,
105.87310791015625,
105.52191734313965,
107.35011100769043,
104.4461727142334,
104.80308532714844,
107.39707946777344,
105.9110164642334,
106.56499862670898,
104.1569709777832,
104.4778823852539,
105.37505149841309,
105.33595085144043,
105.25894165039062,
103.84011268615723,
107.96594619750977,
105.08489608764648,
105.6509017944336,
110.53586006164551,
105.71789741516113,
106.87899589538574,
110.43286323547363,
103.59430313110352,
105.58795928955078,
104.0349006652832,
103.87706756591797,
102.87809371948242,
105.00192642211914,
104.99191284179688,
106.57501220703125,
105.08489608764648,
104.22706604003906,
103.22189331054688,
104.87604141235352,
104.0191650390625,
108.78300666809082,
106.25314712524414,
106.44292831420898,
123.62813949584961,
105.29804229736328,
126.86491012573242,
123.43406677246094,
102.6468276977539,
106.36115074157715,
103.75213623046875,
104.62617874145508,
104.90608215332031,
104.85291481018066,
104.7523021697998,
103.96075248718262,
104.75301742553711,
103.31416130065918,
105.00288009643555,
110.25118827819824,
110.06283760070801,
109.74884033203125,
120.0408935546875,
118.43609809875488,
106.94122314453125,
103.28292846679688,
105.80205917358398,
106.9648265838623,
111.54603958129883,
117.45691299438477,
119.61889266967773,
122.9550838470459,
106.96887969970703,
104.82406616210938,
104.17318344116211,
110.40496826171875,
106.71401023864746,
111.76609992980957,
111.65976524353027,
114.70794677734375,
119.08197402954102,
117.36297607421875,
119.94600296020508,
104.96807098388672,
118.44587326049805,
119.72284317016602,
110.48603057861328,
105.36980628967285,
104.88510131835938,
102.91504859924316,
104.94017601013184,
112.66112327575684,
111.9987964630127,
108.50286483764648,
107.8329086303711,
104.51197624206543,
104.43472862243652,
104.04372215270996,
104.02107238769531,
105.61299324035645,
106.38189315795898,
104.48503494262695,
107.93900489807129,
110.36801338195801,
112.45107650756836,
111.0539436340332,
107.17511177062988,
112.43605613708496,
112.2291088104248,
107.27405548095703,
114.69602584838867,
114.11595344543457,
116.21665954589844,
107.96809196472168,
108.41703414916992,
106.78791999816895,
107.27405548095703,
103.02400588989258,
104.28190231323242,
105.04674911499023,
103.55091094970703,
103.71780395507812,
106.85276985168457,
105.60297966003418,
104.68006134033203,
102.30302810668945,
104.60495948791504,
107.08212852478027,
106.13799095153809,
105.00001907348633,
105.00192642211914,
103.27601432800293,
105.61490058898926,
109.16805267333984,
103.54781150817871,
102.92696952819824,
102.67901420593262,
104.38179969787598,
107.61284828186035,
108.06822776794434,
117.41089820861816,
115.50593376159668,
110.7640266418457,
112.35809326171875,
115.6768798828125,
115.57292938232422,
117.21396446228027,
117.6598072052002,
111.62018775939941,
106.61506652832031,
105.38697242736816,
103.54113578796387,
103.17778587341309,
104.72989082336426,
112.89501190185547,
112.25700378417969,
109.24100875854492,
105.4830551147461,
117.98501014709473,
116.3930892944336,
105.10015487670898,
103.95288467407227,
108.63280296325684,
105.85713386535645,
105.15284538269043,
107.8038215637207,
111.75918579101562,
115.44609069824219,
108.00004005432129,
105.13710975646973,
117.50602722167969,
117.2020435333252,
103.88398170471191,
104.84600067138672,
106.38117790222168,
105.53121566772461,
107.33795166015625,
106.81986808776855,
105.78513145446777,
106.32777214050293,
103.0130386352539,
103.07717323303223,
103.10101509094238,
104.0489673614502,
104.38823699951172,
106.14776611328125,
106.79483413696289,
108.82806777954102,
107.15794563293457,
108.3219051361084,
109.59577560424805,
105.81588745117188,
104.07805442810059,
105.52692413330078,
106.36591911315918,
105.59797286987305,
105.39031028747559,
105.4222583770752,
103.31392288208008,
103.70898246765137,
103.29198837280273,
105.34214973449707,
105.99207878112793,
104.1860580444336,
105.40199279785156,
105.31783103942871,
104.78091239929199,
105.5610179901123,
103.87778282165527,
105.3779125213623,
103.6841869354248,
103.57499122619629,
104.48217391967773,
103.3780574798584,
105.45206069946289,
105.99303245544434,
109.70401763916016,
106.72402381896973,
107.32126235961914,
104.0501594543457,
104.79998588562012,
103.15799713134766,
103.06596755981445,
104.54487800598145,
104.1710376739502,
102.86593437194824,
102.22601890563965,
105.42583465576172,
105.94797134399414,
103.22403907775879,
102.52809524536133,
102.9670238494873,
103.85990142822266,
104.72989082336426,
102.2181510925293,
102.8590202331543,
103.96385192871094,
103.51991653442383,
107.41615295410156,
105.92103004455566,
106.47392272949219,
105.79395294189453,
101.86195373535156,
102.60915756225586,
105.78083992004395,
105.39507865905762,
107.50317573547363,
109.0090274810791,
108.59394073486328,
106.74786567687988,
104.93779182434082,
106.17971420288086,
105.3779125213623,
106.05025291442871,
107.54704475402832,
103.17277908325195,
105.35311698913574,
103.83915901184082,
102.50282287597656,
104.7210693359375,
106.57405853271484,
104.97403144836426,
104.70008850097656,
104.07829284667969,
103.97195816040039,
102.19287872314453,
102.50520706176758,
104.04109954833984,
104.75492477416992,
104.5980453491211,
104.9349308013916,
101.39703750610352,
104.41184043884277,
103.68204116821289,
102.01907157897949,
104.30002212524414,
105.14998435974121,
102.8597354888916,
103.06000709533691,
102.97489166259766,
101.46713256835938,
103.53207588195801,
103.81317138671875,
102.7679443359375,
102.93197631835938,
103.55377197265625,
102.20003128051758,
101.69768333435059,
103.85298728942871,
102.15926170349121,
102.62727737426758,
101.95112228393555,
102.00715065002441,
103.69706153869629,
102.03313827514648,
103.1949520111084,
102.27823257446289,
104.33483123779297,
102.19907760620117,
102.47993469238281,
103.47390174865723,
103.64985466003418,
102.91290283203125,
101.42803192138672,
103.49607467651367,
102.72479057312012,
101.54485702514648,
101.35602951049805,
102.71620750427246,
103.07002067565918,
102.75888442993164,
103.19113731384277,
102.21314430236816,
102.03099250793457,
101.90415382385254,
104.4931411743164,
103.28412055969238,
101.90486907958984,
104.09212112426758,
103.52063179016113,
102.09107398986816,
102.19216346740723,
101.96208953857422,
102.52594947814941,
102.90384292602539,
103.01923751831055,
103.33991050720215,
102.55885124206543,
109.33589935302734,
109.88593101501465,
111.73725128173828,
109.79294776916504,
105.64708709716797,
103.5001277923584,
102.4618148803711,
102.51498222351074,
102.58603096008301,
104.65693473815918,
103.0888557434082,
104.71320152282715,
103.3470630645752,
102.59819030761719,
102.10299491882324,
102.73194313049316,
114.97116088867188,
114.52698707580566,
107.1012020111084,
110.73589324951172,
107.79786109924316,
114.7758960723877,
117.04230308532715,
118.6671257019043,
103.0890941619873,
104.19201850891113,
103.29413414001465,
105.5910587310791,
105.91292381286621,
103.90019416809082,
106.24480247497559,
107.59091377258301,
107.60712623596191,
105.87477684020996,
106.10103607177734,
108.42704772949219,
105.73101043701172,
103.6839485168457,
105.69882392883301,
106.83107376098633,
106.29796981811523,
103.38306427001953,
104.34317588806152,
105.91793060302734,
105.30710220336914,
105.48877716064453,
108.11591148376465,
109.13467407226562,
109.17401313781738,
106.3380241394043,
105.8351993560791,
107.45811462402344,
109.75503921508789,
112.60008811950684,
113.29102516174316,
113.10100555419922,
106.77027702331543,
104.5989990234375,
107.50889778137207,
105.10706901550293,
104.2013168334961,
103.45172882080078,
103.32894325256348,
104.97879981994629,
109.96723175048828,
109.84516143798828,
107.56206512451172,
108.75296592712402,
112.5478744506836,
104.77638244628906,
108.47711563110352,
104.47192192077637,
105.2088737487793,
105.30900955200195,
108.94274711608887,
106.34803771972656,
104.66909408569336,
106.65297508239746,
105.15713691711426,
111.55366897583008,
113.12413215637207,
109.20500755310059,
112.18404769897461,
104.27498817443848,
106.58407211303711,
103.20186614990234,
106.51493072509766,
107.37395286560059,
103.6229133605957,
103.50394248962402,
104.35199737548828,
102.77390480041504,
104.04396057128906,
103.14798355102539,
107.71608352661133,
104.5687198638916,
104.92205619812012,
104.92277145385742,
103.60503196716309,
109.06291007995605,
106.56213760375977,
103.73926162719727,
107.05804824829102,
105.69190979003906,
104.78401184082031,
107.17010498046875,
104.60591316223145,
106.97603225708008,
104.13885116577148,
105.31091690063477,
105.24392127990723,
103.8520336151123,
106.86516761779785,
104.1879653930664,
107.26714134216309,
108.46114158630371,
102.80227661132812,
105.19981384277344,
103.54256629943848,
104.5691967010498,
103.6520004272461,
102.69689559936523,
103.42192649841309,
104.6290397644043,
105.51691055297852,
104.80093955993652,
105.47494888305664,
107.82003402709961,
111.92107200622559,
110.71515083312988,
106.05907440185547,
104.28595542907715,
105.1018238067627,
103.39498519897461,
105.2098274230957,
103.19805145263672,
106.62293434143066,
108.31832885742188,
109.05599594116211,
110.81194877624512,
109.63201522827148,
105.65567016601562,
105.61370849609375,
103.84297370910645,
104.29525375366211,
103.60598564147949,
103.68084907531738,
107.54680633544922,
110.08000373840332,
109.18927192687988,
104.0949821472168,
104.93016242980957,
106.25195503234863,
107.51891136169434,
104.59113121032715,
106.54902458190918,
107.97500610351562,
103.84678840637207,
102.85592079162598,
104.86102104187012,
106.43410682678223,
105.92508316040039,
105.40080070495605,
106.09698295593262,
105.59892654418945,
103.94024848937988,
105.87191581726074,
105.06987571716309,
104.93588447570801,
105.68785667419434,
105.00788688659668,
105.82971572875977,
103.65915298461914,
105.23796081542969,
105.82995414733887,
103.69086265563965,
104.25806045532227,
106.05478286743164,
106.0338020324707,
103.6386489868164,
104.5832633972168,
107.22827911376953,
109.954833984375,
110.86416244506836,
107.08403587341309,
105.04293441772461,
105.07702827453613,
106.26912117004395,
105.4830551147461,
105.51118850708008,
105.72481155395508,
103.84917259216309,
106.4310073852539,
105.2560806274414,
106.9037914276123,
107.53297805786133,
107.43212699890137,
105.8950424194336,
105.99184036254883,
107.85198211669922,
107.32531547546387,
108.40082168579102,
108.18600654602051,
105.18288612365723,
104.00891304016113,
103.45077514648438,
106.66990280151367,
105.43704032897949,
106.29987716674805,
106.8868637084961,
108.86788368225098,
105.56411743164062,
107.0857048034668,
108.24823379516602,
106.30393028259277,
106.18329048156738,
106.40192031860352,
110.70990562438965,
108.29019546508789,
110.01014709472656,
105.11112213134766,
103.05166244506836,
108.11972618103027,
119.42291259765625,
113.55280876159668,
117.7358627319336,
118.10898780822754,
111.36794090270996,
118.91794204711914,
122.1170425415039,
110.01133918762207,
105.74102401733398,
110.60786247253418,
111.43684387207031,
103.60503196716309,
104.47287559509277,
110.12697219848633,
105.91387748718262,
107.94973373413086,
107.88297653198242,
113.99316787719727,
110.18109321594238,
105.70216178894043,
110.10885238647461,
110.01110076904297,
111.61303520202637,
104.60972785949707,
111.12213134765625,
104.65288162231445,
104.59089279174805,
103.65986824035645,
110.14676094055176,
105.24702072143555,
107.00106620788574,
107.03492164611816,
102.60772705078125,
103.64389419555664,
104.10690307617188,
103.0418872833252,
104.78997230529785,
104.37822341918945,
102.64229774475098,
104.08377647399902,
105.32784461975098,
105.24106025695801,
103.32632064819336,
104.75516319274902,
103.42001914978027,
103.3179759979248,
105.33404350280762,
108.56795310974121,
106.38785362243652,
105.11016845703125,
103.5912036895752,
104.59399223327637,
102.7669906616211,
104.22205924987793,
103.87802124023438,
102.47182846069336,
103.87516021728516,
106.58884048461914,
105.99493980407715,
105.56316375732422,
105.70478439331055,
105.34000396728516,
107.79023170471191,
105.07822036743164,
104.32600975036621,
107.48171806335449,
105.54909706115723,
104.73799705505371,
105.20815849304199,
105.63421249389648,
105.57413101196289,
102.69999504089355,
104.83717918395996,
104.2778491973877,
106.7647933959961,
102.93698310852051,
106.82892799377441,
104.65097427368164,
104.27212715148926,
103.5161018371582,
105.61800003051758,
105.0271987915039,
104.99691963195801,
106.28509521484375,
104.1407585144043,
104.6137809753418,
106.4460277557373,
105.17716407775879,
105.80301284790039,
107.2239875793457,
105.80992698669434,
107.91587829589844,
107.80501365661621,
107.17988014221191,
107.88989067077637,
107.27286338806152,
106.89616203308105,
107.05184936523438,
105.24106025695801,
105.19599914550781,
105.01980781555176,
102.96392440795898,
104.80785369873047,
104.69484329223633,
107.89084434509277,
104.37679290771484,
103.93214225769043,
109.44366455078125,
103.90686988830566,
104.57968711853027,
105.37004470825195,
104.07280921936035,
104.89702224731445,
105.07512092590332,
104.79593276977539,
105.57889938354492,
106.3230037689209,
106.2777042388916,
105.13806343078613,
106.79101943969727,
104.74705696105957,
107.91802406311035,
109.81297492980957,
109.77983474731445,
105.97825050354004,
108.92200469970703,
106.9791316986084,
104.99191284179688,
108.0331802368164,
104.92706298828125,
107.69796371459961,
105.90314865112305,
105.43203353881836,
104.45308685302734,
105.46684265136719,
104.30383682250977,
105.2851676940918,
104.60090637207031,
104.68101501464844,
105.15308380126953,
107.2990894317627,
107.29765892028809,
104.56705093383789,
104.16102409362793,
106.79411888122559,
105.45825958251953,
107.14507102966309,
107.03587532043457,
107.73396492004395,
110.02779006958008,
105.9579849243164,
107.12289810180664,
104.65192794799805,
106.39476776123047,
105.15618324279785,
107.24401473999023,
106.88209533691406,
107.54609107971191,
108.18791389465332,
108.86502265930176,
109.01403427124023,
110.94975471496582,
108.26921463012695,
106.9939136505127,
108.48689079284668,
107.55801200866699,
107.54704475402832,
106.08911514282227,
104.91800308227539,
105.4379940032959,
105.27205467224121,
105.21912574768066,
107.17606544494629,
104.28214073181152,
107.35106468200684,
106.719970703125,
109.40074920654297,
107.70297050476074,
106.45294189453125,
106.04596138000488,
105.52096366882324,
106.29081726074219,
104.81619834899902,
106.02688789367676,
108.12211036682129,
107.24020004272461,
106.05692863464355,
108.61897468566895,
110.30077934265137,
111.47809028625488,
109.83085632324219,
111.47189140319824,
109.13419723510742,
108.36577415466309,
105.33714294433594,
110.81290245056152,
107.53512382507324,
103.87301445007324,
106.3532829284668,
106.56118392944336,
105.41796684265137,
103.94811630249023,
105.71408271789551,
106.54497146606445,
106.41813278198242,
104.69293594360352,
103.58285903930664,
103.90686988830566,
104.00199890136719,
105.15594482421875,
105.03292083740234,
104.05206680297852,
107.30695724487305,
106.83012008666992,
105.75366020202637,
106.41288757324219,
106.53209686279297,
105.82900047302246,
105.89170455932617,
104.55894470214844,
105.03792762756348,
106.21309280395508,
103.92999649047852,
106.71710968017578,
105.06319999694824,
104.24184799194336,
108.49404335021973,
107.11193084716797,
108.78205299377441,
104.71796989440918,
103.92904281616211,
104.63571548461914,
106.89997673034668,
103.76572608947754,
103.95121574401855,
103.07598114013672,
104.6152114868164,
103.49106788635254,
106.52422904968262,
103.4550666809082,
106.22000694274902,
108.82902145385742,
105.11612892150879,
103.79290580749512,
103.76405715942383,
105.02076148986816,
107.10716247558594,
104.13599014282227,
104.3710708618164,
104.36701774597168,
104.69198226928711,
105.07607460021973,
106.30512237548828,
105.82494735717773,
106.90689086914062,
107.56206512451172,
107.89704322814941,
104.55584526062012,
104.59494590759277,
103.45697402954102,
106.8580150604248,
106.719970703125,
106.49299621582031,
106.20784759521484,
104.53915596008301,
104.0339469909668,
106.84895515441895,
104.98309135437012,
104.33506965637207,
103.27672958374023,
105.42607307434082,
103.65533828735352,
104.71606254577637,
106.0490608215332,
105.76200485229492,
104.13789749145508,
104.82597351074219,
105.56507110595703,
105.07392883300781,
106.29010200500488,
104.67815399169922,
104.83312606811523,
103.57975959777832,
104.61902618408203,
106.05192184448242,
104.5079231262207,
104.5539379119873,
106.0481071472168,
104.4149398803711,
109.27009582519531,
112.97297477722168,
107.43975639343262,
109.82203483581543,
108.94107818603516,
105.6818962097168,
105.61418533325195,
104.57420349121094,
104.81905937194824,
106.18805885314941,
106.19425773620605,
107.1627140045166,
104.12478446960449,
104.58016395568848,
107.56516456604004,
106.11605644226074,
104.10404205322266,
103.70492935180664,
107.61785507202148,
107.68413543701172,
105.6511402130127,
105.87120056152344,
107.0556640625,
106.25910758972168,
106.52804374694824,
108.02888870239258,
107.71918296813965,
108.7188720703125,
106.94599151611328,
105.93819618225098,
110.4118824005127,
111.12189292907715,
104.39085960388184,
103.7130355834961,
107.76114463806152,
107.69391059875488,
108.38985443115234,
110.12887954711914,
108.73889923095703,
107.06496238708496,
106.17208480834961,
107.79595375061035,
107.47599601745605,
106.29677772521973,
106.50181770324707,
108.0782413482666,
110.62002182006836,
105.89790344238281,
106.05072975158691,
107.91397094726562,
106.903076171875,
104.02321815490723,
103.25312614440918,
103.98602485656738,
109.59005355834961,
110.62312126159668,
106.88495635986328,
109.07483100891113,
110.27193069458008,
106.32777214050293,
107.33485221862793,
104.34269905090332,
105.61895370483398,
108.51788520812988,
105.41486740112305,
106.31990432739258,
106.9178581237793,
105.9110164642334,
110.5949878692627,
108.02412033081055,
106.40883445739746,
106.0638427734375,
105.32093048095703,
104.28285598754883,
104.11810874938965,
102.37002372741699,
103.97100448608398,
104.62617874145508,
115.62800407409668,
118.51882934570312,
106.55498504638672,
105.91506958007812,
104.02703285217285,
106.16874694824219,
113.89422416687012,
113.13891410827637,
104.2330265045166,
105.33809661865234,
111.79876327514648,
118.40510368347168,
104.88080978393555,
103.43813896179199,
102.71501541137695,
102.50115394592285,
106.05192184448242,
105.22699356079102,
106.32085800170898,
104.06708717346191,
105.51977157592773,
108.15191268920898,
107.27810859680176,
107.81693458557129,
104.76803779602051,
108.56008529663086,
111.59706115722656,
102.06484794616699,
103.10697555541992,
104.62784767150879,
104.48098182678223,
108.2770824432373,
111.76109313964844,
107.17177391052246,
108.7040901184082,
107.59377479553223,
107.41114616394043,
106.26602172851562,
105.81707954406738,
106.5068244934082,
105.03196716308594,
104.42996025085449,
105.20482063293457,
106.58407211303711,
107.25188255310059,
105.89981079101562,
105.22794723510742,
109.88473892211914,
108.95204544067383,
109.07697677612305,
110.35013198852539,
112.81013488769531,
103.82699966430664,
104.68387603759766,
105.78203201293945,
106.76717758178711,
102.93984413146973,
103.8048267364502,
105.7898998260498,
104.20465469360352,
105.23605346679688,
108.02912712097168,
109.30705070495605,
106.83321952819824,
104.25806045532227,
105.3926944732666,
104.68006134033203,
106.17375373840332,
104.67410087585449,
104.55989837646484,
104.36582565307617,
104.25806045532227,
107.02991485595703,
103.87778282165527,
104.43735122680664,
105.47924041748047,
105.47256469726562,
104.69985008239746,
104.7060489654541,
104.33793067932129,
103.42216491699219,
105.02982139587402,
103.92379760742188,
103.86776924133301,
103.90925407409668,
104.59208488464355,
104.52795028686523,
103.55997085571289,
105.72600364685059,
105.78680038452148,
106.2779426574707,
105.11898994445801,
104.30407524108887,
104.94112968444824,
103.71708869934082,
104.19201850891113,
103.98507118225098,
106.79984092712402,
104.32600975036621,
104.51579093933105,
103.79791259765625,
105.54885864257812,
104.58183288574219,
102.9503345489502,
102.84113883972168,
103.63578796386719,
105.24106025695801,
104.75325584411621,
102.81801223754883,
103.57403755187988,
103.01876068115234,
103.07097434997559,
105.9410572052002,
107.58399963378906,
104.78496551513672,
103.59072685241699,
103.8048267364502,
104.85601425170898,
104.51579093933105,
110.46791076660156,
102.77605056762695,
104.62212562561035,
113.24477195739746,
111.2220287322998,
103.93500328063965,
105.48901557922363,
103.07145118713379,
104.45117950439453,
104.57897186279297,
103.36422920227051,
105.22198677062988,
105.19218444824219,
111.9530200958252,
108.26992988586426,
118.8201904296875,
118.51882934570312,
112.45894432067871,
109.68875885009766,
104.95376586914062,
102.6618480682373,
104.2320728302002,
104.2628288269043,
104.38418388366699,
105.35907745361328,
105.56888580322266,
118.09921264648438,
117.78903007507324,
117.81597137451172,
116.31894111633301,
105.21411895751953,
104.74300384521484,
104.64310646057129,
103.76787185668945,
105.67116737365723,
106.60719871520996,
109.86018180847168,
109.77411270141602,
109.25507545471191,
111.81116104125977,
105.60321807861328,
103.67894172668457,
106.37688636779785,
103.52921485900879,
104.8731803894043,
107.11288452148438,
108.20817947387695,
107.33699798583984,
106.1248779296875,
107.14912414550781,
105.30900955200195,
104.61783409118652,
103.96909713745117,
103.82294654846191,
105.45802116394043,
106.19378089904785,
112.51020431518555,
106.42409324645996,
107.07306861877441,
107.73921012878418,
105.89909553527832,
106.58717155456543,
105.03911972045898,
105.53479194641113,
104.09903526306152,
106.2772274017334,
104.57587242126465,
105.37886619567871,
107.70201683044434,
111.55891418457031,
111.79280281066895,
104.55775260925293,
105.19099235534668,
106.53400421142578,
106.2307357788086,
107.41710662841797,
108.59489440917969,
103.82199287414551,
107.1009635925293,
104.93206977844238,
103.52826118469238,
107.99908638000488,
107.81002044677734,
107.47313499450684,
109.18211936950684,
103.9268970489502,
103.59668731689453,
105.23581504821777,
109.35711860656738,
107.09500312805176,
111.17100715637207,
105.24892807006836,
107.38897323608398,
106.8580150604248,
105.99303245544434,
107.13696479797363,
103.72781753540039,
107.24210739135742,
108.5970401763916,
108.12902450561523,
109.74526405334473,
103.06310653686523,
105.87787628173828,
102.5998592376709,
104.02297973632812,
105.55601119995117,
105.81588745117188,
104.79903221130371,
103.87992858886719,
108.2911491394043,
107.69081115722656,
104.50577735900879,
106.23407363891602,
106.8410873413086,
104.86674308776855,
105.32498359680176,
103.69491577148438,
105.03578186035156,
103.88922691345215,
103.64079475402832,
106.07194900512695,
108.24108123779297,
107.34701156616211,
110.11934280395508,
108.428955078125,
109.11202430725098,
110.37373542785645,
111.46116256713867,
106.06694221496582,
107.38420486450195,
108.23607444763184,
110.20803451538086,
109.66014862060547,
106.32681846618652,
104.01487350463867,
104.72989082336426,
103.91402244567871,
103.9731502532959,
106.55689239501953,
105.52382469177246,
103.30700874328613,
104.79307174682617,
106.25386238098145,
106.4150333404541,
106.60099983215332,
104.37679290771484,
103.84511947631836,
106.47702217102051,
107.91802406311035,
104.67815399169922,
105.93295097351074,
106.50992393493652,
107.2850227355957,
109.44986343383789,
107.19609260559082,
107.10501670837402,
108.31308364868164,
109.37285423278809,
105.92389106750488,
106.67085647583008,
108.0629825592041,
104.48002815246582,
112.60008811950684,
109.37809944152832,
104.47001457214355,
104.09426689147949,
103.49297523498535,
102.82111167907715,
104.66384887695312,
103.25312614440918,
107.21182823181152,
107.8939437866211,
104.33578491210938,
107.82313346862793,
105.13591766357422,
111.48285865783691,
105.61513900756836,
104.86197471618652,
103.84011268615723,
105.97085952758789,
106.1561107635498,
107.41519927978516,
105.81183433532715,
105.85284233093262,
104.7818660736084,
105.39889335632324,
117.74206161499023,
107.21111297607422,
106.33492469787598,
106.99295997619629,
108.76226425170898,
107.05375671386719,
107.32007026672363,
104.07304763793945,
104.82001304626465,
106.42194747924805,
106.24980926513672,
105.90386390686035,
104.75516319274902,
106.3232421875,
106.30512237548828,
105.24225234985352,
107.27190971374512,
111.1299991607666,
113.19398880004883,
113.81196975708008,
110.11195182800293,
105.30805587768555,
105.35192489624023,
107.36894607543945,
104.91585731506348,
103.14583778381348,
118.02124977111816,
121.98185920715332,
110.64910888671875,
121.2770938873291,
116.38522148132324,
122.8940486907959,
114.72582817077637,
124.70722198486328,
104.49624061584473,
105.89385032653809,
104.9811840057373,
108.90603065490723,
107.25712776184082,
109.19594764709473,
120.29385566711426,
131.0288906097412,
119.45414543151855,
121.91009521484375,
111.5109920501709,
131.1938762664795,
120.85890769958496,
121.73604965209961,
112.94198036193848,
120.6362247467041,
121.07491493225098,
119.44413185119629,
111.78803443908691,
121.90008163452148,
135.3628635406494,
107.3908805847168,
108.2460880279541,
105.37481307983398,
123.69894981384277,
126.93929672241211,
104.43782806396484,
103.9578914642334,
105.47494888305664,
103.01899909973145,
105.41415214538574,
106.48298263549805,
104.78901863098145,
107.76805877685547,
105.91578483581543,
105.2851676940918,
107.2540283203125,
102.95319557189941,
104.43305969238281,
106.9939136505127,
116.20020866394043,
123.58593940734863,
102.54192352294922,
105.57889938354492,
106.13298416137695,
106.78696632385254,
104.83288764953613,
108.55913162231445,
108.03794860839844,
108.2010269165039,
109.81893539428711,
110.35299301147461,
110.03899574279785,
107.36203193664551,
107.56182670593262,
108.64591598510742,
109.31086540222168,
109.73501205444336,
107.64908790588379,
109.45916175842285,
104.01105880737305,
104.83264923095703,
111.07015609741211,
110.81099510192871,
110.6257438659668,
113.06381225585938,
113.88683319091797,
111.77587509155273,
107.26022720336914,
110.60190200805664,
112.05816268920898,
108.7191104888916,
110.31889915466309,
112.67900466918945,
112.47682571411133,
107.07306861877441,
115.77200889587402,
105.96919059753418,
104.62498664855957,
104.65216636657715,
108.49404335021973,
111.71722412109375,
112.77103424072266,
108.60300064086914,
110.36396026611328,
104.28524017333984,
107.50102996826172,
108.1399917602539,
106.31990432739258,
106.1251163482666,
104.8288345336914,
109.48395729064941,
108.98709297180176,
106.13203048706055,
105.49807548522949,
109.60793495178223,
107.63382911682129,
110.07308959960938,
103.8370132446289,
104.76803779602051,
104.46596145629883,
105.6671142578125,
105.70597648620605,
104.82215881347656,
107.29503631591797,
106.61792755126953,
105.7579517364502,
107.50913619995117,
107.49578475952148,
108.39200019836426,
105.3619384765625,
108.08205604553223,
108.97994041442871,
105.16977310180664,
106.15420341491699,
105.08227348327637,
105.96704483032227,
103.3470630645752,
104.35891151428223,
105.12733459472656,
103.3029556274414,
106.2626838684082,
104.28285598754883,
108.60490798950195,
110.60404777526855,
111.9081974029541,
111.72318458557129,
109.87281799316406,
112.68210411071777,
106.45413398742676,
110.59308052062988,
107.19990730285645,
111.67287826538086,
107.27906227111816,
106.15396499633789,
105.85808753967285,
108.88791084289551,
102.47397422790527,
106.04286193847656,
104.36606407165527,
104.12025451660156,
109.65991020202637,
106.86898231506348,
109.40289497375488,
106.9498062133789,
115.18001556396484,
112.98775672912598,
116.30487442016602,
111.12284660339355,
109.92097854614258,
112.81085014343262,
106.70208930969238,
107.48696327209473,
108.23988914489746,
107.12599754333496,
107.7108383178711,
103.89900207519531,
110.91899871826172,
105.51905632019043,
109.97891426086426,
107.99193382263184,
108.81495475769043,
105.84592819213867,
106.72521591186523,
104.63094711303711,
104.86173629760742,
105.68499565124512,
105.63302040100098,
106.46915435791016,
104.45880889892578,
108.7789535522461,
109.01594161987305,
104.49600219726562,
110.86010932922363,
112.62226104736328,
113.40713500976562,
104.60186004638672,
114.32909965515137,
106.21905326843262,
107.80096054077148,
105.82399368286133,
105.3919792175293,
105.22294044494629,
106.61125183105469,
107.64598846435547,
107.00488090515137,
106.40788078308105,
105.6370735168457,
106.98390007019043,
108.2301139831543,
107.56802558898926,
104.43520545959473,
105.14497756958008,
106.94718360900879,
105.44300079345703,
107.45906829833984,
111.08779907226562,
106.25505447387695,
105.44419288635254,
107.3462963104248,
105.28182983398438,
106.25362396240234,
106.07314109802246,
108.43992233276367,
104.827880859375,
104.95615005493164,
106.69493675231934,
110.01181602478027,
107.55586624145508,
107.10906982421875,
108.71481895446777,
110.44812202453613,
110.86797714233398,
112.58292198181152,
104.71415519714355,
106.03904724121094,
103.45911979675293,
109.27200317382812,
114.35389518737793,
115.25607109069824,
115.0510311126709,
118.14403533935547,
110.31126976013184,
113.13223838806152,
114.24803733825684,
113.42191696166992,
106.77099227905273,
105.33595085144043,
112.57195472717285,
104.2029857635498,
115.95702171325684,
113.04497718811035,
105.00812530517578,
104.77495193481445,
105.36885261535645,
104.83098030090332,
104.56323623657227,
105.11302947998047,
106.21404647827148,
105.79800605773926,
105.72218894958496,
113.77596855163574,
105.82399368286133,
105.65185546875,
104.40492630004883,
104.94399070739746,
106.84895515441895,
105.42011260986328,
105.97896575927734,
103.07884216308594,
106.49800300598145,
103.17111015319824,
104.6912670135498,
103.2872200012207,
103.23524475097656,
104.54297065734863,
103.93786430358887,
106.07099533081055,
104.91704940795898,
102.64205932617188,
104.0639877319336,
102.5998592376709,
103.38091850280762,
104.9489974975586,
104.66408729553223,
102.4787425994873,
103.03497314453125,
101.94921493530273,
103.6839485168457,
102.86188125610352,
102.95510292053223,
101.79615020751953,
103.33013534545898,
103.04784774780273,
104.00795936584473,
104.92682456970215,
104.74514961242676,
101.88007354736328,
103.00397872924805,
101.9582748413086,
102.8587818145752,
102.75816917419434,
103.81293296813965,
104.46500778198242,
104.68292236328125,
107.42616653442383,
107.63812065124512,
104.62117195129395,
103.60479354858398,
103.23691368103027,
103.78384590148926,
104.1569709777832,
104.0811538696289,
105.38792610168457,
103.35111618041992,
103.27792167663574,
106.11820220947266,
103.60503196716309,
105.92985153198242,
104.50601577758789,
105.09800910949707,
104.92372512817383,
105.75008392333984,
106.50420188903809,
104.05778884887695,
104.55513000488281,
104.85100746154785,
109.41195487976074,
109.50398445129395,
110.03804206848145,
110.00204086303711,
104.9489974975586,
104.76207733154297,
108.43420028686523,
107.43403434753418,
111.57488822937012,
107.03325271606445,
106.94599151611328,
109.91382598876953,
109.64202880859375,
106.87804222106934,
105.06868362426758,
106.47201538085938,
104.81381416320801,
104.45404052734375,
106.54616355895996,
107.8641414642334,
104.78591918945312,
103.30319404602051,
105.3929328918457,
107.15484619140625,
106.11629486083984,
106.16683959960938,
106.78815841674805,
111.85407638549805,
107.32817649841309,
105.72099685668945,
103.47485542297363,
105.20410537719727,
105.93104362487793,
105.0419807434082,
104.42018508911133,
107.91921615600586,
109.56907272338867,
110.57305335998535,
109.85493659973145,
109.93790626525879,
107.09571838378906,
105.30900955200195,
103.6369800567627,
104.42399978637695,
109.34710502624512,
107.10811614990234,
103.86824607849121,
105.72314262390137,
103.1038761138916,
103.08504104614258,
103.95097732543945,
114.29929733276367,
114.51888084411621,
113.03400993347168,
113.64412307739258,
116.78886413574219,
114.06898498535156,
107.97405242919922,
111.04893684387207,
106.6281795501709,
108.39986801147461,
109.03596878051758,
108.7942123413086,
109.9710464477539,
109.59506034851074,
109.18211936950684,
106.77886009216309,
108.73103141784668,
105.72314262390137,
106.9481372833252,
106.09006881713867,
105.8340072631836,
105.65018653869629,
106.47082328796387,
106.07695579528809,
106.77075386047363,
108.70194435119629,
108.51621627807617,
107.92899131774902,
111.71317100524902,
112.1511459350586,
107.67292976379395,
107.27667808532715,
107.87487030029297,
107.69104957580566,
109.88616943359375,
109.97605323791504,
113.52300643920898,
113.85607719421387,
113.36207389831543,
107.22827911376953,
103.9438247680664,
103.37185859680176,
104.64596748352051,
105.70502281188965,
105.01718521118164,
106.45794868469238,
104.31694984436035,
105.96394538879395,
103.73473167419434,
107.19418525695801,
103.69706153869629,
106.60195350646973,
103.71804237365723,
102.92506217956543,
103.18493843078613,
105.66282272338867,
104.88700866699219,
107.40995407104492,
104.49838638305664,
106.33015632629395,
105.22913932800293,
105.67903518676758,
104.07185554504395,
103.63888740539551,
103.12700271606445,
103.74689102172852,
104.52508926391602,
109.49039459228516,
104.33101654052734,
102.67472267150879,
104.4149398803711,
103.9581298828125,
103.02495956420898,
103.33490371704102,
104.57396507263184,
102.96320915222168,
102.43678092956543,
103.01995277404785,
102.29825973510742,
102.84209251403809,
101.84907913208008,
103.99413108825684,
102.32901573181152,
102.42986679077148,
102.67472267150879,
102.74672508239746,
102.83493995666504,
102.77199745178223,
102.35810279846191,
103.46174240112305,
104.11477088928223,
101.46474838256836,
102.98490524291992,
103.34491729736328,
104.1111946105957,
103.2571792602539,
103.7588119506836,
102.5698184967041,
102.13708877563477,
103.85727882385254,
106.43792152404785,
105.03339767456055,
105.04698753356934,
105.2541732788086,
103.33085060119629,
103.3012866973877,
103.08194160461426,
105.38506507873535,
103.31320762634277,
104.27379608154297,
103.9118766784668,
104.51412200927734,
104.79998588562012,
104.02894020080566,
102.56600379943848,
105.63993453979492,
104.5081615447998,
105.07011413574219,
103.40213775634766,
103.65486145019531,
103.81579399108887,
114.54224586486816,
102.84590721130371,
102.86402702331543,
105.57889938354492,
103.27816009521484,
103.32107543945312,
103.80697250366211,
106.86302185058594,
106.49776458740234,
107.67793655395508,
107.5739860534668,
107.8636646270752,
110.69703102111816,
110.66412925720215,
109.70091819763184,
105.39078712463379,
109.85088348388672,
105.06892204284668,
105.38816452026367,
104.91514205932617,
103.96599769592285,
104.28690910339355,
104.47120666503906,
104.10904884338379,
103.15108299255371,
103.84726524353027,
107.88083076477051,
109.00402069091797,
108.53719711303711,
103.86109352111816,
103.6679744720459,
104.00986671447754,
105.21912574768066,
104.88510131835938,
113.23213577270508,
113.54994773864746,
115.74912071228027,
103.92189025878906,
103.51204872131348,
104.43806648254395,
103.89494895935059,
103.66392135620117,
103.77001762390137,
103.91020774841309,
104.12788391113281,
102.41103172302246,
104.55703735351562,
106.74095153808594,
107.37729072570801,
105.81612586975098,
108.44612121582031,
105.84497451782227,
104.71105575561523,
103.44791412353516,
104.58922386169434,
102.78201103210449,
103.3179759979248,
103.07693481445312,
104.48575019836426,
104.18295860290527,
102.4777889251709,
104.8579216003418,
104.11620140075684,
105.22127151489258,
106.98890686035156,
106.76813125610352,
107.74588584899902,
102.77605056762695,
104.90918159484863,
103.96218299865723,
104.59494590759277,
103.98292541503906,
103.72209548950195,
102.54788398742676,
104.2318344116211,
105.03315925598145,
103.9128303527832,
102.45680809020996,
104.41422462463379,
104.94422912597656,
104.79593276977539,
105.96799850463867,
106.4150333404541,
105.9269905090332,
107.98192024230957,
108.68501663208008,
105.53407669067383,
104.59208488464355,
106.31299018859863,
104.18891906738281,
105.41391372680664,
105.75318336486816,
104.96401786804199,
105.07011413574219,
106.19783401489258,
106.12893104553223,
105.92508316040039,
106.89306259155273,
104.51984405517578,
106.05478286743164,
105.62372207641602,
106.25410079956055,
104.87985610961914,
104.40301895141602,
106.7192554473877,
105.16095161437988,
103.15799713134766,
103.1029224395752,
106.14991188049316,
104.69388961791992,
104.95996475219727,
104.37870025634766,
106.00900650024414,
107.28216171264648,
104.99191284179688,
104.01082038879395,
107.26022720336914,
107.06424713134766,
106.16302490234375,
107.89203643798828,
105.67903518676758,
104.76112365722656,
103.87492179870605,
104.48622703552246,
103.7139892578125,
105.51214218139648,
105.84402084350586,
107.71584510803223,
108.96992683410645,
108.51311683654785,
109.1761589050293,
105.712890625,
107.54108428955078,
107.3908805847168,
104.29787635803223,
105.4837703704834,
105.40008544921875,
105.28993606567383,
104.83193397521973,
105.56221008300781,
106.07528686523438,
106.09102249145508,
103.13820838928223,
105.91411590576172,
102.91886329650879,
104.72917556762695,
105.1020622253418,
106.7650318145752,
105.19814491271973,
104.66527938842773,
106.25982284545898,
105.48186302185059,
107.27190971374512,
105.5910587310791,
105.0870418548584,
104.92610931396484,
108.77180099487305,
105.90720176696777,
103.8198471069336,
106.26220703125,
104.96187210083008,
106.17184638977051,
106.09793663024902,
105.28898239135742,
106.58693313598633,
105.73601722717285,
104.17604446411133,
103.3790111541748,
104.45618629455566,
103.56903076171875,
103.7287712097168,
103.5909652709961,
105.38005828857422,
104.06613349914551,
106.35209083557129,
103.06906700134277,
105.47614097595215,
104.90226745605469,
104.55608367919922,
104.78425025939941,
104.35605049133301,
104.34103012084961,
103.18803787231445,
103.24311256408691,
102.90694236755371,
106.49609565734863,
102.91695594787598,
105.58485984802246,
104.59423065185547,
105.29589653015137,
105.90004920959473,
104.15291786193848,
103.63197326660156,
104.0349006652832,
104.54678535461426,
102.78606414794922,
106.96196556091309,
106.56309127807617,
105.32999038696289,
104.1860580444336,
107.47909545898438,
104.248046875,
108.85214805603027,
110.48579216003418,
110.27193069458008,
107.49292373657227,
106.35900497436523,
103.24215888977051,
104.09307479858398,
104.31408882141113,
105.44204711914062,
107.03015327453613,
106.91285133361816,
112.48993873596191,
117.2938346862793,
112.97416687011719,
118.51692199707031,
105.60798645019531,
108.23893547058105,
105.82327842712402,
104.54916954040527,
106.75787925720215,
106.56404495239258,
108.23869705200195,
106.60099983215332,
108.28399658203125,
104.15005683898926,
103.52110862731934,
105.73720932006836,
104.51579093933105,
104.6442985534668,
108.27898979187012,
105.11207580566406,
106.67586326599121,
103.51014137268066,
106.71186447143555,
115.30208587646484,
104.30598258972168,
103.15990447998047,
104.42805290222168,
104.2628288269043,
103.98411750793457,
104.94780540466309,
107.80906677246094,
107.94901847839355,
106.0190200805664,
104.82501983642578,
108.94322395324707,
105.3769588470459,
105.97896575927734,
105.12304306030273,
103.17111015319824,
104.82597351074219,
104.52795028686523,
105.52382469177246,
108.26539993286133,
106.82892799377441,
110.59784889221191,
107.70583152770996,
110.33391952514648,
107.68008232116699,
105.31806945800781,
105.21411895751953,
104.4149398803711,
103.14083099365234,
105.04293441772461,
104.50577735900879,
104.4921875,
108.70003700256348,
108.81805419921875,
108.39080810546875,
108.29782485961914,
110.2290153503418,
107.58185386657715,
104.40278053283691,
105.59988021850586,
106.16302490234375,
104.87198829650879,
103.6829948425293,
104.49385643005371,
113.69895935058594,
111.66191101074219,
113.36302757263184,
113.71612548828125,
114.04609680175781,
110.51297187805176,
114.78710174560547,
109.7252368927002,
103.83391380310059,
104.26664352416992,
106.55832290649414,
107.31720924377441,
104.2330265045166,
109.84921455383301,
110.0916862487793,
109.59792137145996,
106.36711120605469,
104.78615760803223,
107.4519157409668,
103.48701477050781,
105.44109344482422,
107.64479637145996,
103.37710380554199,
103.87396812438965,
103.35326194763184,
104.58803176879883,
107.26714134216309,
106.58693313598633,
106.81891441345215,
107.38682746887207,
107.18727111816406,
105.00001907348633,
102.83613204956055,
103.97124290466309,
103.28006744384766,
106.63104057312012,
107.18417167663574,
105.59272766113281,
104.25066947937012,
106.3392162322998,
105.05104064941406,
109.40408706665039,
108.99519920349121,
106.56595230102539,
108.34312438964844,
105.10587692260742,
105.44204711914062,
103.38807106018066,
103.31010818481445,
104.72273826599121,
105.27586936950684,
104.63905334472656,
104.47907447814941,
102.65517234802246,
104.89392280578613,
104.65192794799805,
104.51507568359375,
102.90694236755371,
105.18193244934082,
104.21919822692871,
104.19774055480957,
102.30779647827148,
104.24113273620605,
103.8661003112793,
103.92093658447266,
103.96504402160645,
103.78170013427734,
103.33609580993652,
104.5529842376709,
103.46603393554688,
103.53302955627441,
103.912353515625,
103.94096374511719,
106.35089874267578,
103.58786582946777,
105.56888580322266,
104.32195663452148,
103.37519645690918,
103.76095771789551,
103.24811935424805,
103.51896286010742,
104.57515716552734,
104.21395301818848,
103.56783866882324,
103.09314727783203,
103.26719284057617,
102.93769836425781,
104.27689552307129,
102.6160717010498,
104.37989234924316,
105.59892654418945,
105.56697845458984,
107.01417922973633,
105.44991493225098,
106.16707801818848,
106.14991188049316,
105.66020011901855,
106.21476173400879,
105.28111457824707,
103.5928726196289,
104.21395301818848,
104.93302345275879,
104.80284690856934,
104.42495346069336,
103.05428504943848,
104.55203056335449,
103.04784774780273,
102.95987129211426,
105.9110164642334,
103.67298126220703,
104.45380210876465,
103.37996482849121,
103.05571556091309,
103.05213928222656,
102.79107093811035,
103.76882553100586,
103.26194763183594,
105.39793968200684,
105.29303550720215,
107.26690292358398,
108.09993743896484,
104.80308532714844,
104.86602783203125,
104.8898696899414,
105.71527481079102,
107.72395133972168,
106.74595832824707,
105.95989227294922,
104.3698787689209,
103.09004783630371,
104.4471263885498,
103.11698913574219,
104.54511642456055,
103.93309593200684,
104.87508773803711,
103.04999351501465,
103.92284393310547,
104.86626625061035,
104.9962043762207,
103.76572608947754,
103.16681861877441,
106.33087158203125,
105.59296607971191,
106.62508010864258,
105.29398918151855,
104.09116744995117,
107.01537132263184,
105.63826560974121,
104.0658950805664,
103.98387908935547,
104.97426986694336,
104.25496101379395,
106.03690147399902,
105.1337718963623,
106.32610321044922,
107.79213905334473,
102.96225547790527,
104.87484931945801,
106.2018871307373,
108.03604125976562,
105.90624809265137,
105.20815849304199,
106.08625411987305,
106.75263404846191,
106.45294189453125,
107.58399963378906,
107.4831485748291,
106.7042350769043,
106.14395141601562,
107.03516006469727,
108.82997512817383,
105.9260368347168,
104.46786880493164,
107.3911190032959,
105.377197265625,
108.78968238830566,
106.81319236755371,
103.80291938781738,
103.97887229919434,
104.62188720703125,
103.94501686096191,
105.31497001647949,
106.39691352844238,
106.35209083557129,
105.8039665222168,
107.1159839630127,
105.36313056945801,
104.38394546508789,
104.39515113830566,
105.30900955200195,
103.60503196716309,
104.2182445526123,
105.37290573120117,
105.47614097595215,
106.55784606933594,
106.44197463989258,
103.57117652893066,
104.86078262329102,
106.59503936767578,
108.7191104888916,
108.55770111083984,
106.16922378540039,
112.53571510314941,
104.75492477416992,
112.74218559265137,
104.25400733947754,
107.29694366455078,
103.7590503692627,
105.39007186889648,
103.87921333312988,
105.71908950805664,
105.1938533782959,
105.72266578674316,
104.32600975036621,
105.0417423248291,
103.14011573791504,
102.64396667480469,
105.03292083740234,
104.49504852294922,
104.40492630004883,
104.41279411315918,
103.19995880126953,
103.81317138671875,
103.8520336151123,
103.7299633026123,
102.47516632080078,
104.2170524597168,
104.97617721557617,
105.84712028503418,
103.47390174865723,
103.99723052978516,
106.38093948364258,
104.17413711547852,
105.30304908752441,
104.38990592956543,
106.65488243103027,
105.63993453979492,
105.7429313659668,
103.79290580749512,
106.46510124206543,
107.11002349853516,
106.96601867675781,
105.23271560668945,
105.54718971252441,
103.83367538452148,
103.8508415222168,
104.85577583312988,
106.80198669433594,
105.65710067749023,
103.94287109375,
104.4318675994873,
103.83105278015137,
106.70709609985352,
103.82795333862305,
104.90703582763672,
103.58023643493652,
104.57015037536621,
103.76191139221191,
106.46486282348633,
104.21085357666016,
105.0567626953125,
105.33595085144043,
104.19607162475586,
105.05509376525879,
106.91189765930176,
107.9261302947998,
107.4209213256836,
108.22296142578125,
107.40184783935547,
103.7130355834961,
105.6220531463623,
105.14116287231445,
107.39803314208984,
105.62801361083984,
104.83884811401367,
106.78887367248535,
107.50985145568848,
103.38187217712402,
106.49704933166504,
104.23445701599121,
106.91213607788086,
109.66706275939941,
106.01806640625,
104.40206527709961,
105.88812828063965,
110.06784439086914,
110.57424545288086,
105.68976402282715,
107.10692405700684,
104.17485237121582,
105.85188865661621,
106.8117618560791,
106.3089370727539,
108.67691040039062,
106.24098777770996,
108.86907577514648,
104.0639877319336,
107.11216926574707,
104.35199737548828,
109.11297798156738,
109.01498794555664,
110.1388931274414,
111.31811141967773,
107.67006874084473,
104.64715957641602,
107.50007629394531,
106.32681846618652,
110.76903343200684,
113.93404006958008,
111.09113693237305,
106.27102851867676,
106.04214668273926,
108.5357666015625,
105.32808303833008,
105.71718215942383,
106.79101943969727,
105.49402236938477,
106.72831535339355,
103.71828079223633,
104.9048900604248,
105.53598403930664,
105.61609268188477,
108.07085037231445,
106.38022422790527,
103.97791862487793,
105.90672492980957,
105.36789894104004,
105.4236888885498,
108.06918144226074,
107.93614387512207,
107.31387138366699,
104.43496704101562,
107.12695121765137,
106.68730735778809,
105.35097122192383,
106.72307014465332,
106.65082931518555,
102.85711288452148,
107.0258617401123,
104.83217239379883,
106.0800552368164,
111.55509948730469,
113.69991302490234,
111.83786392211914,
115.68307876586914,
115.92602729797363,
117.55108833312988,
116.22309684753418,
120.06282806396484,
132.98916816711426,
129.70280647277832,
134.5071792602539,
126.94120407104492,
130.82289695739746,
120.61095237731934,
120.32294273376465,
111.58084869384766,
105.99994659423828,
104.72393035888672,
104.9489974975586,
104.82478141784668,
106.14609718322754,
105.53312301635742,
104.58707809448242,
103.43575477600098,
108.44993591308594,
103.01518440246582,
105.2701473236084,
105.40580749511719,
105.16476631164551,
104.18105125427246,
104.38990592956543,
103.82795333862305,
105.83138465881348,
109.06195640563965,
109.51018333435059,
124.76110458374023,
122.88093566894531,
107.37085342407227,
107.21921920776367,
105.88598251342773,
108.15691947937012,
104.7658920288086,
108.16097259521484,
106.18281364440918,
105.21411895751953,
105.78322410583496,
108.04891586303711,
105.96394538879395,
104.44784164428711,
103.29723358154297,
104.43592071533203,
104.97808456420898,
105.0410270690918,
104.80999946594238,
104.42113876342773,
105.41319847106934,
106.69589042663574,
105.82876205444336,
103.50632667541504,
105.17215728759766,
102.71000862121582,
102.86164283752441,
104.18486595153809,
104.40325736999512,
106.5521240234375,
108.74700546264648,
106.23002052307129,
104.37297821044922,
107.14983940124512,
106.84585571289062,
105.98206520080566,
107.50532150268555,
105.95417022705078,
105.3609848022461,
105.9119701385498,
104.83193397521973,
106.99295997619629,
106.15801811218262,
104.66790199279785,
105.12614250183105,
104.8579216003418,
105.01790046691895,
106.23788833618164,
102.9808521270752,
105.21697998046875,
105.4689884185791,
104.23779487609863,
105.76701164245605,
105.6818962097168,
106.16278648376465,
106.61625862121582,
105.22699356079102,
105.12900352478027,
104.25114631652832,
106.903076171875,
108.60800743103027,
103.54995727539062,
105.59797286987305,
105.21697998046875,
104.8121452331543,
104.4611930847168,
104.00199890136719,
103.14393043518066,
103.31487655639648,
105.20410537719727,
106.73999786376953,
104.47096824645996,
106.81390762329102,
103.43098640441895,
105.02505302429199,
103.21307182312012,
104.34389114379883,
106.24504089355469,
107.61618614196777,
106.14681243896484,
104.83813285827637,
105.58509826660156,
103.14226150512695,
104.66313362121582,
105.41415214538574,
104.50530052185059,
105.48877716064453,
106.45198822021484,
104.22396659851074,
105.10110855102539,
107.47313499450684,
103.23810577392578,
103.00397872924805,
103.20687294006348,
104.8879623413086,
102.96893119812012,
104.64000701904297,
104.47001457214355,
103.91783714294434,
103.52802276611328,
105.39102554321289,
105.01813888549805,
106.62078857421875,
104.39705848693848,
107.3448657989502,
107.36989974975586,
109.59315299987793,
105.37314414978027,
111.99593544006348,
104.85601425170898,
104.79497909545898,
105.96132278442383,
106.28700256347656,
106.6279411315918,
110.24785041809082,
108.91175270080566,
113.50679397583008,
110.06593704223633,
104.32004928588867,
105.38387298583984,
106.70685768127441,
109.58409309387207,
109.62772369384766,
112.98513412475586,
105.39698600769043,
103.84368896484375,
105.02386093139648,
104.88605499267578,
102.87189483642578,
107.2850227355957,
106.03809356689453,
108.0620288848877,
106.66513442993164,
109.4980239868164,
110.29219627380371,
105.17096519470215,
106.2309741973877,
104.24280166625977,
105.28326034545898,
106.9800853729248,
108.26897621154785,
107.57303237915039,
111.94419860839844,
125.55718421936035,
123.2609748840332,
122.71809577941895,
122.41101264953613,
111.5410327911377,
112.48898506164551,
105.36909103393555,
107.02800750732422,
105.21078109741211,
106.36019706726074,
105.99112510681152,
103.67631912231445,
104.80809211730957,
106.29701614379883,
117.60210990905762,
117.05398559570312,
106.93621635437012,
106.67109489440918,
105.22794723510742,
104.77709770202637,
104.5081615447998,
104.49004173278809,
104.35104370117188,
105.00097274780273,
104.9659252166748,
106.48798942565918,
112.62989044189453,
103.5470962524414,
103.1498908996582,
104.40230369567871,
104.36105728149414,
107.12909698486328,
108.03771018981934,
108.91008377075195,
104.00199890136719,
107.42998123168945,
103.94501686096191,
104.65312004089355,
106.1239242553711,
107.28001594543457,
106.29391670227051,
105.4532527923584,
104.56395149230957,
106.08410835266113,
103.37996482849121,
104.40611839294434,
104.56609725952148,
105.54981231689453,
106.28604888916016,
106.68301582336426,
108.54196548461914,
108.27231407165527,
109.17401313781738,
105.47995567321777,
106.70280456542969,
105.88693618774414,
107.28812217712402,
104.52818870544434,
108.07323455810547,
108.01291465759277,
106.96291923522949,
106.90712928771973,
105.76415061950684,
106.91213607788086,
106.75406455993652,
104.64787483215332,
106.51898384094238,
106.5361499786377,
104.04491424560547,
110.4130744934082,
106.1699390411377,
106.58383369445801,
105.68785667419434,
105.0570011138916,
107.05780982971191,
106.80007934570312,
104.79521751403809,
105.03292083740234,
107.13028907775879,
106.90093040466309,
103.82485389709473,
105.85594177246094,
106.91690444946289,
109.61508750915527,
108.99710655212402,
108.08968544006348,
107.73992538452148,
104.96997833251953,
104.2780876159668,
114.31503295898438,
109.46321487426758,
107.51605033874512,
108.30807685852051,
106.96601867675781,
106.19211196899414,
105.57293891906738,
104.98404502868652,
107.30218887329102,
111.78112030029297,
104.89201545715332,
112.02573776245117,
104.00009155273438,
104.91323471069336,
107.48696327209473,
108.26277732849121,
106.99915885925293,
103.58619689941406,
106.63175582885742,
104.91418838500977,
107.5279712677002,
107.27596282958984,
112.41817474365234,
114.09997940063477,
113.49797248840332,
114.06803131103516,
109.71283912658691,
110.37492752075195,
104.89106178283691,
103.78909111022949,
106.08792304992676,
104.5839786529541,
104.97570037841797,
106.05192184448242,
104.41374778747559,
106.20808601379395,
109.76505279541016,
107.54799842834473,
108.00719261169434,
110.23211479187012,
105.57699203491211,
108.28495025634766,
105.4220199584961,
104.09021377563477,
105.24797439575195,
104.11787033081055,
103.70302200317383,
108.94417762756348,
109.05718803405762,
106.53901100158691,
106.62508010864258,
105.32498359680176,
107.34415054321289,
105.21483421325684,
107.57112503051758,
106.21094703674316,
109.27987098693848,
109.30371284484863,
106.40668869018555,
105.14187812805176,
104.99811172485352,
106.25219345092773,
109.0552806854248,
106.07314109802246,
103.56402397155762,
103.43289375305176,
105.78417778015137,
107.24711418151855,
107.30195045471191,
106.66084289550781,
105.80086708068848,
105.84497451782227,
105.83090782165527,
105.23390769958496,
105.38029670715332,
106.11987113952637,
105.79681396484375,
107.94711112976074,
107.82003402709961,
107.44690895080566,
108.92796516418457,
106.5070629119873,
107.18798637390137,
106.36496543884277,
109.01093482971191,
109.35282707214355,
109.35592651367188,
106.84609413146973,
104.82501983642578,
104.4929027557373,
103.62124443054199,
107.20086097717285,
104.23803329467773,
103.90210151672363,
105.18288612365723,
106.01496696472168,
105.28802871704102,
107.86223411560059,
107.98501968383789,
106.07624053955078,
104.72393035888672,
104.02512550354004,
108.05988311767578,
109.00568962097168,
109.2679500579834,
108.70480537414551,
108.64591598510742,
110.33010482788086,
110.08310317993164,
106.54497146606445,
103.22999954223633,
109.01570320129395,
109.54761505126953,
109.58075523376465,
109.40313339233398,
107.0261001586914,
104.92610931396484,
106.49585723876953,
104.86817359924316,
104.20703887939453,
106.19211196899414,
105.2541732788086,
105.35907745361328,
109.20286178588867,
107.3598861694336,
109.04812812805176,
109.82298851013184,
105.6971549987793,
104.48408126831055,
107.68008232116699,
105.89885711669922,
103.73187065124512,
107.20300674438477,
105.0269603729248,
106.55808448791504,
109.89999771118164,
110.64291000366211,
111.8311882019043,
112.81800270080566,
112.76817321777344,
105.4830551147461,
107.27810859680176,
106.27508163452148,
103.75809669494629,
104.68888282775879,
104.83407974243164,
111.28020286560059,
113.00086975097656,
107.1779727935791,
106.85586929321289,
109.78412628173828,
109.4672679901123,
105.27801513671875,
106.94193840026855,
104.61211204528809,
109.62271690368652,
105.29494285583496,
104.66909408569336,
105.17716407775879,
106.61506652832031,
106.54902458190918,
108.0467700958252,
107.80191421508789,
107.56921768188477,
108.59274864196777,
105.40270805358887,
110.687255859375,
114.49193954467773,
110.41617393493652,
104.8738956451416,
104.1409969329834,
105.06010055541992,
107.43975639343262,
107.62476921081543,
108.23512077331543,
102.9350757598877,
102.2481918334961,
105.41915893554688,
104.0651798248291,
105.00478744506836,
106.40621185302734,
114.94612693786621,
117.38014221191406,
109.97724533081055,
106.84990882873535,
103.3017635345459,
106.47320747375488,
104.11787033081055,
104.22277450561523,
103.179931640625,
107.94997215270996,
109.86709594726562,
106.05692863464355,
105.81302642822266,
107.53917694091797,
112.8990650177002,
104.20799255371094,
104.94208335876465,
117.71011352539062,
113.8460636138916,
103.62005233764648,
115.14401435852051,
103.48701477050781,
105.46493530273438,
104.66527938842773,
104.57587242126465,
104.6140193939209,
103.79910469055176,
103.48701477050781,
103.00803184509277,
103.5771369934082,
107.04779624938965,
116.19877815246582,
117.2637939453125,
119.54927444458008,
103.35683822631836,
106.51803016662598,
107.62906074523926,
104.76493835449219,
105.64994812011719,
117.91205406188965,
116.90688133239746,
117.6140308380127,
114.89200592041016,
108.91604423522949,
109.44104194641113,
110.69965362548828,
110.3811264038086,
108.84928703308105,
108.79182815551758,
106.13512992858887,
102.74600982666016,
105.39007186889648,
105.13496398925781,
107.14387893676758,
104.22706604003906,
106.06002807617188,
107.03492164611816,
104.80427742004395,
105.65805435180664,
107.98501968383789,
107.98406600952148,
108.65902900695801,
117.62595176696777,
115.14711380004883,
121.43993377685547,
121.43993377685547,
104.31098937988281,
104.76279258728027,
105.00001907348633,
105.73005676269531,
104.74014282226562,
105.37886619567871,
104.02297973632812,
120.69201469421387,
121.70696258544922,
104.28500175476074,
105.58199882507324,
104.78496551513672,
104.5842170715332,
104.42185401916504,
107.27238655090332,
108.73103141784668,
108.19697380065918,
109.55595970153809,
106.6582202911377,
105.32498359680176,
104.6450138092041,
105.57794570922852,
106.81605339050293,
108.90913009643555,
106.60505294799805,
108.31594467163086,
108.17503929138184,
105.84092140197754,
107.20586776733398,
109.99011993408203,
104.80284690856934,
104.63213920593262,
103.80911827087402,
105.4987907409668,
109.80486869812012,
106.24885559082031,
108.74700546264648,
107.2697639465332,
107.37204551696777,
105.63302040100098,
105.85498809814453,
104.39610481262207,
105.15594482421875,
103.83486747741699,
106.07194900512695,
104.07090187072754,
105.67688941955566,
105.84807395935059,
105.16095161437988,
107.23400115966797,
111.25302314758301,
110.53705215454102,
108.19792747497559,
106.5511703491211,
106.78911209106445,
107.36775398254395,
103.31082344055176,
111.78398132324219,
109.6198558807373,
112.02716827392578,
113.23904991149902,
112.05029487609863,
111.17172241210938,
112.1819019317627,
111.45377159118652,
112.39409446716309,
103.18398475646973,
103.06596755981445,
103.95193099975586,
107.12003707885742,
104.42662239074707,
105.5760383605957,
108.3228588104248,
110.74995994567871,
108.57605934143066,
110.28718948364258,
102.60725021362305,
104.52127456665039,
103.19805145263672,
108.69717597961426,
105.66926002502441,
109.83514785766602,
105.99589347839355,
104.44474220275879,
108.83474349975586,
107.89108276367188,
107.79690742492676,
106.30393028259277,
106.92405700683594,
106.64582252502441,
106.0938835144043,
106.13417625427246,
104.79593276977539,
105.93581199645996,
106.72569274902344,
105.09514808654785,
103.51800918579102,
104.16507720947266,
105.10516166687012,
104.16579246520996,
104.03609275817871,
104.88486289978027,
106.10580444335938,
105.40103912353516,
105.46517372131348,
107.14387893676758,
104.35986518859863,
104.27403450012207,
105.32283782958984,
106.36019706726074,
107.53631591796875,
103.82628440856934,
104.78806495666504,
106.49228096008301,
106.31918907165527,
104.57897186279297,
103.38735580444336,
104.13384437561035,
103.10196876525879,
104.42805290222168,
104.57706451416016,
104.10785675048828,
103.97791862487793,
105.15832901000977,
102.97012329101562,
103.72209548950195,
105.03792762756348,
104.51221466064453,
106.88471794128418,
103.84583473205566,
109.47918891906738,
106.10485076904297,
110.32414436340332,
104.96997833251953,
103.63912582397461,
103.8978099822998,
105.60107231140137,
106.74834251403809,
104.07018661499023,
102.94175148010254,
103.87420654296875,
105.0410270690918,
102.7679443359375,
129.5311450958252,
116.55402183532715,
128.58009338378906,
108.40320587158203,
130.60712814331055,
133.2693099975586,
121.72532081604004,
104.7811508178711,
112.12277412414551,
104.43615913391113,
105.27896881103516,
104.75611686706543,
103.89900207519531,
104.6750545501709,
104.06208038330078,
105.06176948547363,
104.3710708618164,
103.76977920532227,
105.34214973449707,
105.58700561523438,
104.47502136230469,
106.93025588989258,
106.34207725524902,
106.07576370239258,
104.9189567565918,
103.29818725585938,
102.87070274353027,
104.43401336669922,
104.2790412902832,
103.5304069519043,
102.65684127807617,
103.8060188293457,
138.16213607788086,
104.64310646057129,
103.13796997070312,
103.29079627990723,
102.87690162658691,
103.6529541015625,
103.58500480651855,
104.09402847290039,
105.7429313659668,
104.27403450012207,
105.98301887512207,
106.08601570129395,
105.90195655822754,
104.04300689697266,
105.18097877502441,
105.91888427734375,
104.81429100036621,
105.47089576721191,
104.4769287109375,
103.29914093017578,
103.91592979431152,
104.80690002441406,
103.53279113769531,
103.46007347106934,
103.98006439208984,
105.0267219543457,
104.85196113586426,
111.94205284118652,
114.00103569030762,
105.82113265991211,
105.39102554321289,
112.37406730651855,
104.77495193481445,
103.12223434448242,
105.8201789855957,
105.19814491271973,
107.39588737487793,
107.25617408752441,
106.99176788330078,
106.87899589538574,
107.93495178222656,
109.93576049804688,
105.77011108398438,
109.03692245483398,
106.50491714477539,
107.32698440551758,
104.35628890991211,
108.72411727905273,
106.11796379089355,
108.59179496765137,
104.96997833251953,
103.55591773986816,
104.04086112976074,
105.32474517822266,
107.0258617401123,
115.8139705657959,
108.41584205627441,
116.06597900390625,
104.34699058532715,
105.25274276733398,
106.00018501281738,
104.85196113586426,
104.34103012084961,
105.18980026245117,
104.78901863098145,
104.5539379119873,
106.85181617736816,
103.95622253417969,
102.85186767578125,
104.13074493408203,
106.8580150604248,
106.6739559173584,
105.12995719909668,
113.1582260131836,
118.01505088806152,
140.56897163391113,
135.4050636291504,
136.9459629058838,
130.48100471496582,
129.08506393432617,
135.07676124572754,
130.65409660339355,
118.73102188110352,
137.51697540283203,
131.5929889678955,
139.30296897888184,
