read_latency_ms,write_latency_ms
8.657217025756836,1237.6582622528076
7.59124755859375,1257.9882144927979
8.374929428100586,1257.741928100586
12.944936752319336,1213.4678363800049
7.7190399169921875,1213.6409282684326
8.476972579956055,1222.3279476165771
8.154153823852539,1216.6719436645508
8.400201797485352,1228.7979125976562
1.1348724365234375,1281.4960479736328
0.49996376037597656,1232.0749759674072
0.8478164672851562,1247.1227645874023
0.5209445953369141,1218.0120944976807
0.4551410675048828,1214.6639823913574
0.8521080017089844,1250.9870529174805
0.8308887481689453,1226.3808250427246
0.6439685821533203,1236.6840839385986
0.9210109710693359,1223.3846187591553
1.1479854583740234,1214.9360179901123
1.0192394256591797,1230.1650047302246
0.6620883941650391,1214.224100112915
1.2211799621582031,1219.4161415100098
0.797271728515625,1212.5298976898193
0.8301734924316406,1216.0439491271973
0.9050369262695312,1216.372013092041
0.7531642913818359,1218.418836593628
0.7879734039306641,1242.5429821014404
1.631021499633789,1250.688076019287
1.486063003540039,1225.4328727722168
1.641988754272461,1217.000961303711
1.5459060668945312,1229.888916015625
0.5269050598144531,1226.29714012146
1.0578632354736328,1230.2238941192627
0.9200572967529297,1216.7890071868896
0.5691051483154297,1300.7032871246338
0.5638599395751953,1273.4978199005127
0.7069110870361328,1279.228925704956
0.8740425109863281,1248.5456466674805
0.537872314453125,1235.065221786499
0.5269050598144531,1213.080883026123
0.885009765625,1212.8968238830566
0.8339881896972656,1285.01296043396
0.759124755859375,1243.649959564209
0.8769035339355469,1318.3951377868652
1.0328292846679688,1222.9959964752197
0.7412433624267578,1220.9820747375488
1.3391971588134766,1235.4378700256348
1.325845718383789,1254.490852355957
0.8099079132080078,1221.1623191833496
1.2319087982177734,1277.7352333068848
0.7050037384033203,1291.6910648345947
0.6558895111083984,1226.820945739746
1.3408660888671875,1223.3929634094238
1.300811767578125,1315.8278465270996
0.9059906005859375,1322.7331638336182
1.911163330078125,1226.5210151672363
1.8842220306396484,1269.690990447998
1.2438297271728516,1298.6171245574951
1.706838607788086,1228.2061576843262
0.9808540344238281,1257.944107055664
3.461122512817383,1233.9818477630615
1.203775405883789,1236.0117435455322
1.3921260833740234,1219.7349071502686
2.357006072998047,1220.6718921661377
0.9620189666748047,1211.5583419799805
2.582073211669922,1214.723825454712
1.1909008026123047,1212.3162746429443
1.4352798461914062,1220.902919769287
1.3477802276611328,1216.4480686187744
22.736310958862305,1215.86012840271
23.08201789855957,1231.28080368042
24.914979934692383,1230.407953262329
22.78590202331543,1213.9320373535156
26.875972747802734,1217.297077178955
25.26116371154785,1224.472999572754
25.120019912719727,1220.6358909606934
26.396989822387695,1228.6720275878906
24.48892593383789,1220.1759815216064
4.006147384643555,1214.137077331543
4.194021224975586,1217.7810668945312
3.306150436401367,1219.7628021240234
3.4041404724121094,1217.2138690948486
3.013134002685547,1228.2288074493408
4.601716995239258,1214.2271995544434
4.096031188964844,1217.7891731262207
5.628108978271484,1209.1200351715088
5.206108093261719,1217.2491550445557
5.033016204833984,1211.9386196136475
2.727985382080078,1220.885992050171
2.3941993713378906,1224.6589660644531
4.913330078125,1225.3968715667725
3.526926040649414,1233.2611083984375
2.398967742919922,1226.7138957977295
3.467082977294922,1219.8190689086914
1.474142074584961,1233.206033706665
0.7839202880859375,1214.4792079925537
0.6818771362304688,1225.877046585083
0.9870529174804688,1211.2901210784912
0.90789794921875,1211.9550704956055
1.1699199676513672,1209.8267078399658
1.5370845794677734,1220.2248573303223
2.212047576904297,1221.7388153076172
2.012014389038086,1223.6132621765137
1.9741058349609375,1212.9950523376465
1.5177726745605469,1211.9290828704834
1.2967586517333984,1213.0529880523682
0.827789306640625,1212.6781940460205
2.2351741790771484,1212.5959396362305
1.1289119720458984,1212.951898574829
0.8769035339355469,1215.122938156128
0.843048095703125,1214.5910263061523
1.1172294616699219,1219.832181930542
0.8380413055419922,1218.5728549957275
0.63323974609375,1212.8827571868896
0.7750988006591797,1213.3400440216064
1.9671916961669922,1223.6218452453613
2.604961395263672,1219.966173171997
1.8498897552490234,1214.7657871246338
3.3829212188720703,1211.1530303955078
0.8170604705810547,1211.4598751068115
1.5728473663330078,1223.4561443328857
4.042863845825195,1217.2248363494873
1.3849735260009766,1214.0460014343262
2.385854721069336,1212.6290798187256
2.221822738647461,1217.6549434661865
1.8720626831054688,1217.22412109375
1.5270709991455078,1211.6081714630127
2.337932586669922,1210.273027420044
1.210927963256836,1211.7466926574707
1.0631084442138672,1212.0981216430664
2.1200180053710938,1216.749668121338
1.7938613891601562,1216.7243957519531
1.9619464874267578,1224.6031761169434
2.7170181274414062,1215.3489589691162
1.4133453369140625,1208.320140838623
1.2197494506835938,1212.0518684387207
6.634950637817383,1216.0799503326416
6.620883941650391,1212.4369144439697
1.8911361694335938,1217.2720432281494
1.27410888671875,1210.6361389160156
1.3451576232910156,1214.0650749206543
2.6810169219970703,1228.2259464263916
2.584218978881836,1219.9101448059082
15.861988067626953,1215.2268886566162
15.433311462402344,1216.2721157073975
7.298946380615234,1212.7017974853516
6.043910980224609,1216.0487174987793
7.340669631958008,1215.7630920410156
6.33692741394043,1214.2720222473145
1.809835433959961,1215.9600257873535
3.0760765075683594,1211.4269733428955
15.575170516967773,1215.2111530303955
15.805959701538086,1217.1010971069336
4.060029983520508,1212.8009796142578
3.5729408264160156,1210.0250720977783
5.733728408813477,1214.5371437072754
6.777048110961914,1218.3022499084473
6.428718566894531,1215.0030136108398
5.586147308349609,1224.9541282653809
6.368875503540039,1217.8738117218018
6.011962890625,1216.4719104766846
4.855155944824219,1213.5379314422607
4.55784797668457,1216.141939163208
1.6560554504394531,1216.1109447479248
1.2350082397460938,1212.3808860778809
1.2521743774414062,1216.6657447814941
0.9708404541015625,1214.2260074615479
1.7390251159667969,1215.4250144958496
1.251220703125,1216.2480354309082
1.2178421020507812,1216.9609069824219
0.9407997131347656,1223.836898803711
1.1096000671386719,1213.2139205932617
1.497030258178711,1213.068962097168
2.6628971099853516,1218.5559272766113
3.476858139038086,1230.0631999969482
2.03704833984375,1225.9268760681152
3.1118392944335938,1212.3990058898926
3.9451122283935547,1216.430902481079
1.8842220306396484,1220.7121849060059
2.9027462005615234,1228.4269332885742
5.729198455810547,1212.4590873718262
4.703998565673828,1218.3520793914795
4.883766174316406,1213.602066040039
4.037141799926758,1231.7771911621094
1.867055892944336,1231.5309047698975
1.8200874328613281,1221.3549613952637
1.0962486267089844,1222.2609519958496
1.580953598022461,1228.4929752349854
1.5969276428222656,1232.8050136566162
1.3401508331298828,1213.5629653930664
1.4040470123291016,1217.6339626312256
0.9360313415527344,1213.798999786377
1.238107681274414,1212.7799987792969
1.3561248779296875,1247.3268508911133
1.0809898376464844,1219.1429138183594
2.0160675048828125,1231.335163116455
1.2891292572021484,1214.9057388305664
0.9636878967285156,1222.994089126587
1.5339851379394531,1229.2239665985107
7.179021835327148,1224.0040302276611
6.871223449707031,1219.8667526245117
5.861043930053711,1229.5289039611816
2.8417110443115234,1247.1930980682373
3.9381980895996094,1236.985206604004
9.346961975097656,1221.9038009643555
5.9261322021484375,1225.3978252410889
6.077766418457031,1212.0721340179443
4.989862442016602,1224.0970134735107
5.000829696655273,1228.1312942504883
3.3600330352783203,1225.26216506958
2.8259754180908203,1222.7578163146973
2.319812774658203,1221.2731838226318
3.02886962890625,1237.109899520874
0.9238719940185547,1229.2490005493164
0.9310245513916016,1242.659091949463
0.8440017700195312,1262.3000144958496
0.9150505065917969,1239.34006690979
0.6971359252929688,1261.5129947662354
0.9610652923583984,1214.5593166351318
1.2760162353515625,1214.751958847046
2.2950172424316406,1209.6710205078125
2.268075942993164,1254.8139095306396
1.0030269622802734,1260.7717514038086
0.8409023284912109,1245.5291748046875
3.2079219818115234,1238.163948059082
2.093076705932617,1232.1910858154297
5.536079406738281,1236.85622215271
5.331993103027344,1215.2099609375
13.601064682006836,1212.8779888153076
4.05573844909668,1219.778060913086
3.934144973754883,1216.094970703125
3.8950443267822266,1235.412836074829
4.561901092529297,1237.5290393829346
8.934974670410156,1254.2760372161865
9.545326232910156,1227.5300025939941
11.462926864624023,1222.5291728973389
9.621858596801758,1215.317964553833
10.310173034667969,1213.5019302368164
10.583877563476562,1214.198112487793
10.365009307861328,1243.7248229980469
10.31494140625,1239.5360469818115
11.587142944335938,1221.5640544891357
10.075807571411133,1228.550910949707
1.547098159790039,1215.8997058868408
1.1267662048339844,1217.5240516662598
0.7770061492919922,1212.1248245239258
0.6499290466308594,1215.787649154663
0.6310939788818359,1227.1850109100342
0.6210803985595703,1243.5760498046875
0.7529258728027344,1212.519884109497
0.7538795471191406,1214.1079902648926
0.8859634399414062,1218.379020690918
1.0747909545898438,1215.0602340698242
0.7088184356689453,1213.1938934326172
1.4977455139160156,1213.1459712982178
1.4510154724121094,1211.4863395690918
1.0962486267089844,1222.2521305084229
1.363992691040039,1221.7202186584473
1.554250717163086,1227.1928787231445
1.371145248413086,1219.1390991210938
1.5680789947509766,1214.2972946166992
1.3608932495117188,1214.9429321289062
1.0020732879638672,1216.2690162658691
1.2021064758300781,1212.5258445739746
1.295328140258789,1222.8341102600098
1.0929107666015625,1210.3030681610107
1.0228157043457031,1212.9461765289307
0.9539127349853516,1227.1721363067627
0.8997917175292969,1212.4519348144531
1.1768341064453125,1222.4299907684326
0.8170604705810547,1218.3611392974854
0.9579658508300781,1213.6099338531494
0.8609294891357422,1211.8949890136719
1.013040542602539,1214.5981788635254
1.2140274047851562,1210.0739479064941
1.0941028594970703,1219.5298671722412
1.3577938079833984,1214.2081260681152
1.5647411346435547,1213.8700485229492
1.1298656463623047,1214.378833770752
1.5439987182617188,1228.7001609802246
2.031087875366211,1211.2720012664795
3.815174102783203,1213.4878635406494
1.768350601196289,1211.212158203125
3.3359527587890625,1211.8399143218994
2.373933792114258,1224.6782779693604
2.3260116577148438,1217.0770168304443
4.828929901123047,1210.1387977600098
1.9648075103759766,1228.6429405212402
1.1188983917236328,1216.0372734069824
1.882791519165039,1216.0212993621826
1.6329288482666016,1214.003324508667
0.7259845733642578,1214.8888111114502
0.6079673767089844,1212.2368812561035
0.8130073547363281,1218.3032035827637
0.8490085601806641,1228.84202003479
0.7791519165039062,1212.6829624176025
0.7119178771972656,1209.4318866729736
2.778768539428711,1213.9451503753662
2.7153491973876953,1215.555191040039
0.7231235504150391,1213.9880657196045
0.7059574127197266,1210.437297821045
0.4992485046386719,1213.0730152130127
0.43487548828125,1208.601951599121
0.5097389221191406,1221.4059829711914
0.5137920379638672,1214.5700454711914
0.7610321044921875,1210.522174835205
0.46896934509277344,1223.0479717254639
0.5700588226318359,1214.8396968841553
0.8170604705810547,1214.5099639892578
1.0378360748291016,1216.4978981018066
5.114078521728516,1214.3161296844482
0.9379386901855469,1212.5930786132812
0.7560253143310547,1213.1447792053223
0.701904296875,1213.148832321167
0.6999969482421875,1221.829891204834
0.49567222595214844,1210.4310989379883
0.4673004150390625,1211.5647792816162
1.28173828125,1213.3748531341553
2.104043960571289,1219.3191051483154
1.6791820526123047,1219.6953296661377
1.7180442810058594,1209.8488807678223
0.9849071502685547,1213.8798236846924
0.5230903625488281,1219.099998474121
0.7600784301757812,1216.2089347839355
0.5319118499755859,1221.660852432251
1.2459754943847656,1226.891040802002
0.9412765502929688,1267.963171005249
0.9472370147705078,1238.1031513214111
1.2199878692626953,1260.0891590118408
1.1761188507080078,1256.0901641845703
0.9839534759521484,1214.3011093139648
1.1279582977294922,1215.6999111175537
1.280069351196289,1221.6458320617676
1.447916030883789,1235.6648445129395
1.7347335815429688,1220.2870845794678
0.9560585021972656,1217.7960872650146
1.2540817260742188,1274.8310565948486
1.1811256408691406,1219.858169555664
0.8969306945800781,1248.612880706787
1.4960765838623047,1222.7630615234375
1.806020736694336,1230.377197265625
7.699012756347656,1213.1061553955078
11.146068572998047,1227.611780166626
0.6430149078369141,1215.9459590911865
0.7181167602539062,1263.9057636260986
1.2209415435791016,1267.5840854644775
1.3930797576904297,1258.7997913360596
1.2831687927246094,1224.9131202697754
1.5017986297607422,1225.6660461425781
1.2459754943847656,1224.6618270874023
1.4269351959228516,1228.461742401123
1.4109611511230469,1250.2901554107666
1.367807388305664,1231.544017791748
0.9322166442871094,1221.8029499053955
1.1410713195800781,1222.3658561706543
1.695871353149414,1247.9498386383057
2.804994583129883,1227.0479202270508
1.619100570678711,1282.8059196472168
3.0689239501953125,1241.7850494384766
2.485036849975586,1244.5731163024902
3.982067108154297,1268.8262462615967
5.242109298706055,1252.0148754119873
2.544879913330078,1267.3709392547607
2.557992935180664,1230.3171157836914
2.9370784759521484,1242.6769733428955
2.477884292602539,1233.4060668945312
2.3679733276367188,1215.4150009155273
2.67791748046875,1214.7986888885498
3.149271011352539,1270.334005355835
2.341032028198242,1292.5522327423096
4.020929336547852,1242.2881126403809
2.0151138305664062,1256.5319538116455
2.0668506622314453,1218.1849479675293
1.7290115356445312,1215.4948711395264
1.7368793487548828,1217.6649570465088
2.251148223876953,1210.5820178985596
2.2962093353271484,1213.6807441711426
2.702951431274414,1218.348741531372
2.683877944946289,1243.2951927185059
2.3889541625976562,1228.3360958099365
2.2411346435546875,1237.389087677002
2.001047134399414,1238.5752201080322
1.695871353149414,1285.7537269592285
1.626729965209961,1214.8067951202393
1.8470287322998047,1212.073802947998
1.9800662994384766,1210.496187210083
1.9609928131103516,1212.8210067749023
1.8088817596435547,1217.128038406372
2.1810531616210938,1217.310905456543
2.8228759765625,1257.2059631347656
2.640962600708008,1280.329942703247
2.0630359649658203,1217.2110080718994
1.9679069519042969,1218.9550399780273
2.2439956665039062,1211.198091506958
1.8413066864013672,1213.3431434631348
2.0618438720703125,1218.3449268341064
1.4541149139404297,1226.3951301574707
1.7042160034179688,1227.3430824279785
2.3200511932373047,1224.5121002197266
2.269744873046875,1214.1931056976318
2.1772384643554688,1219.4223403930664
1.737833023071289,1220.8540439605713
1.9259452819824219,1214.9229049682617
2.2258758544921875,1214.7352695465088
2.3810863494873047,1215.9779071807861
1.9640922546386719,1213.0780220031738
1.6210079193115234,1215.846061706543
3.287076950073242,1212.8212451934814
3.866910934448242,1218.8448905944824
2.074718475341797,1211.8279933929443
2.3872852325439453,1224.0197658538818
2.3391246795654297,1219.8550701141357
2.357006072998047,1216.16792678833
1.80816650390625,1212.5930786132812
2.1772384643554688,1225.5470752716064
1.9619464874267578,1218.3270454406738
4.045009613037109,1215.8210277557373
3.72314453125,1226.4690399169922
3.8030147552490234,1219.712734222412
3.2281875610351562,1228.1920909881592
2.874135971069336,1218.1789875030518
2.73895263671875,1212.7702236175537
2.3839473724365234,1223.7780094146729
1.3880729675292969,1217.3709869384766
2.027750015258789,1213.2391929626465
2.0008087158203125,1217.968225479126
2.4509429931640625,1225.1970767974854
1.8901824951171875,1226.0711193084717
1.9550323486328125,1217.2799110412598
1.5840530395507812,1219.1228866577148
1.9710063934326172,1216.2690162658691
1.6589164733886719,1213.2573127746582
1.5819072723388672,1212.4919891357422
1.7399787902832031,1229.8080921173096
1.834869384765625,1229.633092880249
1.2180805206298828,1212.3138904571533
2.4039745330810547,1220.0210094451904
2.4099349975585938,1229.8190593719482
2.1638870239257812,1215.9538269042969
1.2209415435791016,1220.1499938964844
1.8110275268554688,1215.0099277496338
1.2462139129638672,1222.0988273620605
2.5229454040527344,1221.6451168060303
2.4988651275634766,1219.6040153503418
2.501964569091797,1219.933032989502
1.7850399017333984,1225.7001399993896
2.3069381713867188,1213.5679721832275
2.4917125701904297,1211.2939357757568
2.0148754119873047,1220.3078269958496
2.6319026947021484,1219.0320491790771
2.2039413452148438,1215.576171875
3.257274627685547,1215.669870376587
2.4487972259521484,1214.2720222473145
2.0987987518310547,1217.54789352417
4.75621223449707,1220.890998840332
7.771015167236328,1220.3702926635742
7.462024688720703,1215.3348922729492
7.047891616821289,1225.273847579956
3.5779476165771484,1226.309061050415
1.0690689086914062,1221.6546535491943
1.9519329071044922,1220.0419902801514
1.8720626831054688,1217.966079711914
1.2850761413574219,1217.9718017578125
1.1861324310302734,1217.6711559295654
2.9790401458740234,1226.1381149291992
3.134012222290039,1213.899850845337
2.9077529907226562,1216.1569595336914
1.1241436004638672,1214.0860557556152
2.756834030151367,1214.9732112884521
1.5549659729003906,1212.076187133789
1.4719963073730469,1213.5701179504395
1.2090206146240234,1215.575933456421
1.177072525024414,1221.1098670959473
1.25885009765625,1213.3002281188965
1.0638236999511719,1229.7899723052979
1.501321792602539,1215.0819301605225
2.4042129516601562,1216.02463722229
2.5467872619628906,1212.238073348999
3.5996437072753906,1213.05513381958
3.309965133666992,1218.1477546691895
4.017829895019531,1218.0469036102295
2.0058155059814453,1224.7660160064697
2.485990524291992,1212.954044342041
1.544952392578125,1224.7519493103027
1.2660026550292969,1226.1266708374023
1.728057861328125,1215.9647941589355
2.1469593048095703,1215.142011642456
1.4069080352783203,1214.2770290374756
1.7142295837402344,1215.4691219329834
1.4557838439941406,1218.4889316558838
1.4050006866455078,1209.6741199493408
1.5020370483398438,1212.3241424560547
1.7120838165283203,1219.8951244354248
1.5740394592285156,1215.074062347412
1.4190673828125,1216.4993286132812
2.094268798828125,1211.371898651123
0.8769035339355469,1212.385892868042
1.0311603546142578,1230.7980060577393
1.2516975402832031,1230.639934539795
0.8807182312011719,1227.557897567749
0.9438991546630859,1219.702959060669
0.9391307830810547,1227.989912033081
0.8690357208251953,1215.4700756072998
1.0190010070800781,1219.1741466522217
2.3429393768310547,1216.994047164917
2.1381378173828125,1212.7630710601807
0.7791519165039062,1227.442979812622
1.3170242309570312,1230.1528453826904
1.2660026550292969,1211.5988731384277
1.009225845336914,1222.7778434753418
0.96893310546875,1213.3407592773438
1.043081283569336,1219.9339866638184
0.8037090301513672,1219.4089889526367
0.7410049438476562,1209.4769477844238
0.7250308990478516,1213.2208347320557
0.7007122039794922,1212.8629684448242
0.8440017700195312,1226.431131362915
0.7879734039306641,1215.0251865386963
1.2669563293457031,1225.1520156860352
1.3818740844726562,1224.9982357025146
1.344919204711914,1214.2329216003418
1.3508796691894531,1225.6462574005127
1.6138553619384766,1212.7017974853516
1.567840576171875,1229.9320697784424
2.1686553955078125,1220.7038402557373
1.7189979553222656,1219.6590900421143
1.4581680297851562,1219.343900680542
1.0828971862792969,1220.6709384918213
0.9510517120361328,1217.7011966705322
0.8828639984130859,1219.491720199585
0.8702278137207031,1220.4668521881104
0.7398128509521484,1214.6928310394287
0.8790493011474609,1236.104965209961
0.8912086486816406,1223.8330841064453
0.8769035339355469,1224.5159149169922
0.8189678192138672,1222.3329544067383
1.1811256408691406,1220.289945602417
1.4719963073730469,1228.734016418457
3.2188892364501953,1216.1941528320312
3.091096878051758,1250.9551048278809
1.64794921875,1213.8397693634033
2.9680728912353516,1234.1461181640625
4.670858383178711,1259.6838474273682
3.787994384765625,1215.271234512329
1.6942024230957031,1233.375072479248
2.440929412841797,1258.3239078521729
3.4780502319335938,1227.1761894226074
3.8220882415771484,1216.0048484802246
2.6438236236572266,1210.3972434997559
1.4619827270507812,1212.4671936035156
6.351709365844727,1210.3779315948486
12.259960174560547,1237.562894821167
10.748863220214844,1227.8831005096436
1.374959945678711,1217.358112335205
1.979827880859375,1235.1341247558594
1.837015151977539,1247.730016708374
1.6520023345947266,1213.8900756835938
1.9311904907226562,1213.7792110443115
1.669168472290039,1215.040922164917
1.5342235565185547,1211.8370532989502
3.198862075805664,1218.8971042633057
2.819061279296875,1241.6040897369385
3.0121803283691406,1214.8818969726562
2.756834030151367,1214.698076248169
3.341197967529297,1224.416971206665
3.2470226287841797,1226.3028621673584
2.009153366088867,1263.516902923584
1.3570785522460938,1219.6838855743408
0.8878707885742188,1219.8610305786133
0.7419586181640625,1223.5841751098633
1.0597705841064453,1237.1037006378174
1.8649101257324219,1215.5277729034424
1.8010139465332031,1222.63503074646
1.1060237884521484,1262.7041339874268
5.074024200439453,1213.6640548706055
2.504110336303711,1219.5050716400146
3.560781478881836,1212.1901512145996
1.3179779052734375,1216.1140441894531
1.4491081237792969,1215.1217460632324
1.4891624450683594,1214.2112255096436
1.5790462493896484,1263.120174407959
1.1458396911621094,1221.4438915252686
0.8132457733154297,1212.4407291412354
1.2710094451904297,1216.2959575653076
1.2590885162353516,1212.1851444244385
1.359701156616211,1215.4083251953125
1.008749008178711,1211.392879486084
78.66191864013672,1215.4629230499268
81.6948413848877,1222.702980041504
81.33196830749512,1213.4709358215332
0.7302761077880859,1214.5397663116455
0.6361007690429688,1214.8711681365967
0.5340576171875,1226.4940738677979
0.49376487731933594,1215.6178951263428
0.5428791046142578,1213.2060527801514
0.45990943908691406,1219.2249298095703
1.4081001281738281,1211.5283012390137
3.183126449584961,1213.4392261505127
2.768278121948242,1215.3451442718506
1.4719963073730469,1213.5062217712402
0.7281303405761719,1213.8140201568604
0.469207763671875,1218.5800075531006
0.5125999450683594,1218.6172008514404
0.6699562072753906,1216.1362171173096
0.4992485046386719,1215.2130603790283
0.659942626953125,1216.1641120910645
0.7398128509521484,1218.2199954986572
0.5469322204589844,1215.6119346618652
0.8630752563476562,1225.6851196289062
0.7469654083251953,1229.5749187469482
0.44083595275878906,1221.8379974365234
0.6561279296875,1229.266881942749
14.405965805053711,1214.4262790679932
39.75510597229004,1218.5137271881104
0.8480548858642578,1212.4700546264648
4.698276519775391,1215.0039672851562
2.031087875366211,1211.435079574585
2.891063690185547,1213.8941287994385
2.557992935180664,1215.817928314209
3.41796875,1224.642038345337
2.9382705688476562,1213.334083557129
1.9381046295166016,1215.6288623809814
2.0439624786376953,1216.459035873413
2.073049545288086,1219.40016746521
12.822866439819336,1215.7819271087646
12.459039688110352,1228.5912036895752
15.362977981567383,1218.0850505828857
12.530088424682617,1213.5100364685059
11.741161346435547,1215.4829502105713
12.578010559082031,1216.7549133300781
17.90595054626465,1215.6307697296143
14.44387435913086,1214.5140171051025
17.355918884277344,1215.1260375976562
12.318134307861328,1218.7399864196777
2.9497146606445312,1214.0448093414307
2.2809505462646484,1211.6739749908447
2.4530887603759766,1231.3010692596436
2.550840377807617,1212.9709720611572
2.1276473999023438,1211.287021636963
2.0749568939208984,1214.3480777740479
1.664876937866211,1216.3288593292236
1.7042160034179688,1219.4969654083252
1.1310577392578125,1217.545986175537
2.4497509002685547,1222.193717956543
2.4449825286865234,1224.031925201416
3.0400753021240234,1215.1741981506348
2.588033676147461,1215.7111167907715
1.543283462524414,1215.2469158172607
2.123117446899414,1211.2219333648682
3.6301612854003906,1211.0412120819092
3.309965133666992,1211.5750312805176
3.7271976470947266,1210.5789184570312
2.964019775390625,1212.1570110321045
10.59103012084961,1217.519760131836
12.071847915649414,1215.3799533843994
12.495994567871094,1221.083164215088
11.893987655639648,1221.015214920044
11.88206672668457,1212.550163269043
10.921001434326172,1224.916934967041
6.700038909912109,1216.3050174713135
8.672952651977539,1216.723918914795
8.82101058959961,1216.0990238189697
1.5270709991455078,1211.6072177886963
2.1941661834716797,1220.468282699585
4.517078399658203,1212.9473686218262
7.317781448364258,1211.5240097045898
4.125118255615234,1217.0357704162598
4.559755325317383,1222.7401733398438
7.200717926025391,1215.0459289550781
5.225896835327148,1227.863073348999
2.666950225830078,1215.104103088379
3.6878585815429688,1228.7111282348633
2.183198928833008,1225.3639698028564
3.1061172485351562,1222.3660945892334
4.398107528686523,1216.975212097168
2.421855926513672,1215.3401374816895
4.322052001953125,1213.5708332061768
2.972126007080078,1212.367057800293
1.7762184143066406,1227.9021739959717
1.9369125366210938,1230.888843536377
0.6508827209472656,1243.0381774902344
0.8382797241210938,1214.8001194000244
1.0459423065185547,1213.2370471954346
0.8008480072021484,1214.1170501708984
0.9200572967529297,1234.3051433563232
0.6420612335205078,1213.487148284912
1.2998580932617188,1212.3010158538818
0.7200241088867188,1214.4370079040527
0.7219314575195312,1216.7890071868896
1.0199546813964844,1258.1560611724854
0.885009765625,1246.6130256652832
0.6248950958251953,1239.2959594726562
0.6871223449707031,1223.757028579712
0.9050369262695312,1261.692762374878
0.7448196411132812,1210.6549739837646
0.6687641143798828,1214.0710353851318
0.9858608245849609,1224.0180969238281
0.9160041809082031,1224.6809005737305
0.7131099700927734,1258.7568759918213
0.7290840148925781,1256.5350532531738
1.0900497436523438,1221.8949794769287
0.7569789886474609,1211.8539810180664
0.6949901580810547,1252.105951309204
0.7140636444091797,1251.0550022125244
1.6188621520996094,1232.224941253662
1.6918182373046875,1234.010934829712
1.634836196899414,1232.7070236206055
0.8347034454345703,1214.127779006958
1.1169910430908203,1213.1121158599854
1.0390281677246094,1217.0109748840332
0.9868144989013672,1219.0358638763428
1.104116439819336,1249.1822242736816
1.7790794372558594,1260.749101638794
1.4331340789794922,1242.3930168151855
0.9882450103759766,1238.7237548828125
1.3418197631835938,1226.6418933868408
2.1131038665771484,1213.564157485962
1.2769699096679688,1234.5850467681885
2.527952194213867,1252.42280960083
3.731966018676758,1262.4049186706543
3.335237503051758,1217.3607349395752
3.454923629760742,1214.1780853271484
2.372264862060547,1218.545913696289
2.1431446075439453,1227.7967929840088
2.467632293701172,1254.5547485351562
2.012968063354492,1218.3847427368164
2.5780200958251953,1255.4380893707275
2.0220279693603516,1216.3927555084229
1.8818378448486328,1220.094919204712
13.355016708374023,1221.60005569458
5.565881729125977,1216.4969444274902
9.56273078918457,1212.6948833465576
9.732723236083984,1215.9380912780762
3.2520294189453125,1220.5181121826172
3.3500194549560547,1252.0601749420166
4.895925521850586,1253.662109375
3.258228302001953,1214.0309810638428
2.3148059844970703,1214.5187854766846
2.238035202026367,1219.0361022949219
1.2998580932617188,1214.332103729248
1.1830329895019531,1219.1622257232666
2.176046371459961,1237.2608184814453
2.5789737701416016,1208.3549499511719
3.203868865966797,1210.914134979248
4.002094268798828,1215.9600257873535
4.962921142578125,1212.8291130065918
2.258777618408203,1218.8200950622559
1.6741752624511719,1216.252088546753
1.4739036560058594,1254.270076751709
1.9729137420654297,1217.7770137786865
1.3980865478515625,1223.1700420379639
2.1371841430664062,1215.8029079437256
4.235982894897461,1216.2258625030518
2.4662017822265625,1213.008165359497
2.1209716796875,1211.38596534729
1.5501976013183594,1214.6480083465576
1.3570785522460938,1216.552972793579
1.8281936645507812,1215.3408527374268
2.477884292602539,1214.785099029541
1.9378662109375,1219.6900844573975
1.8129348754882812,1216.5908813476562
3.4313201904296875,1214.9300575256348
2.0580291748046875,1221.1580276489258
2.919912338256836,1217.0109748840332
2.585172653198242,1226.8061637878418
5.244016647338867,1212.4388217926025
3.7620067596435547,1215.564250946045
2.0949840545654297,1221.348762512207
2.231121063232422,1218.0800437927246
2.323150634765625,1218.3051109313965
3.565073013305664,1218.447208404541
2.292156219482422,1213.8581275939941
2.2001266479492188,1231.4889430999756
1.920938491821289,1218.252182006836
1.8930435180664062,1215.6076431274414
1.4438629150390625,1219.3660736083984
1.538991928100586,1219.8882102966309
1.9619464874267578,1222.3289012908936
1.9137859344482422,1252.5148391723633
1.3720989227294922,1228.6593914031982
1.7440319061279297,1232.9728603363037
2.146005630493164,1227.776050567627
1.7311573028564453,1236.0889911651611
2.804994583129883,1214.9739265441895
2.8061866760253906,1222.2650051116943
1.9681453704833984,1219.066858291626
4.038333892822266,1242.8810596466064
2.7620792388916016,1244.0848350524902
1.5249252319335938,1222.3269939422607
1.5439987182617188,1231.5609455108643
1.4030933380126953,1221.477746963501
1.6987323760986328,1229.2978763580322
2.5746822357177734,1249.342918395996
2.9289722442626953,1242.4638271331787
2.8679370880126953,1252.6183128356934
1.7170906066894531,1232.9089641571045
3.2126903533935547,1214.979887008667
2.2668838500976562,1224.916934967041
2.2482872009277344,1219.7628021240234
1.981973648071289,1217.7610397338867
1.8661022186279297,1253.918170928955
3.871917724609375,1238.6760711669922
2.20489501953125,1232.832908630371
4.814863204956055,1215.601921081543
2.0940303802490234,1219.5489406585693
1.2619495391845703,1219.4890975952148
1.3332366943359375,1224.6320247650146
1.2860298156738281,1248.1558322906494
1.0302066802978516,1234.9228858947754
0.8602142333984375,1226.6807556152344
2.8870105743408203,1225.0819206237793
2.4771690368652344,1234.260082244873
1.3239383697509766,1249.9549388885498
1.5301704406738281,1224.074125289917
1.8491744995117188,1255.8410167694092
1.2311935424804688,1235.3641986846924
0.9918212890625,1220.7438945770264
2.451181411743164,1217.803955078125
2.112865447998047,1244.307041168213
1.5950202941894531,1219.642162322998
2.5968551635742188,1233.4599494934082
2.593994140625,1216.461181640625
2.404928207397461,1212.4691009521484
1.8897056579589844,1215.5611515045166
3.7059783935546875,1230.2629947662354
17.235994338989258,1217.4022197723389
5.096912384033203,1217.5390720367432
2.3119449615478516,1218.9183235168457
1.1720657348632812,1259.9050998687744
1.6779899597167969,1224.0421772003174
1.9268989562988281,1218.3139324188232
1.8579959869384766,1235.9092235565186
1.6040802001953125,1247.7269172668457
6.929159164428711,1222.9130268096924
6.901979446411133,1225.6760597229004
2.331972122192383,1220.2210426330566
1.7669200897216797,1247.727870941162
1.9342899322509766,1218.6040878295898
1.5480518341064453,1214.7808074951172
16.21103286743164,1214.8711681365967
16.742944717407227,1217.1571254730225
0.7131099700927734,1266.758918762207
0.576019287109375,1219.5780277252197
0.5822181701660156,1218.7330722808838
0.579833984375,1253.4730434417725
0.48804283142089844,1211.5042209625244
1.9631385803222656,1211.6568088531494
1.535177230834961,1212.238073348999
1.8608570098876953,1215.6810760498047
0.6959438323974609,1223.865032196045
0.6439685821533203,1268.6290740966797
0.6871223449707031,1247.4751472473145
0.7300376892089844,1239.5110130310059
0.6377696990966797,1216.4959907531738
0.6439685821533203,1213.7882709503174
3.320932388305664,1213.3660316467285
3.280162811279297,1233.4511280059814
3.2639503479003906,1227.029800415039
1.9831657409667969,1258.5620880126953
2.4237632751464844,1269.273281097412
2.4938583374023438,1218.4638977050781
4.207849502563477,1217.1542644500732
3.349781036376953,1211.7018699645996
4.038333892822266,1219.7697162628174
7.864713668823242,1259.8881721496582
0.9322166442871094,1245.039939880371
0.7672309875488281,1219.6228504180908
4.140615463256836,1275.2501964569092
2.0689964294433594,1267.8022384643555
2.3238658905029297,1227.1111011505127
2.2759437561035156,1213.6681079864502
2.5091171264648438,1238.7583255767822
2.513885498046875,1323.9333629608154
2.481222152709961,1273.2059955596924
1.4562606811523438,1211.85302734375
1.6608238220214844,1210.6709480285645
1.7189979553222656,1210.8180522918701
3.080129623413086,1252.6001930236816
5.721807479858398,1239.8440837860107
5.194664001464844,1274.9559879302979
3.267049789428711,1256.6399574279785
2.758026123046875,1226.84907913208
2.1021366119384766,1283.2019329071045
2.096891403198242,1242.1269416809082
1.7209053039550781,1230.3638458251953
2.6781558990478516,1211.3878726959229
2.2459030151367188,1211.5330696105957
2.341032028198242,1224.9360084533691
3.0782222747802734,1223.7780094146729
2.3827552795410156,1238.2042407989502
3.0851364135742188,1240.8320903778076
7.3871612548828125,1287.660837173462
8.92019271850586,1228.8861274719238
5.047082901000977,1253.485918045044
4.382848739624023,1267.275094985962
2.6259422302246094,1286.578893661499
4.251003265380859,1276.0109901428223
2.791881561279297,1275.3841876983643
2.3741722106933594,1266.5789127349854
2.5742053985595703,1268.6660289764404
1.9991397857666016,1213.2148742675781
2.2509098052978516,1214.9739265441895
8.090734481811523,1212.951898574829
5.204916000366211,1221.796989440918
3.5109519958496094,1215.1482105255127
4.50897216796875,1213.9458656311035
11.667966842651367,1223.5660552978516
11.19089126586914,1247.1258640289307
7.862091064453125,1234.807014465332
8.538961410522461,1227.3809909820557
9.52601432800293,1243.520975112915
7.707834243774414,1281.4579010009766
5.794048309326172,1271.880865097046
8.997201919555664,1244.5569038391113
7.43412971496582,1216.0131931304932
3.938913345336914,1215.2230739593506
3.8199424743652344,1216.7539596557617
1.5668869018554688,1213.4120464324951
2.9039382934570312,1221.4012145996094
2.0389556884765625,1214.648962020874
1.1756420135498047,1218.1150913238525
1.1970996856689453,1217.7510261535645
2.3839473724365234,1219.1009521484375
4.275798797607422,1212.8651142120361
3.962278366088867,1219.2881107330322
2.4309158325195312,1220.7379341125488
1.5947818756103516,1241.8279647827148
1.4078617095947266,1216.813087463379
4.058122634887695,1215.4531478881836
3.4618377685546875,1225.6231307983398
14.931917190551758,1222.5971221923828
14.645099639892578,1224.0731716156006
11.071920394897461,1213.8988971710205
14.848947525024414,1213.3471965789795
14.616012573242188,1227.384090423584
13.90695571899414,1219.3059921264648
1.9559860229492188,1221.242904663086
14.348983764648438,1227.2119522094727
15.322208404541016,1230.8342456817627
13.555049896240234,1217.637300491333
14.541149139404297,1254.922866821289
17.637968063354492,1223.5982418060303
2.2373199462890625,1217.1528339385986
2.1941661834716797,1230.0238609313965
2.146005630493164,1219.5792198181152
2.1162033081054688,1223.2630252838135
2.7573108673095703,1213.745355606079
1.5621185302734375,1215.437889099121
1.1968612670898438,1212.66508102417
1.5540122985839844,1247.6019859313965
1.2717247009277344,1244.2398071289062
1.2390613555908203,1245.893955230713
1.1138916015625,1223.8337993621826
2.2611618041992188,1253.0770301818848
2.251148223876953,1215.5609130859375
2.585887908935547,1215.6448364257812
2.296924591064453,1211.4958763122559
2.8400421142578125,1228.1699180603027
1.5442371368408203,1250.0619888305664
2.042055130004883,1215.681791305542
1.300811767578125,1213.183879852295
1.2559890747070312,1216.5460586547852
0.6451606750488281,1222.7389812469482
0.8780956268310547,1222.3877906799316
0.7662773132324219,1214.5049571990967
0.5900859832763672,1212.6219272613525
0.7250308990478516,1217.1671390533447
0.6270408630371094,1227.0259857177734
1.2650489807128906,1217.9388999938965
1.7719268798828125,1212.5964164733887
1.6472339630126953,1216.719150543213
1.6407966613769531,1249.4137287139893
1.7919540405273438,1220.0961112976074
1.4090538024902344,1254.817008972168
0.8330345153808594,1214.400053024292
0.7863044738769531,1213.4640216827393
0.6630420684814453,1213.9549255371094
0.9810924530029297,1226.0239124298096
0.8790493011474609,1229.7050952911377
1.1620521545410156,1215.9028053283691
1.2810230255126953,1293.8950061798096
0.7688999176025391,1253.5240650177002
0.6330013275146484,1212.4979496002197
0.8168220520019531,1216.059923171997
1.1560916900634766,1216.0391807556152
1.0008811950683594,1225.2109050750732
1.0068416595458984,1225.5628108978271
1.3020038604736328,1215.583086013794
0.8392333984375,1236.1416816711426
0.6999969482421875,1254.4970512390137
0.5881786346435547,1246.8221187591553
0.9710788726806641,1235.1758480072021
0.8368492126464844,1235.0618839263916
1.2080669403076172,1220.8850383758545
0.9262561798095703,1277.9898643493652
0.8640289306640625,1225.4478931427002
0.8189678192138672,1291.3799285888672
1.2958049774169922,1212.3668193817139
0.8072853088378906,1277.9960632324219
0.9479522705078125,1250.9088516235352
0.8027553558349609,1254.899024963379
0.6210803985595703,1227.9751300811768
0.6241798400878906,1219.1758155822754
0.6670951843261719,1254.492998123169
0.6508827209472656,1258.239984512329
0.6771087646484375,1227.7770042419434
0.5881786346435547,1233.2050800323486
1.3091564178466797,1268.381118774414
1.2140274047851562,1237.457036972046
1.2009143829345703,1229.799747467041
0.6358623504638672,1224.628210067749
0.7331371307373047,1266.9990062713623
1.0981559753417969,1224.59077835083
1.9071102142333984,1239.598035812378
2.256155014038086,1273.9603519439697
1.0690689086914062,1228.7092208862305
1.0387897491455078,1259.3939304351807
1.3477802276611328,1243.3218955993652
0.7181167602539062,1224.2891788482666
1.177072525024414,1213.257074356079
1.1241436004638672,1211.150884628296
7.831096649169922,1247.3971843719482
8.285284042358398,1222.141981124878
2.201080322265625,1222.5899696350098
2.0170211791992188,1244.0361976623535
1.8041133880615234,1263.20219039917
2.129077911376953,1246.769905090332
1.2578964233398438,1249.828815460205
1.6570091247558594,1234.0452671051025
1.62506103515625,1213.8118743896484
2.329111099243164,1259.3061923980713
2.2830963134765625,1260.7169151306152
1.6331672668457031,1232.5308322906494
1.2350082397460938,1214.073896408081
1.5282630920410156,1254.1279792785645
1.6486644744873047,1253.5710334777832
2.1467208862304688,1211.0190391540527
2.0210742950439453,1209.8557949066162
2.6161670684814453,1211.6479873657227
2.712726593017578,1230.698823928833
5.630016326904297,1213.9289379119873
2.414226531982422,1221.0931777954102
2.7599334716796875,1215.4338359832764
2.583026885986328,1210.9897136688232
1.8792152404785156,1211.1201286315918
2.38800048828125,1214.3540382385254
3.328084945678711,1213.327169418335
1.6379356384277344,1213.320255279541
1.2769699096679688,1211.0748291015625
2.315044403076172,1225.1489162445068
2.033233642578125,1214.512825012207
1.5859603881835938,1212.13698387146
2.6092529296875,1212.1007442474365
3.5028457641601562,1213.9782905578613
2.919912338256836,1213.5522365570068
2.065896987915039,1211.8229866027832
2.7310848236083984,1213.878870010376
1.7838478088378906,1222.053050994873
2.5129318237304688,1214.6220207214355
1.5380382537841797,1212.0370864868164
2.3469924926757812,1211.9340896606445
2.198934555053711,1214.1997814178467
2.267122268676758,1212.2578620910645
2.4268627166748047,1212.7048969268799
1.79290771484375,1212.719202041626
1.6639232635498047,1211.4641666412354
3.960132598876953,1217.8468704223633
3.496885299682617,1213.5980129241943
3.5390853881835938,1212.355136871338
3.779172897338867,1211.7960453033447
3.2889842987060547,1210.8228206634521
3.158092498779297,1218.0027961730957
3.535032272338867,1215.8620357513428
3.509998321533203,1213.4456634521484
3.4990310668945312,1215.9852981567383
3.159046173095703,1214.6003246307373
2.3870468139648438,1223.5510349273682
2.143383026123047,1213.789939880371
1.8079280853271484,1212.9898071289062
1.5189647674560547,1233.487844467163
2.8390884399414062,1238.7678623199463
5.239963531494141,1240.0178909301758
5.175113677978516,1215.7130241394043
5.228996276855469,1214.8640155792236
1.0290145874023438,1222.848892211914
2.888917922973633,1225.3680229187012
1.0921955108642578,1223.2780456542969
0.8521080017089844,1212.796926498413
1.0342597961425781,1214.2651081085205
1.338958740234375,1217.2799110412598
1.4929771423339844,1210.6046676635742
11.223077774047852,1222.1958637237549
1.9309520721435547,1242.5611019134521
1.2831687927246094,1238.6550903320312
1.188039779663086,1215.188980102539
0.9169578552246094,1210.6647491455078
1.6140937805175781,1214.3642902374268
1.9419193267822266,1212.7299308776855
4.622936248779297,1210.3750705718994
1.2731552124023438,1217.4010276794434
6.026983261108398,1218.6200618743896
0.9071826934814453,1217.0310020446777
1.1241436004638672,1212.9590511322021
1.0271072387695312,1214.7021293640137
1.4851093292236328,1226.4161109924316
13.637304306030273,1216.2811756134033
0.7927417755126953,1220.3710079193115
2.0570755004882812,1217.397928237915
1.085042953491211,1228.8939952850342
0.61798095703125,1253.0548572540283
0.9407997131347656,1253.5250186920166
0.7300376892089844,1213.230848312378
0.7481575012207031,1211.4157676696777
0.6799697875976562,1215.8749103546143
0.6172657012939453,1220.245122909546
0.8151531219482422,1225.581169128418
0.4990100860595703,1222.9938507080078
1.0099411010742188,1215.9790992736816
0.9918212890625,1230.9489250183105
1.0018348693847656,1215.3687477111816
0.7431507110595703,1212.5780582427979
0.5359649658203125,1216.163158416748
0.9121894836425781,1220.268964767456
1.1181831359863281,1218.3239459991455
1.013040542602539,1217.787742614746
1.2359619140625,1212.1648788452148
2.0308494567871094,1214.8947715759277
2.2552013397216797,1212.9080295562744
2.048969268798828,1216.705083847046
3.0181407928466797,1217.5819873809814
2.3670196533203125,1215.8210277557373
1.7468929290771484,1224.8849868774414
1.4920234680175781,1214.792013168335
1.2199878692626953,1225.499153137207
1.5480518341064453,1217.7488803863525
0.9429454803466797,1220.5109596252441
0.5490779876708984,1215.0390148162842
0.5991458892822266,1241.9371604919434
0.8900165557861328,1220.5770015716553
1.3420581817626953,1226.5598773956299
1.1861324310302734,1221.4641571044922
1.046895980834961,1220.7670211791992
0.6659030914306641,1213.5961055755615
0.9908676147460938,1211.8937969207764
0.4820823669433594,1212.2418880462646
0.5252361297607422,1212.6028537750244
0.4878044128417969,1214.7610187530518
0.5331039428710938,1212.813138961792
0.5650520324707031,1214.31303024292
0.6368160247802734,1222.7041721343994
0.39696693420410156,1229.4890880584717
0.5488395690917969,1219.5830345153809
0.6020069122314453,1246.8831539154053
0.8602142333984375,1220.4952239990234
0.6849765777587891,1215.5158519744873
0.5731582641601562,1228.8918495178223
0.4439353942871094,1214.3678665161133
0.6611347198486328,1232.3739528656006
0.5049705505371094,1253.471851348877
0.5450248718261719,1258.1262588500977
0.36597251892089844,1245.3887462615967
0.7691383361816406,1224.8530387878418
0.8199214935302734,1225.5947589874268
0.7328987121582031,1240.5800819396973
0.4343986511230469,1242.1748638153076
0.4990100860595703,1214.6799564361572
0.5199909210205078,1230.0899028778076
0.5180835723876953,1238.0778789520264
0.45609474182128906,1237.2708320617676
0.4239082336425781,1216.1519527435303
0.46324729919433594,1253.9880275726318
0.45013427734375,1231.760025024414
0.61798095703125,1226.45902633667
0.4680156707763672,1234.8928451538086
0.5018711090087891,1249.2740154266357
0.4680156707763672,1226.7138957977295
0.4169940948486328,1227.6551723480225
0.5388259887695312,1217.771053314209
0.5240440368652344,1223.3359813690186
0.41675567626953125,1216.3629531860352
0.45800209045410156,1251.621961593628
0.4801750183105469,1225.3520488739014
0.3790855407714844,1220.0429439544678
0.4360675811767578,1221.189260482788
0.45490264892578125,1222.0468521118164
0.469207763671875,1241.891860961914
0.45108795166015625,1257.9479217529297
0.47707557678222656,1219.0320491790771
0.4241466522216797,1215.975284576416
0.5960464477539062,1223.81591796875
0.4978179931640625,1219.8002338409424
0.7340908050537109,1262.6590728759766
0.47588348388671875,1228.1930446624756
0.5509853363037109,1264.3349170684814
0.4849433898925781,1238.433837890625
0.5040168762207031,1250.1778602600098
0.6771087646484375,1213.893175125122
0.5991458892822266,1216.299057006836
0.5900859832763672,1223.4339714050293
0.5259513854980469,1224.916934967041
0.7958412170410156,1218.6639308929443
0.5548000335693359,1216.4618968963623
0.5481243133544922,1219.3892002105713
0.5769729614257812,1214.7181034088135
0.682830810546875,1214.1590118408203
0.9157657623291016,1209.5489501953125
0.7569789886474609,1212.602138519287
0.7770061492919922,1215.6469821929932
0.7479190826416016,1212.1551036834717
0.6659030914306641,1217.3230648040771
0.61798095703125,1218.2703018188477
0.7650852203369141,1225.1379489898682
0.5741119384765625,1219.040870666504
0.7700920104980469,1218.662977218628
0.8099079132080078,1218.3330059051514
0.7910728454589844,1218.148946762085
2.13623046875,1217.576265335083
1.1408329010009766,1219.8328971862793
1.7328262329101562,1216.3488864898682
1.7158985137939453,1210.632085800171
4.36711311340332,1214.7870063781738
6.290912628173828,1221.0960388183594
2.6721954345703125,1213.6940956115723
3.2591819763183594,1216.5508270263672
3.5247802734375,1221.313238143921
3.201007843017578,1222.0830917358398
2.1369457244873047,1213.0310535430908
3.2548904418945312,1219.8429107666016
16.05391502380371,1215.5470848083496
3.682851791381836,1218.8308238983154
1.1441707611083984,1219.9621200561523
0.8158683776855469,1219.7177410125732
1.1708736419677734,1213.712215423584
0.8461475372314453,1226.9368171691895
0.7588863372802734,1227.7443408966064
0.9410381317138672,1217.4451351165771
1.2371540069580078,1220.2398777008057
1.2829303741455078,1225.5070209503174
1.1682510375976562,1220.9489345550537
3.072977066040039,1214.3452167510986
2.5589466094970703,1210.8547687530518
2.731800079345703,1213.9852046966553
2.4080276489257812,1208.7459564208984
2.9418468475341797,1224.3638038635254
2.518892288208008,1221.1871147155762
2.317190170288086,1224.1840362548828
2.048969268798828,1224.6882915496826
1.8019676208496094,1214.6470546722412
2.187013626098633,1215.6217098236084
1.7621517181396484,1215.153694152832
2.9931068420410156,1216.9830799102783
2.5472640991210938,1209.8309993743896
2.8820037841796875,1213.4380340576172
2.2161006927490234,1212.3360633850098
2.1178722381591797,1212.6450538635254
1.6887187957763672,1223.740816116333
2.1119117736816406,1225.74782371521
2.1429061889648438,1222.5532531738281
2.190113067626953,1227.7603149414062
2.6650428771972656,1216.907024383545
3.371000289916992,1217.4410820007324
2.7360916137695312,1237.7369403839111
2.0720958709716797,1234.71999168396
1.4731884002685547,1215.4757976531982
5.178689956665039,1216.7558670043945
5.407810211181641,1217.6001071929932
5.385875701904297,1221.5502262115479
2.6769638061523438,1216.409683227539
2.1638870239257812,1220.6437587738037
1.294851303100586,1218.747854232788
1.9619464874267578,1218.75
1.9688606262207031,1216.8910503387451
2.688884735107422,1212.871789932251
2.268075942993164,1221.82297706604
2.816915512084961,1225.5651950836182
2.5751590728759766,1218.1861400604248
2.560138702392578,1215.3637409210205
2.5060176849365234,1224.1840362548828
1.6019344329833984,1224.3578433990479
1.6880035400390625,1217.6520824432373
3.9000511169433594,1218.8479900360107
3.556966781616211,1212.8629684448242
2.189159393310547,1222.0489978790283
2.199888229370117,1214.1540050506592
1.499176025390625,1216.2561416625977
2.1250247955322266,1215.6469821929932
1.8422603607177734,1235.4991436004639
1.8699169158935547,1234.5449924468994
1.5878677368164062,1217.1008586883545
2.1560192108154297,1220.6063270568848
1.7290115356445312,1221.3852405548096
1.8701553344726562,1218.947172164917
2.0380020141601562,1212.0318412780762
1.5411376953125,1214.9560451507568
1.6210079193115234,1214.1492366790771
1.6620159149169922,1229.644775390625
1.4650821685791016,1267.8000926971436
2.354145050048828,1232.9909801483154
2.3021697998046875,1243.6230182647705
1.9910335540771484,1248.4209537506104
2.7582645416259766,1214.5981788635254
1.7328262329101562,1216.2129878997803
2.0890235900878906,1233.0331802368164
2.4690628051757812,1222.0611572265625
2.8328895568847656,1211.0037803649902
2.672910690307617,1211.1899852752686
1.8169879913330078,1262.7148628234863
2.4912357330322266,1248.7170696258545
1.9071102142333984,1215.9419059753418
2.084970474243164,1219.0768718719482
2.1131038665771484,1233.8378429412842
1.493692398071289,1263.7779712677002
4.432201385498047,1212.3048305511475
4.904031753540039,1217.4787521362305
4.932165145874023,1213.6750221252441
2.826213836669922,1214.7889137268066
2.73895263671875,1213.0458354949951
1.8999576568603516,1218.6429500579834
2.156972885131836,1220.080852508545
3.496885299682617,1218.0438041687012
3.4279823303222656,1275.8917808532715
3.5169124603271484,1223.8860130310059
3.717184066772461,1213.4101390838623
3.1769275665283203,1214.27321434021
3.648996353149414,1229.2108535766602
3.9377212524414062,1254.5268535614014
3.5409927368164062,1244.8480129241943
1.6901493072509766,1252.5029182434082
1.2841224670410156,1266.514778137207
1.3968944549560547,1236.495018005371
1.3418197631835938,1217.2887325286865
2.106904983520508,1215.301275253296
1.7209053039550781,1242.7237033843994
1.811981201171875,1252.0430088043213
0.9748935699462891,1246.006727218628
1.44195556640625,1264.6918296813965
1.538991928100586,1221.8711376190186
1.6429424285888672,1217.6740169525146
1.6219615936279297,1211.1859321594238
1.4371871948242188,1249.152660369873
1.1529922485351562,1250.4990100860596
1.1191368103027344,1215.6851291656494
1.0647773742675781,1213.1989002227783
1.2881755828857422,1210.0169658660889
1.0251998901367188,1219.818115234375
1.3439655303955078,1212.4691009521484
1.8723011016845703,1214.4389152526855
1.7342567443847656,1216.5801525115967
2.1822452545166016,1218.8529968261719
1.9078254699707031,1210.3219032287598
1.543283462524414,1212.6340866088867
1.02996826171875,1236.2170219421387
0.8730888366699219,1213.3209705352783
1.2598037719726562,1219.0401554107666
1.0209083557128906,1222.6290702819824
1.96075439453125,1212.385892868042
2.0368099212646484,1237.7679347991943
1.4331340789794922,1220.4852104187012
2.130746841430664,1230.3099632263184
2.4061203002929688,1217.9200649261475
2.0852088928222656,1231.5702438354492
1.2469291687011719,1211.651086807251
2.670764923095703,1215.522050857544
1.2860298156738281,1217.9720401763916
1.2929439544677734,1221.0278511047363
1.6088485717773438,1225.9540557861328
1.4939308166503906,1226.0563373565674
1.4421939849853516,1218.0287837982178
1.1429786682128906,1215.3761386871338
1.4851093292236328,1218.6279296875
1.3911724090576172,1231.0290336608887
1.065969467163086,1236.769199371338
0.9799003601074219,1228.4700870513916
0.8809566497802734,1214.2868041992188
0.8749961853027344,1220.6542491912842
0.8702278137207031,1215.815782546997
0.9160041809082031,1216.5229320526123
0.865936279296875,1230.3388118743896
0.9410381317138672,1216.9878482818604
0.9441375732421875,1216.9971466064453
1.0962486267089844,1218.508005142212
1.4598369598388672,1219.5889949798584
1.4159679412841797,1225.968837738037
1.2848377227783203,1229.2580604553223
1.1382102966308594,1223.8008975982666
1.0597705841064453,1218.3120250701904
1.177072525024414,1220.2579975128174
1.341104507446289,1213.8283252716064
1.7342567443847656,1213.9630317687988
1.4357566833496094,1212.5391960144043
1.0848045349121094,1229.1009426116943
1.1029243469238281,1219.355821609497
1.0790824890136719,1212.3491764068604
1.477956771850586,1212.9640579223633
1.4469623565673828,1213.001012802124
1.4519691467285156,1219.1641330718994
1.5499591827392578,1215.074062347412
1.4579296112060547,1215.0473594665527
0.9720325469970703,1215.118169784546
0.9889602661132812,1214.7080898284912
1.3592243194580078,1215.345859527588
1.0268688201904297,1213.575839996338
1.6100406646728516,1216.2961959838867
1.1789798736572266,1215.5280113220215
1.814126968383789,1215.608835220337
2.0189285278320312,1219.0730571746826
2.0427703857421875,1212.7599716186523
1.9061565399169922,1222.9042053222656
2.586841583251953,1217.9162502288818
2.5262832641601562,1217.8118228912354
1.474618911743164,1218.3899879455566
1.8880367279052734,1215.0640487670898
1.6849040985107422,1216.336965560913
1.6710758209228516,1211.714744567871
1.600027084350586,1211.639165878296
2.0058155059814453,1222.424030303955
1.6660690307617188,1220.1931476593018
1.3058185577392578,1214.1571044921875
1.9669532775878906,1216.7279720306396
2.309083938598633,1211.780071258545
2.3088455200195312,1213.5741710662842
1.7590522766113281,1219.9718952178955
2.196073532104492,1214.5402431488037
2.6738643646240234,1214.4672870635986
1.3818740844726562,1219.4390296936035
1.416921615600586,1213.507890701294
1.6210079193115234,1215.8849239349365
1.5709400177001953,1223.905086517334
1.096963882446289,1216.1140441894531
1.1811256408691406,1217.0369625091553
1.7521381378173828,1216.9537544250488
1.9397735595703125,1226.377010345459
2.1300315856933594,1219.9249267578125
2.596139907836914,1213.96803855896
2.0580291748046875,1209.6588611602783
2.6161670684814453,1217.7417278289795
3.2930374145507812,1218.0640697479248
3.2858848571777344,1216.0842418670654
2.32696533203125,1209.9530696868896
2.0880699157714844,1222.1648693084717
2.1219253540039062,1217.7772521972656
2.750873565673828,1212.125301361084
2.022266387939453,1226.3460159301758
1.4901161193847656,1226.2132167816162
1.4600753784179688,1214.0893936157227
1.5690326690673828,1216.0921096801758
1.50299072265625,1224.4610786437988
1.2831687927246094,1226.0127067565918
1.425027847290039,1220.6840515136719
1.4698505401611328,1220.0138568878174
2.1219253540039062,1214.9481773376465
2.1440982818603516,1215.8501148223877
1.7337799072265625,1232.2540283203125
1.7642974853515625,1221.1289405822754
1.5118122100830078,1217.3001766204834
1.6820430755615234,1215.1057720184326
4.369258880615234,1243.5200214385986
2.3369789123535156,1242.703914642334
1.7359256744384766,1239.022970199585
1.6121864318847656,1216.723918914795
1.3079643249511719,1215.940237045288
1.550912857055664,1219.3450927734375
1.669168472290039,1225.3038883209229
1.5289783477783203,1215.2462005615234
2.071857452392578,1206.7821025848389
2.032041549682617,1208.8160514831543
1.425027847290039,1236.407995223999
1.4519691467285156,1219.0158367156982
2.871990203857422,1226.2802124023438
10.425806045532227,1219.3751335144043
1.6710758209228516,1225.7411479949951
1.1599063873291016,1220.9670543670654
1.3110637664794922,1256.2620639801025
0.9160041809082031,1227.6301383972168
1.4541149139404297,1231.6539287567139
0.8189678192138672,1229.1898727416992
1.4030933380126953,1219.4900512695312
1.0848045349121094,1219.33913230896
1.3051033020019531,1210.9849452972412
4.395961761474609,1228.675127029419
4.3888092041015625,1222.6908206939697
4.398107528686523,1240.2839660644531
2.8188228607177734,1208.4300518035889
4.584312438964844,1251.5289783477783
2.2792816162109375,1221.8360900878906
2.424955368041992,1253.57985496521
2.140045166015625,1233.605146408081
1.85394287109375,1219.4318771362305
2.0148754119873047,1217.4339294433594
1.779794692993164,1223.139762878418
1.989126205444336,1221.1620807647705
2.221822738647461,1223.2179641723633
2.128124237060547,1240.0729656219482
2.026081085205078,1259.4351768493652
2.814054489135742,1240.4139041900635
2.2361278533935547,1212.2671604156494
2.1429061889648438,1229.384183883667
1.306295394897461,1221.2457656860352
2.1729469299316406,1225.7120609283447
2.4340152740478516,1221.6057777404785
2.4170875549316406,1212.3568058013916
2.179861068725586,1256.1218738555908
4.183053970336914,1218.6660766601562
5.172014236450195,1213.0508422851562
3.1900405883789062,1212.7718925476074
3.771066665649414,1213.374137878418
2.7451515197753906,1215.118169784546
1.7631053924560547,1216.6268825531006
2.0699501037597656,1219.5589542388916
1.7809867858886719,1213.404893875122
2.32696533203125,1215.0907516479492
1.7271041870117188,1214.155912399292
1.9860267639160156,1219.8529243469238
1.5408992767333984,1218.06001663208
2.2351741790771484,1215.1191234588623
1.6951560974121094,1217.383861541748
1.447916030883789,1217.8139686584473
2.0020008087158203,1219.8607921600342
2.223968505859375,1218.825101852417
1.779794692993164,1219.7489738464355
3.1731128692626953,1213.958978652954
2.0732879638671875,1212.4450206756592
2.658843994140625,1221.9281196594238
2.477884292602539,1216.5749073028564
2.8018951416015625,1218.1661128997803
1.68609619140625,1216.0401344299316
1.8279552459716797,1213.6032581329346
2.1021366119384766,1228.7909984588623
1.8401145935058594,1218.8677787780762
1.5442371368408203,1230.9701442718506
1.505136489868164,1225.416898727417
1.2118816375732422,1231.3718795776367
0.9858608245849609,1236.9530200958252
0.9560585021972656,1220.2789783477783
1.2760162353515625,1229.1371822357178
1.4448165893554688,1220.3869819641113
1.4002323150634766,1212.9640579223633
1.5637874603271484,1221.1458683013916
1.5518665313720703,1222.9609489440918
2.14385986328125,1236.9661331176758
1.5709400177001953,1215.6181335449219
1.7237663269042969,1218.0321216583252
1.1909008026123047,1226.7510890960693
1.779317855834961,1220.1926708221436
1.7170906066894531,1221.6801643371582
1.2969970703125,1228.7187576293945
1.9872188568115234,1229.851245880127
2.0210742950439453,1232.0199012756348
2.176046371459961,1232.903242111206
2.1529197692871094,1219.7730541229248
1.779317855834961,1218.6830043792725
1.7859935760498047,1237.8759384155273
3.8111209869384766,1233.0219745635986
2.051115036010742,1215.6031131744385
2.802133560180664,1222.9008674621582
1.4569759368896484,1216.3350582122803
1.3799667358398438,1213.430643081665
1.85394287109375,1224.8780727386475
1.590728759765625,1212.7461433410645
1.6231536865234375,1215.9171104431152
1.9099712371826172,1214.1690254211426
1.9352436065673828,1221.9350337982178
1.7421245574951172,1228.743076324463
1.834869384765625,1214.7541046142578
1.6481876373291016,1212.9111289978027
1.4028549194335938,1221.1029529571533
1.6858577728271484,1225.3901958465576
1.6770362854003906,1213.440179824829
1.506805419921875,1215.501070022583
1.7521381378173828,1217.4551486968994
1.5039443969726562,1215.6176567077637
2.8858184814453125,1223.738670349121
2.1779537200927734,1219.9039459228516
2.672910690307617,1215.1269912719727
1.7130374908447266,1213.9208316802979
2.460956573486328,1217.5438404083252
2.2132396697998047,1216.4850234985352
1.8420219421386719,1221.9929695129395
1.8308162689208984,1221.5099334716797
3.0510425567626953,1225.290060043335
1.981973648071289,1220.1437950134277
1.699686050415039,1225.2449989318848
1.7650127410888672,1225.1477241516113
2.529144287109375,1223.3209609985352
3.020048141479492,1215.622901916504
2.9981136322021484,1232.3980331420898
2.4139881134033203,1223.046064376831
2.765178680419922,1213.1588459014893
2.846956253051758,1221.8940258026123
3.3617019653320312,1214.5609855651855
3.1740665435791016,1226.7887592315674
2.7658939361572266,1214.2221927642822
3.7708282470703125,1213.1290435791016
1.8911361694335938,1223.586082458496
1.9049644470214844,1220.2448844909668
2.6051998138427734,1218.614101409912
2.3660659790039062,1223.8337993621826
2.580881118774414,1215.8548831939697
2.110004425048828,1216.2730693817139
5.805015563964844,1213.3550643920898
2.107858657836914,1220.7791805267334
2.7608871459960938,1214.1621112823486
2.1309852600097656,1208.3909511566162
1.7778873443603516,1221.8818664550781
1.542806625366211,1245.7859516143799
1.9462108612060547,1224.806785583496
2.7201175689697266,1253.2072067260742
2.313852310180664,1258.3999633789062
2.446889877319336,1221.8422889709473
2.3927688598632812,1221.0040092468262
3.462076187133789,1213.2580280303955
2.259969711303711,1215.8610820770264
3.110170364379883,1216.4561748504639
4.559993743896484,1221.588134765625
2.3179054260253906,1234.9801063537598
3.7322044372558594,1224.3311405181885
4.181861877441406,1224.4391441345215
2.8159618377685547,1228.6708354949951
2.6178359985351562,1234.835147857666
2.189159393310547,1243.4000968933105
3.023862838745117,1265.9268379211426
3.2329559326171875,1215.7471179962158
4.27699089050293,1222.548007965088
2.7458667755126953,1217.1647548675537
1.7819404602050781,1251.849889755249
5.835771560668945,1227.1099090576172
4.992008209228516,1228.0769348144531
4.800081253051758,1221.8382358551025
3.677845001220703,1250.6000995635986
1.7840862274169922,1256.6230297088623
2.4378299713134766,1252.1851062774658
1.783132553100586,1229.7039031982422
1.5130043029785156,1251.8541812896729
1.0647773742675781,1236.9379997253418
0.9527206420898438,1242.3062324523926
0.926971435546875,1255.1770210266113
1.3172626495361328,1215.7177925109863
1.026153564453125,1213.515043258667
0.7207393646240234,1232.7439785003662
1.4619827270507812,1220.7870483398438
1.3022422790527344,1216.9420719146729
0.7557868957519531,1240.1540279388428
1.1782646179199219,1217.9079055786133
1.5819072723388672,1230.3800582885742
1.3270378112792969,1223.214864730835
0.7867813110351562,1211.8120193481445
0.9429454803466797,1214.2539024353027
0.720977783203125,1213.4289741516113
0.6289482116699219,1212.8398418426514
2.1538734436035156,1216.7942523956299
0.8780956268310547,1215.8069610595703
1.7011165618896484,1218.000888824463
1.8391609191894531,1211.7629051208496
0.8282661437988281,1213.0098342895508
0.8769035339355469,1211.0209465026855
1.0437965393066406,1217.668056488037
0.8192062377929688,1220.3209400177002
2.035856246948242,1227.9319763183594
0.8742809295654297,1214.2291069030762
2.0449161529541016,1224.4668006896973
1.0898113250732422,1214.2798900604248
1.4116764068603516,1225.9111404418945
1.0418891906738281,1222.4030494689941
1.1830329895019531,1216.8529033660889
1.0182857513427734,1220.6180095672607
0.9562969207763672,1221.343994140625
1.3239383697509766,1214.9388790130615
0.9729862213134766,1215.130090713501
1.110076904296875,1216.7460918426514
1.155853271484375,1225.3952026367188
1.4069080352783203,1220.893144607544
0.8671283721923828,1216.576099395752
0.9150505065917969,1232.3100566864014
1.02996826171875,1224.9350547790527
1.2280941009521484,1237.5891208648682
0.8699893951416016,1231.5409183502197
0.8220672607421875,1218.6260223388672
0.8108615875244141,1224.9250411987305
1.5339851379394531,1233.309030532837
1.7151832580566406,1223.7038612365723
1.5909671783447266,1216.059923171997
1.1420249938964844,1215.4591083526611
1.127004623413086,1215.682029724121
1.0349750518798828,1216.3026332855225
0.8382797241210938,1215.810775756836
1.4410018920898438,1240.6389713287354
1.875162124633789,1213.7091159820557
1.9888877868652344,1210.6120586395264
1.4917850494384766,1215.792179107666
1.489877700805664,1217.8330421447754
1.383066177368164,1228.614091873169
0.8449554443359375,1212.6379013061523
1.1599063873291016,1211.9081020355225
1.0287761688232422,1217.918872833252
3.149747848510742,1224.2302894592285
1.5039443969726562,1219.3899154663086
1.3382434844970703,1211.331844329834
1.3370513916015625,1212.0060920715332
1.3320446014404297,1214.4830226898193
1.0728836059570312,1210.6220722198486
1.8529891967773438,1212.3148441314697
1.9428730010986328,1210.3300094604492
1.6260147094726562,1213.7572765350342
1.2040138244628906,1215.6949043273926
1.1341571807861328,1214.0872478485107
1.4252662658691406,1215.7111167907715
1.4400482177734375,1213.176965713501
1.9221305847167969,1214.7109508514404
3.337860107421875,1221.0030555725098
1.60980224609375,1220.1132774353027
1.5642642974853516,1222.1729755401611
1.5490055084228516,1217.386245727539
1.5888214111328125,1223.9458560943604
2.054929733276367,1217.6239490509033
2.0821094512939453,1219.944953918457
2.379894256591797,1214.5988941192627
2.077817916870117,1223.0830192565918
2.232074737548828,1217.2508239746094
2.2928714752197266,1219.2928791046143
2.0940303802490234,1219.4418907165527
1.886129379272461,1214.2503261566162
1.6932487487792969,1219.9490070343018
2.1419525146484375,1215.2268886566162
1.5540122985839844,1219.2602157592773
2.0999908447265625,1220.8189964294434
1.631021499633789,1216.6590690612793
1.7707347869873047,1228.5919189453125
1.856088638305664,1218.980073928833
2.6731491088867188,1218.946933746338
2.434968948364258,1217.2441482543945
2.4640560150146484,1222.3358154296875
2.5548934936523438,1221.182107925415
3.145933151245117,1216.8371677398682
3.0260086059570312,1216.4218425750732
2.696990966796875,1217.9160118103027
3.2689571380615234,1212.7761840820312
3.072977066040039,1213.8571739196777
3.0269622802734375,1212.6719951629639
2.807140350341797,1215.9597873687744
2.3539066314697266,1210.30592918396
1.5931129455566406,1213.3369445800781
1.6100406646728516,1217.2698974609375
4.469156265258789,1224.7889041900635
2.599954605102539,1222.3570346832275
3.3719539642333984,1220.736026763916
2.173900604248047,1211.44700050354
3.3998489379882812,1214.202880859375
2.959728240966797,1229.9299240112305
2.763032913208008,1220.3028202056885
1.8460750579833984,1211.6529941558838
3.1280517578125,1213.8590812683105
2.929210662841797,1225.6100177764893
1.8839836120605469,1218.7671661376953
1.4340877532958984,1238.2359504699707
1.8029212951660156,1232.9537868499756
1.6067028045654297,1220.6621170043945
3.3659934997558594,1224.592924118042
2.7000904083251953,1239.6290302276611
2.0852088928222656,1213.9520645141602
3.5889148712158203,1213.8159275054932
3.802061080932617,1224.9069213867188
4.624843597412109,1268.5041427612305
1.766204833984375,1298.7592220306396
2.6340484619140625,1232.478380203247
3.8950443267822266,1229.572057723999
2.8400421142578125,1249.8271465301514
1.9748210906982422,1244.9650764465332
3.261089324951172,1302.3548126220703
2.335071563720703,1315.1040077209473
2.5768280029296875,1310.9800815582275
1.3217926025390625,1271.6829776763916
2.588987350463867,1242.959976196289
2.149820327758789,1278.998851776123
2.9799938201904297,1233.4928512573242
2.077817916870117,1307.2760105133057
2.895832061767578,1249.3329048156738
2.6769638061523438,1240.1299476623535
2.7251243591308594,1233.3619594573975
1.898050308227539,1263.8578414916992
1.7800331115722656,1300.6479740142822
2.4192333221435547,1311.3746643066406
3.1092166900634766,1226.0432243347168
2.0270347595214844,1219.5830345153809
1.9800662994384766,1221.2259769439697
1.6188621520996094,1288.851261138916
1.9991397857666016,1298.8519668579102
1.9500255584716797,1221.0299968719482
4.173994064331055,1241.4650917053223
4.2018890380859375,1228.093147277832
2.2089481353759766,1215.2600288391113
2.218008041381836,1219.0122604370117
3.8912296295166016,1263.1940841674805
3.7348270416259766,1235.2182865142822
3.119945526123047,1265.0411128997803
4.449129104614258,1301.7568588256836
5.229711532592773,1310.4052543640137
1.615285873413086,1307.560920715332
2.228975296020508,1258.7180137634277
2.1839141845703125,1311.0721111297607
2.2869110107421875,1221.1389541625977
1.9702911376953125,1222.0699787139893
1.4901161193847656,1228.4519672393799
1.2099742889404297,1243.0529594421387
1.6260147094726562,1237.941026687622
1.33514404296875,1251.6191005706787
2.250194549560547,1266.5150165557861
1.4410018920898438,1268.183946609497
1.2772083282470703,1212.7749919891357
1.2521743774414062,1211.9479179382324
1.1162757873535156,1221.6222286224365
1.2860298156738281,1215.1539325714111
1.216888427734375,1212.8398418426514
1.7158985137939453,1216.1331176757812
1.6100406646728516,1211.834192276001
1.4719963073730469,1210.6618881225586
0.9810924530029297,1213.900089263916
1.4820098876953125,1222.7270603179932
1.5780925750732422,1219.6059226989746
1.280069351196289,1210.7632160186768
0.8890628814697266,1211.4219665527344
1.177072525024414,1221.2951183319092
1.7249584197998047,1214.4460678100586
1.6901493072509766,1224.4830131530762
0.8039474487304688,1214.489221572876
2.0630359649658203,1214.8449420928955
2.0058155059814453,1208.993911743164
2.1181106567382812,1212.632656097412
2.0751953125,1222.0380306243896
1.7139911651611328,1210.6289863586426
0.8859634399414062,1211.3440036773682
1.0578632354736328,1211.043119430542
1.1260509490966797,1212.1429443359375
1.0848045349121094,1215.061902999878
0.8251667022705078,1228.8200855255127
0.698089599609375,1218.2300090789795
3.4270286560058594,1235.069990158081
3.319978713989258,1211.8439674377441
1.9447803497314453,1221.4961051940918
1.714944839477539,1222.4147319793701
1.3859272003173828,1217.0569896697998
1.3828277587890625,1216.2981033325195
1.3051033020019531,1229.0408611297607
1.2209415435791016,1215.6059741973877
0.865936279296875,1213.3069038391113
0.8161067962646484,1214.2651081085205
0.7519721984863281,1237.8277778625488
1.741170883178711,1211.646318435669
1.6448497772216797,1233.7920665740967
1.8520355224609375,1211.935043334961
1.2853145599365234,1212.1400833129883
1.0497570037841797,1226.4010906219482
1.316070556640625,1234.753131866455
0.9331703186035156,1214.5991325378418
0.9319782257080078,1220.0870513916016
0.8149147033691406,1230.3109169006348
1.313924789428711,1219.3739414215088
1.3530254364013672,1214.6580219268799
0.9570121765136719,1215.9359455108643
1.1327266693115234,1209.3498706817627
1.5478134155273438,1209.385871887207
2.056121826171875,1208.8592052459717
1.7600059509277344,1211.7249965667725
1.2142658233642578,1219.0756797790527
1.6529560089111328,1221.8351364135742
1.6210079193115234,1220.2768325805664
1.0879039764404297,1216.7401313781738
1.4178752899169922,1217.7987098693848
1.2960433959960938,1222.2659587860107
1.3051033020019531,1211.7280960083008
1.7888545989990234,1220.23606300354
2.084970474243164,1214.482069015503
2.0661354064941406,1216.5110111236572
1.2979507446289062,1218.5230255126953
1.2352466583251953,1212.8770351409912
1.2521743774414062,1221.4298248291016
1.4808177947998047,1229.4490337371826
2.1979808807373047,1214.6532535552979
2.4242401123046875,1217.1599864959717
4.009008407592773,1219.0940380096436
3.160238265991211,1218.1212902069092
2.894163131713867,1216.0429954528809
1.8711090087890625,1213.6409282684326
2.2568702697753906,1213.8957977294922
2.0639896392822266,1218.6522483825684
3.2591819763183594,1210.6764316558838
3.0400753021240234,1215.9290313720703
2.810955047607422,1213.8118743896484
1.6160011291503906,1213.8092517852783
1.9528865814208984,1217.87428855896
2.0418167114257812,1212.1810913085938
2.405881881713867,1209.575891494751
1.6570091247558594,1210.3040218353271
8.829116821289062,1210.3660106658936
8.793830871582031,1213.5920524597168
12.695074081420898,1218.1849479675293
2.232074737548828,1212.5329971313477
2.7170181274414062,1212.7470970153809
2.9990673065185547,1210.9928131103516
3.0241012573242188,1221.053123474121
3.4029483795166016,1224.5359420776367
1.9452571868896484,1213.6740684509277
2.5610923767089844,1217.7021503448486
2.537965774536133,1227.4329662322998
2.490997314453125,1220.660924911499
7.587671279907227,1246.2198734283447
5.77092170715332,1228.3611297607422
4.522085189819336,1247.0738887786865
3.2608509063720703,1222.337007522583
1.5158653259277344,1214.6570682525635
2.256155014038086,1214.599847793579
1.954793930053711,1212.0599746704102
1.8990039825439453,1211.1289501190186
2.045869827270508,1212.9168510437012
2.1462440490722656,1219.1271781921387
2.168893814086914,1243.2091236114502
2.299785614013672,1216.5110111236572
2.2988319396972656,1228.7487983703613
2.1927356719970703,1248.8458156585693
2.296924591064453,1264.4238471984863
1.77001953125,1218.5680866241455
2.7298927307128906,1219.6171283721924
2.048015594482422,1256.4928531646729
3.103971481323242,1256.4620971679688
2.184152603149414,1217.012882232666
1.7409324645996094,1243.8759803771973
2.362966537475586,1245.0439929962158
2.624034881591797,1240.8299446105957
4.240274429321289,1251.0838508605957
4.153013229370117,1297.098159790039
3.8328170776367188,1267.1499252319336
1.3878345489501953,1222.6719856262207
1.5633106231689453,1239.246129989624
2.276897430419922,1217.383861541748
2.1800994873046875,1247.6110458374023
1.8129348754882812,1218.8680171966553
1.3298988342285156,1233.9110374450684
1.1608600616455078,1252.5949478149414
1.6841888427734375,1301.203966140747
3.854990005493164,1240.523099899292
2.1581649780273438,1262.2241973876953
1.2848377227783203,1243.3500289916992
1.5931129455566406,1275.385856628418
1.5521049499511719,1258.9750289916992
2.8901100158691406,1214.8563861846924
2.0051002502441406,1238.7919425964355
2.7437210083007812,1222.2981452941895
3.942728042602539,1253.5040378570557
3.698110580444336,1246.980905532837
1.280069351196289,1212.2249603271484
1.3942718505859375,1227.5660037994385
1.489877700805664,1261.2860202789307
1.3608932495117188,1231.5950393676758
2.2721290588378906,1235.6500625610352
1.7571449279785156,1249.7138977050781
2.1140575408935547,1221.9698429107666
1.6529560089111328,1233.4342002868652
1.9729137420654297,1232.3217391967773
1.8961429595947266,1238.6679649353027
1.6129016876220703,1221.2448120117188
3.528118133544922,1212.6719951629639
3.545045852661133,1211.414098739624
3.457784652709961,1229.0458679199219
2.710103988647461,1230.4041385650635
2.2737979888916016,1211.7750644683838
2.192974090576172,1216.0558700561523
2.2759437561035156,1261.066198348999
2.460956573486328,1216.0093784332275
5.626916885375977,1212.4240398406982
4.961967468261719,1214.5130634307861
5.710124969482422,1224.3709564208984
2.777099609375,1221.4410305023193
4.262208938598633,1213.3619785308838
4.174947738647461,1213.8259410858154
4.771947860717773,1216.8591022491455
4.497051239013672,1213.4151458740234
3.525972366333008,1216.6810035705566
2.772808074951172,1221.175193786621
2.6509761810302734,1213.198184967041
1.7957687377929688,1213.3393287658691
2.262115478515625,1215.8372402191162
3.5669803619384766,1215.9898281097412
3.0870437622070312,1213.7370109558105
1.402139663696289,1215.4169082641602
3.9110183715820312,1216.7983055114746
3.534078598022461,1214.2388820648193
2.3081302642822266,1216.360092163086
2.844095230102539,1214.5042419433594
2.667665481567383,1218.7609672546387
1.9290447235107422,1210.541009902954
4.722833633422852,1213.9830589294434
2.888917922973633,1213.5260105133057
1.8413066864013672,1212.8310203552246
2.7501583099365234,1220.3819751739502
4.402875900268555,1212.7649784088135
3.5200119018554688,1214.400053024292
1.9769668579101562,1219.923973083496
4.081249237060547,1224.2231369018555
1.627206802368164,1214.237928390503
1.3680458068847656,1213.0382061004639
1.0139942169189453,1212.580919265747
8.733987808227539,1214.5202159881592
1.9602775573730469,1211.526870727539
1.2538433074951172,1253.1800270080566
1.4650821685791016,1217.2338962554932
1.1599063873291016,1212.123155593872
2.2001266479492188,1225.6782054901123
1.6279220581054688,1231.9750785827637
0.7290840148925781,1227.3740768432617
1.4679431915283203,1227.3890972137451
1.2278556823730469,1215.7361507415771
2.991199493408203,1216.5911197662354
9.202957153320312,1217.1530723571777
1.1260509490966797,1216.6872024536133
2.4938583374023438,1214.9713039398193
1.0879039764404297,1247.4801540374756
3.283977508544922,1256.6680908203125
3.9360523223876953,1213.5848999023438
7.276773452758789,1229.569911956787
1.953125,1214.3652439117432
1.3971328735351562,1215.8291339874268
1.547098159790039,1213.036060333252
1.481771469116211,1216.1002159118652
3.156900405883789,1219.7520732879639
15.716075897216797,1238.8873100280762
3.147125244140625,1223.7200736999512
2.825021743774414,1222.0017910003662
5.246877670288086,1214.5936489105225
2.6628971099853516,1213.4981155395508
3.2858848571777344,1221.5499877929688
1.6789436340332031,1216.1059379577637
1.5769004821777344,1220.8259105682373
6.266117095947266,1214.188814163208
2.2749900817871094,1215.5709266662598
4.132986068725586,1215.954065322876
18.47982406616211,1246.7069625854492
4.626750946044922,1218.3828353881836
5.061864852905273,1219.2699909210205
17.461061477661133,1222.5449085235596
0.7612705230712891,1224.1652011871338
0.8130073547363281,1220.1778888702393
1.9350051879882812,1209.4390392303467
1.3968944549560547,1225.1060009002686
1.3539791107177734,1213.3119106292725
1.8851757049560547,1215.7788276672363
1.6779899597167969,1217.1292304992676
1.6961097717285156,1216.4320945739746
1.4567375183105469,1244.8160648345947
1.7631053924560547,1223.1130599975586
1.9278526306152344,1218.0049419403076
2.1262168884277344,1218.0931568145752
1.7468929290771484,1216.2160873413086
1.6939640045166016,1210.26611328125
1.7957687377929688,1219.8541164398193
1.486063003540039,1210.9570503234863
1.2981891632080078,1215.9528732299805
1.2500286102294922,1211.616039276123
3.403902053833008,1218.7919616699219
1.5959739685058594,1217.2698974609375
1.0459423065185547,1213.165044784546
2.5911331176757812,1215.7680988311768
1.833200454711914,1215.0120735168457
2.1009445190429688,1217.0588970184326
13.664007186889648,1216.1719799041748
13.554811477661133,1215.5988216400146
1.8429756164550781,1216.9320583343506
1.5108585357666016,1225.7778644561768
1.0509490966796875,1224.6367931365967
1.0061264038085938,1226.6080379486084
0.8800029754638672,1219.3219661712646
0.9899139404296875,1230.5030822753906
1.2700557708740234,1210.963249206543
1.2998580932617188,1230.0381660461426
0.8969306945800781,1222.4090099334717
2.1359920501708984,1227.3657321929932
2.009153366088867,1212.6939296722412
2.2318363189697266,1225.8000373840332
1.1091232299804688,1226.4320850372314
1.3589859008789062,1215.4769897460938
1.5418529510498047,1216.5229320526123
1.1599063873291016,1234.0710163116455
1.5571117401123047,1215.4521942138672
1.7609596252441406,1210.402011871338
1.7981529235839844,1228.9049625396729
1.8486976623535156,1221.3709354400635
1.5921592712402344,1223.0620384216309
1.5151500701904297,1219.6569442749023
2.0329952239990234,1238.5940551757812
1.3270378112792969,1236.6111278533936
1.8837451934814453,1231.5471172332764
3.084897994995117,1239.7301197052002
1.809835433959961,1235.51607131958
2.8269290924072266,1234.6758842468262
2.3500919342041016,1231.9729328155518
1.9121170043945312,1212.5980854034424
1.8410682678222656,1244.8501586914062
2.6209354400634766,1219.9389934539795
2.468109130859375,1221.3549613952637
3.3402442932128906,1213.5639190673828
2.753019332885742,1222.6979732513428
2.4178028106689453,1236.9210720062256
2.156972885131836,1218.6510562896729
2.4871826171875,1234.4167232513428
1.89208984375,1230.410099029541
2.469778060913086,1212.3498916625977
3.9167404174804688,1229.719877243042
5.388975143432617,1222.5568294525146
4.437923431396484,1256.7157745361328
1.2271404266357422,1224.1270542144775
1.432180404663086,1218.3871269226074
1.3360977172851562,1223.8712310791016
1.6322135925292969,1227.6980876922607
1.3430118560791016,1215.6081199645996
1.9609928131103516,1229.1078567504883
1.7850399017333984,1219.0148830413818
2.2602081298828125,1231.8158149719238
2.227783203125,1211.4181518554688
2.7670860290527344,1215.0583267211914
2.228975296020508,1215.9879207611084
2.941131591796875,1215.022087097168
2.6149749755859375,1223.188877105713
2.0301342010498047,1231.076717376709
2.5980472564697266,1220.3068733215332
2.705097198486328,1212.6600742340088
1.5680789947509766,1214.9758338928223
1.4300346374511719,1225.8541584014893
2.125978469848633,1224.7517108917236
2.1088123321533203,1231.6946983337402
2.908945083618164,1212.3253345489502
2.683877944946289,1220.3221321105957
2.5911331176757812,1220.1168537139893
6.33692741394043,1215.7821655273438
5.316734313964844,1214.3750190734863
7.256031036376953,1211.8477821350098
2.396106719970703,1220.0977802276611
2.5620460510253906,1216.02201461792
4.806995391845703,1223.8450050354004
11.471033096313477,1216.630220413208
15.475273132324219,1215.8968448638916
15.282869338989258,1227.1728515625
1.8999576568603516,1238.2662296295166
1.8649101257324219,1237.473964691162
1.5077590942382812,1231.3151359558105
1.3089179992675781,1213.0932807922363
1.3079643249511719,1213.0918502807617
1.9440650939941406,1219.2142009735107
2.0308494567871094,1218.2846069335938
2.3698806762695312,1216.14408493042
37.503957748413086,1214.982032775879
3.8459300994873047,1219.4550037384033
36.50712966918945,1212.8281593322754
0.7617473602294922,1219.5351123809814
0.6461143493652344,1211.7388248443604
0.6310939788818359,1227.306842803955
0.8242130279541016,1219.9370861053467
0.8690357208251953,1230.6818962097168
0.6380081176757812,1229.7430038452148
0.9670257568359375,1229.2430400848389
0.9858608245849609,1221.6520309448242
0.7727146148681641,1221.9979763031006
1.119852066040039,1226.4127731323242
1.0499954223632812,1215.3780460357666
0.7538795471191406,1212.372064590454
0.7669925689697266,1217.2420024871826
1.2881755828857422,1227.8952598571777
1.9588470458984375,1214.6408557891846
2.8409957885742188,1220.11399269104
4.724979400634766,1212.0780944824219
41.602134704589844,1221.1649417877197
41.906118392944336,1215.2698040008545
2.457857131958008,1211.6217613220215
3.471851348876953,1220.4437255859375
1.5170574188232422,1217.2930240631104
1.0919570922851562,1211.2622261047363
1.0061264038085938,1210.7789516448975
0.9989738464355469,1225.8331775665283
0.7739067077636719,1218.890905380249
0.972747802734375,1214.2980098724365
0.8068084716796875,1212.6209735870361
0.9648799896240234,1213.2558822631836
0.576019287109375,1213.7651443481445
0.6399154663085938,1214.6480083465576
0.6206035614013672,1213.315725326538
0.6527900695800781,1213.1760120391846
0.4990100860595703,1213.932752609253
0.9052753448486328,1215.5699729919434
0.7991790771484375,1212.2201919555664
0.7600784301757812,1241.8501377105713
0.5538463592529297,1247.0340728759766
0.48995018005371094,
0.6849765777587891,
0.6170272827148438,
0.44727325439453125,
0.4267692565917969,
0.5381107330322266,
0.5159378051757812,
1.5649795532226562,
1.8117427825927734,
0.7889270782470703,
1.222848892211914,
0.8161067962646484,
0.4138946533203125,
0.5259513854980469,
0.5619525909423828,
0.7369518280029297,
0.6527900695800781,
0.6279945373535156,
0.8389949798583984,
0.8089542388916016,
1.0509490966796875,
1.50299072265625,
1.2471675872802734,
0.7340908050537109,
1.3570785522460938,
0.7970333099365234,
1.7290115356445312,
4.235982894897461,
4.113912582397461,
2.862215042114258,
3.1130313873291016,
1.470804214477539,
1.9922256469726562,
3.098011016845703,
2.920866012573242,
9.430885314941406,
9.959936141967773,
3.3092498779296875,
10.92386245727539,
3.2930374145507812,
3.676891326904297,
9.077072143554688,
4.272222518920898,
7.565021514892578,
7.325887680053711,
0.8640289306640625,
0.6759166717529297,
0.8409023284912109,
0.8509159088134766,
1.5039443969726562,
0.6961822509765625,
0.7679462432861328,
0.8411407470703125,
0.7989406585693359,
0.8170604705810547,
0.7848739624023438,
0.6959438323974609,
0.8349418640136719,
0.8311271667480469,
1.4789104461669922,
1.5480518341064453,
4.931211471557617,
7.552623748779297,
5.94782829284668,
15.22684097290039,
6.168842315673828,
1.2431144714355469,
0.6041526794433594,
28.51581573486328,
6.370067596435547,
11.204004287719727,
7.245063781738281,
8.624792098999023,
7.953166961669922,
2.1278858184814453,
1.6393661499023438,
1.1067390441894531,
1.86920166015625,
1.7609596252441406,
2.08282470703125,
1.898050308227539,
2.1560192108154297,
2.5987625122070312,
1.934051513671875,
1.6510486602783203,
2.6879310607910156,
1.331329345703125,
1.0731220245361328,
0.9121894836425781,
0.7910728454589844,
0.6940364837646484,
1.2857913970947266,
1.1289119720458984,
1.4061927795410156,
1.287221908569336,
1.0600090026855469,
0.6780624389648438,
1.447916030883789,
1.5659332275390625,
1.5380382537841797,
0.9410381317138672,
1.1110305786132812,
1.5158653259277344,
1.4069080352783203,
2.0227432250976562,
1.7209053039550781,
2.4199485778808594,
1.9299983978271484,
1.7697811126708984,
1.3670921325683594,
1.6498565673828125,
2.090930938720703,
2.6769638061523438,
2.4979114532470703,
1.8110275268554688,
2.0599365234375,
1.5442371368408203,
1.3911724090576172,
2.79998779296875,
2.588033676147461,
2.2919178009033203,
1.3360977172851562,
1.3172626495361328,
1.2679100036621094,
1.3818740844726562,
1.8720626831054688,
1.2059211730957031,
1.039743423461914,
1.580953598022461,
2.2652149200439453,
1.2688636779785156,
1.1899471282958984,
1.634836196899414,
1.4088153839111328,
1.2211799621582031,
1.7118453979492188,
1.8229484558105469,
1.6760826110839844,
1.3020038604736328,
1.508951187133789,
1.0640621185302734,
1.3720989227294922,
1.1327266693115234,
1.1591911315917969,
3.0269622802734375,
3.1158924102783203,
1.1930465698242188,
2.1567344665527344,
1.7070770263671875,
1.329183578491211,
1.1429786682128906,
1.238107681274414,
1.1630058288574219,
1.1451244354248047,
0.8900165557861328,
0.9663105010986328,
1.0528564453125,
0.9560585021972656,
1.1830329895019531,
1.0030269622802734,
1.4688968658447266,
1.4400482177734375,
1.4181137084960938,
0.9739398956298828,
0.9028911590576172,
1.2221336364746094,
1.6641616821289062,
2.1240711212158203,
1.277923583984375,
2.9418468475341797,
3.4019947052001953,
2.8853416442871094,
1.8019676208496094,
1.2919902801513672,
4.904031753540039,
1.7709732055664062,
3.673076629638672,
1.461029052734375,
1.3880729675292969,
1.129150390625,
1.3880729675292969,
1.8410682678222656,
1.043081283569336,
1.4619827270507812,
1.3842582702636719,
1.950979232788086,
1.9173622131347656,
1.2140274047851562,
2.110004425048828,
2.0859241485595703,
1.2860298156738281,
1.1091232299804688,
1.026153564453125,
1.302957534790039,
1.2590885162353516,
1.0480880737304688,
1.1320114135742188,
2.003908157348633,
1.3470649719238281,
1.1219978332519531,
0.9322166442871094,
1.0831356048583984,
1.028299331665039,
1.1930465698242188,
1.4622211456298828,
2.766847610473633,
2.290964126586914,
1.8248558044433594,
1.6181468963623047,
1.318216323852539,
1.6632080078125,
1.7011165618896484,
2.048015594482422,
1.6269683837890625,
2.079010009765625,
2.1431446075439453,
2.218961715698242,
3.0040740966796875,
1.7237663269042969,
1.5842914581298828,
1.493692398071289,
1.3730525970458984,
1.4710426330566406,
1.4090538024902344,
1.821756362915039,
1.8112659454345703,
2.2199153900146484,
1.9659996032714844,
2.2389888763427734,
1.9550323486328125,
1.7440319061279297,
2.3622512817382812,
3.0982494354248047,
3.0879974365234375,
2.485036849975586,
2.1660327911376953,
1.5711784362792969,
1.5690326690673828,
2.4340152740478516,
2.2161006927490234,
2.214193344116211,
1.7647743225097656,
1.7788410186767578,
2.521991729736328,
2.1240711212158203,
4.45103645324707,
4.537820816040039,
4.58216667175293,
5.787849426269531,
8.136987686157227,
2.6519298553466797,
1.6782283782958984,
1.9650459289550781,
2.3717880249023438,
2.3331642150878906,
1.4739036560058594,
2.079010009765625,
1.779794692993164,
2.0961761474609375,
1.6369819641113281,
1.3947486877441406,
3.1058788299560547,
2.865314483642578,
2.195119857788086,
1.3549327850341797,
1.2569427490234375,
1.344919204711914,
2.1209716796875,
3.020048141479492,
2.1169185638427734,
2.191305160522461,
1.8320083618164062,
1.5320777893066406,
1.9602775573730469,
1.9178390502929688,
2.071857452392578,
2.604961395263672,
1.86920166015625,
1.6689300537109375,
2.1882057189941406,
2.947092056274414,
2.1920204162597656,
2.886056900024414,
2.969980239868164,
2.7441978454589844,
2.459287643432617,
2.6481151580810547,
4.242897033691406,
4.770040512084961,
5.002021789550781,
2.874135971069336,
2.0742416381835938,
2.9098987579345703,
3.997802734375,
1.8050670623779297,
1.3508796691894531,
2.324819564819336,
1.6009807586669922,
2.668142318725586,
1.9299983978271484,
1.9078254699707031,
2.5458335876464844,
2.858877182006836,
2.346038818359375,
1.9521713256835938,
1.5101432800292969,
2.0551681518554688,
1.9450187683105469,
2.0089149475097656,
1.466989517211914,
1.5740394592285156,
2.086162567138672,
2.8400421142578125,
2.706289291381836,
2.763986587524414,
2.3691654205322266,
3.3788681030273438,
2.2568702697753906,
2.9587745666503906,
2.6259422302246094,
2.7849674224853516,
2.814054489135742,
2.485990524291992,
2.4738311767578125,
1.7118453979492188,
1.9998550415039062,
1.9710063934326172,
2.215862274169922,
2.3200511932373047,
2.4569034576416016,
2.088785171508789,
3.408193588256836,
3.3559799194335938,
3.144979476928711,
2.081155776977539,
1.80816650390625,
4.63104248046875,
5.005121231079102,
2.641916275024414,
2.9418468475341797,
2.065896987915039,
1.8029212951660156,
2.4628639221191406,
2.536773681640625,
3.5600662231445312,
2.192974090576172,
2.173900604248047,
2.2089481353759766,
2.4220943450927734,
1.9981861114501953,
1.4319419860839844,
1.4638900756835938,
2.176046371459961,
2.3360252380371094,
2.2537708282470703,
2.2068023681640625,
2.6090145111083984,
1.77001953125,
2.366781234741211,
2.7403831481933594,
3.1349658966064453,
2.5899410247802734,
1.5859603881835938,
1.505136489868164,
3.777742385864258,
3.6399364471435547,
6.749868392944336,
5.957126617431641,
2.3207664489746094,
2.128124237060547,
2.240896224975586,
4.603147506713867,
1.89208984375,
2.8579235076904297,
2.377033233642578,
2.9549598693847656,
4.443883895874023,
2.607107162475586,
3.094911575317383,
5.798101425170898,
5.734920501708984,
5.756855010986328,
2.3179054260253906,
2.4466514587402344,
1.8200874328613281,
3.679037094116211,
3.4470558166503906,
3.4439563751220703,
1.6269683837890625,
1.3697147369384766,
1.5909671783447266,
1.8138885498046875,
1.6360282897949219,
1.6248226165771484,
1.8928050994873047,
1.207113265991211,
1.255035400390625,
1.15203857421875,
0.9562969207763672,
2.168893814086914,
1.4948844909667969,
1.2297630310058594,
1.1856555938720703,
1.1107921600341797,
1.641988754272461,
4.385948181152344,
1.935720443725586,
1.4851093292236328,
1.3360977172851562,
1.2722015380859375,
1.7387866973876953,
1.6319751739501953,
1.4660358428955078,
1.0690689086914062,
1.7001628875732422,
2.6900768280029297,
5.082845687866211,
2.6941299438476562,
3.7779808044433594,
1.4138221740722656,
4.081010818481445,
3.856182098388672,
2.3679733276367188,
1.1239051818847656,
5.145788192749023,
4.70280647277832,
4.420280456542969,
4.328250885009766,
3.259897232055664,
3.946065902709961,
2.035856246948242,
2.2721290588378906,
2.536773681640625,
3.365755081176758,
2.241849899291992,
3.9870738983154297,
1.2328624725341797,
1.071929931640625,
2.916097640991211,
1.1119842529296875,
1.130819320678711,
1.6357898712158203,
1.1768341064453125,
2.7048587799072266,
2.9230117797851562,
3.6029815673828125,
3.709077835083008,
3.565073013305664,
3.8182735443115234,
4.357814788818359,
4.4498443603515625,
3.435850143432617,
2.2478103637695312,
2.2199153900146484,
2.0318031311035156,
2.038717269897461,
2.262592315673828,
1.4770030975341797,
1.5480518341064453,
0.9398460388183594,
0.8437633514404297,
0.8902549743652344,
1.0449886322021484,
1.5158653259277344,
1.4801025390625,
1.7619132995605469,
1.2750625610351562,
1.2538433074951172,
1.0628700256347656,
1.0192394256591797,
1.180887222290039,
1.5227794647216797,
1.3949871063232422,
1.271963119506836,
1.1680126190185547,
2.7589797973632812,
1.6849040985107422,
1.528024673461914,
1.3680458068847656,
0.8769035339355469,
1.1098384857177734,
1.325845718383789,
1.1298656463623047,
1.4469623565673828,
1.2638568878173828,
1.2950897216796875,
1.8398761749267578,
13.03410530090332,
6.299018859863281,
13.361930847167969,
2.003908157348633,
1.5981197357177734,
1.5978813171386719,
0.9009838104248047,
0.6902217864990234,
0.644683837890625,
0.7538795471191406,
0.7390975952148438,
1.238107681274414,
1.6849040985107422,
1.728057861328125,
1.0039806365966797,
2.2819042205810547,
1.0728836059570312,
0.8099079132080078,
1.466989517211914,
1.569986343383789,
0.7328987121582031,
2.273082733154297,
1.6744136810302734,
2.0139217376708984,
2.3691654205322266,
1.7590522766113281,
2.3958683013916016,
2.5861263275146484,
2.5708675384521484,
1.3301372528076172,
0.6649494171142578,
3.9398670196533203,
3.6280155181884766,
4.028081893920898,
4.384040832519531,
3.704071044921875,
0.7789134979248047,
0.6132125854492188,
1.7549991607666016,
1.7478466033935547,
1.7189979553222656,
1.6710758209228516,
1.2159347534179688,
1.1091232299804688,
1.0311603546142578,
0.9732246398925781,
0.6883144378662109,
0.7460117340087891,
0.7128715515136719,
0.7908344268798828,
0.8280277252197266,
0.7658004760742188,
1.1069774627685547,
1.0633468627929688,
1.0628700256347656,
1.9488334655761719,
1.6770362854003906,
1.4379024505615234,
0.885009765625,
1.0187625885009766,
1.0919570922851562,
1.7642974853515625,
1.6829967498779297,
1.5070438385009766,
1.5659332275390625,
1.2691020965576172,
1.3890266418457031,
1.1179447174072266,
0.8709430694580078,
0.7381439208984375,
0.8006095886230469,
1.1970996856689453,
0.7407665252685547,
1.1200904846191406,
0.743865966796875,
0.9949207305908203,
0.9939670562744141,
0.8347034454345703,
1.1858940124511719,
1.0700225830078125,
0.8409023284912109,
2.458810806274414,
2.5451183319091797,
1.3930797576904297,
0.7967948913574219,
1.3833045959472656,
0.9751319885253906,
1.1980533599853516,
1.1551380157470703,
1.1317729949951172,
1.0962486267089844,
0.9679794311523438,
1.3768672943115234,
1.0378360748291016,
1.188039779663086,
1.310110092163086,
1.19781494140625,
0.7772445678710938,
1.9030570983886719,
1.5108585357666016,
0.9710788726806641,
1.1332035064697266,
1.7600059509277344,
2.3450851440429688,
1.6741752624511719,
1.0268688201904297,
0.7150173187255859,
0.8482933044433594,
1.013040542602539,
2.8400421142578125,
2.7120113372802734,
1.129150390625,
2.129793167114258,
2.008199691772461,
1.8203258514404297,
1.4941692352294922,
1.5218257904052734,
2.0520687103271484,
1.8110275268554688,
2.3941993713378906,
3.3600330352783203,
2.753019332885742,
2.1829605102539062,
2.485036849975586,
1.6560554504394531,
4.0798187255859375,
2.0568370819091797,
2.028226852416992,
1.909017562866211,
1.9390583038330078,
2.2449493408203125,
2.4230480194091797,
2.0020008087158203,
1.9829273223876953,
1.953125,
4.435062408447266,
4.331827163696289,
2.125978469848633,
2.9060840606689453,
2.8290748596191406,
3.197908401489258,
2.521038055419922,
3.8220882415771484,
4.337072372436523,
3.695964813232422,
2.975940704345703,
2.701997756958008,
1.9671916961669922,
1.5130043029785156,
2.238035202026367,
2.0956993103027344,
2.012968063354492,
2.0499229431152344,
4.415988922119141,
4.082918167114258,
3.031015396118164,
2.9201507568359375,
1.5869140625,
1.5401840209960938,
3.253936767578125,
3.276824951171875,
4.253864288330078,
3.462076187133789,
2.8328895568847656,
3.3788681030273438,
4.336833953857422,
2.3500919342041016,
2.117156982421875,
5.203008651733398,
1.8582344055175781,
1.6281604766845703,
7.867097854614258,
6.279945373535156,
1.97601318359375,
3.2727718353271484,
2.949953079223633,
1.8188953399658203,
1.2011528015136719,
1.096963882446289,
1.6469955444335938,
1.6090869903564453,
1.7011165618896484,
1.661062240600586,
1.3468265533447266,
0.823974609375,
0.6189346313476562,
0.6289482116699219,
0.843048095703125,
0.8521080017089844,
0.8158683776855469,
1.7702579498291016,
1.4429092407226562,
1.4159679412841797,
1.4009475708007812,
2.095937728881836,
2.38800048828125,
0.7202625274658203,
1.0759830474853516,
1.1148452758789062,
0.7147789001464844,
0.9279251098632812,
0.8337497711181641,
0.6489753723144531,
0.8127689361572266,
0.6692409515380859,
0.4951953887939453,
0.74005126953125,
0.5822181701660156,
0.43892860412597656,
0.45013427734375,
0.8273124694824219,
0.5660057067871094,
0.8950233459472656,
0.8780956268310547,
0.67901611328125,
0.8687973022460938,
0.6079673767089844,
1.3659000396728516,
1.641988754272461,
1.6260147094726562,
4.877805709838867,
7.791280746459961,
6.7291259765625,
7.2650909423828125,
1.1878013610839844,
1.3620853424072266,
1.2612342834472656,
1.1129379272460938,
1.1339187622070312,
0.6008148193359375,
0.8268356323242188,
0.8130073547363281,
0.7119178771972656,
0.5538463592529297,
0.6542205810546875,
0.9188652038574219,
0.8499622344970703,
1.065969467163086,
1.2509822845458984,
0.6210803985595703,
0.6878376007080078,
0.8480548858642578,
0.6868839263916016,
1.3628005981445312,
1.5358924865722656,
0.8630752563476562,
11.081933975219727,
3.0138492584228516,
2.707242965698242,
0.9639263153076172,
0.9317398071289062,
0.7178783416748047,
0.9801387786865234,
1.0209083557128906,
1.0309219360351562,
1.8019676208496094,
1.901865005493164,
1.216888427734375,
0.885009765625,
0.8878707885742188,
0.9319782257080078,
0.7379055023193359,
1.3020038604736328,
1.7862319946289062,
1.7440319061279297,
1.0480880737304688,
1.1401176452636719,
0.7660388946533203,
0.7350444793701172,
1.127004623413086,
1.0030269622802734,
1.1551380157470703,
1.1050701141357422,
0.9641647338867188,
1.2128353118896484,
0.9510517120361328,
1.1966228485107422,
1.4650821685791016,
1.232147216796875,
0.9698867797851562,
1.074075698852539,
1.1067390441894531,
1.615762710571289,
1.580953598022461,
1.0759830474853516,
1.0209083557128906,
1.0077953338623047,
0.9770393371582031,
1.0671615600585938,
0.9212493896484375,
1.199960708618164,
1.1239051818847656,
1.4667510986328125,
1.4190673828125,
1.3806819915771484,
1.0209083557128906,
1.5769004821777344,
1.1959075927734375,
1.1630058288574219,
1.1048316955566406,
1.188039779663086,
1.2869834899902344,
1.0669231414794922,
0.9238719940185547,
0.8158683776855469,
1.6303062438964844,
1.577138900756836,
1.0738372802734375,
1.2440681457519531,
1.1529922485351562,
1.0950565338134766,
1.7919540405273438,
2.0809173583984375,
1.2328624725341797,
1.1560916900634766,
3.2498836517333984,
1.425027847290039,
1.8360614776611328,
1.087188720703125,
1.2810230255126953,
1.4979839324951172,
1.3549327850341797,
1.383066177368164,
1.3570785522460938,
2.341032028198242,
2.046823501586914,
1.2631416320800781,
2.5289058685302734,
2.1419525146484375,
1.5759468078613281,
2.3391246795654297,
2.4597644805908203,
11.826038360595703,
3.201007843017578,
1.9359588623046875,
1.7447471618652344,
1.1010169982910156,
1.4960765838623047,
1.9178390502929688,
2.466917037963867,
2.1560192108154297,
1.7900466918945312,
1.8310546875,
2.538919448852539,
2.4182796478271484,
2.443075180053711,
2.4518966674804688,
2.51007080078125,
3.365039825439453,
2.4437904357910156,
2.2530555725097656,
2.0771026611328125,
2.7751922607421875,
1.981973648071289,
4.720926284790039,
2.3889541625976562,
1.67083740234375,
2.054929733276367,
1.7871856689453125,
1.0309219360351562,
1.6298294067382812,
1.2316703796386719,
1.249074935913086,
1.8019676208496094,
1.5938282012939453,
1.9299983978271484,
3.983020782470703,
2.251148223876953,
2.0799636840820312,
1.0957717895507812,
1.264810562133789,
1.4178752899169922,
1.25885009765625,
1.64794921875,
1.920938491821289,
0.7739067077636719,
0.6012916564941406,
1.096963882446289,
1.3356208801269531,
1.4536380767822266,
3.715038299560547,
5.4149627685546875,
4.422187805175781,
3.751993179321289,
1.148223876953125,
1.0030269622802734,
0.5590915679931641,
1.2161731719970703,
1.207113265991211,
1.516103744506836,
0.8759498596191406,
1.0869503021240234,
1.3201236724853516,
0.9157657623291016,
1.1229515075683594,
0.8080005645751953,
0.9987354278564453,
0.6909370422363281,
1.0211467742919922,
1.3439655303955078,
1.5649795532226562,
1.3802051544189453,
1.5716552734375,
0.6837844848632812,
1.1949539184570312,
1.02996826171875,
1.4998912811279297,
0.9059906005859375,
0.8842945098876953,
0.7379055023193359,
0.8571147918701172,
0.885009765625,
0.9961128234863281,
0.9489059448242188,
0.9429454803466797,
0.9729862213134766,
0.9179115295410156,
0.8521080017089844,
0.9481906890869141,
0.6899833679199219,
1.0449886322021484,
0.9751319885253906,
0.7338523864746094,
1.1839866638183594,
1.4100074768066406,
0.8859634399414062,
0.8969306945800781,
1.1298656463623047,
0.8530616760253906,
0.5550384521484375,
0.5509853363037109,
0.5171298980712891,
0.6349086761474609,
0.6239414215087891,
1.127004623413086,
2.752065658569336,
0.8029937744140625,
1.0890960693359375,
1.2950897216796875,
1.129150390625,
1.344919204711914,
0.9181499481201172,
0.9779930114746094,
1.2221336364746094,
0.8878707885742188,
0.8711814880371094,
1.489877700805664,
1.4710426330566406,
0.9908676147460938,
1.2667179107666016,
0.9670257568359375,
0.8921623229980469,
0.7758140563964844,
1.168966293334961,
1.1279582977294922,
0.7319450378417969,
0.6096363067626953,
0.8969306945800781,
0.84686279296875,
0.8320808410644531,
0.7510185241699219,
0.7407665252685547,
1.0609626770019531,
0.9837150573730469,
1.3341903686523438,
1.2950897216796875,
1.0340213775634766,
1.1670589447021484,
1.1758804321289062,
1.3000965118408203,
1.4240741729736328,
1.3382434844970703,
1.2979507446289062,
0.988006591796875,
1.1091232299804688,
0.9553432464599609,
1.6529560089111328,
1.9702911376953125,
1.332998275756836,
0.8692741394042969,
0.9329319000244141,
1.294851303100586,
1.6071796417236328,
1.332998275756836,
1.2431144714355469,
1.207113265991211,
0.9138584136962891,
0.9479522705078125,
0.8881092071533203,
1.2729167938232422,
1.603841781616211,
1.4300346374511719,
1.009225845336914,
2.6178359985351562,
2.5739669799804688,
1.6100406646728516,
1.3890266418457031,
1.2018680572509766,
1.4967918395996094,
0.9846687316894531,
1.264333724975586,
1.6558170318603516,
1.0952949523925781,
0.9889602661132812,
1.051187515258789,
0.8549690246582031,
0.7810592651367188,
1.5268325805664062,
1.8761157989501953,
1.0917186737060547,
0.9560585021972656,
1.394033432006836,
0.9160041809082031,
0.9484291076660156,
1.3110637664794922,
1.7588138580322266,
1.277923583984375,
1.2791156768798828,
0.843048095703125,
0.7691383361816406,
0.7472038269042969,
0.9920597076416016,
1.0111331939697266,
1.5468597412109375,
1.5211105346679688,
1.500844955444336,
1.2862682342529297,
1.119852066040039,
1.255035400390625,
1.2421607971191406,
1.5590190887451172,
1.1701583862304688,
1.2538433074951172,
1.7771720886230469,
1.7230510711669922,
1.0178089141845703,
0.965118408203125,
1.2950897216796875,
1.3549327850341797,
1.3320446014404297,
1.1529922485351562,
1.2171268463134766,
1.558065414428711,
1.1913776397705078,
1.2218952178955078,
1.1048316955566406,
1.0099411010742188,
1.0690689086914062,
1.4641284942626953,
1.0159015655517578,
1.0972023010253906,
1.0390281677246094,
1.7368793487548828,
1.3477802276611328,
2.0661354064941406,
2.463102340698242,
1.4116764068603516,
3.0510425567626953,
2.0112991333007812,
2.6869773864746094,
1.8858909606933594,
1.6260147094726562,
1.4731884002685547,
1.9159317016601562,
1.8661022186279297,
3.6461353302001953,
3.152132034301758,
1.435995101928711,
2.0339488983154297,
1.6438961029052734,
1.466989517211914,
2.1522045135498047,
1.4941692352294922,
2.852916717529297,
2.094745635986328,
1.8970966339111328,
1.80816650390625,
1.8351078033447266,
1.6200542449951172,
2.817869186401367,
4.031896591186523,
4.436969757080078,
2.9609203338623047,
2.8328895568847656,
2.233743667602539,
1.950979232788086,
3.5636425018310547,
2.2132396697998047,
1.0919570922851562,
1.6939640045166016,
1.6520023345947266,
2.313375473022461,
5.251169204711914,
2.3908615112304688,
2.332925796508789,
6.682872772216797,
1.9690990447998047,
1.508951187133789,
1.7228126525878906,
1.338958740234375,
1.7588138580322266,
1.7249584197998047,
1.1889934539794922,
1.4829635620117188,
1.9462108612060547,
1.6529560089111328,
2.1288394927978516,
1.8687248229980469,
2.667665481567383,
2.502918243408203,
2.070188522338867,
9.840011596679688,
11.861085891723633,
3.200054168701172,
4.03594970703125,
3.217935562133789,
2.3040771484375,
1.9159317016601562,
2.978086471557617,
2.711057662963867,
2.1920204162597656,
5.473852157592773,
2.7379989624023438,
3.242015838623047,
2.7320384979248047,
2.0859241485595703,
1.6849040985107422,
1.9559860229492188,
1.7352104187011719,
1.608133316040039,
1.7859935760498047,
1.8770694732666016,
6.015300750732422,
6.370067596435547,
4.981040954589844,
0.7250308990478516,
1.0869503021240234,
0.5269050598144531,
0.39124488830566406,
0.46181678771972656,
0.3590583801269531,
0.5609989166259766,
0.5650520324707031,
0.7810592651367188,
0.6439685821533203,
0.9667873382568359,
0.6432533264160156,
0.415802001953125,
2.3801326751708984,
2.117156982421875,
2.5572776794433594,
2.4640560150146484,
1.8689632415771484,
2.0580291748046875,
1.9152164459228516,
2.9871463775634766,
2.0689964294433594,
1.9431114196777344,
2.6984214782714844,
3.0107498168945312,
3.1731128692626953,
2.856731414794922,
3.328084945678711,
4.4498443603515625,
7.113933563232422,
3.4890174865722656,
3.384113311767578,
2.8121471405029297,
2.978086471557617,
1.7402172088623047,
1.8467903137207031,
2.3648738861083984,
5.277872085571289,
0.8246898651123047,
1.619100570678711,
2.5916099548339844,
5.698204040527344,
3.2520294189453125,
4.313945770263672,
2.620220184326172,
3.1197071075439453,
2.6900768280029297,
5.182027816772461,
14.580011367797852,
55.92775344848633,
68.64690780639648,
56.43796920776367,
51.35321617126465,
1.245260238647461,
1.232147216796875,
0.659942626953125,
0.9131431579589844,
0.8029937744140625,
1.15203857421875,
0.9877681732177734,
1.3620853424072266,
0.6499290466308594,
0.865936279296875,
2.498149871826172,
3.6590099334716797,
4.037141799926758,
13.379096984863281,
3.7631988525390625,
3.5080909729003906,
4.851102828979492,
1.2578964233398438,
0.9839534759521484,
1.1909008026123047,
0.7297992706298828,
0.6439685821533203,
0.4489421844482422,
0.7040500640869141,
0.37407875061035156,
0.4622936248779297,
0.42319297790527344,
0.4699230194091797,
0.7221698760986328,
0.3628730773925781,
0.3571510314941406,
0.38886070251464844,
0.4889965057373047,
0.46181678771972656,
0.40221214294433594,
0.41413307189941406,
0.4329681396484375,
0.576019287109375,
0.5140304565429688,
1.1658668518066406,
0.5269050598144531,
0.4482269287109375,
0.43272972106933594,
0.3578662872314453,
0.5600452423095703,
0.8878707885742188,
0.7572174072265625,
0.6730556488037109,
0.9200572967529297,
1.1401176452636719,
1.2407302856445312,
1.589059829711914,
1.5668869018554688,
0.8339881896972656,
0.8728504180908203,
0.7381439208984375,
1.3370513916015625,
1.2969970703125,
0.782012939453125,
0.6620883941650391,
0.8099079132080078,
1.046895980834961,
1.3120174407958984,
2.178668975830078,
1.8780231475830078,
1.178741455078125,
1.1610984802246094,
1.0540485382080078,
1.3320446014404297,
0.8339881896972656,
0.7541179656982422,
0.7307529449462891,
0.6649494171142578,
0.6489753723144531,
1.1210441589355469,
1.009225845336914,
0.7328987121582031,
0.7548332214355469,
1.0731220245361328,
0.8060932159423828,
1.4181137084960938,
1.6651153564453125,
1.0738372802734375,
1.341104507446289,
1.5022754669189453,
1.7747879028320312,
1.230001449584961,
1.3120174407958984,
1.299142837524414,
1.1739730834960938,
1.1420249938964844,
1.277923583984375,
1.2760162353515625,
1.3370513916015625,
1.2679100036621094,
1.0190010070800781,
1.3048648834228516,
1.2259483337402344,
1.481771469116211,
1.729726791381836,
1.3997554779052734,
2.250194549560547,
2.148151397705078,
3.343820571899414,
1.6982555389404297,
2.302885055541992,
1.9409656524658203,
1.7731189727783203,
1.8689632415771484,
2.112865447998047,
2.9668807983398438,
3.628969192504883,
2.0928382873535156,
1.825094223022461,
2.6428699493408203,
2.852916717529297,
2.7930736541748047,
2.7971267700195312,
2.482891082763672,
2.8171539306640625,
2.003192901611328,
2.1309852600097656,
1.8489360809326172,
1.2259483337402344,
2.8748512268066406,
1.8658638000488281,
2.022981643676758,
2.357959747314453,
1.276254653930664,
3.8840770721435547,
2.01416015625,
1.6820430755615234,
1.6739368438720703,
2.4192333221435547,
1.940011978149414,
1.535177230834961,
2.6040077209472656,
1.8191337585449219,
3.821134567260742,
3.6020278930664062,
2.5892257690429688,
2.8798580169677734,
5.754947662353516,
1.5821456909179688,
1.5392303466796875,
1.0671615600585938,
0.9779930114746094,
1.0142326354980469,
2.2509098052978516,
2.134084701538086,
1.9237995147705078,
1.74713134765625,
8.393287658691406,
1.461029052734375,
53.69091033935547,
53.02309989929199,
51.87416076660156,
1.0008811950683594,
0.8571147918701172,
0.5359649658203125,
0.5848407745361328,
0.84686279296875,
0.8339881896972656,
0.8172988891601562,
1.3272762298583984,
0.9570121765136719,
0.9870529174804688,
0.885009765625,
0.6299018859863281,
0.9789466857910156,
0.5319118499755859,
0.885009765625,
0.8330345153808594,
0.7321834564208984,
0.7491111755371094,
0.5297660827636719,
1.2540817260742188,
1.2352466583251953,
0.614166259765625,
0.8938312530517578,
1.1620521545410156,
0.7801055908203125,
0.5679130554199219,
0.823974609375,
0.598907470703125,
0.6871223449707031,
0.9751319885253906,
0.8990764617919922,
0.8409023284912109,
0.6458759307861328,
0.6620883941650391,
0.7989406585693359,
1.1701583862304688,
0.8778572082519531,
1.0387897491455078,
0.8139610290527344,
30.61509132385254,
30.579090118408203,
30.673980712890625,
30.770063400268555,
6.49714469909668,
5.307197570800781,
8.194208145141602,
6.932258605957031,
7.694005966186523,
6.948947906494141,
6.914615631103516,
4.060029983520508,
6.5479278564453125,
4.148960113525391,
1.97601318359375,
0.5371570587158203,
0.5257129669189453,
2.089977264404297,
1.7650127410888672,
1.558065414428711,
1.4801025390625,
0.7512569427490234,
1.2819766998291016,
1.157999038696289,
1.1811256408691406,
1.8148422241210938,
1.5020370483398438,
0.6411075592041016,
1.9619464874267578,
0.7379055023193359,
0.47707557678222656,
1.2230873107910156,
1.313924789428711,
1.077890396118164,
1.7840862274169922,
2.063274383544922,
2.948760986328125,
2.4487972259521484,
1.973867416381836,
4.472255706787109,
2.8243064880371094,
2.5339126586914062,
2.2869110107421875,
3.596067428588867,
2.1431446075439453,
3.0868053436279297,
2.964019775390625,
3.5228729248046875,
4.180431365966797,
3.5619735717773438,
2.5491714477539062,
2.3162364959716797,
1.3070106506347656,
1.8949508666992188,
0.9849071502685547,
2.1071434020996094,
3.0841827392578125,
4.89497184753418,
5.190849304199219,
3.145933151245117,
2.6617050170898438,
2.132892608642578,
3.0252933502197266,
6.249904632568359,
5.220174789428711,
3.5529136657714844,
6.345987319946289,
5.887031555175781,
3.0770301818847656,
1.9650459289550781,
1.107931137084961,
0.5049705505371094,
0.42176246643066406,
1.1920928955078125,
1.4047622680664062,
0.8261203765869141,
0.7631778717041016,
0.6330013275146484,
0.47588348388671875,
0.6859302520751953,
0.5860328674316406,
0.5011558532714844,
0.43487548828125,
1.0139942169189453,
1.415252685546875,
0.7998943328857422,
1.0869503021240234,
1.4162063598632812,
1.9621849060058594,
1.962900161743164,
2.4187564849853516,
1.1572837829589844,
1.0027885437011719,
0.8409023284912109,
3.737211227416992,
2.129793167114258,
1.4050006866455078,
1.6896724700927734,
1.8110275268554688,
1.486063003540039,
2.290964126586914,
1.2028217315673828,
2.1419525146484375,
2.107858657836914,
13.052940368652344,
13.001203536987305,
0.7460117340087891,
0.6091594696044922,
0.5691051483154297,
0.8192062377929688,
0.7808208465576172,
0.7810592651367188,
0.7028579711914062,
0.5509853363037109,
0.5631446838378906,
0.492095947265625,
0.5400180816650391,
0.5402565002441406,
0.4451274871826172,
0.46896934509277344,
0.5559921264648438,
0.5598068237304688,
0.5900859832763672,
1.3077259063720703,
0.7510185241699219,
0.6990432739257812,
0.5369186401367188,
0.5528926849365234,
0.5249977111816406,
0.6909370422363281,
0.6756782531738281,
0.6029605865478516,
0.6570816040039062,
1.1107921600341797,
1.4529228210449219,
1.184701919555664,
1.4777183532714844,
1.1429786682128906,
0.5772113800048828,
0.6000995635986328,
0.6070137023925781,
0.5939006805419922,
0.6611347198486328,
0.5731582641601562,
0.5731582641601562,
0.5466938018798828,
1.0371208190917969,
0.6310939788818359,
0.7832050323486328,
0.95367431640625,
0.7588863372802734,
0.8451938629150391,
0.8063316345214844,
0.7281303405761719,
1.0309219360351562,
0.8161067962646484,
0.8039474487304688,
0.8499622344970703,
1.1289119720458984,
0.9801387786865234,
1.3659000396728516,
1.238107681274414,
2.0771026611328125,
2.386331558227539,
2.3391246795654297,
1.264810562133789,
1.1260509490966797,
1.2629032135009766,
1.1751651763916016,
1.0747909545898438,
2.44903564453125,
2.413034439086914,
1.4450550079345703,
1.7809867858886719,
1.5969276428222656,
1.0390281677246094,
0.942230224609375,
0.9171962738037109,
1.3937950134277344,
1.4331340789794922,
1.4128684997558594,
1.3408660888671875,
1.4328956604003906,
1.2540817260742188,
1.8687248229980469,
1.5251636505126953,
1.2259483337402344,
1.6949176788330078,
1.6789436340332031,
1.6598701477050781,
1.5790462493896484,
10.914087295532227,
11.555194854736328,
11.568069458007812,
12.770891189575195,
12.387990951538086,
11.580944061279297,
4.831790924072266,
5.337953567504883,
4.198312759399414,
1.9290447235107422,
2.2962093353271484,
2.7480125427246094,
3.4859180450439453,
1.6341209411621094,
1.8968582153320312,
1.2707710266113281,
1.4700889587402344,
1.0368824005126953,
2.7472972869873047,
1.9750595092773438,
1.123666763305664,
1.8188953399658203,
1.1739730834960938,
5.309104919433594,
2.095937728881836,
3.7813186645507812,
1.4829635620117188,
1.2388229370117188,
2.2821426391601562,
2.3941993713378906,
1.798868179321289,
2.302408218383789,
2.727031707763672,
1.7879009246826172,
1.5149116516113281,
1.3020038604736328,
1.56402587890625,
4.437923431396484,
2.0492076873779297,
3.0558109283447266,
4.0187835693359375,
8.718013763427734,
0.9779930114746094,
0.8041858673095703,
0.8158683776855469,
0.8869171142578125,
0.9069442749023438,
1.7571449279785156,
0.8368492126464844,
0.8881092071533203,
0.9462833404541016,
1.2059211730957031,
0.9720325469970703,
1.3339519500732422,
1.0449886322021484,
2.742767333984375,
2.263784408569336,
2.3491382598876953,
1.9381046295166016,
0.9491443634033203,
0.9317398071289062,
0.7948875427246094,
1.2359619140625,
1.1799335479736328,
2.459287643432617,
2.6268959045410156,
2.1791458129882812,
1.6710758209228516,
0.8111000061035156,
3.350973129272461,
3.8530826568603516,
3.7021636962890625,
3.683805465698242,
1.7690658569335938,
0.8041858673095703,
0.8769035339355469,
0.7779598236083984,
1.0089874267578125,
0.9579658508300781,
1.2810230255126953,
1.3208389282226562,
1.7390251159667969,
4.157781600952148,
1.3298988342285156,
1.3990402221679688,
1.455068588256836,
1.178741455078125,
0.9601116180419922,
1.1680126190185547,
1.1420249938964844,
1.68609619140625,
2.157926559448242,
1.0972023010253906,
1.4529228210449219,
1.1858940124511719,
2.790212631225586,
2.792835235595703,
2.9268264770507812,
2.148866653442383,
2.7718544006347656,
2.7370452880859375,
3.0641555786132812,
2.6788711547851562,
2.7952194213867188,
2.234220504760742,
2.0248889923095703,
3.948688507080078,
2.6378631591796875,
2.521038055419922,
2.145051956176758,
1.8589496612548828,
1.9581317901611328,
2.663850784301758,
2.561807632446289,
2.4220943450927734,
2.485990524291992,
2.323150634765625,
2.3097991943359375,
33.57720375061035,
1.377105712890625,
33.52499008178711,
1.5630722045898438,
1.50299072265625,
1.0988712310791016,
2.2461414337158203,
2.0821094512939453,
1.603841781616211,
0.9961128234863281,
1.1258125305175781,
1.1131763458251953,
1.5649795532226562,
1.5349388122558594,
1.4810562133789062,
1.1267662048339844,
1.4798641204833984,
1.0898113250732422,
1.0027885437011719,
0.9770393371582031,
0.9679794311523438,
1.0461807250976562,
1.0111331939697266,
0.9763240814208984,
1.0120868682861328,
1.4331340789794922,
1.360177993774414,
1.0929107666015625,
0.7760524749755859,
1.138925552368164,
1.5323162078857422,
1.2049674987792969,
1.3141632080078125,
1.2538433074951172,
1.2938976287841797,
1.6989707946777344,
2.1538734436035156,
2.1250247955322266,
1.3811588287353516,
1.1949539184570312,
1.4908313751220703,
1.4548301696777344,
0.9639263153076172,
1.146078109741211,
1.2269020080566406,
1.1949539184570312,
1.2569427490234375,
1.7571449279785156,
1.2516975402832031,
1.332998275756836,
1.146078109741211,
1.344919204711914,
1.5251636505126953,
1.3699531555175781,
1.6639232635498047,
1.712799072265625,
1.4231204986572266,
1.1501312255859375,
1.2359619140625,
1.5118122100830078,
1.3320446014404297,
2.153158187866211,
2.1209716796875,
2.249002456665039,
1.9729137420654297,
2.053976058959961,
1.1768341064453125,
1.3608932495117188,
1.5709400177001953,
1.634836196899414,
1.3780593872070312,
2.110004425048828,
2.074003219604492,
1.9168853759765625,
1.4491081237792969,
1.6050338745117188,
1.5780925750732422,
1.5807151794433594,
1.7600059509277344,
2.8870105743408203,
1.7359256744384766,
1.0449886322021484,
1.1129379272460938,
1.5718936920166016,
1.4412403106689453,
0.9639263153076172,
1.7538070678710938,
1.317739486694336,
1.5680789947509766,
1.5821456909179688,
1.4052391052246094,
1.3740062713623047,
1.2638568878173828,
1.1467933654785156,
1.4290809631347656,
1.3489723205566406,
1.8138885498046875,
1.5728473663330078,
1.7468929290771484,
1.8627643585205078,
1.4109611511230469,
1.4019012451171875,
1.1010169982910156,
1.0929107666015625,
1.543283462524414,
3.9877891540527344,
1.4140605926513672,
1.7151832580566406,
2.338886260986328,
1.9011497497558594,
1.6849040985107422,
1.4350414276123047,
1.3318061828613281,
1.7757415771484375,
1.6570091247558594,
2.006053924560547,
2.832174301147461,
3.021717071533203,
2.798795700073242,
2.412080764770508,
2.1169185638427734,
1.5459060668945312,
2.434253692626953,
2.7761459350585938,
3.342151641845703,
1.8618106842041016,
1.5332698822021484,
3.9627552032470703,
2.0639896392822266,
1.9848346710205078,
1.7459392547607422,
1.7900466918945312,
1.7609596252441406,
1.811981201171875,
2.328157424926758,
2.402782440185547,
2.928018569946289,
2.9320716857910156,
3.331899642944336,
2.9387474060058594,
3.465890884399414,
3.001689910888672,
2.0127296447753906,
2.0782947540283203,
2.6268959045410156,
2.953052520751953,
2.4309158325195312,
1.7919540405273438,
1.7910003662109375,
3.905057907104492,
2.9790401458740234,
3.56292724609375,
3.2188892364501953,
3.5741329193115234,
3.522157669067383,
2.710103988647461,
2.089977264404297,
2.5169849395751953,
2.3851394653320312,
1.8198490142822266,
1.9412040710449219,
2.553701400756836,
2.0627975463867188,
1.7979145050048828,
2.2249221801757812,
1.6257762908935547,
1.7352104187011719,
2.090930938720703,
2.0411014556884766,
2.6502609252929688,
2.8510093688964844,
4.002094268798828,
2.2420883178710938,
2.104043960571289,
2.0799636840820312,
1.714944839477539,
2.054929733276367,
2.1729469299316406,
1.8079280853271484,
4.220008850097656,
5.113840103149414,
4.0073394775390625,
3.445148468017578,
2.6988983154296875,
2.1157264709472656,
2.51007080078125,
4.089117050170898,
3.183126449584961,
3.4780502319335938,
2.496004104614258,
1.950979232788086,
4.440069198608398,
3.434896469116211,
2.5458335876464844,
3.5829544067382812,
3.937959671020508,
4.136085510253906,
2.701997756958008,
3.789663314819336,
3.4148693084716797,
2.479076385498047,
2.4356842041015625,
2.190828323364258,
2.6290416717529297,
2.5107860565185547,
2.3720264434814453,
2.553701400756836,
2.077817916870117,
2.1979808807373047,
1.8160343170166016,
8.020877838134766,
10.383844375610352,
2.3229122161865234,
3.351926803588867,
4.98509407043457,
5.502939224243164,
5.88679313659668,
13.269901275634766,
6.3800811767578125,
2.8600692749023438,
2.071857452392578,
3.281116485595703,
3.1290054321289062,
2.1963119506835938,
2.446889877319336,
3.2079219818115234,
1.1608600616455078,
0.8692741394042969,
1.1360645294189453,
1.3058185577392578,
0.9016990661621094,
0.659942626953125,
1.4469623565673828,
1.1680126190185547,
1.8050670623779297,
2.5060176849365234,
1.992940902709961,
2.5701522827148438,
1.7809867858886719,
0.9331703186035156,
0.9002685546875,
1.8310546875,
1.497030258178711,
2.3729801177978516,
3.2072067260742188,
3.7288665771484375,
2.847909927368164,
7.055044174194336,
9.598016738891602,
10.15615463256836,
11.721134185791016,
13.675212860107422,
7.22193717956543,
1.2280941009521484,
1.0707378387451172,
1.1742115020751953,
1.0271072387695312,
1.4488697052001953,
1.9521713256835938,
2.0411014556884766,
1.010894775390625,
0.7908344268798828,
1.5680789947509766,
2.696990966796875,
3.2770633697509766,
4.668235778808594,
12.39776611328125,
11.480093002319336,
9.710073471069336,
2.1932125091552734,
1.3628005981445312,
1.8796920776367188,
1.3120174407958984,
0.7979869842529297,
3.062009811401367,
2.3298263549804688,
3.1659603118896484,
3.6220550537109375,
2.3207664489746094,
1.6083717346191406,
0.7941722869873047,
0.7760524749755859,
1.5201568603515625,
1.669168472290039,
1.302957534790039,
1.6908645629882812,
1.0018348693847656,
1.1720657348632812,
1.1320114135742188,
1.1222362518310547,
1.0821819305419922,
0.8399486541748047,
1.0752677917480469,
1.226186752319336,
1.6307830810546875,
1.1980533599853516,
1.3802051544189453,
1.7850399017333984,
1.622915267944336,
1.5859603881835938,
1.016855239868164,
1.188039779663086,
0.7669925689697266,
2.0339488983154297,
1.8270015716552734,
2.207040786743164,
1.8627643585205078,
1.5292167663574219,
1.2862682342529297,
1.2347698211669922,
0.8697509765625,
1.3689994812011719,
1.5909671783447266,
1.573801040649414,
1.9042491912841797,
2.414226531982422,
1.48773193359375,
2.5310516357421875,
2.3779869079589844,
2.343893051147461,
1.8188953399658203,
2.294778823852539,
0.9789466857910156,
3.2660961151123047,
3.062009811401367,
1.5342235565185547,
1.302957534790039,
1.589059829711914,
1.5659332275390625,
5.87916374206543,
5.296945571899414,
8.24284553527832,
5.8269500732421875,
16.655921936035156,
0.48732757568359375,
0.46181678771972656,
0.4639625549316406,
0.682830810546875,
0.5753040313720703,
0.3421306610107422,
0.7350444793701172,
0.5822181701660156,
1.4798641204833984,
1.2691020965576172,
1.2829303741455078,
1.7931461334228516,
1.3270378112792969,
1.3458728790283203,
1.1680126190185547,
0.8418560028076172,
1.4030933380126953,
1.3041496276855469,
1.0471343994140625,
0.9391307830810547,
1.0161399841308594,
1.458883285522461,
1.3430118560791016,
3.2808780670166016,
3.2520294189453125,
2.9141902923583984,
3.3872127532958984,
2.03704833984375,
1.940011978149414,
1.6820430755615234,
1.852273941040039,
1.631021499633789,
2.0608901977539062,
1.5282630920410156,
1.2018680572509766,
2.095937728881836,
1.5230178833007812,
1.7361640930175781,
2.3200511932373047,
1.5401840209960938,
2.476930618286133,
2.785921096801758,
2.2869110107421875,
2.8810501098632812,
2.428770065307617,
1.789093017578125,
1.5811920166015625,
2.2928714752197266,
5.3958892822265625,
4.842042922973633,
3.1571388244628906,
4.14586067199707,
2.796173095703125,
2.9439926147460938,
3.350973129272461,
2.259969711303711,
2.5060176849365234,
3.062009811401367,
2.4700164794921875,
2.3696422576904297,
2.526998519897461,
1.767873764038086,
2.646923065185547,
3.2291412353515625,
3.5867691040039062,
3.2930374145507812,
4.184246063232422,
4.910945892333984,
2.6290416717529297,
1.912832260131836,
2.580881118774414,
2.318859100341797,
2.808094024658203,
1.9490718841552734,
1.4901161193847656,
1.7199516296386719,
1.7802715301513672,
3.2188892364501953,
3.155946731567383,
2.663135528564453,
1.6269683837890625,
1.5709400177001953,
1.6748905181884766,
1.4960765838623047,
1.577138900756836,
2.5870800018310547,
4.589080810546875,
2.5987625122070312,
2.8619766235351562,
2.01416015625,
1.703023910522461,
1.519918441772461,
2.5949478149414062,
2.376079559326172,
2.5429725646972656,
2.4089813232421875,
3.1790733337402344,
3.997802734375,
4.7149658203125,
3.1201839447021484,
2.438068389892578,
1.5239715576171875,
3.637075424194336,
3.2656192779541016,
2.530813217163086,
5.50389289855957,
8.326292037963867,
7.871150970458984,
3.9949417114257812,
2.301931381225586,
4.563808441162109,
1.554250717163086,
1.6078948974609375,
4.571199417114258,
4.662036895751953,
2.5899410247802734,
2.1829605102539062,
2.5720596313476562,
2.427816390991211,
1.7380714416503906,
3.2608509063720703,
2.2230148315429688,
2.592802047729492,
3.8967132568359375,
3.2529830932617188,
3.216266632080078,
4.678249359130859,
2.4750232696533203,
3.023862838745117,
2.8879642486572266,
3.6420822143554688,
6.467103958129883,
11.244058609008789,
13.682842254638672,
3.4258365631103516,
2.6979446411132812,
1.7931461334228516,
3.368854522705078,
2.531766891479492,
3.2379627227783203,
13.669013977050781,
3.8471221923828125,
0.8769035339355469,
1.3270378112792969,
1.2049674987792969,
1.1508464813232422,
7.859945297241211,
8.026123046875,
1.6207695007324219,
1.3887882232666016,
2.732992172241211,
2.2041797637939453,
1.3079643249511719,
1.5058517456054688,
1.3720989227294922,
1.1200904846191406,
3.8330554962158203,
5.23066520690918,
2.9981136322021484,
3.5448074340820312,
2.765178680419922,
2.273082733154297,
1.8858909606933594,
3.4570693969726562,
3.3490657806396484,
3.342866897583008,
2.852916717529297,
4.040002822875977,
4.187107086181641,
3.7229061126708984,
3.7539005279541016,
2.805948257446289,
4.06193733215332,
3.863811492919922,
2.0380020141601562,
1.664876937866211,
1.714944839477539,
1.6798973083496094,
1.767873764038086,
1.5840530395507812,
1.847982406616211,
1.7902851104736328,
1.6450881958007812,
1.9528865814208984,
1.6322135925292969,
1.088857650756836,
1.1441707611083984,
4.482746124267578,
7.402896881103516,
5.638837814331055,
8.418083190917969,
5.439043045043945,
0.6856918334960938,
0.476837158203125,
0.6618499755859375,
0.6139278411865234,
0.5018711090087891,
1.33514404296875,
1.1792182922363281,
1.0709762573242188,
0.6058216094970703,
0.621795654296875,
0.6530284881591797,
1.0411739349365234,
5.350351333618164,
5.254268646240234,
2.560138702392578,
2.5420188903808594,
1.203775405883789,
1.3039112091064453,
2.257108688354492,
2.866983413696289,
3.470897674560547,
1.5730857849121094,
2.5517940521240234,
1.9791126251220703,
1.5621185302734375,
1.4581680297851562,
1.6109943389892578,
1.5959739685058594,
2.9230117797851562,
2.949953079223633,
2.4518966674804688,
3.200054168701172,
4.333257675170898,
4.67681884765625,
4.353046417236328,
4.686832427978516,
4.413843154907227,
5.748987197875977,
9.850025177001953,
13.168811798095703,
8.638143539428711,
1.3840198516845703,
1.31988525390625,
1.3582706451416016,
1.1827945709228516,
1.7008781433105469,
1.180887222290039,
0.9541511535644531,
0.8561611175537109,
0.8518695831298828,
1.3399124145507812,
2.2258758544921875,
1.4629364013671875,
1.3921260833740234,
1.3301372528076172,
3.0188560485839844,
3.910064697265625,
1.7409324645996094,
1.5218257904052734,
3.5200119018554688,
3.718137741088867,
4.350900650024414,
3.950834274291992,
3.4580230712890625,
2.275228500366211,
1.5761852264404297,
1.8231868743896484,
2.5069713592529297,
2.106189727783203,
2.093076705932617,
1.48773193359375,
2.257823944091797,
2.2399425506591797,
2.995014190673828,
3.8390159606933594,
1.7237663269042969,
2.0258426666259766,
3.094196319580078,
2.1109580993652344,
1.631021499633789,
1.9450187683105469,
2.732992172241211,
1.6510486602783203,
1.6849040985107422,
1.8508434295654297,
1.7321109771728516,
1.5549659729003906,
1.893758773803711,
2.190828323364258,
1.9478797912597656,
5.84721565246582,
2.7399063110351562,
2.519845962524414,
2.0003318786621094,
2.895832061767578,
2.401113510131836,
2.460956573486328,
2.4421215057373047,
2.9859542846679688,
5.821943283081055,
5.455970764160156,
5.031108856201172,
2.1200180053710938,
3.431081771850586,
3.2410621643066406,
13.416767120361328,
9.455204010009766,
8.097171783447266,
1.687765121459961,
1.481771469116211,
1.4090538024902344,
1.0769367218017578,
1.1119842529296875,
0.965118408203125,
0.84686279296875,
1.9710063934326172,
1.68609619140625,
1.7549991607666016,
3.815889358520508,
3.9238929748535156,
2.3708343505859375,
2.250194549560547,
3.1659603118896484,
3.777027130126953,
4.413843154907227,
2.892017364501953,
3.6208629608154297,
4.612207412719727,
4.123687744140625,
1.7781257629394531,
2.562999725341797,
2.389192581176758,
3.1218528747558594,
2.897977828979492,
1.5568733215332031,
1.8661022186279297,
1.5957355499267578,
1.6660690307617188,
1.966714859008789,
1.9540786743164062,
2.9523372650146484,
2.093076705932617,
1.8100738525390625,
2.537965774536133,
2.9277801513671875,
1.898050308227539,
2.997875213623047,
2.2668838500976562,
2.363920211791992,
3.1349658966064453,
3.9920806884765625,
1.867055892944336,
4.520177841186523,
3.2389163970947266,
2.672910690307617,
1.6808509826660156,
1.7168521881103516,
1.8110275268554688,
1.8680095672607422,
1.895904541015625,
1.8770694732666016,
1.4541149139404297,
2.087116241455078,
1.9109249114990234,
1.692056655883789,
1.9309520721435547,
2.2211074829101562,
2.123117446899414,
2.7511119842529297,
3.6160945892333984,
2.413034439086914,
2.4797916412353516,
2.4869441986083984,
2.346038818359375,
2.147197723388672,
2.1543502807617188,
1.7371177673339844,
2.198934555053711,
2.1560192108154297,
1.8620491027832031,
1.77001953125,
1.7659664154052734,
2.0809173583984375,
1.9960403442382812,
1.6117095947265625,
2.4156570434570312,
2.4099349975585938,
1.811981201171875,
2.245664596557617,
2.2079944610595703,
2.215862274169922,
2.116680145263672,
2.7871131896972656,
3.573179244995117,
2.401113510131836,
1.4946460723876953,
3.8137435913085938,
1.7018318176269531,
1.683950424194336,
1.7669200897216797,
2.3398399353027344,
1.9559860229492188,
1.6040802001953125,
1.2669563293457031,
1.3289451599121094,
2.106904983520508,
1.9419193267822266,
1.5358924865722656,
2.1779537200927734,
2.8579235076904297,
3.3359527587890625,
3.5898685455322266,
3.548145294189453,
2.977132797241211,
3.113985061645508,
3.3931732177734375,
3.0357837677001953,
2.4099349975585938,
1.5337467193603516,
1.699209213256836,
2.274751663208008,
2.508878707885742,
2.5260448455810547,
1.7268657684326172,
2.780914306640625,
2.2220611572265625,
3.0329227447509766,
3.841876983642578,
5.18798828125,
2.683877944946289,
2.611875534057617,
2.6102066040039062,
2.5701522827148438,
2.7909278869628906,
1.6329288482666016,
2.652883529663086,
1.8770694732666016,
1.3670921325683594,
1.2540817260742188,
1.2159347534179688,
0.926971435546875,
1.4362335205078125,
1.3811588287353516,
1.4529228210449219,
1.6658306121826172,
1.638174057006836,
1.3823509216308594,
2.32696533203125,
2.4318695068359375,
1.2211799621582031,
1.6219615936279297,
0.8492469787597656,
0.8928775787353516,
0.9739398956298828,
0.9701251983642578,
1.1219978332519531,
1.4300346374511719,
1.6181468963623047,
1.5878677368164062,
1.3451576232910156,
0.9770393371582031,
0.843048095703125,
1.033782958984375,
1.2059211730957031,
0.9698867797851562,
1.0342597961425781,
0.9968280792236328,
1.074075698852539,
1.074075698852539,
0.9860992431640625,
0.9489059448242188,
0.9226799011230469,
0.7729530334472656,
0.8037090301513672,
0.8261203765869141,
0.7281303405761719,
1.0390281677246094,
1.2111663818359375,
1.348257064819336,
0.7519721984863281,
0.9191036224365234,
0.9951591491699219,
1.3289451599121094,
1.0297298431396484,
0.9322166442871094,
1.088857650756836,
0.7402896881103516,
1.0349750518798828,
0.7410049438476562,
0.7691383361816406,
1.081228256225586,
1.0571479797363281,
1.0538101196289062,
0.8778572082519531,
0.720977783203125,
0.9789466857910156,
0.9469985961914062,
1.1830329895019531,
1.5079975128173828,
1.9829273223876953,
1.234292984008789,
1.8129348754882812,
1.5332698822021484,
1.2149810791015625,
1.1839866638183594,
1.1172294616699219,
0.9059906005859375,
0.9541511535644531,
0.9300708770751953,
0.8258819580078125,
0.782012939453125,
0.8778572082519531,
0.7891654968261719,
0.8590221405029297,
1.2881755828857422,
1.1639595031738281,
1.161813735961914,
0.8220672607421875,
1.3461112976074219,
1.3360977172851562,
0.9779930114746094,
1.0838508605957031,
1.2128353118896484,
1.2090206146240234,
1.1217594146728516,
1.3430118560791016,
1.8880367279052734,
1.8508434295654297,
1.1928081512451172,
1.3840198516845703,
1.7580986022949219,
1.6450881958007812,
1.2328624725341797,
1.4171600341796875,
1.5659332275390625,
1.8818378448486328,
1.6188621520996094,
2.2420883178710938,
2.051830291748047,
1.3790130615234375,
3.3528804779052734,
3.2901763916015625,
1.4438629150390625,
2.721071243286133,
1.155853271484375,
1.3730525970458984,
1.5575885772705078,
1.1599063873291016,
1.5921592712402344,
1.1470317840576172,
2.5610923767089844,
2.4881362915039062,
2.6183128356933594,
1.271963119506836,
1.2359619140625,
0.965118408203125,
0.804901123046875,
1.203775405883789,
1.3308525085449219,
0.9291172027587891,
0.8530616760253906,
1.2018680572509766,
0.7691383361816406,
1.1930465698242188,
1.1830329895019531,
0.9031295776367188,
0.8449554443359375,
0.8580684661865234,
0.7297992706298828,
1.1057853698730469,
1.3430118560791016,
0.865936279296875,
0.7100105285644531,
1.1823177337646484,
1.0802745819091797,
1.0669231414794922,
2.0699501037597656,
2.053976058959961,
1.3659000396728516,
1.550912857055664,
0.823974609375,
0.7469654083251953,
0.7100105285644531,
0.7050037384033203,
0.9012222290039062,
0.5910396575927734,
0.7159709930419922,
0.5819797515869141,
0.5817413330078125,
2.5746822357177734,
2.1109580993652344,
1.6188621520996094,
0.7822513580322266,
0.5147457122802734,
0.7088184356689453,
0.6859302520751953,
0.6649494171142578,
0.7379055023193359,
0.9589195251464844,
0.9441375732421875,
0.6248950958251953,
0.5578994750976562,
0.5960464477539062,
0.5249977111816406,
3.1549930572509766,
1.425027847290039,
0.7710456848144531,
0.5271434783935547,
0.7359981536865234,
0.6608963012695312,
0.9751319885253906,
0.8900165557861328,
4.593133926391602,
0.8749961853027344,
1.013040542602539,
5.532026290893555,
0.9639263153076172,
1.0380744934082031,
0.8871555328369141,
0.9090900421142578,
0.98419189453125,
1.3129711151123047,
0.8108615875244141,
1.1887550354003906,
1.1348724365234375,
0.659942626953125,
1.9140243530273438,
6.373167037963867,
4.284858703613281,
0.6449222564697266,
0.8292198181152344,
1.7881393432617188,
1.7168521881103516,
1.0540485382080078,
1.8830299377441406,
1.2819766998291016,
1.2438297271728516,
2.052783966064453,
2.521991729736328,
1.9299983978271484,
2.8312206268310547,
3.3216476440429688,
3.094911575317383,
3.412008285522461,
3.371000289916992,
2.2580623626708984,
2.0117759704589844,
2.2678375244140625,
3.0279159545898438,
2.7577877044677734,
1.867055892944336,
2.0439624786376953,
2.4008750915527344,
2.4261474609375,
2.4497509002685547,
1.9330978393554688,
2.040863037109375,
2.156972885131836,
2.1109580993652344,
2.331972122192383,
3.325939178466797,
2.3517608642578125,
2.315044403076172,
1.8198490142822266,
2.318859100341797,
2.0148754119873047,
1.7359256744384766,
1.6160011291503906,
2.2690296173095703,
2.2270679473876953,
1.5349388122558594,
2.2819042205810547,
2.256155014038086,
1.482248306274414,
2.0799636840820312,
2.132892608642578,
4.405021667480469,
5.61213493347168,
4.371404647827148,
2.2499561309814453,
1.9578933715820312,
1.8029212951660156,
2.1479129791259766,
2.0999908447265625,
1.5900135040283203,
1.3298988342285156,
3.260374069213867,
2.8150081634521484,
2.5091171264648438,
1.7390251159667969,
1.5361309051513672,
1.519918441772461,
1.7931461334228516,
1.909017562866211,
1.8758773803710938,
1.5931129455566406,
1.7478466033935547,
1.7559528350830078,
2.8297901153564453,
3.3752918243408203,
2.4390220642089844,
2.809286117553711,
4.397869110107422,
2.2509098052978516,
2.363920211791992,
1.9941329956054688,
2.9401779174804688,
2.064943313598633,
2.3238658905029297,
2.4750232696533203,
1.7018318176269531,
1.5599727630615234,
2.110004425048828,
3.025054931640625,
2.6640892028808594,
1.7349720001220703,
4.94694709777832,
4.132270812988281,
3.3881664276123047,
2.074003219604492,
1.9679069519042969,
2.4068355560302734,
2.276897430419922,
2.6628971099853516,
2.279043197631836,
2.1543502807617188,
5.218029022216797,
4.958152770996094,
5.313873291015625,
3.1309127807617188,
1.7781257629394531,
4.4307708740234375,
3.8480758666992188,
3.735065460205078,
2.942800521850586,
2.4771690368652344,
3.8368701934814453,
3.4902095794677734,
4.327058792114258,
3.023862838745117,
3.290891647338867,
2.962350845336914,
3.1180381774902344,
2.5920867919921875,
2.5920867919921875,
2.6140213012695312,
1.728057861328125,
1.1980533599853516,
1.4460086822509766,
1.2378692626953125,
1.9602775573730469,
1.6849040985107422,
2.1567344665527344,
2.063274383544922,
2.3500919342041016,
1.7938613891601562,
2.2499561309814453,
1.9650459289550781,
1.878976821899414,
1.4390945434570312,
1.260995864868164,
1.058816909790039,
3.5147666931152344,
2.7289390563964844,
2.2950172424316406,
1.8508434295654297,
1.1420249938964844,
1.1310577392578125,
1.8718242645263672,
1.852273941040039,
1.5628337860107422,
1.641988754272461,
2.1250247955322266,
2.7658939361572266,
3.4890174865722656,
3.448009490966797,
2.3529529571533203,
4.306793212890625,
1.4259815216064453,
1.6851425170898438,
2.1619796752929688,
1.783132553100586,
1.4407634735107422,
1.2989044189453125,
1.7900466918945312,
1.5192031860351562,
1.4729499816894531,
2.9449462890625,
6.2351226806640625,
5.263090133666992,
6.964921951293945,
7.153034210205078,
3.139019012451172,
1.40380859375,
2.5742053985595703,
1.8570423126220703,
3.0031204223632812,
2.843141555786133,
2.1560192108154297,
1.1849403381347656,
1.6219615936279297,
1.6977787017822266,
1.953125,
1.9180774688720703,
1.5139579772949219,
2.931833267211914,
1.4719963073730469,
0.9028911590576172,
1.0411739349365234,
1.013040542602539,
0.7979869842529297,
1.619100570678711,
1.4317035675048828,
1.3778209686279297,
1.093149185180664,
1.2791156768798828,
0.9639263153076172,
0.8509159088134766,
1.622915267944336,
1.1761188507080078,
1.0459423065185547,
2.424001693725586,
2.397298812866211,
2.4979114532470703,
1.5208721160888672,
1.3277530670166016,
1.7940998077392578,
2.3088455200195312,
1.4920234680175781,
1.4941692352294922,
1.439809799194336,
1.3189315795898438,
0.8656978607177734,
2.2330284118652344,
1.6019344329833984,
1.4948844909667969,
1.4400482177734375,
1.4450550079345703,
1.8970966339111328,
1.6789436340332031,
2.51007080078125,
1.8069744110107422,
1.7619132995605469,
1.7631053924560547,
2.817869186401367,
5.557060241699219,
6.246328353881836,
7.596015930175781,
5.724906921386719,
5.261898040771484,
2.3059844970703125,
2.106189727783203,
2.4259090423583984,
2.73895263671875,
3.085613250732422,
3.081798553466797,
2.0558834075927734,
3.437042236328125,
5.880832672119141,
6.523847579956055,
7.576227188110352,
5.080223083496094,
3.5429000854492188,
7.433891296386719,
10.648965835571289,
3.6699771881103516,
2.248048782348633,
0.9160041809082031,
1.5990734100341797,
2.232074737548828,
2.7701854705810547,
1.856088638305664,
1.4183521270751953,
1.3630390167236328,
1.3377666473388672,
2.208232879638672,
1.2888908386230469,
1.438140869140625,
1.1000633239746094,
1.0721683502197266,
7.650852203369141,
8.86082649230957,
4.178762435913086,
5.897045135498047,
8.224010467529297,
6.501913070678711,
0.90789794921875,
1.3608932495117188,
0.9291172027587891,
4.246950149536133,
3.2949447631835938,
4.101753234863281,
4.027128219604492,
1.4369487762451172,
1.7290115356445312,
2.2058486938476562,
1.486063003540039,
0.8959770202636719,
0.8981227874755859,
4.133939743041992,
5.7659149169921875,
6.592988967895508,
7.078886032104492,
2.2640228271484375,
1.0800361633300781,
0.9250640869140625,
0.7548332214355469,
0.6809234619140625,
0.7958412170410156,
0.7278919219970703,
0.8521080017089844,
1.4979839324951172,
2.402067184448242,
0.6799697875976562,
0.57220458984375,
0.8099079132080078,
0.5340576171875,
30.43222427368164,
30.41219711303711,
7.090330123901367,
3.6509037017822266,
4.12297248840332,
0.576019287109375,
0.5290508270263672,
0.4620552062988281,
0.7898807525634766,
0.7243156433105469,
0.6530284881591797,
0.5362033843994141,
0.6060600280761719,
0.7307529449462891,
0.6163120269775391,
0.4830360412597656,
0.8437633514404297,
0.5753040313720703,
0.7059574127197266,
0.6737709045410156,
0.5190372467041016,
0.5717277526855469,
0.5347728729248047,
0.5218982696533203,
0.6608963012695312,
0.5679130554199219,
0.7870197296142578,
0.7281303405761719,
0.7328987121582031,
2.0341873168945312,
2.0072460174560547,
1.4791488647460938,
1.4269351959228516,
1.2221336364746094,
1.271963119506836,
5.038976669311523,
14.580965042114258,
17.51995086669922,
1.4810562133789062,
0.6392002105712891,
1.0900497436523438,
0.9820461273193359,
0.6010532379150391,
0.47469139099121094,
0.4658699035644531,
1.5537738800048828,
1.6231536865234375,
1.1258125305175781,
8.263111114501953,
20.117759704589844,
20.328760147094727,
18.67532730102539,
9.329795837402344,
0.9882450103759766,
8.77690315246582,
5.81812858581543,
6.433010101318359,
10.138273239135742,
10.522842407226562,
0.6549358367919922,
0.5168914794921875,
0.5102157592773438,
0.492095947265625,
0.6017684936523438,
1.0519027709960938,
1.2710094451904297,
1.6591548919677734,
1.3079643249511719,
1.2140274047851562,
1.0497570037841797,
0.5259513854980469,
0.7648468017578125,
0.8749961853027344,
0.9341239929199219,
0.8618831634521484,
0.8511543273925781,
0.7297992706298828,
0.7538795471191406,
0.8029937744140625,
1.421213150024414,
1.4188289642333984,
1.4111995697021484,
1.2061595916748047,
1.8382072448730469,
1.5020370483398438,
3.610849380493164,
3.735065460205078,
3.201007843017578,
2.911806106567383,
3.7603378295898438,
1.768350601196289,
1.6787052154541016,
2.7718544006347656,
2.8963088989257812,
2.6819705963134766,
2.2089481353759766,
1.093149185180664,
1.628875732421875,
2.1648406982421875,
1.9190311431884766,
4.2438507080078125,
1.3093948364257812,
1.2359619140625,
1.2791156768798828,
1.604318618774414,
1.6739368438720703,
1.1017322540283203,
1.1670589447021484,
3.175973892211914,
2.3453235626220703,
3.925323486328125,
1.569986343383789,
8.198022842407227,
4.58216667175293,
13.612031936645508,
8.126974105834961,
7.824182510375977,
4.341840744018555,
2.908945083618164,
2.5861263275146484,
3.7391185760498047,
1.77001953125,
3.4072399139404297,
3.9319992065429688,
3.2389163970947266,
3.782987594604492,
3.7889480590820312,
4.570245742797852,
4.045009613037109,
2.8820037841796875,
3.4248828887939453,
3.3080577850341797,
1.875162124633789,
2.688884735107422,
8.455038070678711,
10.577917098999023,
3.2227039337158203,
5.199670791625977,
11.728048324584961,
4.381895065307617,
4.019021987915039,
4.110097885131836,
4.719018936157227,
1.2090206146240234,
1.190185546875,
1.3117790222167969,
1.6760826110839844,
1.3682842254638672,
0.518798828125,
0.4889965057373047,
0.7419586181640625,
0.49996376037597656,
1.3680458068847656,
1.1861324310302734,
1.3346672058105469,
0.6561279296875,
0.6389617919921875,
0.8809566497802734,
1.3320446014404297,
0.9610652923583984,
0.9949207305908203,
1.5571117401123047,
1.2080669403076172,
1.809835433959961,
0.8761882781982422,
0.9558200836181641,
0.96893310546875,
0.9987354278564453,
1.6949176788330078,
1.249074935913086,
2.366781234741211,
1.741170883178711,
2.2199153900146484,
1.9309520721435547,
2.7489662170410156,
2.7399063110351562,
9.356975555419922,
15.728235244750977,
17.130136489868164,
0.7288455963134766,
0.4851818084716797,
0.6241798400878906,
0.48422813415527344,
0.7789134979248047,
1.0640621185302734,
1.7609596252441406,
2.6307106018066406,
3.014802932739258,
1.4200210571289062,
1.2862682342529297,
2.115011215209961,
2.251863479614258,
1.402139663696289,
1.277923583984375,
2.3412704467773438,
1.9938945770263672,
1.1930465698242188,
1.8460750579833984,
1.8460750579833984,
1.2369155883789062,
1.8229484558105469,
1.8002986907958984,
1.519918441772461,
2.355337142944336,
1.6887187957763672,
1.33514404296875,
1.355886459350586,
1.1172294616699219,
1.2784004211425781,
2.3870468139648438,
2.3148059844970703,
1.667022705078125,
2.9668807983398438,
2.736330032348633,
2.009153366088867,
2.9680728912353516,
1.483917236328125,
1.3768672943115234,
2.0051002502441406,
3.190755844116211,
3.4112930297851562,
2.38800048828125,
2.115011215209961,
2.0678043365478516,
2.0210742950439453,
1.9180774688720703,
2.640962600708008,
1.9259452819824219,
2.14385986328125,
1.6751289367675781,
4.419088363647461,
5.108118057250977,
1.7940998077392578,
1.966714859008789,
3.8678646087646484,
2.942323684692383,
2.6366710662841797,
3.735065460205078,
3.5572052001953125,
2.3970603942871094,
2.2766590118408203,
2.154111862182617,
2.933979034423828,
2.8960704803466797,
3.0260086059570312,
2.5360584259033203,
1.9860267639160156,
2.313852310180664,
2.257823944091797,
2.1219253540039062,
1.7189979553222656,
2.3741722106933594,
2.031087875366211,
3.1900405883789062,
2.128124237060547,
3.8993358612060547,
3.743886947631836,
1.8339157104492188,
1.6918182373046875,
1.950979232788086,
2.2881031036376953,
2.7618408203125,
2.646923065185547,
2.5260448455810547,
2.7251243591308594,
2.501964569091797,
3.2660961151123047,
2.5017261505126953,
2.6366710662841797,
2.710103988647461,
4.234075546264648,
3.061056137084961,
1.8529891967773438,
1.7848014831542969,
2.023935317993164,
2.103090286254883,
2.149820327758789,
1.856088638305664,
1.6858577728271484,
4.622936248779297,
2.7298927307128906,
2.7570724487304688,
3.2672882080078125,
2.427339553833008,
2.936840057373047,
1.8239021301269531,
2.2759437561035156,
2.2950172424316406,
2.1071434020996094,
1.5881061553955078,
1.5816688537597656,
1.9409656524658203,
2.3360252380371094,
2.9540061950683594,
3.5049915313720703,
3.9958953857421875,
4.230022430419922,
3.880023956298828,
1.9359588623046875,
1.9991397857666016,
3.309011459350586,
3.4787654876708984,
3.651142120361328,
3.0851364135742188,
1.9559860229492188,
1.8768310546875,
1.4519691467285156,
2.5129318237304688,
2.849102020263672,
5.012035369873047,
1.9118785858154297,
1.7161369323730469,
2.202749252319336,
1.5528202056884766,
2.2029876708984375,
2.3069381713867188,
2.2280216217041016,
1.9679069519042969,
2.0720958709716797,
2.974987030029297,
2.9311180114746094,
3.2057762145996094,
2.5129318237304688,
1.5358924865722656,
1.4772415161132812,
2.256155014038086,
2.644777297973633,
2.663135528564453,
4.297971725463867,
2.508878707885742,
3.0601024627685547,
1.5921592712402344,
2.5947093963623047,
2.3810863494873047,
2.222776412963867,
2.0630359649658203,
1.5530586242675781,
1.4138221740722656,
1.7490386962890625,
1.9640922546386719,
1.8680095672607422,
4.600048065185547,
5.473136901855469,
2.172231674194336,
2.048969268798828,
3.381013870239258,
4.427909851074219,
3.2820701599121094,
3.2091140747070312,
2.902984619140625,
2.045869827270508,
4.194974899291992,
3.9637088775634766,
3.9663314819335938,
3.465414047241211,
5.609989166259766,
4.944801330566406,
2.569913864135742,
2.736806869506836,
1.9648075103759766,
2.6450157165527344,
5.651950836181641,
5.62596321105957,
3.425121307373047,
2.1791458129882812,
3.1228065490722656,
2.599000930786133,
2.9540061950683594,
1.9278526306152344,
1.6949176788330078,
3.481149673461914,
4.431724548339844,
2.459287643432617,
1.7437934875488281,
3.0307769775390625,
1.5881061553955078,
2.418994903564453,
2.178192138671875,
22.254228591918945,
19.735097885131836,
10.378122329711914,
0.7939338684082031,
0.6239414215087891,
0.5710124969482422,
0.5357265472412109,
0.49686431884765625,
1.178741455078125,
1.10626220703125,
1.1038780212402344,
0.5791187286376953,
0.55694580078125,
0.5669593811035156,
0.492095947265625,
0.7061958312988281,
0.8089542388916016,
1.2967586517333984,
1.2087821960449219,
1.1489391326904297,
1.6629695892333984,
1.7192363739013672,
3.6573410034179688,
4.042148590087891,
6.730079650878906,
4.828929901123047,
0.8091926574707031,
0.6573200225830078,
0.5962848663330078,
0.4878044128417969,
0.5161762237548828,
0.7905960083007812,
0.7538795471191406,
0.4837512969970703,
0.5049705505371094,
0.5171298980712891,
0.46706199645996094,
0.5791187286376953,
0.8349418640136719,
0.9160041809082031,
0.5998611450195312,
0.7040500640869141,
0.6611347198486328,
0.6010532379150391,
0.6892681121826172,
0.637054443359375,
1.844167709350586,
2.2208690643310547,
0.6539821624755859,
3.4677982330322266,
3.9658546447753906,
3.4170150756835938,
4.892826080322266,
3.787994384765625,
0.8339881896972656,
0.9102821350097656,
0.6840229034423828,
0.6761550903320312,
0.5109310150146484,
0.7090568542480469,
0.6861686706542969,
0.6127357482910156,
0.5357265472412109,
0.49614906311035156,
0.4520416259765625,
0.4639625549316406,
0.5910396575927734,
0.5300045013427734,
0.5629062652587891,
0.5500316619873047,
0.4680156707763672,
0.5021095275878906,
0.5612373352050781,
0.7650852203369141,
0.6949901580810547,
0.5428791046142578,
0.7538795471191406,
0.6327629089355469,
0.7262229919433594,
0.8580684661865234,
0.8630752563476562,
0.8230209350585938,
0.6558895111083984,
2.357006072998047,
2.14385986328125,
2.118349075317383,
1.1119842529296875,
1.0080337524414062,
1.1138916015625,
1.4951229095458984,
2.2361278533935547,
8.592844009399414,
4.227876663208008,
4.142999649047852,
2.229928970336914,
1.8901824951171875,
1.1091232299804688,
1.1172294616699219,
2.2940635681152344,
2.1758079528808594,
1.9698143005371094,
2.061128616333008,
2.418994903564453,
1.6160011291503906,
3.4351348876953125,
3.3118724822998047,
0.9238719940185547,
0.9157657623291016,
1.2600421905517578,
6.04701042175293,
8.9111328125,
0.9851455688476562,
0.6859302520751953,
1.10626220703125,
1.322031021118164,
2.1848678588867188,
1.4290809631347656,
1.2710094451904297,
1.8410682678222656,
6.077051162719727,
6.397008895874023,
9.310007095336914,
0.8029937744140625,
0.8361339569091797,
0.9799003601074219,
0.7538795471191406,
0.8502006530761719,
0.7040500640869141,
0.6549358367919922,
0.6401538848876953,
0.6878376007080078,
2.1440982818603516,
3.1888484954833984,
1.3358592987060547,
0.8769035339355469,
1.38092041015625,
1.6880035400390625,
2.0978450775146484,
1.1680126190185547,
0.9918212890625,
1.5189647674560547,
2.9408931732177734,
2.8917789459228516,
1.6262531280517578,
2.001047134399414,
2.1562576293945312,
1.5828609466552734,
0.9462833404541016,
2.8231143951416016,
2.619028091430664,
2.9528141021728516,
1.5931129455566406,
2.292156219482422,
1.210927963256836,
1.1849403381347656,
1.0938644409179688,
1.7747879028320312,
1.547098159790039,
1.5881061553955078,
1.0991096496582031,
1.110076904296875,
1.110076904296875,
1.4369487762451172,
1.0533332824707031,
1.0209083557128906,
0.9548664093017578,
1.5780925750732422,
1.5327930450439453,
1.6379356384277344,
1.1110305786132812,
1.4491081237792969,
1.428365707397461,
1.9757747650146484,
1.7218589782714844,
2.129793167114258,
2.0029544830322266,
0.8840560913085938,
1.0111331939697266,
0.9858608245849609,
1.6739368438720703,
2.077817916870117,
1.817941665649414,
2.012014389038086,
2.0139217376708984,
1.995086669921875,
1.8908977508544922,
2.012014389038086,
1.9750595092773438,
0.9570121765136719,
0.9028911590576172,
0.9109973907470703,
1.007080078125,
1.0199546813964844,
1.155853271484375,
1.1551380157470703,
1.157999038696289,
0.9737014770507812,
0.8940696716308594,
0.8337497711181641,
1.1219978332519531,
1.3518333435058594,
1.7409324645996094,
1.73187255859375,
1.4979839324951172,
1.1839866638183594,
1.0571479797363281,
1.0068416595458984,
1.009225845336914,
1.50299072265625,
1.2810230255126953,
1.7080307006835938,
0.9617805480957031,
1.0869503021240234,
1.165151596069336,
1.068115234375,
1.196146011352539,
1.2669563293457031,
1.4100074768066406,
1.4560222625732422,
1.79290771484375,
1.6121864318847656,
1.4688968658447266,
1.5110969543457031,
1.3000965118408203,
1.2669563293457031,
1.0306835174560547,
1.1022090911865234,
0.8678436279296875,
1.0008811950683594,
1.1799335479736328,
1.1608600616455078,
0.8077621459960938,
0.8230209350585938,
0.8511543273925781,
1.4460086822509766,
1.7743110656738281,
1.8858909606933594,
1.1811256408691406,
1.2118816375732422,
1.4791488647460938,
1.0509490966796875,
1.1372566223144531,
0.9999275207519531,
1.3279914855957031,
1.0058879852294922,
1.2211799621582031,
0.8189678192138672,
1.341104507446289,
1.3120174407958984,
1.302957534790039,
1.1107921600341797,
1.088857650756836,
0.9858608245849609,
1.6758441925048828,
1.641988754272461,
1.6248226165771484,
1.5397071838378906,
1.0302066802978516,
1.0559558868408203,
1.1000633239746094,
1.3277530670166016,
1.283884048461914,
1.194000244140625,
1.4832019805908203,
1.2090206146240234,
1.1019706726074219,
1.1646747589111328,
1.3151168823242188,
1.1639595031738281,
1.7418861389160156,
1.3699531555175781,
1.7750263214111328,
1.7478466033935547,
1.5993118286132812,
1.413106918334961,
1.1589527130126953,
1.2590885162353516,
1.232147216796875,
1.194000244140625,
2.463102340698242,
2.141237258911133,
2.519845962524414,
2.4459362030029297,
1.386880874633789,
1.3380050659179688,
1.2810230255126953,
1.4147758483886719,
1.8181800842285156,
0.9567737579345703,
1.09100341796875,
0.9827613830566406,
0.8797645568847656,
0.9009838104248047,
0.8969306945800781,
1.0249614715576172,
1.4467239379882812,
1.1379718780517578,
1.4598369598388672,
1.895904541015625,
1.3668537139892578,
1.4019012451171875,
0.8988380432128906,
1.8742084503173828,
1.626729965209961,
2.1178722381591797,
2.0809173583984375,
1.3079643249511719,
1.191854476928711,
2.1429061889648438,
1.8498897552490234,
1.817941665649414,
1.8188953399658203,
1.7600059509277344,
1.5878677368164062,
1.2478828430175781,
1.6167163848876953,
2.068042755126953,
2.5370121002197266,
1.9810199737548828,
1.2459754943847656,
1.5578269958496094,
2.0599365234375,
2.5322437286376953,
2.4907588958740234,
2.4590492248535156,
2.062082290649414,
1.0690689086914062,
1.2211799621582031,
1.2421607971191406,
1.0647773742675781,
1.2652873992919922,
1.5437602996826172,
1.4929771423339844,
1.461029052734375,
2.113819122314453,
1.5358924865722656,
4.5719146728515625,
4.551172256469727,
2.248048782348633,
2.626180648803711,
1.8768310546875,
2.1047592163085938,
2.1681785583496094,
2.481698989868164,
3.2830238342285156,
2.496957778930664,
2.2439956665039062,
4.65703010559082,
2.4640560150146484,
2.3767948150634766,
1.8801689147949219,
2.6552677154541016,
2.1719932556152344,
2.128124237060547,
1.947164535522461,
2.207040786743164,
1.5780925750732422,
1.9409656524658203,
1.9459724426269531,
1.6210079193115234,
2.401113510131836,
2.4161338806152344,
2.549886703491211,
1.9881725311279297,
2.3360252380371094,
2.376079559326172,
1.8720626831054688,
5.192995071411133,
5.126237869262695,
2.8548240661621094,
1.500844955444336,
1.5749931335449219,
1.542806625366211,
2.8417110443115234,
2.010822296142578,
2.473115921020508,
2.846956253051758,
3.1659603118896484,
3.119230270385742,
2.260923385620117,
3.1778812408447266,
2.969980239868164,
3.0870437622070312,
2.7570724487304688,
1.77001953125,
2.671957015991211,
1.4679431915283203,
2.649068832397461,
3.7450790405273438,
2.5207996368408203,
1.9321441650390625,
2.1719932556152344,
2.9120445251464844,
2.7379989624023438,
3.670930862426758,
3.3330917358398438,
2.6051998138427734,
2.028942108154297,
2.705812454223633,
3.1037330627441406,
2.687215805053711,
2.6590824127197266,
3.1571388244628906,
2.938985824584961,
1.7058849334716797,
3.049135208129883,
2.6319026947021484,
2.685070037841797,
2.37274169921875,
2.438068389892578,
3.8661956787109375,
1.9249916076660156,
2.8219223022460938,
3.2389163970947266,
2.8829574584960938,
2.6149749755859375,
2.360820770263672,
1.9409656524658203,
3.1888484954833984,
3.206968307495117,
2.5250911712646484,
4.566669464111328,
4.253864288330078,
2.882242202758789,
1.825094223022461,
3.6208629608154297,
2.777099609375,
4.199028015136719,
2.807140350341797,
2.240896224975586,
2.402067184448242,
1.9199848175048828,
5.079030990600586,
5.738019943237305,
2.470731735229492,
2.039194107055664,
2.90679931640625,
1.8491744995117188,
2.0008087158203125,
2.2008419036865234,
1.9919872283935547,
2.288818359375,
5.018949508666992,
1.9199848175048828,
1.7957687377929688,
2.2590160369873047,
3.114938735961914,
2.418041229248047,
2.229928970336914,
3.657102584838867,
17.96412467956543,
5.445003509521484,
0.6680488586425781,
0.6041526794433594,
0.6380081176757812,
1.3759136199951172,
0.9868144989013672,
1.544952392578125,
1.2810230255126953,
2.0608901977539062,
1.0790824890136719,
1.0418891906738281,
1.4503002166748047,
1.004934310913086,
9.284019470214844,
5.436182022094727,
9.285211563110352,
10.24627685546875,
10.716915130615234,
1.873016357421875,
5.2509307861328125,
4.209280014038086,
1.7628669738769531,
2.9010772705078125,
3.4797191619873047,
2.048015594482422,
4.951953887939453,
7.215261459350586,
6.577014923095703,
7.997274398803711,
2.2361278533935547,
11.43503189086914,
4.140138626098633,
3.662109375,
3.4770965576171875,
2.665996551513672,
3.5719871520996094,
1.1780261993408203,
1.0919570922851562,
1.4138221740722656,
1.302957534790039,
0.942230224609375,
0.7989406585693359,
1.7631053924560547,
1.7948150634765625,
1.7561912536621094,
1.5227794647216797,
1.0852813720703125,
1.088857650756836,
1.5461444854736328,
1.8579959869384766,
1.3701915740966797,
1.4231204986572266,
3.1900405883789062,
3.6568641662597656,
3.0531883239746094,
4.870891571044922,
1.4698505401611328,
1.6481876373291016,
1.5392303466796875,
1.149892807006836,
2.521038055419922,
1.9278526306152344,
2.669811248779297,
2.644062042236328,
2.073049545288086,
1.828908920288086,
1.3260841369628906,
1.7490386962890625,
1.943826675415039,
2.348184585571289,
2.273082733154297,
2.3398399353027344,
1.569986343383789,
1.1692047119140625,
1.4128684997558594,
3.039121627807617,
1.2652873992919922,
1.6281604766845703,
1.585245132446289,
1.255035400390625,
0.9920597076416016,
1.2769699096679688,
1.6398429870605469,
2.3772716522216797,
1.4920234680175781,
1.2700557708740234,
1.4078617095947266,
1.2428760528564453,
1.5439987182617188,
1.40380859375,
0.9989738464355469,
0.7920265197753906,
0.9002685546875,
1.1219978332519531,
1.2998580932617188,
1.6598701477050781,
2.0339488983154297,
1.6179084777832031,
1.6551017761230469,
1.4600753784179688,
0.9319782257080078,
0.8120536804199219,
0.7331371307373047,
2.1071434020996094,
2.0618438720703125,
2.379894256591797,
2.380847930908203,
1.4810562133789062,
1.2471675872802734,
0.9019374847412109,
0.9970664978027344,
0.8833408355712891,
0.946044921875,
1.1768341064453125,
0.9658336639404297,
0.9570121765136719,
0.8151531219482422,
0.7929801940917969,
0.8769035339355469,
1.8470287322998047,
1.9860267639160156,
2.3751258850097656,
1.9350051879882812,
2.841949462890625,
2.794027328491211,
1.5978813171386719,
1.5680789947509766,
14.245986938476562,
14.232158660888672,
10.087013244628906,
13.533830642700195,
11.215925216674805,
10.530233383178711,
2.7267932891845703,
0.762939453125,
1.2853145599365234,
0.8351802825927734,
0.8068084716796875,
0.6952285766601562,
1.0232925415039062,
1.1730194091796875,
1.161336898803711,
1.1920928955078125,
1.0652542114257812,
0.7250308990478516,
0.5519390106201172,
0.7839202880859375,
0.6549358367919922,
1.2960433959960938,
1.4688968658447266,
1.9147396087646484,
3.3860206604003906,
3.2749176025390625,
2.7170181274414062,
2.4940967559814453,
0.7450580596923828,
1.7001628875732422,
2.8138160705566406,
2.5238990783691406,
3.5140514373779297,
1.4760494232177734,
1.276254653930664,
1.3718605041503906,
1.3561248779296875,
2.2802352905273438,
1.981973648071289,
1.8260478973388672,
1.5151500701904297,
0.9891986846923828,
1.165151596069336,
0.9868144989013672,
1.4619827270507812,
2.3479461669921875,
1.9142627716064453,
1.7271041870117188,
1.489877700805664,
1.9960403442382812,
1.2288093566894531,
2.0699501037597656,
1.3659000396728516,
1.753091812133789,
1.8470287322998047,
1.0042190551757812,
1.6388893127441406,
2.1250247955322266,
1.5521049499511719,
2.017974853515625,
0.9899139404296875,
2.023935317993164,
3.190755844116211,
1.6808509826660156,
1.5218257904052734,
1.3229846954345703,
1.2557506561279297,
1.821756362915039,
1.611948013305664,
2.104043960571289,
1.2118816375732422,
1.2688636779785156,
3.4170150756835938,
4.641056060791016,
4.516124725341797,
2.9621124267578125,
1.6660690307617188,
1.5742778778076172,
1.5327930450439453,
1.56402587890625,
2.017974853515625,
1.2722015380859375,
1.2371540069580078,
2.0689964294433594,
1.5716552734375,
1.5401840209960938,
1.7442703247070312,
0.9679794311523438,
1.1758804321289062,
1.6088485717773438,
2.073049545288086,
1.0120868682861328,
1.1048316955566406,
1.2018680572509766,
1.1839866638183594,
2.8221607208251953,
2.8009414672851562,
2.8619766235351562,
2.9060840606689453,
1.323699951171875,
1.1479854583740234,
2.7790069580078125,
1.6598701477050781,
2.605915069580078,
2.1162033081054688,
1.1069774627685547,
1.1470317840576172,
2.0308494567871094,
1.9330978393554688,
2.0890235900878906,
1.0771751403808594,
1.461029052734375,
1.5201568603515625,
1.9867420196533203,
1.9061565399169922,
1.8842220306396484,
1.6469955444335938,
3.882169723510742,
5.025148391723633,
3.3521652221679688,
2.450227737426758,
1.9321441650390625,
1.6949176788330078,
1.2798309326171875,
1.2369155883789062,
1.220703125,
1.4331340789794922,
1.2879371643066406,
1.6078948974609375,
1.1551380157470703,
1.1167526245117188,
1.1277198791503906,
1.1720657348632812,
1.1959075927734375,
1.252889633178711,
1.4140605926513672,
1.9538402557373047,
1.6880035400390625,
1.38092041015625,
0.9388923645019531,
0.926971435546875,
1.0848045349121094,
1.5292167663574219,
1.9168853759765625,
1.9109249114990234,
1.1332035064697266,
1.6198158264160156,
1.352071762084961,
1.3470649719238281,
1.4138221740722656,
1.8758773803710938,
2.333402633666992,
1.6589164733886719,
1.7452239990234375,
0.9601116180419922,
1.2161731719970703,
1.1892318725585938,
1.0700225830078125,
1.168966293334961,
1.7750263214111328,
1.7399787902832031,
1.2118816375732422,
0.9932518005371094,
1.7108917236328125,
1.6748905181884766,
1.1167526245117188,
1.5149116516113281,
1.470804214477539,
1.2087821960449219,
3.053903579711914,
2.998828887939453,
2.012968063354492,
2.393007278442383,
1.5528202056884766,
1.344919204711914,
1.438140869140625,
0.9999275207519531,
0.8680820465087891,
0.8518695831298828,
1.1138916015625,
1.6167163848876953,
1.5819072723388672,
0.9908676147460938,
1.0528564453125,
1.0492801666259766,
2.0422935485839844,
1.2660026550292969,
1.7788410186767578,
1.2819766998291016,
0.9930133819580078,
1.0149478912353516,
0.8308887481689453,
1.035928726196289,
1.3720989227294922,
1.5680789947509766,
1.4047622680664062,
1.8649101257324219,
1.8248558044433594,
1.31988525390625,
1.6779899597167969,
1.6851425170898438,
2.260923385620117,
1.6560554504394531,
1.4178752899169922,
1.8858909606933594,
1.8868446350097656,
1.8458366394042969,
1.6541481018066406,
3.9992332458496094,
3.8919448852539062,
3.124237060546875,
0.9579658508300781,
2.203226089477539,
2.6929378509521484,
1.9278526306152344,
2.1080970764160156,
1.6698837280273438,
1.6529560089111328,
2.3190975189208984,
2.7611255645751953,
1.291036605834961,
1.0509490966796875,
1.016855239868164,
1.519918441772461,
1.5649795532226562,
1.7020702362060547,
1.9931793212890625,
1.5752315521240234,
1.0008811950683594,
1.5921592712402344,
1.9960403442382812,
1.5940666198730469,
1.6181468963623047,
2.324819564819336,
2.0720958709716797,
2.073049545288086,
1.1749267578125,
1.1949539184570312,
1.4519691467285156,
1.1870861053466797,
1.5740394592285156,
1.9412040710449219,
2.0389556884765625,
2.1791458129882812,
1.5180110931396484,
2.9327869415283203,
1.1699199676513672,
0.7731914520263672,
1.3267993927001953,
1.3391971588134766,
1.9679069519042969,
1.2822151184082031,
1.2478828430175781,
1.3079643249511719,
1.3689994812011719,
1.1048316955566406,
1.6660690307617188,
1.6210079193115234,
1.3129711151123047,
1.2450218200683594,
1.0590553283691406,
2.1953582763671875,
2.4089813232421875,
1.6200542449951172,
1.5861988067626953,
1.0938644409179688,
1.0597705841064453,
1.0609626770019531,
1.6658306121826172,
1.5659332275390625,
1.5399456024169922,
1.5308856964111328,
2.361774444580078,
1.6300678253173828,
2.5141239166259766,
1.7840862274169922,
2.0186901092529297,
1.8510818481445312,
1.4491081237792969,
1.313924789428711,
1.0390281677246094,
1.27410888671875,
1.2271404266357422,
0.9849071502685547,
1.4882087707519531,
1.1451244354248047,
1.8570423126220703,
1.2371540069580078,
1.683950424194336,
1.661062240600586,
1.8069744110107422,
1.2700557708740234,
1.361846923828125,
1.538991928100586,
1.316070556640625,
1.0960102081298828,
2.090930938720703,
2.0270347595214844,
2.4068355560302734,
1.9559860229492188,
2.2149085998535156,
3.0663013458251953,
2.4368762969970703,
1.5208721160888672,
0.7808208465576172,
0.6899833679199219,
1.2087821960449219,
2.9630661010742188,
1.950979232788086,
2.6979446411132812,
2.49481201171875,
2.2361278533935547,
1.8851757049560547,
1.6360282897949219,
1.9719600677490234,
1.5060901641845703,
2.3109912872314453,
3.3109188079833984,
2.109050750732422,
2.701997756958008,
3.0519962310791016,
3.3071041107177734,
1.5978813171386719,
2.5610923767089844,
1.9216537475585938,
1.9500255584716797,
2.6578903198242188,
2.1500587463378906,
2.504110336303711,
2.5720596313476562,
3.3850669860839844,
3.0188560485839844,
2.7451515197753906,
2.719879150390625,
2.8188228607177734,
3.798961639404297,
2.1109580993652344,
2.8090476989746094,
3.612041473388672,
3.8280487060546875,
3.545045852661133,
3.7941932678222656,
3.0660629272460938,
2.5060176849365234,
3.1409263610839844,
2.131938934326172,
2.161741256713867,
2.0630359649658203,
2.315044403076172,
3.200054168701172,
6.232976913452148,
2.3758411407470703,
2.6187896728515625,
4.422187805175781,
2.702951431274414,
3.4198760986328125,
1.9152164459228516,
1.9829273223876953,
2.6688575744628906,
2.716064453125,
1.8329620361328125,
2.0258426666259766,
1.8360614776611328,
2.6061534881591797,
2.557992935180664,
1.5628337860107422,
1.935720443725586,
2.0380020141601562,
1.7271041870117188,
2.222776412963867,
1.7631053924560547,
2.5207996368408203,
2.429962158203125,
2.302885055541992,
2.262115478515625,
2.360820770263672,
2.680063247680664,
2.711057662963867,
2.6509761810302734,
2.7108192443847656,
1.7769336700439453,
2.2792816162109375,
1.8658638000488281,
3.365039825439453,
2.4750232696533203,
3.757953643798828,
2.524137496948242,
2.7687549591064453,
2.0079612731933594,
2.7081966400146484,
2.328157424926758,
2.3119449615478516,
3.4208297729492188,
3.5631656646728516,
3.6830902099609375,
3.709077835083008,
3.7813186645507812,
3.6830902099609375,
2.9518604278564453,
3.80706787109375,
1.8451213836669922,
4.855155944824219,
2.258777618408203,
1.8999576568603516,
2.1638870239257812,
2.8853416442871094,
2.5768280029296875,
2.750873565673828,
1.8908977508544922,
2.641916275024414,
2.4871826171875,
2.3081302642822266,
2.6302337646484375,
4.0760040283203125,
3.570079803466797,
3.092050552368164,
1.8451213836669922,
1.3320446014404297,
1.1639595031738281,
2.1338462829589844,
2.249002456665039,
1.0728836059570312,
1.806020736694336,
1.4379024505615234,
1.3861656188964844,
1.2378692626953125,
1.8818378448486328,
1.500844955444336,
0.8172988891601562,
0.8120536804199219,
3.4759044647216797,
3.3838748931884766,
2.3298263549804688,
1.3709068298339844,
1.7018318176269531,
2.1288394927978516,
1.6398429870605469,
1.1577606201171875,
0.9551048278808594,
1.4379024505615234,
1.4309883117675781,
1.1949539184570312,
1.2218952178955078,
3.0548572540283203,
1.3780593872070312,
1.5480518341064453,
1.4929771423339844,
1.5926361083984375,
1.6968250274658203,
0.7817745208740234,
1.7180442810058594,
1.4340877532958984,
2.3009777069091797,
1.6949176788330078,
1.947164535522461,
1.8918514251708984,
3.1118392944335938,
2.8159618377685547,
2.576112747192383,
2.2220611572265625,
1.7540454864501953,
2.38800048828125,
2.6590824127197266,
1.6551017761230469,
2.1750926971435547,
2.563953399658203,
3.4770965576171875,
3.114938735961914,
2.808094024658203,
2.846956253051758,
2.5959014892578125,
3.416776657104492,
2.3021697998046875,
2.084016799926758,
5.839824676513672,
2.933979034423828,
2.286672592163086,
1.8780231475830078,
2.819061279296875,
3.2639503479003906,
1.9011497497558594,
1.867055892944336,
1.817941665649414,
7.112979888916016,
13.000965118408203,
2.844095230102539,
2.048015594482422,
4.557132720947266,
4.204988479614258,
4.569053649902344,
5.635976791381836,
2.9239654541015625,
2.5081634521484375,
2.357959747314453,
3.1931400299072266,
2.942800521850586,
6.627798080444336,
4.373073577880859,
4.300117492675781,
5.5389404296875,
5.16200065612793,
7.163047790527344,
6.000757217407227,
4.565954208374023,
4.038810729980469,
4.915952682495117,
5.079984664916992,
4.912853240966797,
3.798961639404297,
2.7909278869628906,
2.2552013397216797,
1.5900135040283203,
0.8139610290527344,
1.2481212615966797,
1.1019706726074219,
1.9381046295166016,
2.2568702697753906,
1.1839866638183594,
1.8010139465332031,
1.508951187133789,
1.5070438385009766,
1.2259483337402344,
2.026796340942383,
1.7189979553222656,
2.301931381225586,
1.6889572143554688,
1.355886459350586,
2.2821426391601562,
2.257823944091797,
2.9408931732177734,
2.650022506713867,
2.141237258911133,
1.6009807586669922,
0.9169578552246094,
1.5621185302734375,
2.0399093627929688,
2.0208358764648438,
2.6810169219970703,
1.1420249938964844,
1.1777877807617188,
1.6140937805175781,
1.7628669738769531,
1.753091812133789,
0.9860992431640625,
0.8611679077148438,
1.9750595092773438,
1.9409656524658203,
1.7428398132324219,
2.536773681640625,
1.9130706787109375,
2.1021366119384766,
2.2459030151367188,
3.1960010528564453,
2.010822296142578,
3.1728744506835938,
4.762887954711914,
3.1371116638183594,
4.674196243286133,
2.7129650115966797,
2.838134765625,
2.6092529296875,
2.804994583129883,
2.4871826171875,
1.249074935913086,
1.0058879852294922,
1.476287841796875,
0.8702278137207031,
2.0799636840820312,
1.7867088317871094,
1.9299983978271484,
0.9639263153076172,
2.9218196868896484,
2.404928207397461,
2.4480819702148438,
2.4199485778808594,
1.3718605041503906,
1.0690689086914062,
1.1758804321289062,
1.0042190551757812,
5.074024200439453,
4.935026168823242,
5.789995193481445,
4.665136337280273,
5.138874053955078,
3.3249855041503906,
1.8908977508544922,
1.219034194946289,
0.9899139404296875,
3.2172203063964844,
4.364013671875,
5.312681198120117,
4.321098327636719,
6.52003288269043,
4.951238632202148,
2.835988998413086,
1.157999038696289,
1.1169910430908203,
1.8188953399658203,
5.677938461303711,
2.0151138305664062,
1.9779205322265625,
1.5249252319335938,
2.1522045135498047,
2.1119117736816406,
1.039266586303711,
1.1639595031738281,
1.766204833984375,
1.8610954284667969,
1.8928050994873047,
1.4579296112060547,
1.89208984375,
0.7948875427246094,
1.0228157043457031,
0.9617805480957031,
0.8158683776855469,
0.9009838104248047,
0.8149147033691406,
0.9200572967529297,
1.1761188507080078,
1.1391639709472656,
0.8082389831542969,
2.0368099212646484,
2.003908157348633,
1.6827583312988281,
2.1638870239257812,
1.3103485107421875,
2.321958541870117,
2.8100013732910156,
1.4688968658447266,
2.0301342010498047,
1.9710063934326172,
2.6628971099853516,
3.498077392578125,
1.9559860229492188,
3.3578872680664062,
1.3172626495361328,
1.237630844116211,
1.6319751739501953,
1.1658668518066406,
1.3077259063720703,
1.5671253204345703,
1.3768672943115234,
1.2688636779785156,
1.6198158264160156,
1.5919208526611328,
5.44285774230957,
6.435871124267578,
4.760265350341797,
5.573034286499023,
2.0999908447265625,
1.8601417541503906,
2.0139217376708984,
0.9629726409912109,
1.2431144714355469,
0.7662773132324219,
1.0597705841064453,
1.4977455139160156,
0.8609294891357422,
1.1720657348632812,
1.5549659729003906,
0.9937286376953125,
1.603841781616211,
1.4729499816894531,
0.8871555328369141,
1.0161399841308594,
1.0788440704345703,
0.7050037384033203,
1.0571479797363281,
0.804901123046875,
0.7867813110351562,
0.6799697875976562,
0.9090900421142578,
0.8397102355957031,
0.7979869842529297,
0.7350444793701172,
0.9431838989257812,
1.9178390502929688,
0.7579326629638672,
1.138925552368164,
0.8127689361572266,
0.6957054138183594,
0.9610652923583984,
0.7102489471435547,
0.7548332214355469,
0.6730556488037109,
0.9930133819580078,
0.9758472442626953,
0.8456707000732422,
2.846956253051758,
1.0280609130859375,
1.249074935913086,
1.0650157928466797,
1.3458728790283203,
1.2307167053222656,
0.7770061492919922,
0.7040500640869141,
0.6248950958251953,
0.55694580078125,
0.7429122924804688,
0.5528926849365234,
0.5891323089599609,
0.5941390991210938,
0.6160736083984375,
0.5650520324707031,
0.5259513854980469,
0.6639957427978516,
0.8397102355957031,
1.0077953338623047,
0.8289813995361328,
1.2421607971191406,
1.5349388122558594,
1.7168521881103516,
1.2359619140625,
1.2249946594238281,
1.2218952178955078,
1.2388229370117188,
0.6039142608642578,
0.6000995635986328,
0.8919239044189453,
1.4812946319580078,
1.1398792266845703,
1.0192394256591797,
0.9720325469970703,
0.7419586181640625,
0.9899139404296875,
1.2981891632080078,
1.1751651763916016,
1.4500617980957031,
1.3742446899414062,
1.1818408966064453,
0.9930133819580078,
0.7331371307373047,
0.6740093231201172,
1.0056495666503906,
0.6871223449707031,
0.7619857788085938,
0.9353160858154297,
0.95367431640625,
0.8881092071533203,
1.0759830474853516,
0.9768009185791016,
1.271963119506836,
1.0998249053955078,
1.2018680572509766,
4.602909088134766,
1.2712478637695312,
0.9858608245849609,
0.92315673828125,
1.329183578491211,
0.8809566497802734,
0.9069442749023438,
0.720977783203125,
0.7309913635253906,
1.0488033294677734,
0.8230209350585938,
0.9701251983642578,
1.680135726928711,
1.9900798797607422,
3.4258365631103516,
3.446817398071289,
3.3380985260009766,
3.275632858276367,
4.263877868652344,
10.794878005981445,
6.48188591003418,
1.2059211730957031,
1.0218620300292969,
0.8387565612792969,
0.7691383361816406,
0.865936279296875,
0.5638599395751953,
1.0859966278076172,
1.1022090911865234,
1.2600421905517578,
1.249074935913086,
26.304006576538086,
29.989004135131836,
1.6341209411621094,
1.085042953491211,
14.419078826904297,
2.096891403198242,
0.7579326629638672,
0.7193088531494141,
1.0471343994140625,
0.6761550903320312,
0.8599758148193359,
1.2540817260742188,
0.9980201721191406,
0.9500980377197266,
6.843805313110352,
9.612083435058594,
30.148029327392578,
27.13298797607422,
16.2508487701416,
2.273082733154297,
1.0788440704345703,
0.8258819580078125,
0.7648468017578125,
0.7100105285644531,
0.537872314453125,
29.98495101928711,
30.340909957885742,
28.804302215576172,
31.567811965942383,
5.925893783569336,
5.554914474487305,
6.04701042175293,
5.272150039672852,
5.803585052490234,
3.5932064056396484,
2.5179386138916016,
3.5119056701660156,
1.0418891906738281,
2.415895462036133,
1.91497802734375,
1.4259815216064453,
0.9610652923583984,
1.2478828430175781,
1.0559558868408203,
1.2121200561523438,
1.2698173522949219,
1.2459754943847656,
1.1110305786132812,
3.275632858276367,
3.014087677001953,
5.066871643066406,
3.9300918579101562,
3.564119338989258,
5.998134613037109,
2.5606155395507812,
2.8448104858398438,
3.9720535278320312,
4.557132720947266,
2.5742053985595703,
2.5997161865234375,
3.5982131958007812,
2.9268264770507812,
2.0139217376708984,
1.9779205322265625,
2.8519630432128906,
2.724885940551758,
2.499103546142578,
3.1402111053466797,
2.691030502319336,
2.361774444580078,
2.257108688354492,
2.277851104736328,
2.1038055419921875,
1.9998550415039062,
5.930900573730469,
6.125926971435547,
2.73895263671875,
4.62794303894043,
3.9620399475097656,
1.631021499633789,
1.4069080352783203,
1.2469291687011719,
2.1538734436035156,
1.7290115356445312,
2.476930618286133,
1.8818378448486328,
1.934051513671875,
1.8489360809326172,
3.996133804321289,
4.887819290161133,
2.814054489135742,
1.9550323486328125,
3.3490657806396484,
2.4170875549316406,
3.348112106323242,
4.8770904541015625,
3.1800270080566406,
1.1301040649414062,
0.8082389831542969,
0.797271728515625,
1.2481212615966797,
1.1899471282958984,
0.8509159088134766,
1.277923583984375,
1.3339519500732422,
1.2731552124023438,
1.9659996032714844,
1.2729167938232422,
1.1179447174072266,
1.310110092163086,
2.1669864654541016,
2.2439956665039062,
2.530813217163086,
3.039836883544922,
2.741098403930664,
23.73790740966797,
2.5739669799804688,
1.8570423126220703,
1.5287399291992188,
0.9729862213134766,
6.894111633300781,
3.6878585815429688,
1.505136489868164,
3.862142562866211,
4.342079162597656,
1.56402587890625,
5.674123764038086,
5.324840545654297,
1.8520355224609375,
1.7781257629394531,
1.4591217041015625,
1.7840862274169922,
3.618955612182617,
2.849102020263672,
2.385854721069336,
3.4499168395996094,
3.2050609588623047,
2.3469924926757812,
1.7430782318115234,
2.7136802673339844,
5.7830810546875,
11.277914047241211,
5.45501708984375,
6.721735000610352,
1.52587890625,
2.3221969604492188,
1.7023086547851562,
2.8340816497802734,
4.703998565673828,
20.98989486694336,
19.999027252197266,
21.51775360107422,
22.36008644104004,
0.8220672607421875,
0.5962848663330078,
0.6201267242431641,
1.1949539184570312,
0.6608963012695312,
0.6349086761474609,
0.5280971527099609,
0.6270408630371094,
0.6058216094970703,
0.7586479187011719,
0.804901123046875,
0.6990432739257812,
0.621795654296875,
0.7860660552978516,
0.7131099700927734,
0.5140304565429688,
0.7350444793701172,
1.0461807250976562,
0.8480548858642578,
0.5781650543212891,
0.5960464477539062,
0.7369518280029297,
0.7040500640869141,
1.2788772583007812,
1.026153564453125,
1.4200210571289062,
0.9479522705078125,
1.2242794036865234,
1.1970996856689453,
8.980989456176758,
40.10796546936035,
29.259204864501953,
42.74725914001465,
1.5411376953125,
3.3388137817382812,
2.935647964477539,
2.8159618377685547,
2.808809280395508,
2.794981002807617,
2.315044403076172,
3.3311843872070312,
1.9419193267822266,
3.3202171325683594,
2.808094024658203,
2.355813980102539,
1.0919570922851562,
0.8032321929931641,
0.7059574127197266,
0.7410049438476562,
0.67901611328125,
1.1348724365234375,
1.399993896484375,
1.0318756103515625,
1.0099411010742188,
0.7321834564208984,
0.5788803100585938,
0.8177757263183594,
0.8158683776855469,
0.7002353668212891,
2.031087875366211,
1.3911724090576172,
1.7011165618896484,
1.332998275756836,
1.1179447174072266,
0.7369518280029297,
0.6511211395263672,
0.7269382476806641,
1.0068416595458984,
1.0330677032470703,
2.046823501586914,
1.5709400177001953,
1.4989376068115234,
1.0612010955810547,
1.3201236724853516,
0.9160041809082031,
1.071929931640625,
1.4300346374511719,
1.3759136199951172,
1.252889633178711,
1.3511180877685547,
1.6460418701171875,
1.374959945678711,
1.5859603881835938,
2.173900604248047,
1.194000244140625,
1.026153564453125,
1.3799667358398438,
1.332998275756836,
3.810882568359375,
3.7779808044433594,
1.5909671783447266,
1.6529560089111328,
1.3499259948730469,
1.1997222900390625,
0.9281635284423828,
1.5108585357666016,
1.4781951904296875,
1.3287067413330078,
1.1799335479736328,
0.9820461273193359,
1.5652179718017578,
0.9310245513916016,
1.3952255249023438,
1.3740062713623047,
3.3211708068847656,
1.9159317016601562,
4.495859146118164,
2.9077529907226562,
4.504680633544922,
4.076957702636719,
1.569986343383789,
2.1309852600097656,
2.0551681518554688,
2.076864242553711,
1.726388931274414,
2.1800994873046875,
1.020193099975586,
1.4560222625732422,
1.4238357543945312,
1.2600421905517578,
0.9012222290039062,
0.7350444793701172,
0.8351802825927734,
1.3630390167236328,
1.2962818145751953,
1.2726783752441406,
1.5895366668701172,
7.207155227661133,
6.030082702636719,
2.140045166015625,
1.692056655883789,
2.1810531616210938,
0.8666515350341797,
2.4640560150146484,
1.4019012451171875,
1.3790130615234375,
1.2731552124023438,
1.3208389282226562,
1.2640953063964844,
1.5559196472167969,
2.0651817321777344,
1.764059066772461,
2.0999908447265625,
1.6880035400390625,
2.0990371704101562,
2.0859241485595703,
1.466989517211914,
4.3201446533203125,
2.012968063354492,
2.527952194213867,
2.835988998413086,
2.08282470703125,
2.579927444458008,
2.399921417236328,
3.6308765411376953,
3.690958023071289,
2.4251937866210938,
1.7261505126953125,
1.6052722930908203,
1.806020736694336,
1.9729137420654297,
2.379894256591797,
3.4339427947998047,
3.2761096954345703,
2.9282569885253906,
3.6830902099609375,
2.699136734008789,
2.644062042236328,
1.5327930450439453,
2.213716506958008,
1.8389225006103516,
1.6748905181884766,
1.611948013305664,
1.814126968383789,
2.1021366119384766,
3.6118030548095703,
3.348827362060547,
2.9358863830566406,
2.395153045654297,
2.974987030029297,
3.031015396118164,
2.735137939453125,
2.5560855865478516,
4.0111541748046875,
1.8918514251708984,
1.6782283782958984,
1.7631053924560547,
1.827239990234375,
2.0368099212646484,
1.6567707061767578,
2.5451183319091797,
2.193927764892578,
1.8298625946044922,
2.0248889923095703,
5.897045135498047,
2.4709701538085938,
2.482891082763672,
1.8360614776611328,
1.9640922546386719,
2.7990341186523438,
3.3991336822509766,
4.167079925537109,
2.669095993041992,
3.6842823028564453,
3.3757686614990234,
2.652883529663086,
2.1631717681884766,
1.9788742065429688,
1.8029212951660156,
1.89208984375,
1.8551349639892578,
1.950979232788086,
1.650094985961914,
4.052162170410156,
4.072904586791992,
4.021883010864258,
2.7000904083251953,
3.6509037017822266,
3.4029483795166016,
5.110979080200195,
4.530906677246094,
6.030797958374023,
3.1681060791015625,
4.530906677246094,
3.2019615173339844,
2.9449462890625,
2.0558834075927734,
3.7839412689208984,
2.7370452880859375,
2.6760101318359375,
3.6542415618896484,
2.4449825286865234,
3.0059814453125,
2.2411346435546875,
1.953125,
2.2339820861816406,
1.9042491912841797,
2.193927764892578,
1.5192031860351562,
1.5301704406738281,
3.3838748931884766,
3.9200782775878906,
3.7560462951660156,
1.4672279357910156,
3.253936767578125,
4.46009635925293,
2.5289058685302734,
1.997232437133789,
2.9888153076171875,
2.094745635986328,
3.393888473510742,
2.287149429321289,
2.009153366088867,
7.53474235534668,
1.7619132995605469,
5.368947982788086,
3.2210350036621094,
4.405975341796875,
1.9690990447998047,
3.453969955444336,
4.239797592163086,
3.1490325927734375,
2.9289722442626953,
2.897977828979492,
2.2814273834228516,
2.2280216217041016,
1.962900161743164,
2.134084701538086,
2.936124801635742,
2.3398399353027344,
5.327701568603516,
6.702899932861328,
2.2058486938476562,
3.4568309783935547,
1.2249946594238281,
1.3480186462402344,
1.0669231414794922,
1.0759830474853516,
2.3221969604492188,
4.299163818359375,
4.218816757202148,
14.619827270507812,
2.4199485778808594,
1.5950202941894531,
2.566814422607422,
2.321958541870117,
2.0956993103027344,
11.052131652832031,
2.962827682495117,
1.8839836120605469,
1.3129711151123047,
2.653837203979492,
2.992868423461914,
5.166769027709961,
2.05230712890625,
1.9841194152832031,
1.566171646118164,
1.070261001586914,
1.3980865478515625,
1.1820793151855469,
0.6961822509765625,
0.9119510650634766,
0.6220340728759766,
4.111051559448242,
1.458883285522461,
10.226964950561523,
10.206937789916992,
6.232976913452148,
0.7836818695068359,
1.0991096496582031,
1.055002212524414,
0.5829334259033203,
0.5202293395996094,
0.7781982421875,
0.5099773406982422,
0.4680156707763672,
0.9119510650634766,
0.8797645568847656,
0.5640983581542969,
0.8130073547363281,
0.6198883056640625,
1.7118453979492188,
1.9969940185546875,
1.1870861053466797,
0.9891986846923828,
1.010894775390625,
1.0421276092529297,
0.6880760192871094,
1.0237693786621094,
0.6890296936035156,
0.9858608245849609,
1.2390613555908203,
0.9090900421142578,
0.8997917175292969,
1.6469955444335938,
1.9369125366210938,
1.2171268463134766,
1.5211105346679688,
1.1820793151855469,
1.4939308166503906,
1.2888908386230469,
1.1448860168457031,
1.0323524475097656,
1.2011528015136719,
0.9400844573974609,
1.0790824890136719,
0.8080005645751953,
1.0330677032470703,
1.09100341796875,
0.7929801940917969,
0.9479522705078125,
1.2431144714355469,
0.9469985961914062,
1.5330314636230469,
2.1457672119140625,
1.1157989501953125,
1.0259151458740234,
1.1348724365234375,
1.1341571807861328,
1.3289451599121094,
0.9317398071289062,
1.2769699096679688,
1.3380050659179688,
1.3039112091064453,
1.0581016540527344,
1.2617111206054688,
1.1539459228515625,
0.96893310546875,
1.667022705078125,
1.631021499633789,
1.1920928955078125,
1.1479854583740234,
1.1298656463623047,
1.68609619140625,
1.708984375,
2.125978469848633,
1.4340877532958984,
1.9669532775878906,
2.396106719970703,
2.1429061889648438,
2.8238296508789062,
2.8269290924072266,
1.4841556549072266,
2.7191638946533203,
3.561258316040039,
3.5200119018554688,
2.1538734436035156,
1.6210079193115234,
1.8489360809326172,
1.0349750518798828,
1.276254653930664,
1.3568401336669922,
2.192258834838867,
2.171754837036133,
1.8470287322998047,
1.7428398132324219,
1.374959945678711,
1.50299072265625,
2.3889541625976562,
2.841949462890625,
2.7627944946289062,
3.7262439727783203,
4.030942916870117,
3.523111343383789,
3.3721923828125,
2.9468536376953125,
4.094123840332031,
1.9829273223876953,
2.514362335205078,
1.8067359924316406,
1.0800361633300781,
1.4410018920898438,
1.5339851379394531,
1.1551380157470703,
0.7970333099365234,
1.035928726196289,
0.9429454803466797,
1.4338493347167969,
1.2021064758300781,
1.7552375793457031,
1.7330646514892578,
1.3430118560791016,
2.0170211791992188,
1.9490718841552734,
2.213001251220703,
2.3789405822753906,
1.641988754272461,
1.4691352844238281,
0.8740425109863281,
2.025127410888672,
2.460002899169922,
3.7260055541992188,
2.5069713592529297,
1.3492107391357422,
1.15203857421875,
1.216888427734375,
1.4033317565917969,
1.2202262878417969,
1.1870861053466797,
0.8587837219238281,
1.2059211730957031,
1.4269351959228516,
1.9049644470214844,
2.107858657836914,
2.351045608520508,
1.8510818481445312,
1.6012191772460938,
1.5990734100341797,
1.6040802001953125,
1.5146732330322266,
2.2001266479492188,
2.1810531616210938,
2.4421215057373047,
1.6713142395019531,
1.3577938079833984,
2.2361278533935547,
1.83868408203125,
1.909017562866211,
1.9350051879882812,
1.3849735260009766,
1.5177726745605469,
1.3380050659179688,
1.3837814331054688,
1.9080638885498047,
2.3920536041259766,
3.618001937866211,
2.5768280029296875,
3.316164016723633,
1.7421245574951172,
3.3588409423828125,
3.8008689880371094,
1.8429756164550781,
2.359151840209961,
2.527952194213867,
1.7671585083007812,
2.504110336303711,
2.5489330291748047,
2.8679370880126953,
2.7570724487304688,
1.580953598022461,
2.524137496948242,
2.4929046630859375,
1.6770362854003906,
1.8401145935058594,
1.8160343170166016,
1.8591880798339844,
1.5218257904052734,
2.1381378173828125,
2.5560855865478516,
1.9872188568115234,
3.4809112548828125,
4.420995712280273,
5.1898956298828125,
4.256963729858398,
1.9621849060058594,
1.5778541564941406,
2.4750232696533203,
2.8820037841796875,
2.630949020385742,
2.3260116577148438,
1.9440650939941406,
2.546072006225586,
3.010988235473633,
2.477884292602539,
3.8199424743652344,
3.397703170776367,
4.041910171508789,
1.5501976013183594,
1.6651153564453125,
2.2721290588378906,
4.07099723815918,
1.6851425170898438,
1.8799304962158203,
1.863241195678711,
1.9979476928710938,
1.741170883178711,
2.228975296020508,
1.9850730895996094,
2.429962158203125,
3.4186840057373047,
4.183053970336914,
4.07719612121582,
1.538991928100586,
3.5529136657714844,
2.6710033416748047,
2.5501251220703125,
1.9257068634033203,
1.706838607788086,
1.767873764038086,
2.0470619201660156,
2.5730133056640625,
2.779245376586914,
2.275228500366211,
2.5200843811035156,
1.9750595092773438,
2.048015594482422,
2.1338462829589844,
2.259969711303711,
2.9261112213134766,
4.068136215209961,
1.9168853759765625,
1.6510486602783203,
1.7809867858886719,
2.368927001953125,
1.8849372863769531,
3.062009811401367,
2.6879310607910156,
2.399921417236328,
3.6590099334716797,
3.0100345611572266,
2.2809505462646484,
1.7609596252441406,
2.5658607482910156,
1.9421577453613281,
9.394168853759766,
2.984762191772461,
2.386808395385742,
3.1898021697998047,
10.879039764404297,
4.937887191772461,
3.3211708068847656,
3.000974655151367,
4.244089126586914,
6.346940994262695,
17.51112937927246,
19.15597915649414,
1.5912055969238281,
1.4820098876953125,
1.5728473663330078,
2.2530555725097656,
1.8029212951660156,
1.3549327850341797,
1.0809898376464844,
1.1188983917236328,
1.6560554504394531,
2.228975296020508,
2.3419857025146484,
8.994102478027344,
3.8022994995117188,
3.9360523223876953,
3.545045852661133,
4.892826080322266,
6.934881210327148,
15.351057052612305,
2.2268295288085938,
0.9400844573974609,
1.0690689086914062,
0.7340908050537109,
0.6778240203857422,
0.6499290466308594,
0.5497932434082031,
0.644683837890625,
1.8029212951660156,
3.4711360931396484,
3.1671524047851562,
2.1200180053710938,
1.9071102142333984,
2.973318099975586,
2.229928970336914,
6.30497932434082,
6.099939346313477,
2.569913864135742,
3.9701461791992188,
4.660844802856445,
0.8637905120849609,
1.51824951171875,
0.6318092346191406,
0.5049705505371094,
0.6961822509765625,
0.640869140625,
0.44798851013183594,
0.4661083221435547,
0.4889965057373047,
0.7519721984863281,
0.8640289306640625,
0.9279251098632812,
0.7498264312744141,
0.9419918060302734,
0.7851123809814453,
1.0178089141845703,
0.45990943908691406,
0.8230209350585938,
0.8611679077148438,
0.7550716400146484,
0.8199214935302734,
0.8080005645751953,
0.80108642578125,
0.5559921264648438,
2.145051956176758,
2.2678375244140625,
1.7409324645996094,
1.4531612396240234,
1.8019676208496094,
1.0509490966796875,
2.7420520782470703,
5.531072616577148,
5.133867263793945,
2.468109130859375,
2.062082290649414,
1.9261837005615234,
1.8680095672607422,
1.2280941009521484,
1.5518665313720703,
1.1909008026123047,
3.0400753021240234,
2.9370784759521484,
1.9769668579101562,
16.433238983154297,
7.913351058959961,
10.095834732055664,
2.588987350463867,
2.089977264404297,
1.2710094451904297,
2.2089481353759766,
1.7321109771728516,
1.9440650939941406,
1.196146011352539,
2.1390914916992188,
2.08282470703125,
1.8749237060546875,
2.1550655364990234,
1.4259815216064453,
1.5909671783447266,
1.8379688262939453,
2.6330947875976562,
2.598285675048828,
2.707958221435547,
3.9548873901367188,
3.498077392578125,
3.2548904418945312,
3.3669471740722656,
5.070924758911133,
2.501964569091797,
2.536296844482422,
4.182100296020508,
2.5589466094970703,
3.2579898834228516,
2.4700164794921875,
3.9658546447753906,
2.9828548431396484,
3.1909942626953125,
6.071805953979492,
2.276897430419922,
1.8157958984375,
4.311084747314453,
3.5750865936279297,
5.366086959838867,
2.3550987243652344,
2.930879592895508,
3.626108169555664,
2.753019332885742,
1.6219615936279297,
1.9190311431884766,
8.499860763549805,
5.126237869262695,
6.028175354003906,
1.950979232788086,
1.5790462493896484,
1.689910888671875,
1.4548301696777344,
1.4920234680175781,
4.8961639404296875,
6.251811981201172,
5.006074905395508,
4.805088043212891,
18.932104110717773,
0.6818771362304688,
0.5817413330078125,
0.6058216094970703,
0.5600452423095703,
0.48995018005371094,
0.4742145538330078,
0.5331039428710938,
0.6096363067626953,
0.47206878662109375,
0.5629062652587891,
0.492095947265625,
0.5052089691162109,
0.8313655853271484,
1.0361671447753906,
0.9949207305908203,
0.8478164672851562,
1.0828971862792969,
0.6947517395019531,
0.5278587341308594,
0.6041526794433594,
0.6577968597412109,
0.6730556488037109,
0.6589889526367188,
0.6961822509765625,
1.0828971862792969,
1.4047622680664062,
1.1892318725585938,
1.132965087890625,
0.6809234619140625,
0.5590915679931641,
1.051187515258789,
1.0790824890136719,
1.013040542602539,
0.86212158203125,
1.7189979553222656,
1.3580322265625,
1.3310909271240234,
3.2529830932617188,
4.585981369018555,
3.0248165130615234,
2.789020538330078,
1.7380714416503906,
1.6019344329833984,
2.301931381225586,
1.8639564514160156,
1.127004623413086,
1.62506103515625,
1.7483234405517578,
2.681255340576172,
3.7250518798828125,
2.591848373413086,
4.036664962768555,
2.1529197692871094,
4.15492057800293,
1.9497871398925781,
3.930807113647461,
5.363225936889648,
3.253936767578125,
3.435850143432617,
1.7981529235839844,
1.8570423126220703,
2.5708675384521484,
3.1709671020507812,
3.206968307495117,
2.5930404663085938,
3.1909942626953125,
2.881765365600586,
2.494335174560547,
0.9667873382568359,
0.9050369262695312,
0.9291172027587891,
1.1699199676513672,
1.129150390625,
1.6677379608154297,
1.764059066772461,
2.482891082763672,
2.293109893798828,
1.0786056518554688,
1.2340545654296875,
1.4929771423339844,
1.21307373046875,
1.3568401336669922,
2.6121139526367188,
3.117799758911133,
1.7502307891845703,
1.486063003540039,
1.4371871948242188,
1.4619827270507812,
1.4553070068359375,
0.7469654083251953,
1.255035400390625,
1.2149810791015625,
1.1782646179199219,
0.7529258728027344,
0.8041858673095703,
0.9148120880126953,
0.7688999176025391,
0.8189678192138672,
0.8561611175537109,
0.9591579437255859,
3.213167190551758,
4.564046859741211,
6.680011749267578,
12.568950653076172,
3.6296844482421875,
0.98419189453125,
1.007080078125,
1.1470317840576172,
1.4142990112304688,
2.705097198486328,
2.3317337036132812,
2.2399425506591797,
1.02996826171875,
1.6331672668457031,
1.6851425170898438,
1.9278526306152344,
1.0788440704345703,
1.02996826171875,
1.0099411010742188,
0.7758140563964844,
0.7948875427246094,
0.8630752563476562,
0.9019374847412109,
1.9040107727050781,
4.106998443603516,
2.8290748596191406,
4.804134368896484,
3.5347938537597656,
2.2258758544921875,
1.8286705017089844,
1.3651847839355469,
1.9299983978271484,
1.3191699981689453,
2.2470951080322266,
2.088785171508789,
1.6100406646728516,
0.8151531219482422,
0.827789306640625,
0.8001327514648438,
1.1210441589355469,
2.2079944610595703,
2.0258426666259766,
1.8160343170166016,
1.8477439880371094,
1.4598369598388672,
1.0769367218017578,
1.5180110931396484,
1.1968612670898438,
1.1548995971679688,
1.2001991271972656,
1.0638236999511719,
1.0960102081298828,
1.0082721710205078,
0.7879734039306641,
0.7259845733642578,
0.7288455963134766,
0.6260871887207031,
1.4820098876953125,
1.4781951904296875,
1.5072822570800781,
2.0101070404052734,
1.1339187622070312,
1.4042854309082031,
1.1603832244873047,
1.2900829315185547,
1.2350082397460938,
2.321004867553711,
2.3071765899658203,
1.4469623565673828,
1.2640953063964844,
1.4858245849609375,
4.121065139770508,
2.1059513092041016,
1.5177726745605469,
2.045869827270508,
2.552032470703125,
1.867055892944336,
1.5118122100830078,
1.5308856964111328,
2.299785614013672,
2.0487308502197266,
1.361846923828125,
2.6090145111083984,
2.0487308502197266,
3.0951499938964844,
1.505136489868164,
1.232147216796875,
3.389120101928711,
3.156900405883789,
1.8792152404785156,
1.2118816375732422,
1.9497871398925781,
1.4591217041015625,
1.4770030975341797,
1.4369487762451172,
1.2309551239013672,
1.2421607971191406,
1.2552738189697266,
1.0311603546142578,
1.0371208190917969,
2.1047592163085938,
1.615762710571289,
1.6751289367675781,
1.8689632415771484,
1.6090869903564453,
1.7800331115722656,
1.6551017761230469,
2.260923385620117,
1.6438961029052734,
1.4908313751220703,
1.953125,
1.9211769104003906,
1.6067028045654297,
3.5631656646728516,
3.1290054321289062,
1.7242431640625,
5.578041076660156,
3.25775146484375,
1.9190311431884766,
2.229928970336914,
1.687765121459961,
1.6372203826904297,
1.8439292907714844,
1.909017562866211,
3.364086151123047,
4.748821258544922,
4.652738571166992,
4.5490264892578125,
2.7680397033691406,
1.596212387084961,
1.708984375,
1.7740726470947266,
1.8990039825439453,
2.153158187866211,
2.8162002563476562,
1.8689632415771484,
2.1219253540039062,
2.185821533203125,
1.886129379272461,
1.6710758209228516,
1.844167709350586,
1.7209053039550781,
1.6608238220214844,
1.6167163848876953,
2.9592514038085938,
2.7761459350585938,
2.7730464935302734,
3.213167190551758,
9.765148162841797,
10.14399528503418,
1.3701915740966797,
2.5620460510253906,
1.7540454864501953,
3.148794174194336,
3.083944320678711,
2.0208358764648438,
1.477956771850586,
1.1091232299804688,
1.6341209411621094,
2.1660327911376953,
3.3359527587890625,
4.319906234741211,
2.5289058685302734,
4.914999008178711,
2.332925796508789,
3.0379295349121094,
2.6900768280029297,
4.369020462036133,
3.7648677825927734,
2.5260448455810547,
2.554178237915039,
1.8310546875,
3.5622119903564453,
1.8970966339111328,
3.1380653381347656,
2.1131038665771484,
12.098073959350586,
15.06805419921875,
2.390146255493164,
3.6170482635498047,
1.6429424285888672,
3.200054168701172,
2.196073532104492,
1.6071796417236328,
1.4350414276123047,
1.444101333618164,
1.2030601501464844,
1.8918514251708984,
1.8608570098876953,
1.8339157104492188,
2.25830078125,
1.505136489868164,
1.4388561248779297,
2.3059844970703125,
2.2127628326416016,
2.644062042236328,
1.7828941345214844,
1.3511180877685547,
1.1138916015625,
1.2309551239013672,
1.455068588256836,
1.0421276092529297,
1.1210441589355469,
0.8959770202636719,
2.007007598876953,
1.9650459289550781,
1.5411376953125,
1.21307373046875,
1.7609596252441406,
1.4328956604003906,
4.452943801879883,
5.647182464599609,
11.981010437011719,
9.999990463256836,
4.4269561767578125,
7.342100143432617,
11.963129043579102,
1.62506103515625,
2.3822784423828125,
1.590728759765625,
0.8990764617919922,
0.6837844848632812,
0.6167888641357422,
1.0912418365478516,
1.5101432800292969,
1.3267993927001953,
1.6090869903564453,
1.4977455139160156,
1.4390945434570312,
2.2928714752197266,
2.2411346435546875,
3.3719539642333984,
8.964300155639648,
48.972129821777344,
45.90892791748047,
5.745887756347656,
5.548954010009766,
0.7512569427490234,
0.6499290466308594,
0.7686614990234375,
0.8330345153808594,
1.1532306671142578,
1.0759830474853516,
0.8990764617919922,
0.6909370422363281,
0.4642009735107422,
0.8580684661865234,
0.6120204925537109,
0.8072853088378906,
0.7772445678710938,
0.5338191986083984,
0.7929801940917969,
0.8728504180908203,
0.7250308990478516,
0.6372928619384766,
0.7748603820800781,
0.514984130859375,
0.5638599395751953,
0.5030632019042969,
1.4772415161132812,
1.4729499816894531,
0.6527900695800781,
0.5469322204589844,
0.8020401000976562,
1.1298656463623047,
0.6978511810302734,
0.6070137023925781,
0.9539127349853516,
0.8118152618408203,
0.9572505950927734,
0.7119178771972656,
1.0292530059814453,
0.7758140563964844,
1.9268989562988281,
2.1157264709472656,
5.401849746704102,
36.52691841125488,
35.97402572631836,
1.8007755279541016,
30.65800666809082,
0.7061958312988281,
0.7548332214355469,
0.7653236389160156,
0.637054443359375,
0.6859302520751953,
0.6089210510253906,
0.5290508270263672,
0.45013427734375,
0.43487548828125,
0.47206878662109375,
0.6649494171142578,
0.7109642028808594,
0.6930828094482422,
0.4532337188720703,
0.46896934509277344,
0.7088184356689453,
0.6766319274902344,
0.6549358367919922,
0.5099773406982422,
0.5061626434326172,
0.49614906311035156,
0.4868507385253906,
0.5080699920654297,
0.537872314453125,
1.0199546813964844,
1.0161399841308594,
4.162788391113281,
1.9230842590332031,
2.5620460510253906,
2.6199817657470703,
2.1996498107910156,
1.6551017761230469,
1.7802715301513672,
6.808042526245117,
12.744903564453125,
8.543968200683594,
2.675771713256836,
2.2101402282714844,
1.5320777893066406,
2.0210742950439453,
1.4519691467285156,
1.4088153839111328,
1.3637542724609375,
1.2297630310058594,
1.0221004486083984,
3.9741992950439453,
3.5758018493652344,
2.7751922607421875,
3.428220748901367,
3.857135772705078,
3.0128955841064453,
4.37617301940918,
3.7369728088378906,
3.0679702758789062,
3.535747528076172,
6.091117858886719,
17.708778381347656,
4.8351287841796875,
0.7688999176025391,
0.7109642028808594,
0.5898475646972656,
0.6887912750244141,
0.5509853363037109,
0.6628036499023438,
2.149820327758789,
3.892183303833008,
3.5920143127441406,
1.7330646514892578,
2.741098403930664,
1.5690326690673828,
1.8973350524902344,
6.704092025756836,
2.895832061767578,
3.484964370727539,
3.3140182495117188,
2.413034439086914,
1.8498897552490234,
2.620220184326172,
2.4590492248535156,
1.917123794555664,
2.0151138305664062,
4.619121551513672,
4.889011383056641,
16.789913177490234,
20.228147506713867,
0.9341239929199219,
0.7970333099365234,
0.6580352783203125,
0.5729198455810547,
0.5791187286376953,
0.4909038543701172,
0.4668235778808594,
0.5567073822021484,
0.6458759307861328,
0.5090236663818359,
0.492095947265625,
0.4417896270751953,
0.45299530029296875,
0.49996376037597656,
0.5049705505371094,
0.49614906311035156,
0.7071495056152344,
0.9629726409912109,
0.9012222290039062,
0.6198883056640625,
0.7338523864746094,
0.6010532379150391,
0.5350112915039062,
0.6792545318603516,
0.6959438323974609,
0.6608963012695312,
0.6210803985595703,
0.7176399230957031,
0.9021759033203125,
0.8158683776855469,
0.6897449493408203,
0.6568431854248047,
0.7290840148925781,
1.7578601837158203,
2.2933483123779297,
3.8521289825439453,
2.6471614837646484,
1.1210441589355469,
2.2530555725097656,
2.0148754119873047,
2.019166946411133,
1.821279525756836,
1.483917236328125,
2.3539066314697266,
3.2241344451904297,
2.7391910552978516,
2.4080276489257812,
2.3407936096191406,
1.5070438385009766,
2.034902572631836,
1.3279914855957031,
1.4698505401611328,
2.0563602447509766,
1.405954360961914,
1.1398792266845703,
1.7361640930175781,
1.950979232788086,
2.2242069244384766,
1.9288063049316406,
3.0968189239501953,
1.7049312591552734,
1.6460418701171875,
5.454063415527344,
4.398107528686523,
5.911111831665039,
5.764245986938477,
3.23486328125,
10.317087173461914,
9.848833084106445,
3.5772323608398438,
4.432201385498047,
1.2478828430175781,
1.0769367218017578,
1.0230541229248047,
1.3709068298339844,
1.2810230255126953,
1.6629695892333984,
1.7588138580322266,
2.032756805419922,
1.0571479797363281,
3.9169788360595703,
4.016876220703125,
4.622936248779297,
1.8858909606933594,
1.8649101257324219,
1.2412071228027344,
1.2171268463134766,
1.447916030883789,
1.2469291687011719,
1.0159015655517578,
1.3756752014160156,
1.2009143829345703,
1.2938976287841797,
1.2459754943847656,
2.5141239166259766,
1.9278526306152344,
2.866983413696289,
1.2879371643066406,
1.2469291687011719,
1.2171268463134766,
0.9360313415527344,
1.1551380157470703,
1.2309551239013672,
1.4829635620117188,
1.405954360961914,
1.0979175567626953,
1.3229846954345703,
1.3117790222167969,
1.3339519500732422,
1.7631053924560547,
1.6431808471679688,
1.2729167938232422,
1.1000633239746094,
1.1162757873535156,
1.062154769897461,
0.946044921875,
1.1379718780517578,
0.9191036224365234,
1.1222362518310547,
1.3480186462402344,
1.4190673828125,
1.2331008911132812,
1.7771720886230469,
1.9519329071044922,
1.9512176513671875,
1.516103744506836,
2.106904983520508,
1.3699531555175781,
1.5611648559570312,
1.5630722045898438,
2.7840137481689453,
2.443075180053711,
2.526998519897461,
1.1451244354248047,
1.1110305786132812,
1.0991096496582031,
1.3282299041748047,
1.013040542602539,
1.13677978515625,
1.497030258178711,
1.3470649719238281,
1.5971660614013672,
2.023935317993164,
1.6589164733886719,
1.4238357543945312,
1.2011528015136719,
1.3551712036132812,
1.094818115234375,
1.264810562133789,
1.2199878692626953,
1.4581680297851562,
1.560211181640625,
1.6520023345947266,
1.4269351959228516,
1.168966293334961,
1.9106864929199219,
1.1477470397949219,
1.1858940124511719,
1.2879371643066406,
1.27410888671875,
1.8510818481445312,
0.766754150390625,
0.8080005645751953,
1.0797977447509766,
0.7710456848144531,
1.0938644409179688,
0.7669925689697266,
1.1301040649414062,
0.8749961853027344,
0.9970664978027344,
0.8280277252197266,
0.8349418640136719,
0.8220672607421875,
0.8168220520019531,
1.7859935760498047,
1.7528533935546875,
1.8680095672607422,
2.187013626098633,
1.249074935913086,
0.7030963897705078,
0.579833984375,
0.7429122924804688,
0.9100437164306641,
0.804901123046875,
0.7221698760986328,
0.6988048553466797,
0.6289482116699219,
1.0571479797363281,
1.0433197021484375,
1.104116439819336,
1.2142658233642578,
1.2531280517578125,
0.9100437164306641,
1.1358261108398438,
1.486063003540039,
1.7600059509277344,
1.3539791107177734,
1.9021034240722656,
2.1381378173828125,
1.5408992767333984,
1.0058879852294922,
1.9850730895996094,
1.9762516021728516,
2.249002456665039,
2.446889877319336,
0.9748935699462891,
0.8058547973632812,
0.8070468902587891,
0.9400844573974609,
0.7870197296142578,
0.7379055023193359,
0.6392002105712891,
0.6442070007324219,
0.6661415100097656,
0.5981922149658203,
0.6699562072753906,
0.6308555603027344,
1.1162757873535156,
0.7197856903076172,
1.177072525024414,
0.9961128234863281,
1.2669563293457031,
0.8459091186523438,
1.13677978515625,
0.90789794921875,
0.7598400115966797,
1.3439655303955078,
0.5960464477539062,
0.7860660552978516,
0.7228851318359375,
2.032041549682617,
2.0427703857421875,
2.257823944091797,
2.666950225830078,
1.0707378387451172,
1.2319087982177734,
1.007080078125,
1.0008811950683594,
3.070831298828125,
1.0528564453125,
1.6889572143554688,
1.508951187133789,
0.6589889526367188,
0.8590221405029297,
3.300189971923828,
2.473115921020508,
3.5419464111328125,
3.3593177795410156,
3.780841827392578,
2.468109130859375,
1.5380382537841797,
1.728057861328125,
0.9710788726806641,
8.192062377929688,
9.425878524780273,
3.9491653442382812,
6.319999694824219,
0.705718994140625,
1.3921260833740234,
1.0292530059814453,
0.8080005645751953,
1.4259815216064453,
1.0731220245361328,
1.0418891906738281,
1.2159347534179688,
7.4748992919921875,
1.055002212524414,
7.40814208984375,
2.337932586669922,
2.0821094512939453,
2.2728443145751953,
80.35993576049805,
21.120071411132812,
105.12900352478027,
17.010927200317383,
17.485857009887695,
104.34699058532715,
0.9610652923583984,
0.8041858673095703,
0.47516822814941406,
0.6411075592041016,
0.6351470947265625,
0.4951953887939453,
0.3910064697265625,
0.4329681396484375,
0.38909912109375,
0.9541511535644531,
0.6241798400878906,
0.3986358642578125,
0.4067420959472656,
0.4360675811767578,
0.4978179931640625,
0.7197856903076172,
0.4661083221435547,
0.5288124084472656,
1.4231204986572266,
1.322031021118164,
0.6959438323974609,
0.7040500640869141,
0.8749961853027344,
0.7910728454589844,
0.7491111755371094,
0.6330013275146484,
0.5249977111816406,
0.7710456848144531,
1.0709762573242188,
0.7941722869873047,
1.4870166778564453,
1.2290477752685547,
0.9620189666748047,
0.8051395416259766,
1.0840892791748047,
1.4498233795166016,
1.1730194091796875,
1.0459423065185547,
3.879070281982422,
1.0123252868652344,
1.2438297271728516,
1.1661052703857422,
1.138925552368164,
1.2149810791015625,
0.9491443634033203,
0.9639263153076172,
1.5370845794677734,
0.9782314300537109,
0.9262561798095703,
1.322031021118164,
2.3360252380371094,
1.3208389282226562,
1.2400150299072266,
1.8618106842041016,
1.4328956604003906,
1.0821819305419922,
3.1309127807617188,
2.808094024658203,
3.957033157348633,
2.374887466430664,
1.3587474822998047,
1.7039775848388672,
3.7369728088378906,
3.0808448791503906,
4.1408538818359375,
5.24592399597168,
3.5247802734375,
2.3720264434814453,
2.199888229370117,
1.6970634460449219,
1.756906509399414,
1.4431476593017578,
1.6620159149169922,
1.5687942504882812,
2.5739669799804688,
2.3140907287597656,
2.7320384979248047,
2.4650096893310547,
2.340078353881836,
5.522012710571289,
5.160093307495117,
13.978242874145508,
15.132904052734375,
14.918088912963867,
1.9440650939941406,
0.9560585021972656,
2.929210662841797,
2.8679370880126953,
0.8897781372070312,
0.9129047393798828,
1.0218620300292969,
0.9739398956298828,
1.44195556640625,
1.232147216796875,
3.183126449584961,
1.4758110046386719,
2.028942108154297,
2.6760101318359375,
2.8963088989257812,
4.034757614135742,
3.2901763916015625,
1.6369819641113281,
2.0589828491210938,
2.7418136596679688,
2.4750232696533203,
4.212141036987305,
1.7762184143066406,
2.4690628051757812,
2.49481201171875,
2.0606517791748047,
2.1309852600097656,
3.6170482635498047,
6.560802459716797,
2.8951168060302734,
4.13823127746582,
3.4058094024658203,
4.259824752807617,
3.4761428833007812,
2.298116683959961,
2.3741722106933594,
1.9872188568115234,
2.2797584533691406,
1.827239990234375,
1.645803451538086,
1.7483234405517578,
2.0132064819335938,
2.1622180938720703,
2.3849010467529297,
1.8792152404785156,
2.5529861450195312,
2.674102783203125,
2.0689964294433594,
1.6481876373291016,
1.4998912811279297,
3.3342838287353516,
3.9649009704589844,
1.7499923706054688,
1.7428398132324219,
1.6262531280517578,
2.1970272064208984,
2.8553009033203125,
3.567934036254883,
1.7800331115722656,
1.783132553100586,
3.0777454376220703,
2.7658939361572266,
2.888202667236328,
1.8930435180664062,
1.7650127410888672,
2.462148666381836,
2.538919448852539,
3.3512115478515625,
2.9730796813964844,
2.8438568115234375,
2.758026123046875,
2.1140575408935547,
1.590728759765625,
1.6918182373046875,
1.4231204986572266,
2.1669864654541016,
2.218008041381836,
1.8830299377441406,
2.622842788696289,
2.902984619140625,
2.5348663330078125,
2.218961715698242,
1.7299652099609375,
1.898050308227539,
2.5942325592041016,
3.3750534057617188,
3.1480789184570312,
4.441976547241211,
3.461122512817383,
3.8957595825195312,
4.513025283813477,
4.037141799926758,
3.6559104919433594,
1.706838607788086,
1.9409656524658203,
2.1898746490478516,
2.179861068725586,
1.840829849243164,
1.5819072723388672,
6.152868270874023,
3.486156463623047,
3.2498836517333984,
2.470254898071289,
2.008676528930664,
1.8460750579833984,
1.8649101257324219,
1.5749931335449219,
2.2430419921875,
2.2728443145751953,
2.244234085083008,
2.3801326751708984,
2.3908615112304688,
2.360820770263672,
2.5370121002197266,
2.2950172424316406,
1.4510154724121094,
1.4221668243408203,
1.444101333618164,
1.461029052734375,
2.428293228149414,
2.1538734436035156,
2.7158260345458984,
2.0647048950195312,
1.51824951171875,
1.4390945434570312,
1.9640922546386719,
4.804134368896484,
4.456996917724609,
2.7780532836914062,
1.5492439270019531,
1.3790130615234375,
1.3267993927001953,
2.366781234741211,
2.368927001953125,
3.0760765075683594,
3.5848617553710938,
1.7349720001220703,
2.3450851440429688,
2.0601749420166016,
2.6078224182128906,
2.0821094512939453,
1.8372535705566406,
1.7421245574951172,
1.730203628540039,
1.3179779052734375,
1.4967918395996094,
2.7489662170410156,
3.086090087890625,
1.7809867858886719,
2.2368431091308594,
1.8410682678222656,
1.8208026885986328,
1.3039112091064453,
1.7819404602050781,
1.8181800842285156,
1.5349388122558594,
2.001047134399414,
1.322031021118164,
1.7762184143066406,
1.6968250274658203,
1.5759468078613281,
1.3980865478515625,
1.4362335205078125,
1.5060901641845703,
1.107931137084961,
1.6319751739501953,
1.3320446014404297,
2.28118896484375,
2.3193359375,
2.1157264709472656,
2.079010009765625,
1.6832351684570312,
3.1430721282958984,
2.268075942993164,
2.573728561401367,
2.1309852600097656,
2.866029739379883,
1.9822120666503906,
1.5969276428222656,
2.482891082763672,
3.27301025390625,
2.4008750915527344,
1.547098159790039,
2.8259754180908203,
2.440929412841797,
2.643108367919922,
3.229856491088867,
2.6781558990478516,
3.125905990600586,
2.0780563354492188,
2.691030502319336,
4.531145095825195,
5.856752395629883,
6.16002082824707,
4.270792007446289,
3.275156021118164,
2.7239322662353516,
1.644134521484375,
1.7561912536621094,
1.5959739685058594,
1.4650821685791016,
1.4238357543945312,
1.3768672943115234,
1.374959945678711,
2.5529861450195312,
2.2940635681152344,
1.5118122100830078,
3.0241012573242188,
3.5266876220703125,
2.286195755004883,
1.9290447235107422,
1.695871353149414,
1.3611316680908203,
2.1910667419433594,
2.101898193359375,
3.2858848571777344,
1.837015151977539,
1.7437934875488281,
1.8689632415771484,
1.3277530670166016,
0.9417533874511719,
0.8199214935302734,
1.313924789428711,
1.255035400390625,
0.9560585021972656,
0.8177757263183594,
1.5339851379394531,
1.6169548034667969,
1.7218589782714844,
1.3751983642578125,
1.352071762084961,
1.3580322265625,
2.044200897216797,
2.0580291748046875,
1.6210079193115234,
2.2318363189697266,
1.729726791381836,
1.6870498657226562,
1.795053482055664,
1.2657642364501953,
1.2691020965576172,
2.780914306640625,
3.000020980834961,
1.6219615936279297,
1.3649463653564453,
1.2018680572509766,
1.127004623413086,
1.497030258178711,
2.2301673889160156,
1.4307498931884766,
1.1432170867919922,
1.5540122985839844,
1.3861656188964844,
1.2960433959960938,
1.024007797241211,
1.177072525024414,
1.2390613555908203,
1.6570091247558594,
0.9562969207763672,
0.8940696716308594,
1.2989044189453125,
0.9529590606689453,
0.9219646453857422,
1.0309219360351562,
1.1661052703857422,
1.1358261108398438,
1.1889934539794922,
0.8249282836914062,
1.2328624725341797,
1.2061595916748047,
1.2259483337402344,
1.4781951904296875,
1.0139942169189453,
1.129150390625,
1.1489391326904297,
0.9939670562744141,
1.0399818420410156,
0.7741451263427734,
0.8108615875244141,
0.8070468902587891,
1.6450881958007812,
1.5788078308105469,
1.4190673828125,
1.2309551239013672,
1.4469623565673828,
0.9870529174804688,
0.9012222290039062,
1.893758773803711,
1.0030269622802734,
1.9290447235107422,
1.8219947814941406,
0.9939670562744141,
1.0061264038085938,
1.0631084442138672,
0.8337497711181641,
0.9479522705078125,
0.9300708770751953,
1.4078617095947266,
1.5368461608886719,
1.6930103302001953,
1.4500617980957031,
1.7228126525878906,
1.997232437133789,
2.1660327911376953,
3.008127212524414,
1.995086669921875,
2.5658607482910156,
1.6989707946777344,
2.4547576904296875,
1.6009807586669922,
1.6331672668457031,
1.2209415435791016,
1.0371208190917969,
0.9500980377197266,
1.3320446014404297,
1.293182373046875,
1.3918876647949219,
1.1358261108398438,
1.1789798736572266,
1.1477470397949219,
1.1360645294189453,
1.0390281677246094,
1.0917186737060547,
1.0919570922851562,
0.9500980377197266,
0.9319782257080078,
0.7128715515136719,
0.8158683776855469,
1.0058879852294922,
1.0271072387695312,
1.2199878692626953,
1.5959739685058594,
1.0979175567626953,
1.065969467163086,
1.1601448059082031,
1.0020732879638672,
2.441883087158203,
1.859903335571289,
3.1890869140625,
2.02178955078125,
1.9359588623046875,
1.081228256225586,
1.1668205261230469,
1.1608600616455078,
1.4491081237792969,
1.4362335205078125,
1.5499591827392578,
1.1980533599853516,
1.1239051818847656,
1.1200904846191406,
1.1150836944580078,
1.0628700256347656,
1.0387897491455078,
1.0628700256347656,
2.919912338256836,
3.3299922943115234,
3.7298202514648438,
3.1020641326904297,
3.4780502319335938,
2.4607181549072266,
2.4509429931640625,
2.0830631256103516,
2.810239791870117,
1.7669200897216797,
1.7769336700439453,
2.7189254760742188,
2.6640892028808594,
1.3079643249511719,
2.3317337036132812,
2.5920867919921875,
2.9299259185791016,
1.7349720001220703,
1.9600391387939453,
1.7783641815185547,
2.5610923767089844,
2.360820770263672,
1.7848014831542969,
1.4979839324951172,
1.8868446350097656,
1.850128173828125,
1.5475749969482422,
3.7631988525390625,
3.7670135498046875,
1.6829967498779297,
1.840829849243164,
2.2263526916503906,
2.0868778228759766,
1.8062591552734375,
2.4390220642089844,
2.234935760498047,
1.7590522766113281,
2.443075180053711,
1.5671253204345703,
1.5311241149902344,
1.4219284057617188,
2.8221607208251953,
3.0527114868164062,
2.6128292083740234,
1.5070438385009766,
1.4579296112060547,
3.3059120178222656,
3.423929214477539,
2.1598339080810547,
1.9986629486083984,
1.7693042755126953,
1.5938282012939453,
1.542806625366211,
1.786947250366211,
2.680063247680664,
2.0151138305664062,
2.020120620727539,
1.5921592712402344,
2.1538734436035156,
3.077268600463867,
2.019166946411133,
1.4581680297851562,
1.4908313751220703,
1.6069412231445312,
1.909017562866211,
2.26593017578125,
2.458333969116211,
2.7129650115966797,
2.1708011627197266,
2.850055694580078,
2.4340152740478516,
2.55584716796875,
2.2318363189697266,
2.8018951416015625,
4.07719612121582,
6.145000457763672,
5.156755447387695,
2.0380020141601562,
2.610921859741211,
1.5230178833007812,
2.2079944610595703,
2.1376609802246094,
1.6949176788330078,
2.1920204162597656,
2.198934555053711,
1.8901824951171875,
1.6319751739501953,
2.1491050720214844,
2.529144287109375,
3.1676292419433594,
3.467082977294922,
2.622842788696289,
2.4247169494628906,
2.7856826782226562,
2.5463104248046875,
2.55584716796875,
3.6590099334716797,
3.923177719116211,
2.7437210083007812,
2.6018619537353516,
2.116680145263672,
2.3071765899658203,
2.1409988403320312,
2.814054489135742,
4.003047943115234,
3.2699108123779297,
4.133701324462891,
3.5631656646728516,
2.4230480194091797,
2.5098323822021484,
2.487659454345703,
3.185272216796875,
3.0641555786132812,
2.792835235595703,
3.560304641723633,
8.048772811889648,
5.095958709716797,
3.1599998474121094,
3.165006637573242,
2.727985382080078,
2.476930618286133,
9.89985466003418,
8.72492790222168,
9.722232818603516,
3.4308433532714844,
4.333019256591797,
2.301931381225586,
2.769947052001953,
2.2110939025878906,
2.871990203857422,
2.215862274169922,
2.0558834075927734,
2.560138702392578,
1.8999576568603516,
1.0781288146972656,
2.5129318237304688,
2.756834030151367,
2.221822738647461,
2.817869186401367,
3.5181045532226562,
4.565954208374023,
3.553152084350586,
4.081010818481445,
3.142833709716797,
1.8029212951660156,
5.763053894042969,
5.259037017822266,
6.712675094604492,
5.816221237182617,
4.945993423461914,
5.068063735961914,
5.222082138061523,
1.2519359588623047,
1.2688636779785156,
1.2407302856445312,
1.068115234375,
2.032041549682617,
1.463174819946289,
1.9719600677490234,
1.9850730895996094,
1.4979839324951172,
3.1359195709228516,
3.79180908203125,
4.567146301269531,
3.534078598022461,
4.399299621582031,
3.999948501586914,
11.261940002441406,
11.050939559936523,
10.447025299072266,
4.7779083251953125,
1.6818046569824219,
2.117156982421875,
2.3500919342041016,
7.381916046142578,
0.7810592651367188,
0.6432533264160156,
0.537872314453125,
1.2280941009521484,
1.4910697937011719,
1.6641616821289062,
1.5420913696289062,
1.7330646514892578,
1.3089179992675781,
1.094818115234375,
1.1210441589355469,
1.1782646179199219,
1.8570423126220703,
1.7352104187011719,
1.708984375,
1.543283462524414,
1.5230178833007812,
1.6260147094726562,
1.065969467163086,
1.3980865478515625,
1.6398429870605469,
1.2869834899902344,
1.1992454528808594,
1.0890960693359375,
1.0509490966796875,
1.4219284057617188,
1.3191699981689453,
1.50299072265625,
1.3849735260009766,
2.276182174682617,
1.5850067138671875,
1.4748573303222656,
1.5690326690673828,
1.8410682678222656,
2.515077590942383,
2.627849578857422,
4.986047744750977,
2.5548934936523438,
3.1309127807617188,
3.0930042266845703,
2.8150081634521484,
2.49481201171875,
2.3398399353027344,
2.233743667602539,
3.206968307495117,
1.680135726928711,
2.930879592895508,
1.9860267639160156,
2.75421142578125,
1.8658638000488281,
1.7328262329101562,
2.386331558227539,
2.1479129791259766,
1.8639564514160156,
3.223896026611328,
3.1931400299072266,
2.125978469848633,
3.0579566955566406,
2.125978469848633,
1.7619132995605469,
6.989717483520508,
6.997108459472656,
8.217811584472656,
3.857851028442383,
3.7949085235595703,
4.199981689453125,
3.834962844848633,
2.994060516357422,
2.0868778228759766,
1.7290115356445312,
2.2530555725097656,
2.2859573364257812,
1.847982406616211,
2.254962921142578,
3.699064254760742,
3.4852027893066406,
2.1927356719970703,
2.8438568115234375,
1.506805419921875,
2.048969268798828,
2.8498172760009766,
2.309083938598633,
3.3669471740722656,
1.8930435180664062,
4.940986633300781,
5.69605827331543,
2.935171127319336,
3.225088119506836,
2.0499229431152344,
1.276254653930664,
1.068115234375,
1.5659332275390625,
1.5649795532226562,
1.2726783752441406,
2.146005630493164,
2.0830631256103516,
2.2552013397216797,
2.3529529571533203,
2.267122268676758,
1.912832260131836,
1.0366439819335938,
0.8618831634521484,
2.094268798828125,
1.4958381652832031,
1.2710094451904297,
1.1162757873535156,
1.1348724365234375,
2.441883087158203,
3.5970211029052734,
3.511190414428711,
1.743316650390625,
3.000020980834961,
2.7971267700195312,
3.3681392669677734,
3.9370059967041016,
3.1909942626953125,
2.1610260009765625,
2.0608901977539062,
1.9559860229492188,
2.794027328491211,
2.5777816772460938,
2.0117759704589844,
1.3790130615234375,
1.7809867858886719,
1.7879009246826172,
1.7549991607666016,
1.4331340789794922,
5.006074905395508,
5.021810531616211,
5.059003829956055,
2.4657249450683594,
1.3718605041503906,
0.9059906005859375,
1.9860267639160156,
1.0318756103515625,
1.1169910430908203,
0.9000301361083984,
1.1298656463623047,
1.1730194091796875,
1.0921955108642578,
1.0690689086914062,
0.7538795471191406,
1.4510154724121094,
1.9428730010986328,
1.3430118560791016,
1.2540817260742188,
1.4841556549072266,
1.486063003540039,
1.245260238647461,
1.2888908386230469,
1.1839866638183594,
1.2469291687011719,
1.9500255584716797,
2.7098655700683594,
1.5349388122558594,
1.6167163848876953,
2.1209716796875,
1.8470287322998047,
1.9237995147705078,
2.20489501953125,
1.7840862274169922,
1.9080638885498047,
1.50299072265625,
1.6129016876220703,
1.3718605041503906,
2.1278858184814453,
1.7070770263671875,
1.5871524810791016,
1.4958381652832031,
1.4371871948242188,
3.47900390625,
3.7691593170166016,
1.7910003662109375,
1.9032955169677734,
1.9466876983642578,
1.940011978149414,
3.0641555786132812,
2.9811859130859375,
3.9649009704589844,
2.157926559448242,
2.03704833984375,
2.750873565673828,
1.4810562133789062,
1.909017562866211,
2.240896224975586,
2.5238990783691406,
1.6787052154541016,
2.435922622680664,
2.6509761810302734,
2.4199485778808594,
1.8718242645263672,
1.809835433959961,
1.6672611236572266,
1.8608570098876953,
1.5420913696289062,
1.6710758209228516,
1.4879703521728516,
1.4979839324951172,
1.7518997192382812,
1.9009113311767578,
1.6202926635742188,
1.8842220306396484,
1.7321109771728516,
2.2869110107421875,
4.562854766845703,
4.316091537475586,
1.7580986022949219,
2.1288394927978516,
2.071857452392578,
2.5777816772460938,
3.046751022338867,
3.0410289764404297,
2.6149749755859375,
2.577066421508789,
1.7058849334716797,
1.7189979553222656,
1.9099712371826172,
1.7628669738769531,
5.00798225402832,
3.4139156341552734,
3.253936767578125,
2.1758079528808594,
2.1250247955322266,
2.2368431091308594,
2.125263214111328,
1.8050670623779297,
1.9159317016601562,
3.1630992889404297,
3.5028457641601562,
3.5200119018554688,
2.7849674224853516,
1.589059829711914,
3.158092498779297,
3.1859874725341797,
3.2041072845458984,
2.7379989624023438,
1.9571781158447266,
1.8239021301269531,
1.867055892944336,
1.995086669921875,
1.9338130950927734,
1.695871353149414,
1.7561912536621094,
1.950979232788086,
2.207040786743164,
2.6009082794189453,
2.1419525146484375,
1.7399787902832031,
2.187967300415039,
2.3419857025146484,
2.2859573364257812,
2.123117446899414,
2.117156982421875,
2.185344696044922,
1.7590522766113281,
1.8749237060546875,
1.680135726928711,
2.0308494567871094,
3.3359527587890625,
3.3850669860839844,
2.5739669799804688,
2.6578903198242188,
2.8679370880126953,
5.827188491821289,
5.151987075805664,
7.36689567565918,
5.45191764831543,
3.1270980834960938,
2.1440982818603516,
2.7980804443359375,
2.704143524169922,
3.3130645751953125,
3.2629966735839844,
2.797842025756836,
1.8620491027832031,
1.0197162628173828,
1.386880874633789,
1.5289783477783203,
2.318143844604492,
2.2802352905273438,
2.3469924926757812,
3.136157989501953,
3.097057342529297,
2.635955810546875,
1.6570091247558594,
1.7850399017333984,
1.8169879913330078,
1.344919204711914,
1.5461444854736328,
1.2240409851074219,
1.6782283782958984,
1.8949508666992188,
2.048969268798828,
1.9037723541259766,
2.5589466094970703,
2.2640228271484375,
1.6341209411621094,
2.4101734161376953,
1.3508796691894531,
1.2242794036865234,
3.2477378845214844,
3.3431053161621094,
2.630949020385742,
2.794981002807617,
1.840829849243164,
3.718852996826172,
3.1058788299560547,
2.7070045471191406,
1.7108917236328125,
2.7289390563964844,
2.231121063232422,
2.5811195373535156,
5.988836288452148,
2.7008056640625,
2.5641918182373047,
1.9199848175048828,
3.607034683227539,
2.711057662963867,
2.7828216552734375,
4.455804824829102,
2.393960952758789,
1.7330646514892578,
1.1897087097167969,
1.6131401062011719,
2.2699832916259766,
3.5037994384765625,
1.2218952178955078,
2.0341873168945312,
3.0870437622070312,
2.964019775390625,
1.6641616821289062,
2.313375473022461,
2.766132354736328,
2.4700164794921875,
7.580280303955078,
2.1839141845703125,
2.707958221435547,
2.3789405822753906,
3.2508373260498047,
1.600027084350586,
2.6869773864746094,
24.029970169067383,
14.029979705810547,
23.021936416625977,
2.2819042205810547,
0.9090900421142578,
0.7159709930419922,
0.5888938903808594,
0.6890296936035156,
1.1210441589355469,
2.750873565673828,
2.3262500762939453,
1.7437934875488281,
1.7352104187011719,
1.3048648834228516,
1.0180473327636719,
1.5752315521240234,
1.146078109741211,
1.8897056579589844,
4.654169082641602,
4.591226577758789,
2.1529197692871094,
1.462697982788086,
0.9052753448486328,
1.4271736145019531,
3.113985061645508,
1.316070556640625,
1.4357566833496094,
1.4541149139404297,
2.0160675048828125,
1.157999038696289,
1.0080337524414062,
0.9307861328125,
1.4939308166503906,
1.4121532440185547,
1.8963813781738281,
1.6131401062011719,
0.9801387786865234,
0.9369850158691406,
1.1799335479736328,
1.1441707611083984,
0.9751319885253906,
1.5420913696289062,
1.149892807006836,
1.0211467742919922,
0.9388923645019531,
1.194000244140625,
1.5900135040283203,
1.5659332275390625,
1.081705093383789,
3.6258697509765625,
4.576206207275391,
2.1719932556152344,
3.690004348754883,
1.9180774688720703,
41.22591018676758,
36.41104698181152,
38.197994232177734,
39.193153381347656,
38.6960506439209,
0.7939338684082031,
0.5249977111816406,
0.7348060607910156,
0.659942626953125,
0.4830360412597656,
0.43702125549316406,
0.4088878631591797,
0.5738735198974609,
0.8089542388916016,
1.7161369323730469,
1.0552406311035156,
0.9548664093017578,
1.2671947479248047,
1.8758773803710938,
1.8401145935058594,
0.8330345153808594,
0.9191036224365234,
1.1708736419677734,
1.3341903686523438,
1.2600421905517578,
1.5082359313964844,
1.0080337524414062,
0.6508827209472656,
0.6959438323974609,
0.5159378051757812,
5.10406494140625,
5.991220474243164,
2.404928207397461,
9.72294807434082,
7.639884948730469,
1.7230510711669922,
1.725912094116211,
3.5581588745117188,
5.461215972900391,
1.8689632415771484,
1.8439292907714844,
11.303186416625977,
4.973888397216797,
5.829811096191406,
7.002115249633789,
7.751941680908203,
0.823974609375,
0.6968975067138672,
0.8440017700195312,
0.7686614990234375,
0.6561279296875,
0.6747245788574219,
0.7131099700927734,
0.6682872772216797,
0.7963180541992188,
2.1791458129882812,
2.6400089263916016,
27.742862701416016,
1.1749267578125,
0.8130073547363281,
0.6480216979980469,
0.7090568542480469,
0.6220340728759766,
3.4067630767822266,
4.61268424987793,
3.6580562591552734,
3.3791065216064453,
2.2869110107421875,
1.6222000122070312,
1.0230541229248047,
3.668069839477539,
4.912137985229492,
2.6450157165527344,
2.1440982818603516,
2.724170684814453,
4.313945770263672,
3.911256790161133,
2.208709716796875,
3.665924072265625,
3.8499832153320312,
9.534120559692383,
9.286880493164062,
10.776758193969727,
9.931802749633789,
1.7180442810058594,
1.3768672943115234,
1.3492107391357422,
1.4591217041015625,
3.2830238342285156,
1.8780231475830078,
3.536224365234375,
3.2329559326171875,
2.2459030151367188,
1.802206039428711,
1.8839836120605469,
44.95382308959961,
10.020017623901367,
9.447336196899414,
1.028299331665039,
1.6129016876220703,
0.8730888366699219,
1.2128353118896484,
1.0039806365966797,
0.640869140625,
0.5068778991699219,
0.5769729614257812,
0.5998611450195312,
0.5948543548583984,
0.6756782531738281,
0.9319782257080078,
1.3079643249511719,
1.7859935760498047,
1.756906509399414,
1.3439655303955078,
1.2049674987792969,
4.611015319824219,
24.1396427154541,
7.333040237426758,
0.7951259613037109,
0.7507801055908203,
1.0941028594970703,
0.7219314575195312,
0.5321502685546875,
0.8368492126464844,
0.7839202880859375,
0.4801750183105469,
0.5910396575927734,
0.8111000061035156,
0.7412433624267578,
0.6930828094482422,
2.4597644805908203,
4.892110824584961,
7.261037826538086,
4.792928695678711,
4.183769226074219,
3.947019577026367,
4.608154296875,
6.672143936157227,
5.282163619995117,
6.567955017089844,
4.667043685913086,
7.610082626342773,
7.325172424316406,
4.6062469482421875,
4.046916961669922,
2.568960189819336,
4.873037338256836,
4.709720611572266,
4.714012145996094,
1.9321441650390625,
2.602100372314453,
2.5081634521484375,
2.145051956176758,
1.8589496612548828,
1.7008781433105469,
1.5690326690673828,
1.1761188507080078,
1.6400814056396484,
1.4100074768066406,
1.5788078308105469,
1.5418529510498047,
1.127004623413086,
1.5349388122558594,
1.3148784637451172,
0.7936954498291016,
1.0981559753417969,
1.0008811950683594,
0.7870197296142578,
0.8120536804199219,
0.8869171142578125,
1.294851303100586,
1.1301040649414062,
1.3320446014404297,
1.2881755828857422,
1.0819435119628906,
1.1949539184570312,
1.1599063873291016,
2.0270347595214844,
2.502918243408203,
2.2389888763427734,
3.7240982055664062,
1.9640922546386719,
1.5971660614013672,
1.5790462493896484,
1.4917850494384766,
2.0148754119873047,
1.9989013671875,
1.6436576843261719,
1.4939308166503906,
1.5480518341064453,
2.927064895629883,
1.9690990447998047,
1.7879009246826172,
2.377033233642578,
1.5468597412109375,
1.4243125915527344,
1.4812946319580078,
2.4099349975585938,
1.5261173248291016,
1.9688606262207031,
1.9788742065429688,
1.8019676208496094,
1.5680789947509766,
1.4317035675048828,
1.4081001281738281,
1.8849372863769531,
1.8908977508544922,
1.6798973083496094,
1.6608238220214844,
1.3849735260009766,
1.2710094451904297,
2.458810806274414,
2.4869441986083984,
3.1168460845947266,
2.8142929077148438,
3.1783580780029297,
4.812002182006836,
2.1638870239257812,
2.0818710327148438,
4.112005233764648,
2.668619155883789,
3.0629634857177734,
3.1659603118896484,
4.071950912475586,
4.605770111083984,
2.9718875885009766,
2.0563602447509766,
4.026174545288086,
5.16200065612793,
5.135059356689453,
5.145072937011719,
2.122163772583008,
2.0248889923095703,
2.6009082794189453,
2.610921859741211,
2.0759105682373047,
1.8050670623779297,
4.004001617431641,
4.4269561767578125,
2.421140670776367,
2.4347305297851562,
1.8157958984375,
2.6650428771972656,
6.973981857299805,
5.737066268920898,
3.147125244140625,
2.852916717529297,
1.2557506561279297,
1.3241767883300781,
1.8229484558105469,
1.8129348754882812,
2.798795700073242,
2.5072097778320312,
2.9649734497070312,
1.714944839477539,
2.385854721069336,
1.8737316131591797,
2.017974853515625,
2.644062042236328,
3.3140182495117188,
2.73895263671875,
2.2101402282714844,
1.8267631530761719,
1.2290477752685547,
1.2888908386230469,
1.7039775848388672,
1.8579959869384766,
2.1829605102539062,
2.1610260009765625,
1.7430782318115234,
1.692056655883789,
1.8181800842285156,
1.2001991271972656,
1.1739730834960938,
1.461029052734375,
1.4863014221191406,
1.8680095672607422,
1.8079280853271484,
1.7161369323730469,
2.8200149536132812,
2.583026885986328,
3.2808780670166016,
5.273103713989258,
5.23686408996582,
5.132913589477539,
6.149768829345703,
1.085042953491211,
2.1648406982421875,
1.3170242309570312,
3.415822982788086,
1.7120838165283203,
1.0759830474853516,
4.28009033203125,
1.6341209411621094,
1.33514404296875,
1.9352436065673828,
1.9469261169433594,
9.920120239257812,
10.362863540649414,
9.565114974975586,
6.0672760009765625,
10.531902313232422,
9.852886199951172,
11.251211166381836,
0.8871555328369141,
0.8058547973632812,
1.1851787567138672,
1.6779899597167969,
1.4526844024658203,
0.9720325469970703,
1.0180473327636719,
1.3570785522460938,
1.3051033020019531,
0.9241104125976562,
2.7027130126953125,
3.6230087280273438,
3.1251907348632812,
3.2520294189453125,
2.0439624786376953,
1.9109249114990234,
1.3210773468017578,
1.2738704681396484,
1.7709732055664062,
1.4848709106445312,
0.8609294891357422,
0.7679462432861328,
0.8666515350341797,
0.8051395416259766,
1.3310909271240234,
1.912832260131836,
1.8701553344726562,
0.8349418640136719,
1.2221336364746094,
0.7688999176025391,
0.6949901580810547,
0.6759166717529297,
2.4480819702148438,
1.10626220703125,
0.9410381317138672,
0.6730556488037109,
0.8950233459472656,
1.1250972747802734,
1.0690689086914062,
0.6458759307861328,
0.5471706390380859,
0.6439685821533203,
1.9040107727050781,
2.2339820861816406,
1.2259483337402344,
0.7810592651367188,
0.5152225494384766,
0.5156993865966797,
0.5800724029541016,
1.4789104461669922,
1.3151168823242188,
0.9541511535644531,
0.9868144989013672,
0.8249282836914062,
1.1348724365234375,
1.024007797241211,
1.4257431030273438,
1.2841224670410156,
1.3339519500732422,
0.74005126953125,
1.1010169982910156,
2.135038375854492,
1.7206668853759766,
0.6158351898193359,
1.2211799621582031,
1.293182373046875,
1.4600753784179688,
12.702226638793945,
1.0471343994140625,
0.7381439208984375,
0.7817745208740234,
0.6561279296875,
0.7829666137695312,
0.9150505065917969,
0.7529258728027344,
1.1508464813232422,
1.1322498321533203,
1.6460418701171875,
1.97601318359375,
0.9667873382568359,
1.4109611511230469,
1.9707679748535156,
2.1719932556152344,
2.086162567138672,
1.055002212524414,
1.0459423065185547,
1.0418891906738281,
1.3208389282226562,
1.394033432006836,
1.3668537139892578,
0.9977817535400391,
1.645803451538086,
2.1791458129882812,
1.4531612396240234,
1.9757747650146484,
1.9900798797607422,
1.7042160034179688,
0.7278919219970703,
1.0890960693359375,
1.7938613891601562,
1.870870590209961,
1.5270709991455078,
1.909017562866211,
2.1331310272216797,
1.5020370483398438,
1.4138221740722656,
1.1930465698242188,
1.4150142669677734,
1.4300346374511719,
1.4891624450683594,
1.4271736145019531,
1.194000244140625,
2.001047134399414,
1.934051513671875,
1.9557476043701172,
1.7099380493164062,
0.8327960968017578,
1.1968612670898438,
1.1601448059082031,
1.9731521606445312,
0.9751319885253906,
4.569768905639648,
4.173040390014648,
1.5611648559570312,
1.7681121826171875,
1.7528533935546875,
1.6319751739501953,
1.1250972747802734,
1.1980533599853516,
2.9289722442626953,
2.839803695678711,
1.5850067138671875,
6.242990493774414,
7.491827011108398,
6.819009780883789,
3.503084182739258,
1.6748905181884766,
2.949237823486328,
3.194093704223633,
4.268884658813477,
4.086017608642578,
1.7321109771728516,
3.330707550048828,
3.0379295349121094,
2.950906753540039,
1.4719963073730469,
1.9788742065429688,
1.8219947814941406,
1.583099365234375,
3.358125686645508,
2.7420520782470703,
1.5828609466552734,
2.653837203979492,
3.25775146484375,
1.9049644470214844,
2.5360584259033203,
2.1409988403320312,
2.3050308227539062,
1.6498565673828125,
1.4450550079345703,
1.405954360961914,
2.6209354400634766,
1.9419193267822266,
1.5652179718017578,
3.201007843017578,
3.0469894409179688,
2.717256546020508,
2.398967742919922,
4.899024963378906,
2.1240711212158203,
1.8510818481445312,
3.092050552368164,
2.2118091583251953,
2.0711421966552734,
3.1239986419677734,
1.7979145050048828,
2.4890899658203125,
2.4499893188476562,
2.4280548095703125,
2.3889541625976562,
2.8679370880126953,
3.1278133392333984,
3.2591819763183594,
3.2320022583007812,
3.8192272186279297,
4.00996208190918,
4.670858383178711,
1.7781257629394531,
2.7098655700683594,
2.232074737548828,
2.125263214111328,
2.1238327026367188,
2.7561187744140625,
1.528024673461914,
2.5250911712646484,
2.410888671875,
2.368927001953125,
2.891063690185547,
2.355813980102539,
2.649068832397461,
2.640962600708008,
2.3040771484375,
2.595663070678711,
2.385854721069336,
3.120899200439453,
2.1822452545166016,
2.481698989868164,
2.952098846435547,
6.262063980102539,
2.318143844604492,
3.0591487884521484,
2.6998519897460938,
2.611875534057617,
2.0399093627929688,
2.4929046630859375,
4.141092300415039,
3.381967544555664,
3.1859874725341797,
9.208917617797852,
11.66987419128418,
10.133981704711914,
3.2498836517333984,
11.108160018920898,
6.444215774536133,
1.7371177673339844,
1.6927719116210938,
2.583026885986328,
1.6918182373046875,
1.7881393432617188,
1.486063003540039,
1.435995101928711,
0.9829998016357422,
1.2519359588623047,
1.232147216796875,
1.5308856964111328,
1.2211799621582031,
1.6620159149169922,
1.7099380493164062,
2.4170875549316406,
2.048969268798828,
1.5301704406738281,
1.1937618255615234,
0.9098052978515625,
1.4679431915283203,
1.2941360473632812,
0.8928775787353516,
0.823974609375,
0.8568763732910156,
1.0831356048583984,
1.283884048461914,
1.020193099975586,
1.7840862274169922,
1.4560222625732422,
1.0099411010742188,
19.61493492126465,
3.1599998474121094,
2.9180049896240234,
21.409034729003906,
3.3121109008789062,
1.54876708984375,
1.661062240600586,
0.9889602661132812,
0.9570121765136719,
1.093149185180664,
1.0819435119628906,
1.4867782592773438,
0.7789134979248047,
0.8287429809570312,
0.9667873382568359,
0.7300376892089844,
1.323699951171875,
1.3051033020019531,
1.0271072387695312,
1.0728836059570312,
1.3659000396728516,
0.8802413940429688,
1.2221336364746094,
1.5249252319335938,
0.8859634399414062,
0.7579326629638672,
0.7259845733642578,
0.8490085601806641,
1.149892807006836,
1.4879703521728516,
1.0790824890136719,
0.8969306945800781,
1.0328292846679688,
1.0030269622802734,
1.0921955108642578,
1.4009475708007812,
1.5408992767333984,
0.7920265197753906,
1.0228157043457031,
0.7190704345703125,
0.8969306945800781,
0.9160041809082031,
1.6870498657226562,
1.2612342834472656,
1.316070556640625,
1.5230178833007812,
1.561880111694336,
0.9310245513916016,
1.2249946594238281,
0.8611679077148438,
1.1377334594726562,
1.0921955108642578,
1.0192394256591797,
0.8478164672851562,
0.9009838104248047,
0.5383491516113281,
0.8749961853027344,
0.8878707885742188,
0.8909702301025391,
1.0051727294921875,
0.9658336639404297,
0.9200572967529297,
0.8599758148193359,
0.8151531219482422,
0.9348392486572266,
0.7359981536865234,
0.5917549133300781,
0.8420944213867188,
0.9109973907470703,
0.7491111755371094,
0.8111000061035156,
0.9138584136962891,
0.7879734039306641,
0.8001327514648438,
0.9777545928955078,
0.8988380432128906,
1.318216323852539,
0.7829666137695312,
0.9598731994628906,
1.007080078125,
0.7979869842529297,
0.7002353668212891,
1.2581348419189453,
1.0869503021240234,
1.0859966278076172,
1.3129711151123047,
0.9708404541015625,
1.184225082397461,
1.0349750518798828,
0.9489059448242188,
0.8203983306884766,
0.675201416015625,
0.8151531219482422,
1.1529922485351562,
1.3911724090576172,
1.1260509490966797,
0.9679794311523438,
1.0960102081298828,
0.7548332214355469,
1.21307373046875,
1.0690689086914062,
1.264810562133789,
1.0747909545898438,
0.9860992431640625,
0.9448528289794922,
1.1241436004638672,
1.0008811950683594,
1.0039806365966797,
1.043081283569336,
0.7412433624267578,
0.9908676147460938,
1.0571479797363281,
0.9410381317138672,
1.0898113250732422,
1.2149810791015625,
1.2137889862060547,
0.942230224609375,
1.5017986297607422,
0.7920265197753906,
1.3687610626220703,
1.3301372528076172,
1.1510848999023438,
1.13677978515625,
1.2340545654296875,
1.1739730834960938,
1.2121200561523438,
1.2362003326416016,
1.1210441589355469,
2.3450851440429688,
1.3070106506347656,
1.4829635620117188,
2.2161006927490234,
1.5628337860107422,
3.1218528747558594,
4.431009292602539,
1.9230842590332031,
2.481222152709961,
3.3011436462402344,
2.814054489135742,
1.9810199737548828,
2.2530555725097656,
2.135038375854492,
2.707958221435547,
2.5527477264404297,
6.71696662902832,
1.5819072723388672,
3.1261444091796875,
2.9098987579345703,
1.8999576568603516,
6.318807601928711,
9.035110473632812,
5.692958831787109,
2.9850006103515625,
4.194021224975586,
2.858877182006836,
0.7088184356689453,
0.6389617919921875,
0.6091594696044922,
0.6239414215087891,
0.5671977996826172,
0.6260871887207031,
3.3719539642333984,
10.910987854003906,
11.037826538085938,
12.601137161254883,
1.4891624450683594,
1.6291141510009766,
0.9942054748535156,
1.4069080352783203,
2.8421878814697266,
3.5080909729003906,
2.3910999298095703,
2.007007598876953,
15.03896713256836,
2.9211044311523438,
3.8080215454101562,
2.4940967559814453,
1.8711090087890625,
1.7118453979492188,
0.926971435546875,
1.8918514251708984,
1.531839370727539,
1.2240409851074219,
1.4190673828125,
1.0330677032470703,
1.6629695892333984,
2.710103988647461,
2.660036087036133,
2.2668838500976562,
1.9426345825195312,
2.1278858184814453,
1.8727779388427734,
1.8680095672607422,
1.672983169555664,
2.5200843811035156,
3.0319690704345703,
2.9878616333007812,
2.534151077270508,
1.5497207641601562,
1.5330314636230469,
1.2180805206298828,
2.165079116821289,
1.9130706787109375,
1.9259452819824219,
1.4240741729736328,
1.4889240264892578,
7.066965103149414,
7.586956024169922,
7.538080215454102,
2.913951873779297,
3.507852554321289,
1.6150474548339844,
1.7197132110595703,
2.0940303802490234,
2.1200180053710938,
2.4340152740478516,
2.2881031036376953,
2.501964569091797,
2.212047576904297,
3.354787826538086,
3.197908401489258,
2.295970916748047,
1.38092041015625,
3.7021636962890625,
3.3740997314453125,
3.293275833129883,
3.818035125732422,
2.5191307067871094,
2.626657485961914,
3.5419464111328125,
2.8591156005859375,
2.656221389770508,
4.027128219604492,
1.7342567443847656,
2.033233642578125,
2.403736114501953,
3.3431053161621094,
2.649068832397461,
2.6459693908691406,
2.1278858184814453,
2.6900768280029297,
3.325939178466797,
1.7960071563720703,
2.094268798828125,
2.2280216217041016,
1.9130706787109375,
2.0339488983154297,
2.3801326751708984,
1.7049312591552734,
1.4719963073730469,
2.543926239013672,
2.0599365234375,
2.446889877319336,
5.92803955078125,
3.635883331298828,
2.7778148651123047,
3.0908584594726562,
1.9838809967041016,
2.567291259765625,
2.9408931732177734,
2.0999908447265625,
2.3331642150878906,
3.2529830932617188,
2.468109130859375,
2.3779869079589844,
2.6938915252685547,
4.1561126708984375,
2.4788379669189453,
2.2580623626708984,
1.8489360809326172,
2.567768096923828,
2.620697021484375,
3.0100345611572266,
3.5409927368164062,
2.8810501098632812,
2.259969711303711,
1.9283294677734375,
1.8210411071777344,
2.5327205657958984,
2.595186233520508,
2.371072769165039,
7.050037384033203,
8.394956588745117,
3.5567283630371094,
2.857208251953125,
2.964019775390625,
2.5010108947753906,
1.3260841369628906,
1.2271404266357422,
1.8229484558105469,
1.8532276153564453,
3.290891647338867,
2.438783645629883,
3.6640167236328125,
4.980802536010742,
8.096694946289062,
5.627870559692383,
2.0821094512939453,
5.449056625366211,
3.8318634033203125,
4.575014114379883,
1.5888214111328125,
2.2840499877929688,
1.416921615600586,
8.231878280639648,
4.753828048706055,
2.6068687438964844,
2.8488636016845703,
2.5141239166259766,
1.4600753784179688,
1.4121532440185547,
2.780914306640625,
1.451730728149414,
2.279043197631836,
1.3890266418457031,
1.1026859283447266,
2.026081085205078,
1.1930465698242188,
0.9710788726806641,
1.1720657348632812,
0.9317398071289062,
1.0218620300292969,
0.9872913360595703,
1.3148784637451172,
1.2810230255126953,
1.2729167938232422,
1.0898113250732422,
1.1849403381347656,
1.8658638000488281,
2.187967300415039,
2.154827117919922,
1.8928050994873047,
0.9558200836181641,
0.9210109710693359,
1.1188983917236328,
0.9090900421142578,
1.6911029815673828,
1.4269351959228516,
1.8947124481201172,
1.277923583984375,
1.3699531555175781,
1.1408329010009766,
0.9601116180419922,
2.138853073120117,
0.7841587066650391,
0.8647441864013672,
1.0628700256347656,
1.2359619140625,
1.2400150299072266,
1.0170936584472656,
3.2880306243896484,
3.2660961151123047,
3.8909912109375,
1.7521381378173828,
1.0790824890136719,
0.7181167602539062,
0.6291866302490234,
0.5319118499755859,
0.8337497711181641,
0.7698535919189453,
0.4570484161376953,
0.5469322204589844,
0.8912086486816406,
8.311986923217773,
6.200075149536133,
4.838228225708008,
1.39617919921875,
1.4541149139404297,
0.5948543548583984,
0.5009174346923828,
0.49185752868652344,
2.6559829711914062,
3.6928653717041016,
1.6961097717285156,
1.6262531280517578,
1.561880111694336,
2.655029296875,
1.779794692993164,
3.0388832092285156,
3.555774688720703,
3.225088119506836,
2.2630691528320312,
2.599954605102539,
3.930330276489258,
13.82589340209961,
0.9510517120361328,
0.5431175231933594,
1.5108585357666016,
1.4688968658447266,
0.7379055023193359,
0.6949901580810547,
0.5218982696533203,
0.7181167602539062,
0.6721019744873047,
1.730203628540039,
1.5821456909179688,
1.486063003540039,
1.2359619140625,
2.962827682495117,
1.6930103302001953,
1.8601417541503906,
1.8413066864013672,
2.2668838500976562,
3.4389495849609375,
2.6051998138427734,
2.49481201171875,
1.7018318176269531,
3.3059120178222656,
4.601240158081055,
6.574869155883789,
7.608890533447266,
2.488851547241211,
4.087924957275391,
6.049156188964844,
3.9310455322265625,
5.679845809936523,
4.77910041809082,
7.80177116394043,
6.844758987426758,
2.0220279693603516,
2.0537376403808594,
2.0890235900878906,
2.067089080810547,
1.4190673828125,
1.3659000396728516,
2.644062042236328,
3.985881805419922,
4.120826721191406,
3.2231807708740234,
5.377054214477539,
2.5968551635742188,
3.5598278045654297,
1.3880729675292969,
1.995086669921875,
2.1240711212158203,
2.140045166015625,
1.7521381378173828,
1.1792182922363281,
3.186941146850586,
3.7262439727783203,
2.202749252319336,
2.1851062774658203,
2.8231143951416016,
2.5420188903808594,
2.9997825622558594,
2.7298927307128906,
2.0170211791992188,
1.764059066772461,
1.583099365234375,
1.6980171203613281,
1.7461776733398438,
1.3968944549560547,
1.2962818145751953,
1.3120174407958984,
1.806020736694336,
1.271963119506836,
1.3899803161621094,
1.6438961029052734,
1.2080669403076172,
1.5888214111328125,
1.5368461608886719,
1.5439987182617188,
1.3270378112792969,
2.6738643646240234,
2.318143844604492,
1.9679069519042969,
1.6179084777832031,
1.2850761413574219,
1.107931137084961,
1.1432170867919922,
1.056671142578125,
1.558065414428711,
2.0253658294677734,
2.318143844604492,
1.5387535095214844,
1.5630722045898438,
1.33514404296875,
1.4879703521728516,
1.3401508331298828,
1.2989044189453125,
1.9960403442382812,
2.331972122192383,
2.034902572631836,
1.4641284942626953,
2.9790401458740234,
1.3828277587890625,
1.291036605834961,
2.402782440185547,
2.9091835021972656,
2.124786376953125,
2.8591156005859375,
2.1219253540039062,
2.986907958984375,
2.938985824584961,
1.5940666198730469,
2.1851062774658203,
2.328157424926758,
2.0630359649658203,
4.424095153808594,
3.1249523162841797,
2.5281906127929688,
1.9650459289550781,
1.7299652099609375,
1.8649101257324219,
1.6942024230957031,
1.2850761413574219,
1.2111663818359375,
1.7218589782714844,
1.6009807586669922,
1.8699169158935547,
1.7709732055664062,
1.981973648071289,
1.5621185302734375,
1.9237995147705078,
2.7060508728027344,
2.286195755004883,
2.390146255493164,
2.850055694580078,
1.7609596252441406,
1.7900466918945312,
1.5349388122558594,
1.8477439880371094,
1.8320083618164062,
2.5663375854492188,
2.2559165954589844,
2.4220943450927734,
2.3050308227539062,
3.0417442321777344,
1.9168853759765625,
2.553701400756836,
6.166934967041016,
2.7570724487304688,
1.7349720001220703,
1.9559860229492188,
2.4950504302978516,
2.250194549560547,
2.5358200073242188,
2.4509429931640625,
1.786947250366211,
1.6140937805175781,
2.190113067626953,
2.2068023681640625,
1.775979995727539,
1.7428398132324219,
1.232147216796875,
1.2829303741455078,
1.867055892944336,
1.505136489868164,
1.230001449584961,
1.1897087097167969,
1.3251304626464844,
1.1463165283203125,
1.1680126190185547,
1.2390613555908203,
1.341104507446289,
1.7657279968261719,
1.0402202606201172,
1.5559196472167969,
1.4789104461669922,
1.6169548034667969,
1.5769004821777344,
1.6520023345947266,
1.5721321105957031,
1.5311241149902344,
1.2240409851074219,
1.2929439544677734,
1.8589496612548828,
1.2891292572021484,
1.5790462493896484,
1.4548301696777344,
1.1951923370361328,
1.4510154724121094,
1.5439987182617188,
1.3799667358398438,
1.6939640045166016,
1.6939640045166016,
1.569986343383789,
1.3141632080078125,
1.6818046569824219,
1.4667510986328125,
2.0689964294433594,
2.588033676147461,
2.67791748046875,
2.4199485778808594,
2.354860305786133,
1.7757415771484375,
1.8498897552490234,
4.853010177612305,
5.979776382446289,
1.360177993774414,
1.2137889862060547,
1.3699531555175781,
1.4488697052001953,
1.5659332275390625,
1.596212387084961,
1.3918876647949219,
0.8859634399414062,
1.3651847839355469,
1.1749267578125,
2.688884735107422,
1.7580986022949219,
10.32710075378418,
10.078907012939453,
3.086090087890625,
6.710052490234375,
1.3499259948730469,
0.9076595306396484,
0.7448196411132812,
0.7901191711425781,
16.68381690979004,
2.4499893188476562,
1.7650127410888672,
1.7242431640625,
0.6871223449707031,
0.7009506225585938,
0.7259845733642578,
1.0869503021240234,
0.6990432739257812,
0.5090236663818359,
0.5581378936767578,
0.4818439483642578,
0.6589889526367188,
0.8561611175537109,
0.7369518280029297,
4.674196243286133,
6.511211395263672,
7.70878791809082,
4.944801330566406,
3.284931182861328,
4.891872406005859,
3.3130645751953125,
4.4078826904296875,
5.201101303100586,
1.9600391387939453,
3.1371116638183594,
1.9283294677734375,
3.145933151245117,
3.2880306243896484,
2.468109130859375,
1.7101764678955078,
4.966020584106445,
4.499912261962891,
3.1278133392333984,
2.151966094970703,
2.1719932556152344,
1.2540817260742188,
2.6459693908691406,
2.2530555725097656,
2.479076385498047,
6.160259246826172,
3.3121109008789062,
2.0112991333007812,
3.7720203399658203,
4.626989364624023,
2.9778480529785156,
3.052949905395508,
4.065752029418945,
3.1599998474121094,
2.9349327087402344,
2.7642250061035156,
1.4181137084960938,
1.940011978149414,
6.969690322875977,
8.176088333129883,
3.5049915313720703,
4.846096038818359,
10.133981704711914,
7.58671760559082,
3.97491455078125,
2.3686885833740234,
1.4781951904296875,
1.5130043029785156,
1.7871856689453125,
1.1012554168701172,
1.7070770263671875,
1.4629364013671875,
5.574941635131836,
5.333900451660156,
3.596067428588867,
2.3081302642822266,
3.1349658966064453,
37.45627403259277,
35.7508659362793,
41.20588302612305,
39.576053619384766,
34.998178482055664,
1.1749267578125,
0.6837844848632812,
0.9970664978027344,
0.9579658508300781,
1.0399818420410156,
0.9162425994873047,
2.55584716796875,
5.028963088989258,
2.5739669799804688,
6.275177001953125,
13.528108596801758,
8.86988639831543,
0.8499622344970703,
0.7398128509521484,
0.6530284881591797,
1.0759830474853516,
0.9820461273193359,
44.64006423950195,
40.9238338470459,
1.7757415771484375,
2.543926239013672,
1.9631385803222656,
1.8620491027832031,
0.9009838104248047,
0.9741783142089844,
1.0690689086914062,
3.6809444427490234,
4.241943359375,
4.17780876159668,
2.6750564575195312,
2.9511451721191406,
2.705097198486328,
1.3720989227294922,
0.8449554443359375,
2.1448135375976562,
2.187013626098633,
1.8749237060546875,
1.4100074768066406,
0.9930133819580078,
0.5481243133544922,
0.5128383636474609,
0.6310939788818359,
0.5109310150146484,
0.7779598236083984,
0.7171630859375,
0.5979537963867188,
0.7023811340332031,
1.9109249114990234,
1.8658638000488281,
1.5139579772949219,
0.8988380432128906,
2.043008804321289,
2.5262832641601562,
2.209901809692383,
1.3320446014404297,
1.5888214111328125,
1.6849040985107422,
2.8569698333740234,
1.5010833740234375,
2.402067184448242,
1.0840892791748047,
1.5742778778076172,
3.6001205444335938,
2.2640228271484375,
1.1320114135742188,
2.318859100341797,
1.4369487762451172,
1.3730525970458984,
2.2416114807128906,
3.414154052734375,
1.8808841705322266,
2.4480819702148438,
3.367900848388672,
1.7087459564208984,
1.6040802001953125,
1.7857551574707031,
1.8267631530761719,
2.039194107055664,
2.8069019317626953,
1.6701221466064453,
2.212047576904297,
2.2318363189697266,
2.5382041931152344,
2.0189285278320312,
2.543210983276367,
2.1719932556152344,
1.8451213836669922,
2.482891082763672,
2.5298595428466797,
2.4368762969970703,
1.77001953125,
2.1619796752929688,
1.6720294952392578,
4.55021858215332,
4.503011703491211,
3.762960433959961,
2.3469924926757812,
5.180120468139648,
4.373311996459961,
5.087852478027344,
1.8889904022216797,
1.943826675415039,
1.9388198852539062,
3.013134002685547,
2.946138381958008,
1.3878345489501953,
3.1342506408691406,
2.669811248779297,
1.8801689147949219,
2.465963363647461,
2.3653507232666016,
1.5549659729003906,
2.090930938720703,
2.1219253540039062,
1.744985580444336,
1.7769336700439453,
1.5480518341064453,
1.645803451538086,
1.728057861328125,
2.568960189819336,
1.9650459289550781,
1.9650459289550781,
1.6679763793945312,
2.438783645629883,
6.889820098876953,
4.395961761474609,
5.760908126831055,
2.3431777954101562,
2.8078556060791016,
2.6078224182128906,
1.5268325805664062,
2.1800994873046875,
2.518892288208008,
2.651214599609375,
2.079010009765625,
2.0318031311035156,
2.0058155059814453,
1.4531612396240234,
2.9151439666748047,
3.3922195434570312,
1.4410018920898438,
1.3842582702636719,
1.1060237884521484,
0.92315673828125,
1.3849735260009766,
1.6319751739501953,
1.8460750579833984,
1.603841781616211,
2.0449161529541016,
1.6398429870605469,
2.5620460510253906,
3.0367374420166016,
2.7260780334472656,
2.1877288818359375,
0.988006591796875,
1.0848045349121094,
1.2569427490234375,
1.2950897216796875,
1.786947250366211,
3.046274185180664,
1.5926361083984375,
1.2881755828857422,
1.7850399017333984,
2.7010440826416016,
2.2280216217041016,
1.7399787902832031,
1.0349750518798828,
2.9497146606445312,
2.6412010192871094,
2.1409988403320312,
1.9502639770507812,
2.7093887329101562,
2.9921531677246094,
2.663135528564453,
1.9557476043701172,
3.0450820922851562,
3.851175308227539,
3.1328201293945312,
2.4688243865966797,
2.5560855865478516,
2.346038818359375,
3.145933151245117,
3.0269622802734375,
1.966238021850586,
2.346038818359375,
2.295970916748047,
2.4712085723876953,
2.9571056365966797,
2.285003662109375,
4.917144775390625,
3.3168792724609375,
2.176046371459961,
2.117156982421875,
2.0668506622314453,
4.925966262817383,
6.118059158325195,
5.964994430541992,
6.145000457763672,
2.061128616333008,
1.638174057006836,
1.5857219696044922,
1.8498897552490234,
1.5571117401123047,
1.7800331115722656,
1.538991928100586,
1.4929771423339844,
1.6322135925292969,
2.830982208251953,
2.546072006225586,
3.1189918518066406,
3.0379295349121094,
2.006053924560547,
1.5938282012939453,
2.51007080078125,
2.504110336303711,
1.8298625946044922,
2.4781227111816406,
2.3250579833984375,
2.5877952575683594,
2.5091171264648438,
2.3708343505859375,
2.0630359649658203,
3.3111572265625,
4.17017936706543,
3.8499832153320312,
3.236055374145508,
3.3538341522216797,
2.5908946990966797,
2.4209022521972656,
3.422975540161133,
3.267049789428711,
2.5069713592529297,
2.7120113372802734,
2.383708953857422,
2.476930618286133,
2.357006072998047,
1.5919208526611328,
3.2501220703125,
2.969026565551758,
2.366781234741211,
2.524852752685547,
3.9870738983154297,
2.3419857025146484,
2.519845962524414,
2.3670196533203125,
1.5499591827392578,
1.8377304077148438,
1.9390583038330078,
3.0400753021240234,
2.1181106567382812,
1.5981197357177734,
2.4759769439697266,
2.7709007263183594,
2.9311180114746094,
3.033876419067383,
1.6188621520996094,
2.0689964294433594,
3.328084945678711,
3.7381649017333984,
3.612995147705078,
2.6428699493408203,
1.8248558044433594,
1.7490386962890625,
1.5568733215332031,
3.0698776245117188,
3.3311843872070312,
2.031087875366211,
3.3202171325683594,
3.2050609588623047,
4.157066345214844,
4.441022872924805,
2.3958683013916016,
2.360105514526367,
3.1502246856689453,
2.3050308227539062,
1.8720626831054688,
1.3501644134521484,
1.3670921325683594,
3.529787063598633,
5.118131637573242,
4.963159561157227,
4.640340805053711,
2.515077590942383,
2.3832321166992188,
1.4650821685791016,
2.015829086303711,
2.5501251220703125,
2.5789737701416016,
3.0748844146728516,
2.09808349609375,
2.001047134399414,
2.824068069458008,
3.3550262451171875,
1.3980865478515625,
1.4178752899169922,
2.067089080810547,
1.992940902709961,
2.6519298553466797,
2.9001235961914062,
2.286195755004883,
2.357006072998047,
1.4030933380126953,
1.6722679138183594,
1.7387866973876953,
3.016948699951172,
3.6160945892333984,
4.582881927490234,
4.149198532104492,
4.363059997558594,
2.1529197692871094,
2.3469924926757812,
2.2656917572021484,
1.9330978393554688,
3.8340091705322266,
3.818035125732422,
3.0736923217773438,
2.8810501098632812,
2.048969268798828,
2.063751220703125,
2.9969215393066406,
3.5271644592285156,
2.1581649780273438,
2.602815628051758,
1.0602474212646484,
1.0280609130859375,
2.778768539428711,
2.838134765625,
3.2749176025390625,
2.2346973419189453,
2.293109893798828,
2.473115921020508,
2.8700828552246094,
1.5900135040283203,
1.049041748046875,
1.3341903686523438,
3.9720535278320312,
3.5398006439208984,
3.3669471740722656,
3.015756607055664,
3.761768341064453,
3.487110137939453,
3.465890884399414,
3.0870437622070312,
4.3468475341796875,
2.7399063110351562,
2.0928382873535156,
2.719879150390625,
2.5739669799804688,
2.1440982818603516,
3.350973129272461,
2.1462440490722656,
1.4767646789550781,
1.1851787567138672,
1.0409355163574219,
2.849102020263672,
2.38800048828125,
2.0041465759277344,
2.5072097778320312,
1.0809898376464844,
2.7968883514404297,
4.26173210144043,
4.12297248840332,
2.257823944091797,
1.9440650939941406,
5.463123321533203,
2.471923828125,
2.499818801879883,
1.9860267639160156,
1.917123794555664,
1.8010139465332031,
1.7628669738769531,
1.386880874633789,
1.2390613555908203,
1.3289451599121094,
1.123189926147461,
0.9510517120361328,
1.132965087890625,
0.9779930114746094,
0.9729862213134766,
0.8959770202636719,
1.0750293731689453,
1.4290809631347656,
1.4009475708007812,
3.7088394165039062,
3.801107406616211,
3.1468868255615234,
3.7810802459716797,
3.325223922729492,
6.253719329833984,
4.097223281860352,
1.138925552368164,
1.0981559753417969,
1.3968944549560547,
0.8559226989746094,
0.8192062377929688,
0.9539127349853516,
0.8351802825927734,
1.178741455078125,
1.3742446899414062,
1.4569759368896484,
2.0699501037597656,
1.6241073608398438,
1.8930435180664062,
0.9331703186035156,
1.194000244140625,
0.7729530334472656,
0.797271728515625,
0.9751319885253906,
0.843048095703125,
1.09100341796875,
1.3687610626220703,
1.7459392547607422,
1.216888427734375,
1.0633468627929688,
0.8270740509033203,
1.1830329895019531,
0.9608268737792969,
0.8587837219238281,
0.698089599609375,
0.8962154388427734,
0.7612705230712891,
0.9629726409912109,
0.6749629974365234,
0.6504058837890625,
0.7090568542480469,
0.8540153503417969,
0.8490085601806641,
0.8649826049804688,
0.8199214935302734,
1.5430450439453125,
1.15203857421875,
1.1091232299804688,
6.669044494628906,
5.367040634155273,
2.8378963470458984,
7.0438385009765625,
1.260995864868164,
0.8561611175537109,
1.027822494506836,
0.9901523590087891,
0.8740425109863281,
1.3668537139892578,
1.2159347534179688,
1.1889934539794922,
0.9047985076904297,
0.7431507110595703,
2.4187564849853516,
2.5920867919921875,
0.9248256683349609,
11.433124542236328,
8.784055709838867,
5.201101303100586,
0.865936279296875,
1.445770263671875,
0.6260871887207031,
0.6308555603027344,
1.2559890747070312,
1.2259483337402344,
1.2011528015136719,
2.412080764770508,
3.554821014404297,
3.6699771881103516,
5.028009414672852,
4.617929458618164,
4.1370391845703125,
2.8378963470458984,
8.715152740478516,
2.410888671875,
3.020048141479492,
2.5408267974853516,
2.4712085723876953,
6.206989288330078,
6.056308746337891,
7.336139678955078,
3.7720203399658203,
0.7307529449462891,
0.7641315460205078,
1.299142837524414,
3.924131393432617,
3.6649703979492188,
1.0848045349121094,
0.7319450378417969,
0.8900165557861328,
1.3079643249511719,
1.355886459350586,
0.9777545928955078,
1.7049312591552734,
1.341104507446289,
0.9768009185791016,
1.6109943389892578,
1.5780925750732422,
2.0301342010498047,
1.934051513671875,
2.0029544830322266,
1.199960708618164,
2.6559829711914062,
2.2573471069335938,
1.489877700805664,
2.363920211791992,
2.3522377014160156,
1.486063003540039,
2.299785614013672,
1.9741058349609375,
2.4471282958984375,
2.579927444458008,
2.3033618927001953,
2.2368431091308594,
3.097057342529297,
3.0410289764404297,
1.9109249114990234,
4.677057266235352,
6.107807159423828,
2.7277469635009766,
2.408266067504883,
1.725912094116211,
2.2499561309814453,
2.228975296020508,
2.1631717681884766,
1.7199516296386719,
1.8382072448730469,
1.8749237060546875,
2.0799636840820312,
1.3179779052734375,
1.4758110046386719,
4.245996475219727,
4.152059555053711,
4.0988922119140625,
4.179954528808594,
1.3599395751953125,
1.3260841369628906,
1.3051033020019531,
1.8780231475830078,
1.1348724365234375,
0.9279251098632812,
1.2240409851074219,
0.9491443634033203,
1.2400150299072266,
1.4982223510742188,
1.1830329895019531,
1.2276172637939453,
1.728057861328125,
1.336812973022461,
2.305746078491211,
2.1309852600097656,
1.7559528350830078,
1.6093254089355469,
2.852916717529297,
2.132892608642578,
2.4759769439697266,
3.9958953857421875,
2.176046371459961,
3.4220218658447266,
1.8968582153320312,
4.117012023925781,
3.1218528747558594,
2.537965774536133,
2.185344696044922,
2.0711421966552734,
2.8362274169921875,
2.340078353881836,
2.6361942291259766,
2.5589466094970703,
3.2439231872558594,
4.565000534057617,
2.4487972259521484,
2.2509098052978516,
2.2170543670654297,
1.6050338745117188,
1.931905746459961,
1.5633106231689453,
1.8110275268554688,
1.486063003540039,
1.6658306121826172,
1.5881061553955078,
2.5980472564697266,
2.6068687438964844,
3.222227096557617,
1.7960071563720703,
1.9578933715820312,
2.552032470703125,
2.511262893676758,
2.4709701538085938,
2.4251937866210938,
1.9290447235107422,
1.9719600677490234,
2.148866653442383,
2.7430057525634766,
2.862691879272461,
2.825021743774414,
2.7360916137695312,
1.8112659454345703,
1.711130142211914,
2.359151840209961,
2.3429393768310547,
2.3758411407470703,
2.6869773864746094,
1.489877700805664,
1.4541149139404297,
2.719879150390625,
2.727985382080078,
2.324342727661133,
3.3140182495117188,
2.4869441986083984,
1.7867088317871094,
1.6279220581054688,
1.6939640045166016,
1.3880729675292969,
1.302957534790039,
1.0180473327636719,
1.0521411895751953,
1.3759136199951172,
1.4109611511230469,
1.8279552459716797,
1.8229484558105469,
1.8150806427001953,
3.893136978149414,
4.491090774536133,
2.1278858184814453,
1.9600391387939453,
1.6529560089111328,
1.7459392547607422,
1.6658306121826172,
1.6090869903564453,
1.8601417541503906,
1.6231536865234375,
1.8470287322998047,
1.7800331115722656,
2.0439624786376953,
1.77001953125,
2.3789405822753906,
3.2279491424560547,
1.7011165618896484,
1.5239715576171875,
1.5702247619628906,
1.4920234680175781,
2.3882389068603516,
2.421140670776367,
2.187013626098633,
1.8377304077148438,
1.8219947814941406,
1.4736652374267578,
1.4348030090332031,
1.9350051879882812,
1.966238021850586,
4.054069519042969,
3.5152435302734375,
4.3888092041015625,
2.3818016052246094,
1.753091812133789,
1.5411376953125,
4.189252853393555,
2.0771026611328125,
4.228115081787109,
4.134893417358398,
3.2320022583007812,
4.3201446533203125,
2.373218536376953,
2.454042434692383,
2.712249755859375,
2.093076705932617,
3.5529136657714844,
6.752967834472656,
2.264261245727539,
1.9488334655761719,
1.8532276153564453,
1.7931461334228516,
1.7800331115722656,
1.4429092407226562,
1.5978813171386719,
2.3660659790039062,
2.371072769165039,
4.154205322265625,
3.8530826568603516,
3.1998157501220703,
2.5479793548583984,
1.840829849243164,
1.7199516296386719,
1.833200454711914,
3.0128955841064453,
3.208160400390625,
3.7088394165039062,
2.635955810546875,
1.7440319061279297,
1.4538764953613281,
2.074003219604492,
2.7871131896972656,
2.0737648010253906,
2.3169517517089844,
2.0258426666259766,
1.77001953125,
1.8880367279052734,
2.4230480194091797,
2.1800994873046875,
2.6040077209472656,
3.603219985961914,
1.8286705017089844,
2.3920536041259766,
2.216815948486328,
1.9350051879882812,
1.4510154724121094,
2.8700828552246094,
2.5720596313476562,
4.213094711303711,
3.0829906463623047,
2.9671192169189453,
2.9959678649902344,
2.8848648071289062,
6.603002548217773,
2.552032470703125,
4.329919815063477,
3.323078155517578,
2.482175827026367,
3.3788681030273438,
3.0059814453125,
3.097057342529297,
2.360105514526367,
2.2721290588378906,
2.1278858184814453,
3.6389827728271484,
2.6092529296875,
7.662057876586914,
5.499124526977539,
2.6938915252685547,
4.177093505859375,
11.751890182495117,
10.493040084838867,
11.268854141235352,
5.537986755371094,
7.367134094238281,
7.211923599243164,
2.913951873779297,
1.9061565399169922,
1.5480518341064453,
1.1057853698730469,
1.4181137084960938,
1.6231536865234375,
2.2149085998535156,
2.989053726196289,
2.889871597290039,
2.5482177734375,
1.6028881072998047,
1.5439987182617188,
1.1620521545410156,
1.142740249633789,
1.6241073608398438,
1.1000633239746094,
1.394033432006836,
1.4560222625732422,
2.750873565673828,
3.525972366333008,
3.3559799194335938,
2.3958683013916016,
4.551172256469727,
12.2528076171875,
10.565042495727539,
8.993148803710938,
1.4309883117675781,
0.8761882781982422,
0.8478164672851562,
0.6630420684814453,
0.9708404541015625,
0.8111000061035156,
2.361774444580078,
1.1477470397949219,
1.6469955444335938,
0.8220672607421875,
2.2521018981933594,
2.1889209747314453,
2.0418167114257812,
1.2249946594238281,
6.441831588745117,
7.232904434204102,
6.352663040161133,
5.616188049316406,
2.9480457305908203,
0.8029937744140625,
1.6777515411376953,
1.7709732055664062,
1.3549327850341797,
0.5600452423095703,
0.6000995635986328,
0.7948875427246094,
0.45490264892578125,
0.3521442413330078,
1.1599063873291016,
1.0881423950195312,
1.3151168823242188,
1.2691020965576172,
1.5132427215576172,
1.4300346374511719,
2.151012420654297,
1.6331672668457031,
1.9772052764892578,
1.2600421905517578,
1.2712478637695312,
1.039266586303711,
1.5101432800292969,
0.9958744049072266,
0.9019374847412109,
0.7643699645996094,
1.0380744934082031,
1.0077953338623047,
1.1508464813232422,
1.107931137084961,
2.028942108154297,
2.010822296142578,
2.6030540466308594,
0.92315673828125,
1.165151596069336,
0.820159912109375,
0.7519721984863281,
1.1026859283447266,
1.0671615600585938,
0.8089542388916016,
0.7359981536865234,
1.1789798736572266,
1.9421577453613281,
7.112026214599609,
7.088184356689453,
7.014036178588867,
2.8228759765625,
3.7813186645507812,
5.619049072265625,
1.8429756164550781,
1.2917518615722656,
1.2590885162353516,
1.0929107666015625,
1.0540485382080078,
0.942230224609375,
0.8361339569091797,
1.3213157653808594,
0.965118408203125,
1.4719963073730469,
1.5959739685058594,
1.3720989227294922,
1.5652179718017578,
1.3079643249511719,
1.367807388305664,
1.8241405487060547,
1.882791519165039,
1.8513202667236328,
7.400035858154297,
7.86280632019043,
3.380298614501953,
7.131814956665039,
9.229183197021484,
5.299091339111328,
7.503271102905273,
1.1332035064697266,
1.5840530395507812,
0.7982254028320312,
2.3980140686035156,
2.851247787475586,
1.6069412231445312,
1.5850067138671875,
1.1150836944580078,
1.3098716735839844,
1.0228157043457031,
0.9181499481201172,
2.3832321166992188,
2.340078353881836,
2.3262500762939453,
1.332998275756836,
1.5530586242675781,
1.1620521545410156,
2.4156570434570312,
1.3570785522460938,
1.3949871063232422,
1.3823509216308594,
3.179788589477539,
2.562999725341797,
1.669168472290039,
3.036022186279297,
2.6769638061523438,
2.6350021362304688,
8.785009384155273,
11.095046997070312,
6.575107574462891,
1.9731521606445312,
1.9168853759765625,
1.1391639709472656,
2.4938583374023438,
3.622293472290039,
2.899169921875,
4.20689582824707,
2.637147903442383,
3.871917724609375,
2.7539730072021484,
6.670713424682617,
2.4471282958984375,
1.8649101257324219,
4.937887191772461,
4.539728164672852,
4.060983657836914,
4.153251647949219,
1.2171268463134766,
1.8019676208496094,
0.9851455688476562,
1.0781288146972656,
0.9598731994628906,
0.6148815155029297,
2.4602413177490234,
1.0597705841064453,
0.904083251953125,
0.8969306945800781,
1.123189926147461,
0.8869171142578125,
1.4050006866455078,
1.371145248413086,
0.7071495056152344,
0.5340576171875,
0.5078315734863281,
0.5528926849365234,
1.1959075927734375,
2.173900604248047,
1.5189647674560547,
1.5070438385009766,
0.6568431854248047,
1.683950424194336,
1.8608570098876953,
1.4133453369140625,
0.9627342224121094,
0.9469985961914062,
0.6122589111328125,
1.0101795196533203,
0.8120536804199219,
0.8618831634521484,
1.0187625885009766,
1.2669563293457031,
0.9531974792480469,
1.2869834899902344,
0.8640289306640625,
0.9779930114746094,
1.2030601501464844,
1.3108253479003906,
0.7753372192382812,
0.6511211395263672,
1.3580322265625,
1.5072822570800781,
1.667022705078125,
1.0018348693847656,
0.8471012115478516,
1.1210441589355469,
0.5729198455810547,
0.5991458892822266,
1.0638236999511719,
0.7119178771972656,
0.4489421844482422,
0.5908012390136719,
0.5860328674316406,
0.8308887481689453,
0.8440017700195312,
0.8509159088134766,
0.92315673828125,
0.8771419525146484,
0.7128715515136719,
0.5538463592529297,
0.759124755859375,
0.7140636444091797,
0.7989406585693359,
1.0056495666503906,
0.9629726409912109,
0.6840229034423828,
0.5829334259033203,
0.6680488586425781,
0.5879402160644531,
4.616022109985352,
4.884958267211914,
1.5709400177001953,
0.6778240203857422,
0.6880760192871094,
0.8029937744140625,
0.7920265197753906,
2.5179386138916016,
2.4776458740234375,
0.8740425109863281,
0.7262229919433594,
1.2791156768798828,
0.9284019470214844,
5.752801895141602,
6.007909774780273,
1.1010169982910156,
3.269195556640625,
1.1699199676513672,
1.4579296112060547,
1.0528564453125,
1.3298988342285156,
4.6939849853515625,
0.6279945373535156,
0.6611347198486328,
0.9469985961914062,
1.0170936584472656,
0.7119178771972656,
0.7958412170410156,
0.8640289306640625,
0.7197856903076172,
0.7181167602539062,
0.6651878356933594,
0.9660720825195312,
0.8549690246582031,
1.1379718780517578,
0.7729530334472656,
1.039266586303711,
0.8318424224853516,
1.135110855102539,
0.9131431579589844,
1.2469291687011719,
1.2221336364746094,
1.3632774353027344,
0.9248256683349609,
4.832983016967773,
6.21795654296875,
4.262208938598633,
1.566171646118164,
1.0349750518798828,
0.8900165557861328,
1.4100074768066406,
2.6938915252685547,
2.154111862182617,
2.198934555053711,
1.2481212615966797,
1.825094223022461,
2.2878646850585938,
1.4650821685791016,
0.9982585906982422,
1.1811256408691406,
1.2018680572509766,
1.653909683227539,
3.0601024627685547,
3.804922103881836,
2.5153160095214844,
3.4241676330566406,
2.012014389038086,
1.6641616821289062,
2.004861831665039,
1.9609928131103516,
1.3470649719238281,
1.2350082397460938,
1.2631416320800781,
1.4960765838623047,
1.149892807006836,
1.4431476593017578,
1.5959739685058594,
1.7209053039550781,
2.3751258850097656,
2.234935760498047,
3.21197509765625,
2.026081085205078,
3.694295883178711,
3.471851348876953,
3.342151641845703,
2.0368099212646484,
2.259969711303711,
1.9991397857666016,
1.7452239990234375,
3.667116165161133,
3.770112991333008,
1.8990039825439453,
1.6467571258544922,
2.457857131958008,
3.5240650177001953,
4.283905029296875,
1.8172264099121094,
1.9540786743164062,
1.9009113311767578,
1.7709732055664062,
2.496957778930664,
3.2379627227783203,
2.995014190673828,
2.6378631591796875,
2.012968063354492,
2.621889114379883,
5.525827407836914,
2.824068069458008,
3.9238929748535156,
1.9049644470214844,
2.6891231536865234,
3.7109851837158203,
2.315044403076172,
2.222776412963867,
2.6521682739257812,
3.597736358642578,
2.3810863494873047,
2.2919178009033203,
2.591848373413086,
2.073049545288086,
3.042936325073242,
3.3578872680664062,
3.426074981689453,
1.9381046295166016,
3.1061172485351562,
1.6660690307617188,
2.640247344970703,
1.8029212951660156,
2.398967742919922,
2.273082733154297,
3.0410289764404297,
3.100872039794922,
4.364252090454102,
2.4919509887695312,
2.8200149536132812,
2.094745635986328,
3.0279159545898438,
2.7451515197753906,
1.97601318359375,
2.7861595153808594,
2.507925033569336,
1.6908645629882812,
2.035856246948242,
3.2198429107666016,
3.1228065490722656,
2.0301342010498047,
1.8908977508544922,
2.151966094970703,
4.1351318359375,
5.4988861083984375,
4.990100860595703,
1.9512176513671875,
1.7561912536621094,
2.1529197692871094,
3.0736923217773438,
3.1158924102783203,
3.5028457641601562,
3.1287670135498047,
2.859830856323242,
2.666950225830078,
3.270864486694336,
2.99072265625,
2.572774887084961,
1.9512176513671875,
1.9147396087646484,
2.020120620727539,
1.7518997192382812,
3.364086151123047,
2.535104751586914,
4.028081893920898,
3.8220882415771484,
2.5949478149414062,
4.199981689453125,
2.4487972259521484,
2.6400089263916016,
3.5529136657714844,
2.0799636840820312,
2.086162567138672,
1.3890266418457031,
3.0031204223632812,
3.367185592651367,
2.4480819702148438,
3.8499832153320312,
3.3593177795410156,
2.138853073120117,
2.5968551635742188,
1.3761520385742188,
1.0678768157958984,
1.898050308227539,
3.8421154022216797,
3.7949085235595703,
3.1671524047851562,
3.4198760986328125,
1.5621185302734375,
1.7490386962890625,
1.3718605041503906,
1.010894775390625,
6.120204925537109,
2.241849899291992,
3.056049346923828,
2.9740333557128906,
3.033876419067383,
2.871990203857422,
2.1512508392333984,
34.97600555419922,
37.00399398803711,
38.684844970703125,
37.72783279418945,
1.603841781616211,
0.6618499755859375,
0.5519390106201172,
0.8199214935302734,
0.7739067077636719,
0.6940364837646484,
0.47898292541503906,
0.4642009735107422,
0.5638599395751953,
0.8387565612792969,
0.7193088531494141,
0.6933212280273438,
0.6232261657714844,
0.6573200225830078,
0.6687641143798828,
0.5328655242919922,
0.4820823669433594,
0.5278587341308594,
0.5428791046142578,
0.6248950958251953,
0.7631778717041016,
0.6258487701416016,
0.6570816040039062,
0.6709098815917969,
1.0218620300292969,
0.946044921875,
39.73388671875,
40.328025817871094,
0.8609294891357422,
0.5431175231933594,
0.5910396575927734,
0.8480548858642578,
0.7321834564208984,
1.0399818420410156,
1.0600090026855469,
1.1200904846191406,
1.4269351959228516,
0.9663105010986328,
0.6809234619140625,
0.5152225494384766,
0.881195068359375,
0.7331371307373047,
0.7719993591308594,
0.7562637329101562,
0.8258819580078125,
0.7276535034179688,
0.5428791046142578,
0.5068778991699219,
0.591278076171875,
0.6928443908691406,
0.6823539733886719,
0.4858970642089844,
0.7166862487792969,
0.6909370422363281,
0.4792213439941406,
0.6070137023925781,
0.6499290466308594,
0.7469654083251953,
0.7028579711914062,
0.7960796356201172,
0.7929801940917969,
1.0271072387695312,
1.373291015625,
0.6339550018310547,
0.9138584136962891,
1.1589527130126953,
1.1200904846191406,
2.7930736541748047,
2.908945083618164,
4.086971282958984,
2.035856246948242,
1.5821456909179688,
3.421783447265625,
2.357959747314453,
2.2220611572265625,
2.141237258911133,
1.486063003540039,
12.124300003051758,
10.147809982299805,
10.91909408569336,
2.033233642578125,
1.5799999237060547,
2.0999908447265625,
3.2529830932617188,
1.8761157989501953,
1.7228126525878906,
1.3310909271240234,
1.9702911376953125,
1.7399787902832031,
2.260923385620117,
2.2051334381103516,
2.215862274169922,
2.1409988403320312,
2.9630661010742188,
2.1088123321533203,
3.7190914154052734,
2.485036849975586,
3.0808448791503906,
2.578258514404297,
2.5582313537597656,
3.7560462951660156,
3.896951675415039,
2.4781227111816406,
3.410816192626953,
1.8880367279052734,
1.5971660614013672,
2.3491382598876953,
2.0608901977539062,
1.3959407806396484,
1.5621185302734375,
1.0960102081298828,
1.7430782318115234,
1.3611316680908203,
1.8770694732666016,
1.6498565673828125,
1.5790462493896484,
1.2841224670410156,
1.6129016876220703,
1.3630390167236328,
1.5039443969726562,
3.4160614013671875,
3.7827491760253906,
1.6160011291503906,
1.6150474548339844,
1.5244483947753906,
1.2440681457519531,
2.0799636840820312,
1.834869384765625,
1.9850730895996094,
1.9650459289550781,
2.002239227294922,
1.4390945434570312,
1.2600421905517578,
1.6257762908935547,
2.0720958709716797,
2.0580291748046875,
1.322031021118164,
4.467964172363281,
4.4708251953125,
5.812883377075195,
5.896806716918945,
2.9158592224121094,
4.143238067626953,
3.3822059631347656,
4.051923751831055,
3.448009490966797,
3.231048583984375,
3.8199424743652344,
3.2448768615722656,
2.650022506713867,
1.6129016876220703,
3.1871795654296875,
3.8750171661376953,
1.361846923828125,
1.25885009765625,
1.9838809967041016,
2.032756805419922,
1.9898414611816406,
1.3418197631835938,
1.155853271484375,
1.970052719116211,
1.6970634460449219,
1.6369819641113281,
2.512216567993164,
2.6700496673583984,
1.7819404602050781,
3.122091293334961,
3.034830093383789,
2.003908157348633,
2.187013626098633,
2.0029544830322266,
3.046274185180664,
3.1681060791015625,
2.301931381225586,
1.3968944549560547,
2.4640560150146484,
6.807088851928711,
7.63392448425293,
9.368181228637695,
4.770994186401367,
4.734039306640625,
3.4890174865722656,
3.098011016845703,
2.9449462890625,
28.55968475341797,
31.416654586791992,
1.3380050659179688,
1.0340213775634766,
11.358976364135742,
17.572879791259766,
0.7610321044921875,
0.6737709045410156,
0.6241798400878906,
0.9367465972900391,
0.6058216094970703,
0.6589889526367188,
0.6492137908935547,
0.8001327514648438,
0.7469654083251953,
0.9160041809082031,
1.4278888702392578,
1.2600421905517578,
0.7586479187011719,
1.2359619140625,
0.6892681121826172,
0.7030963897705078,
0.7328987121582031,
0.6639957427978516,
0.6809234619140625,
0.7932186126708984,
0.7562637329101562,
1.506805419921875,
1.1699199676513672,
0.9958744049072266,
0.926971435546875,
1.394033432006836,
1.7039775848388672,
1.0559558868408203,
1.4729499816894531,
1.5180110931396484,
3.0651092529296875,
20.859241485595703,
20.784854888916016,
26.009082794189453,
0.6690025329589844,
0.8330345153808594,
1.9347667694091797,
3.960132598876953,
1.0700225830078125,
3.7698745727539062,
3.326416015625,
1.8401145935058594,
1.3120174407958984,
1.355886459350586,
1.3191699981689453,
1.0857582092285156,
0.8800029754638672,
1.4371871948242188,
3.453969955444336,
2.9070377349853516,
2.4940967559814453,
2.758026123046875,
2.526998519897461,
2.427816390991211,
1.5931129455566406,
1.767873764038086,
1.8258094787597656,
1.5201568603515625,
1.9588470458984375,
1.775979995727539,
3.9627552032470703,
3.833770751953125,
2.496004104614258,
2.025127410888672,
2.429962158203125,
2.039194107055664,
2.948760986328125,
1.0921955108642578,
2.576112747192383,
1.416921615600586,
1.3980865478515625,
1.5869140625,
2.275228500366211,
2.1948814392089844,
2.1889209747314453,
1.4929771423339844,
1.2328624725341797,
1.352071762084961,
1.1591911315917969,
1.2030601501464844,
1.1332035064697266,
1.1818408966064453,
1.2118816375732422,
2.821207046508789,
2.615690231323242,
3.1540393829345703,
2.8982162475585938,
1.7042160034179688,
1.7769336700439453,
2.090930938720703,
2.106904983520508,
1.3632774353027344,
1.3051033020019531,
1.5778541564941406,
1.9478797912597656,
1.5990734100341797,
1.8830299377441406,
2.498149871826172,
1.6300678253173828,
2.222776412963867,
2.5582313537597656,
2.5920867919921875,
2.2170543670654297,
1.4271736145019531,
3.22723388671875,
3.1609535217285156,
3.2079219818115234,
2.3000240325927734,
2.849102020263672,
3.459930419921875,
4.022121429443359,
4.368066787719727,
7.861137390136719,
6.926059722900391,
5.042791366577148,
5.269050598144531,
1.5070438385009766,
1.3701915740966797,
1.737833023071289,
1.7306804656982422,
1.2969970703125,
1.260995864868164,
1.1320114135742188,
1.734018325805664,
2.4309158325195312,
2.92205810546875,
2.0918846130371094,
1.4879703521728516,
1.5380382537841797,
1.2979507446289062,
1.344919204711914,
1.2407302856445312,
2.1009445190429688,
2.0627975463867188,
2.234935760498047,
2.2089481353759766,
1.4400482177734375,
1.4281272888183594,
1.6047954559326172,
1.4750957489013672,
1.3561248779296875,
1.3692378997802734,
1.386880874633789,
1.3430118560791016,
1.3837814331054688,
1.6520023345947266,
1.7809867858886719,
1.3630390167236328,
1.5249252319335938,
2.064943313598633,
2.2439956665039062,
1.756906509399414,
1.911163330078125,
3.0689239501953125,
2.1359920501708984,
3.114938735961914,
2.2459030151367188,
2.2809505462646484,
3.117084503173828,
4.704475402832031,
5.635976791381836,
6.2808990478515625,
7.973909378051758,
3.5681724548339844,
3.4558773040771484,
2.733945846557617,
3.0379295349121094,
2.57110595703125,
2.521038055419922,
4.175901412963867,
5.600929260253906,
2.137899398803711,
2.5260448455810547,
1.9640922546386719,
2.3369789123535156,
2.4068355560302734,
2.7790069580078125,
1.8589496612548828,
2.586841583251953,
2.2439956665039062,
1.634836196899414,
1.7189979553222656,
2.3338794708251953,
2.2971630096435547,
2.074003219604492,
2.1598339080810547,
2.089977264404297,
3.9298534393310547,
2.1619796752929688,
2.451181411743164,
6.412029266357422,
7.896184921264648,
5.197048187255859,
4.117727279663086,
2.1250247955322266,
1.4317035675048828,
1.5070438385009766,
1.5909671783447266,
1.4009475708007812,
2.009153366088867,
2.1576881408691406,
2.03704833984375,
1.5118122100830078,
2.389669418334961,
2.0720958709716797,
1.9910335540771484,
1.5320777893066406,
3.512859344482422,
2.087831497192383,
2.305746078491211,
1.7349720001220703,
1.5311241149902344,
4.955768585205078,
4.590034484863281,
3.348112106323242,
3.107786178588867,
1.4979839324951172,
1.3141632080078125,
2.3610591888427734,
2.1631717681884766,
2.187013626098633,
2.2420883178710938,
1.97601318359375,
1.54876708984375,
2.2482872009277344,
1.7151832580566406,
1.692056655883789,
0.9980201721191406,
1.1899471282958984,
1.7931461334228516,
4.158973693847656,
2.90679931640625,
2.4881362915039062,
1.2500286102294922,
0.9160041809082031,
2.006053924560547,
1.9237995147705078,
1.5120506286621094,
0.9310245513916016,
1.5921592712402344,
1.6319751739501953,
1.5108585357666016,
1.3382434844970703,
0.7889270782470703,
0.8351802825927734,
0.789642333984375,
2.2020339965820312,
2.301931381225586,
2.477884292602539,
3.264188766479492,
2.8171539306640625,
1.8498897552490234,
1.4960765838623047,
1.3592243194580078,
1.260995864868164,
1.1112689971923828,
2.279996871948242,
3.0481815338134766,
1.5530586242675781,
1.992940902709961,
1.603841781616211,
1.5778541564941406,
0.7729530334472656,
1.4138221740722656,
1.0831356048583984,
1.2121200561523438,
1.1889934539794922,
1.1761188507080078,
0.7407665252685547,
10.5133056640625,
10.51640510559082,
9.84501838684082,
9.838104248046875,
9.250879287719727,
0.7598400115966797,
0.7841587066650391,
0.7519721984863281,
1.2278556823730469,
1.2009143829345703,
1.238107681274414,
0.8101463317871094,
1.0662078857421875,
1.0418891906738281,
0.7801055908203125,
0.9617805480957031,
13.628959655761719,
12.367010116577148,
13.798236846923828,
2.2330284118652344,
1.7809867858886719,
1.0991096496582031,
0.8959770202636719,
1.0738372802734375,
1.676797866821289,
1.5020370483398438,
0.9663105010986328,
1.783132553100586,
2.583742141723633,
4.050970077514648,
1.9500255584716797,
0.6091594696044922,
0.5071163177490234,
1.277923583984375,
1.7642974853515625,
1.132965087890625,
0.3898143768310547,
0.3669261932373047,
0.3650188446044922,
0.46896934509277344,
1.6360282897949219,
1.4259815216064453,
0.6163120269775391,
0.4699230194091797,
0.5412101745605469,
0.5371570587158203,
1.5478134155273438,
0.6847381591796875,
1.834869384765625,
1.9931793212890625,
1.5459060668945312,
1.7480850219726562,
1.3959407806396484,
1.0311603546142578,
1.33514404296875,
1.1699199676513672,
1.2102127075195312,
1.3079643249511719,
1.3113021850585938,
2.557992935180664,
2.541065216064453,
2.440929412841797,
1.8270015716552734,
2.341032028198242,
0.9379386901855469,
1.0197162628173828,
1.209259033203125,
2.1529197692871094,
3.397703170776367,
3.165006637573242,
4.580974578857422,
3.2579898834228516,
2.3529529571533203,
1.9419193267822266,
1.2106895446777344,
1.3878345489501953,
2.247333526611328,
2.2389888763427734,
1.9698143005371094,
1.7368793487548828,
2.563953399658203,
3.0281543731689453,
1.8990039825439453,
3.242015838623047,
1.8680095672607422,
2.293109893798828,
1.5528202056884766,
1.2450218200683594,
1.0600090026855469,
1.2402534484863281,
1.5769004821777344,
1.6210079193115234,
2.604961395263672,
3.290891647338867,
2.560138702392578,
1.4348030090332031,
1.6472339630126953,
1.3668537139892578,
1.3260841369628906,
0.8728504180908203,
1.0120868682861328,
1.280069351196289,
1.7631053924560547,
1.6400814056396484,
1.4209747314453125,
1.2660026550292969,
1.432180404663086,
1.3539791107177734,
1.3089179992675781,
1.9991397857666016,
1.4939308166503906,
1.7561912536621094,
1.7018318176269531,
1.5780925750732422,
1.5430450439453125,
1.6429424285888672,
1.383066177368164,
1.2969970703125,
1.6291141510009766,
2.2339820861816406,
1.9097328186035156,
1.5151500701904297,
1.5301704406738281,
1.1708736419677734,
1.4331340789794922,
2.048969268798828,
2.6559829711914062,
1.5201568603515625,
1.5337467193603516,
1.728057861328125,
3.4880638122558594,
4.364967346191406,
3.0786991119384766,
2.3360252380371094,
2.2687911987304688,
1.2598037719726562,
1.3659000396728516,
1.8639564514160156,
1.435995101928711,
1.2967586517333984,
1.8889904022216797,
1.6961097717285156,
2.4099349975585938,
4.1351318359375,
4.625082015991211,
4.600048065185547,
2.7930736541748047,
2.1660327911376953,
1.4801025390625,
1.020193099975586,
1.508951187133789,
1.6469955444335938,
1.5752315521240234,
1.0371208190917969,
1.5101432800292969,
1.4791488647460938,
1.0449886322021484,
0.9872913360595703,
1.3551712036132812,
1.2938976287841797,
1.3780593872070312,
1.0600090026855469,
1.394033432006836,
0.8158683776855469,
0.7920265197753906,
0.8080005645751953,
0.9937286376953125,
0.9410381317138672,
1.3699531555175781,
1.3418197631835938,
0.9889602661132812,
0.8788108825683594,
1.0249614715576172,
1.0159015655517578,
0.7829666137695312,
1.3740062713623047,
1.3751983642578125,
1.1432170867919922,
2.222776412963867,
1.9769668579101562,
2.4261474609375,
1.483917236328125,
1.0230541229248047,
1.2612342834472656,
1.2242794036865234,
0.9047985076904297,
1.1849403381347656,
1.5227794647216797,
1.8873214721679688,
1.0199546813964844,
1.4579296112060547,
1.363992691040039,
0.8409023284912109,
1.0938644409179688,
0.9069442749023438,
0.8959770202636719,
1.786947250366211,
2.2330284118652344,
2.2530555725097656,
2.6330947875976562,
1.2650489807128906,
1.0879039764404297,
1.1241436004638672,
1.1761188507080078,
1.3399124145507812,
1.3470649719238281,
1.318216323852539,
1.363992691040039,
1.6558170318603516,
1.6093254089355469,
1.1630058288574219,
1.0030269622802734,
1.3072490692138672,
1.2748241424560547,
1.1959075927734375,
0.9410381317138672,
1.2159347534179688,
1.010894775390625,
1.0881423950195312,
1.4920234680175781,
1.0433197021484375,
1.1091232299804688,
0.9219646453857422,
1.2590885162353516,
1.2211799621582031,
1.302957534790039,
1.1970996856689453,
2.328157424926758,
2.534151077270508,
1.2469291687011719,
1.895904541015625,
1.8839836120605469,
3.0269622802734375,
1.9350051879882812,
1.7211437225341797,
2.1610260009765625,
1.3189315795898438,
1.4369487762451172,
1.3909339904785156,
1.3897418975830078,
1.584768295288086,
1.2652873992919922,
1.4989376068115234,
1.2011528015136719,
1.0960102081298828,
1.2199878692626953,
1.6090869903564453,
3.5550594329833984,
1.5690326690673828,
1.5888214111328125,
1.6350746154785156,
1.7960071563720703,
2.187013626098633,
2.335071563720703,
2.552032470703125,
2.5930404663085938,
2.0630359649658203,
1.6698837280273438,
2.5589466094970703,
2.583026885986328,
1.7809867858886719,
2.2897720336914062,
1.725912094116211,
3.373861312866211,
2.5048255920410156,
2.5701522827148438,
3.9987564086914062,
2.8238296508789062,
2.0339488983154297,
4.246950149536133,
1.6188621520996094,
2.3970603942871094,
2.1157264709472656,
2.5870800018310547,
3.618955612182617,
2.5289058685302734,
2.454996109008789,
2.880096435546875,
2.5169849395751953,
2.8188228607177734,
3.050088882446289,
2.412080764770508,
2.2449493408203125,
2.3391246795654297,
2.421855926513672,
2.8498172760009766,
2.6760101318359375,
3.0210018157958984,
2.103090286254883,
3.015279769897461,
2.5119781494140625,
2.208709716796875,
2.641916275024414,
2.942323684692383,
2.596139907836914,
2.5191307067871094,
2.238035202026367,
2.810955047607422,
1.935720443725586,
1.9431114196777344,
2.8679370880126953,
4.163026809692383,
5.179166793823242,
4.517078399658203,
1.6918182373046875,
2.288818359375,
2.2399425506591797,
2.7420520782470703,
2.664327621459961,
2.5069713592529297,
2.4290084838867188,
2.421140670776367,
2.2649765014648438,
4.905939102172852,
2.563953399658203,
2.1996498107910156,
3.1871795654296875,
2.3818016052246094,
2.2687911987304688,
4.23121452331543,
3.9920806884765625,
3.4749507904052734,
3.003835678100586,
3.802061080932617,
3.790140151977539,
3.1681060791015625,
3.984212875366211,
2.4192333221435547,
3.1332969665527344,
2.0449161529541016,
2.203226089477539,
2.794981002807617,
1.9147396087646484,
2.9449462890625,
1.886129379272461,
1.8680095672607422,
2.334117889404297,
2.1779537200927734,
1.7800331115722656,
1.863241195678711,
2.2220611572265625,
3.1239986419677734,
2.511262893676758,
2.0270347595214844,
2.0601749420166016,
1.8661022186279297,
2.5169849395751953,
1.8591880798339844,
2.3260116577148438,
2.992868423461914,
2.8929710388183594,
3.1387805938720703,
2.8989315032958984,
2.6290416717529297,
2.110004425048828,
2.2552013397216797,
1.8720626831054688,
2.3403167724609375,
2.2530555725097656,
2.0868778228759766,
2.37274169921875,
1.9640922546386719,
5.53584098815918,
6.354808807373047,
3.412961959838867,
3.944873809814453,
2.827882766723633,
4.324913024902344,
3.258943557739258,
3.4890174865722656,
2.0678043365478516,
2.249002456665039,
1.7638206481933594,
2.3288726806640625,
3.690958023071289,
1.7180442810058594,
1.5041828155517578,
4.6558380126953125,
6.237983703613281,
6.646871566772461,
2.5327205657958984,
4.063844680786133,
2.1021366119384766,
2.0720958709716797,
2.3369789123535156,
8.367300033569336,
8.820295333862305,
2.0132064819335938,
1.7080307006835938,
1.9600391387939453,
1.4929771423339844,
2.042055130004883,
1.415252685546875,
1.9550323486328125,
2.473115921020508,
2.0532608032226562,
1.728057861328125,
1.0809898376464844,
0.9450912475585938,
1.0249614715576172,
1.3589859008789062,
1.4362335205078125,
1.1529922485351562,
4.846096038818359,
3.8352012634277344,
2.416849136352539,
4.632234573364258,
4.803895950317383,
4.859209060668945,
13.90385627746582,
13.59105110168457,
15.901327133178711,
4.297018051147461,
1.2462139129638672,
1.046895980834961,
0.7979869842529297,
0.8189678192138672,
0.7958412170410156,
1.222848892211914,
0.8833408355712891,
0.8382797241210938,
3.050088882446289,
3.3109188079833984,
3.3359527587890625,
1.5819072723388672,
10.850191116333008,
11.147022247314453,
2.088308334350586,
2.020120620727539,
1.6438961029052734,
1.2385845184326172,
0.9469985961914062,
0.9992122650146484,
1.0328292846679688,
1.0328292846679688,
2.6481151580810547,
2.6171207427978516,
3.592967987060547,
4.040956497192383,
5.462884902954102,
6.747245788574219,
7.962942123413086,
7.110118865966797,
5.842924118041992,
5.778074264526367,
3.9751529693603516,
3.6187171936035156,
1.7609596252441406,
3.8132667541503906,
1.9922256469726562,
1.9769668579101562,
2.7451515197753906,
3.4079551696777344,
2.6369094848632812,
2.1538734436035156,
8.049964904785156,
8.982181549072266,
5.504846572875977,
6.223201751708984,
9.390830993652344,
5.86390495300293,
3.2613277435302734,
1.7940998077392578,
0.92315673828125,
1.0821819305419922,
0.8623600006103516,
1.0721683502197266,
0.843048095703125,
1.2748241424560547,
1.2373924255371094,
1.3649463653564453,
1.912832260131836,
2.5217533111572266,
2.0542144775390625,
2.2110939025878906,
1.024007797241211,
1.0547637939453125,
1.280069351196289,
0.8330345153808594,
0.8931159973144531,
0.9992122650146484,
1.3420581817626953,
1.5769004821777344,
1.5201568603515625,
1.2753009796142578,
1.1830329895019531,
1.0769367218017578,
3.1249523162841797,
3.9942264556884766,
3.0689239501953125,
2.8989315032958984,
1.2540817260742188,
1.728057861328125,
1.035928726196289,
1.050710678100586,
1.2140274047851562,
1.5120506286621094,
2.373933792114258,
1.161813735961914,
0.9419918060302734,
1.0530948638916016,
1.094818115234375,
2.4580955505371094,
2.432107925415039,
1.1761188507080078,
1.222848892211914,
0.8380413055419922,
1.0039806365966797,
1.4660358428955078,
1.2707710266113281,
1.2612342834472656,
1.9748210906982422,
1.56402587890625,
3.077268600463867,
2.8722286224365234,
1.7430782318115234,
1.3589859008789062,
1.1980533599853516,
1.50299072265625,
2.045869827270508,
1.280069351196289,
1.977682113647461,
1.6560554504394531,
2.9609203338623047,
4.229068756103516,
3.2930374145507812,
1.7559528350830078,
4.625082015991211,
1.1539459228515625,
1.110076904296875,
1.0268688201904297,
1.1789798736572266,
1.123189926147461,
1.190185546875,
1.3499259948730469,
1.9822120666503906,
1.5938282012939453,
0.8141994476318359,
2.2568702697753906,
3.4329891204833984,
3.385782241821289,
3.37982177734375,
1.4910697937011719,
1.0478496551513672,
2.794027328491211,
2.7379989624023438,
3.513813018798828,
2.771139144897461,
3.3261775970458984,
1.3358592987060547,
0.7669925689697266,
0.8590221405029297,
1.0533332824707031,
1.0530948638916016,
3.367900848388672,
2.190113067626953,
2.2139549255371094,
1.935720443725586,
1.2531280517578125,
1.010894775390625,
0.6587505340576172,
2.2547245025634766,
1.6651153564453125,
0.9479522705078125,
0.9288787841796875,
0.6868839263916016,
1.0790824890136719,
0.9849071502685547,
0.7941722869873047,
0.7359981536865234,
0.7202625274658203,
0.8931159973144531,
0.8478164672851562,
0.7250308990478516,
0.6740093231201172,
0.7450580596923828,
0.6630420684814453,
0.7302761077880859,
1.0039806365966797,
0.9253025054931641,
0.6480216979980469,
0.6301403045654297,
0.6890296936035156,
0.8130073547363281,
0.9200572967529297,
1.0209083557128906,
0.9801387786865234,
0.6768703460693359,
0.9837150573730469,
0.8909702301025391,
0.7448196411132812,
1.1968612670898438,
1.4119148254394531,
1.1260509490966797,
0.9419918060302734,
1.348733901977539,
1.148223876953125,
0.7531642913818359,
2.131223678588867,
2.5877952575683594,
2.223968505859375,
1.7571449279785156,
1.7809867858886719,
1.2078285217285156,
1.0874271392822266,
1.0638236999511719,
0.7920265197753906,
0.7441043853759766,
0.7960796356201172,
0.9326934814453125,
0.7300376892089844,
0.7958412170410156,
2.0139217376708984,
1.4429092407226562,
1.9800662994384766,
1.1000633239746094,
1.341104507446289,
1.4538764953613281,
2.051830291748047,
1.6970634460449219,
2.398967742919922,
1.9049644470214844,
1.1708736419677734,
1.6367435455322266,
1.2707710266113281,
1.1491775512695312,
0.885009765625,
1.5337467193603516,
1.4410018920898438,
1.3730525970458984,
1.2950897216796875,
0.8897781372070312,
1.0828971862792969,
1.0962486267089844,
0.9448528289794922,
0.7977485656738281,
1.535177230834961,
1.191854476928711,
1.6520023345947266,
1.0538101196289062,
0.8180141448974609,
0.9138584136962891,
1.1141300201416016,
0.8919239044189453,
4.461050033569336,
4.389286041259766,
2.588033676147461,
1.9600391387939453,
1.1730194091796875,
1.1379718780517578,
1.2559890747070312,
1.9469261169433594,
1.8002986907958984,
2.641916275024414,
1.628875732421875,
1.3170242309570312,
1.7018318176269531,
1.9888877868652344,
2.2978782653808594,
1.70135498046875,
1.3310909271240234,
1.7578601837158203,
2.2630691528320312,
2.6123523712158203,
3.509998321533203,
2.889871597290039,
2.4538040161132812,
3.1099319458007812,
2.3698806762695312,
2.7420520782470703,
4.38380241394043,
3.7560462951660156,
1.5642642974853516,
1.7228126525878906,
1.8830299377441406,
1.416921615600586,
1.2459754943847656,
0.9768009185791016,
1.7642974853515625,
1.13677978515625,
1.6989707946777344,
1.7228126525878906,
1.8448829650878906,
1.8088817596435547,
1.7542839050292969,
1.5978813171386719,
1.714944839477539,
1.6961097717285156,
1.882791519165039,
1.5070438385009766,
1.3439655303955078,
1.7311573028564453,
4.377841949462891,
4.762172698974609,
2.752065658569336,
1.9068717956542969,
1.544952392578125,
1.54876708984375,
1.5807151794433594,
1.8467903137207031,
1.5151500701904297,
1.5289783477783203,
2.032756805419922,
1.5909671783447266,
1.628875732421875,
1.8279552459716797,
1.5752315521240234,
2.1429061889648438,
1.3818740844726562,
1.7011165618896484,
1.6987323760986328,
1.9390583038330078,
1.3971328735351562,
1.352071762084961,
1.7778873443603516,
1.8131732940673828,
2.4650096893310547,
2.107858657836914,
1.8150806427001953,
2.351045608520508,
2.7179718017578125,
2.741098403930664,
2.566099166870117,
2.5548934936523438,
2.1970272064208984,
2.1429061889648438,
2.167224884033203,
3.312826156616211,
2.346038818359375,
2.28118896484375,
1.8241405487060547,
1.767873764038086,
1.0747909545898438,
0.7779598236083984,
0.9720325469970703,
0.7698535919189453,
4.198789596557617,
3.9610862731933594,
1.0170936584472656,
0.8308887481689453,
0.92315673828125,
0.9999275207519531,
0.9551048278808594,
1.2969970703125,
0.942230224609375,
1.878976821899414,
1.6829967498779297,
1.5060901641845703,
2.5551319122314453,
1.3508796691894531,
1.6760826110839844,
1.9550323486328125,
1.4660358428955078,
1.1758804321289062,
2.457141876220703,
2.415895462036133,
2.747774124145508,
2.4099349975585938,
1.2290477752685547,
1.0218620300292969,
1.317739486694336,
1.1577606201171875,
2.1038055419921875,
1.6829967498779297,
2.0978450775146484,
2.009153366088867,
1.0502338409423828,
0.8392333984375,
0.9710788726806641,
3.0510425567626953,
2.1262168884277344,
0.7810592651367188,
0.7417201995849609,
1.4369487762451172,
1.422882080078125,
1.2960433959960938,
1.687765121459961,
2.501964569091797,
1.461029052734375,
1.1529922485351562,
2.479076385498047,
2.4073123931884766,
2.2079944610595703,
3.775358200073242,
3.7081241607666016,
1.2128353118896484,
1.135110855102539,
2.75421142578125,
1.5480518341064453,
1.4920234680175781,
1.4269351959228516,
1.3158321380615234,
1.4290809631347656,
1.1336803436279297,
0.7390975952148438,
1.943826675415039,
1.6942024230957031,
1.6398429870605469,
2.187013626098633,
1.8908977508544922,
1.0178089141845703,
1.107931137084961,
1.4562606811523438,
1.252889633178711,
0.8249282836914062,
2.386808395385742,
1.3020038604736328,
1.0578632354736328,
1.7359256744384766,
1.7349720001220703,
2.293109893798828,
2.022981643676758,
2.0012855529785156,
3.6280155181884766,
2.92205810546875,
3.0939579010009766,
4.883289337158203,
3.203153610229492,
2.6578903198242188,
3.368854522705078,
3.2491683959960938,
4.090309143066406,
4.685878753662109,
7.42793083190918,
8.360862731933594,
7.790088653564453,
3.4368038177490234,
3.359079360961914,
5.647897720336914,
5.769014358520508,
3.0579566955566406,
3.050088882446289,
2.8870105743408203,
2.4759769439697266,
1.86920166015625,
1.661062240600586,
1.7409324645996094,
2.2819042205810547,
2.6679039001464844,
1.6901493072509766,
1.711130142211914,
1.4781951904296875,
1.5811920166015625,
2.0737648010253906,
2.1560192108154297,
1.4061927795410156,
1.4111995697021484,
1.8520355224609375,
1.8639564514160156,
1.8038749694824219,
3.4677982330322266,
5.155086517333984,
4.225969314575195,
4.916906356811523,
3.6242008209228516,
2.9540061950683594,
12.459039688110352,
5.721807479858398,
2.4001598358154297,
2.2728443145751953,
1.127004623413086,
9.329795837402344,
6.941080093383789,
9.727954864501953,
2.0728111267089844,
0.9100437164306641,
0.9291172027587891,
0.9810924530029297,
3.0260086059570312,
3.5610198974609375,
2.7039051055908203,
16.11185073852539,
15.74397087097168,
11.74306869506836,
11.613130569458008,
14.241695404052734,
2.2301673889160156,
1.5311241149902344,
1.645803451538086,
0.5931854248046875,
0.7610321044921875,
12.515068054199219,
13.843059539794922,
13.48423957824707,
2.207040786743164,
1.9521713256835938,
1.5101432800292969,
2.7899742126464844,
1.543283462524414,
2.0918846130371094,
5.408048629760742,
6.798744201660156,
5.4988861083984375,
6.929159164428711,
7.565021514892578,
1.8260478973388672,
2.5179386138916016,
2.454042434692383,
3.239154815673828,
2.835988998413086,
3.3278465270996094,
4.586935043334961,
16.212940216064453,
1.0159015655517578,
0.5311965942382812,
1.306772232055664,
1.2707710266113281,
0.9469985961914062,
1.2180805206298828,
1.6078948974609375,
2.0589828491210938,
1.608133316040039,
2.681255340576172,
1.4538764953613281,
0.5719661712646484,
0.39505958557128906,
0.4019737243652344,
1.1010169982910156,
1.4257431030273438,
1.3759136199951172,
2.160787582397461,
2.386808395385742,
2.202272415161133,
2.9811859130859375,
3.077268600463867,
4.090070724487305,
3.5140514373779297,
1.9938945770263672,
1.5990734100341797,
1.2102127075195312,
1.0700225830078125,
1.6789436340332031,
1.3370513916015625,
1.0881423950195312,
1.486063003540039,
1.094818115234375,
1.4650821685791016,
1.0743141174316406,
1.0602474212646484,
1.0159015655517578,
1.2822151184082031,
1.2509822845458984,
1.4998912811279297,
1.867055892944336,
2.3660659790039062,
1.77001953125,
1.6710758209228516,
2.382993698120117,
7.414102554321289,
9.052038192749023,
6.064891815185547,
3.551006317138672,
5.693912506103516,
4.129171371459961,
5.91278076171875,
10.972738265991211,
4.525184631347656,
8.288145065307617,
11.20615005493164,
9.029150009155273,
1.3790130615234375,
0.6849765777587891,
0.6449222564697266,
0.6310939788818359,
1.0199546813964844,
0.6771087646484375,
0.5249977111816406,
0.4990100860595703,
0.5300045013427734,
0.5600452423095703,
0.47898292541503906,
0.5459785461425781,
2.145051956176758,
1.3267993927001953,
1.3151168823242188,
3.412008285522461,
0.8819103240966797,
1.4312267303466797,
1.2936592102050781,
2.093791961669922,
1.8532276153564453,
0.9288787841796875,
0.9970664978027344,
0.9219646453857422,
0.8299350738525391,
0.8490085601806641,
2.171754837036133,
2.207040786743164,
3.5393238067626953,
2.686023712158203,
1.6460418701171875,
1.2431144714355469,
1.1661052703857422,
1.1510848999023438,
1.2111663818359375,
1.138925552368164,
1.9390583038330078,
1.8830299377441406,
1.638174057006836,
1.7058849334716797,
1.8999576568603516,
2.3648738861083984,
2.3272037506103516,
1.7459392547607422,
1.9991397857666016,
2.8340816497802734,
1.955270767211914,
1.435995101928711,
3.8590431213378906,
4.07719612121582,
2.3298263549804688,
2.8076171875,
2.2461414337158203,
4.963159561157227,
1.8749237060546875,
1.7998218536376953,
1.1942386627197266,
2.0079612731933594,
2.170085906982422,
1.5377998352050781,
1.363992691040039,
3.245115280151367,
1.461029052734375,
3.985166549682617,
0.9219646453857422,
1.1739730834960938,
2.820730209350586,
2.4318695068359375,
2.415180206298828,
0.9419918060302734,
1.1239051818847656,
0.7908344268798828,
1.977682113647461,
1.850128173828125,
2.357959747314453,
2.1910667419433594,
4.354000091552734,
5.037069320678711,
5.996942520141602,
3.5331249237060547,
8.870840072631836,
11.99197769165039,
16.18671417236328,
15.710115432739258,
1.9588470458984375,
2.2568702697753906,
1.4290809631347656,
2.1927356719970703,
1.7809867858886719,
1.7480850219726562,
1.2958049774169922,
2.9468536376953125,
11.633157730102539,
2.2192001342773438,
4.361152648925781,
13.056039810180664,
2.431154251098633,
9.144067764282227,
10.881662368774414,
13.399124145507812,
12.097835540771484,
8.210897445678711,
11.164188385009766,
0.8771419525146484,
1.3339519500732422,
1.4929771423339844,
2.023935317993164,
1.6200542449951172,
1.8689632415771484,
1.1119842529296875,
0.8459091186523438,
0.7562637329101562,
0.6339550018310547,
0.946044921875,
0.7503032684326172,
0.6940364837646484,
8.90493392944336,
4.221916198730469,
11.031150817871094,
3.7338733673095703,
4.9610137939453125,
8.03375244140625,
1.4460086822509766,
1.0750293731689453,
1.0859966278076172,
0.6520748138427734,
0.6897449493408203,
0.5900859832763672,
1.2879371643066406,
1.7349720001220703,
0.9639263153076172,
0.9081363677978516,
0.61798095703125,
0.61798095703125,
0.48732757568359375,
2.277851104736328,
1.5249252319335938,
0.7090568542480469,
0.7109642028808594,
0.3960132598876953,
0.37598609924316406,
0.41103363037109375,
0.5438327789306641,
0.392913818359375,
1.065969467163086,
1.2569427490234375,
4.714012145996094,
39.22915458679199,
0.5900859832763672,
0.45680999755859375,
0.4260540008544922,
0.5218982696533203,
0.720977783203125,
0.5979537963867188,
0.3750324249267578,
0.9250640869140625,
0.7350444793701172,
0.7770061492919922,
0.48613548278808594,
0.48089027404785156,
0.43010711669921875,
0.5681514739990234,
4.734992980957031,
44.24571990966797,
1.8661022186279297,
2.213001251220703,
1.6655921936035156,
1.177072525024414,
1.7690658569335938,
0.8509159088134766,
0.7770061492919922,
0.6930828094482422,
0.7905960083007812,
1.0349750518798828,
0.5528926849365234,
10.091066360473633,
10.144948959350586,
2.2389888763427734,
1.9142627716064453,
1.772165298461914,
11.234045028686523,
2.0608901977539062,
0.5788803100585938,
0.5409717559814453,
0.45371055603027344,
0.5598068237304688,
0.5180835723876953,
0.4811286926269531,
0.4620552062988281,
0.5090236663818359,
0.4940032958984375,
0.45108795166015625,
0.35881996154785156,
0.3917217254638672,
0.40912628173828125,
0.614166259765625,
0.4420280456542969,
0.3609657287597656,
0.38313865661621094,
0.4069805145263672,
0.4169940948486328,
0.4489421844482422,
0.7569789886474609,
0.8721351623535156,
0.3521442413330078,
0.3731250762939453,
0.5140304565429688,
0.4649162292480469,
0.4489421844482422,
0.4029273986816406,
0.5891323089599609,
0.9639263153076172,
0.6489753723144531,
0.8990764617919922,
0.5533695220947266,
0.5602836608886719,
0.4780292510986328,
0.8561611175537109,
0.6239414215087891,
0.6310939788818359,
0.5509853363037109,
0.5619525909423828,
0.8678436279296875,
1.0838508605957031,
0.9908676147460938,
1.2137889862060547,
1.1513233184814453,
0.8821487426757812,
0.8959770202636719,
0.9789466857910156,
1.2149810791015625,
1.1587142944335938,
1.0521411895751953,
1.3039112091064453,
1.5270709991455078,
1.4390945434570312,
1.0199546813964844,
1.0759830474853516,
1.0199546813964844,
0.8461475372314453,
1.2197494506835938,
1.2118816375732422,
0.9591579437255859,
0.9210109710693359,
0.6952285766601562,
0.9598731994628906,
0.8571147918701172,
0.5660057067871094,
0.9548664093017578,
0.9820461273193359,
0.8556842803955078,
1.0840892791748047,
0.4818439483642578,
0.7989406585693359,
0.7810592651367188,
0.9388923645019531,
0.8990764617919922,
0.9729862213134766,
1.1012554168701172,
0.9119510650634766,
0.7529258728027344,
0.8671283721923828,
1.1713504791259766,
0.8678436279296875,
0.8769035339355469,
1.0190010070800781,
0.8671283721923828,
0.7717609405517578,
0.7872581481933594,
1.188039779663086,
1.2850761413574219,
1.1546611785888672,
1.1210441589355469,
1.0750293731689453,
0.8480548858642578,
1.1110305786132812,
1.0728836059570312,
0.8509159088134766,
1.3170242309570312,
0.8192062377929688,
1.0330677032470703,
0.9400844573974609,
0.9579658508300781,
1.0318756103515625,
1.399993896484375,
1.2378692626953125,
0.7331371307373047,
0.6642341613769531,
0.7810592651367188,
0.7770061492919922,
1.093149185180664,
1.2369155883789062,
1.2660026550292969,
1.5349388122558594,
0.9531974792480469,
1.3439655303955078,
1.3251304626464844,
1.0488033294677734,
1.5358924865722656,
1.9252300262451172,
1.7957687377929688,
2.374887466430664,
3.6470890045166016,
2.178668975830078,
1.5997886657714844,
1.1811256408691406,
2.994060516357422,
2.6361942291259766,
2.869844436645508,
2.6140213012695312,
2.3772716522216797,
3.3919811248779297,
2.1708011627197266,
2.655029296875,
1.85394287109375,
2.7000904083251953,
3.019094467163086,
2.6891231536865234,
1.9469261169433594,
1.8949508666992188,
2.321004867553711,
3.270864486694336,
2.1839141845703125,
3.7987232208251953,
2.318143844604492,
4.71186637878418,
3.1981468200683594,
3.1800270080566406,
5.795955657958984,
2.8138160705566406,
1.9640922546386719,
3.5161972045898438,
2.0530223846435547,
1.9240379333496094,
2.9680728912353516,
2.6459693908691406,
1.5192031860351562,
3.3631324768066406,
3.0667781829833984,
3.679990768432617,
1.5597343444824219,
3.057241439819336,
2.157926559448242,
3.633737564086914,
3.2958984375,
2.273082733154297,
2.1479129791259766,
1.6629695892333984,
2.0432472229003906,
1.6028881072998047,
1.9421577453613281,
1.86920166015625,
1.6260147094726562,
1.2540817260742188,
1.911163330078125,
2.004861831665039,
2.6617050170898438,
1.7020702362060547,
2.012014389038086,
2.8867721557617188,
2.7480125427246094,
2.096891403198242,
3.7391185760498047,
3.5059452056884766,
1.6088485717773438,
1.856088638305664,
1.7461776733398438,
1.4460086822509766,
2.1080970764160156,
1.786947250366211,
1.7979145050048828,
1.9078254699707031,
1.9178390502929688,
4.546165466308594,
3.481149673461914,
2.3589134216308594,
2.8247833251953125,
2.611875534057617,
4.333019256591797,
2.537965774536133,
2.153158187866211,
4.028081893920898,
5.700826644897461,
2.8917789459228516,
2.9680728912353516,
2.9630661010742188,
1.6579627990722656,
1.7468929290771484,
2.0508766174316406,
1.9581317901611328,
1.3489723205566406,
1.771688461303711,
1.9259452819824219,
1.8701553344726562,
1.4309883117675781,
2.1500587463378906,
2.935171127319336,
2.758026123046875,
2.227306365966797,
3.099203109741211,
2.3322105407714844,
1.4848709106445312,
1.714944839477539,
1.4989376068115234,
0.988006591796875,
2.888917922973633,
3.704071044921875,
2.9010772705078125,
1.6407966613769531,
1.322031021118164,
1.9309520721435547,
1.5430450439453125,
1.833200454711914,
1.6281604766845703,
2.123117446899414,
1.4638900756835938,
1.5327930450439453,
1.435995101928711,
1.5399456024169922,
2.0520687103271484,
2.663850784301758,
2.6192665100097656,
2.6671886444091797,
2.6710033416748047,
1.9230842590332031,
1.6491413116455078,
2.0668506622314453,
1.8329620361328125,
3.2820701599121094,
4.34112548828125,
5.241870880126953,
3.203153610229492,
2.578258514404297,
1.4069080352783203,
1.397848129272461,
2.0401477813720703,
1.924276351928711,
2.0580291748046875,
2.1729469299316406,
1.2907981872558594,
1.5082359313964844,
2.087831497192383,
1.31988525390625,
1.7578601837158203,
1.6629695892333984,
1.608133316040039,
2.1238327026367188,
1.4870166778564453,
1.4948844909667969,
2.290010452270508,
2.2678375244140625,
2.2580623626708984,
3.0698776245117188,
3.025054931640625,
3.0181407928466797,
1.870870590209961,
1.5549659729003906,
1.5940666198730469,
1.8439292907714844,
1.650094985961914,
2.151012420654297,
1.8041133880615234,
1.728057861328125,
1.7600059509277344,
1.6219615936279297,
1.4102458953857422,
2.3779869079589844,
2.360105514526367,
3.289937973022461,
2.8510093688964844,
3.0870437622070312,
2.8679370880126953,
3.069162368774414,
2.2649765014648438,
2.3200511932373047,
1.7528533935546875,
2.8982162475585938,
2.4559497833251953,
2.2437572479248047,
2.2161006927490234,
3.9780139923095703,
4.186868667602539,
4.7359466552734375,
2.914905548095703,
2.3298263549804688,
1.5170574188232422,
1.8529891967773438,
2.0580291748046875,
2.056121826171875,
1.3859272003173828,
1.3859272003173828,
1.6202926635742188,
1.4081001281738281,
1.3089179992675781,
1.7120838165283203,
2.417325973510742,
1.7778873443603516,
2.1598339080810547,
2.5022029876708984,
2.0999908447265625,
1.3210773468017578,
1.2390613555908203,
1.2390613555908203,
0.9500980377197266,
1.3420581817626953,
1.291036605834961,
1.8301010131835938,
1.5652179718017578,
2.0079612731933594,
1.0449886322021484,
1.6150474548339844,
1.5001296997070312,
2.0978450775146484,
1.9130706787109375,
1.9040107727050781,
1.580953598022461,
1.4619827270507812,
1.5900135040283203,
1.772165298461914,
1.7240047454833984,
2.962827682495117,
2.145051956176758,
2.14385986328125,
2.401113510131836,
1.909017562866211,
4.500150680541992,
4.231929779052734,
2.274751663208008,
2.050161361694336,
2.3081302642822266,
1.7719268798828125,
2.5200843811035156,
1.7027854919433594,
2.042055130004883,
2.3431777954101562,
1.9581317901611328,
3.329753875732422,
2.580881118774414,
1.6210079193115234,
1.6231536865234375,
1.9073486328125,
2.680063247680664,
4.227876663208008,
2.131938934326172,
1.9772052764892578,
3.6439895629882812,
5.061149597167969,
3.9010047912597656,
3.1080245971679688,
4.088878631591797,
1.6889572143554688,
2.440214157104492,
1.9960403442382812,
2.1321773529052734,
2.784252166748047,
3.414154052734375,
2.5129318237304688,
3.471851348876953,
2.4368762969970703,
2.4061203002929688,
2.99072265625,
4.059076309204102,
3.1900405883789062,
3.7508010864257812,
2.792835235595703,
1.6589164733886719,
3.2677650451660156,
3.143310546875,
1.9040107727050781,
3.354787826538086,
7.010221481323242,
2.660036087036133,
3.657102584838867,
3.5119056701660156,
2.9702186584472656,
1.8680095672607422,
3.3071041107177734,
2.889871597290039,
1.695871353149414,
3.6401748657226562,
3.0922889709472656,
4.273891448974609,
2.2840499877929688,
1.798868179321289,
2.5320053100585938,
3.520965576171875,
8.295059204101562,
3.988027572631836,
1.2428760528564453,
2.8290748596191406,
1.4770030975341797,
5.991220474243164,
2.202272415161133,
5.419015884399414,
7.499933242797852,
5.356073379516602,
11.551141738891602,
8.998870849609375,
2.702951431274414,
3.190755844116211,
2.8285980224609375,
1.0840892791748047,
0.8609294891357422,
0.9629726409912109,
0.7169246673583984,
0.7081031799316406,
0.7011890411376953,
0.7069110870361328,
1.1439323425292969,
1.1258125305175781,
0.9059906005859375,
0.7379055023193359,
0.7748603820800781,
0.6577968597412109,
0.7250308990478516,
0.6930828094482422,
0.8132457733154297,
1.0039806365966797,
0.7910728454589844,
0.7817745208740234,
0.7352828979492188,
0.7040500640869141,
0.5919933319091797,
0.6568431854248047,
2.0329952239990234,
2.0029544830322266,
1.2450218200683594,
0.9829998016357422,
1.2669563293457031,
0.7760524749755859,
2.4940967559814453,
8.421897888183594,
6.137847900390625,
8.463859558105469,
3.1881332397460938,
3.155946731567383,
1.1467933654785156,
1.188039779663086,
8.948087692260742,
9.186744689941406,
10.303020477294922,
8.374929428100586,
9.013891220092773,
0.5202293395996094,
0.5071163177490234,
0.8766651153564453,
0.7150173187255859,
0.7901191711425781,
0.5741119384765625,
2.9120445251464844,
12.818098068237305,
16.184091567993164,
13.756752014160156,
7.557868957519531,
11.78121566772461,
0.6542205810546875,
0.7302761077880859,
0.7331371307373047,
0.6382465362548828,
0.6017684936523438,
0.5640983581542969,
0.5099773406982422,
0.45013427734375,
0.6699562072753906,
0.39505958557128906,
0.514984130859375,
0.4181861877441406,
0.43582916259765625,
1.2412071228027344,
1.3570785522460938,
1.3282299041748047,
0.7510185241699219,
0.6089210510253906,
0.7808208465576172,
0.5729198455810547,
0.7078647613525391,
0.6473064422607422,
0.6799697875976562,
0.5280971527099609,
0.7870197296142578,
0.5121231079101562,
0.42319297790527344,
0.5211830139160156,
0.7407665252685547,
0.7560253143310547,
0.5931854248046875,
0.5049705505371094,
0.5052089691162109,
0.5328655242919922,
3.171682357788086,
2.5060176849365234,
4.1599273681640625,
4.136323928833008,
1.64794921875,
0.8380413055419922,
4.081964492797852,
4.901885986328125,
4.114866256713867,
0.8051395416259766,
1.191854476928711,
1.5549659729003906,
1.445770263671875,
1.7349720001220703,
1.0340213775634766,
0.7779598236083984,
0.7948875427246094,
0.9558200836181641,
1.316070556640625,
1.2667179107666016,
1.0981559753417969,
0.6418228149414062,
0.8997917175292969,
0.7851123809814453,
0.6368160247802734,
0.682830810546875,
0.5769729614257812,
0.6871223449707031,
7.250070571899414,
6.694793701171875,
13.643026351928711,
14.83607292175293,
17.216920852661133,
5.927801132202148,
1.7049312591552734,
5.7163238525390625,
4.405736923217773,
9.424209594726562,
0.6382465362548828,
0.7088184356689453,
0.6802082061767578,
0.49996376037597656,
0.6511211395263672,
0.6480216979980469,
0.598907470703125,
0.6699562072753906,
1.0950565338134766,
0.518798828125,
0.7238388061523438,
0.9920597076416016,
0.8509159088134766,
0.5438327789306641,
0.5040168762207031,
0.8308887481689453,
1.1510848999023438,
0.9429454803466797,
0.7030963897705078,
0.7338523864746094,
0.7202625274658203,
1.3082027435302734,
1.1610984802246094,
0.8771419525146484,
1.3959407806396484,
1.8990039825439453,
9.541988372802734,
11.551856994628906,
12.064933776855469,
0.8218288421630859,
0.5962848663330078,
0.4868507385253906,
0.6797313690185547,
0.6878376007080078,
0.6871223449707031,
0.6029605865478516,
1.4421939849853516,
0.5860328674316406,
2.781391143798828,
2.6650428771972656,
2.657175064086914,
1.7778873443603516,
1.2638568878173828,
3.167867660522461,
2.0339488983154297,
1.2738704681396484,
2.438068389892578,
1.0821819305419922,
1.165151596069336,
1.5327930450439453,
1.3799667358398438,
3.8857460021972656,
4.308938980102539,
2.1669864654541016,
2.0978450775146484,
1.3790130615234375,
2.8760433197021484,
1.4538764953613281,
2.2089481353759766,
1.4488697052001953,
5.874872207641602,
8.406877517700195,
6.784677505493164,
4.040002822875977,
5.953788757324219,
6.31403923034668,
17.982959747314453,
14.740228652954102,
15.213966369628906,
0.6699562072753906,
0.9589195251464844,
1.0907649993896484,
1.4729499816894531,
0.6620883941650391,
0.7112026214599609,
0.7879734039306641,
0.9810924530029297,
0.9431838989257812,
1.1281967163085938,
0.9052753448486328,
0.7810592651367188,
0.5278587341308594,
4.338979721069336,
3.4360885620117188,
0.7460117340087891,
1.7919540405273438,
1.7499923706054688,
2.012014389038086,
1.1410713195800781,
1.6400814056396484,
2.541065216064453,
2.4907588958740234,
2.466917037963867,
2.4611949920654297,
2.2678375244140625,
4.111051559448242,
2.006053924560547,
3.1578540802001953,
2.260923385620117,
2.6962757110595703,
3.8373470306396484,
2.1309852600097656,
2.0020008087158203,
2.3059844970703125,
1.7070770263671875,
3.765106201171875,
16.96324348449707,
17.919063568115234,
3.7720203399658203,
0.6458759307861328,
0.6039142608642578,
0.5822181701660156,
0.6070137023925781,
0.5087852478027344,
0.4258155822753906,
0.4458427429199219,
0.5211830139160156,
0.4038810729980469,
1.5878677368164062,
0.9908676147460938,
1.2857913970947266,
1.2972354888916016,
1.055002212524414,
0.9100437164306641,
1.5077590942382812,
2.989053726196289,
4.729032516479492,
6.534099578857422,
16.771793365478516,
1.3451576232910156,
1.2478828430175781,
8.81195068359375,
1.45721435546875,
1.1358261108398438,
1.664876937866211,
1.4467239379882812,
1.0809898376464844,
1.4510154724121094,
1.3720989227294922,
2.1920204162597656,
1.7690658569335938,
2.1038055419921875,
1.6818046569824219,
2.1779537200927734,
1.6858577728271484,
2.8607845306396484,
2.961874008178711,
2.6848316192626953,
2.1119117736816406,
2.3927688598632812,
2.1469593048095703,
1.3051033020019531,
2.3038387298583984,
1.7321109771728516,
2.084016799926758,
2.8121471405029297,
1.6281604766845703,
2.4161338806152344,
2.7840137481689453,
1.5690326690673828,
1.5749931335449219,
3.428220748901367,
2.068042755126953,
3.596067428588867,
2.4781227111816406,
1.8651485443115234,
1.3921260833740234,
2.08282470703125,
2.8030872344970703,
2.279996871948242,
3.569364547729492,
4.949331283569336,
4.669904708862305,
1.5900135040283203,
1.4541149139404297,
1.39617919921875,
1.6520023345947266,
2.3598670959472656,
2.1228790283203125,
2.2058486938476562,
1.993417739868164,
2.174854278564453,
1.6219615936279297,
1.6629695892333984,
2.254962921142578,
1.5630722045898438,
2.1810531616210938,
3.423929214477539,
2.2630691528320312,
3.1359195709228516,
2.846956253051758,
2.482175827026367,
2.7570724487304688,
4.293203353881836,
2.6929378509521484,
2.0399093627929688,
2.566814422607422,
1.627206802368164,
1.68609619140625,
3.228902816772461,
5.2947998046875,
3.0679702758789062,
3.9758682250976562,
3.1528472900390625,
4.245996475219727,
4.19306755065918,
4.151105880737305,
2.8700828552246094,
3.843069076538086,
2.3310184478759766,
2.5720596313476562,
2.5599002838134766,
1.878976821899414,
2.1369457244873047,
2.408742904663086,
1.9831657409667969,
4.7092437744140625,
2.643108367919922,
5.670785903930664,
1.8529891967773438,
2.92205810546875,
2.3050308227539062,
2.0570755004882812,
1.737356185913086,
2.012014389038086,
1.9490718841552734,
2.065896987915039,
1.7919540405273438,
1.8448829650878906,
1.3461112976074219,
1.4548301696777344,
1.461029052734375,
1.6551017761230469,
2.1712779998779297,
2.0799636840820312,
2.370119094848633,
1.6357898712158203,
1.3477802276611328,
3.036975860595703,
2.3801326751708984,
1.6460418701171875,
1.377105712890625,
1.3699531555175781,
1.6241073608398438,
1.9259452819824219,
1.600027084350586,
1.4681816101074219,
1.7638206481933594,
1.7189979553222656,
1.508951187133789,
1.4100074768066406,
1.6901493072509766,
1.74713134765625,
1.5716552734375,
2.3648738861083984,
2.9304027557373047,
2.1889209747314453,
1.8239021301269531,
1.4841556549072266,
1.7809867858886719,
1.9390583038330078,
2.0799636840820312,
1.8019676208496094,
4.423856735229492,
4.281759262084961,
1.859903335571289,
4.577159881591797,
2.003908157348633,
2.9358863830566406,
2.1712779998779297,
2.032041549682617,
1.5208721160888672,
3.142833709716797,
3.10516357421875,
1.9969940185546875,
1.730203628540039,
1.73187255859375,
2.7091503143310547,
3.4706592559814453,
2.1948814392089844,
1.3880729675292969,
1.7261505126953125,
1.4960765838623047,
1.4557838439941406,
1.9838809967041016,
3.0689239501953125,
2.9489994049072266,
2.7053356170654297,
2.3539066314697266,
1.6779899597167969,
1.712799072265625,
1.4989376068115234,
1.3387203216552734,
1.8529891967773438,
1.3649463653564453,
1.8939971923828125,
1.8088817596435547,
1.7750263214111328,
1.4421939849853516,
1.3539791107177734,
1.2011528015136719,
1.155853271484375,
1.9690990447998047,
1.6667842864990234,
1.6150474548339844,
1.3909339904785156,
1.7468929290771484,
1.6779899597167969,
1.3630390167236328,
1.2469291687011719,
1.0750293731689453,
1.5859603881835938,
1.5408992767333984,
2.7740001678466797,
3.2601356506347656,
1.7490386962890625,
2.2978782653808594,
2.9811859130859375,
2.3679733276367188,
1.7070770263671875,
1.5549659729003906,
1.463174819946289,
2.3610591888427734,
1.7573833465576172,
1.9519329071044922,
1.3461112976074219,
2.0751953125,
2.9828548431396484,
2.399921417236328,
3.635883331298828,
3.1838417053222656,
4.560232162475586,
1.909017562866211,
1.5909671783447266,
4.194974899291992,
4.309892654418945,
3.5011768341064453,
2.4662017822265625,
2.6519298553466797,
1.882791519165039,
3.690004348754883,
4.031896591186523,
3.8480758666992188,
3.5228729248046875,
3.081083297729492,
1.8918514251708984,
1.9981861114501953,
2.179861068725586,
1.7931461334228516,
1.8320083618164062,
1.7547607421875,
1.756906509399414,
2.0291805267333984,
2.029895782470703,
3.175020217895508,
2.4061203002929688,
1.6679763793945312,
1.8231868743896484,
1.9791126251220703,
1.8067359924316406,
4.715681076049805,
3.9589405059814453,
4.39906120300293,
2.7670860290527344,
3.137826919555664,
3.484964370727539,
4.294872283935547,
3.625154495239258,
1.5680789947509766,
5.018949508666992,
7.492780685424805,
5.331277847290039,
3.1659603118896484,
8.388757705688477,
5.053997039794922,
6.289958953857422,
2.0558834075927734,
2.3450851440429688,
2.440929412841797,
3.704071044921875,
3.518819808959961,
2.463102340698242,
2.264738082885742,
1.5401840209960938,
1.9342899322509766,
1.8000602722167969,
1.714944839477539,
0.8988380432128906,
1.0061264038085938,
1.1188983917236328,
1.3728141784667969,
1.783132553100586,
1.2853145599365234,
1.5168190002441406,
1.4770030975341797,
1.3942718505859375,
1.142740249633789,
1.508951187133789,
1.3608932495117188,
1.5230178833007812,
0.9961128234863281,
0.9801387786865234,
1.035928726196289,
3.081798553466797,
3.0159950256347656,
1.210927963256836,
1.2612342834472656,
1.402139663696289,
1.1749267578125,
1.5783309936523438,
0.8599758148193359,
1.2259483337402344,
0.9827613830566406,
1.1608600616455078,
1.1582374572753906,
1.138925552368164,
1.4531612396240234,
1.0728836059570312,
1.569986343383789,
2.602100372314453,
1.4560222625732422,
1.6989707946777344,
1.5411376953125,
1.5289783477783203,
1.6450881958007812,
3.058910369873047,
4.22978401184082,
2.627134323120117,
1.6009807586669922,
1.3959407806396484,
1.5249252319335938,
1.3768672943115234,
1.4231204986572266,
1.3408660888671875,
1.508951187133789,
1.6379356384277344,
1.9919872283935547,
3.453969955444336,
3.4809112548828125,
3.319978713989258,
2.2668838500976562,
3.2520294189453125,
2.5877952575683594,
1.9960403442382812,
1.6777515411376953,
1.596212387084961,
6.306171417236328,
5.934953689575195,
2.4809837341308594,
5.740880966186523,
2.4890899658203125,
2.4871826171875,
2.052783966064453,
1.7163753509521484,
1.978158950805664,
1.4939308166503906,
1.5950202941894531,
2.395153045654297,
2.4590492248535156,
1.773834228515625,
1.5788078308105469,
3.045320510864258,
2.969980239868164,
2.871990203857422,
3.9980411529541016,
2.5801658630371094,
2.0101070404052734,
1.7201900482177734,
1.940011978149414,
2.2211074829101562,
2.176046371459961,
1.4948844909667969,
1.7058849334716797,
2.456188201904297,
2.2280216217041016,
2.210855484008789,
2.206087112426758,
1.447916030883789,
1.6040802001953125,
2.7589797973632812,
3.1859874725341797,
2.0139217376708984,
2.0389556884765625,
2.0749568939208984,
1.5499591827392578,
2.399921417236328,
2.665996551513672,
2.1162033081054688,
2.6597976684570312,
2.599954605102539,
2.6197433471679688,
1.6150474548339844,
1.9268989562988281,
2.6421546936035156,
2.051830291748047,
2.460956573486328,
6.378889083862305,
6.524085998535156,
2.451181411743164,
2.413034439086914,
1.5408992767333984,
1.99127197265625,
2.0618438720703125,
1.9156932830810547,
1.8107891082763672,
3.8738250732421875,
2.6979446411132812,
4.411935806274414,
3.0989646911621094,
1.783132553100586,
1.7769336700439453,
1.505136489868164,
1.9938945770263672,
2.7239322662353516,
3.4110546112060547,
2.602815628051758,
1.8057823181152344,
2.6721954345703125,
1.9879341125488281,
3.7000179290771484,
2.7937889099121094,
2.8259754180908203,
2.123117446899414,
2.103090286254883,
1.5201568603515625,
1.9161701202392578,
2.610921859741211,
2.4268627166748047,
1.8391609191894531,
1.8222332000732422,
2.0301342010498047,
2.771139144897461,
2.485990524291992,
2.7670860290527344,
2.2830963134765625,
2.8009414672851562,
2.8040409088134766,
3.667116165161133,
1.89208984375,
1.995086669921875,
1.5549659729003906,
1.8498897552490234,
4.599094390869141,
4.736900329589844,
2.610921859741211,
1.7609596252441406,
1.8489360809326172,
3.0112266540527344,
2.3691654205322266,
2.63214111328125,
2.5718212127685547,
2.5451183319091797,
3.554105758666992,
3.329038619995117,
3.454923629760742,
4.051923751831055,
4.166841506958008,
2.7909278869628906,
1.6620159149169922,
3.0448436737060547,
4.739999771118164,
4.212856292724609,
2.605915069580078,
6.519079208374023,
3.427743911743164,
3.0841827392578125,
2.4290084838867188,
3.3600330352783203,
6.459951400756836,
3.080129623413086,
2.819061279296875,
5.592107772827148,
2.8412342071533203,
2.402067184448242,
17.807960510253906,
0.988006591796875,
0.7979869842529297,
0.7250308990478516,
0.6678104400634766,
0.7319450378417969,
1.5048980712890625,
4.504203796386719,
1.0941028594970703,
2.042055130004883,
2.5527477264404297,
0.9670257568359375,
0.9100437164306641,
0.8931159973144531,
0.8058547973632812,
2.3119449615478516,
2.4280548095703125,
3.8480758666992188,
2.51007080078125,
2.6578903198242188,
2.410888671875,
2.3598670959472656,
2.553701400756836,
1.920938491821289,
5.8040618896484375,
8.883953094482422,
6.660699844360352,
7.568120956420898,
4.024744033813477,
3.8650035858154297,
2.435922622680664,
2.4099349975585938,
2.927064895629883,
8.298635482788086,
8.560895919799805,
9.961128234863281,
2.8390884399414062,
2.674102783203125,
2.537965774536133,
1.8911361694335938,
1.8661022186279297,
1.9431114196777344,
1.5769004821777344,
2.187967300415039,
1.7330646514892578,
1.6949176788330078,
1.895904541015625,
2.3260116577148438,
1.676797866821289,
5.762815475463867,
2.736806869506836,
4.103183746337891,
2.2079944610595703,
2.7379989624023438,
2.3276805877685547,
3.3228397369384766,
3.194093704223633,
3.3028125762939453,
2.434968948364258,
2.22015380859375,
1.5492439270019531,
0.9710788726806641,
1.5208721160888672,
1.1610984802246094,
1.4319419860839844,
1.2040138244628906,
1.1110305786132812,
1.7998218536376953,
1.33514404296875,
1.4090538024902344,
1.3458728790283203,
1.33514404296875,
1.895904541015625,
1.1529922485351562,
1.7817020416259766,
1.873016357421875,
1.4688968658447266,
1.2421607971191406,
2.148866653442383,
2.012968063354492,
2.363920211791992,
1.422882080078125,
3.3311843872070312,
8.093118667602539,
9.424924850463867,
8.669853210449219,
5.013942718505859,
3.6950111389160156,
1.9431114196777344,
2.7358531951904297,
3.02886962890625,
3.901243209838867,
1.110076904296875,
10.95128059387207,
10.75291633605957,
4.57000732421875,
3.620147705078125,
4.077672958374023,
2.000093460083008,
1.9869804382324219,
1.5120506286621094,
1.1501312255859375,
0.8111000061035156,
1.5769004821777344,
1.0869503021240234,
2.2547245025634766,
1.4851093292236328,
7.179021835327148,
2.6068687438964844,
2.351045608520508,
2.6731491088867188,
2.7348995208740234,
2.5010108947753906,
41.36300086975098,
5.048036575317383,
0.6990432739257812,
0.6368160247802734,
0.6210803985595703,
0.579833984375,
0.6990432739257812,
0.9317398071289062,
0.762939453125,
1.0669231414794922,
0.5681514739990234,
0.5810260772705078,
2.151012420654297,
0.8857250213623047,
0.5910396575927734,
1.0542869567871094,
1.2869834899902344,
1.2691020965576172,
1.672983169555664,
0.5371570587158203,
0.7162094116210938,
0.5879402160644531,
0.6651878356933594,
0.8478164672851562,
0.9219646453857422,
0.8938312530517578,
1.6360282897949219,
3.379344940185547,
1.9350051879882812,
3.592252731323242,
41.58210754394531,
42.21391677856445,
43.46895217895508,
39.11614418029785,
42.00911521911621,
1.5230178833007812,
1.3051033020019531,
0.8111000061035156,
1.0709762573242188,
0.518798828125,
0.8540153503417969,
0.5168914794921875,
0.4742145538330078,
0.5691051483154297,
0.5900859832763672,
0.6358623504638672,
0.4038810729980469,
0.4589557647705078,
0.4811286926269531,
0.5052089691162109,
0.49114227294921875,
0.3581047058105469,
0.43487548828125,
0.3638267517089844,
0.4608631134033203,
0.5397796630859375,
0.5259513854980469,
0.5509853363037109,
0.5776882171630859,
0.6792545318603516,
0.8299350738525391,
0.5908012390136719,
0.5087852478027344,
0.45418739318847656,
0.9050369262695312,
0.8966922760009766,
1.0981559753417969,
1.024007797241211,
1.0178089141845703,
0.885009765625,
0.8339881896972656,
1.026153564453125,
0.8668899536132812,
0.720977783203125,
0.6079673767089844,
0.6098747253417969,
0.6678104400634766,
0.6339550018310547,
1.439809799194336,
0.8709430694580078,
0.8237361907958984,
0.5600452423095703,
0.8707046508789062,
1.194000244140625,
1.1529922485351562,
0.9698867797851562,
1.0323524475097656,
1.2352466583251953,
1.1408329010009766,
0.8399486541748047,
1.390218734741211,
1.8661022186279297,
1.6660690307617188,
1.5668869018554688,
1.363992691040039,
1.1529922485351562,
1.0268688201904297,
1.3628005981445312,
1.2249946594238281,
3.6432743072509766,
3.9300918579101562,
3.070831298828125,
3.7078857421875,
2.6848316192626953,
1.1110305786132812,
1.210927963256836,
1.5091896057128906,
1.4798641204833984,
1.2159347534179688,
1.2209415435791016,
1.3003349304199219,
1.4159679412841797,
1.0600090026855469,
1.4750957489013672,
1.4889240264892578,
1.1577606201171875,
1.0559558868408203,
1.1897087097167969,
1.5301704406738281,
1.5728473663330078,
1.5239715576171875,
1.5201568603515625,
1.1968612670898438,
1.4567375183105469,
1.4448165893554688,
3.5829544067382812,
4.068851470947266,
3.4482479095458984,
4.119157791137695,
2.3751258850097656,
3.2110214233398438,
3.7870407104492188,
3.8979053497314453,
2.7730464935302734,
1.4429092407226562,
1.5270709991455078,
1.7342567443847656,
2.3679733276367188,
2.0020008087158203,
5.237817764282227,
4.592180252075195,
5.311012268066406,
2.370119094848633,
3.074169158935547,
3.2720565795898438,
3.9491653442382812,
3.4973621368408203,
2.4650096893310547,
2.0270347595214844,
1.7061233520507812,
1.6641616821289062,
1.6548633575439453,
2.0258426666259766,
4.128932952880859,
4.068851470947266,
1.7852783203125,
1.7390251159667969,
1.3418197631835938,
1.3613700866699219,
1.7690658569335938,
1.554250717163086,
1.6248226165771484,
1.5189647674560547,
2.0711421966552734,
1.3241767883300781,
1.8849372863769531,
1.8832683563232422,
1.3539791107177734,
1.5342235565185547,
1.3470649719238281,
1.6140937805175781,
2.160787582397461,
3.8802623748779297,
3.902912139892578,
2.1927356719970703,
1.483917236328125,
1.4641284942626953,
3.3979415893554688,
2.629995346069336,
3.459930419921875,
2.911090850830078,
4.396915435791016,
3.125905990600586,
2.989053726196289,
2.343893051147461,
2.424955368041992,
2.2652149200439453,
3.142118453979492,
2.626180648803711,
3.4101009368896484,
3.3278465270996094,
2.753019332885742,
2.547025680541992,
1.7809867858886719,
4.367828369140625,
3.648042678833008,
4.414081573486328,
3.3111572265625,
2.565145492553711,
3.7276744842529297,
2.089977264404297,
1.7819404602050781,
2.232074737548828,
2.447843551635742,
1.6298294067382812,
2.618074417114258,
2.847909927368164,
2.5260448455810547,
2.6230812072753906,
3.123044967651367,
3.3037662506103516,
4.490852355957031,
2.0678043365478516,
2.9599666595458984,
3.8709640502929688,
3.4258365631103516,
2.348184585571289,
1.7588138580322266,
2.315044403076172,
5.340099334716797,
5.96928596496582,
4.785776138305664,
6.592988967895508,
4.436254501342773,
5.417108535766602,
4.348993301391602,
4.29224967956543,
3.7870407104492188,
6.533145904541016,
5.183935165405273,
6.623029708862305,
5.163669586181641,
1.2009143829345703,
1.9650459289550781,
2.1512508392333984,
1.5680789947509766,
2.3839473724365234,
2.4220943450927734,
1.310110092163086,
1.7926692962646484,
1.7499923706054688,
2.9687881469726562,
3.2248497009277344,
2.5300979614257812,
2.532958984375,
1.5571117401123047,
2.816915512084961,
1.8260478973388672,
8.486032485961914,
8.350849151611328,
2.0711421966552734,
2.8409957885742188,
2.3560523986816406,
1.2979507446289062,
4.008054733276367,
5.120992660522461,
1.50299072265625,
1.6551017761230469,
2.1131038665771484,
2.634286880493164,
2.3107528686523438,
1.6398429870605469,
1.4078617095947266,
3.8347244262695312,
1.5871524810791016,
1.5480518341064453,
0.9999275207519531,
3.3979415893554688,
3.874063491821289,
1.0571479797363281,
1.1019706726074219,
2.177000045776367,
1.9600391387939453,
4.446983337402344,
4.045963287353516,
2.4139881134033203,
4.998207092285156,
5.747079849243164,
6.376981735229492,
2.382040023803711,
1.9180774688720703,
2.522706985473633,
3.9949417114257812,
3.2320022583007812,
3.6208629608154297,
0.7839202880859375,
4.395008087158203,
4.110097885131836,
3.261089324951172,
1.6787052154541016,
2.653837203979492,
2.3980140686035156,
2.1321773529052734,
0.9570121765136719,
0.8599758148193359,
0.80108642578125,
0.865936279296875,
1.8150806427001953,
2.2001266479492188,
1.9588470458984375,
2.1331310272216797,
2.2249221801757812,
2.6559829711914062,
2.130270004272461,
1.4281272888183594,
2.425670623779297,
2.4220943450927734,
3.201723098754883,
2.2058486938476562,
6.162881851196289,
6.9751739501953125,
4.873037338256836,
2.334117889404297,
2.9942989349365234,
1.336812973022461,
4.566192626953125,
5.772113800048828,
5.96308708190918,
3.6809444427490234,
1.695871353149414,
1.2760162353515625,
1.628875732421875,
1.7521381378173828,
1.714944839477539,
3.332853317260742,
3.3349990844726562,
2.2759437561035156,
2.0759105682373047,
19.355058670043945,
27.796030044555664,
19.986391067504883,
0.8649826049804688,
0.7359981536865234,
0.7090568542480469,
0.55694580078125,
3.7469863891601562,
2.547025680541992,
2.701997756958008,
2.3212432861328125,
2.187967300415039,
1.3470649719238281,
1.0480880737304688,
0.9932518005371094,
1.0113716125488281,
1.5518665313720703,
1.4061927795410156,
2.171754837036133,
3.225088119506836,
3.387928009033203,
1.9710063934326172,
1.86920166015625,
3.7758350372314453,
3.690004348754883,
2.276897430419922,
2.2940635681152344,
4.179239273071289,
2.724885940551758,
7.322072982788086,
2.177000045776367,
1.0638236999511719,
0.9720325469970703,
1.9571781158447266,
2.3097991943359375,
1.9681453704833984,
1.3501644134521484,
6.955146789550781,
8.06283950805664,
8.077859878540039,
8.153200149536133,
4.997968673706055,
1.8413066864013672,
2.167224884033203,
1.9268989562988281,
2.0699501037597656,
2.1638870239257812,
1.3189315795898438,
2.0530223846435547,
1.8458366394042969,
2.4220943450927734,
2.044200897216797,
2.513885498046875,
2.941131591796875,
2.315044403076172,
3.551959991455078,
3.4308433532714844,
2.157926559448242,
0.8862018585205078,
1.8398761749267578,
1.3818740844726562,
1.7850399017333984,
1.5649795532226562,
2.2690296173095703,
1.8811225891113281,
2.2802352905273438,
2.0418167114257812,
2.5339126586914062,
1.5490055084228516,
1.6140937805175781,
13.538122177124023,
6.1130523681640625,
13.403892517089844,
2.2978782653808594,
4.617929458618164,
2.765178680419922,
0.7808208465576172,
1.8169879913330078,
1.6987323760986328,
2.254009246826172,
3.534078598022461,
5.86700439453125,
5.116939544677734,
2.5358200073242188,
3.528118133544922,
2.2819042205810547,
1.6999244689941406,
1.7180442810058594,
1.5459060668945312,
2.7189254760742188,
2.3839473724365234,
2.857208251953125,
4.127979278564453,
2.15911865234375,
2.457141876220703,
2.7611255645751953,
7.539033889770508,
3.21197509765625,
2.8998851776123047,
3.1402111053466797,
4.360198974609375,
15.146970748901367,
9.59324836730957,
1.1363029479980469,
0.7100105285644531,
0.8940696716308594,
0.8780956268310547,
0.8409023284912109,
0.9958744049072266,
0.8692741394042969,
0.6849765777587891,
1.0747909545898438,
0.7331371307373047,
0.9343624114990234,
1.291036605834961,
0.6129741668701172,
0.4811286926269531,
0.8161067962646484,
0.7827281951904297,
0.7679462432861328,
0.8237361907958984,
1.0502338409423828,
1.1017322540283203,
1.2860298156738281,
0.8919239044189453,
0.6389617919921875,
0.6909370422363281,
0.6740093231201172,
0.9131431579589844,
0.8709430694580078,
0.9031295776367188,
0.6890296936035156,
1.1858940124511719,
1.1730194091796875,
1.0199546813964844,
0.7691383361816406,
0.5729198455810547,
0.5881786346435547,
0.6306171417236328,
0.7979869842529297,
0.5218982696533203,
0.6539821624755859,
0.6010532379150391,
0.7948875427246094,
0.9281635284423828,
0.8809566497802734,
0.8649826049804688,
1.0068416595458984,
1.1668205261230469,
0.7028579711914062,
0.9360313415527344,
0.8399486541748047,
0.8029937744140625,
0.8578300476074219,
1.1639595031738281,
1.3461112976074219,
0.7808208465576172,
0.9462833404541016,
0.8420944213867188,
14.626026153564453,
11.078834533691406,
8.687973022460938,
11.137962341308594,
0.8480548858642578,
1.8568038940429688,
1.703023910522461,
0.8919239044189453,
1.251220703125,
1.1970996856689453,
0.6241798400878906,
0.5469322204589844,
0.4208087921142578,
0.46324729919433594,
0.5943775177001953,
0.518798828125,
0.37407875061035156,
0.4620552062988281,
0.6928443908691406,
0.5929470062255859,
0.5729198455810547,
0.579833984375,
0.888824462890625,
0.4839897155761719,
0.6561279296875,
0.6151199340820312,
0.614166259765625,
0.4169940948486328,
0.37598609924316406,
0.40912628173828125,
0.5338191986083984,
0.47707557678222656,
0.3647804260253906,
0.40078163146972656,
0.3719329833984375,
0.4010200500488281,
0.6110668182373047,
0.9942054748535156,
0.5319118499755859,
0.8139610290527344,
1.0678768157958984,
0.8409023284912109,
1.2290477752685547,
1.1751651763916016,
1.3568401336669922,
0.7107257843017578,
0.8819103240966797,
0.5998611450195312,
0.5619525909423828,
0.8361339569091797,
0.46825408935546875,
0.759124755859375,
0.8709430694580078,
1.428842544555664,
1.4147758483886719,
2.2420883178710938,
3.2389163970947266,
0.7879734039306641,
0.7398128509521484,
0.49877166748046875,
0.5469322204589844,
1.0638236999511719,
1.0170936584472656,
0.9248256683349609,
0.5948543548583984,
0.6690025329589844,
0.6787776947021484,
0.4761219024658203,
1.5380382537841797,
1.497030258178711,
0.9107589721679688,
0.843048095703125,
0.7660388946533203,
0.9050369262695312,
0.6759166717529297,
0.5848407745361328,
0.67901611328125,
0.5128383636474609,
1.230001449584961,
1.177072525024414,
1.3780593872070312,
0.942230224609375,
1.3680458068847656,
1.413106918334961,
1.0540485382080078,
0.843048095703125,
0.8068084716796875,
0.9510517120361328,
1.0449886322021484,
0.9942054748535156,
1.0089874267578125,
1.3310909271240234,
1.2831687927246094,
1.1568069458007812,
1.2269020080566406,
1.4679431915283203,
1.234292984008789,
1.6160011291503906,
1.5759468078613281,
0.7898807525634766,
0.9682178497314453,
0.9520053863525391,
1.0459423065185547,
0.823974609375,
0.7250308990478516,
1.2264251708984375,
0.8521080017089844,
0.8449554443359375,
1.0769367218017578,
1.2998580932617188,
1.9049644470214844,
0.713348388671875,
0.9391307830810547,
1.1088848114013672,
0.9732246398925781,
1.0402202606201172,
1.15203857421875,
1.09100341796875,
1.0950565338134766,
1.0399818420410156,
1.0170936584472656,
0.7729530334472656,
1.0569095611572266,
1.3582706451416016,
0.9431838989257812,
1.0287761688232422,
0.8671283721923828,
1.0051727294921875,
0.9758472442626953,
0.9930133819580078,
1.4262199401855469,
0.8628368377685547,
1.772165298461914,
2.0918846130371094,
1.0120868682861328,
0.9579658508300781,
1.2018680572509766,
0.8490085601806641,
1.222848892211914,
1.0349750518798828,
0.698089599609375,
1.7709732055664062,
2.084016799926758,
1.1782646179199219,
1.4526844024658203,
1.3582706451416016,
1.7473697662353516,
1.5017986297607422,
1.5633106231689453,
1.847982406616211,
1.6319751739501953,
1.5869140625,
1.5642642974853516,
1.3530254364013672,
1.486063003540039,
1.847982406616211,
1.9698143005371094,
3.57818603515625,
3.5431385040283203,
2.2683143615722656,
2.6960372924804688,
3.608226776123047,
2.7277469635009766,
1.8150806427001953,
3.010988235473633,
1.8298625946044922,
2.0051002502441406,
2.670764923095703,
2.5937557220458984,
2.5730133056640625,
2.001047134399414,
2.7341842651367188,
2.635955810546875,
1.9838809967041016,
1.54876708984375,
2.679109573364258,
2.485036849975586,
1.7609596252441406,
1.9481182098388672,
2.207040786743164,
1.9490718841552734,
2.5441646575927734,
2.681732177734375,
2.7260780334472656,
2.0952224731445312,
1.924753189086914,
1.6050338745117188,
2.1162033081054688,
2.1300315856933594,
3.780841827392578,
1.817941665649414,
1.837015151977539,
1.7337799072265625,
1.9271373748779297,
2.807140350341797,
2.7756690979003906,
3.2787322998046875,
8.016109466552734,
9.588003158569336,
2.3920536041259766,
3.1239986419677734,
2.7997493743896484,
1.5707015991210938,
1.9268989562988281,
1.837015151977539,
2.1169185638427734,
3.0510425567626953,
3.3578872680664062,
2.412080764770508,
2.131938934326172,
1.705169677734375,
1.5511512756347656,
1.8610954284667969,
1.67083740234375,
5.223751068115234,
3.149747848510742,
5.147218704223633,
2.2912025451660156,
4.595041275024414,
4.474878311157227,
4.395961761474609,
1.7549991607666016,
1.5530586242675781,
1.744985580444336,
1.4011859893798828,
1.3229846954345703,
1.363992691040039,
2.4149417877197266,
2.3932456970214844,
1.6541481018066406,
1.5087127685546875,
3.595113754272461,
2.6412010192871094,
4.67991828918457,
5.645990371704102,
3.348112106323242,
3.9741992950439453,
1.5461444854736328,
1.950979232788086,
2.7680397033691406,
2.4261474609375,
2.6917457580566406,
1.9469261169433594,
2.131938934326172,
1.992940902709961,
2.647876739501953,
1.9748210906982422,
2.2461414337158203,
2.3009777069091797,
1.8658638000488281,
2.0847320556640625,
1.8351078033447266,
1.5888214111328125,
1.989126205444336,
2.293109893798828,
1.8069744110107422,
1.6300678253173828,
1.722097396850586,
3.493070602416992,
2.991199493408203,
2.9931068420410156,
3.0388832092285156,
1.931905746459961,
2.225160598754883,
2.0058155059814453,
2.3102760314941406,
2.418041229248047,
2.2830963134765625,
2.2339820861816406,
2.2017955780029297,
1.806020736694336,
2.7952194213867188,
2.627134323120117,
2.4979114532470703,
1.5201568603515625,
1.4941692352294922,
1.8792152404785156,
2.640247344970703,
4.200935363769531,
4.39906120300293,
2.418041229248047,
2.79998779296875,
2.3679733276367188,
2.3870468139648438,
7.4558258056640625,
3.4339427947998047,
2.4690628051757812,
2.5322437286376953,
2.468109130859375,
2.397298812866211,
2.3322105407714844,
12.638092041015625,
9.901046752929688,
11.883974075317383,
3.5462379455566406,
7.171154022216797,
6.615161895751953,
3.704071044921875,
1.6369819641113281,
1.8377304077148438,
1.6472339630126953,
1.9109249114990234,
2.8929710388183594,
2.584218978881836,
2.5298595428466797,
3.367900848388672,
3.0460357666015625,
5.975961685180664,
5.733966827392578,
6.703853607177734,
7.046222686767578,
6.448984146118164,
5.22923469543457,
3.798961639404297,
2.936124801635742,
2.4080276489257812,
1.6450881958007812,
3.6079883575439453,
3.5130977630615234,
3.5169124603271484,
2.8531551361083984,
1.7769336700439453,
1.4481544494628906,
1.9693374633789062,
1.8630027770996094,
1.7421245574951172,
2.0439624786376953,
2.610921859741211,
3.1321048736572266,
5.43522834777832,
2.786874771118164,
7.941007614135742,
0.9372234344482422,
1.0738372802734375,
1.146078109741211,
0.8959770202636719,
1.7631053924560547,
1.294851303100586,
1.4650821685791016,
0.9901523590087891,
0.8702278137207031,
0.8947849273681641,
1.3208389282226562,
1.1699199676513672,
1.1370182037353516,
1.1441707611083984,
2.7489662170410156,
2.3920536041259766,
1.2350082397460938,
0.9679794311523438,
0.8251667022705078,
0.96893310546875,
1.4388561248779297,
0.8530616760253906,
1.0561943054199219,
1.1272430419921875,
1.0900497436523438,
0.8640289306640625,
1.6050338745117188,
1.3968944549560547,
1.9640922546386719,
1.4638900756835938,
1.4269351959228516,
1.50299072265625,
1.4798641204833984,
2.3632049560546875,
2.090930938720703,
1.2202262878417969,
1.2640953063964844,
1.2149810791015625,
1.4400482177734375,
1.1227130889892578,
0.8471012115478516,
1.1909008026123047,
1.5528202056884766,
1.3911724090576172,
1.2106895446777344,
2.1669864654541016,
1.1620521545410156,
2.7551651000976562,
1.4460086822509766,
1.1661052703857422,
0.8280277252197266,
0.8447170257568359,
0.7951259613037109,
1.7120838165283203,
1.8951892852783203,
1.7268657684326172,
1.5377998352050781,
1.5430450439453125,
1.1241436004638672,
1.0771751403808594,
0.8370876312255859,
1.7848014831542969,
1.1839866638183594,
1.5408992767333984,
0.8256435394287109,
0.8311271667480469,
0.7958412170410156,
0.8718967437744141,
0.7598400115966797,
0.8170604705810547,
1.332998275756836,
1.276254653930664,
1.116037368774414,
2.40325927734375,
1.0979175567626953,
0.9331703186035156,
3.7391185760498047,
3.3669471740722656,
2.317190170288086,
1.9989013671875,
1.203298568725586,
0.9961128234863281,
2.071857452392578,
1.77001953125,
2.0751953125,
1.8570423126220703,
1.8529891967773438,
1.4681816101074219,
1.6241073608398438,
0.9050369262695312,
0.9441375732421875,
3.721952438354492,
4.53495979309082,
4.083156585693359,
1.2688636779785156,
1.177072525024414,
1.0721683502197266,
1.0790824890136719,
0.8552074432373047,
1.0912418365478516,
1.2218952178955078,
1.6179084777832031,
1.489877700805664,
2.2461414337158203,
2.313852310180664,
1.4791488647460938,
2.210855484008789,
1.338958740234375,
1.708984375,
2.7849674224853516,
2.6350021362304688,
1.9769668579101562,
3.3957958221435547,
2.7959346771240234,
1.3098716735839844,
1.1279582977294922,
0.9982585906982422,
0.9768009185791016,
1.0318756103515625,
1.0848045349121094,
0.7319450378417969,
1.0287761688232422,
1.1022090911865234,
0.7259845733642578,
0.6799697875976562,
0.6060600280761719,
0.7538795471191406,
1.3751983642578125,
1.1320114135742188,
1.039743423461914,
0.8628368377685547,
1.1749267578125,
0.8633136749267578,
1.026153564453125,
1.1017322540283203,
1.0340213775634766,
2.063751220703125,
2.0401477813720703,
1.3129711151123047,
0.7538795471191406,
0.8058547973632812,
1.2710094451904297,
1.2249946594238281,
1.767873764038086,
1.276254653930664,
0.9388923645019531,
1.7962455749511719,
2.1431446075439453,
1.9390583038330078,
1.0941028594970703,
1.2369155883789062,
1.0080337524414062,
1.0390281677246094,
1.0499954223632812,
1.1048316955566406,
1.0082721710205078,
1.1057853698730469,
1.3880729675292969,
1.1949539184570312,
1.1568069458007812,
1.1222362518310547,
1.026153564453125,
1.0311603546142578,
1.007080078125,
1.2867450714111328,
1.56402587890625,
4.019975662231445,
2.4521350860595703,
2.428293228149414,
3.0858516693115234,
1.4538764953613281,
1.402139663696289,
1.2059211730957031,
1.6717910766601562,
1.6367435455322266,
1.1477470397949219,
1.230001449584961,
1.486063003540039,
1.77001953125,
1.6679763793945312,
1.6241073608398438,
0.9539127349853516,
2.8429031372070312,
2.9768943786621094,
1.6148090362548828,
2.0401477813720703,
2.001047134399414,
2.0542144775390625,
1.7080307006835938,
1.3079643249511719,
3.3447742462158203,
2.4907588958740234,
3.5047531127929688,
1.6238689422607422,
1.4789104461669922,
1.3508796691894531,
1.3439655303955078,
1.25885009765625,
1.4069080352783203,
1.6932487487792969,
1.5170574188232422,
1.519918441772461,
2.4518966674804688,
1.9271373748779297,
1.8858909606933594,
1.4677047729492188,
2.15911865234375,
2.1867752075195312,
3.0579566955566406,
1.497030258178711,
2.0270347595214844,
1.9707679748535156,
2.02178955078125,
2.0389556884765625,
2.0530223846435547,
1.6982555389404297,
1.5828609466552734,
2.0911693572998047,
1.8210411071777344,
2.3529529571533203,
1.5020370483398438,
1.519918441772461,
1.4069080352783203,
2.2649765014648438,
3.0059814453125,
3.116130828857422,
1.9071102142333984,
1.3358592987060547,
1.4810562133789062,
1.791238784790039,
1.6109943389892578,
1.6617774963378906,
1.9528865814208984,
1.973867416381836,
4.174947738647461,
4.995822906494141,
2.9358863830566406,
3.2036304473876953,
1.8112659454345703,
3.432035446166992,
1.9631385803222656,
1.9252300262451172,
1.6181468963623047,
1.6262531280517578,
1.9409656524658203,
2.115964889526367,
1.6460418701171875,
1.603841781616211,
1.9037723541259766,
2.0139217376708984,
1.9588470458984375,
1.4231204986572266,
1.9600391387939453,
1.8229484558105469,
1.7719268798828125,
1.4920234680175781,
1.6829967498779297,
2.1681785583496094,
1.8990039825439453,
1.8742084503173828,
1.7750263214111328,
1.9178390502929688,
1.943826675415039,
1.8460750579833984,
1.8491744995117188,
2.309083938598633,
3.0546188354492188,
2.980947494506836,
3.7832260131835938,
3.942728042602539,
2.414226531982422,
2.1347999572753906,
2.7189254760742188,
2.31170654296875,
4.98509407043457,
4.399776458740234,
4.329919815063477,
1.9829273223876953,
3.174304962158203,
4.633903503417969,
2.8319358825683594,
3.529071807861328,
3.4568309783935547,
4.05573844909668,
3.9517879486083984,
3.9649009704589844,
2.3109912872314453,
2.9449462890625,
3.847837448120117,
1.8112659454345703,
4.195690155029297,
4.701137542724609,
4.791975021362305,
2.5289058685302734,
2.1729469299316406,
2.7420520782470703,
2.6938915252685547,
1.9598007202148438,
2.198934555053711,
2.0020008087158203,
2.1240711212158203,
2.259969711303711,
2.9268264770507812,
2.440214157104492,
1.5530586242675781,
3.139972686767578,
3.139972686767578,
3.052949905395508,
3.592967987060547,
2.3980140686035156,
1.8088817596435547,
1.934051513671875,
1.9299983978271484,
1.9350051879882812,
1.2960433959960938,
2.2051334381103516,
2.7458667755126953,
2.095937728881836,
2.1409988403320312,
2.0961761474609375,
1.5871524810791016,
4.947900772094727,
5.224943161010742,
5.21397590637207,
5.606889724731445,
3.099203109741211,
1.9121170043945312,
1.313924789428711,
1.4088153839111328,
1.4350414276123047,
3.144979476928711,
3.113985061645508,
3.2939910888671875,
3.264904022216797,
2.9609203338623047,
2.7649402618408203,
1.8172264099121094,
1.7888545989990234,
1.447916030883789,
1.7659664154052734,
2.2242069244384766,
2.107858657836914,
2.2058486938476562,
2.1080970764160156,
1.682281494140625,
1.2798309326171875,
1.3849735260009766,
1.5821456909179688,
1.7151832580566406,
1.9960403442382812,
1.9741058349609375,
1.9390583038330078,
1.8169879913330078,
2.0940303802490234,
1.483917236328125,
2.6319026947021484,
2.538919448852539,
2.7878284454345703,
2.2628307342529297,
1.573324203491211,
1.3587474822998047,
3.134012222290039,
3.041982650756836,
2.216339111328125,
1.569986343383789,
2.0422935485839844,
2.7320384979248047,
2.0751953125,
2.357006072998047,
1.3911724090576172,
1.5401840209960938,
1.6021728515625,
3.854990005493164,
5.085945129394531,
2.680063247680664,
2.1209716796875,
2.0132064819335938,
1.947164535522461,
1.947164535522461,
1.9941329956054688,
2.2139549255371094,
1.6489028930664062,
1.767873764038086,
2.255678176879883,
2.026081085205078,
2.329111099243164,
2.602100372314453,
2.0918846130371094,
2.318143844604492,
3.3752918243408203,
1.9309520721435547,
4.607915878295898,
3.0977725982666016,
3.859281539916992,
2.249002456665039,
2.2106170654296875,
3.4809112548828125,
3.390073776245117,
2.1598339080810547,
4.257917404174805,
5.585908889770508,
3.7140846252441406,
2.207040786743164,
3.0078887939453125,
3.139972686767578,
3.033876419067383,
2.7692317962646484,
2.8159618377685547,
3.8750171661376953,
3.9958953857421875,
2.3648738861083984,
2.4139881134033203,
2.618074417114258,
1.8391609191894531,
2.218008041381836,
2.4890899658203125,
5.013942718505859,
2.2940635681152344,
2.414703369140625,
5.031108856201172,
14.319181442260742,
1.6939640045166016,
1.2488365173339844,
1.5261173248291016,
1.3430118560791016,
1.3308525085449219,
1.199960708618164,
1.3318061828613281,
0.9050369262695312,
0.9641647338867188,
1.924276351928711,
3.7126541137695312,
3.0260086059570312,
2.9592514038085938,
2.2771358489990234,
3.0570030212402344,
1.9199848175048828,
1.7621517181396484,
11.522054672241211,
6.66499137878418,
7.82012939453125,
2.8159618377685547,
3.983736038208008,
2.6831626892089844,
1.6379356384277344,
1.68609619140625,
1.5921592712402344,
1.544952392578125,
3.186941146850586,
2.357006072998047,
2.588987350463867,
3.242015838623047,
2.081155776977539,
12.436151504516602,
1.444101333618164,
0.7998943328857422,
0.7491111755371094,
1.3899803161621094,
1.2159347534179688,
1.1379718780517578,
2.3102760314941406,
2.537965774536133,
6.138801574707031,
5.8307647705078125,
3.651142120361328,
2.132892608642578,
3.2911300659179688,
3.7539005279541016,
16.631126403808594,
2.2439956665039062,
0.8661746978759766,
0.6222724914550781,
0.9937286376953125,
0.5011558532714844,
0.5681514739990234,
0.7810592651367188,
1.4767646789550781,
1.3937950134277344,
2.228975296020508,
0.84686279296875,
1.8999576568603516,
1.6298294067382812,
3.0028820037841797,
4.733085632324219,
10.03885269165039,
1.5730857849121094,
1.8701553344726562,
2.2652149200439453,
1.1892318725585938,
0.6120204925537109,
1.1057853698730469,
0.9138584136962891,
0.7810592651367188,
1.0051727294921875,
1.0559558868408203,
1.3251304626464844,
1.4791488647460938,
1.7740726470947266,
2.1011829376220703,
1.116037368774414,
1.4929771423339844,
1.1823177337646484,
1.1441707611083984,
1.2378692626953125,
1.8029212951660156,
5.505084991455078,
5.221128463745117,
1.7309188842773438,
2.9098987579345703,
2.8259754180908203,
1.8508434295654297,
1.4238357543945312,
1.5568733215332031,
1.7399787902832031,
1.497030258178711,
2.074003219604492,
1.9581317901611328,
1.8019676208496094,
2.596139907836914,
1.5821456909179688,
1.7158985137939453,
1.7600059509277344,
1.6791820526123047,
1.9812583923339844,
1.8780231475830078,
2.4390220642089844,
2.092123031616211,
2.109050750732422,
1.5132427215576172,
1.7306804656982422,
2.9981136322021484,
2.4712085723876953,
2.6388168334960938,
1.966238021850586,
2.0148754119873047,
2.721071243286133,
2.444028854370117,
1.4619827270507812,
2.7551651000976562,
3.664731979370117,
3.5691261291503906,
3.6971569061279297,
3.3888816833496094,
3.270864486694336,
3.2410621643066406,
2.0699501037597656,
2.479076385498047,
1.8019676208496094,
2.1932125091552734,
2.443075180053711,
2.0351409912109375,
2.1970272064208984,
1.7898082733154297,
2.0742416381835938,
5.502939224243164,
1.9960403442382812,
5.568981170654297,
1.3158321380615234,
1.1830329895019531,
1.7199516296386719,
1.7173290252685547,
1.4772415161132812,
1.5740394592285156,
1.8610954284667969,
1.8019676208496094,
1.5480518341064453,
1.5101432800292969,
1.6808509826660156,
1.5649795532226562,
1.7042160034179688,
2.385854721069336,
1.9118785858154297,
2.368927001953125,
2.413034439086914,
2.6721954345703125,
2.4106502532958984,
2.2339820861816406,
2.7718544006347656,
2.5060176849365234,
2.6988983154296875,
1.8620491027832031,
2.170085906982422,
1.8508434295654297,
2.2149085998535156,
2.4318695068359375,
2.4907588958740234,
1.9099712371826172,
3.561258316040039,
4.791021347045898,
6.078958511352539,
6.091833114624023,
4.246950149536133,
3.6318302154541016,
2.2211074829101562,
3.3769607543945312,
2.05230712890625,
2.238035202026367,
3.590106964111328,
4.437923431396484,
3.131866455078125,
3.915548324584961,
2.125978469848633,
1.7778873443603516,
1.3010501861572266,
27.881860733032227,
3.033161163330078,
3.0138492584228516,
3.654956817626953,
29.67095375061035,
1.1892318725585938,
2.7370452880859375,
1.4612674713134766,
2.254009246826172,
1.6269683837890625,
1.6100406646728516,
1.8231868743896484,
1.9369125366210938,
2.050161361694336,
1.9409656524658203,
1.766204833984375,
9.199857711791992,
9.672880172729492,
6.28209114074707,
6.309747695922852,
6.981849670410156,
6.683826446533203,
5.308866500854492,
6.824970245361328,
17.82083511352539,
8.129596710205078,
9.450912475585938,
0.759124755859375,
1.0368824005126953,
1.667022705078125,
1.2409687042236328,
2.9680728912353516,
1.3740062713623047,
0.576019287109375,
1.67083740234375,
1.3480186462402344,
1.1870861053466797,
1.3422966003417969,
1.4181137084960938,
2.719879150390625,
1.5039443969726562,
0.7076263427734375,
34.789085388183594,
35.56108474731445,
36.58699989318848,
31.18300437927246,
0.6809234619140625,
0.9119510650634766,
0.7219314575195312,
0.6899833679199219,
0.6918907165527344,
0.5998611450195312,
1.1713504791259766,
0.9658336639404297,
1.2233257293701172,
1.161813735961914,
1.3549327850341797,
1.3277530670166016,
0.9930133819580078,
0.865936279296875,
0.7379055023193359,
0.6437301635742188,
0.6289482116699219,
0.4611015319824219,
0.46706199645996094,
0.5247592926025391,
0.5228519439697266,
1.0192394256591797,
1.001119613647461,
0.9820461273193359,
0.7729530334472656,
0.8151531219482422,
0.7171630859375,
0.7579326629638672,
0.7250308990478516,
0.7250308990478516,
1.3706684112548828,
1.5969276428222656,
0.8249282836914062,
0.5180835723876953,
0.6897449493408203,
0.6399154663085938,
0.5860328674316406,
0.5271434783935547,
0.7178783416748047,
0.6961822509765625,
0.9248256683349609,
0.8890628814697266,
0.6489753723144531,
0.6451606750488281,
0.5528926849365234,
0.5960464477539062,
0.8623600006103516,
0.8370876312255859,
0.6661415100097656,
0.4978179931640625,
0.9589195251464844,
1.9359588623046875,
24.842023849487305,
24.790048599243164,
43.066978454589844,
42.665958404541016,
41.00990295410156,
41.57829284667969,
18.590211868286133,
19.9129581451416,
41.268110275268555,
0.9999275207519531,
0.9100437164306641,
0.5331039428710938,
0.5519390106201172,
1.512765884399414,
1.4219284057617188,
1.2559890747070312,
1.4960765838623047,
0.6289482116699219,
0.6091594696044922,
0.9012222290039062,
1.0631084442138672,
1.5959739685058594,
1.4159679412841797,
1.3277530670166016,
10.560989379882812,
11.895895004272461,
9.166240692138672,
3.008127212524414,
1.5110969543457031,
2.0499229431152344,
2.446889877319336,
2.2039413452148438,
2.154111862182617,
2.1600723266601562,
1.2731552124023438,
1.615762710571289,
1.4536380767822266,
2.0439624786376953,
1.1608600616455078,
1.2328624725341797,
1.4290809631347656,
1.1858940124511719,
1.8260478973388672,
1.6236305236816406,
2.1982192993164062,
2.305746078491211,
3.280162811279297,
3.256082534790039,
4.408121109008789,
4.199981689453125,
3.679037094116211,
2.888202667236328,
7.142066955566406,
6.435871124267578,
54.68416213989258,
56.90479278564453,
6.825923919677734,
9.565114974975586,
0.8897781372070312,
0.7960796356201172,
0.5900859832763672,
0.6930828094482422,
0.7119178771972656,
0.7011890411376953,
0.5240440368652344,
0.476837158203125,
0.4589557647705078,
0.5707740783691406,
0.8170604705810547,
0.8230209350585938,
0.5018711090087891,
0.8471012115478516,
0.8032321929931641,
0.7839202880859375,
0.5338191986083984,
0.4680156707763672,
1.5239715576171875,
1.5289783477783203,
0.4627704620361328,
0.5209445953369141,
0.5848407745361328,
0.9028911590576172,
1.1718273162841797,
0.7290840148925781,
0.5140304565429688,
0.4680156707763672,
1.007080078125,
1.0221004486083984,
0.6668567657470703,
0.7028579711914062,
0.637054443359375,
0.6041526794433594,
0.8380413055419922,
0.9760856628417969,
44.70109939575195,
4.714012145996094,
4.178285598754883,
0.7159709930419922,
0.6442070007324219,
0.8420944213867188,
1.4348030090332031,
0.8780956268310547,
1.1548995971679688,
1.4362335205078125,
0.7081031799316406,
0.762939453125,
1.0266304016113281,
1.3148784637451172,
0.7390975952148438,
0.6978511810302734,
0.5261898040771484,
0.67901611328125,
0.659942626953125,
1.0638236999511719,
0.47588348388671875,
0.4630088806152344,
0.5071163177490234,
0.5810260772705078,
0.4901885986328125,
0.5891323089599609,
0.5490779876708984,
0.5056858062744141,
0.5741119384765625,
0.6039142608642578,
2.1932125091552734,
1.313924789428711,
1.043081283569336,
0.9760856628417969,
0.9019374847412109,
2.0940303802490234,
1.8849372863769531,
1.1746883392333984,
2.010822296142578,
1.3241767883300781,
1.898050308227539,
1.5349388122558594,
1.714944839477539,
1.6629695892333984,
16.129016876220703,
3.288745880126953,
5.657196044921875,
5.5141448974609375,
6.980180740356445,
2.6857852935791016,
1.1031627655029297,
1.3031959533691406,
1.5633106231689453,
1.3382434844970703,
1.7592906951904297,
8.582115173339844,
4.501104354858398,
5.43212890625,
3.184795379638672,
4.505157470703125,
5.732059478759766,
2.9697418212890625,
4.241943359375,
2.3717880249023438,
1.8839836120605469,
1.6071796417236328,
1.2271404266357422,
1.2869834899902344,
1.168966293334961,
1.9578933715820312,
1.8231868743896484,
1.4700889587402344,
1.3229846954345703,
2.8009414672851562,
2.7589797973632812,
1.3599395751953125,
1.416921615600586,
1.1560916900634766,
1.280069351196289,
1.5227794647216797,
1.2600421905517578,
1.2264251708984375,
0.9667873382568359,
1.1489391326904297,
1.2531280517578125,
1.6818046569824219,
1.3611316680908203,
7.005929946899414,
9.657144546508789,
8.32509994506836,
2.544879913330078,
9.613990783691406,
9.346961975097656,
11.446952819824219,
2.4149417877197266,
2.6030540466308594,
3.278970718383789,
2.3508071899414062,
11.406898498535156,
10.889291763305664,
12.03012466430664,
11.75689697265625,
1.3577938079833984,
1.827239990234375,
1.2400150299072266,
1.0700225830078125,
2.3310184478759766,
2.5680065155029297,
3.7050247192382812,
2.404928207397461,
2.730131149291992,
3.7190914154052734,
2.930879592895508,
2.8421878814697266,
2.222776412963867,
2.9172897338867188,
2.973318099975586,
2.5331974029541016,
2.264738082885742,
2.053976058959961,
4.538774490356445,
4.771232604980469,
2.894878387451172,
1.8160343170166016,
2.894163131713867,
4.13203239440918,
3.341197967529297,
2.4390220642089844,
1.2879371643066406,
0.8821487426757812,
1.9409656524658203,
2.3550987243652344,
2.104043960571289,
1.4472007751464844,
7.230997085571289,
7.543087005615234,
3.7937164306640625,
3.7260055541992188,
1.641988754272461,
1.8038749694824219,
1.867055892944336,
2.4929046630859375,
1.341104507446289,
2.531766891479492,
1.8298625946044922,
2.454996109008789,
2.319812774658203,
0.8559226989746094,
1.0149478912353516,
1.071929931640625,
0.8492469787597656,
3.131866455078125,
1.7499923706054688,
0.9257793426513672,
1.1200904846191406,
1.0399818420410156,
1.432180404663086,
1.2853145599365234,
1.1188983917236328,
1.6200542449951172,
1.2023448944091797,
1.6257762908935547,
1.8990039825439453,
1.5420913696289062,
1.255035400390625,
1.394033432006836,
1.4662742614746094,
1.2979507446289062,
0.8151531219482422,
0.8320808410644531,
2.7670860290527344,
3.3948421478271484,
1.8076896667480469,
1.7910003662109375,
1.7750263214111328,
1.2888908386230469,
0.6809234619140625,
0.7519721984863281,
0.8280277252197266,
0.8170604705810547,
0.7529258728027344,
0.7448196411132812,
1.6260147094726562,
2.1619796752929688,
1.8420219421386719,
1.8191337585449219,
0.9009838104248047,
1.461029052734375,
1.4400482177734375,
1.421213150024414,
0.9839534759521484,
0.9579658508300781,
0.904083251953125,
1.3799667358398438,
1.2652873992919922,
1.1110305786132812,
1.4181137084960938,
2.1080970764160156,
1.8172264099121094,
0.9870529174804688,
2.580404281616211,
3.0510425567626953,
2.5911331176757812,
2.513885498046875,
1.2559890747070312,
3.1189918518066406,
3.087759017944336,
3.325939178466797,
2.553224563598633,
2.6769638061523438,
1.0187625885009766,
1.0111331939697266,
1.4379024505615234,
1.313924789428711,
1.5521049499511719,
1.1069774627685547,
1.444101333618164,
1.300811767578125,
4.718780517578125,
2.640962600708008,
5.19871711730957,
1.138925552368164,
2.173900604248047,
1.4560222625732422,
1.9772052764892578,
2.6788711547851562,
1.7180442810058594,
1.7766952514648438,
1.1360645294189453,
0.8230209350585938,
0.7810592651367188,
0.9109973907470703,
1.6260147094726562,
1.3229846954345703,
0.7889270782470703,
0.9012222290039062,
1.007080078125,
0.8361339569091797,
0.9808540344238281,
0.9920597076416016,
0.8490085601806641,
0.8916854858398438,
0.8409023284912109,
0.8089542388916016,
0.8089542388916016,
1.0690689086914062,
0.9279251098632812,
1.0838508605957031,
0.9601116180419922,
1.2478828430175781,
1.516103744506836,
1.283884048461914,
1.3818740844726562,
1.1382102966308594,
1.6210079193115234,
2.0599365234375,
2.357959747314453,
2.4871826171875,
1.9283294677734375,
1.6522407531738281,
1.1780261993408203,
1.260995864868164,
1.1279582977294922,
1.1839866638183594,
1.085042953491211,
1.3880729675292969,
3.370046615600586,
3.6859512329101562,
1.5671253204345703,
1.445770263671875,
0.9088516235351562,
1.1191368103027344,
0.8711814880371094,
1.0540485382080078,
1.6100406646728516,
1.5208721160888672,
1.4503002166748047,
1.425027847290039,
1.3358592987060547,
0.9908676147460938,
1.1200904846191406,
1.1630058288574219,
1.15203857421875,
0.8480548858642578,
1.5912055969238281,
2.0837783813476562,
1.4328956604003906,
1.1761188507080078,
2.2809505462646484,
2.838134765625,
2.6166439056396484,
3.8449764251708984,
2.0971298217773438,
2.1610260009765625,
2.122163772583008,
1.7442703247070312,
2.1359920501708984,
1.64031982421875,
1.52587890625,
1.5597343444824219,
1.6717910766601562,
1.470327377319336,
1.531839370727539,
2.062082290649414,
2.991199493408203,
2.029895782470703,
1.363992691040039,
1.544952392578125,
1.5110969543457031,
1.8858909606933594,
2.0339488983154297,
4.504680633544922,
4.4040679931640625,
2.9740333557128906,
2.972126007080078,
1.9378662109375,
2.974987030029297,
2.9897689819335938,
2.0668506622314453,
3.996133804321289,
3.7140846252441406,
3.450155258178711,
2.1409988403320312,
2.8526782989501953,
2.7081966400146484,
1.7480850219726562,
2.7658939361572266,
2.3708343505859375,
3.2792091369628906,
2.6330947875976562,
2.6149749755859375,
2.691030502319336,
3.161191940307617,
4.15802001953125,
2.357959747314453,
3.1671524047851562,
1.3799667358398438,
1.486063003540039,
2.095937728881836,
2.0780563354492188,
2.0530223846435547,
2.052783966064453,
2.0880699157714844,
1.4810562133789062,
1.4390945434570312,
2.1941661834716797,
2.20489501953125,
2.215862274169922,
2.3093223571777344,
2.3698806762695312,
1.5959739685058594,
1.3692378997802734,
1.544952392578125,
1.7418861389160156,
1.4541149139404297,
1.4967918395996094,
4.658937454223633,
1.851797103881836,
1.7309188842773438,
1.4371871948242188,
1.4331340789794922,
2.9311180114746094,
3.022909164428711,
2.026081085205078,
1.950979232788086,
2.2420883178710938,
2.3038387298583984,
2.0051002502441406,
2.368927001953125,
3.0150413513183594,
2.1851062774658203,
3.1800270080566406,
2.6590824127197266,
2.8040409088134766,
2.6090145111083984,
2.660989761352539,
1.8010139465332031,
2.0418167114257812,
1.737833023071289,
1.8038749694824219,
1.2826919555664062,
0.9510517120361328,
1.0039806365966797,
1.249074935913086,
1.3377666473388672,
1.4438629150390625,
1.8811225891113281,
1.2807846069335938,
2.301931381225586,
3.1490325927734375,
2.5212764739990234,
2.285003662109375,
1.730203628540039,
3.07464599609375,
2.7942657470703125,
2.601146697998047,
11.773109436035156,
13.10586929321289,
3.1321048736572266,
0.8151531219482422,
0.7171630859375,
0.6742477416992188,
1.7728805541992188,
0.6089210510253906,
0.5786418914794922,
2.012968063354492,
1.7549991607666016,
1.4331340789794922,
1.2578964233398438,
1.5869140625,
2.274036407470703,
1.497030258178711,
1.2578964233398438,
1.589059829711914,
2.0241737365722656,
2.6149749755859375,
1.9121170043945312,
1.8711090087890625,
2.628803253173828,
0.9667873382568359,
0.9579658508300781,
0.9868144989013672,
1.9419193267822266,
1.6901493072509766,
1.2829303741455078,
2.2220611572265625,
2.412080764770508,
1.4231204986572266,
0.9150505065917969,
1.8620491027832031,
1.706838607788086,
1.5070438385009766,
1.264810562133789,
1.31988525390625,
1.6870498657226562,
1.6832351684570312,
1.5099048614501953,
1.538991928100586,
1.2023448944091797,
2.4008750915527344,
0.9458065032958984,
1.2049674987792969,
1.6789436340332031,
0.9610652923583984,
1.6739368438720703,
1.3470649719238281,
1.0380744934082031,
4.199981689453125,
1.3072490692138672,
1.985788345336914,
1.0118484497070312,
1.0080337524414062,
3.027200698852539,
2.8839111328125,
2.5458335876464844,
1.4290809631347656,
22.418975830078125,
2.608776092529297,
3.8149356842041016,
0.8189678192138672,
1.2941360473632812,
0.9961128234863281,
0.8652210235595703,
1.2898445129394531,
2.614736557006836,
4.353046417236328,
2.3839473724365234,
1.931905746459961,
2.2919178009033203,
3.117084503173828,
4.538059234619141,
2.489805221557617,
2.4912357330322266,
18.165111541748047,
0.9510517120361328,
1.0449886322021484,
0.8449554443359375,
0.5960464477539062,
0.7650852203369141,
0.7739067077636719,
1.1301040649414062,
0.5540847778320312,
0.5340576171875,
0.6818771362304688,
0.6780624389648438,
0.7967948913574219,
0.7798671722412109,
0.6020069122314453,
1.0519027709960938,
0.9801387786865234,
1.7542839050292969,
0.9310245513916016,
4.865884780883789,
6.379127502441406,
3.0519962310791016,
2.029895782470703,
1.9638538360595703,
2.148866653442383,
1.9259452819824219,
2.123117446899414,
2.0148754119873047,
1.3802051544189453,
2.607107162475586,
2.626180648803711,
1.817941665649414,
3.397226333618164,
2.1440982818603516,
3.4439563751220703,
1.374959945678711,
1.873016357421875,
1.7740726470947266,
1.8339157104492188,
3.068208694458008,
5.143165588378906,
3.721952438354492,
3.9627552032470703,
4.208087921142578,
2.1886825561523438,
2.2830963134765625,
2.583026885986328,
2.3910999298095703,
2.5959014892578125,
2.892017364501953,
3.6602020263671875,
1.7330646514892578,
1.6970634460449219,
1.8131732940673828,
2.0630359649658203,
2.216815948486328,
2.729177474975586,
3.5910606384277344,
2.079010009765625,
2.1219253540039062,
1.5718936920166016,
4.00996208190918,
1.8889904022216797,
2.470254898071289,
3.0989646911621094,
3.8361549377441406,
3.7360191345214844,
2.807140350341797,
2.622842788696289,
1.8649101257324219,
1.9981861114501953,
2.3980140686035156,
2.0852088928222656,
3.667116165161133,
3.3419132232666016,
2.807140350341797,
2.0608901977539062,
2.4230480194091797,
2.3910999298095703,
2.428293228149414,
2.414226531982422,
1.714944839477539,
1.6078948974609375,
1.64794921875,
1.4410018920898438,
1.0561943054199219,
1.3279914855957031,
1.291036605834961,
1.4431476593017578,
1.767873764038086,
2.765655517578125,
1.8820762634277344,
2.4268627166748047,
3.8869380950927734,
1.997232437133789,
2.190113067626953,
1.7709732055664062,
2.170085906982422,
4.344940185546875,
4.184722900390625,
3.099203109741211,
1.6219615936279297,
2.4161338806152344,
2.446889877319336,
2.5887489318847656,
1.6210079193115234,
2.5200843811035156,
2.4061203002929688,
5.422115325927734,
5.211830139160156,
5.743980407714844,
5.808115005493164,
3.3719539642333984,
2.492189407348633,
3.0007362365722656,
2.405881881713867,
2.173900604248047,
1.6210079193115234,
2.0232200622558594,
1.8041133880615234,
1.8970966339111328,
2.930879592895508,
4.332065582275391,
2.9909610748291016,
2.6607513427734375,
3.4499168395996094,
5.394935607910156,
3.1261444091796875,
4.62794303894043,
6.265878677368164,
7.6618194580078125,
8.594989776611328,
8.497238159179688,
3.4711360931396484,
2.9392242431640625,
1.4679431915283203,
1.664876937866211,
3.6292076110839844,
3.7560462951660156,
5.466938018798828,
6.496906280517578,
3.0400753021240234,
2.5877952575683594,
1.8610954284667969,
0.9748935699462891,
2.3992061614990234,
2.379179000854492,
2.272367477416992,
1.0180473327636719,
1.4171600341796875,
1.3539791107177734,
1.0809898376464844,
2.6810169219970703,
1.3806819915771484,
2.054929733276367,
4.224061965942383,
5.136013031005859,
1.8830299377441406,
1.4557838439941406,
2.682924270629883,
5.856037139892578,
3.0820369720458984,
2.5510787963867188,
1.7681121826171875,
1.6026496887207031,
2.105712890625,
1.8918514251708984,
1.1289119720458984,
0.8449554443359375,
1.1091232299804688,
1.8138885498046875,
1.1799335479736328,
0.9028911590576172,
1.3499259948730469,
1.4300346374511719,
1.2619495391845703,
1.0828971862792969,
1.5859603881835938,
0.9701251983642578,
1.5192031860351562,
1.5058517456054688,
1.4851093292236328,
2.374887466430664,
1.5149116516113281,
1.657724380493164,
3.720998764038086,
0.9999275207519531,
1.207590103149414,
1.3020038604736328,
10.303020477294922,
8.74185562133789,
3.773212432861328,
5.869150161743164,
1.3129711151123047,
1.3301372528076172,
1.1630058288574219,
0.8308887481689453,
1.0478496551513672,
1.0571479797363281,
2.282857894897461,
2.390623092651367,
2.897024154663086,
2.8340816497802734,
2.5107860565185547,
1.1739730834960938,
1.1179447174072266,
1.5900135040283203,
1.332998275756836,
1.7600059509277344,
10.88094711303711,
5.842924118041992,
6.710052490234375,
9.453773498535156,
10.502099990844727,
0.9849071502685547,
0.9379386901855469,
0.8289813995361328,
0.782012939453125,
2.254962921142578,
2.1820068359375,
1.8398761749267578,
1.7359256744384766,
1.1303424835205078,
0.7009506225585938,
0.8580684661865234,
0.8320808410644531,
0.8511543273925781,
1.1577606201171875,
1.2059211730957031,
2.2721290588378906,
2.2962093353271484,
1.8439292907714844,
2.683877944946289,
1.7368793487548828,
1.0149478912353516,
1.0120868682861328,
0.8559226989746094,
1.0139942169189453,
0.6890296936035156,
2.9449462890625,
2.6340484619140625,
1.8372535705566406,
1.6167163848876953,
1.0929107666015625,
6.789207458496094,
7.065057754516602,
6.036996841430664,
5.889177322387695,
4.0340423583984375,
3.5309791564941406,
2.538919448852539,
5.094051361083984,
4.973173141479492,
3.543853759765625,
1.7080307006835938,
2.1600723266601562,
1.4500617980957031,
0.8418560028076172,
1.0600090026855469,
0.823974609375,
0.8339881896972656,
0.7688999176025391,
5.037784576416016,
5.331993103027344,
3.122091293334961,
0.9570121765136719,
9.168863296508789,
4.813909530639648,
9.195089340209961,
5.542755126953125,
9.122133255004883,
2.0051002502441406,
3.2639503479003906,
3.1461715698242188,
1.0309219360351562,
1.8889904022216797,
1.873016357421875,
1.516103744506836,
1.027822494506836,
0.5850791931152344,
0.6248950958251953,
0.7138252258300781,
0.4730224609375,
0.8428096771240234,
1.0521411895751953,
0.6678104400634766,
0.6542205810546875,
0.5512237548828125,
0.7600784301757812,
0.8981227874755859,
0.5891323089599609,
0.7579326629638672,
0.5838871002197266,
0.7600784301757812,
0.5638599395751953,
0.5261898040771484,
0.4837512969970703,
0.7579326629638672,
0.7441043853759766,
0.6880760192871094,
0.5559921264648438,
0.5309581756591797,
0.4992485046386719,
1.1892318725585938,
0.6699562072753906,
0.7901191711425781,
0.5061626434326172,
0.5619525909423828,
0.5471706390380859,
0.4715919494628906,
0.47707557678222656,
0.5269050598144531,
0.5071163177490234,
0.5199909210205078,
0.5030632019042969,
0.47016143798828125,
0.5459785461425781,
0.45800209045410156,
0.6709098815917969,
0.6139278411865234,
0.5588531494140625,
0.5388259887695312,
0.5381107330322266,
0.7581710815429688,
0.7450580596923828,
0.6647109985351562,
0.6690025329589844,
0.6098747253417969,
0.5328655242919922,
0.5159378051757812,
0.74005126953125,
0.7009506225585938,
0.5931854248046875,
0.5719661712646484,
0.5898475646972656,
1.0099411010742188,
0.7827281951904297,
0.8301734924316406,
0.9562969207763672,
0.7410049438476562,
1.0139942169189453,
1.2340545654296875,
0.7219314575195312,
0.9829998016357422,
1.1191368103027344,
0.7710456848144531,
1.6849040985107422,
0.9868144989013672,
0.8208751678466797,
0.7491111755371094,
1.0480880737304688,
0.9100437164306641,
0.7097721099853516,
0.9479522705078125,
0.9810924530029297,
1.3589859008789062,
1.627206802368164,
1.444101333618164,
1.1568069458007812,
1.081228256225586,
1.4500617980957031,
1.0497570037841797,
0.8237361907958984,
0.8578300476074219,
0.8080005645751953,
0.8580684661865234,
0.8711814880371094,
0.7472038269042969,
0.8051395416259766,
0.7309913635253906,
0.881195068359375,
1.0142326354980469,
1.0080337524414062,
1.2722015380859375,
0.5888938903808594,
0.5409717559814453,
0.576019287109375,
0.7588863372802734,
0.6921291351318359,
0.8740425109863281,
0.762939453125,
0.5478858947753906,
0.7741451263427734,
0.6620883941650391,
0.8769035339355469,
1.0330677032470703,
1.2590885162353516,
0.598907470703125,
0.8251667022705078,
1.2011528015136719,
0.9579658508300781,
1.4431476593017578,
1.0728836059570312,
1.5218257904052734,
1.0728836059570312,
1.1339187622070312,
1.1026859283447266,
1.3592243194580078,
0.9081363677978516,
0.8587837219238281,
0.9970664978027344,
0.9100437164306641,
0.9777545928955078,
1.3229846954345703,
1.2710094451904297,
0.9672641754150391,
0.9000301361083984,
1.3039112091064453,
1.2650489807128906,
1.2547969818115234,
1.0249614715576172,
0.9782314300537109,
0.92315673828125,
0.9827613830566406,
0.9620189666748047,
1.0612010955810547,
1.119852066040039,
1.2030601501464844,
1.008749008178711,
0.9958744049072266,
0.9827613830566406,
0.9331703186035156,
0.8907318115234375,
0.9129047393798828,
1.2042522430419922,
1.2090206146240234,
1.4951229095458984,
0.9012222290039062,
0.9248256683349609,
1.0890960693359375,
0.9899139404296875,
1.191854476928711,
1.0769367218017578,
1.0328292846679688,
0.9958744049072266,
1.3623237609863281,
1.844167709350586,
1.135110855102539,
1.2390613555908203,
1.130819320678711,
1.3768672943115234,
2.370119094848633,
2.8429031372070312,
1.74713134765625,
1.069784164428711,
1.1630058288574219,
1.3480186462402344,
1.2459754943847656,
1.2669563293457031,
1.0461807250976562,
1.2769699096679688,
1.8780231475830078,
1.6651153564453125,
1.9321441650390625,
1.9693374633789062,
2.3717880249023438,
1.8696784973144531,
1.1830329895019531,
1.5900135040283203,
1.5239715576171875,
1.210927963256836,
0.8990764617919922,
1.2049674987792969,
1.0929107666015625,
0.9160041809082031,
0.8070468902587891,
0.8988380432128906,
0.8220672607421875,
0.8599758148193359,
1.7578601837158203,
1.6748905181884766,
1.3480186462402344,
0.8192062377929688,
1.1060237884521484,
1.0187625885009766,
1.1749267578125,
1.397848129272461,
1.4636516571044922,
1.1930465698242188,
0.9758472442626953,
0.8082389831542969,
0.9479522705078125,
0.9357929229736328,
1.232147216796875,
1.1410713195800781,
3.80706787109375,
4.349946975708008,
4.166841506958008,
3.6230087280273438,
1.840829849243164,
1.2769699096679688,
1.2030601501464844,
1.3320446014404297,
1.6298294067382812,
2.3500919342041016,
2.306699752807617,
1.0759830474853516,
1.992940902709961,
2.4728775024414062,
1.516103744506836,
1.0020732879638672,
0.9872913360595703,
0.8711814880371094,
0.9520053863525391,
3.8461685180664062,
3.4627914428710938,
4.641056060791016,
2.8078556060791016,
2.0401477813720703,
1.5499591827392578,
1.3120174407958984,
1.783132553100586,
1.0259151458740234,
1.2221336364746094,
1.1577606201171875,
1.0099411010742188,
1.8389225006103516,
3.6859512329101562,
4.424095153808594,
3.100156784057617,
0.9448528289794922,
1.3768672943115234,
1.8880367279052734,
1.5950202941894531,
0.9431838989257812,
0.7762908935546875,
1.2290477752685547,
1.1799335479736328,
0.8919239044189453,
1.9130706787109375,
1.844167709350586,
1.2319087982177734,
0.9958744049072266,
0.8158683776855469,
0.8740425109863281,
1.4078617095947266,
1.25885009765625,
1.0628700256347656,
1.1630058288574219,
2.1610260009765625,
0.8590221405029297,
1.6179084777832031,
3.5560131072998047,
3.0241012573242188,
2.946138381958008,
2.5849342346191406,
2.4261474609375,
2.229928970336914,
1.89208984375,
0.9918212890625,
0.8368492126464844,
0.7417201995849609,
0.7879734039306641,
0.7541179656982422,
0.9150505065917969,
1.3737678527832031,
0.9050369262695312,
0.9930133819580078,
1.5151500701904297,
1.4736652374267578,
1.4848709106445312,
1.4662742614746094,
0.9570121765136719,
0.9348392486572266,
1.046895980834961,
1.1718273162841797,
0.9319782257080078,
0.9799003601074219,
1.1150836944580078,
0.8857250213623047,
0.9322166442871094,
1.0349750518798828,
1.0769367218017578,
0.9248256683349609,
1.2972354888916016,
1.2052059173583984,
1.1320114135742188,
1.9791126251220703,
1.3840198516845703,
1.3790130615234375,
1.21307373046875,
1.5821456909179688,
1.332998275756836,
2.131938934326172,
4.208087921142578,
2.2096633911132812,
1.5811920166015625,
1.4510154724121094,
2.093791961669922,
1.6970634460449219,
1.5017986297607422,
1.4541149139404297,
1.619100570678711,
1.628875732421875,
2.177000045776367,
1.8208026885986328,
2.457857131958008,
1.5392303466796875,
2.8657913208007812,
2.811908721923828,
2.379894256591797,
2.318143844604492,
2.4149417877197266,
1.672983169555664,
1.91497802734375,
1.9130706787109375,
2.039194107055664,
2.290010452270508,
2.0291805267333984,
2.4309158325195312,
2.0599365234375,
1.5971660614013672,
1.7609596252441406,
1.4820098876953125,
1.661062240600586,
2.2430419921875,
2.267122268676758,
2.2783279418945312,
1.6798973083496094,
2.2840499877929688,
2.543210983276367,
1.6007423400878906,
1.5270709991455078,
1.7359256744384766,
2.048969268798828,
3.049135208129883,
2.8810501098632812,
2.946138381958008,
2.5920867919921875,
1.664876937866211,
1.5668869018554688,
4.190921783447266,
1.8041133880615234,
1.8279552459716797,
1.7230510711669922,
1.5323162078857422,
3.206014633178711,
2.0411014556884766,
2.5849342346191406,
2.595186233520508,
3.039121627807617,
3.043651580810547,
2.354860305786133,
2.228975296020508,
3.139972686767578,
1.653909683227539,
2.1948814392089844,
3.3011436462402344,
2.6090145111083984,
2.6450157165527344,
2.234220504760742,
1.8820762634277344,
2.638101577758789,
1.7848014831542969,
1.7790794372558594,
1.9311904907226562,
2.9249191284179688,
2.685070037841797,
2.1538734436035156,
3.0126571655273438,
3.3037662506103516,
3.095865249633789,
1.9207000732421875,
2.061128616333008,
3.3311843872070312,
3.366231918334961,
2.7120113372802734,
2.0868778228759766,
2.507925033569336,
2.67791748046875,
3.468036651611328,
1.8720626831054688,
2.7151107788085938,
2.834796905517578,
3.0241012573242188,
3.2088756561279297,
2.7289390563964844,
3.3779144287109375,
2.4340152740478516,
6.099939346313477,
3.062009811401367,
2.8350353240966797,
3.632068634033203,
3.900289535522461,
4.255056381225586,
3.9701461791992188,
2.485036849975586,
1.7628669738769531,
2.498149871826172,
4.217863082885742,
4.444122314453125,
2.2420883178710938,
1.8527507781982422,
1.741647720336914,
2.234220504760742,
6.285190582275391,
7.528781890869141,
6.749868392944336,
4.561901092529297,
5.4378509521484375,
3.8390159606933594,
4.471063613891602,
2.7310848236083984,
5.285739898681641,
6.537914276123047,
7.544040679931641,
7.856845855712891,
2.0232200622558594,
2.730846405029297,
1.3608932495117188,
1.19781494140625,
1.7249584197998047,
1.6980171203613281,
2.3241043090820312,
1.867055892944336,
1.7271041870117188,
6.348133087158203,
8.597135543823242,
2.701997756958008,
4.219770431518555,
2.666950225830078,
2.300262451171875,
2.071857452392578,
1.2860298156738281,
2.104043960571289,
3.531932830810547,
4.7359466552734375,
2.777099609375,
5.693912506103516,
6.752967834472656,
3.5581588745117188,
3.2110214233398438,
3.4189224243164062,
1.5900135040283203,
1.4150142669677734,
1.0020732879638672,
1.1281967163085938,
2.5942325592041016,
4.156827926635742,
5.485057830810547,
2.4421215057373047,
3.3550262451171875,
2.2017955780029297,
3.1321048736572266,
3.000020980834961,
1.566171646118164,
2.3050308227539062,
1.070261001586914,
1.5707015991210938,
2.0978450775146484,
1.4750957489013672,
1.5039443969726562,
1.1839866638183594,
1.0080337524414062,
1.8157958984375,
1.0950565338134766,
1.3430118560791016,
4.903078079223633,
8.012056350708008,
1.3968944549560547,
0.7648468017578125,
0.8540153503417969,
0.9360313415527344,
1.1930465698242188,
1.2459754943847656,
0.8859634399414062,
1.2619495391845703,
2.4497509002685547,
2.3300647735595703,
1.516580581665039,
2.7687549591064453,
1.0590553283691406,
0.6270408630371094,
0.9088516235351562,
0.7140636444091797,
0.9648799896240234,
0.7891654968261719,
0.9348392486572266,
1.1599063873291016,
1.3880729675292969,
2.2079944610595703,
1.878976821899414,
1.397848129272461,
1.7468929290771484,
2.184152603149414,
2.502918243408203,
2.4788379669189453,
1.6829967498779297,
3.4749507904052734,
2.193927764892578,
1.1608600616455078,
0.8111000061035156,
1.631021499633789,
1.5900135040283203,
2.3200511932373047,
2.2020339965820312,
1.4328956604003906,
2.403736114501953,
1.3020038604736328,
1.4591217041015625,
1.6469955444335938,
1.5208721160888672,
1.8298625946044922,
3.0431747436523438,
2.8519630432128906,
1.399993896484375,
1.6722679138183594,
1.1019706726074219,
0.9589195251464844,
0.8513927459716797,
1.2049674987792969,
1.329183578491211,
1.5518665313720703,
1.0118484497070312,
2.355813980102539,
1.2118816375732422,
2.827882766723633,
1.5130043029785156,
1.4238357543945312,
1.3699531555175781,
1.4319419860839844,
1.3592243194580078,
1.3189315795898438,
1.7821788787841797,
1.3179779052734375,
1.809835433959961,
1.5320777893066406,
1.508951187133789,
1.8839836120605469,
1.5730857849121094,
1.54876708984375,
1.5780925750732422,
1.5101432800292969,
1.8780231475830078,
1.3751983642578125,
1.2819766998291016,
1.7459392547607422,
1.2218952178955078,
1.7800331115722656,
2.32696533203125,
2.306222915649414,
1.5223026275634766,
1.1861324310302734,
2.5649070739746094,
2.569913864135742,
2.3801326751708984,
2.103090286254883,
1.3251304626464844,
3.1430721282958984,
3.876924514770508,
4.907846450805664,
2.8600692749023438,
1.1048316955566406,
1.0592937469482422,
1.0819435119628906,
2.3169517517089844,
3.408193588256836,
2.3860931396484375,
2.290964126586914,
2.0492076873779297,
2.5739669799804688,
1.4128684997558594,
1.7020702362060547,
3.7250518798828125,
1.461029052734375,
3.7260055541992188,
1.3880729675292969,
1.4879703521728516,
1.0569095611572266,
3.741025924682617,
4.143238067626953,
2.7332305908203125,
5.445957183837891,
4.165172576904297,
2.958059310913086,
2.088785171508789,
1.8589496612548828,
2.4518966674804688,
1.2197494506835938,
1.1548995971679688,
1.50299072265625,
1.0609626770019531,
1.5349388122558594,
1.3670921325683594,
1.5380382537841797,
1.9338130950927734,
1.8188953399658203,
2.450227737426758,
3.373861312866211,
2.920866012573242,
2.454996109008789,
3.8073062896728516,
1.9409656524658203,
15.742778778076172,
16.521215438842773,
2.4840831756591797,
3.9010047912597656,
1.7180442810058594,
1.055002212524414,
1.1639595031738281,
1.0957717895507812,
2.682924270629883,
2.035856246948242,
4.62794303894043,
5.667924880981445,
4.915952682495117,
6.949901580810547,
33.889055252075195,
6.757974624633789,
35.92395782470703,
0.6928443908691406,
0.5888938903808594,
0.5171298980712891,
0.6556510925292969,
0.5419254302978516,
0.4990100860595703,
0.5457401275634766,
0.4851818084716797,
0.5550384521484375,
0.7131099700927734,
0.7197856903076172,
0.6039142608642578,
0.720977783203125,
1.0197162628173828,
0.6277561187744141,
0.5891323089599609,
0.6442070007324219,
0.7967948913574219,
0.8251667022705078,
0.7569789886474609,
0.6930828094482422,
0.7429122924804688,
0.6611347198486328,
1.5900135040283203,
2.0821094512939453,
2.092123031616211,
31.404972076416016,
30.889034271240234,
33.136844635009766,
28.14006805419922,
0.7550716400146484,
0.5638599395751953,
0.7898807525634766,
0.743865966796875,
0.5550384521484375,
0.6847381591796875,
0.6768703460693359,
0.7700920104980469,
0.9279251098632812,
0.7240772247314453,
0.9751319885253906,
0.8668899536132812,
0.4069805145263672,
0.6327629089355469,
0.5908012390136719,
0.5462169647216797,
1.5919208526611328,
0.8649826049804688,
0.49304962158203125,
0.5681514739990234,
0.6420612335205078,
0.6692409515380859,
0.5922317504882812,
0.5900859832763672,
0.5419254302978516,
0.7281303405761719,
0.4799365997314453,
0.7159709930419922,
0.6880760192871094,
0.8521080017089844,
0.8211135864257812,
1.5239715576171875,
1.196146011352539,
1.4650821685791016,
1.3439655303955078,
1.2612342834472656,
1.329183578491211,
1.2309551239013672,
1.0368824005126953,
1.1589527130126953,
2.9709339141845703,
2.913951873779297,
1.953125,
3.2410621643066406,
2.490997314453125,
2.0647048950195312,
3.651142120361328,
2.0220279693603516,
1.628875732421875,
1.438140869140625,
1.789093017578125,
2.1398067474365234,
1.6436576843261719,
2.2802352905273438,
2.048015594482422,
1.6551017761230469,
2.0008087158203125,
2.376079559326172,
2.9942989349365234,
1.7740726470947266,
4.850864410400391,
1.9698143005371094,
1.5139579772949219,
2.7627944946289062,
1.2018680572509766,
0.9279251098632812,
1.6951560974121094,
1.1167526245117188,
1.2919902801513672,
2.2170543670654297,
1.3010501861572266,
1.9919872283935547,
7.248163223266602,
5.53584098815918,
7.251262664794922,
4.307985305786133,
7.0037841796875,
6.904840469360352,
7.418155670166016,
2.552032470703125,
1.009225845336914,
1.4019012451171875,
1.2679100036621094,
1.0590553283691406,
1.024007797241211,
1.0020732879638672,
0.8740425109863281,
1.847982406616211,
1.7321109771728516,
1.6930103302001953,
1.4948844909667969,
0.9911060333251953,
2.9060840606689453,
2.2559165954589844,
1.5900135040283203,
46.279191970825195,
47.08290100097656,
0.885009765625,
0.9112358093261719,
0.6558895111083984,
0.5838871002197266,
0.4940032958984375,
0.6499290466308594,
0.6327629089355469,
0.6058216094970703,
1.497030258178711,
1.4598369598388672,
0.6279945373535156,
0.6251335144042969,
0.4830360412597656,
0.7002353668212891,
1.4090538024902344,
29.63399887084961,
29.09111976623535,
28.9609432220459,
2.6199817657470703,
1.9598007202148438,
1.6529560089111328,
2.193927764892578,
2.160787582397461,
1.2979507446289062,
1.15203857421875,
1.2700557708740234,
0.9527206420898438,
0.9500980377197266,
1.6770362854003906,
1.7867088317871094,
2.710103988647461,
2.8040409088134766,
2.0380020141601562,
2.665996551513672,
2.3479461669921875,
2.290010452270508,
1.9559860229492188,
2.404928207397461,
2.361774444580078,
2.7582645416259766,
3.058195114135742,
2.4597644805908203,
2.3012161254882812,
2.157926559448242,
1.9707679748535156,
1.8367767333984375,
2.574920654296875,
1.8248558044433594,
1.9729137420654297,
2.107858657836914,
1.7960071563720703,
1.5439987182617188,
1.287221908569336,
1.2888908386230469,
1.898050308227539,
1.7268657684326172,
3.5791397094726562,
4.205942153930664,
4.48918342590332,
1.3580322265625,
1.4069080352783203,
1.3930797576904297,
1.486063003540039,
1.9767284393310547,
2.155780792236328,
2.5768280029296875,
3.5920143127441406,
2.4640560150146484,
2.135038375854492,
1.6551017761230469,
2.285003662109375,
1.5938282012939453,
1.5430450439453125,
1.767873764038086,
5.5789947509765625,
3.511190414428711,
4.426002502441406,
2.4492740631103516,
1.847982406616211,
2.187013626098633,
2.441883087158203,
3.091096878051758,
4.148006439208984,
3.847837448120117,
3.4050941467285156,
2.6929378509521484,
3.5419464111328125,
6.123065948486328,
4.0760040283203125,
5.511045455932617,
5.0449371337890625,
4.145145416259766,
2.672910690307617,
1.7592906951904297,
2.802133560180664,
2.2721290588378906,
1.3971328735351562,
1.585245132446289,
3.5729408264160156,
4.523992538452148,
4.215002059936523,
2.740144729614258,
1.7688274383544922,
1.7900466918945312,
1.4469623565673828,
1.9512176513671875,
1.7778873443603516,
3.1108856201171875,
3.187894821166992,
2.4788379669189453,
2.2516250610351562,
2.2521018981933594,
3.158092498779297,
1.956939697265625,
1.7359256744384766,
1.9838809967041016,
2.125978469848633,
3.008127212524414,
1.7578601837158203,
1.8122196197509766,
1.4410018920898438,
1.5332698822021484,
2.3179054260253906,
4.971981048583984,
2.2568702697753906,
3.1948089599609375,
2.1839141845703125,
1.8820762634277344,
1.416921615600586,
1.4209747314453125,
1.4138221740722656,
1.6503334045410156,
2.2509098052978516,
1.4410018920898438,
1.348257064819336,
3.445148468017578,
3.237009048461914,
3.4759044647216797,
2.3071765899658203,
1.0802745819091797,
2.7229785919189453,
1.6090869903564453,
3.5881996154785156,
1.5721321105957031,
4.616975784301758,
1.6219615936279297,
1.7180442810058594,
3.262042999267578,
2.730846405029297,
3.167867660522461,
3.1478404998779297,
2.2766590118408203,
4.222869873046875,
1.1012554168701172,
1.2891292572021484,
1.1138916015625,
0.8561611175537109,
1.415252685546875,
1.3391971588134766,
1.2159347534179688,
2.7680397033691406,
0.8702278137207031,
1.878976821899414,
1.3511180877685547,
1.8219947814941406,
1.6429424285888672,
1.1379718780517578,
1.8148422241210938,
1.0318756103515625,
1.3890266418457031,
2.9211044311523438,
2.3107528686523438,
1.6701221466064453,
1.455068588256836,
1.306772232055664,
1.0919570922851562,
0.942230224609375,
0.8702278137207031,
1.1260509490966797,
1.0161399841308594,
2.7840137481689453,
3.04412841796875,
2.727985382080078,
1.1889934539794922,
1.1010169982910156,
2.1860599517822266,
2.050161361694336,
1.8260478973388672,
1.2049674987792969,
1.0046958923339844,
2.6013851165771484,
1.1620521545410156,
0.8459091186523438,
0.6201267242431641,
0.4889965057373047,
0.8301734924316406,
0.8599758148193359,
0.5977153778076172,
0.7259845733642578,
0.7658004760742188,
0.5159378051757812,
0.7112026214599609,
0.6301403045654297,
0.7710456848144531,
1.013040542602539,
0.8461475372314453,
0.5860328674316406,
0.7150173187255859,
0.6320476531982422,
0.4978179931640625,
0.6361007690429688,
0.4811286926269531,
0.4940032958984375,
0.5409717559814453,
0.7009506225585938,
0.7250308990478516,
1.435995101928711,
1.3039112091064453,
0.8521080017089844,
1.0819435119628906,
0.8959770202636719,
0.8220672607421875,
0.820159912109375,
0.8490085601806641,
0.8840560913085938,
1.0418891906738281,
1.3802051544189453,
1.310110092163086,
1.7359256744384766,
1.1279582977294922,
0.9481906890869141,
1.4920234680175781,
1.4181137084960938,
1.3890266418457031,
1.2688636779785156,
0.7312297821044922,
0.8802413940429688,
2.427816390991211,
2.3720264434814453,
0.7588863372802734,
0.8966922760009766,
0.8358955383300781,
0.8318424224853516,
1.0077953338623047,
1.1310577392578125,
0.96893310546875,
0.6868839263916016,
0.8111000061035156,
0.8599758148193359,
0.965118408203125,
1.1229515075683594,
1.1372566223144531,
0.8411407470703125,
0.8237361907958984,
0.8051395416259766,
0.8220672607421875,
0.90789794921875,
0.7429122924804688,
0.6961822509765625,
1.528024673461914,
0.8311271667480469,
3.7310123443603516,
2.6481151580810547,
1.2390613555908203,
3.023862838745117,
2.332925796508789,
1.085042953491211,
0.7040500640869141,
0.6749629974365234,
0.6258487701416016,
0.8041858673095703,
0.7510185241699219,
1.0459423065185547,
1.386880874633789,
2.196073532104492,
2.1147727966308594,
1.371145248413086,
1.2159347534179688,
1.2121200561523438,
3.1816959381103516,
4.021883010864258,
1.699209213256836,
1.7900466918945312,
2.1440982818603516,
2.758026123046875,
2.5751590728759766,
2.6214122772216797,
2.6481151580810547,
3.428936004638672,
3.117084503173828,
2.933025360107422,
2.7239322662353516,
2.4139881134033203,
2.040863037109375,
2.022981643676758,
2.0987987518310547,
2.482175827026367,
2.6650428771972656,
3.1349658966064453,
5.277872085571289,
2.492189407348633,
4.069805145263672,
2.6319026947021484,
2.3398399353027344,
2.9189586639404297,
1.9140243530273438,
1.6570091247558594,
1.9748210906982422,
2.218961715698242,
2.148866653442383,
1.8270015716552734,
2.6161670684814453,
3.2701492309570312,
4.1980743408203125,
2.5527477264404297,
1.7590522766113281,
1.9059181213378906,
1.4071464538574219,
1.4812946319580078,
1.8832683563232422,
2.167224884033203,
2.177715301513672,
9.999990463256836,
10.812044143676758,
3.098011016845703,
1.9047260284423828,
2.7747154235839844,
2.0198822021484375,
2.86102294921875,
2.6559829711914062,
2.3348331451416016,
2.4688243865966797,
1.912832260131836,
3.1180381774902344,
3.5440921783447266,
2.6252269744873047,
2.4750232696533203,
2.275228500366211,
2.2346973419189453,
3.893613815307617,
3.229856491088867,
2.9289722442626953,
2.5110244750976562,
2.7589797973632812,
4.912853240966797,
2.6979446411132812,
3.957033157348633,
1.3799667358398438,
3.345966339111328,
3.1630992889404297,
5.136728286743164,
1.6911029815673828,
2.652883529663086,
1.779794692993164,
2.501249313354492,
1.402139663696289,
1.8579959869384766,
1.67083740234375,
1.5499591827392578,
2.4499893188476562,
2.3980140686035156,
2.499818801879883,
3.566741943359375,
1.6813278198242188,
3.2181739807128906,
1.8360614776611328,
2.192974090576172,
2.1986961364746094,
4.529237747192383,
2.1309852600097656,
2.311229705810547,
2.809762954711914,
1.7006397247314453,
2.1190643310546875,
1.9202232360839844,
1.9910335540771484,
1.7349720001220703,
1.7118453979492188,
1.9502639770507812,
2.093076705932617,
2.1538734436035156,
2.975940704345703,
2.9039382934570312,
2.2630691528320312,
1.9249916076660156,
2.234935760498047,
2.298116683959961,
2.1088123321533203,
2.402067184448242,
2.3910999298095703,
2.156972885131836,
2.910137176513672,
2.270221710205078,
2.093791961669922,
3.567934036254883,
2.1538734436035156,
4.202127456665039,
3.930807113647461,
2.4900436401367188,
2.170085906982422,
1.6481876373291016,
1.7979145050048828,
3.0241012573242188,
3.902912139892578,
3.4508705139160156,
2.270221710205078,
2.2089481353759766,
2.0461082458496094,
1.9130706787109375,
3.4477710723876953,
3.183126449584961,
2.5267601013183594,
6.531000137329102,
3.1838417053222656,
1.997232437133789,
2.6578903198242188,
2.9599666595458984,
2.390146255493164,
2.8519630432128906,
2.9959678649902344,
2.2656917572021484,
1.7769336700439453,
1.737833023071289,
1.2869834899902344,
2.149820327758789,
2.0990371704101562,
3.300905227661133,
3.0291080474853516,
1.8191337585449219,
2.1262168884277344,
2.382040023803711,
3.1239986419677734,
3.305196762084961,
3.343820571899414,
1.880645751953125,
1.7688274383544922,
1.6350746154785156,
1.6400814056396484,
2.0749568939208984,
2.1131038665771484,
3.2689571380615234,
3.403902053833008,
3.3898353576660156,
2.5169849395751953,
3.4067630767822266,
2.7620792388916016,
2.6199817657470703,
1.852273941040039,
3.698110580444336,
4.269838333129883,
3.3299922943115234,
4.015207290649414,
3.3309459686279297,
2.0110607147216797,
2.2232532501220703,
2.5119781494140625,
1.9960403442382812,
2.195119857788086,
2.6679039001464844,
3.4248828887939453,
2.379179000854492,
4.534006118774414,
5.2490234375,
2.744913101196289,
1.7428398132324219,
1.506805419921875,
2.441883087158203,
1.973867416381836,
1.6789436340332031,
1.7049312591552734,
1.7440319061279297,
1.9459724426269531,
1.8701553344726562,
1.953125,
2.2809505462646484,
2.012968063354492,
2.0689964294433594,
2.99072265625,
4.073858261108398,
4.012823104858398,
2.130270004272461,
2.8150081634521484,
2.8159618377685547,
2.811908721923828,
1.940011978149414,
3.0689239501953125,
2.833127975463867,
2.7272701263427734,
2.6061534881591797,
2.870798110961914,
2.529144287109375,
2.446889877319336,
2.744913101196289,
2.214193344116211,
1.8780231475830078,
2.8352737426757812,
2.736806869506836,
3.0341148376464844,
3.0710697174072266,
2.4001598358154297,
1.7650127410888672,
1.9309520721435547,
2.5069713592529297,
1.6067028045654297,
1.7268657684326172,
1.3661384582519531,
1.6629695892333984,
1.6436576843261719,
1.3289451599121094,
5.731821060180664,
2.974987030029297,
1.7502307891845703,
2.1529197692871094,
1.6510486602783203,
3.4248828887939453,
3.621816635131836,
2.368927001953125,
3.622293472290039,
3.628969192504883,
1.8579959869384766,
2.4728775024414062,
2.254962921142578,
3.233671188354492,
2.4709701538085938,
2.8460025787353516,
4.112005233764648,
3.139019012451172,
3.0548572540283203,
2.7320384979248047,
2.290010452270508,
2.7468204498291016,
2.541780471801758,
1.7762184143066406,
1.4567375183105469,
2.9401779174804688,
1.7161369323730469,
2.1638870239257812,
2.1390914916992188,
1.8341541290283203,
2.32696533203125,
1.8932819366455078,
1.6808509826660156,
1.867055892944336,
1.767873764038086,
4.696130752563477,
4.626750946044922,
4.472970962524414,
3.434896469116211,
1.9350051879882812,
2.7768611907958984,
3.6458969116210938,
2.541065216064453,
10.430097579956055,
11.24715805053711,
5.034923553466797,
3.0579566955566406,
2.5849342346191406,
1.7468929290771484,
1.5110969543457031,
2.0360946655273438,
2.4390220642089844,
3.531932830810547,
2.9702186584472656,
5.795955657958984,
5.908012390136719,
2.8378963470458984,
1.1091232299804688,
1.7971992492675781,
1.5978813171386719,
1.0340213775634766,
1.2607574462890625,
1.0039806365966797,
1.7638206481933594,
1.51824951171875,
1.3267993927001953,
0.9343624114990234,
1.1792182922363281,
2.7060508728027344,
2.8617382049560547,
2.919912338256836,
2.229928970336914,
1.5711784362792969,
1.7848014831542969,
1.9059181213378906,
2.1140575408935547,
2.9532909393310547,
1.9690990447998047,
1.4629364013671875,
1.6393661499023438,
1.4352798461914062,
9.10806655883789,
9.129047393798828,
10.603189468383789,
4.741907119750977,
1.4798641204833984,
1.3539791107177734,
1.4700889587402344,
3.6699771881103516,
3.3631324768066406,
3.3440589904785156,
1.0848045349121094,
3.292083740234375,
5.106925964355469,
1.8889904022216797,
1.7189979553222656,
1.0440349578857422,
1.4388561248779297,
2.5691986083984375,
1.9330978393554688,
1.8181800842285156,
1.4338493347167969,
10.49494743347168,
1.9059181213378906,
2.386808395385742,
0.7920265197753906,
1.6961097717285156,
1.257181167602539,
1.687765121459961,
0.9047985076904297,
1.399993896484375,
2.017974853515625,
2.3598670959472656,
14.30821418762207,
3.3490657806396484,
4.348993301391602,
0.8559226989746094,
0.6489753723144531,
0.6070137023925781,
0.5660057067871094,
0.7159709930419922,
0.759124755859375,
0.7281303405761719,
0.5660057067871094,
1.4319419860839844,
1.0349750518798828,
2.2268295288085938,
1.435995101928711,
2.863168716430664,
2.977132797241211,
2.4650096893310547,
4.645347595214844,
2.201080322265625,
1.7588138580322266,
2.238035202026367,
3.7670135498046875,
1.4719963073730469,
2.151012420654297,
1.8432140350341797,
2.640247344970703,
2.18963623046875,
1.409769058227539,
0.6208419799804688,
0.5970001220703125,
0.6940364837646484,
0.9028911590576172,
0.8449554443359375,
0.7767677307128906,
0.5409717559814453,
0.6511211395263672,
0.6229877471923828,
0.7212162017822266,
1.3811588287353516,
1.3968944549560547,
1.3911724090576172,
2.907991409301758,
2.3882389068603516,
3.2231807708740234,
2.7360916137695312,
2.8638839721679688,
2.032756805419922,
3.2439231872558594,
2.6209354400634766,
5.80906867980957,
3.961801528930664,
3.9780139923095703,
5.412101745605469,
2.543926239013672,
3.2291412353515625,
1.7957687377929688,
1.680135726928711,
2.3550987243652344,
3.4780502319335938,
3.033161163330078,
2.5148391723632812,
2.8281211853027344,
1.9218921661376953,
2.103090286254883,
4.424810409545898,
4.176139831542969,
1.7540454864501953,
3.5228729248046875,
5.950212478637695,
3.7050247192382812,
3.2978057861328125,
3.058910369873047,
4.221916198730469,
3.0891895294189453,
1.9669532775878906,
2.2683143615722656,
1.5981197357177734,
2.3107528686523438,
3.2851696014404297,
2.4771690368652344,
2.4330615997314453,
2.0072460174560547,
1.9800662994384766,
1.940011978149414,
1.531839370727539,
1.8417835235595703,
1.9669532775878906,
2.269268035888672,
1.7049312591552734,
3.0782222747802734,
1.9140243530273438,
1.6160011291503906,
1.3320446014404297,
1.4989376068115234,
1.4390945434570312,
1.5690326690673828,
1.7440319061279297,
2.3119449615478516,
1.3880729675292969,
3.5381317138671875,
4.065990447998047,
3.328084945678711,
2.2068023681640625,
2.927064895629883,
3.389120101928711,
1.6698837280273438,
1.5139579772949219,
2.1209716796875,
2.2869110107421875,
2.55584716796875,
1.7197132110595703,
5.947113037109375,
5.348920822143555,
3.0930042266845703,
2.2759437561035156,
1.5540122985839844,
2.3560523986816406,
2.5610923767089844,
2.0847320556640625,
2.3589134216308594,
2.774953842163086,
3.1130313873291016,
4.348993301391602,
2.3140907287597656,
2.833127975463867,
2.9838085174560547,
4.347801208496094,
2.4518966674804688,
2.3050308227539062,
4.629850387573242,
2.268075942993164,
2.4492740631103516,
2.3157596588134766,
1.8360614776611328,
3.998994827270508,
5.367040634155273,
2.8281211853027344,
2.077817916870117,
4.245996475219727,
2.2897720336914062,
2.1479129791259766,
1.7871856689453125,
1.5590190887451172,
1.52587890625,
2.131938934326172,
1.360177993774414,
1.728057861328125,
1.62506103515625,
2.4688243865966797,
2.0418167114257812,
2.0389556884765625,
3.136157989501953,
2.5589466094970703,
2.4471282958984375,
5.850791931152344,
2.1691322326660156,
2.9020309448242188,
2.768278121948242,
4.982948303222656,
1.6312599182128906,
3.431081771850586,
2.513885498046875,
2.986907958984375,
2.535104751586914,
2.028226852416992,
2.0742416381835938,
2.065896987915039,
1.8887519836425781,
1.5921592712402344,
1.6489028930664062,
2.541065216064453,
1.9640922546386719,
1.9440650939941406,
1.8260478973388672,
1.992940902709961,
2.0029544830322266,
1.811981201171875,
2.4230480194091797,
3.1790733337402344,
3.6427974700927734,
3.518819808959961,
1.7368793487548828,
1.4553070068359375,
2.452850341796875,
1.8439292907714844,
2.244234085083008,
2.622365951538086,
2.7430057525634766,
2.354145050048828,
1.4019012451171875,
2.4890899658203125,
1.8870830535888672,
1.6090869903564453,
2.7430057525634766,
2.6149749755859375,
2.1820068359375,
2.064943313598633,
1.7871856689453125,
2.087116241455078,
2.1979808807373047,
4.6482086181640625,
5.48100471496582,
4.86302375793457,
3.3121109008789062,
2.087831497192383,
1.7349720001220703,
1.7580986022949219,
2.756834030151367,
2.7930736541748047,
3.5200119018554688,
1.7538070678710938,
3.1366348266601562,
2.1839141845703125,
3.0732154846191406,
3.059864044189453,
2.110004425048828,
1.699209213256836,
2.3260116577148438,
1.6121864318847656,
2.2690296173095703,
3.2770633697509766,
2.1109580993652344,
1.5170574188232422,
1.5079975128173828,
1.4619827270507812,
1.5540122985839844,
1.46484375,
1.6429424285888672,
1.8520355224609375,
1.959085464477539,
2.1021366119384766,
1.8329620361328125,
1.5869140625,
1.9750595092773438,
1.9371509552001953,
1.4388561248779297,
1.316070556640625,
1.7771720886230469,
2.019166946411133,
1.9750595092773438,
3.5860538482666016,
3.3998489379882812,
3.5588741302490234,
2.791881561279297,
2.7692317962646484,
3.4952163696289062,
1.2242794036865234,
1.811981201171875,
2.4461746215820312,
2.03704833984375,
1.6829967498779297,
2.5353431701660156,
1.7139911651611328,
2.528667449951172,
1.2102127075195312,
1.210927963256836,
1.0919570922851562,
1.3260841369628906,
1.2650489807128906,
1.3928413391113281,
1.8601417541503906,
2.341747283935547,
1.1668205261230469,
1.8801689147949219,
3.9873123168945312,
4.601001739501953,
3.874063491821289,
1.5759468078613281,
2.9020309448242188,
2.9311180114746094,
2.3088455200195312,
1.6450881958007812,
4.1599273681640625,
4.940032958984375,
3.0150413513183594,
1.6028881072998047,
1.2631416320800781,
1.2352466583251953,
0.9388923645019531,
2.1011829376220703,
2.586841583251953,
1.8069744110107422,
3.5409927368164062,
3.25775146484375,
2.4302005767822266,
1.3082027435302734,
8.572101593017578,
8.53872299194336,
5.028963088989258,
9.41920280456543,
8.810043334960938,
3.889322280883789,
1.4028549194335938,
1.0318756103515625,
1.0488033294677734,
1.689910888671875,
2.3360252380371094,
1.68609619140625,
4.750967025756836,
3.612995147705078,
3.030061721801758,
2.928018569946289,
1.360177993774414,
1.2218952178955078,
1.138925552368164,
0.8401870727539062,
0.8502006530761719,
2.969980239868164,
2.6121139526367188,
2.1820068359375,
1.3659000396728516,
1.708984375,
1.6601085662841797,
0.9617805480957031,
0.9281635284423828,
0.9150505065917969,
1.0581016540527344,
0.8950233459472656,
0.9310245513916016,
1.8346309661865234,
10.918855667114258,
11.461973190307617,
11.15107536315918,
11.26241683959961,
2.916097640991211,
2.5599002838134766,
2.9230117797851562,
1.1792182922363281,
1.1792182922363281,
1.5077590942382812,
1.9383430480957031,
7.506847381591797,
7.41124153137207,
1.0938644409179688,
1.4801025390625,
2.0296573638916016,
1.3692378997802734,
1.0678768157958984,
1.722097396850586,
0.9369850158691406,
0.7550716400146484,
1.1730194091796875,
0.7970333099365234,
0.5078315734863281,
0.6649494171142578,
0.8399486541748047,
0.5562305450439453,
1.0750293731689453,
1.0907649993896484,
0.7100105285644531,
9.634971618652344,
3.229856491088867,
6.339073181152344,
0.5021095275878906,
0.6098747253417969,
0.6070137023925781,
1.0809898376464844,
0.61798095703125,
0.7190704345703125,
0.6911754608154297,
1.0559558868408203,
0.9548664093017578,
1.3108253479003906,
0.5970001220703125,
0.9579658508300781,
1.132965087890625,
1.1560916900634766,
0.7550716400146484,
0.7853507995605469,
0.9360313415527344,
0.9400844573974609,
0.9930133819580078,
0.9098052978515625,
1.6603469848632812,
0.8831024169921875,
1.3492107391357422,
1.2271404266357422,
1.5637874603271484,
1.5101432800292969,
0.9160041809082031,
0.7171630859375,
0.6308555603027344,
0.7848739624023438,
1.0151863098144531,
0.7600784301757812,
0.6830692291259766,
1.8150806427001953,
2.022981643676758,
2.276182174682617,
0.9191036224365234,
1.2331008911132812,
0.8151531219482422,
1.2526512145996094,
1.5807151794433594,
1.2481212615966797,
0.881195068359375,
0.7269382476806641,
0.7719993591308594,
1.1589527130126953,
1.135110855102539,
0.9570121765136719,
1.0542869567871094,
1.4750957489013672,
1.4209747314453125,
1.0349750518798828,
0.8270740509033203,
1.1320114135742188,
1.094818115234375,
0.7648468017578125,
1.1348724365234375,
1.0788440704345703,
1.2180805206298828,
1.19781494140625,
1.5521049499511719,
2.2630691528320312,
2.2139549255371094,
1.0790824890136719,
0.9968280792236328,
1.0340213775634766,
0.9961128234863281,
1.3399124145507812,
0.8919239044189453,
1.0821819305419922,
0.9837150573730469,
0.9062290191650391,
1.3089179992675781,
1.7058849334716797,
1.2760162353515625,
0.9360313415527344,
0.9579658508300781,
1.3349056243896484,
1.0328292846679688,
1.4507770538330078,
1.917123794555664,
0.9820461273193359,
1.2700557708740234,
3.831148147583008,
2.5129318237304688,
2.929210662841797,
2.6330947875976562,
1.8398761749267578,
0.9539127349853516,
4.379034042358398,
4.894018173217773,
4.950046539306641,
3.4589767456054688,
3.0422210693359375,
4.3888092041015625,
2.4869441986083984,
2.6001930236816406,
2.4590492248535156,
4.776239395141602,
2.2950172424316406,
4.516839981079102,
5.026102066040039,
2.3369789123535156,
2.7921199798583984,
3.771066665649414,
8.497953414916992,
5.436897277832031,
5.969047546386719,
3.0121803283691406,
0.6608963012695312,
1.4147758483886719,
2.877950668334961,
4.135847091674805,
3.7240982055664062,
1.889944076538086,
3.1630992889404297,
4.67681884765625,
1.718759536743164,
1.4619827270507812,
1.7919540405273438,
1.6040802001953125,
1.1839866638183594,
1.413106918334961,
7.455110549926758,
6.25300407409668,
1.4662742614746094,
0.7371902465820312,
2.4721622467041016,
2.2330284118652344,
1.5490055084228516,
1.798868179321289,
2.189159393310547,
2.7208328247070312,
0.9438991546630859,
1.3020038604736328,
1.2199878692626953,
0.9636878967285156,
0.9729862213134766,
0.9751319885253906,
19.961118698120117,
24.786949157714844,
25.041818618774414,
24.875164031982422,
0.7610321044921875,
0.7891654968261719,
0.9469985961914062,
0.6029605865478516,
0.6630420684814453,
1.0228157043457031,
1.0230541229248047,
34.88588333129883,
35.56180000305176,
0.8656978607177734,
0.6279945373535156,
0.6458759307861328,
0.5278587341308594,
0.7510185241699219,
0.7169246673583984,
1.6210079193115234,
1.7769336700439453,
4.349946975708008,
4.784822463989258,
3.5431385040283203,
1.653909683227539,
2.452850341796875,
1.1680126190185547,
4.3430328369140625,
1.8811225891113281,
5.244970321655273,
5.532026290893555,
14.83297348022461,
3.2608509063720703,
2.902984619140625,
1.0650157928466797,
0.6709098815917969,
0.9253025054931641,
1.840829849243164,
2.4843215942382812,
1.8889904022216797,
3.759145736694336,
2.1419525146484375,
3.1099319458007812,
2.544879913330078,
12.819051742553711,
14.274835586547852,
4.121065139770508,
2.1970272064208984,
1.3930797576904297,
1.8758773803710938,
3.0210018157958984,
7.057905197143555,
5.782127380371094,
2.215862274169922,
2.3069381713867188,
2.38800048828125,
1.3382434844970703,
3.0241012573242188,
5.276203155517578,
1.653909683227539,
1.3132095336914062,
1.852273941040039,
1.8749237060546875,
2.1009445190429688,
2.028942108154297,
1.4908313751220703,
1.6148090362548828,
0.9877681732177734,
6.365299224853516,
14.978885650634766,
9.865999221801758,
9.318828582763672,
2.1669864654541016,
0.6608963012695312,
2.214193344116211,
0.9591579437255859,
0.8077621459960938,
0.57220458984375,
0.6461143493652344,
0.6327629089355469,
0.7898807525634766,
0.8502006530761719,
0.5960464477539062,
1.4519691467285156,
1.7769336700439453,
0.9589195251464844,
0.9522438049316406,
0.9272098541259766,
0.90789794921875,
0.6341934204101562,
0.6592273712158203,
0.5388259887695312,
4.481077194213867,
2.9239654541015625,
1.1692047119140625,
3.37982177734375,
3.367185592651367,
2.4399757385253906,
2.8526782989501953,
0.9968280792236328,
1.4491081237792969,
1.9462108612060547,
6.330251693725586,
2.268075942993164,
0.6840229034423828,
0.5998611450195312,
0.8587837219238281,
0.7028579711914062,
0.8020401000976562,
0.6868839263916016,
14.098167419433594,
13.571977615356445,
0.7221698760986328,
0.6737709045410156,
0.7250308990478516,
0.6847381591796875,
0.4839897155761719,
0.6709098815917969,
0.7119178771972656,
1.348257064819336,
1.3740062713623047,
3.0317306518554688,
1.1382102966308594,
1.4262199401855469,
1.4030933380126953,
1.1491775512695312,
1.277923583984375,
1.2998580932617188,
1.6028881072998047,
2.0699501037597656,
1.600027084350586,
1.4319419860839844,
1.8589496612548828,
1.6138553619384766,
1.3918876647949219,
1.3267993927001953,
1.9989013671875,
1.6777515411376953,
3.1278133392333984,
2.623319625854492,
2.6192665100097656,
2.2771358489990234,
2.346038818359375,
1.935720443725586,
2.331972122192383,
2.058267593383789,
2.6040077209472656,
1.756906509399414,
2.4068355560302734,
2.4259090423583984,
1.9571781158447266,
2.093791961669922,
1.9938945770263672,
1.5628337860107422,
1.584768295288086,
2.089977264404297,
2.131938934326172,
2.1190643310546875,
1.5010833740234375,
1.6942024230957031,
1.7802715301513672,
1.9218921661376953,
2.689838409423828,
2.808809280395508,
1.934051513671875,
2.6960372924804688,
1.9350051879882812,
4.812002182006836,
4.793882369995117,
4.956960678100586,
3.3109188079833984,
3.6597251892089844,
3.7088394165039062,
3.8237571716308594,
2.4771690368652344,
3.0660629272460938,
3.159046173095703,
2.2630691528320312,
1.6510486602783203,
2.839803695678711,
2.229928970336914,
2.3179054260253906,
1.7778873443603516,
1.573801040649414,
1.2438297271728516,
1.0399818420410156,
1.3928413391113281,
1.85394287109375,
1.2619495391845703,
1.1491775512695312,
1.1110305786132812,
1.2657642364501953,
1.4519691467285156,
1.5268325805664062,
2.252817153930664,
2.3941993713378906,
1.5571117401123047,
2.051115036010742,
1.8868446350097656,
2.8388500213623047,
4.901885986328125,
5.000829696655273,
5.023956298828125,
4.967927932739258,
6.886959075927734,
2.1021366119384766,
2.2809505462646484,
1.483917236328125,
2.1839141845703125,
2.680063247680664,
2.9680728912353516,
1.4863014221191406,
3.726959228515625,
3.759145736694336,
2.1970272064208984,
3.2529830932617188,
1.8620491027832031,
2.910137176513672,
1.6319751739501953,
0.9999275207519531,
1.3689994812011719,
1.867055892944336,
2.9261112213134766,
1.7130374908447266,
3.676891326904297,
3.287076950073242,
3.229856491088867,
2.1359920501708984,
1.7170906066894531,
1.3968944549560547,
1.3103485107421875,
1.6269683837890625,
2.212047576904297,
1.9879341125488281,
2.0532608032226562,
2.0318031311035156,
1.4598369598388672,
1.3971328735351562,
2.602100372314453,
2.4771690368652344,
2.710103988647461,
1.6486644744873047,
2.3190975189208984,
2.6450157165527344,
2.227783203125,
2.7599334716796875,
2.6857852935791016,
2.6290416717529297,
2.2001266479492188,
2.870798110961914,
3.2820701599121094,
4.635095596313477,
3.2749176025390625,
2.9020309448242188,
1.8792152404785156,
1.5380382537841797,
1.7588138580322266,
4.359960556030273,
5.264043807983398,
5.383729934692383,
2.5620460510253906,
2.0940303802490234,
2.299070358276367,
2.8259754180908203,
2.287149429321289,
2.2101402282714844,
2.3801326751708984,
2.295970916748047,
2.1657943725585938,
2.4869441986083984,
2.1829605102539062,
1.4100074768066406,
1.6438961029052734,
1.4719963073730469,
1.8658638000488281,
3.0231475830078125,
3.042936325073242,
2.2301673889160156,
2.3622512817382812,
4.231929779052734,
2.4068355560302734,
3.6368370056152344,
3.904104232788086,
5.446195602416992,
5.694150924682617,
4.792690277099609,
4.334211349487305,
3.183126449584961,
2.7179718017578125,
3.5660266876220703,
2.4788379669189453,
2.360105514526367,
1.9330978393554688,
3.2911300659179688,
4.031896591186523,
3.8220882415771484,
3.0469894409179688,
1.4760494232177734,
1.4178752899169922,
2.8638839721679688,
3.297090530395508,
3.5779476165771484,
2.3119449615478516,
3.9441585540771484,
5.450963973999023,
3.8650035858154297,
2.460002899169922,
1.8711090087890625,
6.493806838989258,
6.227970123291016,
4.539012908935547,
3.638029098510742,
2.688169479370117,
1.5740394592285156,
2.8400421142578125,
4.088163375854492,
3.237009048461914,
1.878976821899414,
1.3709068298339844,
2.7229785919189453,
3.35693359375,
15.494108200073242,
16.192197799682617,
17.05789566040039,
4.914760589599609,
3.620147705078125,
3.2896995544433594,
2.7260780334472656,
3.000974655151367,
2.0406246185302734,
1.6210079193115234,
2.457857131958008,
2.198934555053711,
2.351999282836914,
1.9271373748779297,
1.3458728790283203,
1.4679431915283203,
2.679109573364258,
2.9230117797851562,
2.6199817657470703,
1.5397071838378906,
1.837015151977539,
1.875162124633789,
1.6181468963623047,
1.1069774627685547,
5.867958068847656,
17.473220825195312,
18.429040908813477,
4.765987396240234,
3.7801265716552734,
1.3020038604736328,
0.6887912750244141,
0.5571842193603516,
0.6649494171142578,
0.6458759307861328,
1.9659996032714844,
0.8471012115478516,
0.5819797515869141,
0.6401538848876953,
0.61798095703125,
0.45800209045410156,
0.5450248718261719,
0.7340908050537109,
0.6699562072753906,
0.6589889526367188,
0.5679130554199219,
0.5991458892822266,
0.5159378051757812,
0.5719661712646484,
0.47707557678222656,
0.7832050323486328,
0.7538795471191406,
0.6420612335205078,
0.7948875427246094,
1.1670589447021484,
0.9188652038574219,
1.1990070343017578,
0.8189678192138672,
0.7810592651367188,
0.6799697875976562,
1.3151168823242188,
1.5459060668945312,
1.4150142669677734,
1.344919204711914,
0.8952617645263672,
1.482248306274414,
2.1820068359375,
1.3933181762695312,
1.2691020965576172,
1.1730194091796875,
1.2981891632080078,
2.437114715576172,
2.404928207397461,
2.4220943450927734,
3.618955612182617,
3.820180892944336,
3.244638442993164,
5.256414413452148,
5.79833984375,
6.820917129516602,
7.539987564086914,
5.995988845825195,
2.2928714752197266,
3.452301025390625,
1.7619132995605469,
1.1436939239501953,
2.432107925415039,
6.319999694824219,
13.818979263305664,
0.8337497711181641,
0.7770061492919922,
0.7500648498535156,
0.7481575012207031,
0.7219314575195312,
3.156900405883789,
3.1549930572509766,
3.1151771545410156,
2.5451183319091797,
3.2651424407958984,
2.110004425048828,
1.5420913696289062,
4.075050354003906,
9.919881820678711,
3.1349658966064453,
4.878044128417969,
2.056121826171875,
2.319812774658203,
2.902984619140625,
2.8548240661621094,
2.7141571044921875,
2.621889114379883,
2.655029296875,
1.8928050994873047,
2.483367919921875,
1.8448829650878906,
1.8761157989501953,
1.9500255584716797,
1.9519329071044922,
2.777099609375,
2.586841583251953,
1.9330978393554688,
1.905202865600586,
1.9178390502929688,
1.695871353149414,
5.620241165161133,
2.7909278869628906,
2.521038055419922,
1.5957355499267578,
2.1009445190429688,
2.529144287109375,
3.425121307373047,
1.989126205444336,
1.6181468963623047,
16.471147537231445,
12.129068374633789,
1.500844955444336,
1.2331008911132812,
0.8623600006103516,
0.9961128234863281,
0.74005126953125,
0.9241104125976562,
1.0352134704589844,
1.5571117401123047,
1.8329620361328125,
2.9239654541015625,
5.6438446044921875,
6.364107131958008,
1.3949871063232422,
0.9739398956298828,
0.8409023284912109,
0.5609989166259766,
0.8769035339355469,
1.2371540069580078,
1.374959945678711,
1.8410682678222656,
1.0387897491455078,
1.1529922485351562,
0.7181167602539062,
1.0437965393066406,
0.9398460388183594,
1.1730194091796875,
0.9741783142089844,
0.6167888641357422,
0.6809234619140625,
0.9522438049316406,
0.5710124969482422,
0.7359981536865234,
0.9417533874511719,
1.2099742889404297,
0.8902549743652344,
2.3500919342041016,
1.3027191162109375,
0.9982585906982422,
0.8933544158935547,
2.270221710205078,
2.118349075317383,
2.1119117736816406,
2.415180206298828,
1.0750293731689453,
0.8950233459472656,
0.9138584136962891,
0.8840560913085938,
1.0402202606201172,
0.8921623229980469,
0.9129047393798828,
1.049041748046875,
1.3148784637451172,
0.8320808410644531,
1.0190010070800781,
1.0268688201904297,
1.0051727294921875,
0.8649826049804688,
4.392862319946289,
5.4950714111328125,
5.014181137084961,
2.267122268676758,
2.507925033569336,
1.0890960693359375,
1.4529228210449219,
1.1141300201416016,
1.1599063873291016,
1.0387897491455078,
1.661062240600586,
0.9260177612304688,
2.8731822967529297,
1.1949539184570312,
1.2359619140625,
1.5208721160888672,
1.0192394256591797,
1.416921615600586,
1.107931137084961,
1.5940666198730469,
1.4159679412841797,
1.1169910430908203,
1.7771720886230469,
1.661062240600586,
1.628875732421875,
1.6248226165771484,
2.2101402282714844,
2.398252487182617,
1.5130043029785156,
1.712799072265625,
1.1739730834960938,
1.3070106506347656,
1.7070770263671875,
1.2128353118896484,
1.6117095947265625,
1.447916030883789,
1.146078109741211,
1.4247894287109375,
1.413106918334961,
1.5218257904052734,
1.7719268798828125,
2.045869827270508,
1.8749237060546875,
2.3009777069091797,
2.1791458129882812,
2.9158592224121094,
2.4890899658203125,
1.33514404296875,
3.5910606384277344,
3.74603271484375,
3.1032562255859375,
4.320859909057617,
5.017995834350586,
1.8830299377441406,
1.9309520721435547,
2.2058486938476562,
2.155780792236328,
2.7298927307128906,
3.3380985260009766,
3.5529136657714844,
4.078149795532227,
2.415895462036133,
2.6009082794189453,
2.0830631256103516,
1.6460418701171875,
2.1538734436035156,
2.4051666259765625,
2.0401477813720703,
2.113819122314453,
2.0532608032226562,
3.3681392669677734,
2.833127975463867,
1.7361640930175781,
1.291036605834961,
1.6927719116210938,
1.6477108001708984,
1.3480186462402344,
1.1739730834960938,
1.1069774627685547,
1.3649463653564453,
1.9669532775878906,
2.3860931396484375,
1.9710063934326172,
2.293109893798828,
1.4162063598632812,
1.0788440704345703,
1.0318756103515625,
1.154184341430664,
1.9710063934326172,
2.344846725463867,
1.6109943389892578,
1.3492107391357422,
1.1529922485351562,
0.9846687316894531,
0.6868839263916016,
1.2500286102294922,
1.2710094451904297,
1.2459754943847656,
1.1749267578125,
0.8859634399414062,
0.96893310546875,
1.4460086822509766,
1.0721683502197266,
0.8590221405029297,
1.3799667358398438,
1.6498565673828125,
1.9199848175048828,
1.0280609130859375,
1.0349750518798828,
1.0862350463867188,
10.595083236694336,
10.57887077331543,
10.992765426635742,
1.8641948699951172,
1.9769668579101562,
0.8137226104736328,
1.4231204986572266,
1.8079280853271484,
0.9701251983642578,
0.9388923645019531,
0.8640289306640625,
1.0471343994140625,
0.7789134979248047,
0.6718635559082031,
1.1839866638183594,
1.2180805206298828,
1.0819435119628906,
1.4190673828125,
1.7201900482177734,
1.0712146759033203,
0.6420612335205078,
0.8690357208251953,
1.0018348693847656,
0.8168220520019531,
0.7443428039550781,
1.5368461608886719,
1.7371177673339844,
0.8029937744140625,
0.6070137023925781,
0.5829334259033203,
0.8792877197265625,
0.9179115295410156,
1.519918441772461,
1.7349720001220703,
1.7850399017333984,
2.396821975708008,
2.061128616333008,
1.0008811950683594,
0.7450580596923828,
1.0581016540527344,
1.2989044189453125,
0.8130073547363281,
0.9350776672363281,
0.7579326629638672,
0.7638931274414062,
0.6248950958251953,
0.6961822509765625,
0.8020401000976562,
0.8199214935302734,
0.8051395416259766,
0.6899833679199219,
0.7359981536865234,
1.544952392578125,
2.1147727966308594,
3.255128860473633,
2.3260116577148438,
1.4882087707519531,
1.7321109771728516,
1.1050701141357422,
0.6511211395263672,
1.1341571807861328,
1.4410018920898438,
1.4221668243408203,
1.77001953125,
0.6089210510253906,
1.1899471282958984,
2.0351409912109375,
1.138925552368164,
0.9522438049316406,
0.7207393646240234,
1.6682147979736328,
1.5680789947509766,
0.759124755859375,
1.2359619140625,
1.4967918395996094,
2.481698989868164,
2.8409957885742188,
0.9191036224365234,
2.1560192108154297,
1.2340545654296875,
2.0418167114257812,
1.8622875213623047,
1.146078109741211,
1.0750293731689453,
0.9858608245849609,
1.3680458068847656,
0.7910728454589844,
1.367807388305664,
1.2969970703125,
1.2500286102294922,
12.688875198364258,
12.573003768920898,
1.1713504791259766,
2.4738311767578125,
2.5839805603027344,
2.7480125427246094,
0.9012222290039062,
1.0340213775634766,
1.1899471282958984,
1.6341209411621094,
16.9222354888916,
17.277002334594727,
14.795780181884766,
16.85476303100586,
1.7709732055664062,
1.4858245849609375,
1.1370182037353516,
0.6241798400878906,
0.5350112915039062,
0.7510185241699219,
0.7739067077636719,
0.5092620849609375,
0.67901611328125,
0.7729530334472656,
0.7469654083251953,
0.47898292541503906,
0.5249977111816406,
0.5369186401367188,
0.7190704345703125,
0.9310245513916016,
0.9222030639648438,
1.0390281677246094,
1.0139942169189453,
0.7600784301757812,
0.7197856903076172,
0.6892681121826172,
0.7517337799072266,
1.3630390167236328,
1.867055892944336,
1.7001628875732422,
1.4319419860839844,
0.9851455688476562,
2.5680065155029297,
1.7158985137939453,
2.7849674224853516,
1.0209083557128906,
2.9349327087402344,
2.5718212127685547,
5.071163177490234,
12.492179870605469,
13.521909713745117,
13.89312744140625,
13.612747192382812,
14.596939086914062,
1.3971328735351562,
1.3251304626464844,
1.3108253479003906,
0.6740093231201172,
0.9610652923583984,
3.576993942260742,
1.4491081237792969,
2.004861831665039,
1.4760494232177734,
1.8150806427001953,
1.6851425170898438,
1.8248558044433594,
1.7948150634765625,
1.7540454864501953,
1.7039775848388672,
1.6460418701171875,
0.762939453125,
0.7178783416748047,
1.0979175567626953,
0.7410049438476562,
1.283884048461914,
1.251220703125,
1.5256404876708984,
1.6560554504394531,
2.035856246948242,
1.6951560974121094,
1.6238689422607422,
1.4200210571289062,
1.2509822845458984,
0.6589889526367188,
0.7519721984863281,
0.637054443359375,
0.6389617919921875,
0.9760856628417969,
0.9570121765136719,
0.61798095703125,
0.8378028869628906,
0.8168220520019531,
0.6420612335205078,
0.8661746978759766,
0.926971435546875,
0.9138584136962891,
0.9138584136962891,
0.96893310546875,
0.8578300476074219,
0.6539821624755859,
0.7920265197753906,
0.7848739624023438,
0.6208419799804688,
0.6756782531738281,
0.6461143493652344,
1.817941665649414,
1.7919540405273438,
1.0542869567871094,
2.234935760498047,
0.9768009185791016,
0.9908676147460938,
1.3511180877685547,
1.275777816772461,
0.8718967437744141,
0.7898807525634766,
1.0957717895507812,
1.0800361633300781,
1.0328292846679688,
1.0080337524414062,
0.6802082061767578,
1.1677742004394531,
0.8540153503417969,
0.8540153503417969,
0.7469654083251953,
0.7669925689697266,
0.7328987121582031,
0.7822513580322266,
0.6492137908935547,
1.7969608306884766,
2.833127975463867,
3.4110546112060547,
0.9312629699707031,
0.6139278411865234,
0.5629062652587891,
0.9517669677734375,
0.8378028869628906,
0.5917549133300781,
0.7088184356689453,
0.6649494171142578,
1.5001296997070312,
1.2590885162353516,
1.1608600616455078,
1.1010169982910156,
0.8971691131591797,
0.8881092071533203,
1.447916030883789,
1.0039806365966797,
1.77001953125,
0.5781650543212891,
0.7719993591308594,
0.8521080017089844,
0.8518695831298828,
0.7901191711425781,
0.7417201995849609,
0.86212158203125,
0.5340576171875,
0.5397796630859375,
1.0650157928466797,
1.0268688201904297,
0.8091926574707031,
0.7379055023193359,
0.5588531494140625,
0.47206878662109375,
0.9417533874511719,
1.3020038604736328,
1.4939308166503906,
1.0259151458740234,
0.8029937744140625,
1.1241436004638672,
0.7779598236083984,
0.4909038543701172,
0.47707557678222656,
0.4239082336425781,
0.5991458892822266,
0.4379749298095703,
0.5288124084472656,
0.5140304565429688,
0.6210803985595703,
0.4830360412597656,
0.4229545593261719,
0.3972053527832031,
0.5929470062255859,
0.7712841033935547,
1.1229515075683594,
0.7543563842773438,
0.48422813415527344,
1.207113265991211,
1.1458396911621094,
1.010894775390625,
0.6639957427978516,
0.7779598236083984,
0.7107257843017578,
0.45680999755859375,
0.5800724029541016,
0.42700767517089844,
1.979827880859375,
1.9450187683105469,
0.5350112915039062,
0.5121231079101562,
0.5750656127929688,
0.54931640625,
0.579833984375,
0.7030963897705078,
0.5152225494384766,
0.5898475646972656,
0.4429817199707031,
1.2412071228027344,
1.0819435119628906,
0.8080005645751953,
0.7519721984863281,
0.7097721099853516,
0.8790493011474609,
1.0497570037841797,
1.0650157928466797,
1.0690689086914062,
1.3108253479003906,
1.8949508666992188,
1.9240379333496094,
1.2011528015136719,
1.7931461334228516,
1.8222332000732422,
2.216815948486328,
2.3009777069091797,
2.358675003051758,
2.2728443145751953,
1.8749237060546875,
1.62506103515625,
0.8757114410400391,
1.149892807006836,
2.0689964294433594,
2.8972625732421875,
1.8858909606933594,
3.7140846252441406,
4.580974578857422,
2.5970935821533203,
2.4199485778808594,
2.851247787475586,
2.5751590728759766,
5.525827407836914,
4.441976547241211,
1.9068717956542969,
2.2928714752197266,
2.869844436645508,
3.3402442932128906,
2.8867721557617188,
3.882169723510742,
2.704143524169922,
2.809762954711914,
3.1461715698242188,
3.120899200439453,
3.3321380615234375,
2.2552013397216797,
1.7399787902832031,
2.5949478149414062,
2.382993698120117,
3.523111343383789,
3.0832290649414062,
4.803180694580078,
2.4950504302978516,
5.592107772827148,
5.599021911621094,
3.9937496185302734,
2.212047576904297,
1.9359588623046875,
2.974987030029297,
2.6769638061523438,
2.165079116821289,
3.5440921783447266,
3.518819808959961,
3.126859664916992,
2.626180648803711,
1.7399787902832031,
1.5838146209716797,
2.753019332885742,
3.3681392669677734,
3.313779830932617,
2.386808395385742,
2.254009246826172,
2.541065216064453,
1.9042491912841797,
1.8432140350341797,
1.8100738525390625,
2.08282470703125,
1.8172264099121094,
5.34820556640625,
2.6140213012695312,
2.946138381958008,
1.6880035400390625,
1.5861988067626953,
2.0170211791992188,
2.5730133056640625,
2.482891082763672,
3.011941909790039,
2.2127628326416016,
2.3407936096191406,
2.579927444458008,
2.592802047729492,
3.052949905395508,
2.8891563415527344,
2.231121063232422,
1.8486976623535156,
1.6028881072998047,
1.8696784973144531,
1.7852783203125,
1.9860267639160156,
3.486156463623047,
2.583742141723633,
2.523183822631836,
2.2661685943603516,
1.5478134155273438,
1.6722679138183594,
2.3729801177978516,
2.3169517517089844,
2.6001930236816406,
2.5937557220458984,
2.3238658905029297,
2.3679733276367188,
2.7799606323242188,
2.4709701538085938,
3.0798912048339844,
2.321004867553711,
2.315998077392578,
1.6851425170898438,
2.3641586303710938,
2.0170211791992188,
2.017974853515625,
1.5459060668945312,
1.8589496612548828,
2.3581981658935547,
2.1800994873046875,
6.726980209350586,
7.254838943481445,
3.02886962890625,
2.274751663208008,
