timestamp,request_type,key,latency_ms,stale,returned_version,latest_version,interval_ms,status_code
1775114184.018495,read,k1,12.147903442382812,False,1243,0,,200
1775114185.028647,read,k4,11.40904426574707,False,1205,0,,200
1775114185.2598588,write,k4,1232.802152633667,False,1205,1205,,201
1775114185.26026,write,k4,1253.6308765411377,False,1202,1202,,201
1775114185.2605062,write,k4,1253.0930042266846,False,1203,1203,,201
1775114185.260724,write,k3,1253.0417442321777,False,1269,1269,,201
1775114185.261025,write,k3,1252.5508403778076,False,1270,1270,,201
1775114185.261302,write,k4,1258.415699005127,False,1204,1204,,201
1775114185.261539,write,k2,1253.633975982666,False,1181,1181,,201
1775114185.26177,write,k3,1253.7128925323486,False,1268,1268,,201
1775114185.261964,write,k5,1253.763198852539,False,1232,1232,,201
1775114185.262202,write,k1,1253.8659572601318,False,1244,1244,,201
1775114186.295719,write,k1,1278.8081169128418,False,1247,1247,,201
1775114186.2959201,write,k3,1279.310703277588,False,1272,1272,,201
1775114186.2960598,write,k2,1259.6449851989746,False,1183,1183,,201
1775114186.2961888,write,k1,1282.701015472412,False,1246,1246,,201
1775114186.296313,write,k3,1281.9018363952637,False,1271,1271,,201
1775114186.296437,write,k1,1284.6708297729492,False,1245,1245,,201
1775114186.2965472,write,k1,1278.975009918213,False,1248,1248,,201
1775114186.296658,write,k2,1281.4030647277832,False,1182,1182,,201
1775114186.296849,write,k5,1280.9338569641113,False,1234,1234,,201
1775114186.297138,write,k5,1280.832052230835,False,1233,1233,,201
1775114186.301142,read,k5,2.103090286254883,False,1238,1234,4.002094268798828,200
1775114186.5005429,write,k3,1229.686975479126,False,1274,1274,,201
1775114186.5008981,write,k4,1232.2149276733398,False,1206,1206,,201
1775114186.501129,write,k5,1230.0071716308594,False,1235,1235,,201
1775114186.501348,write,k1,1231.9159507751465,False,1250,1250,,201
1775114186.5015612,write,k3,1231.2860488891602,False,1275,1275,,201
1775114186.501756,write,k2,1239.4907474517822,False,1184,1184,,201
1775114186.501937,write,k4,1231.3690185546875,False,1207,1207,,201
1775114186.502121,write,k3,1232.0919036865234,False,1273,1273,,201
1775114186.502296,write,k2,1230.8871746063232,False,1185,1185,,201
1775114186.502479,write,k1,1232.7008247375488,False,1249,1249,,201
1775114187.02146,read,k3,7.030963897705078,False,1281,1275,519.3378925323486,200
1775114187.2880151,write,k5,1257.392168045044,False,1236,1236,,201
1775114187.288526,write,k2,1259.9749565124512,False,1186,1186,,201
1775114187.288805,write,k5,1259.1490745544434,False,1237,1237,,201
1775114187.289042,write,k2,1259.037971496582,False,1187,1187,,201
1775114187.2892768,write,k2,1260.0278854370117,False,1189,1189,,201
1775114187.2894819,write,k3,1257.3089599609375,False,1277,1277,,201
1775114187.289689,write,k1,1258.1748962402344,False,1251,1251,,201
1775114187.289908,write,k3,1259.6020698547363,False,1276,1276,,201
1775114187.290115,write,k2,1258.2499980926514,False,1188,1188,,201
1775114187.290315,write,k5,1259.263038635254,False,1238,1238,,201
1775114187.2960708,read,k5,1.589059829711914,False,1242,1238,5.755186080932617,200
1775114187.29827,read,k5,1.8799304962158203,False,1242,1238,7.953166961669922,200
1775114187.2997718,read,k5,1.2829303741455078,False,1242,1238,9.456157684326172,200
1775114187.5300632,write,k2,1230.7960987091064,False,1190,1190,,201
1775114187.530566,write,k1,1227.4000644683838,False,1252,1252,,201
1775114187.5309389,write,k2,1229.3128967285156,False,1194,1194,,201
1775114187.531327,write,k2,1230.7469844818115,False,1191,1191,,201
1775114187.531682,write,k4,1228.9772033691406,False,1208,1208,,201
1775114187.532274,write,k3,1231.0850620269775,False,1279,1279,,201
1775114187.532794,write,k2,1231.2910556793213,False,1193,1193,,201
1775114187.533111,write,k2,1225.9199619293213,False,1195,1195,,201
1775114187.533484,write,k2,1232.70583152771,False,1192,1192,,201
1775114187.5338109,write,k3,1235.0292205810547,False,1278,1278,,201
1775114187.731668,write,k3,1225.6639003753662,False,1280,1280,,201
1775114187.7319748,write,k5,1222.743034362793,False,1240,1240,,201
1775114187.7321842,write,k2,1221.458911895752,False,1198,1198,,201
1775114187.732399,write,k1,1224.0512371063232,False,1253,1253,,201
1775114187.732587,write,k5,1226.9928455352783,False,1239,1239,,201
1775114187.7327769,write,k2,1230.2429676055908,False,1196,1196,,201
1775114187.732952,write,k3,1224.841833114624,False,1281,1281,,201
1775114187.73314,write,k4,1222.2158908843994,False,1209,1209,,201
1775114187.733336,write,k2,1228.9133071899414,False,1197,1197,,201
1775114187.733508,write,k4,1223.031759262085,False,1210,1210,,201
1775114187.7431822,read,k1,5.889654159545898,False,1262,1253,10.779857635498047,200
1775114187.744558,read,k3,5.444049835205078,False,1288,1281,11.552095413208008,200
1775114187.745514,read,k1,5.857229232788086,False,1262,1253,13.112783432006836,200
1775114187.764452,read,k2,14.111995697021484,False,1206,1198,31.110763549804688,200
1775114187.7652118,read,k1,16.260862350463867,False,1262,1253,32.80997276306152,200
1775114187.765562,read,k1,12.798070907592773,False,1262,1253,33.16211700439453,200
1775114188.0341399,read,k5,14.91403579711914,False,1247,1240,301.55110359191895,200
1775114188.041808,read,k1,14.594793319702148,False,1264,1253,309.40699577331543,200
1775114188.245892,write,k1,1229.867935180664,False,1255,1255,,201
1775114188.24621,write,k2,1231.1296463012695,False,1200,1200,,201
1775114188.246817,write,k4,1231.5890789031982,False,1211,1211,,201
1775114188.2473211,write,k3,1231.1699390411377,False,1283,1283,,201
1775114188.2476249,write,k3,1231.7631244659424,False,1282,1282,,201
1775114188.248707,write,k1,1233.3438396453857,False,1256,1256,,201
1775114188.248924,write,k2,1233.206033706665,False,1199,1199,,201
1775114188.24913,write,k1,1234.3878746032715,False,1254,1254,,201
1775114188.2493188,write,k5,1234.3969345092773,False,1241,1241,,201
1775114188.2498791,write,k1,1219.6359634399414,False,1257,1257,,201
1775114188.258083,read,k5,2.0380020141601562,False,1249,1241,8.75997543334961,200
1775114188.5325131,write,k4,1227.7882099151611,False,1214,1214,,201
1775114188.533207,write,k1,1227.442979812622,False,1260,1260,,201
1775114188.533778,write,k2,1234.462022781372,False,1201,1201,,201
1775114188.534276,write,k5,1243.8852787017822,False,1242,1242,,201
1775114188.534742,write,k4,1239.283800125122,False,1212,1212,,201
1775114188.53519,write,k1,1238.4147644042969,False,1259,1259,,201
1775114188.535637,write,k1,1240.8168315887451,False,1258,1258,,201
1775114188.536078,write,k4,1240.8442497253418,False,1213,1213,,201
1775114188.5365481,write,k3,1243.6470985412598,False,1284,1284,,201
1775114188.5369961,write,k2,1233.6969375610352,False,1202,1202,,201
1775114188.540093,read,k5,2.115011215209961,False,1250,1242,5.816221237182617,200
1775114188.543508,read,k4,1.3880729675292969,False,1223,1214,7.4310302734375,200
1775114188.5437078,read,k1,1.3370513916015625,False,1269,1260,8.072376251220703,200
1775114188.552437,read,k1,1.0159015655517578,False,1270,1260,16.8001651763916,200
1775114188.7613409,write,k3,1226.5069484710693,False,1285,1285,,201
1775114188.761757,write,k3,1221.5240001678467,False,1287,1287,,201
1775114188.761982,write,k2,1225.888967514038,False,1203,1203,,201
1775114188.762199,write,k5,1223.2282161712646,False,1244,1244,,201
1775114188.762452,write,k3,1224.4689464569092,False,1286,1286,,201
1775114188.762671,write,k1,1228.7569046020508,False,1261,1261,,201
1775114188.7628958,write,k4,1225.2171039581299,False,1215,1215,,201
1775114188.763086,write,k5,1226.6249656677246,False,1243,1243,,201
1775114188.769826,read,k1,3.4847259521484375,False,1271,1261,7.15184211730957,200
1775114188.776602,write,k4,1233.1299781799316,False,1216,1216,,201
1775114188.7777321,write,k5,1233.9069843292236,False,1245,1245,,201
1775114188.799613,read,k1,3.8542747497558594,False,1274,1261,36.9410514831543,200
1775114188.968396,write,k3,1234.4870567321777,False,1288,1288,,201
1775114188.968779,write,k1,1233.4859371185303,False,1262,1262,,201
1775114188.969055,write,k5,1232.550859451294,False,1246,1246,,201
1775114188.969258,write,k2,1233.375072479248,False,1204,1204,,201
1775114188.981744,write,k5,1238.1250858306885,False,1247,1247,,201
1775114188.984852,write,k1,1218.2250022888184,False,1263,1263,,201
1775114188.985174,write,k1,1215.2650356292725,False,1264,1264,,201
1775114188.985392,write,k2,1244.7338104248047,False,1205,1205,,201
1775114188.9855978,write,k2,1241.6789531707764,False,1206,1206,,201
1775114188.992598,read,k1,2.2661685943603516,False,1276,1264,7.419824600219727,200
1775114188.9929368,read,k5,3.0059814453125,False,1251,1247,11.193990707397461,200
1775114189.0006511,write,k3,1224.827766418457,False,1289,1289,,201
1775114189.0119638,read,k2,2.9900074005126953,False,1212,1206,26.363134384155273,200
1775114189.2766678,write,k1,1250.356912612915,False,1266,1266,,201
1775114189.277371,write,k1,1252.2759437561035,False,1265,1265,,201
1775114189.2777631,write,k3,1257.6570510864258,False,1290,1290,,201
1775114189.2780612,write,k4,1240.0760650634766,False,1217,1217,,201
1775114189.278364,write,k3,1252.6490688323975,False,1291,1291,,201
1775114189.278625,write,k4,1250.319242477417,False,1218,1218,,201
1775114189.279047,write,k1,1233.5410118103027,False,1267,1267,,201
1775114189.2796748,write,k4,1251.8599033355713,False,1219,1219,,201
1775114189.279926,write,k2,1250.8809566497803,False,1207,1207,,201
1775114189.28019,write,k5,1251.5168190002441,False,1248,1248,,201
1775114189.480997,write,k4,1228.1248569488525,False,1222,1222,,201
1775114189.4817102,write,k5,1233.949899673462,False,1249,1249,,201
1775114189.482107,write,k5,1220.041036605835,False,1250,1250,,201
1775114189.482395,write,k3,1225.6510257720947,False,1293,1293,,201
1775114189.4828238,write,k3,1227.2741794586182,False,1292,1292,,201
1775114189.48314,write,k2,1231.1880588531494,False,1208,1208,,201
1775114189.483413,write,k2,1226.1760234832764,False,1209,1209,,201
1775114189.483686,write,k3,1224.949836730957,False,1294,1294,,201
1775114189.483955,write,k4,1235.7041835784912,False,1220,1220,,201
1775114189.4842088,write,k4,1234.8222732543945,False,1221,1221,,201
1775114189.4934962,read,k4,2.8400421142578125,False,1231,1222,9.284734725952148,200
1775114189.779239,write,k1,1240.6461238861084,False,1269,1269,,201
1775114189.779828,write,k2,1241.5108680725098,False,1210,1210,,201
1775114189.780166,write,k4,1236.0310554504395,False,1224,1224,,201
1775114189.78045,write,k1,1241.2447929382324,False,1268,1268,,201
1775114189.780715,write,k3,1231.4798831939697,False,1295,1295,,201
1775114189.7810612,write,k1,1232.8681945800781,False,1270,1270,,201
1775114189.781322,write,k2,1236.698865890503,False,1211,1211,,201
1775114189.7815812,write,k4,1244.4579601287842,False,1223,1223,,201
1775114189.781835,write,k2,1235.1696491241455,False,1212,1212,,201
1775114189.78453,write,k3,1221.8170166015625,False,1296,1296,,201
1775114189.787406,read,k3,4.212856292724609,False,1307,1296,2.8731822967529297,200
1775114189.789335,read,k1,4.284858703613281,False,1280,1270,8.271932601928711,200
1775114189.999531,write,k1,1231.7440509796143,False,1273,1273,,201
1775114189.9999921,write,k1,1234.2967987060547,False,1271,1271,,201
1775114190.0002692,write,k3,1235.3310585021973,False,1297,1297,,201
1775114190.000654,write,k4,1230.6978702545166,False,1225,1225,,201
1775114190.0009432,write,k3,1235.496997833252,False,1298,1298,,201
1775114190.00117,write,k1,1234.0900897979736,False,1272,1272,,201
1775114190.034147,write,k4,1255.697250366211,False,1226,1226,,201
1775114190.0344572,write,k5,1255.145788192749,False,1251,1251,,201
1775114190.034668,write,k1,1262.0689868927002,False,1274,1274,,201
1775114190.034863,write,k3,1232.7771186828613,False,1299,1299,,201
1775114190.203022,write,k3,1229.506015777588,False,1300,1300,,201
1775114190.203412,write,k1,1231.3199043273926,False,1275,1275,,201
1775114190.203777,write,k4,1230.87477684021,False,1227,1227,,201
1775114190.2040498,write,k4,1226.835012435913,False,1228,1228,,201
1775114190.2074711,write,k3,1219.0358638763428,False,1302,1302,,201
1775114190.2086248,write,k3,1220.8352088928223,False,1301,1301,,201
1775114190.208875,write,k1,1219.7020053863525,False,1276,1276,,201
1775114190.22417,write,k4,1226.9728183746338,False,1229,1229,,201
1775114190.224771,write,k5,1224.9479293823242,False,1252,1252,,201
1775114190.236597,write,k2,1218.8901901245117,False,1213,1213,,201
1775114190.512152,write,k3,1231.834888458252,False,1303,1303,,201
1775114190.5124412,write,k5,1227.513074874878,False,1253,1253,,201
1775114190.51265,write,k5,1226.863145828247,False,1254,1254,,201
1775114190.512851,write,k2,1229.65407371521,False,1214,1214,,201
1775114190.513054,write,k1,1230.982780456543,False,1277,1277,,201
1775114190.513243,write,k1,1224.0347862243652,False,1279,1279,,201
1775114190.514844,write,k4,1230.454921722412,False,1230,1230,,201
1775114190.515042,write,k1,1232.5451374053955,False,1278,1278,,201
1775114190.5152261,write,k3,1225.5539894104004,False,1304,1304,,201
1775114190.515409,write,k4,1231.6248416900635,False,1231,1231,,201
1775114190.714507,write,k5,1227.7100086212158,False,1256,1256,,201
1775114190.714946,write,k3,1225.0218391418457,False,1306,1306,,201
1775114190.7152052,write,k5,1226.640224456787,False,1258,1258,,201
1775114190.7154229,write,k1,1228.29008102417,False,1280,1280,,201
1775114190.715643,write,k3,1218.2848453521729,False,1307,1307,,201
1775114190.715908,write,k5,1224.5590686798096,False,1259,1259,,201
1775114190.716108,write,k5,1231.8100929260254,False,1255,1255,,201
1775114190.716445,write,k2,1227.207899093628,False,1215,1215,,201
1775114190.716697,write,k5,1228.856086730957,False,1257,1257,,201
1775114190.7169018,write,k3,1230.99684715271,False,1305,1305,,201
1775114190.727572,read,k4,4.914999008178711,False,1244,1231,212.1601104736328,200
1775114191.044692,write,k2,1260.7917785644531,False,1216,1216,,201
1775114191.045239,write,k3,1258.8601112365723,False,1308,1308,,201
1775114191.0455449,write,k5,1257.4331760406494,False,1260,1260,,201
1775114191.045791,write,k4,1255.0480365753174,False,1232,1232,,201
1775114191.04602,write,k5,1257.498025894165,False,1263,1263,,201
1775114191.0463622,write,k1,1260.3421211242676,False,1281,1281,,201
1775114191.046674,write,k5,1255.1939487457275,False,1261,1261,,201
1775114191.0469608,write,k1,1255.8231353759766,False,1282,1282,,201
1775114191.047196,write,k2,1260.5221271514893,False,1217,1217,,201
1775114191.04741,write,k5,1255.6328773498535,False,1262,1262,,201
1775114191.059984,read,k2,6.735801696777344,False,1224,1217,12.784957885742188,200
1775114191.234863,write,k1,1228.8000583648682,False,1284,1284,,201
1775114191.235357,write,k1,1227.7350425720215,False,1283,1283,,201
1775114191.235641,write,k3,1231.0469150543213,False,1309,1309,,201
1775114191.2359009,write,k3,1229.5260429382324,False,1310,1310,,201
1775114191.236216,write,k2,1225.3460884094238,False,1218,1218,,201
1775114191.236474,write,k4,1235.2068424224854,False,1233,1233,,201
1775114191.271913,write,k3,1233.3741188049316,False,1311,1311,,201
1775114191.272595,write,k5,1234.2770099639893,False,1264,1264,,201
1775114191.273024,write,k3,1227.4823188781738,False,1312,1312,,201
1775114191.2733839,write,k1,1235.4800701141357,False,1285,1285,,201
1775114191.455356,write,k4,1223.6738204956055,False,1237,1237,,201
1775114191.455947,write,k4,1246.980905532837,False,1234,1234,,201
1775114191.456342,write,k4,1246.2677955627441,False,1235,1235,,201
1775114191.456671,write,k1,1247.3862171173096,False,1286,1286,,201
1775114191.4569752,write,k1,1249.2821216583252,False,1287,1287,,201
1775114191.457269,write,k4,1241.7449951171875,False,1236,1236,,201
1775114191.457553,write,k2,1230.574131011963,False,1219,1219,,201
1775114191.457838,write,k3,1243.121862411499,False,1313,1313,,201
1775114191.458111,write,k5,1246.2828159332275,False,1265,1265,,201
1775114191.482295,write,k3,1239.628791809082,False,1314,1314,,201
1775114191.482825,read,k5,16.63684844970703,False,1272,1265,24.713993072509766,200
1775114191.8103502,write,k3,1294.5940494537354,False,1315,1315,,201
1775114191.810579,write,k4,1295.121192932129,False,1239,1239,,201
1775114191.8107252,write,k5,1286.5447998046875,False,1267,1267,,201
1775114191.810858,write,k2,1293.9560413360596,False,1220,1220,,201
1775114191.810983,write,k4,1297.0170974731445,False,1238,1238,,201
1775114191.811109,write,k4,1292.3109531402588,False,1241,1241,,201
1775114191.8112278,write,k5,1287.4679565429688,False,1266,1266,,201
1775114191.811349,write,k4,1293.8811779022217,False,1240,1240,,201
1775114191.81147,write,k1,1287.4927520751953,False,1288,1288,,201
1775114191.811767,write,k3,1287.1489524841309,False,1316,1316,,201
1775114191.969194,write,k5,1244.2543506622314,False,1269,1269,,201
1775114191.969356,write,k4,1245.866060256958,False,1243,1243,,201
1775114191.9694479,write,k5,1248.243808746338,False,1268,1268,,201
1775114191.9695349,write,k4,1250.6532669067383,False,1242,1242,,201
1775114191.969616,write,k3,1232.3510646820068,False,1317,1317,,201
1775114191.969714,write,k1,1248.0220794677734,False,1289,1289,,201
1775114191.9697988,write,k2,1250.196933746338,False,1221,1221,,201
1775114191.969876,write,k2,1247.5006580352783,False,1222,1222,,201
1775114191.969954,write,k4,1246.7498779296875,False,1244,1244,,201
1775114191.9700391,write,k1,1247.9548454284668,False,1290,1290,,201
1775114192.317007,write,k2,1269.0448760986328,False,1224,1224,,201
1775114192.317496,write,k3,1268.0771350860596,False,1318,1318,,201
1775114192.317874,write,k3,1261.2910270690918,False,1320,1320,,201
1775114192.3181992,write,k1,1267.030954360962,False,1291,1291,,201
1775114192.318437,write,k3,1267.5108909606934,False,1319,1319,,201
1775114192.31868,write,k2,1270.2109813690186,False,1223,1223,,201
1775114192.318919,write,k1,1268.286943435669,False,1292,1292,,201
1775114192.319154,write,k5,1268.880844116211,False,1270,1270,,201
1775114192.319377,write,k5,1264.3730640411377,False,1271,1271,,201
1775114192.319585,write,k2,1251.5690326690674,False,1225,1225,,201
1775114192.325711,read,k5,4.839181900024414,False,1280,1271,6.333112716674805,200
1775114192.329513,read,k2,4.353046417236328,False,1235,1225,9.926080703735352,200
1775114192.336556,read,k4,2.045869827270508,False,1250,1244,366.59789085388184,200
1775114192.488273,write,k1,1243.5271739959717,False,1294,1294,,201
1775114192.489032,write,k2,1242.5599098205566,False,1226,1226,,201
1775114192.489665,write,k1,1249.593734741211,False,1293,1293,,201
1775114192.490195,write,k3,1253.0250549316406,False,1321,1321,,201
1775114192.4904718,write,k3,1252.098798751831,False,1322,1322,,201
1775114192.490693,write,k3,1250.1609325408936,False,1323,1323,,201
1775114192.51856,write,k2,1235.5117797851562,False,1228,1228,,201
1775114192.518964,write,k4,1235.055923461914,False,1245,1245,,201
1775114192.519239,write,k1,1242.3381805419922,False,1295,1295,,201
1775114192.5195038,write,k2,1245.1469898223877,False,1227,1227,,201
1775114192.526943,read,k1,1.4028549194335938,False,1307,1295,7.701873779296875,200
1775114192.747895,write,k2,1284.8210334777832,False,1230,1230,,201
1775114192.748373,write,k3,1285.5958938598633,False,1324,1324,,201
1775114192.748738,write,k2,1286.4277362823486,False,1229,1229,,201
1775114192.748975,write,k4,1282.3669910430908,False,1247,1247,,201
1775114192.749418,write,k4,1289.6661758422852,False,1246,1246,,201
1775114192.74979,write,k2,1287.9581451416016,False,1231,1231,,201
1775114192.750103,write,k4,1285.9258651733398,False,1246,1246,,201
1775114192.7503428,write,k5,1259.735107421875,False,1273,1273,,201
1775114192.7505548,write,k5,1284.796953201294,False,1272,1272,,201
1775114192.7507489,write,k2,1260.936975479126,False,1232,1232,,201
1775114192.756775,read,k5,2.5458335876464844,False,1284,1273,6.218910217285156,200
1775114193.051799,write,k1,1236.9558811187744,False,1296,1296,,201
1775114193.052149,write,k5,1231.2688827514648,False,1276,1276,,201
1775114193.052372,write,k1,1238.0149364471436,False,1297,1297,,201
1775114193.052574,write,k1,1232.4349880218506,False,1299,1299,,201
1775114193.0527732,write,k5,1231.5409183502197,False,1275,1275,,201
1775114193.052983,write,k4,1233.1531047821045,False,1247,1247,,201
1775114193.0531929,write,k4,1232.0928573608398,False,1248,1248,,201
1775114193.053389,write,k1,1237.6971244812012,False,1298,1298,,201
1775114193.0535839,write,k2,1233.2818508148193,False,1233,1233,,201
1775114193.0538208,write,k5,1233.0989837646484,False,1274,1274,,201
1775114193.061962,read,k2,4.663705825805664,False,1240,1233,8.37397575378418,200
1775114193.064817,read,k3,4.2819976806640625,False,1336,1324,316.28894805908203,200
1775114193.203969,write,k1,1226.992130279541,False,1301,1301,,201
1775114193.204459,write,k3,1233.2210540771484,False,1325,1325,,201
1775114193.204831,write,k5,1228.299856185913,False,1278,1278,,201
1775114193.205101,write,k4,1228.0681133270264,False,1249,1249,,201
1775114193.205367,write,k1,1229.0561199188232,False,1300,1300,,201
1775114193.205621,write,k5,1226.132869720459,False,1280,1280,,201
1775114193.205867,write,k3,1229.4228076934814,False,1326,1326,,201
1775114193.20611,write,k5,1226.5007495880127,False,1279,1279,,201
1775114193.206353,write,k2,1227.937936782837,False,1234,1234,,201
1775114193.206605,write,k5,1232.9390048980713,False,1277,1277,,201
1775114193.211765,read,k4,3.0679702758789062,False,1255,1249,6.660938262939453,200
1775114193.216529,read,k4,3.030061721801758,False,1256,1249,11.425971984863281,200
1775114193.560639,write,k4,1236.3128662109375,False,1250,1250,,201
1775114193.561405,write,k5,1233.6370944976807,False,1281,1281,,201
1775114193.5619788,write,k2,1223.395824432373,False,1237,1237,,201
1775114193.5624871,write,k1,1237.569808959961,False,1304,1304,,201
1775114193.563158,write,k3,1235.976219177246,False,1327,1327,,201
1775114193.563626,write,k1,1241.635799407959,False,1302,1302,,201
1775114193.564072,write,k1,1235.5551719665527,False,1305,1305,,201
1775114193.564511,write,k2,1244.1816329956055,False,1235,1235,,201
1775114193.564853,write,k1,1240.973711013794,False,1303,1303,,201
1775114193.565116,write,k2,1237.112283706665,False,1236,1236,,201
1775114193.5797791,read,k5,9.02104377746582,False,1287,1281,18.372774124145508,200
1775114193.736475,write,k3,1238.2090091705322,False,1329,1329,,201
1775114193.73662,write,k2,1243.7019348144531,False,1238,1238,,201
1775114193.736724,write,k5,1244.063138961792,False,1282,1282,,201
1775114193.736817,write,k1,1244.6632385253906,False,1306,1306,,201
1775114193.7369,write,k3,1236.7870807647705,False,1330,1330,,201
1775114193.7369971,write,k3,1243.150234222412,False,1328,1328,,201
1775114193.7425349,read,k4,1.0139942169189453,False,1261,1250,181.9019317626953,200
1775114193.745867,read,k4,0.9462833404541016,False,1261,1250,185.23287773132324,200
1775114193.755768,write,k5,1226.5279293060303,False,1283,1283,,201
1775114193.755893,write,k5,1221.2300300598145,False,1284,1284,,201
1775114193.75599,write,k4,1231.5146923065186,False,1251,1251,,201
1775114193.756077,write,k1,1232.5091361999512,False,1307,1307,,201
1775114193.765419,read,k1,1.1091232299804688,False,1316,1307,9.340763092041016,200
1775114193.984351,write,k3,1229.3381690979004,False,1332,1332,,201
1775114193.984863,write,k3,1231.2850952148438,False,1331,1331,,201
1775114193.9852428,write,k1,1230.470895767212,False,1308,1308,,201
1775114193.985492,write,k4,1230.9949398040771,False,1252,1252,,201
1775114193.985816,write,k1,1229.6981811523438,False,1309,1309,,201
1775114193.9925041,write,k2,1234.205961227417,False,1239,1239,,201
1775114193.992857,write,k1,1234.813928604126,False,1311,1311,,201
1775114193.993104,write,k1,1235.827922821045,False,1310,1310,,201
1775114193.993341,write,k5,1235.776662826538,False,1285,1285,,201
1775114193.9935749,write,k2,1213.3240699768066,False,1240,1240,,201
1775114194.294438,write,k3,1237.9992008209229,False,1335,1335,,201
1775114194.295161,write,k1,1232.6409816741943,False,1312,1312,,201
1775114194.2955241,write,k1,1234.4000339508057,False,1313,1313,,201
1775114194.295883,write,k3,1236.975908279419,False,1336,1336,,201
1775114194.296177,write,k3,1240.0619983673096,False,1334,1334,,201
1775114194.29646,write,k3,1220.2599048614502,False,1337,1337,,201
1775114194.297056,write,k4,1238.8389110565186,False,1254,1254,,201
1775114194.297344,write,k3,1241.947889328003,False,1333,1333,,201
1775114194.297627,write,k4,1240.9899234771729,False,1253,1253,,201
1775114194.2979882,write,k5,1231.252908706665,False,1286,1286,,201
1775114194.307733,read,k2,8.485794067382812,False,1249,1240,314.15510177612305,200
1775114194.309336,read,k3,2.913951873779297,False,1347,1337,11.989831924438477,200
1775114194.443655,write,k3,1227.7510166168213,False,1339,1339,,201
1775114194.444153,write,k4,1224.4873046875,False,1257,1257,,201
1775114194.4444952,write,k4,1231.4372062683105,False,1256,1256,,201
1775114194.4448798,write,k2,1238.1389141082764,False,1241,1241,,201
1775114194.445183,write,k2,1230.0848960876465,False,1242,1242,,201
1775114194.445462,write,k3,1237.710952758789,False,1338,1338,,201
1775114194.445744,write,k5,1231.1859130859375,False,1287,1287,,201
1775114194.446017,write,k1,1225.9740829467773,False,1315,1315,,201
1775114194.4462888,write,k1,1237.2078895568848,False,1314,1314,,201
1775114194.4465542,write,k4,1238.471269607544,False,1255,1255,,201
1775114194.4552178,read,k1,3.9451122283935547,False,1318,1315,8.926868438720703,200
1775114194.802641,write,k4,1233.6008548736572,False,1260,1260,,201
1775114194.803339,write,k3,1226.104736328125,False,1340,1340,,201
1775114194.8038678,write,k5,1228.0268669128418,False,1288,1288,,201
1775114194.8044522,write,k4,1239.2101287841797,False,1258,1258,,201
1775114194.8049212,write,k4,1238.7511730194092,False,1259,1259,,201
1775114194.80542,write,k1,1237.8008365631104,False,1316,1316,,201
1775114194.805928,write,k2,1229.0947437286377,False,1244,1244,,201
1775114194.806386,write,k2,1235.1491451263428,False,1245,1245,,201
1775114194.806837,write,k2,1241.0147190093994,False,1243,1243,,201
1775114194.8073668,write,k3,1217.0908451080322,False,1341,1341,,201
1775114194.972446,write,k3,1218.7070846557617,False,1342,1342,,201
1775114194.9731462,write,k2,1228.060007095337,False,1246,1246,,201
1775114194.9737659,write,k5,1226.8998622894287,False,1291,1291,,201
1775114194.974287,write,k4,1233.8192462921143,False,1261,1261,,201
1775114194.974682,write,k5,1229.3877601623535,False,1289,1289,,201
1775114194.975242,write,k5,1229.2380332946777,False,1290,1290,,201
1775114194.975616,write,k5,1217.527151107788,False,1292,1292,,201
1775114194.9759722,write,k5,1216.7439460754395,False,1293,1293,,201
1775114194.9793952,write,k2,1210.538625717163,False,1248,1248,,201
1775114194.9802492,write,k2,1216.0768508911133,False,1247,1247,,201
1775114194.9822981,read,k1,4.783153533935547,False,1322,1316,176.8791675567627,200
1775114194.987007,read,k3,6.660223007202148,False,1354,1342,14.564752578735352,200
1775114195.239189,write,k3,1241.3649559020996,False,1344,1344,,201
1775114195.239628,write,k5,1238.6770248413086,False,1297,1297,,201
1775114195.239871,write,k3,1240.6468391418457,False,1345,1345,,201
1775114195.240101,write,k2,1252.9640197753906,False,1249,1249,,201
1775114195.2403278,write,k4,1243.528127670288,False,1263,1263,,201
1775114195.240549,write,k5,1242.1181201934814,False,1296,1296,,201
1775114195.2407591,write,k5,1251.8131732940674,False,1294,1294,,201
1775114195.240961,write,k5,1252.3760795593262,False,1295,1295,,201
1775114195.241162,write,k4,1253.4840106964111,False,1262,1262,,201
1775114195.241354,write,k3,1250.2660751342773,False,1343,1343,,201
1775114195.2536929,read,k3,6.023883819580078,False,1356,1345,12.33530044555664,200
1775114195.542499,write,k4,1230.3900718688965,False,1265,1265,,201
1775114195.543477,write,k3,1244.5998191833496,False,1347,1347,,201
1775114195.543992,write,k4,1245.879888534546,False,1264,1264,,201
1775114195.5443578,write,k2,1230.4701805114746,False,1250,1250,,201
1775114195.545245,write,k5,1242.4519062042236,False,1298,1298,,201
1775114195.545738,write,k3,1241.236925125122,False,1348,1348,,201
1775114195.546017,write,k3,1245.5809116363525,False,1346,1346,,201
1775114195.546443,write,k3,1241.229772567749,False,1349,1349,,201
1775114195.5468569,write,k1,1244.7521686553955,False,1317,1317,,201
1775114195.547185,write,k3,1240.2050495147705,False,1350,1350,,201
1775114195.7047071,write,k3,1257.3931217193604,False,1351,1351,,201
1775114195.704884,write,k2,1252.959966659546,False,1251,1251,,201
1775114195.7050061,write,k4,1244.6730136871338,False,1266,1266,,201
1775114195.705118,write,k3,1254.3659210205078,False,1352,1352,,201
1775114195.705235,write,k1,1249.6612071990967,False,1319,1319,,201
1775114195.705338,write,k2,1251.9559860229492,False,1253,1253,,201
1775114195.705441,write,k3,1251.7859935760498,False,1353,1353,,201
1775114195.7055411,write,k2,1252.4919509887695,False,1252,1252,,201
1775114195.7056441,write,k3,1251.1849403381348,False,1354,1354,,201
1775114195.705747,write,k1,1259.1021060943604,False,1318,1318,,201
1775114195.711477,read,k3,0.579833984375,False,1364,1354,5.83195686340332,200
1775114195.712922,read,k3,0.6077289581298828,False,1364,1354,7.277011871337891,200
1775114196.0549161,write,k2,1239.612340927124,False,1255,1255,,201
1775114196.055546,write,k4,1246.8531131744385,False,1268,1268,,201
1775114196.055923,write,k1,1244.7350025177002,False,1320,1320,,201
1775114196.05671,write,k1,1244.1396713256836,False,1321,1321,,201
1775114196.057138,write,k1,1241.6391372680664,False,1322,1322,,201
1775114196.057431,write,k5,1247.6270198822021,False,1299,1299,,201
1775114196.057674,write,k4,1242.846965789795,False,1270,1270,,201
1775114196.057905,write,k4,1249.8211860656738,False,1267,1267,,201
1775114196.058125,write,k4,1247.3342418670654,False,1269,1269,,201
1775114196.058343,write,k2,1249.3362426757812,False,1254,1254,,201
1775114196.059736,read,k3,0.6749629974365234,False,1366,1354,354.08997535705566,200
1775114196.06018,read,k4,0.7941722869873047,False,1273,1270,2.054929733276367,200
1775114196.063464,read,k3,1.238107681274414,False,1367,1354,357.8188419342041,200
1775114196.063607,read,k5,0.9610652923583984,False,1307,1299,6.176948547363281,200
1775114196.0753338,read,k1,1.3821125030517578,False,1337,1322,18.193960189819336,200
1775114196.218106,write,k2,1233.016014099121,False,1257,1257,,201
1775114196.218504,write,k5,1237.3590469360352,False,1301,1301,,201
1775114196.2187781,write,k2,1239.2680644989014,False,1256,1256,,201
1775114196.219021,write,k5,1242.821216583252,False,1300,1300,,201
1775114196.2193,write,k5,1237.673044204712,False,1302,1302,,201
1775114196.2195241,write,k3,1234.8532676696777,False,1355,1355,,201
1775114196.219732,write,k1,1236.4239692687988,False,1323,1323,,201
1775114196.220192,write,k2,1231.6961288452148,False,1258,1258,,201
1775114196.220466,write,k3,1236.7188930511475,False,1356,1356,,201
1775114196.2207282,write,k5,1234.3950271606445,False,1303,1303,,201
1775114196.23246,read,k1,4.164934158325195,False,1338,1323,12.722969055175781,200
1775114196.4832451,write,k5,1231.7471504211426,False,1305,1305,,201
1775114196.483903,write,k4,1235.9230518341064,False,1272,1272,,201
1775114196.4842849,write,k1,1235.8169555664062,False,1326,1326,,201
1775114196.4846568,write,k4,1238.469123840332,False,1271,1271,,201
1775114196.484941,write,k1,1225.7888317108154,False,1327,1327,,201
1775114196.4852118,write,k3,1236.5140914916992,False,1357,1357,,201
1775114196.485475,write,k5,1238.1069660186768,False,1304,1304,,201
1775114196.485732,write,k1,1238.7077808380127,False,1324,1324,,201
1775114196.485984,write,k1,1237.7629280090332,False,1325,1325,,201
1775114196.486249,write,k3,1235.0070476531982,False,1358,1358,,201
1775114196.4958599,read,k2,2.4509429931640625,False,1269,1258,275.6659984588623,200
1775114196.776582,write,k4,1224.7202396392822,False,1273,1273,,201
1775114196.777111,write,k2,1222.6037979125977,False,1260,1260,,201
1775114196.7775302,write,k2,1229.048728942871,False,1259,1259,,201
1775114196.777832,write,k3,1226.365089416504,False,1360,1360,,201
1775114196.778112,write,k3,1230.8359146118164,False,1359,1359,,201
1775114196.778378,write,k3,1225.1029014587402,False,1361,1361,,201
1775114196.778646,write,k1,1226.6597747802734,False,1329,1329,,201
1775114196.7789068,write,k1,1230.9041023254395,False,1328,1328,,201
1775114196.779159,write,k2,1224.9767780303955,False,1261,1261,,201
1775114196.779406,write,k1,1225.464105606079,False,1330,1330,,201
1775114196.7924988,read,k5,3.4990310668945312,False,1312,1305,307.0211410522461,200
1775114196.935044,write,k2,1228.4510135650635,False,1262,1262,,201
1775114196.93546,write,k5,1226.7401218414307,False,1306,1306,,201
1775114196.935714,write,k3,1225.423812866211,False,1364,1364,,201
1775114196.9359841,write,k1,1223.3819961547852,False,1333,1333,,201
1775114196.9362109,write,k1,1230.2908897399902,False,1331,1331,,201
1775114196.9364412,write,k3,1228.7940979003906,False,1362,1362,,201
1775114196.936662,write,k1,1230.341911315918,False,1332,1332,,201
1775114196.936884,write,k3,1226.9041538238525,False,1363,1363,,201
1775114196.9383109,write,k3,1218.493938446045,False,1365,1365,,201
1775114196.93923,write,k3,1219.5689678192139,False,1366,1366,,201
1775114196.947529,read,k3,4.729986190795898,False,1377,1366,8.295059204101562,200
1775114197.285318,write,k3,1225.5220413208008,False,1367,1367,,201
1775114197.285559,write,k5,1222.4540710449219,False,1308,1308,,201
1775114197.2857249,write,k1,1227.3249626159668,False,1334,1334,,201
1775114197.285871,write,k5,1215.587854385376,False,1310,1310,,201
1775114197.286005,write,k1,1215.9721851348877,False,1337,1337,,201
1775114197.286144,write,k5,1223.689079284668,False,1307,1307,,201
1775114197.286273,write,k1,1222.5251197814941,False,1336,1336,,201
1775114197.286405,write,k5,1220.700979232788,False,1309,1309,,201
1775114197.2865322,write,k1,1226.599931716919,False,1335,1335,,201
1775114197.33736,write,k2,1253.1070709228516,False,1263,1263,,201
1775114197.487537,write,k3,1259.7320079803467,False,1369,1369,,201
1775114197.48802,write,k3,1258.3940029144287,False,1370,1370,,201
1775114197.488288,write,k3,1258.2719326019287,False,1371,1371,,201
1775114197.488513,write,k3,1263.9620304107666,False,1368,1368,,201
1775114197.488757,write,k4,1265.7411098480225,False,1274,1274,,201
1775114197.488957,write,k2,1266.880989074707,False,1264,1264,,201
1775114197.489153,write,k5,1267.9989337921143,False,1311,1311,,201
1775114197.4893389,write,k1,1262.3827457427979,False,1338,1338,,201
1775114197.489526,write,k2,1255.4361820220947,False,1266,1266,,201
1775114197.48971,write,k2,1265.96999168396,False,1265,1265,,201
1775114197.500415,read,k3,4.424810409545898,False,1383,1371,11.898040771484375,200
1775114197.710691,write,k2,1219.5310592651367,False,1268,1268,,201
1775114197.7112892,write,k2,1220.8850383758545,False,1267,1267,,201
1775114197.7115781,write,k2,1219.6471691131592,False,1269,1269,,201
1775114197.711832,write,k2,1216.7580127716064,False,1270,1270,,201
1775114197.712065,write,k4,1219.4809913635254,False,1276,1276,,201
1775114197.7122838,write,k4,1214.8067951202393,False,1277,1277,,201
1775114197.712498,write,k5,1224.0378856658936,False,1312,1312,,201
1775114197.712703,write,k1,1223.7999439239502,False,1339,1339,,201
1775114197.712904,write,k4,1225.7499694824219,False,1275,1275,,201
1775114197.713099,write,k3,1218.4338569641113,False,1372,1372,,201
1775114197.71525,read,k4,2.061128616333008,False,1283,1277,2.3441314697265625,200
1775114197.721014,read,k2,3.57818603515625,False,1279,1270,9.178876876831055,200
1775114198.031502,write,k5,1242.0578002929688,False,1313,1313,,201
1775114198.034513,write,k2,1254.4729709625244,False,1271,1271,,201
1775114198.034807,write,k3,1246.170997619629,False,1374,1374,,201
1775114198.035826,write,k4,1255.199909210205,False,1278,1278,,201
1775114198.0368938,write,k3,1254.4729709625244,False,1373,1373,,201
1775114198.037781,write,k1,1256.4709186553955,False,1340,1340,,201
1775114198.038317,write,k4,1254.2619705200195,False,1279,1279,,201
1775114198.038746,write,k2,1257.746934890747,False,1272,1272,,201
1775114198.038995,write,k4,1245.0122833251953,False,1280,1280,,201
1775114198.039905,write,k2,1256.5088272094727,False,1273,1273,,201
1775114198.1784651,write,k1,1234.5249652862549,False,1342,1342,,201
1775114198.178941,write,k1,1230.438232421875,False,1343,1343,,201
1775114198.179136,write,k5,1239.8262023925781,False,1314,1314,,201
1775114198.179266,write,k4,1237.9257678985596,False,1281,1281,,201
1775114198.179379,write,k3,1238.9309406280518,False,1376,1376,,201
1775114198.17949,write,k1,1241.0807609558105,False,1341,1341,,201
1775114198.1795998,write,k5,1238.523006439209,False,1315,1315,,201
1775114198.179704,write,k3,1239.548921585083,False,1375,1375,,201
1775114198.1798122,write,k3,1222.545862197876,False,1378,1378,,201
1775114198.179988,write,k3,1238.3859157562256,False,1377,1377,,201
1775114198.5402508,write,k3,1247.4219799041748,False,1381,1381,,201
1775114198.540811,write,k3,1247.4792003631592,False,1380,1380,,201
1775114198.5411892,write,k5,1249.6378421783447,False,1316,1316,,201
1775114198.5415092,write,k3,1250.4360675811768,False,1379,1379,,201
1775114198.54187,write,k2,1250.5018711090088,False,1275,1275,,201
1775114198.542159,write,k3,1249.5229244232178,False,1382,1382,,201
1775114198.542429,write,k2,1250.288963317871,False,1276,1276,,201
1775114198.542699,write,k5,1250.3929138183594,False,1317,1317,,201
1775114198.5473,write,k2,1255.5897235870361,False,1274,1274,,201
1775114198.6076212,write,k1,1264.571189880371,False,1344,1344,,201
1775114198.734815,write,k1,1239.3112182617188,False,1347,1347,,201
1775114198.7353659,write,k5,1239.1242980957031,False,1319,1319,,201
1775114198.73573,write,k1,1242.8317070007324,False,1346,1346,,201
1775114198.73605,write,k5,1242.130994796753,False,1318,1318,,201
1775114198.736377,write,k4,1241.5742874145508,False,1282,1282,,201
1775114198.73673,write,k3,1243.0691719055176,False,1383,1383,,201
1775114198.737084,write,k4,1237.886905670166,False,1283,1283,,201
1775114198.7374249,write,k1,1245.2330589294434,False,1345,1345,,201
1775114198.7377799,write,k2,1240.9448623657227,False,1277,1277,,201
1775114198.738116,write,k1,1233.414888381958,False,1348,1348,,201
1775114198.7483342,read,k1,2.0499229431152344,False,1360,1348,10.21575927734375,200
1775114198.94539,write,k2,1230.0341129302979,False,1278,1278,,201
1775114198.945956,write,k5,1224.492073059082,False,1323,1323,,201
1775114198.9463959,write,k1,1227.2329330444336,False,1349,1349,,201
1775114198.9468422,write,k5,1229.6950817108154,False,1321,1321,,201
1775114198.9471529,write,k1,1226.8931865692139,False,1350,1350,,201
1775114198.947423,write,k4,1219.5017337799072,False,1284,1284,,201
1775114198.947685,write,k5,1233.5469722747803,False,1320,1320,,201
1775114198.9479501,write,k1,1226.8009185791016,False,1351,1351,,201
1775114198.948189,write,k2,1232.2239875793457,False,1279,1279,,201
1775114198.948391,write,k5,1231.572151184082,False,1322,1322,,201
1775114199.327393,write,k4,1268.29195022583,False,1285,1285,,201
1775114199.3280058,write,k3,1268.2318687438965,False,1384,1384,,201
1775114199.328331,write,k1,1268.176794052124,False,1353,1353,,201
1775114199.328587,write,k1,1268.2018280029297,False,1352,1352,,201
1775114199.328896,write,k1,1288.8660430908203,False,1354,1354,,201
1775114199.3291242,write,k2,1269.665002822876,False,1280,1280,,201
1775114199.329342,write,k1,1269.0727710723877,False,1355,1355,,201
1775114199.3295538,write,k3,1269.5248126983643,False,1385,1385,,201
1775114199.330074,write,k4,1270.18404006958,False,1286,1286,,201
1775114199.330383,write,k2,1270.768165588379,False,1281,1281,,201
1775114199.426521,write,k5,1241.896152496338,False,1324,1324,,201
1775114199.42706,write,k4,1243.034839630127,False,1287,1287,,201
1775114199.427428,write,k3,1242.6989078521729,False,1387,1387,,201
1775114199.4278028,write,k4,1242.4349784851074,False,1288,1288,,201
1775114199.4281018,write,k2,1244.7478771209717,False,1282,1282,,201
1775114199.428386,write,k1,1244.607925415039,False,1356,1356,,201
1775114199.428652,write,k1,1242.2740459442139,False,1357,1357,,201
1775114199.428951,write,k4,1241.7609691619873,False,1289,1289,,201
1775114199.429288,write,k3,1245.6459999084473,False,1386,1386,,201
1775114199.429618,write,k3,1245.7139492034912,False,1386,1386,,201
1775114199.43487,read,k5,4.301786422729492,False,1328,1324,8.34798812866211,200
1775114199.4424,read,k2,4.260063171386719,False,1294,1282,14.293909072875977,200
1775114199.454319,read,k5,2.1691322326660156,False,1330,1324,27.79698371887207,200
1775114199.759339,write,k2,1215.811014175415,False,1283,1283,,201
1775114199.761157,write,k2,1212.7771377563477,False,1284,1284,,201
1775114199.761312,write,k3,1211.8761539459229,False,1388,1388,,201
1775114199.76144,write,k3,1215.203046798706,False,1387,1387,,201
1775114199.771786,read,k4,1.3210773468017578,False,1304,1289,342.8339958190918,200
1775114199.775337,write,k1,1222.85795211792,False,1358,1358,,201
1775114199.7790542,write,k3,1226.931095123291,False,1389,1389,,201
1775114199.7794318,write,k4,1229.4809818267822,False,1290,1290,,201
1775114199.779852,write,k4,1228.6169528961182,False,1291,1291,,201
1775114199.780097,write,k3,1224.074125289917,False,1390,1390,,201
1775114199.789505,read,k3,1.508951187133789,False,1396,1390,9.402751922607422,200
1775114199.8367512,write,k5,1222.6741313934326,False,1325,1325,,201
1775114199.96744,write,k4,1226.1698246002197,False,1292,1292,,201
1775114199.967839,write,k3,1223.7391471862793,False,1392,1392,,201
1775114199.968111,write,k2,1225.2960205078125,False,1287,1287,,201
1775114199.968524,write,k2,1227.6232242584229,False,1286,1286,,201
1775114199.968779,write,k1,1228.8899421691895,False,1359,1359,,201
1775114199.969028,write,k3,1226.5799045562744,False,1391,1391,,201
1775114199.969269,write,k2,1217.371940612793,False,1288,1288,,201
1775114199.969472,write,k4,1225.0611782073975,False,1293,1293,,201
1775114199.9696739,write,k2,1229.1557788848877,False,1285,1285,,201
1775114199.96994,write,k1,1226.8011569976807,False,1360,1360,,201
1775114200.169373,write,k2,1219.3849086761475,False,1289,1289,,201
1775114200.169943,write,k5,1218.8091278076172,False,1326,1326,,201
1775114200.173291,write,k2,1220.426082611084,False,1290,1290,,201
1775114200.188237,write,k5,1234.320878982544,False,1327,1327,,201
1775114200.18879,write,k1,1235.2302074432373,False,1361,1361,,201
1775114200.189148,write,k3,1234.990119934082,False,1393,1393,,201
1775114200.189523,write,k1,1231.9810390472412,False,1362,1362,,201
1775114200.189801,write,k5,1231.0538291931152,False,1328,1328,,201
1775114200.1901162,write,k4,1231.6460609436035,False,1294,1294,,201
1775114200.1903849,write,k1,1233.35599899292,False,1363,1363,,201
1775114200.5718038,write,k4,1241.2939071655273,False,1295,1295,,201
1775114200.572271,write,k4,1241.2631511688232,False,1296,1296,,201
1775114200.57268,write,k4,1238.9068603515625,False,1299,1299,,201
1775114200.57299,write,k4,1240.9160137176514,False,1297,1297,,201
1775114200.5732942,write,k2,1238.5790348052979,False,1291,1291,,201
1775114200.573575,write,k4,1236.2329959869385,False,1300,1300,,201
1775114200.573844,write,k2,1237.4138832092285,False,1292,1292,,201
1775114200.57411,write,k4,1240.7519817352295,False,1298,1298,,201
1775114200.574433,write,k3,1242.0589923858643,False,1394,1394,,201
1775114200.574799,write,k1,1238.7089729309082,False,1364,1364,,201
1775114200.5825431,read,k4,3.4422874450683594,False,1308,1300,8.430004119873047,200
1775114200.583204,read,k5,3.6497116088867188,False,1333,1328,393.3999538421631,200
1775114200.679069,write,k5,1246.0319995880127,False,1329,1329,,201
1775114200.679638,write,k2,1240.3812408447266,False,1295,1295,,201
1775114200.680107,write,k5,1242.779016494751,False,1330,1330,,201
1775114200.680418,write,k2,1247.842788696289,False,1294,1294,,201
1775114200.680725,write,k3,1243.8468933105469,False,1396,1396,,201
1775114200.68102,write,k3,1247.6449012756348,False,1395,1395,,201
1775114200.681291,write,k1,1242.8100109100342,False,1365,1365,,201
1775114200.681559,write,k2,1250.4041194915771,False,1293,1293,,201
1775114200.681819,write,k4,1241.7168617248535,False,1301,1301,,201
1775114200.6821089,write,k4,1225.942850112915,False,1302,1302,,201
1775114200.6865978,read,k2,3.8101673126220703,False,1306,1295,5.037069320678711,200
1775114200.987157,write,k4,1219.8421955108643,False,1304,1304,,201
1775114200.9877949,write,k4,1220.9892272949219,False,1303,1303,,201
1775114200.988495,write,k1,1223.3076095581055,False,1366,1366,,201
1775114200.9922519,write,k2,1214.2832279205322,False,1297,1297,,201
1775114200.993551,write,k2,1219.1190719604492,False,1296,1296,,201
1775114201.005941,write,k1,1219.486951828003,False,1368,1368,,201
1775114201.0063329,write,k1,1224.048137664795,False,1367,1367,,201
1775114201.0175412,write,k2,1224.6358394622803,False,1298,1298,,201
1775114201.017865,write,k1,1228.2202243804932,False,1369,1369,,201
1775114201.0897112,write,k2,1241.401195526123,False,1299,1299,,201
1775114201.094864,read,k3,2.4712085723876953,False,1406,1396,413.84029388427734,200
1775114201.197802,write,k2,1223.7191200256348,False,1301,1301,,201
1775114201.1981702,write,k3,1226.8590927124023,False,1397,1397,,201
1775114201.198498,write,k2,1227.6086807250977,False,1300,1300,,201
1775114201.1988192,write,k5,1220.257043838501,False,1331,1331,,201
1775114201.199048,write,k1,1226.3050079345703,False,1370,1370,,201
1775114201.199303,write,k3,1222.8808403015137,False,1398,1398,,201
1775114201.199546,write,k1,1225.1441478729248,False,1372,1372,,201
1775114201.199759,write,k1,1226.3531684875488,False,1371,1371,,201
1775114201.219403,write,k2,1240.2870655059814,False,1302,1302,,201
1775114201.2201111,write,k3,1236.1888885498047,False,1399,1399,,201
1775114201.407716,write,k3,1227.6060581207275,False,1400,1400,,201
1775114201.408073,write,k1,1225.9159088134766,False,1374,1374,,201
1775114201.408397,write,k1,1237.4510765075684,False,1373,1373,,201
1775114201.411426,write,k1,1218.0469036102295,False,1375,1375,,201
1775114201.412082,write,k2,1215.8191204071045,False,1303,1303,,201
1775114201.412419,write,k5,1219.7630405426025,False,1332,1332,,201
1775114201.412641,write,k2,1213.6168479919434,False,1304,1304,,201
1775114201.4129438,write,k4,1213.4299278259277,False,1306,1306,,201
1775114201.413173,write,k4,1217.4768447875977,False,1305,1305,,201
1775114201.41343,write,k3,1216.4039611816406,False,1401,1401,,201
1775114201.4246001,read,k2,6.185054779052734,False,1318,1304,11.955976486206055,200
1775114201.819392,write,k1,1244.4489002227783,False,1376,1376,,201
1775114201.8198972,write,k2,1244.3859577178955,False,1305,1305,,201
1775114201.821516,write,k4,1228.369951248169,False,1309,1309,,201
1775114201.822538,write,k4,1246.697187423706,False,1308,1308,,201
1775114201.8228228,write,k5,1241.5688037872314,False,1334,1334,,201
1775114201.8230772,write,k4,1246.9329833984375,False,1307,1307,,201
1775114201.8233228,write,k2,1243.0801391601562,False,1306,1306,,201
1775114201.823576,write,k3,1242.9451942443848,False,1402,1402,,201
1775114201.8238568,write,k5,1235.0232601165771,False,1335,1335,,201
1775114201.824137,write,k5,1246.0808753967285,False,1333,1333,,201
1775114201.826008,read,k2,4.294872283935547,False,1319,1306,2.6819705963134766,200
1775114201.832673,read,k1,4.009008407592773,False,1378,1376,13.279914855957031,200
1775114201.9270039,write,k2,1238.0800247192383,False,1308,1308,,201
1775114201.927526,write,k2,1236.166000366211,False,1310,1310,,201
1775114201.928006,write,k4,1237.9610538482666,False,1311,1311,,201
1775114201.928277,write,k2,1240.1208877563477,False,1307,1307,,201
1775114201.92853,write,k5,1242.629051208496,False,1336,1336,,201
1775114201.92879,write,k2,1238.191843032837,False,1309,1309,,201
1775114201.92907,write,k3,1246.856927871704,False,1403,1403,,201
1775114201.929343,write,k5,1242.0496940612793,False,1337,1337,,201
1775114201.929604,write,k3,1239.975929260254,False,1404,1404,,201
1775114201.929926,write,k4,1244.9660301208496,False,1310,1310,,201
1775114202.231099,write,k1,1236.177921295166,False,1377,1377,,201
1775114202.231263,write,k3,1234.476089477539,False,1405,1405,,201
1775114202.23136,write,k1,1215.2519226074219,False,1378,1378,,201
1775114202.231463,write,k3,1227.88405418396,False,1406,1406,,201
1775114202.2315469,write,k4,1214.799165725708,False,1312,1312,,201
1775114202.231634,write,k2,1241.9641017913818,False,1311,1311,,201
1775114202.2317271,write,k2,1229.1560173034668,False,1312,1312,,201
1775114202.236463,write,k5,1217.1387672424316,False,1338,1338,,201
1775114202.236553,write,k5,1216.874361038208,False,1339,1339,,201
1775114202.238644,read,k1,1.1210441589355469,False,1380,1378,7.28297233581543,200
1775114202.239188,read,k5,1.3129711151123047,False,1350,1339,2.6340484619140625,200
1775114202.2418292,read,k3,1.2841224670410156,False,1421,1406,10.36524772644043,200
1775114202.2474198,read,k4,1.31988525390625,False,1320,1312,15.872716903686523,200
1775114202.333434,write,k4,1229.6929359436035,False,1313,1313,,201
1775114202.4401479,write,k3,1230.6911945343018,False,1409,1409,,201
1775114202.440326,write,k3,1239.3748760223389,False,1407,1407,,201
1775114202.44046,write,k2,1230.5662631988525,False,1315,1315,,201
1775114202.4405918,write,k5,1219.4418907165527,False,1341,1341,,201
1775114202.440717,write,k2,1235.0008487701416,False,1314,1314,,201
1775114202.4408362,write,k2,1234.6220016479492,False,1313,1313,,201
1775114202.4409568,write,k3,1234.1439723968506,False,1410,1410,,201
1775114202.441071,write,k3,1240.5807971954346,False,1408,1408,,201
1775114202.441188,write,k5,1234.7099781036377,False,1340,1340,,201
1775114202.4647,write,k2,1236.1760139465332,False,1316,1316,,201
1775114202.6422,write,k3,1225.080966949463,False,1412,1412,,201
1775114202.642553,write,k2,1227.6411056518555,False,1318,1318,,201
1775114202.643064,write,k4,1225.315809249878,False,1314,1314,,201
1775114202.643522,write,k4,1224.463939666748,False,1315,1315,,201
1775114202.643809,write,k2,1230.2589416503906,False,1317,1317,,201
1775114202.643992,write,k4,1224.031925201416,False,1316,1316,,201
1775114202.644171,write,k3,1227.4091243743896,False,1411,1411,,201
1775114202.644348,write,k5,1226.8517017364502,False,1342,1342,,201
1775114202.6447191,write,k5,1224.395990371704,False,1343,1343,,201
1775114202.64894,write,k2,1218.599796295166,False,1319,1319,,201
1775114202.65219,read,k4,2.0029544830322266,False,1323,1316,8.195877075195312,200
1775114203.050714,write,k5,1219.4890975952148,False,1345,1345,,201
1775114203.051338,write,k4,1226.473093032837,False,1317,1317,,201
1775114203.0517561,write,k2,1223.9179611206055,False,1320,1320,,201
1775114203.0521212,write,k3,1220.2198505401611,False,1414,1414,,201
1775114203.0524049,write,k4,1219.2089557647705,False,1318,1318,,201
1775114203.052737,write,k3,1222.49174118042,False,1413,1413,,201
1775114203.0530481,write,k5,1215.904712677002,False,1346,1346,,201
1775114203.053395,write,k5,1223.8049507141113,False,1344,1344,,201
1775114203.0537941,write,k3,1219.8479175567627,False,1415,1415,,201
1775114203.05411,write,k2,1225.8291244506836,False,1321,1321,,201
1775114203.158518,write,k1,1225.6581783294678,False,1379,1379,,201
1775114203.159276,write,k1,1225.5091667175293,False,1380,1380,,201
1775114203.159749,write,k3,1228.5981178283691,False,1416,1416,,201
1775114203.160078,write,k4,1225.2027988433838,False,1319,1319,,201
1775114203.160379,write,k3,1221.9910621643066,False,1419,1419,,201
1775114203.1606982,write,k3,1226.5429496765137,False,1417,1417,,201
1775114203.160989,write,k5,1230.4089069366455,False,1347,1347,,201
1775114203.161262,write,k3,1226.0549068450928,False,1418,1418,,201
1775114203.161589,write,k5,1223.6049175262451,False,1348,1348,,201
1775114203.161858,write,k4,1225.9962558746338,False,1320,1320,,201
1775114203.1758668,read,k1,6.067991256713867,False,1392,1380,16.5860652923584,200
1775114203.1763241,read,k5,8.050918579101562,False,1360,1348,14.734029769897461,200
1775114203.466603,write,k3,1231.8499088287354,False,1420,1420,,201
1775114203.4679449,write,k2,1231.637954711914,False,1322,1322,,201
1775114203.468554,write,k2,1223.5848903656006,False,1323,1323,,201
1775114203.4690151,write,k3,1229.3570041656494,False,1421,1421,,201
1775114203.469432,write,k5,1232.0458889007568,False,1350,1350,,201
1775114203.4698398,write,k1,1232.6138019561768,False,1381,1381,,201
1775114203.470211,write,k5,1236.048698425293,False,1349,1349,,201
1775114203.47057,write,k1,1217.6930904388428,False,1382,1382,,201
1775114203.474972,write,k2,1216.9418334960938,False,1324,1324,,201
1775114203.484514,read,k1,10.363101959228516,False,1392,1382,13.941049575805664,200
1775114203.486764,read,k4,9.458780288696289,False,1328,1320,324.9039649963379,200
1775114203.4871092,read,k4,3.68499755859375,False,1328,1320,325.25110244750977,200
1775114203.567652,write,k5,1232.4228286743164,False,1351,1351,,201
1775114203.685102,write,k4,1241.5218353271484,False,1321,1321,,201
1775114203.68528,write,k3,1239.2668724060059,False,1422,1422,,201
1775114203.685418,write,k3,1238.7311458587646,False,1423,1423,,201
1775114203.6855302,write,k1,1241.549015045166,False,1383,1383,,201
1775114203.685645,write,k1,1236.128807067871,False,1385,1385,,201
1775114203.685756,write,k5,1239.184856414795,False,1352,1352,,201
1775114203.685863,write,k1,1237.5750541687012,False,1384,1384,,201
1775114203.685966,write,k2,1234.5571517944336,False,1326,1326,,201
1775114203.686073,write,k2,1243.6878681182861,False,1325,1325,,201
1775114203.686872,write,k4,1218.7089920043945,False,1322,1322,,201
1775114203.695392,read,k2,0.5288124084472656,False,1335,1326,9.317874908447266,200
1775114203.895404,write,k1,1241.7550086975098,False,1390,1390,,201
1775114203.896278,write,k1,1245.4781532287598,False,1389,1389,,201
1775114203.896843,write,k1,1248.4111785888672,False,1386,1386,,201
1775114203.8973062,write,k1,1248.075008392334,False,1388,1388,,201
1775114203.8976068,write,k1,1248.607873916626,False,1387,1387,,201
1775114203.8979242,write,k3,1250.1540184020996,False,1424,1424,,201
1775114203.898268,write,k4,1247.7679252624512,False,1323,1323,,201
1775114203.8986611,write,k4,1238.6791706085205,False,1325,1325,,201
1775114203.8989592,write,k3,1244.5931434631348,False,1425,1425,,201
1775114203.8992279,write,k4,1246.3068962097168,False,1324,1324,,201
1775114203.906653,read,k2,3.6699771881103516,False,1336,1326,220.57390213012695,200
1775114203.907521,read,k5,4.836797714233398,False,1364,1352,221.76218032836914,200
1775114203.924984,read,k2,5.092144012451172,False,1336,1326,238.9059066772461,200
1775114204.300236,write,k3,1245.9139823913574,False,1426,1426,,201
1775114204.300951,write,k4,1243.4020042419434,False,1326,1326,,201
1775114204.301399,write,k5,1243.433952331543,False,1355,1355,,201
1775114204.3017979,write,k2,1239.6397590637207,False,1328,1328,,201
1775114204.3020952,write,k5,1241.4851188659668,False,1356,1356,,201
1775114204.3023832,write,k5,1247.4260330200195,False,1353,1353,,201
1775114204.3028018,write,k2,1243.908166885376,False,1327,1327,,201
1775114204.3030689,write,k5,1241.6181564331055,False,1357,1357,,201
1775114204.305648,write,k5,1241.877794265747,False,1358,1358,,201
1775114204.306001,write,k5,1249.4142055511475,False,1354,1354,,201
1775114204.401036,write,k1,1234.6019744873047,False,1391,1391,,201
1775114204.401587,write,k3,1236.4501953125,False,1428,1428,,201
1775114204.401935,write,k4,1232.9320907592773,False,1327,1327,,201
1775114204.4022,write,k1,1235.0010871887207,False,1392,1392,,201
1775114204.402533,write,k3,1238.0778789520264,False,1427,1427,,201
1775114204.402807,write,k2,1236.7968559265137,False,1329,1329,,201
1775114204.4030862,write,k5,1232.6159477233887,False,1360,1360,,201
1775114204.403332,write,k5,1232.0671081542969,False,1359,1359,,201
1775114204.4164622,write,k4,1232.2418689727783,False,1328,1328,,201
1775114204.4169521,write,k3,1231.429100036621,False,1429,1429,,201
1775114204.7100039,write,k2,1234.2510223388672,False,1331,1331,,201
1775114204.710602,write,k2,1238.5880947113037,False,1330,1330,,201
1775114204.7188742,write,k5,1228.5706996917725,False,1361,1361,,201
1775114204.720022,write,k1,1237.8389835357666,False,1394,1394,,201
1775114204.720317,write,k2,1237.6041412353516,False,1332,1332,,201
1775114204.7206101,write,k1,1243.7970638275146,False,1393,1393,,201
1775114204.720974,write,k3,1229.339838027954,False,1430,1430,,201
1775114204.721281,write,k2,1232.0430278778076,False,1334,1334,,201
1775114204.72279,write,k2,1239.7398948669434,False,1333,1333,,201
1775114204.810705,write,k3,1231.3780784606934,False,1431,1431,,201
1775114204.932885,write,k5,1233.0501079559326,False,1364,1364,,201
1775114204.933258,write,k1,1239.250898361206,False,1396,1396,,201
1775114204.933537,write,k3,1241.0080432891846,False,1433,1433,,201
1775114204.9337559,write,k3,1243.9019680023193,False,1432,1432,,201
1775114204.9339688,write,k5,1240.492820739746,False,1363,1363,,201
1775114204.9341812,write,k4,1244.7350025177002,False,1329,1329,,201
1775114204.9343932,write,k5,1243.300199508667,False,1362,1362,,201
1775114204.934722,write,k3,1241.8441772460938,False,1434,1434,,201
1775114204.935034,write,k2,1240.427017211914,False,1335,1335,,201
1775114204.93528,write,k1,1242.555856704712,False,1395,1395,,201
1775114204.944886,read,k3,5.684137344360352,False,1440,1434,10.161876678466797,200
1775114205.124927,write,k4,1223.2351303100586,False,1330,1330,,201
1775114205.1257138,write,k4,1223.4058380126953,False,1331,1331,,201
1775114205.1263082,write,k1,1225.888967514038,False,1398,1398,,201
1775114205.126702,write,k2,1225.4467010498047,False,1336,1336,,201
1775114205.1270232,write,k1,1227.2670269012451,False,1397,1397,,201
1775114205.131331,write,k5,1227.4487018585205,False,1366,1366,,201
1775114205.131847,write,k5,1226.9330024719238,False,1365,1365,,201
1775114205.13233,write,k3,1226.6297340393066,False,1435,1435,,201
1775114205.135152,write,k4,1225.1508235931396,False,1332,1332,,201
1775114205.1405172,read,k3,1.9299983978271484,False,1443,1435,8.185148239135742,200
1775114205.156298,write,k4,1222.139835357666,False,1333,1333,,201
1775114205.531611,write,k4,1225.450038909912,False,1334,1334,,201
1775114205.5319738,write,k4,1220.80397605896,False,1335,1335,,201
1775114205.5322602,write,k3,1218.149185180664,False,1436,1436,,201
1775114205.532532,write,k1,1225.0289916992188,False,1400,1400,,201
1775114205.532755,write,k5,1225.9819507598877,False,1367,1367,,201
1775114205.532994,write,k1,1225.8272171020508,False,1399,1399,,201
1775114205.53321,write,k1,1221.0311889648438,False,1401,1401,,201
1775114205.5334232,write,k3,1218.5909748077393,False,1437,1437,,201
1775114205.533642,write,k1,1222.956895828247,False,1402,1402,,201
1775114205.533864,write,k5,1222.4009037017822,False,1368,1368,,201
1775114205.657467,write,k2,1246.9680309295654,False,1338,1338,,201
1775114205.658099,write,k5,1254.082202911377,False,1369,1369,,201
1775114205.658517,write,k5,1244.3389892578125,False,1370,1370,,201
1775114205.658859,write,k1,1253.6876201629639,False,1405,1405,,201
1775114205.659213,write,k1,1255.7780742645264,False,1403,1403,,201
1775114205.6594932,write,k1,1254.6517848968506,False,1404,1404,,201
1775114205.659909,write,k2,1253.5099983215332,False,1337,1337,,201
1775114205.660347,write,k3,1239.7477626800537,False,1438,1438,,201
1775114205.660855,write,k5,1234.1091632843018,False,1371,1371,,201
1775114205.661205,write,k1,1250.3540515899658,False,1406,1406,,201
1775114205.9626398,write,k3,1243.5331344604492,False,1439,1439,,201
1775114205.9632719,write,k4,1234.0972423553467,False,1338,1338,,201
1775114205.9635599,write,k5,1234.7710132598877,False,1372,1372,,201
1775114205.9638588,write,k1,1238.0857467651367,False,1407,1407,,201
1775114205.9640949,write,k1,1235.7797622680664,False,1408,1408,,201
1775114205.96435,write,k1,1233.2239151000977,False,1409,1409,,201
1775114205.964643,write,k4,1237.7617359161377,False,1337,1337,,201
1775114205.965077,write,k4,1250.4451274871826,False,1336,1336,,201
1775114205.966888,write,k4,1236.0968589782715,False,1339,1339,,201
1775114205.969698,read,k5,1.7919540405273438,False,1381,1372,6.1359405517578125,200
1775114206.0692961,write,k1,1256.065845489502,False,1410,1410,,201
1775114206.167367,write,k3,1228.477954864502,False,1440,1440,,201
1775114206.1678982,write,k4,1225.8689403533936,False,1341,1341,,201
1775114206.168362,write,k4,1229.8130989074707,False,1340,1340,,201
1775114206.168714,write,k1,1229.1839122772217,False,1412,1412,,201
1775114206.16899,write,k4,1228.3246517181396,False,1342,1342,,201
1775114206.169219,write,k5,1227.5469303131104,False,1373,1373,,201
1775114206.1694489,write,k4,1222.6860523223877,False,1343,1343,,201
1775114206.169666,write,k1,1231.8289279937744,False,1411,1411,,201
1775114206.169888,write,k1,1227.221965789795,False,1413,1413,,201
1775114206.170101,write,k3,1226.478099822998,False,1441,1441,,201
1775114206.172483,read,k3,1.5022754669189453,False,1452,1441,2.3789405822753906,200
1775114206.17921,read,k4,3.027200698852539,False,1350,1343,9.76109504699707,200
1775114206.376086,write,k5,1242.3598766326904,False,1375,1375,,201
1775114206.376535,write,k3,1228.7096977233887,False,1444,1444,,201
1775114206.376833,write,k2,1241.5518760681152,False,1339,1339,,201
1775114206.377075,write,k4,1243.8609600067139,False,1344,1344,,201
1775114206.3772979,write,k3,1247.1928596496582,False,1442,1442,,201
1775114206.377565,write,k4,1243.2219982147217,False,1345,1345,,201
1775114206.377783,write,k3,1243.7591552734375,False,1443,1443,,201
1775114206.377999,write,k5,1248.769760131836,False,1374,1374,,201
1775114206.3782132,write,k2,1235.5899810791016,False,1340,1340,,201
1775114206.3826199,read,k3,2.2640228271484375,False,1453,1444,4.83393669128418,200
1775114206.384176,read,k3,2.311229705810547,False,1453,1444,6.391048431396484,200
1775114206.405016,write,k1,1240.056037902832,False,1414,1414,,201
1775114206.780503,write,k5,1242.621898651123,False,1378,1378,,201
1775114206.78123,write,k1,1240.1621341705322,False,1416,1416,,201
1775114206.781721,write,k1,1238.8601303100586,False,1417,1417,,201
1775114206.7821069,write,k5,1244.5480823516846,False,1377,1377,,201
1775114206.7824519,write,k4,1245.8522319793701,False,1346,1346,,201
1775114206.7828171,write,k5,1246.8209266662598,False,1376,1376,,201
1775114206.7831218,write,k1,1244.1701889038086,False,1415,1415,,201
1775114206.7833862,write,k5,1244.164228439331,False,1379,1379,,201
1775114206.783704,write,k3,1242.9170608520508,False,1445,1445,,201
1775114206.784124,write,k2,1248.6257553100586,False,1341,1341,,201
1775114206.888751,write,k5,1223.357915878296,False,1380,1380,,201
1775114206.8892841,write,k4,1218.8780307769775,False,1347,1347,,201
1775114206.8896902,write,k5,1218.9521789550781,False,1381,1381,,201
1775114206.8900428,write,k4,1223.588228225708,False,1349,1349,,201
1775114206.890367,write,k3,1224.5841026306152,False,1449,1449,,201
1775114206.8906949,write,k3,1227.6990413665771,False,1447,1447,,201
1775114206.891048,write,k3,1227.0641326904297,False,1448,1448,,201
1775114206.8913531,write,k4,1224.5829105377197,False,1348,1348,,201
1775114206.891655,write,k3,1229.851245880127,False,1446,1446,,201
1775114206.891943,write,k1,1230.638027191162,False,1418,1418,,201
1775114206.9023411,read,k3,2.5522708892822266,False,1456,1449,10.682821273803711,200
1775114207.193758,write,k3,1218.0616855621338,False,1452,1452,,201
1775114207.194444,write,k2,1221.121072769165,False,1344,1344,,201
1775114207.1948621,write,k5,1224.255084991455,False,1382,1382,,201
1775114207.195873,write,k2,1228.747844696045,False,1342,1342,,201
1775114207.19634,write,k2,1222.640037536621,False,1345,1345,,201
1775114207.1966379,write,k3,1225.2528667449951,False,1450,1450,,201
1775114207.196885,write,k1,1229.259729385376,False,1419,1419,,201
1775114207.197134,write,k3,1225.0030040740967,False,1451,1451,,201
1775114207.1974,write,k2,1228.4128665924072,False,1343,1343,,201
1775114207.205528,read,k5,1.4910697937011719,False,1393,1382,10.664939880371094,200
1775114207.2912261,write,k2,1216.5758609771729,False,1346,1346,,201
1775114207.3976371,write,k1,1222.393274307251,False,1421,1421,,201
1775114207.3978162,write,k1,1222.3482131958008,False,1422,1422,,201
1775114207.397918,write,k1,1223.2270240783691,False,1420,1420,,201
1775114207.398386,write,k5,1213.4881019592285,False,1385,1385,,201
1775114207.398477,write,k4,1223.4807014465332,False,1350,1350,,201
1775114207.399956,write,k3,1221.7700481414795,False,1453,1453,,201
1775114207.40004,write,k4,1222.3331928253174,False,1351,1351,,201
1775114207.4001238,write,k5,1222.801923751831,False,1384,1384,,201
1775114207.403647,write,k1,1226.822853088379,False,1423,1423,,201
1775114207.403866,write,k5,1227.4260520935059,False,1383,1383,,201
1775114207.404897,read,k3,1.6639232635498047,False,1456,1453,4.940032958984375,200
1775114207.611966,write,k3,1228.6550998687744,False,1454,1454,,201
1775114207.612166,write,k5,1233.483076095581,False,1386,1386,,201
1775114207.612318,write,k4,1232.5618267059326,False,1352,1352,,201
1775114207.612465,write,k5,1227.952003479004,False,1387,1387,,201
1775114207.612601,write,k2,1227.428913116455,False,1348,1348,,201
1775114207.61274,write,k5,1225.5480289459229,False,1388,1388,,201
1775114207.612872,write,k2,1229.9261093139648,False,1347,1347,,201
1775114207.613009,write,k2,1227.2140979766846,False,1349,1349,,201
1775114207.613139,write,k4,1224.0960597991943,False,1353,1353,,201
1775114207.631367,write,k2,1219.2950248718262,False,1350,1350,,201
1775114208.014796,write,k5,1229.351282119751,False,1389,1389,,201
1775114208.015199,write,k4,1229.085922241211,False,1354,1354,,201
1775114208.015428,write,k3,1228.393316268921,False,1455,1455,,201
1775114208.0156531,write,k4,1223.0608463287354,False,1357,1357,,201
1775114208.0159118,write,k4,1224.2841720581055,False,1355,1355,,201
1775114208.016237,write,k5,1228.677749633789,False,1390,1390,,201
1775114208.0165162,write,k5,1226.125955581665,False,1391,1391,,201
1775114208.016882,write,k4,1227.463960647583,False,1356,1356,,201
1775114208.017188,write,k1,1228.1720638275146,False,1424,1424,,201
1775114208.017416,write,k2,1228.863000869751,False,1351,1351,,201
1775114208.0274172,read,k1,4.802227020263672,False,1433,1424,10.226726531982422,200
1775114208.028022,read,k4,3.072023391723633,False,1365,1357,11.139869689941406,200
1775114208.1580899,write,k4,1248.0299472808838,False,1359,1359,,201
1775114208.158273,write,k3,1265.2320861816406,False,1456,1456,,201
1775114208.158407,write,k2,1263.6239528656006,False,1352,1352,,201
1775114208.15852,write,k1,1266.4940357208252,False,1425,1425,,201
1775114208.1586251,write,k4,1263.394832611084,False,1358,1358,,201
1775114208.158737,write,k5,1264.3451690673828,False,1392,1392,,201
1775114208.1588411,write,k2,1258.0437660217285,False,1354,1354,,201
1775114208.1589491,write,k2,1258.8160037994385,False,1353,1353,,201
1775114208.15905,write,k5,1261.27290725708,False,1393,1393,,201
1775114208.1591659,write,k1,1257.6372623443604,False,1426,1426,,201
1775114208.169407,read,k1,0.9541511535644531,False,1436,1426,10.24007797241211,200
1775114208.466764,write,k2,1268.1851387023926,False,1355,1355,,201
1775114208.467433,write,k5,1263.092041015625,False,1394,1394,,201
1775114208.4678242,write,k1,1265.9029960632324,False,1428,1428,,201
1775114208.4681668,write,k2,1269.9460983276367,False,1356,1356,,201
1775114208.468514,write,k1,1270.8320617675781,False,1427,1427,,201
1775114208.468835,write,k1,1257.8418254852295,False,1430,1430,,201
1775114208.469137,write,k1,1265.8560276031494,False,1429,1429,,201
1775114208.469436,write,k2,1263.1080150604248,False,1357,1357,,201
1775114208.469728,write,k4,1267.077922821045,False,1360,1360,,201
1775114208.561806,write,k5,1265.6240463256836,False,1395,1395,,201
1775114208.685419,write,k3,1280.7199954986572,False,1457,1457,,201
1775114208.686825,write,k4,1279.289960861206,False,1362,1362,,201
1775114208.687649,write,k4,1284.1558456420898,False,1361,1361,,201
1775114208.6882298,write,k4,1275.6381034851074,False,1364,1364,,201
1775114208.688837,write,k4,1279.4182300567627,False,1363,1363,,201
1775114208.6901782,write,k5,1288.118839263916,False,1396,1396,,201
1775114208.690549,write,k5,1281.224012374878,False,1399,1399,,201
1775114208.690964,write,k5,1287.2812747955322,False,1397,1397,,201
1775114208.691347,write,k5,1284.1882705688477,False,1398,1398,,201
1775114208.6916852,write,k3,1285.064935684204,False,1458,1458,,201
1775114208.69799,read,k5,1.6078948974609375,False,1407,1399,6.641149520874023,200
1775114208.882845,write,k3,1265.2299404144287,False,1461,1461,,201
1775114208.8832908,write,k5,1267.3649787902832,False,1400,1400,,201
1775114208.883529,write,k1,1250.7541179656982,False,1432,1432,,201
1775114208.883734,write,k2,1261.9681358337402,False,1358,1358,,201
1775114208.8839328,write,k3,1266.6041851043701,False,1460,1460,,201
1775114208.8841221,write,k3,1267.6706314086914,False,1459,1459,,201
1775114208.884384,write,k2,1262.4638080596924,False,1359,1359,,201
1775114208.884641,write,k5,1263.0491256713867,False,1401,1401,,201
1775114208.884898,write,k4,1269.7269916534424,False,1365,1365,,201
1775114208.885257,write,k1,1269.7899341583252,False,1431,1431,,201
1775114209.314635,write,k2,1295.011043548584,False,1360,1360,,201
1775114209.315171,write,k1,1288.61403465271,False,1434,1434,,201
1775114209.3155231,write,k5,1292.0560836791992,False,1403,1403,,201
1775114209.315812,write,k3,1282.6480865478516,False,1465,1465,,201
1775114209.316124,write,k3,1290.1029586791992,False,1464,1464,,201
1775114209.316395,write,k3,1297.856092453003,False,1462,1462,,201
1775114209.3167071,write,k4,1284.0020656585693,False,1366,1366,,201
1775114209.316947,write,k3,1297.569751739502,False,1463,1463,,201
1775114209.317172,write,k1,1297.3439693450928,False,1433,1433,,201
1775114209.317482,write,k5,1298.3548641204834,False,1402,1402,,201
1775114209.319436,read,k5,1.8448829650878906,False,1408,1403,1.953125,200
1775114209.3983412,write,k2,1229.7019958496094,False,1362,1362,,201
1775114209.39884,write,k2,1238.5458946228027,False,1361,1361,,201
1775114209.399115,write,k2,1222.8412628173828,False,1363,1363,,201
1775114209.399339,write,k5,1235.6410026550293,False,1405,1405,,201
1775114209.399682,write,k1,1234.7509860992432,False,1436,1436,,201
1775114209.3999202,write,k1,1239.09592628479,False,1435,1435,,201
1775114209.4001448,write,k5,1240.541934967041,False,1404,1404,,201
1775114209.4003751,write,k3,1236.8957996368408,False,1466,1466,,201
1775114209.4006011,write,k4,1231.8851947784424,False,1368,1368,,201
1775114209.400873,write,k4,1237.0429039001465,False,1367,1367,,201
1775114209.704884,write,k1,1232.6171398162842,False,1437,1437,,201
1775114209.705452,write,k3,1229.3951511383057,False,1467,1467,,201
1775114209.7059178,write,k2,1230.1599979400635,False,1364,1364,,201
1775114209.706306,write,k5,1231.827974319458,False,1407,1407,,201
1775114209.70663,write,k4,1236.0999584197998,False,1369,1369,,201
1775114209.706945,write,k5,1232.8240871429443,False,1406,1406,,201
1775114209.707247,write,k4,1232.485294342041,False,1371,1371,,201
1775114209.707519,write,k3,1228.9869785308838,False,1468,1468,,201
1775114209.708069,write,k4,1234.3711853027344,False,1370,1370,,201
1775114209.713634,read,k4,3.1778812408447266,False,1375,1371,5.56182861328125,200
1775114209.717182,read,k4,1.9261837005615234,False,1375,1371,9.11092758178711,200
1775114209.805378,write,k1,1238.5122776031494,False,1438,1438,,201
1775114209.964587,write,k1,1257.323980331421,False,1441,1441,,201
1775114209.9652019,write,k4,1269.545078277588,False,1372,1372,,201
1775114209.965594,write,k2,1276.4208316802979,False,1365,1365,,201
1775114209.965934,write,k2,1268.676996231079,False,1367,1367,,201
1775114209.966249,write,k1,1267.0602798461914,False,1440,1440,,201
1775114209.9665642,write,k1,1273.6241817474365,False,1439,1439,,201
1775114209.966826,write,k3,1267.9989337921143,False,1469,1469,,201
1775114209.967083,write,k2,1270.9901332855225,False,1366,1366,,201
1775114209.96733,write,k3,1265.578031539917,False,1471,1471,,201
1775114209.967581,write,k3,1268.090009689331,False,1470,1470,,201
1775114210.120249,write,k2,1226.775884628296,False,1370,1370,,201
1775114210.1206012,write,k2,1230.1840782165527,False,1369,1369,,201
1775114210.120907,write,k1,1231.7707538604736,False,1442,1442,,201
1775114210.121139,write,k2,1231.091022491455,False,1368,1368,,201
1775114210.1213388,write,k4,1229.877233505249,False,1373,1373,,201
1775114210.121527,write,k1,1231.8129539489746,False,1443,1443,,201
1775114210.121865,write,k3,1228.774070739746,False,1473,1473,,201
1775114210.122099,write,k1,1227.890968322754,False,1444,1444,,201
1775114210.1223,write,k5,1231.116771697998,False,1408,1408,,201
1775114210.1224918,write,k3,1230.4878234863281,False,1472,1472,,201
1775114210.1244538,read,k2,1.2390613555908203,False,1378,1370,3.3142566680908203,200
1775114210.5997398,write,k3,1273.5888957977295,False,1477,1477,,201
1775114210.60023,write,k1,1278.85103225708,False,1446,1446,,201
1775114210.600582,write,k3,1272.2749710083008,False,1478,1478,,201
1775114210.600905,write,k1,1282.019853591919,False,1445,1445,,201
1775114210.601152,write,k4,1280.0698280334473,False,1374,1374,,201
1775114210.6014001,write,k3,1283.4088802337646,False,1474,1474,,201
1775114210.601643,write,k2,1277.8959274291992,False,1371,1371,,201
1775114210.6018848,write,k5,1279.5500755310059,False,1409,1409,,201
1775114210.6021252,write,k3,1281.4390659332275,False,1475,1475,,201
1775114210.6023612,write,k3,1279.3080806732178,False,1476,1476,,201
1775114210.609267,read,k5,2.164125442504883,False,1417,1409,7.378101348876953,200
1775114210.613319,read,k1,3.2508373260498047,False,1452,1446,12.411355972290039,200
1775114210.613688,read,k2,3.2622814178466797,False,1381,1371,12.043952941894531,200
1775114210.6139772,read,k5,2.5091171264648438,False,1417,1409,12.09115982055664,200
1775114210.6518989,read,k5,2.765655517578125,False,1418,1409,50.01211166381836,200
1775114210.697736,write,k5,1289.5879745483398,False,1412,1412,,201
1775114210.697921,write,k1,1289.5143032073975,False,1447,1447,,201
1775114210.6980531,write,k2,1293.0848598480225,False,1372,1372,,201
1775114210.698168,write,k5,1289.5119190216064,False,1413,1413,,201
1775114210.6982741,write,k5,1292.198896408081,False,1410,1410,,201
1775114210.698383,write,k3,1291.538953781128,False,1479,1479,,201
1775114210.698486,write,k3,1288.567066192627,False,1481,1481,,201
1775114210.698594,write,k4,1295.1607704162598,False,1375,1375,,201
1775114210.698699,write,k3,1290.87495803833,False,1480,1480,,201
1775114210.6988008,write,k5,1288.625955581665,False,1411,1411,,201
1775114210.703425,read,k2,1.0929107666015625,False,1385,1372,5.370855331420898,200
1775114210.703785,read,k5,0.9908676147460938,False,1418,1413,4.982709884643555,200
1775114210.7076979,read,k1,1.0471343994140625,False,1453,1447,9.776830673217773,200
1775114210.713432,read,k4,1.0700225830078125,False,1380,1375,14.837980270385742,200
1775114210.72428,read,k3,1.2819766998291016,False,1495,1481,25.580883026123047,200
1775114210.952248,write,k3,1243.9961433410645,False,1482,1482,,201
1775114210.952947,write,k1,1243.3850765228271,False,1448,1448,,201
1775114210.953357,write,k3,1244.5430755615234,False,1483,1483,,201
1775114210.953716,write,k2,1242.292881011963,False,1374,1374,,201
1775114210.9541628,write,k3,1239.8548126220703,False,1484,1484,,201
1775114210.9544902,write,k2,1231.410026550293,False,1376,1376,,201
1775114210.954912,write,k2,1231.2400341033936,False,1375,1375,,201
1775114210.9555478,write,k4,1237.2410297393799,False,1376,1376,,201
1775114210.956136,write,k2,1246.260166168213,False,1373,1373,,201
1775114211.0436952,write,k2,1229.1829586029053,False,1377,1377,,201
1775114211.21117,write,k3,1236.6058826446533,False,1487,1487,,201
1775114211.211541,write,k5,1235.1391315460205,False,1415,1415,,201
1775114211.211828,write,k2,1240.4019832611084,False,1378,1378,,201
1775114211.212063,write,k4,1241.3687705993652,False,1377,1377,,201
1775114211.212291,write,k5,1236.557960510254,False,1415,1415,,201
1775114211.212495,write,k3,1239.5501136779785,False,1485,1485,,201
1775114211.2126908,write,k3,1238.6250495910645,False,1488,1488,,201
1775114211.213516,write,k5,1245.8319664001465,False,1414,1414,,201
1775114211.2138188,write,k1,1237.7750873565674,False,1449,1449,,201
1775114211.214093,write,k3,1245.3508377075195,False,1486,1486,,201
1775114211.229145,read,k3,16.338348388671875,False,1496,1488,15.047788619995117,200
1775114211.240992,read,k1,1.9109249114990234,False,1460,1449,27.168989181518555,200
1775114211.356769,write,k4,1234.1711521148682,False,1378,1378,,201
1775114211.357283,write,k5,1231.5311431884766,False,1416,1416,,201
1775114211.357623,write,k2,1226.7367839813232,False,1380,1380,,201
1775114211.357905,write,k3,1231.4860820770264,False,1489,1489,,201
1775114211.358161,write,k1,1228.4681797027588,False,1450,1450,,201
1775114211.358476,write,k3,1225.635051727295,False,1492,1492,,201
1775114211.358769,write,k3,1228.4140586853027,False,1491,1491,,201
1775114211.359055,write,k1,1228.4588813781738,False,1451,1451,,201
1775114211.359338,write,k2,1232.6247692108154,False,1379,1379,,201
1775114211.3596401,write,k3,1229.557991027832,False,1490,1490,,201
1775114211.843339,write,k4,1235.853910446167,False,1379,1379,,201
1775114211.8439538,write,k2,1235.685110092163,False,1381,1381,,201
1775114211.8443499,write,k5,1229.1772365570068,False,1418,1418,,201
1775114211.8447502,write,k2,1233.8790893554688,False,1383,1383,,201
1775114211.845074,write,k2,1233.8879108428955,False,1382,1382,,201
1775114211.845385,write,k2,1227.1926403045654,False,1384,1384,,201
1775114211.8457851,write,k5,1239.6302223205566,False,1417,1417,,201
1775114211.846194,write,k1,1236.543893814087,False,1452,1452,,201
1775114211.853499,read,k2,3.177165985107422,False,1396,1384,8.111000061035156,200
1775114211.8670552,write,k4,1212.6362323760986,False,1380,1380,,201
1775114211.867497,write,k2,1228.294849395752,False,1385,1385,,201
1775114211.8733819,read,k3,1.9161701202392578,False,1499,1492,513.7391090393066,200
1775114211.937959,write,k1,1224.9419689178467,False,1454,1454,,201
1775114211.938464,write,k5,1231.576919555664,False,1419,1419,,201
1775114211.938869,write,k2,1232.7568531036377,False,1387,1387,,201
1775114211.939212,write,k3,1233.2370281219482,False,1495,1495,,201
1775114211.9395359,write,k1,1234.0521812438965,False,1453,1453,,201
1775114211.9398599,write,k2,1237.3511791229248,False,1386,1386,,201
1775114211.940177,write,k3,1238.8877868652344,False,1493,1493,,201
1775114211.940487,write,k1,1223.8481044769287,False,1455,1455,,201
1775114211.9407842,write,k3,1235.67795753479,False,1494,1494,,201
1775114211.947285,write,k2,1219.5022106170654,False,1388,1388,,201
1775114212.173564,write,k4,1216.4640426635742,False,1381,1381,,201
1775114212.17418,write,k5,1216.5470123291016,False,1421,1421,,201
1775114212.1745348,write,k5,1218.1711196899414,False,1420,1420,,201
1775114212.179137,write,k1,1217.297077178955,False,1456,1456,,201
1775114212.179585,write,k4,1219.8200225830078,False,1382,1382,,201
1775114212.179944,write,k4,1218.907117843628,False,1383,1383,,201
1775114212.180247,write,k5,1220.9250926971436,False,1422,1422,,201
1775114212.187506,write,k1,1224.3311405181885,False,1457,1457,,201
1775114212.188201,write,k3,1224.2178916931152,False,1496,1496,,201
1775114212.204847,read,k4,6.822824478149414,False,1393,1383,24.899005889892578,200
1775114212.2779038,write,k2,1231.6539287567139,False,1389,1389,,201
1775114212.4583209,write,k2,1236.5820407867432,False,1390,1390,,201
1775114212.458814,write,k3,1236.656904220581,False,1497,1497,,201
1775114212.45912,write,k2,1242.5682544708252,False,1392,1392,,201
1775114212.459436,write,k5,1242.1419620513916,False,1423,1423,,201
1775114212.459693,write,k2,1245.5081939697266,False,1391,1391,,201
1775114212.459916,write,k1,1244.1411018371582,False,1458,1458,,201
1775114212.460143,write,k1,1238.7781143188477,False,1459,1459,,201
1775114212.460363,write,k1,1242.4802780151367,False,1460,1460,,201
1775114212.460583,write,k4,1238.6529445648193,False,1384,1384,,201
1775114212.4707048,write,k3,1220.6900119781494,False,1498,1498,,201
1775114212.473814,read,k4,4.272937774658203,False,1394,1384,13.228178024291992,200
1775114212.581287,write,k4,1218.2869911193848,False,1386,1386,,201
1775114212.581444,write,k5,1217.5219058990479,False,1426,1426,,201
1775114212.5816572,write,k1,1220.7200527191162,False,1461,1461,,201
1775114212.581811,write,k2,1222.076177597046,False,1393,1393,,201
1775114212.5819252,write,k4,1220.5729484558105,False,1385,1385,,201
1775114212.5820851,write,k5,1219.832181930542,False,1424,1424,,201
1775114212.5821922,write,k5,1220.271110534668,False,1425,1425,,201
1775114212.658304,write,k5,1289.4420623779297,False,1427,1427,,201
1775114212.6585312,write,k1,1290.8070087432861,False,1462,1462,,201
1775114212.658654,write,k3,1290.2131080627441,False,1499,1499,,201
1775114212.668906,read,k3,1.1649131774902344,False,1507,1499,10.25080680847168,200
1775114213.091338,write,k2,1242.9659366607666,False,1394,1394,,201
1775114213.092003,write,k2,1243.0310249328613,False,1395,1395,,201
1775114213.09237,write,k4,1241.2190437316895,False,1387,1387,,201
1775114213.0928159,write,k5,1222.5589752197266,False,1428,1428,,201
1775114213.0931818,write,k4,1239.1963005065918,False,1390,1390,,201
1775114213.0934982,write,k2,1242.7089214324951,False,1396,1396,,201
1775114213.0937788,write,k4,1241.4281368255615,False,1388,1388,,201
1775114213.094056,write,k4,1240.4577732086182,False,1389,1389,,201
1775114213.094344,write,k4,1237.1766567230225,False,1391,1391,,201
1775114213.110914,write,k3,1233.529806137085,False,1500,1500,,201
1775114213.177336,write,k2,1231.4319610595703,False,1397,1397,,201
1775114213.178088,write,k5,1229.9482822418213,False,1430,1430,,201
1775114213.178477,write,k3,1234.4367504119873,False,1501,1501,,201
1775114213.1787891,write,k1,1225.4431247711182,False,1464,1464,,201
1775114213.1790662,write,k5,1232.9130172729492,False,1429,1429,,201
1775114213.1793568,write,k2,1231.5618991851807,False,1399,1399,,201
1775114213.17962,write,k2,1229.4411659240723,False,1400,1400,,201
1775114213.179894,write,k5,1233.4630489349365,False,1429,1429,,201
1775114213.1801548,write,k1,1234.623908996582,False,1463,1463,,201
1775114213.180408,write,k2,1235.4888916015625,False,1398,1398,,201
1775114213.415057,write,k2,1238.494873046875,False,1401,1401,,201
1775114213.415873,write,k5,1237.7238273620605,False,1431,1431,,201
1775114213.4234161,read,k1,3.1659603118896484,False,1471,1464,243.2548999786377,200
1775114213.4271848,read,k2,2.6438236236572266,False,1410,1401,12.131929397583008,200
1775114213.435314,read,k1,2.8998851776123047,False,1471,1464,255.1560401916504,200
1775114213.474784,write,k4,1292.5219535827637,False,1392,1392,,201
1775114213.4754639,write,k5,1286.59987449646,False,1432,1432,,201
1775114213.476097,write,k2,1265.6810283660889,False,1403,1403,,201
1775114213.47665,write,k1,1279.6189785003662,False,1465,1465,,201
1775114213.477154,write,k3,1288.8267040252686,False,1502,1502,,201
1775114213.477536,write,k2,1293.6248779296875,False,1402,1402,,201
1775114213.477828,write,k4,1294.9299812316895,False,1393,1393,,201
1775114213.579125,write,k2,1290.7531261444092,False,1404,1404,,201
1775114213.6913888,write,k2,1227.0820140838623,False,1405,1405,,201
1775114213.6917791,write,k2,1226.2206077575684,False,1406,1406,,201
1775114213.7078662,write,k2,1239.225149154663,False,1408,1408,,201
1775114213.7426748,write,k3,1274.6260166168213,False,1504,1504,,201
1775114213.743453,write,k5,1270.9980010986328,False,1434,1434,,201
1775114213.743637,write,k3,1277.7960300445557,False,1503,1503,,201
1775114213.743773,write,k4,1273.7648487091064,False,1394,1394,,201
1775114213.7438998,write,k2,1276.869773864746,False,1407,1407,,201
1775114213.744014,write,k5,1274.8029232025146,False,1433,1433,,201
1775114213.748225,write,k3,1263.1688117980957,False,1505,1505,,201
1775114213.748597,read,k1,1.38092041015625,False,1474,1465,271.94905281066895,200
1775114213.823336,write,k1,1232.3801517486572,False,1467,1467,,201
1775114213.8240051,write,k3,1236.006736755371,False,1507,1507,,201
1775114213.824478,write,k1,1236.593246459961,False,1466,1466,,201
1775114213.8250182,write,k5,1241.1808967590332,False,1435,1435,,201
1775114213.8272,write,k3,1243.4208393096924,False,1506,1506,,201
1775114213.827775,write,k2,1236.7463111877441,False,1409,1409,,201
1775114213.8280451,write,k4,1237.7831935882568,False,1395,1395,,201
1775114213.830692,read,k4,1.421213150024414,False,1405,1395,2.644062042236328,200
1775114213.835437,read,k5,2.649068832397461,False,1447,1435,10.416030883789062,200
1775114213.8938491,write,k5,1231.6961288452148,False,1436,1436,,201
1775114213.89432,write,k1,1223.158836364746,False,1469,1469,,201
1775114213.8947468,write,k1,1226.1691093444824,False,1468,1468,,201
1775114214.3342772,write,k3,1237.7641201019287,False,1509,1509,,201
1775114214.3349981,write,k5,1239.2311096191406,False,1437,1437,,201
1775114214.335507,write,k5,1238.327980041504,False,1438,1438,,201
1775114214.337309,write,k3,1242.1081066131592,False,1508,1508,,201
1775114214.354889,write,k3,1252.3398399353027,False,1511,1511,,201
1775114214.355391,write,k5,1254.4031143188477,False,1440,1440,,201
1775114214.355735,write,k3,1255.8999061584473,False,1510,1510,,201
1775114214.3560069,write,k3,1235.9960079193115,False,1512,1512,,201
1775114214.356253,write,k5,1257.1640014648438,False,1439,1439,,201
1775114214.356503,write,k2,1255.9340000152588,False,1410,1410,,201
1775114214.366125,read,k1,3.381013870239258,False,1478,1469,471.36998176574707,200
1775114214.366554,read,k2,3.459930419921875,False,1413,1410,10.04791259765625,200
1775114214.3669078,read,k5,4.826784133911133,False,1450,1440,10.654211044311523,200
1775114214.40063,write,k1,1218.6932563781738,False,1470,1470,,201
1775114214.401328,write,k5,1218.822956085205,False,1441,1441,,201
1775114214.436794,write,k1,1247.960090637207,False,1471,1471,,201
1775114214.437415,write,k5,1248.2669353485107,False,1443,1443,,201
1775114214.437923,write,k4,1252.4659633636475,False,1397,1397,,201
1775114214.438268,write,k5,1251.05881690979,False,1442,1442,,201
1775114214.438587,write,k3,1252.5689601898193,False,1513,1513,,201
1775114214.4388921,write,k4,1253.9699077606201,False,1396,1396,,201
1775114214.439203,write,k4,1251.1768341064453,False,1398,1398,,201
1775114214.4395058,write,k3,1255.3188800811768,False,1514,1514,,201
1775114214.670662,write,k4,1241.8723106384277,False,1399,1399,,201
1775114214.67091,write,k4,1230.8599948883057,False,1400,1400,,201
1775114214.708351,write,k1,1227.8268337249756,False,1472,1472,,201
1775114214.708632,write,k3,1227.3809909820557,False,1515,1515,,201
1775114214.708852,write,k3,1223.3431339263916,False,1516,1516,,201
1775114214.7090518,write,k5,1229.5637130737305,False,1444,1444,,201
1775114214.70925,write,k5,1222.269058227539,False,1445,1445,,201
1775114214.70944,write,k1,1228.5499572753906,False,1473,1473,,201
1775114214.709634,write,k1,1223.3421802520752,False,1474,1474,,201
1775114214.816449,write,k5,1232.7549457550049,False,1446,1446,,201
1775114214.919243,write,k5,1224.621057510376,False,1447,1447,,201
1775114214.94357,write,k2,1246.3371753692627,False,1411,1411,,201
1775114214.974376,write,k3,1222.761869430542,False,1519,1519,,201
1775114214.97489,write,k4,1219.1970348358154,False,1405,1405,,201
1775114214.975302,write,k4,1223.9301204681396,False,1403,1403,,201
1775114214.9756842,write,k3,1227.3988723754883,False,1517,1517,,201
1775114214.976075,write,k4,1232.0010662078857,False,1401,1401,,201
1775114214.976479,write,k4,1220.944881439209,False,1404,1404,,201
1775114214.9769092,write,k3,1226.505994796753,False,1518,1518,,201
1775114214.9773371,write,k4,1227.6852130889893,False,1402,1402,,201
1775114214.983178,read,k2,4.970073699951172,False,1415,1411,39.61014747619629,200
1775114215.044854,write,k1,1216.6571617126465,False,1475,1475,,201
1775114215.051917,write,k5,1218.559980392456,False,1448,1448,,201
1775114215.0523589,write,k4,1218.276023864746,False,1406,1406,,201
1775114215.052638,write,k2,1214.5569324493408,False,1412,1412,,201
1775114215.052886,write,k1,1213.9861583709717,False,1476,1476,,201
1775114215.053997,write,k3,1219.527244567871,False,1520,1520,,201
1775114215.065001,write,k1,1221.1649417877197,False,1477,1477,,201
1775114215.123903,write,k4,1219.3987369537354,False,1407,1407,,201
1775114215.124639,write,k5,1221.7729091644287,False,1450,1450,,201
1775114215.12524,write,k5,1223.3960628509521,False,1449,1449,,201
1775114215.559413,write,k4,1217.885971069336,False,1408,1408,,201
1775114215.559844,write,k2,1215.4948711395264,False,1413,1413,,201
1775114215.5601752,write,k1,1213.625192642212,False,1478,1478,,201
1775114215.5604732,write,k3,1219.954013824463,False,1521,1521,,201
1775114215.568652,read,k4,1.6849040985107422,False,1419,1408,9.237051010131836,200
1775114215.5866492,write,k5,1221.7459678649902,False,1451,1451,,201
1775114215.5870988,write,k5,1217.5869941711426,False,1452,1452,,201
1775114215.5875158,write,k4,1228.0211448669434,False,1409,1409,,201
1775114215.587937,write,k3,1229.4461727142334,False,1522,1522,,201
1775114215.58831,write,k5,1215.972661972046,False,1453,1453,,201
1775114215.588778,write,k5,1216.0580158233643,False,1454,1454,,201
1775114215.62717,write,k3,1222.1481800079346,False,1523,1523,,201
1775114215.632839,write,k4,1221.1928367614746,False,1410,1410,,201
1775114215.662399,write,k3,1221.747875213623,False,1524,1524,,201
1775114215.662836,write,k1,1221.0359573364258,False,1479,1479,,201
1775114215.671472,write,k3,1224.7040271759033,False,1525,1525,,201
1775114215.672014,write,k4,1225.630760192871,False,1412,1412,,201
1775114215.672456,write,k2,1227.7607917785645,False,1414,1414,,201
1775114215.6728141,write,k4,1227.247953414917,False,1411,1411,,201
1775114215.673132,write,k1,1227.9279232025146,False,1480,1480,,201
1775114215.673446,write,k5,1223.3879566192627,False,1455,1455,,201
1775114215.682692,read,k5,5.0220489501953125,False,1465,1455,9.240865707397461,200
1775114215.691099,read,k1,2.602815628051758,False,1488,1480,17.962932586669922,200
1775114215.8901482,write,k1,1213.7489318847656,False,1481,1481,,201
1775114215.890638,write,k4,1217.231035232544,False,1413,1413,,201
1775114215.939102,write,k5,1219.895839691162,False,1459,1459,,201
1775114215.939592,write,k3,1225.4981994628906,False,1526,1526,,201
1775114215.939905,write,k3,1223.313808441162,False,1527,1527,,201
1775114215.940125,write,k5,1225.1670360565186,False,1458,1458,,201
1775114215.940335,write,k5,1225.1601219177246,False,1457,1457,,201
1775114215.940539,write,k1,1224.694013595581,False,1482,1482,,201
1775114215.940744,write,k5,1226.0847091674805,False,1456,1456,,201
1775114216.048578,write,k2,1222.278118133545,False,1415,1415,,201
1775114216.150662,write,k4,1223.8216400146484,False,1414,1414,,201
1775114216.165955,write,k5,1215.4481410980225,False,1460,1460,,201
1775114216.195183,write,k4,1217.6878452301025,False,1415,1415,,201
1775114216.195953,write,k5,1217.1940803527832,False,1461,1461,,201
1775114216.196706,write,k3,1215.897798538208,False,1528,1528,,201
1775114216.209594,write,k2,1225.7931232452393,False,1416,1416,,201
1775114216.210022,write,k3,1227.6721000671387,False,1529,1529,,201
1775114216.2103522,write,k4,1225.66819190979,False,1416,1416,,201
1775114216.210668,write,k5,1228.6789417266846,False,1462,1462,,201
1775114216.210956,write,k1,1229.7189235687256,False,1483,1483,,201
1775114216.2214808,read,k1,2.5157928466796875,False,1492,1483,10.521173477172852,200
1775114216.26815,write,k4,1215.1129245758057,False,1417,1417,,201
1775114216.285847,write,k1,1229.1369438171387,False,1484,1484,,201
1775114216.286305,write,k1,1227.4212837219238,False,1486,1486,,201
1775114216.287505,write,k3,1224.1439819335938,False,1530,1530,,201
1775114216.288108,write,k2,1232.1231365203857,False,1417,1417,,201
1775114216.2884932,write,k1,1231.4162254333496,False,1485,1485,,201
1775114216.294194,write,k3,1220.90482711792,False,1531,1531,,201
1775114216.296905,read,k4,4.209995269775391,False,1423,1417,28.757810592651367,200
1775114216.2975922,read,k5,2.7577877044677734,False,1473,1462,86.92312240600586,200
1775114216.3133628,read,k5,8.505821228027344,False,1474,1462,102.69308090209961,200
1775114216.3516579,write,k2,1218.06001663208,False,1418,1418,,201
1775114216.3520482,write,k4,1221.5321063995361,False,1419,1419,,201
1775114216.352276,write,k4,1222.599983215332,False,1418,1418,,201
1775114216.78915,write,k1,1224.6551513671875,False,1487,1487,,201
1775114216.789496,write,k3,1214.9970531463623,False,1532,1532,,201
1775114216.789734,write,k5,1223.61421585083,False,1464,1464,,201
1775114216.790015,write,k5,1224.9610424041748,False,1463,1463,,201
1775114216.815864,write,k1,1224.562168121338,False,1488,1488,,201
1775114216.8281999,write,k2,1234.955072402954,False,1420,1420,,201
1775114216.828523,write,k2,1236.6948127746582,False,1419,1419,,201
1775114216.828762,write,k2,1231.4400672912598,False,1421,1421,,201
1775114216.8292549,write,k3,1236.4616394042969,False,1533,1533,,201
1775114216.829555,write,k4,1231.1129570007324,False,1420,1420,,201
1775114216.8329642,read,k1,1.9099712371826172,False,1496,1488,17.101049423217773,200
1775114216.865528,write,k3,1235.0490093231201,False,1534,1534,,201
1775114216.865956,write,k5,1229.4199466705322,False,1465,1465,,201
1775114216.906399,write,k2,1237.123966217041,False,1422,1422,,201
1775114216.907012,write,k4,1226.1991500854492,False,1421,1421,,201
1775114216.907337,write,k5,1225.9879112243652,False,1467,1467,,201
1775114216.907619,write,k2,1229.1269302368164,False,1423,1423,,201
1775114216.907889,write,k3,1239.5131587982178,False,1535,1535,,201
1775114216.908133,write,k5,1224.9178886413574,False,1468,1468,,201
1775114216.9083672,write,k5,1229.3450832366943,False,1466,1466,,201
1775114216.9208572,read,k5,4.221200942993164,False,1480,1468,12.486934661865234,200
1775114216.921501,write,k5,1223.5560417175293,False,1469,1469,,201
1775114216.936058,read,k5,5.607843399047852,False,1480,1469,14.554977416992188,200
1775114217.119702,write,k3,1224.9259948730469,False,1536,1536,,201
1775114217.120256,write,k4,1226.8688678741455,False,1422,1422,,201
1775114217.175669,write,k3,1233.8058948516846,False,1537,1537,,201
1775114217.176306,write,k3,1233.7548732757568,False,1538,1538,,201
1775114217.176676,write,k1,1230.266809463501,False,1490,1490,,201
1775114217.177002,write,k3,1230.9017181396484,False,1539,1539,,201
1775114217.177315,write,k1,1236.029863357544,False,1489,1489,,201
1775114217.1776059,write,k5,1228.8439273834229,False,1470,1470,,201
1775114217.177995,write,k2,1232.7148914337158,False,1424,1424,,201
1775114217.1822379,read,k4,3.4050941467285156,False,1428,1422,61.979055404663086,200
1775114217.313527,write,k2,1255.5100917816162,False,1425,1425,,201
1775114217.406446,write,k2,1245.330810546875,False,1426,1426,,201
1775114217.406922,write,k1,1231.534719467163,False,1491,1491,,201
1775114217.423118,write,k4,1220.2088832855225,False,1423,1423,,201
1775114217.4236538,write,k2,1224.297285079956,False,1427,1427,,201
1775114217.424014,write,k5,1225.3389358520508,False,1471,1471,,201
1775114217.441695,write,k2,1223.9341735839844,False,1429,1429,,201
1775114217.442212,write,k2,1225.5067825317383,False,1428,1428,,201
1775114217.44254,write,k3,1224.067211151123,False,1540,1540,,201
1775114217.442857,write,k1,1227.2398471832275,False,1492,1492,,201
1775114217.4495208,write,k2,1220.2649116516113,False,1430,1430,,201
1775114217.449985,read,k5,4.374027252197266,False,1484,1471,25.96902847290039,200
1775114217.513778,write,k5,1243.527889251709,False,1472,1472,,201
1775114217.514155,write,k5,1219.5980548858643,False,1474,1474,,201
1775114217.5144792,write,k5,1221.163034439087,False,1473,1473,,201
1775114217.51474,write,k4,1220.4539775848389,False,1424,1424,,201
1775114217.5238411,read,k5,2.0389556884765625,False,1485,1474,9.358882904052734,200
1775114217.529103,write,k5,1221.8689918518066,False,1475,1475,,201
1775114217.5296571,write,k1,1225.4281044006348,False,1493,1493,,201
1775114217.5418801,write,k3,1221.8799591064453,False,1541,1541,,201
1775114217.616765,write,k2,1253.227710723877,False,1431,1431,,201
1775114217.6171148,write,k2,1255.0911903381348,False,1432,1432,,201
1775114217.6173382,write,k2,1254.5263767242432,False,1433,1433,,201
1775114218.018354,write,k5,1220.3261852264404,False,1476,1476,,201
1775114218.018664,write,k2,1226.120948791504,False,1434,1434,,201
1775114218.018878,write,k3,1223.524808883667,False,1542,1542,,201
1775114218.019093,write,k1,1223.1299877166748,False,1494,1494,,201
1775114218.079413,write,k4,1240.7341003417969,False,1425,1425,,201
1775114218.0797231,write,k3,1246.0899353027344,False,1543,1543,,201
1775114218.080223,write,k3,1237.7827167510986,False,1544,1544,,201
1775114218.080529,write,k5,1241.0292625427246,False,1477,1477,,201
1775114218.0807009,write,k1,1262.8819942474365,False,1495,1495,,201
1775114218.080821,write,k1,1250.7262229919434,False,1496,1496,,201
1775114218.087935,write,k2,1219.9959754943848,False,1435,1435,,201
1775114218.117974,write,k4,1246.5860843658447,False,1426,1426,,201
1775114218.129534,write,k5,1218.958854675293,False,1478,1478,,201
1775114218.1302762,write,k2,1219.048023223877,False,1436,1436,,201
1775114218.1306791,write,k4,1221.0397720336914,False,1427,1427,,201
1775114218.130968,write,k5,1220.6981182098389,False,1479,1479,,201
1775114218.135133,write,k4,1219.3357944488525,False,1428,1428,,201
1775114218.135585,write,k5,1218.4278964996338,False,1480,1480,,201
1775114218.1373272,read,k5,3.8471221923828125,False,1487,1480,1.7690658569335938,200
1775114218.148962,write,k2,1220.4153537750244,False,1437,1437,,201
1775114218.171104,write,k5,1229.4929027557373,False,1481,1481,,201
1775114218.384063,write,k3,1253.5209655761719,False,1545,1545,,201
1775114218.384684,write,k1,1256.654977798462,False,1497,1497,,201
1775114218.395776,write,k3,1217.6170349121094,False,1546,1546,,201
1775114218.396226,write,k5,1216.616153717041,False,1482,1482,,201
1775114218.423986,write,k1,1240.1809692382812,False,1498,1498,,201
1775114218.425351,write,k4,1239.4070625305176,False,1429,1429,,201
1775114218.425656,write,k1,1236.0849380493164,False,1499,1499,,201
1775114218.4274611,write,k2,1242.7101135253906,False,1438,1438,,201
1775114218.428513,write,k3,1239.6447658538818,False,1547,1547,,201
1775114218.540189,write,k2,1218.9769744873047,False,1439,1439,,201
1775114218.6408849,write,k5,1224.2786884307861,False,1483,1483,,201
1775114218.641719,write,k3,1229.5899391174316,False,1548,1548,,201
1775114218.642205,write,k3,1215.9700393676758,False,1549,1549,,201
1775114218.6866329,write,k4,1235.6371879577637,False,1431,1431,,201
1775114218.687283,write,k5,1240.9420013427734,False,1484,1484,,201
1775114218.687766,write,k1,1237.6720905303955,False,1501,1501,,201
1775114218.688226,write,k2,1235.5217933654785,False,1440,1440,,201
1775114218.6885839,write,k4,1256.5369606018066,False,1430,1430,,201
1775114218.688927,write,k1,1256.0298442840576,False,1500,1500,,201
1775114218.689215,write,k1,1237.9028797149658,False,1502,1502,,201
1775114218.734915,write,k5,1218.4748649597168,False,1485,1485,,201
1775114218.739249,write,k4,1218.6486721038818,False,1432,1432,,201
1775114218.740488,write,k3,1217.606782913208,False,1550,1550,,201
1775114218.7408981,write,k3,1211.0447883605957,False,1551,1551,,201
1775114218.747661,read,k5,2.074718475341797,False,1492,1485,12.744903564453125,200
1775114218.750818,read,k1,1.7619132995605469,False,1512,1502,61.60092353820801,200
1775114218.763096,write,k1,1226.8590927124023,False,1503,1503,,201
1775114218.763474,write,k3,1229.9511432647705,False,1552,1552,,201
1775114218.771084,read,k3,2.5250911712646484,False,1561,1552,7.606029510498047,200
1775114218.7860951,write,k4,1241.7621612548828,False,1433,1433,,201
1775114218.840665,write,k4,1217.149019241333,False,1434,1434,,201
1775114218.841255,write,k2,1221.2169170379639,False,1441,1441,,201
1775114218.843507,write,k3,1222.4578857421875,False,1553,1553,,201
1775114219.2559,write,k4,1231.9660186767578,False,1435,1435,,201
1775114219.2566772,write,k4,1234.4989776611328,False,1435,1435,,201
1775114219.25716,write,k4,1229.369878768921,False,1436,1436,,201
1775114219.257594,write,k2,1236.2627983093262,False,1442,1442,,201
1775114219.26602,read,k2,3.4749507904052734,False,1452,1442,8.424043655395508,200
1775114219.3109288,write,k1,1220.5810546875,False,1506,1506,,201
1775114219.311393,write,k3,1229.7978401184082,False,1554,1554,,201
1775114219.311668,write,k1,1224.9197959899902,False,1505,1505,,201
1775114219.311933,write,k5,1228.787899017334,False,1486,1486,,201
1775114219.3121731,write,k5,1228.7161350250244,False,1487,1487,,201
1775114219.3123991,write,k2,1226.1922359466553,False,1443,1443,,201
1775114219.312664,write,k1,1229.7930717468262,False,1504,1504,,201
1775114219.361606,write,k4,1227.4129390716553,False,1438,1438,,201
1775114219.362005,write,k3,1225.9678840637207,False,1555,1555,,201
1775114219.362299,write,k4,1236.8299961090088,False,1437,1437,,201
1775114219.3737578,write,k1,1234.6911430358887,False,1507,1507,,201
1775114219.374193,write,k4,1233.9189052581787,False,1439,1439,,201
1775114219.374561,write,k1,1231.985330581665,False,1508,1508,,201
1775114219.374879,write,k2,1235.388994216919,False,1444,1444,,201
1775114219.375196,read,k5,8.708953857421875,False,1494,1487,63.021183013916016,200
1775114219.385757,read,k5,1.3630390167236328,False,1495,1487,73.58002662658691,200
1775114219.391693,write,k2,1211.120843887329,False,1445,1445,,201
1775114219.392003,write,k3,1225.2752780914307,False,1556,1556,,201
1775114219.615857,write,k5,1224.6472835540771,False,1489,1489,,201
1775114219.616493,write,k5,1226.8199920654297,False,1488,1488,,201
1775114219.620505,write,k2,1218.9550399780273,False,1446,1446,,201
1775114219.621221,write,k5,1218.6188697814941,False,1490,1490,,201
1775114219.678345,write,k3,1249.664068222046,False,1557,1557,,201
1775114219.679138,write,k5,1244.9798583984375,False,1491,1491,,201
1775114219.679622,write,k2,1252.03275680542,False,1447,1447,,201
1775114219.679969,write,k2,1248.831033706665,False,1448,1448,,201
1775114219.680264,write,k3,1249.600887298584,False,1558,1558,,201
1775114219.6914449,read,k5,2.5920867919921875,False,1496,1491,12.30621337890625,200
1775114219.770719,write,k1,1222.4931716918945,False,1509,1509,,201
1775114219.878552,write,k4,1228.7020683288574,False,1440,1440,,201
1775114219.879085,write,k4,1229.6857833862305,False,1441,1441,,201
1775114219.879458,write,k1,1231.611728668213,False,1510,1510,,201
1775114219.921726,write,k1,1228.809118270874,False,1512,1512,,201
1775114219.922316,write,k5,1224.2567539215088,False,1492,1492,,201
1775114219.9227571,write,k3,1232.3431968688965,False,1559,1559,,201
1775114219.923149,write,k3,1231.2121391296387,False,1560,1560,,201
1775114219.9235468,write,k2,1225.9759902954102,False,1450,1450,,201
1775114219.924032,write,k1,1234.713077545166,False,1511,1511,,201
1775114219.924429,write,k2,1233.5121631622314,False,1449,1449,,201
1775114219.984009,write,k1,1225.6619930267334,False,1513,1513,,201
1775114219.984621,write,k5,1232.1479320526123,False,1493,1493,,201
1775114219.985101,write,k2,1239.9001121520996,False,1451,1451,,201
1775114219.98558,write,k3,1241.6491508483887,False,1561,1561,,201
1775114219.989407,write,k3,1220.4599380493164,False,1562,1562,,201
1775114220.000065,write,k1,1220.6411361694336,False,1514,1514,,201
1775114220.012087,write,k5,1223.5701084136963,False,1494,1494,,201
1775114220.0789278,write,k1,1229.4068336486816,False,1515,1515,,201
1775114220.0806222,write,k1,1228.2538414001465,False,1516,1516,,201
1775114220.081057,write,k2,1230.9191226959229,False,1452,1452,,201
1775114220.086784,read,k1,4.796266555786133,False,1528,1516,6.1588287353515625,200
1775114220.099984,read,k5,3.2758712768554688,False,1501,1494,87.89920806884766,200
1775114220.542264,write,k3,1225.2070903778076,False,1565,1565,,201
1775114220.54263,write,k2,1223.891019821167,False,1456,1456,,201
1775114220.542881,write,k1,1226.407766342163,False,1517,1517,,201
1775114220.5431192,write,k2,1279.9632549285889,False,1453,1453,,201
1775114220.543338,write,k2,1222.080945968628,False,1457,1457,,201
1775114220.5435572,write,k3,1227.860927581787,False,1564,1564,,201
1775114220.543744,write,k1,1222.0039367675781,False,1518,1518,,201
1775114220.54394,write,k3,1277.268886566162,False,1563,1563,,201
1775114220.544124,write,k4,1276.1547565460205,False,1442,1442,,201
1775114220.5443149,write,k2,1279.2127132415771,False,1454,1454,,201
1775114220.5444999,write,k2,1227.7240753173828,False,1455,1455,,201
1775114220.647129,write,k5,1255.0199031829834,False,1496,1496,,201
1775114220.647615,write,k3,1279.6909809112549,False,1567,1567,,201
1775114220.647978,write,k3,1280.8988094329834,False,1566,1566,,201
1775114220.6482508,write,k5,1269.258975982666,False,1495,1495,,201
1775114220.6484969,write,k1,1269.7668075561523,False,1519,1519,,201
1775114220.648803,write,k1,1251.2359619140625,False,1520,1520,,201
1775114220.64909,write,k4,1252.7658939361572,False,1443,1443,,201
1775114220.649358,write,k2,1265.4290199279785,False,1458,1458,,201
1775114220.649607,write,k3,1271.5160846710205,False,1568,1568,,201
1775114220.858648,write,k1,1231.8360805511475,False,1522,1522,,201
1775114220.85921,write,k4,1233.285903930664,False,1444,1444,,201
1775114220.8596349,write,k1,1228.1289100646973,False,1523,1523,,201
1775114220.861782,write,k1,1237.5760078430176,False,1521,1521,,201
1775114220.951943,write,k5,1250.690221786499,False,1497,1497,,201
1775114220.9526029,write,k2,1271.5661525726318,False,1459,1459,,201
1775114220.953068,write,k4,1263.8330459594727,False,1445,1445,,201
1775114220.9534771,write,k1,1270.3142166137695,False,1525,1525,,201
1775114220.9540858,write,k1,1272.4568843841553,False,1524,1524,,201
1775114221.025432,write,k5,1248.5339641571045,False,1498,1498,,201
1775114221.169396,write,k5,1237.8089427947998,False,1500,1500,,201
1775114221.17007,write,k2,1240.2069568634033,False,1461,1461,,201
1775114221.170503,write,k5,1288.182020187378,False,1499,1499,,201
1775114221.1710331,write,k3,1237.6899719238281,False,1570,1570,,201
1775114221.171354,write,k1,1282.947063446045,False,1526,1526,,201
1775114221.171686,write,k4,1243.7000274658203,False,1447,1447,,201
1775114221.171995,write,k4,1246.377944946289,False,1446,1446,,201
1775114221.172266,write,k2,1239.8078441619873,False,1462,1462,,201
1775114221.172555,write,k2,1286.1597537994385,False,1460,1460,,201
1775114221.1728141,write,k3,1246.340274810791,False,1569,1569,,201
1775114221.1893,read,k5,9.567975997924805,False,1507,1500,18.793106079101562,200
1775114221.260073,write,k3,1254.897117614746,False,1572,1572,,201
1775114221.260467,write,k5,1266.252040863037,False,1501,1501,,201
1775114221.261672,write,k3,1268.8870429992676,False,1571,1571,,201
1775114221.262309,write,k2,1270.3590393066406,False,1464,1464,,201
1775114221.262601,write,k1,1248.7950325012207,False,1528,1528,,201
1775114221.262943,write,k2,1275.2289772033691,False,1463,1463,,201
1775114221.263249,write,k1,1271.902084350586,False,1527,1527,,201
1775114221.333917,write,k3,1248.885154724121,False,1573,1573,,201
1775114221.334358,write,k1,1231.368064880371,False,1530,1530,,201
1775114221.3347368,write,k1,1246.7420101165771,False,1529,1529,,201
1775114221.342262,read,k1,5.432844161987305,False,1538,1530,7.520914077758789,200
1775114221.794657,write,k2,1242.7911758422852,False,1467,1467,,201
1775114221.7953038,write,k3,1244.718074798584,False,1575,1575,,201
1775114221.795786,write,k3,1248.5320568084717,False,1574,1574,,201
1775114221.796204,write,k4,1244.034767150879,False,1451,1451,,201
1775114221.796535,write,k4,1243.0620193481445,False,1449,1449,,201
1775114221.796813,write,k4,1242.8560256958008,False,1450,1450,,201
1775114221.79708,write,k4,1250.3118515014648,False,1448,1448,,201
1775114221.7973518,write,k1,1248.274803161621,False,1531,1531,,201
1775114221.797593,write,k2,1249.6070861816406,False,1465,1465,,201
1775114221.797842,write,k5,1250.0967979431152,False,1502,1502,,201
1775114221.7980852,write,k2,1244.372844696045,False,1466,1466,,201
1775114221.809524,read,k1,9.263038635253906,False,1539,1531,12.168169021606445,200
1775114221.8112059,read,k3,8.642196655273438,False,1583,1575,15.420198440551758,200
1775114221.896847,write,k2,1241.6160106658936,False,1469,1469,,201
1775114221.897376,write,k1,1238.9500141143799,False,1533,1533,,201
1775114221.897742,write,k5,1240.837812423706,False,1504,1504,,201
1775114221.8980422,write,k1,1243.5381412506104,False,1532,1532,,201
1775114221.898289,write,k1,1240.8099174499512,False,1535,1535,,201
1775114221.898528,write,k4,1244.6777820587158,False,1452,1452,,201
1775114221.898907,write,k5,1243.4568405151367,False,1503,1503,,201
1775114221.899178,write,k2,1244.3490028381348,False,1468,1468,,201
1775114221.899413,write,k1,1242.2089576721191,False,1534,1534,,201
1775114221.902644,read,k4,2.6061534881591797,False,1464,1452,4.114866256713867,200
1775114221.9037492,read,k2,2.5768280029296875,False,1479,1469,4.569053649902344,200
1775114221.9081962,read,k3,3.041982650756836,False,1584,1575,112.4112606048584,200
1775114221.909794,read,k5,2.730846405029297,False,1511,1504,10.886907577514648,200
1775114222.111611,write,k5,1243.725061416626,False,1506,1506,,201
1775114222.11236,write,k5,1246.3688850402832,False,1505,1505,,201
1775114222.112923,write,k2,1248.885154724121,False,1471,1471,,201
1775114222.113909,write,k2,1251.7800331115723,False,1470,1470,,201
1775114222.176983,write,k2,1220.1480865478516,False,1472,1472,,201
1775114222.177623,write,k3,1219.15602684021,False,1576,1576,,201
1775114222.1779919,write,k4,1220.454216003418,False,1453,1453,,201
1775114222.188085,read,k3,4.972219467163086,False,1585,1576,10.460138320922852,200
1775114222.2009048,write,k3,1241.2691116333008,False,1577,1577,,201
1775114222.201427,write,k1,1238.994836807251,False,1536,1536,,201
1775114222.273637,write,k2,1241.445779800415,False,1473,1473,,201
1775114222.420274,write,k4,1234.0240478515625,False,1458,1458,,201
1775114222.4209962,write,k1,1242.4118518829346,False,1537,1537,,201
1775114222.4214442,write,k4,1243.8890933990479,False,1457,1457,,201
1775114222.421806,write,k4,1246.5310096740723,False,1454,1454,,201
1775114222.4222121,write,k3,1243.3180809020996,False,1578,1578,,201
1775114222.422556,write,k4,1245.3460693359375,False,1455,1455,,201
1775114222.422922,write,k2,1227.5309562683105,False,1474,1474,,201
1775114222.423296,write,k5,1237.6620769500732,False,1508,1508,,201
1775114222.423666,write,k4,1249.9430179595947,False,1456,1456,,201
1775114222.424011,write,k5,1247.8840351104736,False,1507,1507,,201
1775114222.488582,write,k5,1225.1858711242676,False,1509,1509,,201
1775114222.506071,write,k3,1231.903076171875,False,1580,1580,,201
1775114222.506736,write,k2,1238.3630275726318,False,1475,1475,,201
1775114222.507093,write,k3,1237.5621795654297,False,1579,1579,,201
1775114222.507461,write,k1,1231.1148643493652,False,1538,1538,,201
1775114222.507794,write,k2,1232.1460247039795,False,1476,1476,,201
1775114222.50809,write,k5,1237.9491329193115,False,1510,1510,,201
1775114222.513084,read,k1,3.9720535278320312,False,1546,1538,5.6209564208984375,200
1775114222.58096,write,k4,1233.8831424713135,False,1459,1459,,201
1775114222.5813708,write,k3,1238.8639450073242,False,1581,1581,,201
1775114222.581729,write,k2,1238.7776374816895,False,1477,1477,,201
1775114222.591381,read,k1,1.02996826171875,False,1547,1538,83.91761779785156,200
1775114222.59993,read,k4,1.0721683502197266,False,1472,1459,18.970012664794922,200
1775114223.031025,write,k3,1232.837200164795,False,1582,1582,,201
1775114223.031179,write,k1,1227.5450229644775,False,1540,1540,,201
1775114223.031282,write,k1,1231.7731380462646,False,1539,1539,,201
1775114223.031373,write,k4,1232.6171398162842,False,1460,1460,,201
1775114223.031457,write,k4,1229.292869567871,False,1462,1462,,201
1775114223.031546,write,k2,1225.0351905822754,False,1478,1478,,201
1775114223.031626,write,k2,1225.496768951416,False,1479,1479,,201
1775114223.0317109,write,k3,1231.044054031372,False,1583,1583,,201
1775114223.0317912,write,k4,1227.8199195861816,False,1461,1461,,201
1775114223.038841,write,k4,1219.249963760376,False,1464,1464,,201
1775114223.03893,write,k4,1224.8990535736084,False,1463,1463,,201
1775114223.041569,read,k2,4.03904914855957,False,1489,1479,9.942054748535156,200
1775114223.129261,write,k4,1225.0728607177734,False,1465,1465,,201
1775114223.1294239,write,k3,1227.4727821350098,False,1584,1584,,201
1775114223.129568,write,k5,1230.0662994384766,False,1511,1511,,201
1775114223.129697,write,k2,1229.4073104858398,False,1480,1480,,201
1775114223.1298182,write,k1,1226.0019779205322,False,1541,1541,,201
1775114223.130856,write,k2,1224.2612838745117,False,1481,1481,,201
1775114223.1312551,write,k2,1225.2321243286133,False,1482,1482,,201
1775114223.131555,write,k2,1215.2159214019775,False,1483,1483,,201
1775114223.1487622,write,k3,1229.4330596923828,False,1585,1585,,201
1775114223.333934,write,k5,1217.3869609832764,False,1512,1512,,201
1775114223.3371232,write,k5,1217.2608375549316,False,1513,1513,,201
1775114223.3375602,write,k4,1218.094825744629,False,1466,1466,,201
1775114223.3477492,write,k5,1224.8921394348145,False,1514,1514,,201
1775114223.417697,write,k3,1234.1129779815674,False,1586,1586,,201
1775114223.418248,write,k5,1218.9011573791504,False,1516,1516,,201
1775114223.41871,write,k5,1236.4742755889893,False,1515,1515,,201
1775114223.435169,write,k1,1229.9609184265137,False,1542,1542,,201
1775114223.435957,write,k4,1231.459140777588,False,1467,1467,,201
1775114223.509842,write,k4,1226.7787456512451,False,1468,1468,,201
1775114223.6574469,write,k3,1226.2468338012695,False,1588,1588,,201
1775114223.658071,write,k1,1224.7531414031982,False,1546,1546,,201
1775114223.658564,write,k1,1233.8621616363525,False,1543,1543,,201
1775114223.659109,write,k2,1229.7229766845703,False,1484,1484,,201
1775114223.659533,write,k5,1230.9319972991943,False,1517,1517,,201
1775114223.65988,write,k1,1230.8568954467773,False,1544,1544,,201
1775114223.6601758,write,k4,1233.8571548461914,False,1469,1469,,201
1775114223.6604521,write,k1,1227.937936782837,False,1545,1545,,201
1775114223.6607091,write,k4,1233.001947402954,False,1470,1470,,201
1775114223.66097,write,k3,1236.8500232696533,False,1587,1587,,201
1775114223.668897,read,k4,4.598140716552734,False,1478,1470,8.185863494873047,200
1775114223.7219899,write,k2,1226.621150970459,False,1485,1485,,201
1775114223.73878,write,k4,1222.7299213409424,False,1471,1471,,201
1775114223.7392619,write,k1,1226.0768413543701,False,1547,1547,,201
1775114223.739713,write,k3,1228.902816772461,False,1589,1589,,201
1775114223.7401621,write,k2,1223.7329483032227,False,1486,1486,,201
1775114223.740484,write,k3,1223.742961883545,False,1590,1590,,201
1775114223.7408261,write,k5,1230.4573059082031,False,1518,1518,,201
1775114223.7491488,read,k3,5.995988845825195,False,1599,1590,8.664131164550781,200
1775114223.76033,read,k5,3.0469894409179688,False,1525,1518,19.5009708404541,200
1775114223.816412,write,k2,1230.4282188415527,False,1487,1487,,201
1775114223.8170938,write,k4,1227.053165435791,False,1472,1472,,201
1775114223.8227599,write,k1,1217.919111251831,False,1548,1548,,201
1775114223.8277829,read,k2,1.750946044921875,False,1500,1487,11.373043060302734,200
1775114224.2681248,write,k4,1232.7079772949219,False,1473,1473,,201
1775114224.268336,write,k3,1232.8178882598877,False,1591,1591,,201
1775114224.26853,write,k5,1231.6539287567139,False,1519,1519,,201
1775114224.26866,write,k2,1221.7631340026855,False,1490,1490,,201
1775114224.268776,write,k4,1233.9050769805908,False,1474,1474,,201
1775114224.2688808,write,k3,1224.937915802002,False,1593,1593,,201
1775114224.2690072,write,k3,1223.006010055542,False,1594,1594,,201
1775114224.26911,write,k1,1229.7618389129639,False,1549,1549,,201
1775114224.269203,write,k3,1233.5431575775146,False,1592,1592,,201
1775114224.269299,write,k2,1231.9211959838867,False,1489,1489,,201
1775114224.2693918,write,k2,1234.2970371246338,False,1488,1488,,201
1775114224.2723782,read,k4,1.2140274047851562,False,1481,1474,3.598928451538086,200
1775114224.277195,read,k2,0.8249282836914062,False,1501,1490,7.800102233886719,200
1775114224.288657,read,k1,1.0809898376464844,False,1561,1549,19.54507827758789,200
1775114224.361781,write,k1,1225.9459495544434,False,1550,1550,,201
1775114224.3619661,write,k4,1223.2697010040283,False,1476,1476,,201
1775114224.3620968,write,k2,1228.9190292358398,False,1492,1492,,201
1775114224.3622332,write,k5,1227.151870727539,False,1521,1521,,201
1775114224.362348,write,k4,1228.7890911102295,False,1475,1475,,201
1775114224.362463,write,k2,1231.5728664398193,False,1491,1491,,201
1775114224.3625758,write,k1,1223.4370708465576,False,1551,1551,,201
1775114224.362685,write,k5,1231.3971519470215,False,1520,1520,,201
1775114224.367691,read,k3,0.6909370422363281,False,1603,1594,98.48594665527344,200
1775114224.370765,read,k4,1.5790462493896484,False,1482,1476,8.415937423706055,200
1775114224.372298,read,k3,0.5362033843994141,False,1603,1594,103.09410095214844,200
1775114224.3989272,write,k5,1242.3019409179688,False,1522,1522,,201
1775114224.574324,write,k1,1233.3126068115234,False,1552,1552,,201
1775114224.575744,write,k3,1229.7050952911377,False,1595,1595,,201
1775114224.5762382,write,k2,1233.2029342651367,False,1493,1493,,201
1775114224.5788338,write,k1,1219.6221351623535,False,1553,1553,,201
1775114224.666124,write,k1,1221.625804901123,False,1554,1554,,201
1775114224.666519,write,k2,1243.1979179382324,False,1494,1494,,201
1775114224.666775,write,k4,1241.9838905334473,False,1477,1477,,201
1775114224.667017,write,k3,1221.944808959961,False,1596,1596,,201
1775114224.667249,write,k2,1240.9858703613281,False,1495,1495,,201
1775114224.67293,read,k1,4.006147384643555,False,1568,1554,6.805896759033203,200
1775114224.674707,read,k5,1.5099048614501953,False,1526,1522,275.77900886535645,200
1775114224.774407,write,k4,1262.3929977416992,False,1478,1478,,201
1775114224.8850482,write,k1,1221.8999862670898,False,1555,1555,,201
1775114224.885612,write,k5,1218.4617519378662,False,1523,1523,,201
1775114224.8859441,write,k2,1222.282886505127,False,1496,1496,,201
1775114224.8862379,write,k3,1218.735933303833,False,1598,1598,,201
1775114224.886519,write,k2,1222.517967224121,False,1497,1497,,201
1775114224.886836,write,k3,1222.287893295288,False,1597,1597,,201
1775114224.8881578,write,k2,1222.3138809204102,False,1498,1498,,201
1775114224.889194,write,k3,1221.3830947875977,False,1599,1599,,201
1775114224.889579,write,k2,1218.7280654907227,False,1499,1499,,201
1775114224.9067788,read,k4,13.079643249511719,False,1488,1478,132.3680877685547,200
1775114224.907231,read,k3,10.764122009277344,False,1605,1599,18.037080764770508,200
1775114224.9119492,write,k4,1231.431007385254,False,1479,1479,,201
1775114224.981938,write,k1,1232.1562767028809,False,1556,1556,,201
1775114224.9825249,write,k5,1241.076946258545,False,1525,1525,,201
1775114224.982922,write,k5,1252.4852752685547,False,1524,1524,,201
1775114224.983253,write,k3,1235.2650165557861,False,1600,1600,,201
1775114224.9836469,write,k2,1239.8982048034668,False,1500,1500,,201
1775114224.983953,write,k1,1219.1240787506104,False,1557,1557,,201
1775114224.984235,write,k4,1240.0338649749756,False,1480,1480,,201
1775114225.0850759,write,k4,1260.725975036621,False,1481,1481,,201
1775114225.085653,write,k3,1253.7438869476318,False,1602,1602,,201
1775114225.086057,write,k3,1265.4201984405518,False,1601,1601,,201
1775114225.495015,write,k1,1218.174934387207,False,1560,1560,,201
1775114225.495274,write,k2,1216.5989875793457,False,1503,1503,,201
1775114225.495448,write,k1,1214.4219875335693,False,1561,1561,,201
1775114225.495608,write,k4,1219.0940380096436,False,1482,1482,,201
1775114225.4958642,write,k2,1219.141960144043,False,1502,1502,,201
1775114225.496083,write,k3,1221.6651439666748,False,1603,1603,,201
1775114225.496259,write,k5,1222.2180366516113,False,1526,1526,,201
1775114225.4965398,write,k1,1222.242832183838,False,1559,1559,,201
1775114225.4967492,write,k2,1226.1018753051758,False,1501,1501,,201
1775114225.496927,write,k1,1226.8140316009521,False,1558,1558,,201
1775114225.499794,read,k1,1.6620159149169922,False,1572,1561,2.8641223907470703,200
1775114225.501858,read,k3,0.9820461273193359,False,1608,1603,5.773067474365234,200
1775114225.5084999,read,k3,1.4390945434570312,False,1608,1603,12.41612434387207,200
1775114225.5183492,write,k1,1222.3451137542725,False,1562,1562,,201
1775114225.600561,write,k1,1234.656810760498,False,1564,1564,,201
1775114225.602296,write,k1,1238.8107776641846,False,1563,1563,,201
1775114225.602615,write,k1,1233.7570190429688,False,1565,1565,,201
1775114225.6029692,write,k2,1227.6899814605713,False,1504,1504,,201
1775114225.6032572,write,k4,1226.405143737793,False,1483,1483,,201
1775114225.6035929,write,k1,1233.3879470825195,False,1566,1566,,201
1775114225.6038778,write,k1,1233.0739498138428,False,1567,1567,,201
1775114225.612593,write,k2,1231.1081886291504,False,1505,1505,,201
1775114225.623203,write,k4,1220.4439640045166,False,1484,1484,,201
1775114225.637161,read,k1,5.751132965087891,False,1575,1567,33.2798957824707,200
1775114225.822046,write,k4,1240.6878471374512,False,1485,1485,,201
1775114225.8224928,write,k4,1239.1910552978516,False,1486,1486,,201
1775114225.822904,write,k1,1243.035078048706,False,1568,1568,,201
1775114225.823297,write,k3,1238.6610507965088,False,1604,1604,,201
1775114225.909245,write,k5,1235.192060470581,False,1527,1527,,201
1775114225.909857,write,k2,1239.7880554199219,False,1506,1506,,201
1775114225.9104671,write,k5,1233.1950664520264,False,1528,1528,,201
1775114225.911284,write,k4,1235.2020740509033,False,1487,1487,,201
1775114225.911623,write,k3,1240.278720855713,False,1605,1605,,201
1775114226.0583382,write,k5,1275.3620147705078,False,1529,1529,,201
1775114226.071487,read,k2,5.322933197021484,False,1517,1506,161.62490844726562,200
1775114226.160182,write,k2,1267.6260471343994,False,1509,1509,,201
1775114226.161124,write,k2,1266.916275024414,False,1508,1508,,201
1775114226.161765,write,k2,1272.099256515503,False,1507,1507,,201
1775114226.1624,write,k4,1267.7807807922363,False,1488,1488,,201
1775114226.162839,write,k1,1275.6080627441406,False,1569,1569,,201
1775114226.163331,write,k5,1242.2199249267578,False,1532,1532,,201
1775114226.163767,write,k4,1249.3760585784912,False,1489,1489,,201
1775114226.164083,write,k5,1268.7151432037354,False,1530,1530,,201
1775114226.164379,write,k1,1273.878812789917,False,1570,1570,,201
1775114226.164651,write,k5,1251.7619132995605,False,1531,1531,,201
1775114226.168591,read,k1,3.407716751098633,False,1576,1570,4.207849502563477,200
1775114226.267936,write,k3,1278.3660888671875,False,1606,1606,,201
1775114226.269061,write,k4,1278.6650657653809,False,1491,1491,,201
1775114226.269633,write,k1,1281.0711860656738,False,1571,1571,,201
1775114226.2700539,write,k5,1278.1498432159424,False,1533,1533,,201
1775114226.2704399,write,k4,1281.2309265136719,False,1490,1490,,201
1775114226.2709382,write,k4,1279.4089317321777,False,1492,1492,,201
1775114226.271347,write,k3,1280.669927597046,False,1607,1607,,201
1775114226.365912,write,k4,1273.0307579040527,False,1493,1493,,201
1775114226.366431,write,k2,1273.036003112793,False,1510,1510,,201
1775114226.366763,write,k1,1275.35080909729,False,1572,1572,,201
1775114226.377003,read,k2,2.432107925415039,False,1521,1510,10.569095611572266,200
1775114226.8064861,write,k1,1293.6489582061768,False,1575,1575,,201
1775114226.8070478,write,k4,1304.447889328003,False,1494,1494,,201
1775114226.8074062,write,k4,1302.231788635254,False,1495,1495,,201
1775114226.807729,write,k2,1300.5101680755615,False,1511,1511,,201
1775114226.808015,write,k3,1284.1699123382568,False,1609,1609,,201
1775114226.808297,write,k4,1302.7129173278809,False,1496,1496,,201
1775114226.809145,write,k5,1308.0801963806152,False,1535,1535,,201
1775114226.809403,write,k3,1309.5498085021973,False,1608,1608,,201
1775114226.80965,write,k1,1311.9049072265625,False,1573,1573,,201
1775114226.809897,write,k1,1305.018663406372,False,1574,1574,,201
1775114226.810137,write,k5,1308.8171482086182,False,1534,1534,,201
1775114226.819925,read,k2,6.212949752807617,False,1523,1511,12.193679809570312,200
1775114226.883329,write,k4,1275.2480506896973,False,1498,1498,,201
1775114226.884073,write,k2,1277.9490947723389,False,1513,1513,,201
1775114226.884545,write,k3,1265.963077545166,False,1610,1610,,201
1775114226.884911,write,k4,1280.3740501403809,False,1497,1497,,201
1775114226.885202,write,k4,1272.1641063690186,False,1500,1500,,201
1775114226.885534,write,k2,1281.4579010009766,False,1512,1512,,201
1775114226.885812,write,k3,1238.7430667877197,False,1611,1611,,201
1775114226.886092,write,k4,1276.9148349761963,False,1499,1499,,201
1775114226.886345,write,k5,1277.4658203125,False,1536,1536,,201
1775114226.8921118,read,k3,2.6721954345703125,False,1616,1611,6.297111511230469,200
1775114227.110243,write,k2,1279.094934463501,False,1515,1515,,201
1775114227.110862,write,k2,1280.5612087249756,False,1514,1514,,201
1775114227.111267,write,k2,1279.8058986663818,False,1516,1516,,201
1775114227.1116018,write,k1,1279.0682315826416,False,1576,1576,,201
1775114227.1206121,read,k5,3.8809776306152344,False,1547,1536,234.26294326782227,200
1775114227.186128,write,k2,1237.7967834472656,False,1517,1517,,201
1775114227.1867661,write,k4,1240.483045578003,False,1503,1503,,201
1775114227.187242,write,k3,1273.2622623443604,False,1612,1612,,201
1775114227.187973,write,k4,1276.258945465088,False,1502,1502,,201
1775114227.189564,write,k4,1239.6001815795898,False,1501,1501,,201
1775114227.312187,write,k2,1230.4909229278564,False,1518,1518,,201
1775114227.415173,write,k5,1248.2590675354004,False,1538,1538,,201
1775114227.415636,write,k2,1243.591070175171,False,1519,1519,,201
1775114227.415926,write,k5,1242.236852645874,False,1540,1540,,201
1775114227.416203,write,k1,1243.8278198242188,False,1578,1578,,201
1775114227.4164531,write,k5,1237.3759746551514,False,1541,1541,,201
1775114227.416685,write,k3,1242.650032043457,False,1614,1614,,201
1775114227.4169831,write,k5,1246.7620372772217,False,1539,1539,,201
1775114227.417242,write,k5,1251.1260509490967,False,1537,1537,,201
1775114227.417483,write,k3,1251.720905303955,False,1613,1613,,201
1775114227.417737,write,k1,1247.084140777588,False,1577,1577,,201
1775114227.427583,read,k4,1.3899803161621094,False,1510,1503,238.01612854003906,200
1775114227.50191,write,k2,1225.964069366455,False,1520,1520,,201
1775114227.502403,write,k4,1228.2068729400635,False,1504,1504,,201
1775114227.513387,write,k3,1236.2029552459717,False,1615,1615,,201
1775114227.513775,write,k2,1237.3270988464355,False,1521,1521,,201
1775114227.514037,write,k4,1235.3489398956299,False,1505,1505,,201
1775114227.514282,write,k1,1236.778974533081,False,1579,1579,,201
1775114227.51453,write,k5,1236.1969947814941,False,1542,1542,,201
1775114227.515889,read,k3,3.4401416778564453,False,1620,1615,2.5000572204589844,200
1775114227.520949,read,k5,1.9249916076660156,False,1552,1542,6.415128707885742,200
1775114227.522518,read,k5,1.4259815216064453,False,1552,1542,7.98797607421875,200
1775114227.618743,write,k1,1244.9719905853271,False,1580,1580,,201
1775114227.619321,write,k5,1244.4140911102295,False,1543,1543,,201
1775114227.619769,write,k1,1235.1510524749756,False,1581,1581,,201
1775114228.060126,write,k2,1241.4882183074951,False,1526,1526,,201
1775114228.060359,write,k2,1250.152826309204,False,1522,1522,,201
1775114228.0604868,write,k1,1252.0880699157715,False,1582,1582,,201
1775114228.06061,write,k2,1242.4609661102295,False,1524,1524,,201
1775114228.060725,write,k2,1241.8811321258545,False,1527,1527,,201
1775114228.0608451,write,k2,1249.1579055786133,False,1523,1523,,201
1775114228.0609548,write,k4,1242.556095123291,False,1507,1507,,201
1775114228.061064,write,k4,1248.603105545044,False,1506,1506,,201
1775114228.061175,write,k5,1247.040033340454,False,1544,1544,,201
1775114228.0612822,write,k3,1230.1788330078125,False,1616,1616,,201
1775114228.061391,write,k2,1243.5739040374756,False,1525,1525,,201
1775114228.06925,read,k4,0.9028911590576172,False,1516,1507,8.185148239135742,200
1775114228.1174378,write,k2,1223.81591796875,False,1529,1529,,201
1775114228.117572,write,k2,1225.3880500793457,False,1528,1528,,201
1775114228.1176598,write,k3,1223.442792892456,False,1617,1617,,201
1775114228.117743,write,k2,1219.7208404541016,False,1531,1531,,201
1775114228.1178298,write,k5,1228.8241386413574,False,1545,1545,,201
1775114228.117913,write,k2,1223.4220504760742,False,1530,1530,,201
1775114228.117992,write,k4,1231.1301231384277,False,1508,1508,,201
1775114228.118078,write,k1,1228.0182838439941,False,1583,1583,,201
1775114228.118154,write,k5,1224.8752117156982,False,1546,1546,,201
1775114228.124033,read,k3,1.7631053924560547,False,1623,1617,6.371259689331055,200
1775114228.127885,read,k5,0.7266998291015625,False,1558,1546,9.731292724609375,200
1775114228.380328,write,k2,1260.8850002288818,False,1532,1532,,201
1775114228.3806899,write,k4,1262.8040313720703,False,1509,1509,,201
1775114228.380945,write,k2,1248.0781078338623,False,1533,1533,,201
1775114228.381234,write,k5,1265.4552459716797,False,1547,1547,,201
1775114228.467624,write,k1,1277.9309749603271,False,1584,1584,,201
1775114228.468054,write,k5,1273.390769958496,False,1549,1549,,201
1775114228.468333,write,k3,1272.7301120758057,False,1618,1618,,201
1775114228.4686148,write,k5,1279.9417972564697,False,1548,1548,,201
1775114228.468832,write,k1,1275.8300304412842,False,1585,1585,,201
1775114228.4721138,read,k3,1.3620853424072266,False,1627,1618,3.7789344787597656,200
1775114228.4728498,read,k4,1.3370513916015625,False,1519,1509,92.15903282165527,200
1775114228.535061,write,k2,1218.994140625,False,1534,1534,,201
1775114228.695064,write,k3,1274.402141571045,False,1619,1619,,201
1775114228.695576,write,k2,1268.9528465270996,False,1537,1537,,201
1775114228.6958358,write,k2,1271.3608741760254,False,1535,1535,,201
1775114228.696096,write,k3,1274.5120525360107,False,1620,1620,,201
1775114228.69634,write,k2,1270.5118656158447,False,1536,1536,,201
1775114228.696547,write,k4,1271.4061737060547,False,1510,1510,,201
1775114228.696794,write,k5,1276.451826095581,False,1551,1551,,201
1775114228.697144,write,k5,1273.0820178985596,False,1552,1552,,201
1775114228.697509,write,k1,1260.0188255310059,False,1586,1586,,201
1775114228.697782,write,k5,1278.127908706665,False,1550,1550,,201
1775114228.7009249,read,k5,1.825094223022461,False,1562,1552,3.141164779663086,200
1775114228.702312,read,k3,1.1138916015625,False,1628,1620,6.245851516723633,200
1775114228.773833,write,k4,1256.6719055175781,False,1511,1511,,201
1775114228.7745202,write,k5,1248.9140033721924,False,1553,1553,,201
1775114228.774899,write,k4,1242.475986480713,False,1513,1513,,201
1775114228.7751832,write,k2,1250.8611679077148,False,1539,1539,,201
1775114228.775449,write,k2,1263.9200687408447,False,1538,1538,,201
1775114228.77573,write,k3,1251.8901824951172,False,1621,1621,,201
1775114228.7760231,write,k4,1257.7471733093262,False,1512,1512,,201
1775114228.7822149,read,k4,5.367755889892578,False,1522,1513,6.18290901184082,200
1775114228.7908192,read,k2,3.1108856201171875,False,1545,1539,15.365839004516602,200
1775114228.8694148,write,k4,1249.345064163208,False,1514,1514,,201
1775114228.8698602,write,k3,1247.4968433380127,False,1622,1622,,201
1775114228.870107,write,k5,1243.6091899871826,False,1554,1554,,201
1775114228.877897,read,k4,2.4411678314208984,False,1524,1514,8.481979370117188,200
1775114229.302986,write,k4,1236.997127532959,False,1516,1516,,201
1775114229.303322,write,k2,1237.2150421142578,False,1540,1540,,201
1775114229.3035772,write,k4,1239.3412590026855,False,1515,1515,,201
1775114229.303819,write,k5,1236.6430759429932,False,1556,1556,,201
1775114229.3040462,write,k1,1240.0660514831543,False,1587,1587,,201
1775114229.304289,write,k4,1236.0727787017822,False,1517,1517,,201
1775114229.304499,write,k1,1240.1270866394043,False,1588,1588,,201
1775114229.304729,write,k3,1235.7370853424072,False,1623,1623,,201
1775114229.304956,write,k2,1234.9750995635986,False,1541,1541,,201
1775114229.3051689,write,k1,1225.5902290344238,False,1589,1589,,201
1775114229.305363,write,k5,1239.1490936279297,False,1555,1555,,201
1775114229.3103669,read,k3,2.2721290588378906,False,1631,1623,5.635738372802734,200
1775114229.3115258,read,k1,2.4089813232421875,False,1598,1589,6.355047225952148,200
1775114229.313232,read,k1,2.5327205657958984,False,1598,1589,8.06117057800293,200
1775114229.3134851,read,k5,2.504110336303711,False,1567,1556,8.120059967041016,200
1775114229.3930292,write,k1,1272.9811668395996,False,1590,1590,,201
1775114229.393449,write,k4,1270.6761360168457,False,1518,1518,,201
1775114229.393705,write,k1,1272.1400260925293,False,1591,1591,,201
1775114229.393916,write,k5,1274.5988368988037,False,1557,1557,,201
1775114229.39412,write,k1,1257.1229934692383,False,1592,1592,,201
1775114229.394318,write,k3,1270.017147064209,False,1624,1624,,201
1775114229.394565,write,k5,1273.8113403320312,False,1558,1558,,201
1775114229.3948002,write,k3,1269.4029808044434,False,1625,1625,,201
1775114229.395055,write,k3,1268.721103668213,False,1626,1626,,201
1775114229.610406,write,k5,1227.9682159423828,False,1559,1559,,201
1775114229.647155,write,k3,1251.7750263214111,False,1627,1627,,201
1775114229.6476438,write,k5,1252.8510093688965,False,1560,1560,,201
1775114229.648046,write,k4,1254.4100284576416,False,1519,1519,,201
1775114229.700097,write,k2,1220.884084701538,False,1542,1542,,201
1775114229.700702,write,k4,1220.8759784698486,False,1521,1521,,201
1775114229.70107,write,k5,1223.4821319580078,False,1561,1561,,201
1775114229.701387,write,k4,1221.9209671020508,False,1520,1520,,201
1775114229.701834,write,k5,1223.2849597930908,False,1562,1562,,201
1775114229.708879,read,k3,3.767728805541992,False,1635,1627,61.72299385070801,200
1775114229.7851782,write,k1,1240.8790588378906,False,1593,1593,,201
1775114229.954669,write,k3,1252.03275680542,False,1629,1629,,201
1775114229.955262,write,k1,1250.4158020019531,False,1595,1595,,201
1775114229.96157,write,k1,1251.2938976287842,False,1596,1596,,201
1775114229.962176,write,k2,1258.7049007415771,False,1543,1543,,201
1775114229.962647,write,k5,1253.309965133667,False,1564,1564,,201
1775114229.9630451,write,k1,1261.2848281860352,False,1594,1594,,201
1775114229.963412,write,k4,1258.1148147583008,False,1522,1522,,201
1775114229.963767,write,k2,1260.037899017334,False,1544,1544,,201
1775114229.9641411,write,k5,1259.9210739135742,False,1563,1563,,201
1775114229.964458,write,k3,1266.5748596191406,False,1628,1628,,201
1775114230.010355,write,k4,1232.82790184021,False,1523,1523,,201
1775114230.010834,write,k1,1226.6149520874023,False,1597,1597,,201
1775114230.011084,write,k3,1233.1860065460205,False,1630,1630,,201
1775114230.011334,write,k4,1230.3500175476074,False,1524,1524,,201
1775114230.0118852,write,k3,1232.4600219726562,False,1631,1631,,201
1775114230.0123641,write,k2,1226.841926574707,False,1545,1545,,201
1775114230.022789,write,k1,1228.3031940460205,False,1598,1598,,201
1775114230.115378,write,k4,1235.5022430419922,False,1525,1525,,201
1775114230.1157272,write,k5,1242.0570850372314,False,1565,1565,,201
1775114230.1159208,write,k5,1227.8809547424316,False,1566,1566,,201
1775114230.5302331,write,k4,1218.031883239746,False,1527,1527,,201
1775114230.530529,write,k2,1225.0950336456299,False,1546,1546,,201
1775114230.530716,write,k3,1219.1169261932373,False,1632,1632,,201
1775114230.530899,write,k5,1221.343994140625,False,1567,1567,,201
1775114230.531061,write,k2,1222.701072692871,False,1547,1547,,201
1775114230.531229,write,k5,1218.5399532318115,False,1568,1568,,201
1775114230.5313861,write,k4,1223.7310409545898,False,1526,1526,,201
1775114230.534899,write,k1,1217.9100513458252,False,1599,1599,,201
1775114230.5351,write,k4,1214.8170471191406,False,1528,1528,,201
1775114230.5353012,write,k5,1213.5798931121826,False,1570,1570,,201
1775114230.535481,write,k5,1217.6291942596436,False,1569,1569,,201
1775114230.641553,write,k3,1238.6908531188965,False,1635,1635,,201
1775114230.642171,write,k3,1239.915132522583,False,1634,1634,,201
1775114230.642496,write,k2,1242.7380084991455,False,1548,1548,,201
1775114230.642737,write,k4,1241.8997287750244,False,1529,1529,,201
1775114230.642975,write,k4,1238.785982131958,False,1530,1530,,201
1775114230.643306,write,k2,1239.950180053711,False,1550,1550,,201
1775114230.6437252,write,k5,1246.906042098999,False,1571,1571,,201
1775114230.644033,write,k3,1247.8280067443848,False,1633,1633,,201
1775114230.644309,write,k2,1245.0158596038818,False,1549,1549,,201
1775114230.652666,read,k1,1.3692378997802734,False,1607,1599,117.76304244995117,200
1775114230.6602209,read,k1,1.9609928131103516,False,1607,1599,125.31828880310059,200
1775114230.8440719,write,k4,1228.1208038330078,False,1531,1531,,201
1775114230.8868039,write,k5,1236.0661029815674,False,1572,1572,,201
1775114230.8871849,write,k1,1230.1900386810303,False,1600,1600,,201
1775114230.887418,write,k4,1230.8871746063232,False,1532,1532,,201
1775114230.947783,write,k4,1237.5907897949219,False,1533,1533,,201
1775114230.948456,write,k2,1243.0338859558105,False,1551,1551,,201
1775114230.94883,write,k5,1238.1861209869385,False,1573,1573,,201
1775114230.94913,write,k2,1237.2229099273682,False,1552,1552,,201
1775114230.949404,write,k1,1244.9219226837158,False,1601,1601,,201
1775114231.039969,write,k5,1250.4081726074219,False,1574,1574,,201
1775114231.1990001,write,k5,1239.8350238800049,False,1575,1575,,201
1775114231.199856,write,k1,1234.9021434783936,False,1602,1602,,201
1775114231.2003891,write,k4,1241.969347000122,False,1534,1534,,201
1775114231.200862,write,k5,1229.6440601348877,False,1577,1577,,201
1775114231.201437,write,k3,1234.900951385498,False,1637,1637,,201
1775114231.201926,write,k3,1229.5010089874268,False,1638,1638,,201
1775114231.202348,write,k5,1237.1063232421875,False,1576,1576,,201
1775114231.20271,write,k2,1232.8870296478271,False,1553,1553,,201
1775114231.20308,write,k3,1238.502025604248,False,1636,1636,,201
1775114231.203396,write,k4,1234.679937362671,False,1535,1535,,201
1775114231.2533,write,k1,1239.2659187316895,False,1603,1603,,201
1775114231.254088,write,k1,1236.9258403778076,False,1604,1604,,201
1775114231.2545762,write,k4,1236.8860244750977,False,1536,1536,,201
1775114231.255,write,k3,1233.4449291229248,False,1641,1641,,201
1775114231.255349,write,k3,1225.8350849151611,False,1642,1642,,201
1775114231.2557042,write,k3,1242.3779964447021,False,1639,1639,,201
1775114231.256038,write,k3,1241.2662506103516,False,1640,1640,,201
1775114231.273248,read,k1,12.36414909362793,False,1613,1604,19.157886505126953,200
1775114231.347095,write,k3,1228.8289070129395,False,1643,1643,,201
1775114231.347702,write,k2,1225.7742881774902,False,1554,1554,,201
1775114231.348136,write,k1,1229.478120803833,False,1605,1605,,201
1775114231.7586849,write,k5,1217.8370952606201,False,1579,1579,,201
1775114231.759317,write,k3,1225.0378131866455,False,1644,1644,,201
1775114231.7598999,write,k2,1227.3070812225342,False,1555,1555,,201
1775114231.760397,write,k3,1224.8647212982178,False,1645,1645,,201
1775114231.76083,write,k2,1220.2441692352295,False,1556,1556,,201
1775114231.761146,write,k4,1222.243070602417,False,1538,1538,,201
1775114231.7614348,write,k5,1224.4763374328613,False,1578,1578,,201
1775114231.76189,write,k4,1228.9187908172607,False,1537,1537,,201
1775114231.764228,write,k3,1218.4062004089355,False,1646,1646,,201
1775114231.7646022,write,k5,1218.562126159668,False,1580,1580,,201
1775114231.764947,write,k2,1218.7151908874512,False,1557,1557,,201
1775114231.8901591,write,k3,1243.8077926635742,False,1647,1647,,201
1775114231.8908648,write,k1,1241.0130500793457,False,1607,1607,,201
1775114231.8912861,write,k4,1242.6540851593018,False,1540,1540,,201
1775114231.89168,write,k4,1240.7660484313965,False,1541,1541,,201
1775114231.891993,write,k1,1244.3373203277588,False,1606,1606,,201
1775114231.892274,write,k2,1242.793083190918,False,1559,1559,,201
1775114231.892631,write,k4,1245.4679012298584,False,1539,1539,,201
1775114231.8929322,write,k2,1244.6000576019287,False,1558,1558,,201
1775114231.898415,read,k4,2.9761791229248047,False,1548,1541,5.77998161315918,200
1775114231.905625,write,k2,1234.7500324249268,False,1560,1560,,201
1775114232.074304,write,k3,1225.5148887634277,False,1648,1648,,201
1775114232.11796,write,k1,1228.6901473999023,False,1608,1608,,201
1775114232.118454,write,k4,1229.7170162200928,False,1542,1542,,201
1775114232.118805,write,k2,1223.1066226959229,False,1561,1561,,201
1775114232.204872,write,k5,1245.2967166900635,False,1582,1582,,201
1775114232.205374,write,k3,1253.3717155456543,False,1649,1649,,201
1775114232.205765,write,k4,1254.3811798095703,False,1543,1543,,201
1775114232.2061021,write,k2,1248.7387657165527,False,1562,1562,,201
1775114232.206385,write,k5,1252.5241374969482,False,1581,1581,,201
1775114232.268439,write,k1,1224.9939441680908,False,1609,1609,,201
1775114232.4291599,write,k5,1225.3050804138184,False,1583,1583,,201
1775114232.437304,write,k4,1228.2118797302246,False,1544,1544,,201
1775114232.437526,write,k4,1226.2609004974365,False,1546,1546,,201
1775114232.43769,write,k2,1228.2240390777588,False,1565,1565,,201
1775114232.4378371,write,k2,1230.5991649627686,False,1564,1564,,201
1775114232.43798,write,k2,1231.1649322509766,False,1563,1563,,201
1775114232.4381208,write,k3,1233.124017715454,False,1650,1650,,201
1775114232.438257,write,k4,1228.0559539794922,False,1545,1545,,201
1775114232.438399,write,k3,1225.5833148956299,False,1651,1651,,201
1775114232.4385338,write,k5,1225.3549098968506,False,1584,1584,,201
1775114232.441407,read,k1,0.9951591491699219,False,1622,1609,172.9729175567627,200
1775114232.445617,read,k4,0.9877681732177734,False,1552,1546,7.358074188232422,200
1775114232.521301,write,k1,1265.1169300079346,False,1610,1610,,201
1775114232.522223,write,k1,1261.713981628418,False,1612,1612,,201
1775114232.522718,write,k1,1260.143756866455,False,1614,1614,,201
1775114232.523663,write,k3,1262.058973312378,False,1652,1652,,201
1775114232.524244,write,k5,1240.241289138794,False,1585,1585,,201
1775114232.52464,write,k1,1264.9991512298584,False,1611,1611,,201
1775114232.5249531,write,k1,1265.8061981201172,False,1613,1613,,201
1775114232.535184,read,k2,1.9588470458984375,False,1575,1565,97.1980094909668,200
1775114232.577701,write,k5,1220.8833694458008,False,1586,1586,,201
1775114232.578065,write,k4,1225.5401611328125,False,1547,1547,,201
1775114232.578422,write,k2,1220.3638553619385,False,1566,1566,,201
1775114233.017218,write,k2,1253.7050247192383,False,1567,1567,,201
1775114233.017707,write,k1,1255.6889057159424,False,1615,1615,,201
1775114233.018232,write,k3,1251.722812652588,False,1653,1653,,201
1775114233.018568,write,k1,1249.4189739227295,False,1618,1618,,201
1775114233.0192928,write,k4,1253.8340091705322,False,1548,1548,,201
1775114233.019694,write,k3,1251.3699531555176,False,1654,1654,,201
1775114233.019983,write,k2,1249.201774597168,False,1569,1569,,201
1775114233.0202508,write,k2,1250.2217292785645,False,1568,1568,,201
1775114233.020511,write,k5,1257.8949928283691,False,1587,1587,,201
1775114233.020832,write,k1,1254.9922466278076,False,1616,1616,,201
1775114233.0211399,write,k1,1254.9660205841064,False,1617,1617,,201
1775114233.0378299,read,k2,12.471199035644531,False,1576,1569,17.572879791259766,200
1775114233.1270778,write,k5,1225.8586883544922,False,1589,1589,,201
1775114233.127531,write,k1,1227.571964263916,False,1619,1619,,201
1775114233.1278179,write,k1,1225.9888648986816,False,1620,1620,,201
1775114233.128167,write,k5,1231.6529750823975,False,1588,1588,,201
1775114233.128483,write,k5,1219.0048694610596,False,1590,1590,,201
1775114233.128782,write,k4,1228.0068397521973,False,1550,1550,,201
1775114233.12911,write,k5,1232.1698665618896,False,1588,1588,,201
1775114233.129372,write,k2,1230.5991649627686,False,1570,1570,,201
1775114233.129618,write,k4,1232.3698997497559,False,1549,1549,,201
1775114233.143009,read,k2,4.998922348022461,False,1581,1570,13.632774353027344,200
1775114233.3251,write,k3,1244.4627285003662,False,1655,1655,,201
1775114233.3474581,write,k3,1223.9081859588623,False,1656,1656,,201
1775114233.3476028,write,k5,1219.5630073547363,False,1591,1591,,201
1775114233.347702,write,k4,1223.2756614685059,False,1551,1551,,201
1775114233.428575,write,k4,1214.514970779419,False,1552,1552,,201
1775114233.428725,write,k3,1219.5191383361816,False,1657,1657,,201
1775114233.4288461,write,k3,1216.0630226135254,False,1658,1658,,201
1775114233.428959,write,k2,1220.4301357269287,False,1571,1571,,201
1775114233.429075,write,k1,1217.8080081939697,False,1621,1621,,201
1775114233.4326642,read,k5,0.7212162017822266,False,1601,1591,85.05916595458984,200
1775114233.4393,read,k1,0.7371902465820312,False,1631,1621,10.225296020507812,200
1775114233.511195,write,k5,1231.5502166748047,False,1592,1592,,201
1775114233.650788,write,k1,1211.076021194458,False,1622,1622,,201
1775114233.6511612,write,k3,1215.662956237793,False,1659,1659,,201
1775114233.656162,write,k3,1212.721824645996,False,1660,1660,,201
1775114233.656457,write,k2,1212.2910022735596,False,1572,1572,,201
1775114233.6567261,write,k2,1211.0567092895508,False,1573,1573,,201
1775114233.656956,write,k3,1211.9519710540771,False,1661,1661,,201
1775114233.665494,write,k2,1217.0770168304443,False,1574,1574,,201
1775114233.665799,write,k1,1216.7539596557617,False,1624,1624,,201
1775114233.666032,write,k1,1217.2160148620605,False,1623,1623,,201
1775114233.728601,write,k4,1274.219036102295,False,1553,1553,,201
1775114233.7450418,write,k1,1212.7177715301514,False,1626,1626,,201
1775114233.745434,write,k5,1218.8780307769775,False,1593,1593,,201
1775114233.745763,write,k4,1218.1758880615234,False,1554,1554,,201
1775114233.745997,write,k2,1217.0169353485107,False,1575,1575,,201
1775114233.746211,write,k1,1214.590072631836,False,1625,1625,,201
1775114233.7485309,write,k5,1214.3192291259766,False,1594,1594,,201
1775114233.756865,read,k4,5.19108772277832,False,1561,1554,11.100053787231445,200
1775114233.769621,write,k2,1225.4478931427002,False,1576,1576,,201
1775114233.827717,write,k4,1239.8090362548828,False,1555,1555,,201
1775114233.8282702,write,k5,1245.2130317687988,False,1595,1595,,201
1775114233.828736,write,k3,1246.3610172271729,False,1662,1662,,201
1775114234.259625,write,k2,1230.086088180542,False,1578,1578,,201
1775114234.260313,write,k4,1237.062931060791,False,1556,1556,,201
1775114234.260712,write,k1,1238.2500171661377,False,1627,1627,,201
1775114234.261049,write,k5,1236.966848373413,False,1597,1597,,201
1775114234.261437,write,k5,1233.7570190429688,False,1599,1599,,201
1775114234.261732,write,k5,1240.49711227417,False,1596,1596,,201
1775114234.262024,write,k3,1237.635850906372,False,1663,1663,,201
1775114234.262301,write,k1,1233.8387966156006,False,1628,1628,,201
1775114234.262591,write,k2,1235.21089553833,False,1577,1577,,201
1775114234.262872,write,k5,1235.8880043029785,False,1598,1598,,201
1775114234.276312,write,k3,1231.105089187622,False,1664,1664,,201
1775114234.359282,write,k5,1228.3217906951904,False,1600,1600,,201
1775114234.360109,write,k1,1230.3829193115234,False,1629,1629,,201
1775114234.360598,write,k2,1228.369951248169,False,1579,1579,,201
1775114234.3609831,write,k2,1226.2771129608154,False,1580,1580,,201
1775114234.361395,write,k3,1227.0290851593018,False,1665,1665,,201
1775114234.361776,write,k2,1224.261999130249,False,1581,1581,,201
1775114234.362155,write,k1,1220.5748558044434,False,1630,1630,,201
1775114234.362624,write,k4,1229.7379970550537,False,1557,1557,,201
1775114234.3730402,read,k1,5.059003829956055,False,1635,1630,10.884284973144531,200
1775114234.3777559,write,k5,1228.2371520996094,False,1601,1601,,201
1775114234.563382,write,k4,1234.7512245178223,False,1558,1558,,201
1775114234.5805702,write,k3,1229.2087078094482,False,1666,1666,,201
1775114234.581132,write,k2,1227.0088195800781,False,1582,1582,,201
1775114234.581513,write,k4,1228.5070419311523,False,1559,1559,,201
1775114234.662097,write,k4,1226.2859344482422,False,1560,1560,,201
1775114234.662554,write,k1,1226.9198894500732,False,1631,1631,,201
1775114234.6628501,write,k3,1232.4318885803223,False,1667,1667,,201
1775114234.6630988,write,k1,1214.5881652832031,False,1632,1632,,201
1775114234.6633348,write,k3,1226.909875869751,False,1668,1668,,201
1775114234.7575822,write,k2,1235.1799011230469,False,1583,1583,,201
1775114234.883163,write,k1,1223.8929271697998,False,1634,1634,,201
1775114234.88382,write,k1,1225.2521514892578,False,1633,1633,,201
1775114234.884178,write,k2,1217.7650928497314,False,1585,1585,,201
1775114234.8845801,write,k5,1223.9248752593994,False,1603,1603,,201
1775114234.8849652,write,k5,1229.797124862671,False,1602,1602,,201
1775114234.885302,write,k2,1224.32279586792,False,1584,1584,,201
1775114234.8857322,write,k4,1214.6341800689697,False,1561,1561,,201
1775114234.906726,write,k5,1231.5490245819092,False,1604,1604,,201
1775114234.907281,write,k2,1231.273889541626,False,1586,1586,,201
1775114234.967987,write,k3,1218.0209159851074,False,1669,1669,,201
1775114234.968564,write,k2,1219.871997833252,False,1587,1587,,201
1775114234.968995,write,k5,1219.494342803955,False,1606,1606,,201
1775114234.969412,write,k5,1233.1018447875977,False,1605,1605,,201
1775114234.987747,write,k5,1235.5380058288574,False,1607,1607,,201
1775114234.988184,write,k2,1235.5740070343018,False,1588,1588,,201
1775114234.988457,write,k3,1226.5279293060303,False,1670,1670,,201
1775114235.020103,write,k5,1241.0240173339844,False,1608,1608,,201
1775114235.0798469,write,k4,1240.4861450195312,False,1562,1562,,201
1775114235.081731,write,k5,1249.8509883880615,False,1609,1609,,201
1775114235.082342,write,k5,1249.208927154541,False,1610,1610,,201
1775114235.4950862,write,k5,1225.4178524017334,False,1613,1613,,201
1775114235.495317,write,k5,1229.5007705688477,False,1611,1611,,201
1775114235.495478,write,k3,1227.4279594421387,False,1671,1671,,201
1775114235.495643,write,k1,1228.3761501312256,False,1635,1635,,201
1775114235.495782,write,k4,1230.3271293640137,False,1563,1563,,201
1775114235.495925,write,k4,1217.7321910858154,False,1564,1564,,201
1775114235.496059,write,k5,1225.9140014648438,False,1614,1614,,201
1775114235.496199,write,k2,1225.3718376159668,False,1591,1591,,201
1775114235.496331,write,k2,1226.9411087036133,False,1590,1590,,201
1775114235.4964669,write,k5,1227.4370193481445,False,1612,1612,,201
1775114235.496601,write,k2,1232.2430610656738,False,1589,1589,,201
1775114235.590556,write,k3,1218.8389301300049,False,1674,1674,,201
1775114235.591166,write,k5,1227.5269031524658,False,1615,1615,,201
1775114235.591507,write,k4,1227.1721363067627,False,1565,1565,,201
1775114235.591794,write,k1,1219.5987701416016,False,1636,1636,,201
1775114235.592066,write,k2,1226.0191440582275,False,1592,1592,,201
1775114235.592318,write,k3,1226.7930507659912,False,1672,1672,,201
1775114235.59259,write,k3,1225.898027420044,False,1673,1673,,201
1775114235.593444,write,k1,1214.4320011138916,False,1638,1638,,201
1775114235.5937269,write,k1,1214.2829895019531,False,1637,1637,,201
1775114235.8041348,write,k3,1219.7039127349854,False,1676,1676,,201
1775114235.8049731,write,k1,1215.029001235962,False,1639,1639,,201
1775114235.805403,write,k5,1220.4129695892334,False,1616,1616,,201
1775114235.8058329,write,k3,1237.1697425842285,False,1675,1675,,201
1775114235.8177621,read,k1,1.9869804382324219,False,1651,1639,12.784957885742188,200
1775114235.8968902,write,k5,1229.2859554290771,False,1617,1617,,201
1775114235.897898,write,k2,1226.1290550231934,False,1593,1593,,201
1775114235.898328,write,k1,1225.980281829834,False,1640,1640,,201
1775114235.8989599,write,k4,1232.0468425750732,False,1566,1566,,201
1775114235.899287,write,k5,1228.0519008636475,False,1618,1618,,201
1775114236.004404,write,k5,1236.6149425506592,False,1619,1619,,201
1775114236.015616,read,k2,3.1518936157226562,False,1604,1593,117.71535873413086,200
1775114236.12162,write,k1,1228.5680770874023,False,1641,1641,,201
1775114236.12204,write,k3,1230.2520275115967,False,1678,1678,,201
1775114236.122323,write,k3,1229.6662330627441,False,1677,1677,,201
1775114236.122591,write,k1,1228.4059524536133,False,1643,1643,,201
1775114236.122834,write,k1,1229.5069694519043,False,1642,1642,,201
1775114236.1230452,write,k2,1229.1810512542725,False,1594,1594,,201
1775114236.123262,write,k4,1229.6528816223145,False,1567,1567,,201
1775114236.141783,write,k5,1228.5399436950684,False,1620,1620,,201
1775114236.14215,write,k1,1228.0900478363037,False,1644,1644,,201
1775114236.218799,write,k3,1248.2459545135498,False,1679,1679,,201
1775114236.219281,write,k5,1249.3560314178467,False,1621,1621,,201
1775114236.221844,write,k5,1224.0056991577148,False,1622,1622,,201
1775114236.222116,write,k1,1243.628978729248,False,1645,1645,,201
1775114236.222358,write,k4,1251.0509490966797,False,1568,1568,,201
1775114236.22324,write,k3,1227.2260189056396,False,1680,1680,,201
1775114236.223525,write,k1,1232.7401638031006,False,1646,1646,,201
1775114236.2316968,read,k3,2.4182796478271484,False,1691,1680,8.454084396362305,200
1775114236.232984,read,k2,2.9230117797851562,False,1607,1594,109.93599891662598,200
1775114236.245337,write,k2,1223.6430644989014,False,1595,1595,,201
1775114236.313406,write,k3,1226.207971572876,False,1681,1681,,201
1775114236.3145669,write,k3,1224.5748043060303,False,1682,1682,,201
1775114236.315274,write,k2,1229.0089130401611,False,1596,1596,,201
1775114236.772196,write,k3,1269.8979377746582,False,1684,1684,,201
1775114236.7728431,write,k3,1275.784969329834,False,1683,1683,,201
1775114236.773212,write,k1,1268.2271003723145,False,1649,1649,,201
1775114236.773513,write,k4,1275.97975730896,False,1569,1569,,201
1775114236.77381,write,k4,1271.2140083312988,False,1570,1570,,201
1775114236.774154,write,k1,1267.7090167999268,False,1650,1650,,201
1775114236.774455,write,k1,1274.4948863983154,False,1647,1647,,201
1775114236.774781,write,k1,1272.6960182189941,False,1648,1648,,201
1775114236.775038,write,k2,1273.2880115509033,False,1597,1597,,201
1775114236.775282,write,k2,1270.4799175262451,False,1598,1598,,201
1775114236.7755258,write,k5,1269.6869373321533,False,1623,1623,,201
1775114236.780517,read,k1,4.334926605224609,False,1654,1650,5.733251571655273,200
1775114236.784081,read,k2,2.5169849395751953,False,1610,1598,8.797168731689453,200
1775114236.793542,read,k1,2.3620128631591797,False,1656,1650,18.755197525024414,200
1775114236.806277,read,k4,4.373073577880859,False,1581,1570,32.460927963256836,200
1775114236.8770409,write,k3,1280.29203414917,False,1686,1686,,201
1775114236.8776488,write,k2,1275.193214416504,False,1601,1601,,201
1775114236.8781052,write,k2,1279.5441150665283,False,1599,1599,,201
1775114236.878488,write,k2,1279.09517288208,False,1600,1600,,201
1775114236.878913,write,k4,1280.0829410552979,False,1571,1571,,201
1775114236.879265,write,k3,1284.4250202178955,False,1685,1685,,201
1775114236.87957,write,k1,1281.4502716064453,False,1651,1651,,201
1775114236.879901,write,k3,1276.3419151306152,False,1687,1687,,201
1775114236.8802218,write,k5,1284.9950790405273,False,1624,1624,,201
1775114236.888443,read,k2,2.3577213287353516,False,1610,1601,9.950876235961914,200
1775114236.900108,read,k2,5.0029754638671875,False,1610,1601,21.61574363708496,200
1775114237.08132,write,k5,1268.0420875549316,False,1626,1626,,201
1775114237.081824,write,k2,1273.1621265411377,False,1602,1602,,201
1775114237.082121,write,k5,1272.3278999328613,False,1625,1625,,201
1775114237.08239,write,k5,1260.7219219207764,False,1627,1627,,201
1775114237.085846,read,k3,1.5611648559570312,False,1697,1687,205.94215393066406,200
1775114237.093576,read,k2,1.9059181213378906,False,1613,1602,11.747121810913086,200
1775114237.191952,write,k2,1288.6290550231934,False,1604,1604,,201
1775114237.192457,write,k2,1290.2240753173828,False,1603,1603,,201
1775114237.192826,write,k3,1289.8900508880615,False,1688,1688,,201
1775114237.1930869,write,k5,1289.470911026001,False,1628,1628,,201
1775114237.193342,write,k3,1285.3891849517822,False,1689,1689,,201
1775114237.251334,write,k4,1233.8347434997559,False,1572,1572,,201
1775114237.3915362,write,k1,1261.1579895019531,False,1652,1652,,201
1775114237.392033,write,k2,1246.9878196716309,False,1607,1607,,201
1775114237.392416,write,k4,1264.7018432617188,False,1573,1573,,201
1775114237.3928819,write,k5,1266.968011856079,False,1629,1629,,201
1775114237.3933618,write,k3,1263.8459205627441,False,1690,1690,,201
1775114237.393684,write,k3,1248.1532096862793,False,1691,1691,,201
1775114237.394058,write,k2,1265.8159732818604,False,1605,1605,,201
1775114237.394423,write,k2,1264.3258571624756,False,1606,1606,,201
1775114237.394763,write,k1,1265.7248973846436,False,1653,1653,,201
1775114237.408879,read,k1,5.686044692993164,False,1659,1653,14.113187789916992,200
1775114237.4963908,write,k2,1262.9828453063965,False,1608,1608,,201
1775114237.4968991,write,k4,1266.3841247558594,False,1576,1576,,201
1775114237.4972851,write,k4,1270.448923110962,False,1575,1575,,201
1775114237.4976032,write,k4,1275.1610279083252,False,1574,1574,,201
1775114237.497907,write,k5,1243.8619136810303,False,1631,1631,,201
1775114237.498261,write,k5,1272.904872894287,False,1630,1630,,201
1775114237.498662,write,k1,1266.5810585021973,False,1654,1654,,201
1775114237.499072,write,k4,1264.3556594848633,False,1577,1577,,201
1775114237.554415,write,k4,1238.9490604400635,False,1578,1578,,201
1775114237.5548952,write,k4,1236.8199825286865,False,1579,1579,,201
1775114237.555197,write,k3,1236.5219593048096,False,1692,1692,,201
1775114238.008468,write,k2,1231.6679954528809,False,1609,1609,,201
1775114238.0089989,write,k1,1221.916913986206,False,1656,1656,,201
1775114238.009314,write,k3,1229.8979759216309,False,1693,1693,,201
1775114238.009589,write,k4,1228.545904159546,False,1581,1581,,201
1775114238.009871,write,k5,1225.7039546966553,False,1634,1634,,201
1775114238.010132,write,k4,1230.9889793395996,False,1580,1580,,201
1775114238.0103838,write,k2,1231.5242290496826,False,1610,1610,,201
1775114238.010659,write,k1,1232.8791618347168,False,1655,1655,,201
1775114238.010972,write,k5,1234.4708442687988,False,1633,1633,,201
1775114238.0112379,write,k5,1235.619068145752,False,1632,1632,,201
1775114238.034247,write,k5,1222.1379280090332,False,1635,1635,,201
1775114238.104568,write,k3,1224.195957183838,False,1694,1694,,201
1775114238.105098,write,k3,1221.472978591919,False,1696,1696,,201
1775114238.105452,write,k3,1222.6428985595703,False,1695,1695,,201
1775114238.105806,write,k4,1216.7649269104004,False,1583,1583,,201
1775114238.1060748,write,k4,1222.0139503479004,False,1582,1582,,201
1775114238.1063528,write,k1,1224.8492240905762,False,1657,1657,,201
1775114238.106731,write,k5,1218.1360721588135,False,1636,1636,,201
1775114238.1070669,write,k3,1217.729091644287,False,1697,1697,,201
1775114238.126503,write,k2,1221.8818664550781,False,1611,1611,,201
1775114238.1267111,read,k3,15.542984008789062,False,1706,1697,19.643783569335938,200
1775114238.1274219,read,k3,14.51420783996582,False,1706,1697,20.354747772216797,200
1775114238.318343,write,k2,1231.4372062683105,False,1613,1613,,201
1775114238.3190908,write,k2,1235.9530925750732,False,1612,1612,,201
1775114238.3195531,write,k1,1234.541893005371,False,1658,1658,,201
1775114238.32935,write,k3,1228.585958480835,False,1698,1698,,201
1775114238.32991,read,k2,3.5262107849121094,False,1622,1613,10.818719863891602,200
1775114238.45145,write,k1,1249.2380142211914,False,1659,1659,,201
1775114238.451603,write,k3,1251.3740062713623,False,1700,1700,,201
1775114238.4516952,write,k3,1250.5910396575928,False,1699,1699,,201
1775114238.451781,write,k4,1248.870849609375,False,1584,1584,,201
1775114238.4518578,write,k4,1249.2561340332031,False,1585,1585,,201
1775114238.458781,read,k5,1.0831356048583984,False,1644,1636,352.05078125,200
1775114238.4626281,read,k1,0.9021759033203125,False,1672,1659,11.178016662597656,200
1775114238.4648871,read,k4,0.8182525634765625,False,1595,1585,13.028144836425781,200
1775114238.485352,write,k2,1223.0579853057861,False,1614,1614,,201
1775114238.632098,write,k5,1229.5668125152588,False,1638,1638,,201
1775114238.632277,write,k1,1229.3970584869385,False,1661,1661,,201
1775114238.632413,write,k4,1230.7438850402832,False,1587,1587,,201
1775114238.6325362,write,k2,1227.9279232025146,False,1615,1615,,201
1775114238.6326542,write,k5,1231.9109439849854,False,1637,1637,,201
1775114238.6327722,write,k2,1217.0219421386719,False,1616,1616,,201
1775114238.632889,write,k3,1227.9748916625977,False,1701,1701,,201
1775114238.6330009,write,k1,1228.74116897583,False,1660,1660,,201
1775114238.633117,write,k4,1231.0841083526611,False,1586,1586,,201
1775114238.717783,write,k2,1217.170238494873,False,1617,1617,,201
1775114238.759097,write,k3,1256.3917636871338,False,1702,1702,,201
1775114238.759639,write,k4,1252.4609565734863,False,1588,1588,,201
1775114238.760035,write,k5,1258.0158710479736,False,1640,1640,,201
1775114238.760331,write,k5,1258.669137954712,False,1639,1639,,201
1775114238.760617,write,k3,1256.6900253295898,False,1703,1703,,201
1775114238.760899,write,k2,1257.322072982788,False,1618,1618,,201
1775114238.7611609,write,k4,1254.4147968292236,False,1589,1589,,201
1775114238.774629,read,k4,4.597902297973633,False,1597,1589,13.465166091918945,200
1775114238.7869818,write,k5,1223.3431339263916,False,1642,1642,,201
1775114238.787507,write,k5,1229.6299934387207,False,1641,1641,,201
1775114238.7878861,write,k4,1230.5450439453125,False,1590,1590,,201
1775114239.24777,write,k5,1234.483003616333,False,1643,1643,,201
1775114239.2484539,write,k4,1226.7308235168457,False,1594,1594,,201
1775114239.249012,write,k1,1232.6691150665283,False,1663,1663,,201
1775114239.249396,write,k4,1237.8292083740234,False,1591,1591,,201
1775114239.2497149,write,k4,1228.2400131225586,False,1593,1593,,201
1775114239.249994,write,k3,1228.8341522216797,False,1704,1704,,201
1775114239.250273,write,k1,1228.3358573913574,False,1665,1665,,201
1775114239.25055,write,k4,1237.9379272460938,False,1592,1592,,201
1775114239.2508202,write,k1,1237.8318309783936,False,1662,1662,,201
1775114239.251092,write,k1,1230.4248809814453,False,1664,1664,,201
1775114239.264179,write,k3,1219.778060913086,False,1705,1705,,201
1775114239.3312829,write,k3,1224.0800857543945,False,1706,1706,,201
1775114239.331775,write,k1,1224.0219116210938,False,1666,1666,,201
1775114239.3723688,write,k1,1240.8692836761475,False,1667,1667,,201
1775114239.3732648,write,k2,1258.9187622070312,False,1620,1620,,201
1775114239.374003,write,k1,1238.3999824523926,False,1669,1669,,201
1775114239.3744462,write,k1,1239.3717765808105,False,1668,1668,,201
1775114239.374837,write,k2,1262.4518871307373,False,1619,1619,,201
1775114239.375204,write,k4,1253.911018371582,False,1595,1595,,201
1775114239.375564,write,k2,1254.6780109405518,False,1621,1621,,201
1775114239.384563,read,k4,3.3860206604003906,False,1602,1595,9.356021881103516,200
1775114239.557373,write,k2,1236.7560863494873,False,1622,1622,,201
1775114239.5580642,write,k3,1219.8772430419922,False,1707,1707,,201
1775114239.558534,write,k5,1221.0559844970703,False,1644,1644,,201
1775114239.5589912,write,k1,1235.8641624450684,False,1670,1670,,201
1775114239.677417,write,k2,1218.493938446045,False,1623,1623,,201
1775114239.677989,write,k1,1225.182056427002,False,1671,1671,,201
1775114239.678586,write,k1,1225.066900253296,False,1672,1672,,201
1775114239.679221,write,k2,1217.566967010498,False,1624,1624,,201
1775114239.6803598,write,k2,1212.1639251708984,False,1625,1625,,201
1775114239.689043,read,k2,1.8131732940673828,False,1632,1625,8.681058883666992,200
1775114239.717199,write,k1,1226.2928485870361,False,1673,1673,,201
1775114239.863938,write,k4,1228.6179065704346,False,1596,1596,,201
1775114239.8647182,write,k3,1227.3037433624268,False,1708,1708,,201
1775114239.86513,write,k1,1230.4120063781738,False,1674,1674,,201
1775114239.865474,write,k2,1229.7680377960205,False,1626,1626,,201
1775114239.8658738,write,k1,1223.5991954803467,False,1676,1676,,201
1775114239.866422,write,k3,1223.8190174102783,False,1709,1709,,201
1775114239.866911,write,k2,1227.200984954834,False,1627,1627,,201
1775114239.8672938,write,k5,1229.1550636291504,False,1645,1645,,201
1775114239.867649,write,k1,1230.4651737213135,False,1675,1675,,201
1775114239.8786829,read,k3,3.3559799194335938,False,1721,1709,12.258052825927734,200
1775114239.8808231,read,k3,5.116939544677734,False,1721,1709,14.398813247680664,200
1775114239.8906481,read,k2,1.978158950805664,False,1634,1627,23.73504638671875,200
1775114239.956251,write,k3,1234.4720363616943,False,1710,1710,,201
1775114239.983928,write,k5,1215.7819271087646,False,1646,1646,,201
1775114239.984481,write,k3,1220.1988697052002,False,1712,1712,,201
1775114239.984867,write,k2,1218.4698581695557,False,1628,1628,,201
1775114239.985197,write,k3,1219.6769714355469,False,1713,1713,,201
1775114239.985556,write,k3,1221.888780593872,False,1711,1711,,201
1775114239.985856,write,k4,1217.0350551605225,False,1597,1597,,201
1775114239.995202,read,k2,3.1707286834716797,False,1634,1628,10.330915451049805,200
1775114240.001578,write,k4,1217.4108028411865,False,1598,1598,,201
1775114240.021311,write,k3,1226.280927658081,False,1714,1714,,201
1775114240.0222552,write,k4,1227.7090549468994,False,1599,1599,,201
1775114240.023028,write,k2,1228.3377647399902,False,1629,1629,,201
1775114240.4849951,write,k5,1233.2370281219482,False,1647,1647,,201
1775114240.4851992,write,k5,1230.5190563201904,False,1648,1648,,201
1775114240.485325,write,k4,1232.1350574493408,False,1600,1600,,201
1775114240.485439,write,k1,1233.0710887908936,False,1677,1677,,201
1775114240.493349,read,k4,1.0099411010742188,False,1611,1600,8.02302360534668,200
1775114240.49701,write,k4,1241.136074066162,False,1601,1601,,201
1775114240.497151,write,k4,1225.059986114502,False,1602,1602,,201
1775114240.4972658,write,k5,1240.7071590423584,False,1650,1650,,201
1775114240.497379,write,k5,1241.1000728607178,False,1649,1649,,201
1775114240.497484,write,k3,1238.0468845367432,False,1715,1715,,201
1775114240.4975848,write,k3,1237.7121448516846,False,1716,1716,,201
1775114240.497686,write,k1,1237.144947052002,False,1678,1678,,201
1775114240.506328,read,k1,1.6908645629882812,False,1685,1678,8.64100456237793,200
1775114240.517967,read,k2,1.277923583984375,False,1639,1629,494.94028091430664,200
1775114240.583366,write,k2,1244.339942932129,False,1630,1630,,201
1775114240.583531,write,k5,1247.7312088012695,False,1651,1651,,201
1775114240.6022332,write,k5,1221.78316116333,False,1652,1652,,201
1775114240.602381,write,k1,1220.4101085662842,False,1680,1680,,201
1775114240.6025002,write,k2,1218.9319133758545,False,1631,1631,,201
1775114240.6026182,write,k3,1222.688913345337,False,1717,1717,,201
1775114240.6027331,write,k4,1217.6909446716309,False,1603,1603,,201
1775114240.60285,write,k1,1224.56693649292,False,1679,1679,,201
1775114240.605259,write,k5,1215.7189846038818,False,1653,1653,,201
1775114240.6111932,read,k1,0.6420612335205078,False,1685,1680,8.34202766418457,200
1775114240.612875,read,k4,0.7688999176025391,False,1616,1603,10.141134262084961,200
1775114240.801109,write,k4,1240.1032447814941,False,1604,1604,,201
1775114240.8016908,write,k2,1239.027976989746,False,1632,1632,,201
1775114240.802764,write,k3,1234.4388961791992,False,1718,1718,,201
1775114240.803123,write,k5,1235.2099418640137,False,1654,1654,,201
1775114240.9086561,write,k5,1227.396011352539,False,1655,1655,,201
1775114240.909209,write,k3,1227.3797988891602,False,1719,1719,,201
1775114240.9096,write,k4,1225.3732681274414,False,1605,1605,,201
1775114240.909981,write,k3,1222.013235092163,False,1720,1720,,201
1775114240.9157681,write,k5,1217.3569202423096,False,1656,1656,,201
1775114240.981659,write,k5,1260.0739002227783,False,1657,1657,,201
1775114241.101131,write,k3,1226.804256439209,False,1721,1721,,201
1775114241.101781,write,k2,1228.663682937622,False,1634,1634,,201
1775114241.102119,write,k4,1229.9418449401855,False,1608,1608,,201
1775114241.102435,write,k2,1234.6630096435547,False,1633,1633,,201
1775114241.102703,write,k4,1234.3008518218994,False,1607,1607,,201
1775114241.102954,write,k3,1226.5942096710205,False,1722,1722,,201
1775114241.103217,write,k4,1234.2712879180908,False,1606,1606,,201
1775114241.104691,write,k1,1216.7060375213623,False,1681,1681,,201
1775114241.121569,read,k3,13.18979263305664,False,1730,1722,18.61095428466797,200
1775114241.12194,write,k4,1219.8598384857178,False,1609,1609,,201
1775114241.1937459,write,k4,1232.4419021606445,False,1610,1610,,201
1775114241.213119,write,k3,1222.836971282959,False,1724,1724,,201
1775114241.21361,write,k3,1224.9619960784912,False,1723,1723,,201
1775114241.213941,write,k2,1216.007947921753,False,1635,1635,,201
1775114241.2142458,write,k4,1221.7929363250732,False,1611,1611,,201
1775114241.214535,write,k1,1223.3428955078125,False,1682,1682,,201
1775114241.2148669,write,k5,1226.9022464752197,False,1658,1658,,201
1775114241.2227032,write,k1,1213.4268283843994,False,1683,1683,,201
1775114241.224055,read,k4,2.3369789123535156,False,1621,1611,9.80687141418457,200
1775114241.234794,read,k3,3.247976303100586,False,1734,1724,21.181106567382812,200
1775114241.300389,write,k5,1273.5166549682617,False,1659,1659,,201
1775114241.301038,write,k3,1268.766164779663,False,1725,1725,,201
1775114241.301465,write,k2,1275.2807140350342,False,1636,1636,,201
1775114241.74267,write,k5,1255.5651664733887,False,1660,1660,,201
1775114241.743354,write,k2,1253.9300918579102,False,1637,1637,,201
1775114241.743658,write,k1,1254.4078826904297,False,1684,1684,,201
1775114241.744172,write,k1,1245.5041408538818,False,1685,1685,,201
1775114241.744467,write,k5,1237.2241020202637,False,1661,1661,,201
1775114241.744704,write,k3,1239.234209060669,False,1726,1726,,201
1775114241.744908,write,k4,1248.4982013702393,False,1612,1612,,201
1775114241.745106,write,k5,1223.5867977142334,False,1662,1662,,201
1775114241.745304,write,k2,1241.0061359405518,False,1639,1639,,201
1775114241.745503,write,k4,1240.7500743865967,False,1613,1613,,201
1775114241.74575,write,k2,1241.2388324737549,False,1638,1638,,201
1775114241.749737,read,k3,2.029895782470703,False,1734,1726,5.031347274780273,200
1775114241.8307872,write,k4,1226.4981269836426,False,1614,1614,,201
1775114241.8309948,write,k3,1220.5748558044434,False,1727,1727,,201
1775114241.833057,write,k5,1239.872932434082,False,1663,1663,,201
1775114241.8333728,write,k4,1223.0989933013916,False,1616,1616,,201
1775114241.83355,write,k3,1217.0538902282715,False,1729,1729,,201
1775114241.8336809,write,k2,1242.2959804534912,False,1640,1640,,201
1775114241.833812,write,k4,1228.8172245025635,False,1615,1615,,201
1775114241.833925,write,k1,1217.6520824432373,False,1686,1686,,201
1775114241.834035,write,k3,1221.7910289764404,False,1728,1728,,201
1775114242.047294,write,k4,1241.6720390319824,False,1617,1617,,201
1775114242.047963,write,k1,1244.724988937378,False,1687,1687,,201
1775114242.048359,write,k2,1239.414930343628,False,1641,1641,,201
1775114242.048674,write,k1,1238.6679649353027,False,1688,1688,,201
1775114242.1391308,write,k1,1221.9526767730713,False,1689,1689,,201
1775114242.1394858,write,k2,1228.8668155670166,False,1642,1642,,201
1775114242.139733,write,k2,1222.2321033477783,False,1643,1643,,201
1775114242.139963,write,k4,1226.7241477966309,False,1618,1618,,201
1775114242.140186,write,k3,1224.2610454559326,False,1730,1730,,201
1775114242.2339818,write,k2,1250.8668899536133,False,1644,1644,,201
1775114242.3553312,write,k3,1235.1179122924805,False,1731,1731,,201
1775114242.3559418,write,k2,1250.2918243408203,False,1645,1645,,201
1775114242.356413,write,k4,1236.5708351135254,False,1619,1619,,201
1775114242.356906,write,k4,1236.4349365234375,False,1620,1620,,201
1775114242.3572302,write,k5,1249.917984008789,False,1664,1664,,201
1775114242.357537,write,k1,1248.7618923187256,False,1690,1690,,201
1775114242.3579772,write,k3,1226.745843887329,False,1732,1732,,201
1775114242.358332,write,k5,1239.2621040344238,False,1665,1665,,201
1775114242.358647,write,k1,1228.212833404541,False,1691,1691,,201
1775114242.368743,read,k2,9.012937545776367,False,1656,1645,12.797832489013672,200
1775114242.369132,read,k3,5.84721565246582,False,1739,1732,11.153936386108398,200
1775114242.444763,write,k3,1229.104995727539,False,1733,1733,,201
1775114242.445215,write,k4,1242.3999309539795,False,1621,1621,,201
1775114242.445493,write,k3,1226.5548706054688,False,1734,1734,,201
1775114242.445735,write,k2,1228.200912475586,False,1647,1647,,201
1775114242.4460108,write,k2,1229.8030853271484,False,1646,1646,,201
1775114242.446238,write,k5,1221.2789058685303,False,1667,1667,,201
1775114242.446455,write,k5,1223.6158847808838,False,1666,1666,,201
1775114242.466982,write,k2,1223.5639095306396,False,1648,1648,,201
1775114242.540998,write,k5,1238.5790348052979,False,1668,1668,,201
1775114242.550528,write,k2,1245.7821369171143,False,1649,1649,,201
1775114242.5509918,write,k2,1245.7242012023926,False,1650,1650,,201
1775114242.552619,read,k5,1.5079975128173828,False,1677,1668,11.621952056884766,200
1775114242.970538,write,k3,1215.9960269927979,False,1736,1736,,201
1775114242.971102,write,k1,1222.559928894043,False,1692,1692,,201
1775114242.971505,write,k1,1220.823049545288,False,1693,1693,,201
1775114242.971751,write,k1,1218.0230617523193,False,1694,1694,,201
1775114242.97197,write,k3,1220.447063446045,False,1735,1735,,201
1775114242.972181,write,k5,1218.0469036102295,False,1670,1670,,201
1775114242.9724538,write,k2,1217.6628112792969,False,1651,1651,,201
1775114242.972791,write,k1,1217.514991760254,False,1695,1695,,201
1775114242.973131,write,k5,1220.9751605987549,False,1669,1669,,201
1775114242.9734862,write,k4,1225.2516746520996,False,1622,1622,,201
1775114242.974508,write,k4,1222.0649719238281,False,1623,1623,,201
1775114242.986151,read,k2,2.7289390563964844,False,1665,1651,13.691902160644531,200
1775114243.0593321,write,k4,1221.9061851501465,False,1625,1625,,201
1775114243.060624,write,k3,1222.5830554962158,False,1737,1737,,201
1775114243.06119,write,k4,1225.6898880004883,False,1624,1624,,201
1775114243.061523,write,k4,1224.4291305541992,False,1626,1626,,201
1775114243.061933,write,k4,1223.1431007385254,False,1627,1627,,201
1775114243.06246,write,k2,1219.7198867797852,False,1653,1653,,201
1775114243.0628638,write,k2,1219.9959754943848,False,1652,1652,,201
1775114243.063205,write,k5,1223.7610816955566,False,1671,1671,,201
1775114243.06363,write,k5,1223.6170768737793,False,1672,1672,,201
1775114243.275402,write,k4,1226.0088920593262,False,1628,1628,,201
1775114243.275705,write,k1,1220.5810546875,False,1696,1696,,201
1775114243.2758589,write,k5,1223.1159210205078,False,1673,1673,,201
1775114243.275983,write,k4,1218.4460163116455,False,1629,1629,,201
1775114243.367877,write,k3,1224.1551876068115,False,1739,1739,,201
1775114243.368171,write,k1,1223.4959602355957,False,1697,1697,,201
1775114243.369079,write,k3,1224.9119281768799,False,1738,1738,,201
1775114243.369592,write,k2,1226.444959640503,False,1654,1654,,201
1775114243.369812,write,k2,1222.0401763916016,False,1655,1655,,201
1775114243.375094,read,k4,2.6619434356689453,False,1638,1629,99.10869598388672,200
1775114243.4677398,write,k2,1229.4251918792725,False,1656,1656,,201
1775114243.582274,write,k5,1222.2630977630615,False,1674,1674,,201
1775114243.582433,write,k1,1223.6840724945068,False,1698,1698,,201
1775114243.5825322,write,k1,1223.1929302215576,False,1698,1698,,201
1775114243.582627,write,k5,1217.9579734802246,False,1675,1675,,201
1775114243.582714,write,k4,1221.3051319122314,False,1630,1630,,201
1775114243.582809,write,k4,1217.8418636322021,False,1631,1631,,201
1775114243.582897,write,k1,1220.531940460205,False,1699,1699,,201
1775114243.5941818,write,k2,1214.7338390350342,False,1657,1657,,201
1775114243.594313,write,k4,1214.2930030822754,False,1632,1632,,201
1775114243.672714,write,k2,1220.0629711151123,False,1659,1659,,201
1775114243.672865,write,k5,1218.6429500579834,False,1677,1677,,201
1775114243.672966,write,k2,1217.4551486968994,False,1661,1661,,201
1775114243.6730711,write,k2,1223.1361865997314,False,1658,1658,,201
1775114243.6731641,write,k1,1221.4248180389404,False,1700,1700,,201
1775114243.6732538,write,k2,1220.0188636779785,False,1660,1660,,201
1775114243.673343,write,k5,1222.830057144165,False,1676,1676,,201
1775114243.6929762,write,k3,1215.940237045288,False,1740,1740,,201
1775114243.773163,write,k2,1215.7487869262695,False,1662,1662,,201
1775114243.7733161,write,k4,1216.6469097137451,False,1633,1633,,201
1775114243.773439,write,k5,1215.3069972991943,False,1678,1678,,201
