timestamp,request_type,key,latency_ms,stale,returned_version,latest_version,interval_ms,status_code
1775114123.779697,read,k2,6.057977676391602,False,737,0,,200
1775114123.7809532,read,k4,6.742954254150391,False,751,0,,200
1775114123.781069,read,k1,7.27081298828125,False,783,0,,200
1775114123.781156,read,k2,7.215976715087891,False,737,0,,200
1775114123.781248,read,k5,7.1773529052734375,False,729,0,,200
1775114123.787296,read,k4,1.9230842590332031,False,751,0,,200
1775114123.7919528,read,k1,0.9250640869140625,False,784,0,,200
1775114124.783495,read,k4,7.8258514404296875,False,751,0,,200
1775114124.784545,read,k2,10.319232940673828,False,738,0,,200
1775114124.784637,read,k2,9.829044342041016,False,738,0,,200
1775114124.784725,read,k5,8.452892303466797,False,729,0,,200
1775114124.7848132,read,k3,9.379863739013672,False,789,0,,200
1775114124.7856362,read,k3,9.215354919433594,False,789,0,,200
1775114124.786011,read,k5,9.46497917175293,False,730,0,,200
1775114124.791569,read,k3,4.794836044311523,False,790,0,,200
1775114124.792591,read,k1,3.106832504272461,False,786,0,,200
1775114124.793151,read,k4,1.8129348754882812,False,751,0,,200
1775114124.794707,read,k5,0.9431838989257812,False,730,0,,200
1775114124.863489,read,k2,59.78107452392578,False,739,0,,200
1775114124.8750908,read,k4,3.0281543731689453,False,752,0,,200
1775114124.878432,read,k4,0.7510185241699219,False,752,0,,200
1775114124.889108,read,k3,0.8168220520019531,False,792,0,,200
1775114124.8958762,read,k5,0.9961128234863281,False,730,0,,200
1775114125.0879202,write,k5,1318.99094581604,False,727,727,,201
1775114125.088154,write,k1,1314.803123474121,False,783,783,,201
1775114125.0882938,write,k3,1305.088996887207,False,787,787,,201
1775114125.088429,write,k1,1299.1068363189697,False,784,784,,201
1775114125.088545,write,k3,1289.0350818634033,False,788,788,,201
1775114125.0886679,write,k5,1315.5570030212402,False,729,729,,201
1775114125.088782,write,k1,1298.3789443969727,False,785,785,,201
1775114125.0888908,write,k2,1292.9558753967285,False,738,738,,201
1775114125.089002,write,k5,1314.6681785583496,False,726,726,,201
1775114125.089109,write,k5,1314.6393299102783,False,728,728,,201
1775114125.093028,read,k4,1.0709762573242188,False,752,0,,200
1775114125.0980349,read,k5,2.096891403198242,False,731,729,8.923053741455078,200
1775114125.098167,read,k1,2.1071434020996094,False,788,785,9.382963180541992,200
1775114125.09836,read,k4,2.819061279296875,False,752,0,,200
1775114125.099933,read,k4,1.3480186462402344,False,754,0,,200
1775114125.100045,read,k5,2.8061866760253906,False,731,729,10.93602180480957,200
1775114125.1025422,read,k1,0.8151531219482422,False,788,785,13.757944107055664,200
1775114125.106099,read,k4,0.7717609405517578,False,754,0,,200
1775114125.10621,read,k3,1.0728836059570312,False,792,788,17.664194107055664,200
1775114125.1067562,read,k2,0.5228519439697266,False,741,738,17.86494255065918,200
1775114125.1072938,read,k2,0.5121231079101562,False,741,738,18.402814865112305,200
1775114125.107893,read,k3,0.5660057067871094,False,792,788,19.346952438354492,200
1775114125.1084979,read,k1,0.5717277526855469,False,788,785,19.713878631591797,200
1775114125.111788,read,k2,0.6210803985595703,False,741,738,22.897005081176758,200
1775114125.1144671,read,k4,1.0461807250976562,False,754,0,,200
1775114125.118261,read,k4,1.2829303741455078,False,754,0,,200
1775114125.119338,read,k4,1.0409355163574219,False,754,0,,200
1775114125.7906308,read,k2,10.299205780029297,False,742,738,701.7359733581543,200
1775114125.791241,read,k4,12.758016586303711,False,754,0,,200
1775114125.7933261,read,k2,14.394998550415039,False,742,738,704.4320106506348,200
1775114125.793586,read,k2,15.56706428527832,False,742,738,704.6940326690674,200
1775114125.793795,read,k5,14.290332794189453,False,731,729,704.6849727630615,200
1775114125.798902,read,k4,4.269123077392578,False,757,0,,200
1775114125.801453,read,k2,5.1860809326171875,False,742,738,712.5599384307861,200
1775114125.8031402,read,k4,3.3597946166992188,False,757,0,,200
1775114125.804469,read,k5,1.0156631469726562,False,731,729,715.3568267822266,200
1775114125.815896,read,k5,8.732080459594727,False,731,729,726.783037185669,200
1775114125.8240588,read,k4,2.154827117919922,False,757,0,,200
1775114125.843721,read,k5,10.925054550170898,False,731,729,754.6091079711914,200
1775114125.848086,read,k4,1.6057491302490234,False,757,0,,200
1775114125.861002,read,k2,1.4910697937011719,False,742,738,772.1097469329834,200
1775114125.8679922,read,k5,0.8599758148193359,False,731,729,778.8820266723633,200
1775114126.018187,write,k3,1231.1909198760986,False,790,790,,201
1775114126.018386,write,k3,1228.0356884002686,False,792,792,,201
1775114126.0196302,write,k1,1244.6110248565674,False,786,786,,201
1775114126.019797,write,k5,1243.8950538635254,False,730,730,,201
1775114126.019927,write,k2,1228.3272743225098,False,739,739,,201
1775114126.0200498,write,k1,1223.7780094146729,False,787,787,,201
1775114126.020172,write,k3,1231.2970161437988,False,791,791,,201
1775114126.020283,write,k4,1223.905086517334,False,752,752,,201
1775114126.020395,write,k3,1244.314193725586,False,789,789,,201
1775114126.023179,read,k5,1.0039806365966797,False,731,730,3.383159637451172,200
1775114126.0233011,read,k4,0.8661746978759766,False,757,752,3.016948699951172,200
1775114126.029323,read,k3,1.9860267639160156,False,800,792,8.926868438720703,200
1775114126.029464,read,k2,2.315044403076172,False,743,739,9.536027908325195,200
1775114126.0296268,read,k3,1.48773193359375,False,800,792,9.231090545654297,200
1775114126.029848,read,k1,2.231121063232422,False,791,787,9.797096252441406,200
1775114126.029993,read,k3,1.7368793487548828,False,800,792,9.596824645996094,200
1775114126.0361001,read,k4,1.1792182922363281,False,758,752,15.816926956176758,200
1775114126.053392,read,k1,6.622791290283203,False,791,787,33.3402156829834,200
1775114126.053567,read,k5,14.187097549438477,False,732,730,33.770084381103516,200
1775114126.053689,read,k2,14.142990112304688,False,745,739,33.76197814941406,200
1775114126.055518,read,k3,0.8819103240966797,False,800,792,35.12287139892578,200
1775114126.06141,read,k2,1.2981891632080078,False,745,739,41.481971740722656,200
1775114126.063838,read,k1,0.881195068359375,False,791,787,43.78700256347656,200
1775114126.154714,write,k5,1249.9139308929443,False,731,731,,201
1775114126.3367229,write,k4,1240.5250072479248,False,753,753,,201
1775114126.3370318,write,k2,1234.8451614379883,False,741,741,,201
1775114126.3372211,write,k1,1242.9468631744385,False,788,788,,201
1775114126.3373902,write,k4,1238.9702796936035,False,754,754,,201
1775114126.3375518,write,k2,1241.7800426483154,False,740,740,,201
1775114126.343046,read,k3,3.7369728088378906,False,802,792,322.6499557495117,200
1775114126.345568,read,k1,3.143787384033203,False,792,788,8.345842361450195,200
1775114126.3457222,read,k4,3.5681724548339844,False,758,754,8.331060409545898,200
1775114126.346404,read,k4,3.1561851501464844,False,758,754,9.012937545776367,200
1775114126.36518,read,k1,10.98179817199707,False,792,788,27.956008911132812,200
1775114126.365612,read,k2,8.847951889038086,False,745,741,28.05781364440918,200
1775114126.365908,write,k3,1255.4879188537598,False,793,793,,201
1775114126.3661308,write,k3,1246.7091083526611,False,795,795,,201
1775114126.366325,write,k3,1254.209041595459,False,794,794,,201
1775114126.366482,read,k1,15.440940856933594,False,792,788,29.260873794555664,200
1775114126.3666089,write,k2,1253.4458637237549,False,742,742,,201
1775114126.366731,write,k3,1240.4301166534424,False,796,796,,201
1775114126.3701062,read,k4,1.2440681457519531,False,758,754,32.7150821685791,200
1775114126.370744,read,k5,0.9529590606689453,False,736,731,216.02773666381836,200
1775114126.3721259,read,k1,0.8709430694580078,False,793,788,34.90591049194336,200
1775114126.3726342,read,k2,0.8182525634765625,False,746,742,6.02412223815918,200
1775114126.3762429,read,k2,1.291036605834961,False,746,742,9.633064270019531,200
1775114126.3764212,read,k5,0.9920597076416016,False,736,731,221.70686721801758,200
1775114126.3765829,read,k3,1.3577938079833984,False,803,796,9.851932525634766,200
1775114126.79865,read,k4,11.941194534301758,False,760,754,461.2560272216797,200
1775114126.800191,read,k5,13.829708099365234,False,737,731,645.4758644104004,200
1775114126.80045,read,k3,11.83772087097168,False,804,796,433.7179660797119,200
1775114126.801995,read,k1,16.01696014404297,False,794,788,464.77293968200684,200
1775114126.8023639,read,k1,14.637231826782227,False,794,788,465.14201164245605,200
1775114126.802819,read,k5,14.549016952514648,False,737,731,648.1027603149414,200
1775114126.804208,read,k1,1.3210773468017578,False,794,788,466.98713302612305,200
1775114126.808568,read,k2,1.851797103881836,False,748,742,441.9569969177246,200
1775114126.809502,read,k3,1.6467571258544922,False,806,796,442.77000427246094,200
1775114126.8125381,read,k5,1.7380714416503906,False,738,731,657.8218936920166,200
1775114126.815754,read,k1,2.177000045776367,False,795,788,478.5330295562744,200
1775114127.021641,write,k1,1241.7418956756592,False,789,789,,201
1775114127.022689,write,k1,1222.449779510498,False,791,791,,201
1775114127.023433,write,k3,1225.782871246338,False,797,797,,201
1775114127.024029,write,k1,1245.3091144561768,False,790,790,,201
1775114127.024389,write,k4,1244.2936897277832,False,756,756,,201
1775114127.0247061,write,k4,1245.5859184265137,False,755,755,,201
1775114127.0249999,write,k4,1245.6810474395752,False,757,757,,201
1775114127.033746,read,k3,6.212949752807617,False,808,797,10.312795639038086,200
1775114127.0352519,read,k3,6.445884704589844,False,809,797,11.820793151855469,200
1775114127.0358121,read,k3,4.329204559326172,False,809,797,12.372970581054688,200
1775114127.0361202,read,k2,4.231929779052734,False,748,742,669.5091724395752,200
1775114127.036753,read,k4,4.107952117919922,False,761,757,11.752128601074219,200
1775114127.041614,read,k3,2.462148666381836,False,809,797,18.15485954284668,200
1775114127.042513,read,k2,1.9190311431884766,False,748,742,675.9040355682373,200
1775114127.050508,write,k3,1242.873191833496,False,799,799,,201
1775114127.0506392,read,k1,2.2068023681640625,False,798,791,26.610851287841797,200
1775114127.050763,write,k3,1243.9231872558594,False,798,798,,201
1775114127.0552928,read,k4,1.4119148254394531,False,762,757,30.293941497802734,200
1775114127.058711,read,k3,1.135110855102539,False,810,799,7.946968078613281,200
1775114127.062669,read,k5,1.4221668243408203,False,740,731,907.9537391662598,200
1775114127.107409,write,k3,1236.7331981658936,False,800,800,,201
1775114127.264391,write,k2,1241.5690422058105,False,743,743,,201
1775114127.264566,write,k2,1236.1810207366943,False,744,744,,201
1775114127.264687,write,k4,1237.217903137207,False,758,758,,201
1775114127.264808,write,k5,1233.5600852966309,False,732,732,,201
1775114127.268275,read,k2,1.0499954223632812,False,748,744,3.7078857421875,200
1775114127.2737238,read,k3,0.9162425994873047,False,811,800,166.31793975830078,200
1775114127.274179,read,k1,0.8158683776855469,False,798,791,250.1518726348877,200
1775114127.278566,write,k3,1213.7222290039062,False,802,802,,201
1775114127.27873,write,k1,1211.5850448608398,False,792,792,,201
1775114127.2789,write,k3,1216.155767440796,False,801,801,,201
1775114127.2790499,write,k5,1239.0599250793457,False,733,733,,201
1775114127.27944,write,k2,1243.7992095947266,False,745,745,,201
1775114127.2795599,read,k1,1.3580322265625,False,798,792,0.8299350738525391,200
1775114127.280044,read,k2,0.865936279296875,False,750,745,0.60272216796875,200
1775114127.280946,read,k3,0.6659030914306641,False,811,802,2.045869827270508,200
1775114127.287787,read,k3,0.6830692291259766,False,812,802,8.884906768798828,200
1775114127.288608,read,k1,0.7822513580322266,False,798,792,9.87696647644043,200
1775114127.3821208,write,k5,1225.2027988433838,False,734,734,,201
1775114127.3942568,read,k1,1.6617774963378906,False,799,792,115.52214622497559,200
1775114127.5834932,write,k5,1242.4161434173584,False,735,735,,201
1775114127.5846558,write,k2,1232.7728271484375,False,746,746,,201
1775114127.585042,write,k4,1214.1830921173096,False,759,759,,201
1775114127.58537,write,k1,1216.2821292877197,False,793,793,,201
1775114127.585654,write,k5,1218.4019088745117,False,736,736,,201
1775114127.585968,write,k3,1218.2068824768066,False,803,803,,201
1775114127.593472,write,k5,1215.8610820770264,False,737,737,,201
1775114127.594221,read,k3,2.412080764770508,False,813,803,8.250951766967773,200
1775114127.595031,read,k2,1.413106918334961,False,751,746,10.374784469604492,200
1775114127.599832,read,k1,2.788066864013672,False,801,793,14.46080207824707,200
1775114127.60746,write,k4,1225.498914718628,False,760,760,,201
1775114127.608484,write,k2,1222.1786975860596,False,747,747,,201
1775114127.615,write,k1,1228.304147720337,False,794,794,,201
1775114127.617593,read,k2,1.207113265991211,False,752,747,9.106874465942383,200
1775114127.621564,read,k3,2.108335494995117,False,814,803,35.59303283691406,200
1775114127.621865,read,k2,1.8570423126220703,False,752,747,13.380765914916992,200
1775114127.629077,read,k5,3.1349658966064453,False,746,737,35.604000091552734,200
1775114127.802418,read,k2,14.387845993041992,False,753,747,193.93396377563477,200
1775114127.8025541,read,k3,14.147758483886719,False,814,803,216.58611297607422,200
1775114127.803262,read,k4,5.80906867980957,False,770,760,195.80507278442383,200
1775114127.803363,read,k5,7.860898971557617,False,747,737,209.89513397216797,200
1775114127.806484,read,k3,0.5671977996826172,False,814,803,220.51596641540527,200
1775114127.8105888,read,k2,0.476837158203125,False,754,747,202.10576057434082,200
1775114127.8136551,read,k3,0.6430149078369141,False,814,803,227.68592834472656,200
1775114127.817003,read,k1,0.8587837219238281,False,803,794,202.00300216674805,200
1775114128.025179,write,k3,1239.8161888122559,False,805,805,,201
1775114128.025589,write,k2,1238.5170459747314,False,748,748,,201
1775114128.025839,write,k3,1238.422155380249,False,806,806,,201
1775114128.026345,write,k3,1237.389087677002,False,804,804,,201
1775114128.0266392,write,k5,1220.4558849334717,False,738,738,,201
1775114128.026861,write,k1,1221.0490703582764,False,795,795,,201
1775114128.029697,read,k2,1.8699169158935547,False,755,748,4.106998443603516,200
1775114128.034208,read,k2,2.7189254760742188,False,755,748,8.617162704467773,200
1775114128.04247,read,k4,2.012968063354492,False,772,760,435.0111484527588,200
1775114128.050734,read,k4,3.5161972045898438,False,772,760,443.27306747436523,200
1775114128.057163,read,k3,3.271818161010742,False,816,806,30.803203582763672,200
1775114128.0656278,read,k2,2.093791961669922,False,756,748,40.038347244262695,200
1775114128.1050282,write,k5,1287.5850200653076,False,739,739,,201
1775114128.105375,write,k3,1291.306972503662,False,807,807,,201
1775114128.1055949,write,k1,1290.365219116211,False,796,796,,201
1775114128.105875,write,k3,1288.728952407837,False,808,808,,201
1775114128.108705,read,k5,1.3439655303955078,False,747,739,3.674745559692383,200
1775114128.1106079,read,k3,1.2359619140625,False,816,808,4.730224609375,200
1775114128.12191,read,k4,7.522106170654297,False,772,760,514.4498348236084,200
1775114128.122192,read,k5,2.680063247680664,False,747,739,17.163991928100586,200
1775114128.122762,read,k4,2.4771690368652344,False,772,760,515.3028964996338,200
1775114128.122965,read,k5,2.1009445190429688,False,747,739,17.937898635864258,200
1775114128.128434,read,k4,1.580953598022461,False,772,760,520.9732055664062,200
1775114128.129089,read,k4,1.4579296112060547,False,772,760,521.630048751831,200
1775114128.133955,read,k4,1.4789104461669922,False,772,760,526.494026184082,200
1775114128.134202,read,k2,1.2269020080566406,False,757,748,108.61325263977051,200
1775114128.141959,read,k1,1.4650821685791016,False,806,796,36.3619327545166,200
1775114128.142584,read,k3,1.5959739685058594,False,817,808,36.707162857055664,200
1775114128.152545,read,k4,1.6319751739501953,False,772,760,545.0849533081055,200
1775114128.1536782,read,k1,1.7762184143066406,False,806,796,48.08187484741211,200
1775114128.1663969,read,k5,1.558065414428711,False,747,739,61.36798858642578,200
1775114128.285742,write,k3,1237.104892730713,False,810,810,,201
1775114128.285941,write,k4,1253.7250518798828,False,761,761,,201
1775114128.2860749,write,k3,1219.3317413330078,False,811,811,,201
1775114128.286216,write,k5,1223.386287689209,False,741,741,,201
1775114128.286336,write,k1,1243.7732219696045,False,798,798,,201
1775114128.286464,write,k1,1247.901201248169,False,797,797,,201
1775114128.2865868,write,k4,1249.7658729553223,False,762,762,,201
1775114128.2867122,write,k5,1225.9547710418701,False,740,740,,201
1775114128.286835,write,k3,1258.5852146148682,False,809,809,,201
1775114128.292198,read,k5,2.989053726196289,False,748,741,5.484104156494141,200
1775114128.292584,read,k2,3.203868865966797,False,757,748,266.9949531555176,200
1775114128.292733,read,k2,3.204822540283203,False,757,748,267.14515686035156,200
1775114128.293189,read,k5,2.9501914978027344,False,749,741,6.476163864135742,200
1775114128.2937222,read,k2,1.956939697265625,False,757,748,268.13220977783203,200
1775114128.2979782,read,k1,1.837015151977539,False,806,798,11.512041091918945,200
1775114128.299276,read,k4,1.6388893127441406,False,772,762,12.687921524047852,200
1775114128.417708,write,k5,1303.6999702453613,False,742,742,,201
1775114128.428216,read,k1,0.9660720825195312,False,806,798,141.75105094909668,200
1775114128.434703,read,k4,0.7622241973876953,False,773,762,148.1149196624756,200
1775114128.500532,write,k4,1216.3257598876953,False,763,763,,201
1775114128.500875,write,k2,1229.6760082244873,False,749,749,,201
1775114128.501128,write,k2,1224.0519523620605,False,750,750,,201
1775114128.501354,write,k2,1217.6549434661865,False,751,751,,201
1775114128.50157,write,k5,1221.4808464050293,False,743,743,,201
1775114128.501767,write,k3,1219.2049026489258,False,812,812,,201
1775114128.502529,write,k3,1212.3017311096191,False,813,813,,201
1775114128.503501,write,k4,1213.4971618652344,False,764,764,,201
1775114128.503746,write,k1,1210.6869220733643,False,799,799,,201
1775114128.5065951,read,k3,2.1257400512695312,False,820,813,4.062891006469727,200
1775114128.510676,read,k2,1.5399456024169922,False,762,751,9.318113327026367,200
1775114128.5134668,read,k2,1.6260147094726562,False,762,751,12.11094856262207,200
1775114128.515862,read,k3,3.237009048461914,False,820,813,13.330936431884766,200
1775114128.517962,read,k4,1.9142627716064453,False,774,764,14.458894729614258,200
1775114128.518642,read,k2,2.025127410888672,False,762,751,17.287015914916992,200
1775114128.519377,read,k1,1.3267993927001953,False,809,799,15.629053115844727,200
1775114128.631397,write,k4,1228.2030582427979,False,765,765,,201
1775114128.6436522,read,k5,3.8170814514160156,False,751,743,142.0767307281494,200
1775114128.812355,write,k5,1221.3749885559082,False,745,745,,201
1775114128.813057,write,k1,1223.2539653778076,False,801,801,,201
1775114128.813484,write,k1,1224.8141765594482,False,800,800,,201
1775114128.8138812,write,k5,1217.317819595337,False,746,746,,201
1775114128.814346,write,k5,1222.9650020599365,False,744,744,,201
1775114128.81471,write,k2,1213.7439250946045,False,752,752,,201
1775114128.820106,read,k3,3.51715087890625,False,821,813,317.57402420043945,200
1775114128.8242419,read,k2,2.5110244750976562,False,764,752,9.530067443847656,200
1775114128.825443,read,k5,3.2351016998291016,False,752,746,11.096954345703125,200
1775114128.8326871,write,k3,1216.8657779693604,False,814,814,,201
1775114128.8330612,write,k4,1225.421667098999,False,766,766,,201
1775114128.836535,read,k4,1.79290771484375,False,775,766,3.4728050231933594,200
1775114128.842253,write,k4,1214.6637439727783,False,767,767,,201
1775114128.84273,read,k5,1.657247543334961,False,753,746,28.38301658630371,200
1775114128.843183,read,k5,1.7390251159667969,False,753,746,28.838157653808594,200
1775114128.845922,write,k5,1214.3690586090088,False,747,747,,201
1775114128.851454,read,k1,2.132892608642578,False,812,801,37.96815872192383,200
1775114128.853357,read,k4,1.5900135040283203,False,776,767,11.103153228759766,200
1775114129.026693,write,k4,1233.1488132476807,False,768,768,,201
1775114129.027704,write,k2,1233.5278987884521,False,754,754,,201
1775114129.0283048,write,k4,1231.4350605010986,False,769,769,,201
1775114129.0288022,write,k2,1242.5291538238525,False,753,753,,201
1775114129.0291789,write,k4,1221.4758396148682,False,771,771,,201
1775114129.029542,write,k4,1233.3147525787354,False,770,770,,201
1775114129.029813,write,k1,1242.3779964447021,False,802,802,,201
1775114129.0300741,write,k1,1220.5541133880615,False,803,803,,201
1775114129.0357141,read,k3,2.538919448852539,False,824,814,203.02677154541016,200
1775114129.03665,write,k2,1212.7740383148193,False,755,755,,201
1775114129.0369651,write,k1,1213.7579917907715,False,804,804,,201
1775114129.037996,read,k2,3.857851028442383,False,764,755,1.344919204711914,200
1775114129.040977,read,k1,1.9421577453613281,False,813,804,4.012107849121094,200
1775114129.0440261,read,k4,1.8138885498046875,False,779,771,14.483928680419922,200
1775114129.04446,read,k2,1.9299983978271484,False,766,755,7.808923721313477,200
1775114129.241875,write,k4,1214.4930362701416,False,772,772,,201
1775114129.248705,write,k3,1216.552972793579,False,815,815,,201
1775114129.249207,write,k3,1216.7627811431885,False,816,816,,201
1775114129.2495759,write,k1,1216.8660163879395,False,805,805,,201
1775114129.251759,write,k2,1214.6921157836914,False,756,756,,201
1775114129.2533739,read,k3,2.4199485778808594,False,828,816,4.165172576904297,200
1775114129.2559848,read,k2,2.5060176849365234,False,768,756,4.225015640258789,200
1775114129.263069,read,k4,3.154754638671875,False,779,772,21.19612693786621,200
1775114129.263633,read,k5,2.597808837890625,False,754,747,417.7131652832031,200
1775114129.264383,read,k3,2.1331310272216797,False,828,816,15.176057815551758,200
1775114129.27012,read,k5,2.1600723266601562,False,754,747,424.1981506347656,200
1775114129.276235,read,k1,2.783060073852539,False,814,805,26.657581329345703,200
1775114129.279399,read,k3,1.5680789947509766,False,828,816,30.192136764526367,200
1775114129.284182,read,k5,2.323150634765625,False,754,747,438.2622241973877,200
1775114129.2859,read,k5,2.526998519897461,False,754,747,439.974308013916,200
1775114129.29058,read,k2,2.8731822967529297,False,769,756,38.82098197937012,200
1775114129.298334,read,k4,2.424955368041992,False,779,772,56.46014213562012,200
1775114129.300562,read,k4,2.129077911376953,False,779,772,58.69007110595703,200
1775114129.307425,read,k1,5.028724670410156,False,814,805,57.84773826599121,200
1775114129.329494,write,k2,1254.1248798370361,False,757,757,,201
1775114129.337595,write,k1,1211.277961730957,False,806,806,,201
1775114129.350314,write,k3,1213.5660648345947,False,817,817,,201
1775114129.429418,write,k3,1265.3000354766846,False,818,818,,201
1775114129.429642,write,k5,1254.3480396270752,False,748,748,,201
1775114129.535854,write,k2,1234.6179485321045,False,759,759,,201
1775114129.536371,write,k2,1233.7009906768799,False,761,761,,201
1775114129.536723,write,k5,1246.6392517089844,False,749,749,,201
1775114129.5371609,write,k5,1241.3032054901123,False,750,750,,201
1775114129.537486,write,k2,1240.0341033935547,False,758,758,,201
1775114129.537908,write,k3,1246.3459968566895,False,820,820,,201
1775114129.538284,write,k4,1238.368034362793,False,773,773,,201
1775114129.53859,write,k2,1236.5758419036865,False,760,760,,201
1775114129.538901,write,k3,1249.9961853027344,False,819,819,,201
1775114129.542868,read,k2,3.8568973541259766,False,770,761,4.275798797607422,200
1775114129.543676,read,k3,2.646923065185547,False,831,820,4.7740936279296875,200
1775114129.554722,read,k1,5.7830810546875,False,815,806,217.12374687194824,200
1775114129.555039,read,k5,6.458759307861328,False,758,750,17.895936965942383,200
1775114129.555251,read,k4,3.410816192626953,False,780,773,16.967058181762695,200
1775114129.561727,read,k2,1.6720294952392578,False,773,761,23.1320858001709,200
1775114129.576541,read,k3,3.2901763916015625,False,832,820,37.63723373413086,200
1775114129.582708,read,k2,2.4907588958740234,False,773,761,44.114112854003906,200
1775114129.66507,write,k1,1225.0728607177734,False,807,807,,201
1775114129.66991,read,k4,1.8761157989501953,False,780,773,131.6239833831787,200
1775114129.680801,read,k3,2.595186233520508,False,832,820,141.89791679382324,200
1775114129.737052,write,k5,1231.4727306365967,False,751,751,,201
1775114129.737241,write,k1,1215.2528762817383,False,810,810,,201
1775114129.737346,write,k1,1232.522964477539,False,808,808,,201
1775114129.737505,write,k2,1233.6399555206299,False,762,762,,201
1775114129.7376971,write,k2,1215.0959968566895,False,763,763,,201
1775114129.737895,write,k1,1230.7400703430176,False,809,809,,201
1775114129.7380228,write,k4,1228.506088256836,False,774,774,,201
1775114129.738129,write,k4,1215.076208114624,False,775,775,,201
1775114129.741504,write,k3,1214.627742767334,False,821,821,,201
1775114129.7465029,read,k1,1.6109943389892578,False,817,810,8.60738754272461,200
1775114129.8723571,write,k5,1222.3868370056152,False,752,752,,201
1775114130.07157,write,k4,1220.7837104797363,False,777,777,,201
1775114130.071775,write,k5,1242.8100109100342,False,753,753,,201
1775114130.071927,write,k4,1221.5662002563477,False,776,776,,201
1775114130.072054,write,k1,1247.176170349121,False,812,812,,201
1775114130.0723698,write,k3,1242.933750152588,False,823,823,,201
1775114130.0725381,write,k3,1249.6140003204346,False,822,822,,201
1775114130.0726788,write,k2,1254.446029663086,False,764,764,,201
1775114130.072802,write,k1,1249.572992324829,False,811,811,,201
1775114130.078347,read,k1,0.8289813995361328,False,820,812,5.543947219848633,200
1775114130.080724,read,k5,0.6346702575683594,False,761,753,8.94784927368164,200
1775114130.084924,read,k4,0.8251667022705078,False,783,777,12.994050979614258,200
1775114130.085121,read,k3,1.2030601501464844,False,840,823,12.582778930664062,200
1775114130.092148,write,k1,1228.9881706237793,False,813,813,,201
1775114130.092375,write,k4,1230.6902408599854,False,778,778,,201
1775114130.0925848,read,k3,1.3842582702636719,False,840,823,20.044803619384766,200
1775114130.128627,read,k2,32.93204307556152,False,773,764,55.944204330444336,200
1775114130.129146,read,k3,35.52103042602539,False,840,823,56.60581588745117,200
1775114130.129538,read,k3,30.7767391204834,False,840,823,56.99777603149414,200
1775114130.266089,write,k3,1233.2451343536377,False,824,824,,201
1775114130.267385,write,k2,1229.2959690093994,False,766,766,,201
1775114130.26784,write,k5,1237.5800609588623,False,754,754,,201
1775114130.268319,write,k2,1222.5780487060547,False,767,767,,201
1775114130.2686641,write,k4,1232.6958179473877,False,779,779,,201
1775114130.268957,write,k3,1221.4751243591309,False,826,826,,201
1775114130.269321,write,k2,1234.8418235778809,False,765,765,,201
1775114130.269571,write,k3,1232.19895362854,False,825,825,,201
1775114130.269807,write,k2,1222.715139389038,False,768,768,,201
1775114130.273551,write,k3,1220.627784729004,False,827,827,,201
1775114130.2750661,read,k3,4.598140716552734,False,841,827,1.516103744506836,200
1775114130.2753122,read,k1,4.285097122192383,False,820,813,183.16411972045898,200
1775114130.275527,read,k1,5.603790283203125,False,820,813,183.3798885345459,200
1775114130.277673,read,k2,1.3706684112548828,False,773,768,7.863759994506836,200
1775114130.278754,read,k4,1.6326904296875,False,785,779,10.088920593261719,200
1775114130.284202,read,k1,4.359006881713867,False,821,813,192.05188751220703,200
1775114130.284432,read,k4,4.867076873779297,False,785,779,15.768051147460938,200
1775114130.285217,read,k3,1.6398429870605469,False,842,827,11.667013168334961,200
1775114130.288718,read,k3,1.3248920440673828,False,842,827,15.168190002441406,200
1775114130.2974122,read,k5,2.8007030487060547,False,764,754,29.572010040283203,200
1775114130.299253,read,k3,1.3985633850097656,False,842,827,25.70199966430664,200
1775114130.484822,write,k3,1238.7878894805908,False,828,828,,201
1775114130.4854221,write,k1,1230.2000522613525,False,814,814,,201
1775114130.494294,read,k3,2.4261474609375,False,844,828,9.473085403442383,200
1775114130.494582,read,k2,1.5010833740234375,False,776,768,224.77269172668457,200
1775114130.5042,write,k2,1230.1559448242188,False,769,769,,201
1775114130.50601,read,k1,3.7267208099365234,False,822,814,20.58696746826172,200
1775114130.5062988,read,k5,3.0901432037353516,False,764,754,238.45911026000977,200
1775114130.511858,read,k1,3.759145736694336,False,822,814,26.435136795043945,200
1775114130.512141,read,k3,3.3218860626220703,False,844,828,27.322053909301758,200
1775114130.516278,read,k4,1.779794692993164,False,785,779,247.61199951171875,200
1775114130.5453691,write,k4,1230.3969860076904,False,780,780,,201
1775114130.5459268,write,k5,1243.1652545928955,False,755,755,,201
1775114130.555064,read,k3,2.6378631591796875,False,844,828,70.24216651916504,200
1775114130.573266,write,k3,1234.5342636108398,False,829,829,,201
1775114130.573641,write,k3,1224.600076675415,False,830,830,,201
1775114130.578217,write,k5,1218.0781364440918,False,756,756,,201
1775114130.584289,read,k4,2.38800048828125,False,787,780,38.92111778259277,200
1775114130.588683,read,k4,1.9199848175048828,False,787,780,43.31612586975098,200
1775114130.599954,read,k5,2.2859573364257812,False,766,756,21.735191345214844,200
1775114130.681299,write,k2,1246.7610836029053,False,770,770,,201
1775114130.681847,write,k1,1246.669054031372,False,815,815,,201
1775114130.694318,read,k4,2.515077590942383,False,788,780,148.94700050354004,200
1775114130.785706,write,k1,1233.1676483154297,False,816,816,,201
1775114130.786191,write,k2,1228.891134262085,False,772,772,,201
1775114130.786525,write,k2,1242.1298027038574,False,771,771,,201
1775114130.786836,write,k5,1242.7361011505127,False,758,758,,201
1775114130.787122,write,k3,1239.9461269378662,False,832,832,,201
1775114130.787524,write,k5,1244.560956954956,False,757,757,,201
1775114130.7878752,write,k2,1229.9957275390625,False,773,773,,201
1775114130.7882419,write,k3,1248.358964920044,False,831,831,,201
1775114130.792877,read,k3,4.411935806274414,False,846,832,4.631996154785156,200
1775114130.797766,read,k3,7.025003433227539,False,847,832,9.522199630737305,200
1775114130.798196,read,k1,5.238056182861328,False,822,816,12.492895126342773,200
1775114130.798452,read,k4,6.248950958251953,False,788,780,253.08609008789062,200
1775114130.7987251,read,k3,4.93311882019043,False,847,832,10.483026504516602,200
1775114130.798956,read,k4,4.364967346191406,False,788,780,253.58915328979492,200
1775114130.799256,read,k5,5.755186080932617,False,766,758,11.731863021850586,200
1775114130.8069289,read,k3,2.977132797241211,False,847,832,18.685102462768555,200
1775114130.807224,read,k1,3.632783889770508,False,824,816,21.52109146118164,200
1775114130.8511128,write,k5,1262.5501155853271,False,759,759,,201
1775114130.862626,read,k3,5.659818649291992,False,847,832,74.38087463378906,200
1775114130.871548,read,k1,2.0208358764648438,False,824,816,85.84189414978027,200
1775114130.9449222,write,k1,1259.1180801391602,False,817,817,,201
1775114130.992106,write,k3,1236.9508743286133,False,836,836,,201
1775114130.9926138,write,k5,1251.0499954223633,False,760,760,,201
1775114130.993249,write,k3,1253.3621788024902,False,833,833,,201
1775114130.993563,write,k3,1250.0691413879395,False,834,834,,201
1775114130.993821,write,k3,1247.1368312835693,False,835,835,,201
1775114130.994066,write,k4,1251.941204071045,False,781,781,,201
1775114130.994284,write,k4,1248.366117477417,False,782,782,,201
1775114130.9945018,write,k1,1247.9526996612549,False,819,819,,201
1775114130.994717,write,k1,1250.0078678131104,False,818,818,,201
1775114130.998042,read,k3,3.2389163970947266,False,847,836,4.220008850097656,200
1775114131.0029209,read,k5,5.344629287719727,False,770,760,10.303020477294922,200
1775114131.003241,read,k5,6.493091583251953,False,770,760,10.626792907714844,200
1775114131.00351,read,k1,2.981901168823242,False,824,819,8.791923522949219,200
1775114131.004857,read,k1,2.8030872344970703,False,824,819,10.139226913452148,200
1775114131.0112262,read,k1,3.2510757446289062,False,824,819,16.506195068359375,200
1775114131.108098,write,k3,1226.5620231628418,False,837,837,,201
1775114131.119987,read,k5,3.5390853881835938,False,773,760,127.36892700195312,200
1775114131.129174,read,k3,2.774953842163086,False,849,837,21.07524871826172,200
1775114131.135544,read,k5,3.095865249633789,False,773,760,142.92478561401367,200
1775114131.296252,write,k1,1221.9951152801514,False,820,820,,201
1775114131.303015,write,k3,1227.6861667633057,False,839,839,,201
1775114131.303298,write,k3,1228.2180786132812,False,838,838,,201
1775114131.3035011,write,k3,1227.5519371032715,False,840,840,,201
1775114131.3036978,write,k5,1229.7348976135254,False,761,761,,201
1775114131.303905,write,k4,1221.7998504638672,False,783,783,,201
1775114131.307095,read,k3,1.1179447174072266,False,851,840,3.5920143127441406,200
1775114131.30923,read,k2,0.9090900421142578,False,780,773,521.3549137115479,200
1775114131.3129249,read,k1,0.9610652923583984,False,825,820,16.672849655151367,200
1775114131.317229,read,k4,3.1778812408447266,False,792,783,13.3209228515625,200
1775114131.32042,read,k1,1.0786056518554688,False,825,820,24.167776107788086,200
1775114131.323929,read,k1,1.0280609130859375,False,825,820,27.67777442932129,200
1775114131.3282108,read,k4,1.394033432006836,False,792,783,24.303913116455078,200
1775114131.338441,read,k2,1.589059829711914,False,781,773,550.5640506744385,200
1775114131.348308,write,k3,1213.9358520507812,False,841,841,,201
1775114131.348726,write,k5,1253.3950805664062,False,762,762,,201
1775114131.3490272,write,k5,1213.5989665985107,False,763,763,,201
1775114131.353179,read,k4,1.1899471282958984,False,793,783,49.27206039428711,200
1775114131.355742,write,k4,1216.4397239685059,False,784,784,,201
1775114131.358647,read,k2,2.7382373809814453,False,781,773,570.7700252532959,200
1775114131.3591769,read,k3,2.529144287109375,False,852,841,10.871171951293945,200
1775114131.359821,read,k1,1.8489360809326172,False,825,820,63.5678768157959,200
1775114131.371725,read,k2,1.8892288208007812,False,782,773,583.8489532470703,200
1775114131.371975,read,k4,1.7957687377929688,False,793,784,16.234159469604492,200
1775114131.491888,write,k4,1218.2116508483887,False,785,785,,201
1775114131.492235,write,k2,1213.954210281372,False,774,774,,201
1775114131.4924622,write,k5,1220.0779914855957,False,764,764,,201
1775114131.4927092,write,k3,1214.759349822998,False,842,842,,201
1775114131.4956338,write,k1,1216.5741920471191,False,821,821,,201
1775114131.4958951,write,k1,1213.104009628296,False,822,822,,201
1775114131.4972448,read,k3,1.271963119506836,False,853,842,4.532814025878906,200
1775114131.497866,read,k3,1.0938644409179688,False,853,842,5.155801773071289,200
1775114131.50253,write,k2,1213.7401103973389,False,775,775,,201
1775114131.503486,read,k2,5.063772201538086,False,782,775,0.9548664093017578,200
1775114131.50368,read,k2,2.01416015625,False,782,775,1.149892807006836,200
1775114131.507264,read,k3,2.022981643676758,False,853,842,14.551639556884766,200
1775114131.507536,read,k3,1.9292831420898438,False,853,842,14.825820922851562,200
1775114131.508506,write,k2,1214.0119075775146,False,776,776,,201
1775114131.5104058,read,k1,1.135110855102539,False,825,822,14.5111083984375,200
1775114131.512425,write,k3,1211.5459442138672,False,843,843,,201
1775114131.5151,read,k4,1.0440349578857422,False,799,785,23.21314811706543,200
1775114131.523231,read,k5,1.6908645629882812,False,777,764,30.766010284423828,200
1775114131.5234702,write,k3,1216.771125793457,False,844,844,,201
1775114131.527126,read,k2,1.3933181762695312,False,782,776,18.61882209777832,200
1775114131.527327,read,k5,1.1887550354003906,False,778,764,34.86490249633789,200
1775114131.540666,read,k4,2.958059310913086,False,799,785,48.77591133117676,200
1775114131.540936,read,k1,2.528667449951172,False,826,822,45.04084587097168,200
1775114131.741066,write,k2,1227.3330688476562,False,777,777,,201
1775114131.741251,write,k5,1230.1609516143799,False,765,765,,201
1775114131.74352,write,k4,1218.907117843628,False,786,786,,201
1775114131.744077,read,k5,0.9350776672363281,False,778,765,2.825021743774414,200
1775114131.749781,read,k1,0.8251667022705078,False,826,822,253.88598442077637,200
1775114131.753094,read,k2,0.9160041809082031,False,782,777,12.028217315673828,200
1775114131.753207,read,k2,0.8549690246582031,False,782,777,12.142181396484375,200
1775114131.7532852,read,k3,0.8120536804199219,False,854,844,229.81715202331543,200
1775114131.75987,read,k1,0.7269382476806641,False,826,822,263.9749050140381,200
1775114131.8066182,write,k5,1244.2469596862793,False,766,766,,201
1775114131.8067682,write,k3,1230.0291061401367,False,845,845,,201
1775114131.8068988,write,k4,1255.234956741333,False,787,787,,201
1775114131.807015,write,k3,1229.5351028442383,False,845,845,,201
1775114131.809545,read,k5,0.9911060333251953,False,780,766,2.9277801513671875,200
1775114131.809658,read,k5,0.8749961853027344,False,780,766,3.0400753021240234,200
1775114131.81703,read,k5,2.4259090423583984,False,781,766,10.41102409362793,200
1775114131.8253078,write,k4,1217.3209190368652,False,788,788,,201
1775114131.9042351,write,k2,1220.2842235565186,False,778,778,,201
1775114131.942881,write,k3,1243.0942058563232,False,846,846,,201
1775114131.9487019,read,k3,3.0510425567626953,False,855,846,5.784034729003906,200
1775114132.047198,write,k4,1238.9309406280518,False,789,789,,201
1775114132.0477738,write,k3,1256.5560340881348,False,847,847,,201
1775114132.048065,write,k5,1231.0009002685547,False,769,769,,201
1775114132.048311,write,k5,1253.4379959106445,False,767,767,,201
1775114132.048539,write,k5,1243.6718940734863,False,768,768,,201
1775114132.048756,write,k1,1246.750831604004,False,824,824,,201
1775114132.0489678,write,k4,1232.3188781738281,False,790,790,,201
1775114132.049186,write,k1,1247.9689121246338,False,823,823,,201
1775114132.0513222,read,k5,2.0508766174316406,False,784,769,2.780914306640625,200
1775114132.053208,read,k5,1.3318061828613281,False,784,769,4.667758941650391,200
1775114132.057119,read,k1,2.290010452270508,False,826,824,7.930755615234375,200
1775114132.057448,read,k5,2.2919178009033203,False,786,769,8.906841278076172,200
1775114132.057739,read,k3,2.324819564819336,False,855,847,9.9639892578125,200
1775114132.066232,read,k1,5.499839782714844,False,826,824,17.0438289642334,200
1775114132.0750191,read,k5,2.741098403930664,False,787,769,26.474952697753906,200
1775114132.0859368,read,k1,2.372264862060547,False,826,824,36.746978759765625,200
1775114132.11075,write,k5,1232.0771217346191,False,770,770,,201
1775114132.120009,read,k3,3.042936325073242,False,856,847,72.23105430603027,200
1775114132.177032,write,k2,1222.3668098449707,False,779,779,,201
1775114132.212995,write,k2,1214.1141891479492,False,780,780,,201
1775114132.2134159,write,k4,1214.8239612579346,False,792,792,,201
1775114132.215151,write,k3,1218.6601161956787,False,848,848,,201
1775114132.215565,write,k4,1219.5279598236084,False,791,791,,201
1775114132.2216,read,k1,3.0558109283447266,False,826,824,172.4090576171875,200
1775114132.224446,read,k5,2.7010440826416016,False,789,770,113.69585990905762,200
1775114132.2251399,read,k3,2.5179386138916016,False,856,848,9.988069534301758,200
1775114132.235919,read,k3,2.79998779296875,False,856,848,20.7669734954834,200
1775114132.247364,write,k5,1235.8500957489014,False,773,773,,201
1775114132.2479758,write,k1,1239.4309043884277,False,825,825,,201
1775114132.248571,write,k3,1231.3809394836426,False,849,849,,201
1775114132.248864,write,k5,1241.5568828582764,False,772,772,,201
1775114132.249152,write,k5,1242.2840595245361,False,771,771,,201
1775114132.249413,read,k3,3.4711360931396484,False,856,849,0.8411407470703125,200
1775114132.253579,read,k2,1.936197280883789,False,784,780,40.58480262756348,200
1775114132.261842,read,k4,3.938913345336914,False,809,792,46.27728462219238,200
1775114132.2624,read,k2,5.091190338134766,False,784,780,49.405813217163086,200
1775114132.266094,read,k3,6.896257400512695,False,856,849,17.522096633911133,200
1775114132.270703,read,k3,1.8246173858642578,False,856,849,22.130966186523438,200
1775114132.351115,write,k3,1212.2108936309814,False,850,850,,201
1775114132.515031,write,k3,1217.0140743255615,False,851,851,,201
1775114132.517965,read,k4,1.2869834899902344,False,811,792,302.4001121520996,200
1775114132.551651,write,k5,1235.9790802001953,False,774,774,,201
1775114132.551925,write,k2,1235.9619140625,False,781,781,,201
1775114132.552138,write,k5,1233.1600189208984,False,775,775,,201
1775114132.5523689,write,k3,1242.469310760498,False,852,852,,201
1775114132.553576,write,k4,1211.3268375396729,False,793,793,,201
1775114132.556938,read,k4,1.725912094116211,False,811,793,3.3600330352783203,200
1775114132.558295,read,k4,0.9646415710449219,False,812,793,4.719972610473633,200
1775114132.620456,write,k2,1263.0996704101562,False,782,782,,201
1775114132.6207612,write,k3,1251.9149780273438,False,853,853,,201
1775114132.6209679,write,k4,1244.3950176239014,False,795,795,,201
1775114132.621155,write,k4,1245.4380989074707,False,794,794,,201
1775114132.628961,read,k4,1.966238021850586,False,814,795,7.80177116394043,200
1775114132.630781,read,k3,1.1360645294189453,False,859,853,10.019779205322266,200
1775114132.637633,read,k2,1.1589527130126953,False,787,782,17.17686653137207,200
1775114132.638849,read,k4,0.9350776672363281,False,814,795,17.69280433654785,200
1775114132.6491241,read,k4,1.947164535522461,False,814,795,27.966022491455078,200
1775114132.720396,write,k4,1222.4392890930176,False,796,796,,201
1775114132.721005,write,k4,1218.9240455627441,False,797,797,,201
1775114132.7215629,write,k4,1215.0647640228271,False,798,798,,201
1775114132.7267241,write,k4,1214.081048965454,False,799,799,,201
1775114132.72709,write,k5,1214.1311168670654,False,776,776,,201
1775114132.7303522,write,k1,1219.8729515075684,False,826,826,,201
1775114132.746569,write,k5,1224.0760326385498,False,778,778,,201
1775114132.746777,read,k4,3.7000179290771484,False,815,799,20.055055618286133,200
1775114132.746927,write,k5,1226.0549068450928,False,777,777,,201
1775114132.755296,read,k5,0.6999969482421875,False,793,778,8.368968963623047,200
1775114132.75702,read,k5,0.7469654083251953,False,793,778,10.092020034790039,200
1775114132.7699351,write,k3,1221.6181755065918,False,854,854,,201
1775114132.77008,write,k4,1222.886323928833,False,800,800,,201
1775114132.973983,write,k4,1215.1129245758057,False,801,801,,201
1775114132.974881,write,k5,1215.8501148223877,False,779,779,,201
1775114132.975382,write,k5,1212.4180793762207,False,780,780,,201
1775114132.978668,read,k2,2.588987350463867,False,790,782,358.20865631103516,200
1775114133.029613,write,k5,1215.4631614685059,False,781,781,,201
1775114133.0304809,write,k3,1216.7189121246338,False,855,855,,201
1775114133.031053,write,k2,1215.61598777771,False,783,783,,201
1775114133.042806,read,k2,4.188776016235352,False,790,783,11.751174926757812,200
1775114133.055995,write,k4,1222.5341796875,False,802,802,,201
1775114133.05666,write,k5,1233.3056926727295,False,782,782,,201
1775114133.061158,read,k1,2.7289390563964844,False,832,826,330.80291748046875,200
1775114133.062973,read,k5,1.7230510711669922,False,795,782,6.314992904663086,200
1775114133.066457,read,k1,1.8839836120605469,False,832,826,336.1039161682129,200
1775114133.073493,read,k5,4.289865493774414,False,795,782,16.833782196044922,200
1775114133.080866,read,k1,2.34222412109375,False,832,826,350.510835647583,200
1775114133.130995,write,k5,1216.4418697357178,False,783,783,,201
1775114133.1422458,read,k1,4.215717315673828,False,832,826,411.88907623291016,200
1775114133.177727,write,k5,1219.933032989502,False,784,784,,201
1775114133.2684731,write,k5,1215.1610851287842,False,785,785,,201
1775114133.2738109,write,k5,1219.3241119384766,False,786,786,,201
1775114133.279732,write,k4,1215.8689498901367,False,805,805,,201
1775114133.280113,write,k4,1220.6897735595703,False,804,804,,201
1775114133.280427,write,k4,1221.769094467163,False,803,803,,201
1775114133.280719,read,k2,4.539012908935547,False,791,783,249.66692924499512,200
1775114133.280965,write,k5,1223.1228351593018,False,787,787,,201
1775114133.281214,write,k3,1222.0611572265625,False,856,856,,201
1775114133.285342,read,k1,2.3050308227539062,False,832,826,554.9888610839844,200
1775114133.291478,read,k3,5.708932876586914,False,864,856,10.26010513305664,200
1775114133.294751,read,k2,2.122163772583008,False,793,783,263.69786262512207,200
1775114133.3268712,write,k5,1229.599952697754,False,788,788,,201
1775114133.3606179,write,k5,1235.884189605713,False,789,789,,201
1775114133.378316,read,k5,14.606237411499023,False,797,789,17.6999568939209,200
1775114133.381286,read,k4,0.9438991546630859,False,819,805,100.85892677307129,200
1775114133.3911529,write,k2,1212.561845779419,False,784,784,,201
1775114133.403517,read,k2,1.4941692352294922,False,794,784,12.36104965209961,200
1775114133.441233,write,k4,1217.7929878234863,False,806,806,,201
1775114133.441649,write,k4,1217.8010940551758,False,807,807,,201
1775114133.455072,read,k1,1.9550323486328125,False,834,826,724.7161865234375,200
1775114133.475091,write,k4,1240.8802509307861,False,808,808,,201
1775114133.475352,write,k4,1225.5852222442627,False,809,809,,201
1775114133.47639,read,k3,14.802932739257812,False,865,856,195.1761245727539,200
1775114133.478223,write,k4,1219.7787761688232,False,810,810,,201
1775114133.478486,write,k4,1215.2667045593262,False,811,811,,201
1775114133.478601,write,k2,1214.655876159668,False,785,785,,201
1775114133.478715,write,k5,1216.2501811981201,False,790,790,,201
1775114133.483819,read,k5,0.7798671722412109,False,798,790,5.102634429931641,200
1775114133.485486,read,k2,0.6771087646484375,False,795,785,6.885051727294922,200
1775114133.48969,read,k4,1.962900161743164,False,821,811,11.20305061340332,200
1775114133.489941,read,k5,1.9619464874267578,False,799,790,11.223793029785156,200
1775114133.491322,write,k2,1211.022138595581,False,786,786,,201
1775114133.501086,read,k5,1.6169548034667969,False,799,790,22.36795425415039,200
1775114133.515717,read,k1,2.3200511932373047,False,836,826,785.362958908081,200
1775114133.584487,write,k2,1223.1898307800293,False,787,787,,201
1775114133.747641,write,k3,1218.1529998779297,False,857,857,,201
1775114133.780221,write,k3,1222.3420143127441,False,858,858,,201
1775114133.780941,write,k4,1218.8448905944824,False,813,813,,201
1775114133.7814558,write,k4,1225.3928184509277,False,812,812,,201
1775114133.781941,write,k1,1220.5231189727783,False,827,827,,201
1775114133.782349,write,k4,1219.787836074829,False,814,814,,201
1775114133.790335,read,k3,5.321979522705078,False,865,858,10.114908218383789,200
1775114133.7907,read,k4,4.915952682495117,False,822,814,8.348941802978516,200
1775114133.793738,read,k3,2.5472640991210938,False,866,858,13.519763946533203,200
1775114133.8013802,read,k1,2.955913543701172,False,837,827,19.43826675415039,200
1775114133.8017468,read,k5,2.870798110961914,False,801,790,323.0288028717041,200
1775114133.8034601,read,k4,2.8641223907470703,False,822,814,21.110057830810547,200
1775114133.809369,read,k1,3.2188892364501953,False,837,827,27.427196502685547,200
1775114133.812462,read,k3,2.229928970336914,False,866,858,32.243967056274414,200
1775114133.880406,write,k3,1252.7849674224854,False,859,859,,201
1775114133.8810701,write,k1,1251.849889755249,False,828,828,,201
1775114133.881496,write,k5,1234.9200248718262,False,791,791,,201
1775114133.881852,write,k1,1221.35591506958,False,829,829,,201
1775114133.945539,write,k4,1223.672866821289,False,815,815,,201
1775114133.975041,write,k5,1244.5440292358398,False,792,792,,201
1775114133.9813602,write,k2,1245.284080505371,False,789,789,,201
1775114133.981618,write,k2,1245.879888534546,False,788,788,,201
1775114133.981825,write,k5,1248.5167980194092,False,793,793,,201
1775114133.982028,write,k4,1231.9791316986084,False,816,816,,201
1775114133.984498,write,k3,1225.437879562378,False,860,860,,201
1775114133.984756,write,k5,1228.0008792877197,False,794,794,,201
1775114133.9856188,read,k1,2.1331310272216797,False,838,829,103.76596450805664,200
1775114133.989436,read,k5,2.402067184448242,False,803,794,4.679203033447266,200
1775114133.989722,write,k2,1217.2369956970215,False,790,790,,201
1775114133.991013,write,k4,1213.021993637085,False,817,817,,201
1775114133.991254,read,k3,1.463174819946289,False,869,860,6.755828857421875,200
1775114133.994858,read,k3,2.019166946411133,False,869,860,10.357856750488281,200
1775114133.996211,read,k1,2.0558834075927734,False,840,829,114.35818672180176,200
1775114134.0017002,read,k5,2.660989761352539,False,803,794,16.942262649536133,200
1775114134.0137742,read,k3,3.648042678833008,False,870,860,29.272794723510742,200
1775114134.014184,read,k3,3.5130977630615234,False,870,860,29.68573570251465,200
1775114134.0650182,read,k2,47.03783988952637,False,799,790,75.29401779174805,200
1775114134.190447,write,k1,1213.223934173584,False,830,830,,201
1775114134.2009091,write,k3,1216.1128520965576,False,861,861,,201
1775114134.201271,write,k3,1215.9299850463867,False,862,862,,201
1775114134.2110798,read,k1,2.8688907623291016,False,840,830,20.626068115234375,200
1775114134.211354,read,k3,2.3920536041259766,False,871,862,10.083198547363281,200
1775114134.223605,read,k2,3.3850669860839844,False,801,790,233.88004302978516,200
1775114134.223891,read,k4,2.8069019317626953,False,826,817,232.8789234161377,200
1775114134.233908,read,k4,6.033897399902344,False,826,817,242.89417266845703,200
1775114134.2628522,write,k1,1222.6848602294922,False,831,831,,201
1775114134.26547,write,k5,1225.9259223937988,False,795,795,,201
1775114134.2658482,write,k1,1221.0369110107422,False,832,832,,201
1775114134.270915,read,k1,2.9947757720947266,False,840,832,5.0640106201171875,200
1775114134.272165,read,k5,2.4671554565429688,False,803,795,6.69407844543457,200
1775114134.289026,write,k3,1220.3459739685059,False,863,863,,201
1775114134.299318,write,k3,1215.1379585266113,False,864,864,,201
1775114134.381321,write,k2,1233.435869216919,False,791,791,,201
1775114134.3934898,read,k3,2.482891082763672,False,873,864,94.17080879211426,200
1775114134.3990989,write,k5,1216.1078453063965,False,796,796,,201
1775114134.401355,read,k5,1.9118785858154297,False,804,796,2.254962921142578,200
1775114134.4065459,read,k2,2.3081302642822266,False,803,791,25.224924087524414,200
1775114134.4180229,read,k3,2.2687911987304688,False,873,864,118.70694160461426,200
1775114134.492394,write,k2,1215.5230045318604,False,792,792,,201
1775114134.5104158,write,k3,1224.088191986084,False,865,865,,201
1775114134.510798,write,k5,1223.6809730529785,False,797,797,,201
1775114134.511054,write,k2,1227.0848751068115,False,793,793,,201
1775114134.511295,write,k1,1226.9670963287354,False,833,833,,201
1775114134.5115619,read,k3,8.620023727416992,False,874,865,1.1479854583740234,200
1775114134.514657,write,k1,1215.6617641448975,False,834,834,,201
1775114134.514966,write,k4,1219.9938297271729,False,818,818,,201
1775114134.517005,read,k5,1.947164535522461,False,804,797,6.204843521118164,200
1775114134.5246909,read,k4,3.070831298828125,False,828,818,9.723186492919922,200
1775114134.525074,read,k2,2.8002262115478516,False,804,793,14.019012451171875,200
1775114134.575607,write,k4,1246.2158203125,False,819,819,,201
1775114134.596155,read,k4,6.342887878417969,False,830,819,20.551204681396484,200
1775114134.601142,read,k3,1.3248920440673828,False,874,865,90.7278060913086,200
1775114134.6024451,write,k2,1211.2400531768799,False,794,794,,201
1775114134.6141481,read,k3,1.2428760528564453,False,875,865,103.73306274414062,200
1775114134.6280909,read,k5,2.4449825286865234,False,807,797,117.29097366333008,200
1775114134.633659,read,k2,1.4498233795166016,False,804,794,31.211137771606445,200
1775114134.6811001,write,k5,1267.219066619873,False,798,798,,201
1775114134.6866372,write,k4,1234.3251705169678,False,820,820,,201
1775114134.693645,write,k1,1215.7518863677979,False,835,835,,201
1775114134.695992,write,k2,1212.7978801727295,False,795,795,,201
1775114134.696382,write,k4,1213.4981155395508,False,821,821,,201
1775114134.697172,write,k5,1212.1989727020264,False,799,799,,201
1775114134.697545,read,k3,5.773067474365234,False,875,865,187.13092803955078,200
1775114134.7037709,write,k1,1215.562343597412,False,836,836,,201
1775114134.7075992,read,k3,3.3898353576660156,False,877,865,197.18194007873535,200
1775114134.70804,read,k3,5.7849884033203125,False,877,865,197.62611389160156,200
1775114134.7273421,write,k2,1228.079080581665,False,796,796,,201
1775114134.727725,write,k4,1228.9748191833496,False,822,822,,201
1775114134.7281122,read,k2,14.317035675048828,False,804,796,0.7722377777099609,200
1775114134.732461,read,k1,1.8770694732666016,False,844,836,28.68509292602539,200
1775114134.763214,write,k5,1240.6401634216309,False,800,800,,201
1775114134.774386,read,k3,3.133058547973633,False,878,865,263.97013664245605,200
1775114134.801877,write,k1,1214.5309448242188,False,837,837,,201
1775114134.985137,write,k2,1233.0191135406494,False,797,797,,201
1775114135.000801,write,k5,1213.240146636963,False,801,801,,201
1775114135.029715,write,k5,1218.4021472930908,False,802,802,,201
1775114135.029818,write,k4,1224.1120338439941,False,823,823,,201
1775114135.029904,write,k3,1239.121913909912,False,866,866,,201
1775114135.032748,read,k2,0.8931159973144531,False,807,797,47.61099815368652,200
1775114135.0377972,read,k5,1.09100341796875,False,808,802,8.082151412963867,200
1775114135.065048,write,k2,1245.1212406158447,False,798,798,,201
1775114135.104801,write,k3,1218.5661792755127,False,868,868,,201
1775114135.1049101,write,k5,1220.0987339019775,False,803,803,,201
1775114135.105013,write,k3,1219.290018081665,False,867,867,,201
1775114135.1103518,read,k2,1.2829303741455078,False,807,798,45.3031063079834,200
1775114135.1148381,write,k4,1225.6107330322266,False,824,824,,201
1775114135.114936,read,k2,1.3818740844726562,False,807,798,49.887895584106445,200
1775114135.120113,read,k2,1.0230541229248047,False,807,798,55.065155029296875,200
1775114135.1212642,read,k3,0.9160041809082031,False,882,868,16.251087188720703,200
1775114135.1261802,read,k1,1.486063003540039,False,845,837,324.3060111999512,200
1775114135.127132,read,k1,0.9310245513916016,False,845,837,325.2580165863037,200
1775114135.137522,read,k3,1.1379718780517578,False,882,868,32.508134841918945,200
1775114135.14158,read,k4,1.3461112976074219,False,834,824,26.74102783203125,200
1775114135.150712,read,k3,1.4081001281738281,False,882,868,45.69816589355469,200
1775114135.161366,read,k4,1.1088848114013672,False,834,824,46.52810096740723,200
1775114135.1874518,write,k4,1237.410068511963,False,825,825,,201
1775114135.190654,read,k1,1.2481212615966797,False,845,837,388.7789249420166,200
1775114135.195381,read,k4,1.2121200561523438,False,834,825,7.929801940917969,200
1775114135.199771,write,k2,1212.1171951293945,False,799,799,,201
1775114135.199907,write,k1,1219.5899486541748,False,838,838,,201
1775114135.2011352,read,k4,1.008749008178711,False,834,825,13.682842254638672,200
1775114135.2013388,write,k3,1213.94681930542,False,869,869,,201
1775114135.210061,write,k1,1217.000961303711,False,840,840,,201
1775114135.2102132,write,k1,1217.7836894989014,False,839,839,,201
1775114135.2136252,read,k1,0.8401870727539062,False,845,840,3.4110546112060547,200
1775114135.213758,write,k3,1213.3393287658691,False,870,870,,201
1775114135.2188008,read,k3,1.0600090026855469,False,882,870,5.043268203735352,200
1775114135.224541,read,k1,0.8318424224853516,False,845,840,14.326810836791992,200
1775114135.228074,write,k3,1218.6050415039062,False,871,871,,201
1775114135.2892601,write,k2,1270.1339721679688,False,800,800,,201
1775114135.289535,write,k4,1221.0359573364258,False,826,826,,201
1775114135.2964082,read,k2,1.7900466918945312,False,810,800,7.1468353271484375,200
1775114135.2966661,read,k1,1.615285873413086,False,845,840,86.45200729370117,200
1775114135.301208,read,k1,1.425027847290039,False,845,840,90.99292755126953,200
1775114135.311044,read,k1,1.619100570678711,False,845,840,100.8291244506836,200
1775114135.41781,write,k2,1221.6129302978516,False,801,801,,201
1775114135.4234781,read,k5,0.9157657623291016,False,816,803,318.56703758239746,200
1775114135.444671,write,k2,1214.6728038787842,False,802,802,,201
1775114135.449753,write,k3,1212.8448486328125,False,872,872,,201
1775114135.450664,read,k3,1.2218952178955078,False,883,872,0.9107589721679688,200
1775114135.457451,read,k5,1.3837814331054688,False,817,803,352.5400161743164,200
1775114135.457599,read,k4,1.7290115356445312,False,836,826,168.06411743164062,200
1775114135.490208,write,k2,1221.4741706848145,False,803,803,,201
1775114135.5053,write,k3,1232.4180603027344,False,873,873,,201
1775114135.505683,write,k1,1226.2959480285645,False,841,841,,201
1775114135.514546,write,k1,1217.3500061035156,False,842,842,,201
1775114135.515679,read,k1,3.648042678833008,False,845,842,1.130819320678711,200
1775114135.526353,read,k5,1.5358924865722656,False,820,803,421.44012451171875,200
1775114135.532755,write,k5,1225.86989402771,False,804,804,,201
1775114135.639202,write,k4,1234.4849109649658,False,827,827,,201
1775114135.6419358,write,k3,1213.7389183044434,False,874,874,,201
1775114135.652669,read,k3,3.1280517578125,False,884,874,10.730981826782227,200
1775114135.731781,write,k4,1215.8448696136475,False,828,828,,201
1775114135.732307,write,k5,1216.688871383667,False,805,805,,201
1775114135.737696,write,k5,1216.3639068603516,False,807,807,,201
1775114135.738127,write,k5,1217.3640727996826,False,806,806,,201
1775114135.738348,read,k4,2.846956253051758,False,836,828,6.567955017089844,200
1775114135.7385962,write,k2,1216.6740894317627,False,804,804,,201
1775114135.741776,read,k4,2.151966094970703,False,836,828,9.994983673095703,200
1775114135.7426822,write,k4,1214.5030498504639,False,829,829,,201
1775114135.742945,read,k3,1.8277168273925781,False,885,874,101.00984573364258,200
1775114135.748379,read,k1,1.5728473663330078,False,846,842,233.82997512817383,200
1775114135.748675,read,k4,1.5108585357666016,False,836,829,5.993843078613281,200
1775114135.748964,write,k4,1214.4968509674072,False,830,830,,201
1775114135.750277,read,k2,1.203775405883789,False,813,804,11.677980422973633,200
1775114135.763319,read,k2,4.474878311157227,False,813,804,24.71780776977539,200
1775114135.7638578,read,k5,4.193782806396484,False,823,807,25.72917938232422,200
1775114135.773223,read,k2,4.106998443603516,False,813,804,34.623146057128906,200
1775114135.782471,read,k3,3.9801597595214844,False,885,874,140.5329704284668,200
1775114135.832949,write,k3,1225.7277965545654,False,875,875,,201
1775114135.843937,read,k2,2.3119449615478516,False,813,804,105.33785820007324,200
1775114135.8555079,read,k5,2.537965774536133,False,823,807,117.37704277038574,200
1775114135.867002,write,k4,1223.5262393951416,False,831,831,,201
1775114135.874963,read,k2,3.9451122283935547,False,813,804,136.36302947998047,200
1775114135.917459,write,k4,1215.7838344573975,False,832,832,,201
1775114135.917888,write,k3,1221.397876739502,False,876,876,,201
1775114135.918122,write,k3,1217.6530361175537,False,877,877,,201
1775114135.918462,write,k1,1220.8330631256104,False,843,843,,201
1775114135.9411578,read,k2,12.070894241333008,False,813,804,202.55804061889648,200
1775114135.94175,read,k5,19.147157669067383,False,824,807,203.61804962158203,200
1775114135.9424388,read,k5,20.41792869567871,False,824,807,204.31113243103027,200
1775114135.954175,write,k5,1230.5200099945068,False,808,808,,201
1775114135.955869,write,k4,1243.401050567627,False,833,833,,201
1775114135.956835,write,k1,1227.6010513305664,False,844,844,,201
1775114135.9569862,write,k3,1221.6157913208008,False,878,878,,201
1775114135.9571168,write,k2,1226.2399196624756,False,805,805,,201
1775114135.957806,read,k2,1.5411376953125,False,813,805,0.6871223449707031,200
1775114135.959349,read,k4,0.6420612335205078,False,839,833,3.47900390625,200
1775114135.9594722,read,k4,0.5309581756591797,False,839,833,3.6041736602783203,200
1775114135.963884,read,k4,0.5438327789306641,False,839,833,8.016109466552734,200
1775114135.965577,read,k2,0.4851818084716797,False,813,805,8.459091186523438,200
1775114135.9707131,read,k5,0.5941390991210938,False,825,808,16.557931900024414,200
1775114135.9738188,read,k2,0.6570816040039062,False,813,805,16.70217514038086,200
1775114135.978799,read,k4,0.6031990051269531,False,841,833,22.930145263671875,200
1775114135.989055,read,k5,1.4908313751220703,False,825,808,34.89995002746582,200
1775114135.995869,read,k4,2.646923065185547,False,841,833,39.999961853027344,200
1775114136.003825,write,k2,1218.351125717163,False,806,806,,201
1775114136.0135958,read,k5,2.733945846557617,False,825,808,59.43703651428223,200
1775114136.025435,read,k2,4.207849502563477,False,814,806,21.605968475341797,200
1775114136.032088,write,k3,1223.3049869537354,False,879,879,,201
1775114136.042476,read,k5,2.6891231536865234,False,825,808,88.31787109375,200
1775114136.2078452,write,k2,1215.216875076294,False,807,807,,201
1775114136.2224672,write,k3,1218.1429862976074,False,880,880,,201
1775114136.2368782,read,k4,3.5560131072998047,False,842,833,281.0041904449463,200
1775114136.284526,write,k5,1241.8382167816162,False,809,809,,201
1775114136.284957,write,k1,1236.6390228271484,False,845,845,,201
1775114136.285249,write,k3,1248.4371662139893,False,881,881,,201
1775114136.290045,read,k2,2.701997756958008,False,816,807,82.1981430053711,200
1775114136.296672,read,k2,2.8340816497802734,False,816,807,88.82522583007812,200
1775114136.297051,read,k4,2.372264862060547,False,842,833,341.18127822875977,200
1775114136.299606,write,k5,1224.7977256774902,False,810,810,,201
1775114136.309275,read,k3,1.7631053924560547,False,892,881,24.02186393737793,200
1775114136.333627,write,k3,1220.181941986084,False,882,882,,201
1775114136.334317,write,k4,1226.6697883605957,False,834,834,,201
1775114136.342759,write,k2,1211.3780975341797,False,808,808,,201
1775114136.348673,read,k4,5.066871643066406,False,842,834,14.35399055480957,200
1775114136.357795,read,k3,2.6092529296875,False,892,882,24.165868759155273,200
1775114136.373327,read,k5,7.64012336730957,False,826,810,73.71807098388672,200
1775114136.382134,read,k1,3.50189208984375,False,852,845,97.17226028442383,200
1775114136.382581,write,k5,1219.3059921264648,False,811,811,,201
1775114136.387514,read,k5,2.452373504638672,False,826,811,4.932165145874023,200
1775114136.392343,read,k3,2.2559165954589844,False,892,882,58.71701240539551,200
1775114136.4377432,write,k2,1234.4119548797607,False,809,809,,201
1775114136.441291,write,k5,1233.4527969360352,False,812,812,,201
1775114136.442267,write,k5,1234.130859375,False,813,813,,201
1775114136.4425962,write,k4,1234.145164489746,False,835,835,,201
1775114136.443794,write,k4,1217.73099899292,False,836,836,,201
1775114136.4441102,write,k2,1219.5320129394531,False,810,810,,201
1775114136.444403,write,k5,1220.86501121521,False,814,814,,201
1775114136.444659,write,k5,1214.6010398864746,False,815,815,,201
1775114136.451968,read,k3,5.758047103881836,False,892,882,118.34096908569336,200
1775114136.452777,read,k3,5.049943923950195,False,892,882,119.15183067321777,200
1775114136.454002,read,k5,4.498004913330078,False,827,815,9.341239929199219,200
1775114136.45429,read,k5,3.6013126373291016,False,827,815,9.629964828491211,200
1775114136.455134,read,k3,3.0541419982910156,False,892,882,121.51002883911133,200
1775114136.464449,read,k5,7.745027542114258,False,827,815,19.78611946105957,200
1775114136.469986,read,k3,2.4399757385253906,False,894,882,136.35993003845215,200
1775114136.525697,write,k5,1218.7440395355225,False,816,816,,201
1775114136.531754,read,k4,3.5691261291503906,False,844,836,87.95785903930664,200
1775114136.5421991,read,k1,4.251003265380859,False,852,845,257.2369575500488,200
1775114136.548859,write,k3,1233.1368923187256,False,883,883,,201
1775114136.645488,write,k5,1215.0967121124268,False,817,817,,201
1775114136.6567302,read,k2,4.562139511108398,False,819,810,212.615966796875,200
1775114136.685834,write,k5,1220.639944076538,False,819,819,,201
1775114136.686348,write,k5,1225.9080410003662,False,818,818,,201
1775114136.69136,read,k1,3.1511783599853516,False,852,845,406.39805793762207,200
1775114136.693117,read,k4,2.8617382049560547,False,845,836,249.31883811950684,200
1775114136.700278,read,k4,5.232095718383789,False,845,836,256.4816474914551,200
1775114136.7023292,read,k3,3.3206939697265625,False,894,883,153.4709930419922,200
1775114136.709625,write,k5,1215.4922485351562,False,820,820,,201
1775114136.7119539,read,k1,3.5648345947265625,False,852,845,426.99313163757324,200
1775114136.740593,write,k3,1233.5762977600098,False,884,884,,201
1775114136.746082,write,k2,1216.0539627075195,False,811,811,,201
1775114136.747224,write,k1,1224.4422435760498,False,846,846,,201
1775114136.753527,read,k3,3.68499755859375,False,894,884,12.93492317199707,200
1775114136.7548668,write,k5,1217.5369262695312,False,821,821,,201
1775114136.7597928,read,k4,2.0380020141601562,False,846,836,315.997838973999,200
1775114136.892229,write,k2,1237.3270988464355,False,812,812,,201
1775114136.893386,write,k5,1248.5790252685547,False,822,822,,201
1775114136.9060118,read,k2,3.1909942626953125,False,821,812,13.779878616333008,200
1775114136.960362,write,k5,1214.766025543213,False,823,823,,201
1775114136.960995,write,k2,1215.9843444824219,False,813,813,,201
1775114136.961473,write,k3,1220.862865447998,False,885,885,,201
1775114136.971043,read,k5,3.709077835083008,False,834,823,10.677576065063477,200
1775114136.979197,read,k3,3.0879974365234375,False,895,885,17.72022247314453,200
1775114136.984468,read,k3,2.1991729736328125,False,895,885,22.99332618713379,200
1775114136.988564,write,k1,1220.4399108886719,False,847,847,,201
1775114136.989105,write,k4,1236.344814300537,False,837,837,,201
1775114136.989669,write,k4,1230.36789894104,False,838,838,,201
1775114136.9980989,read,k3,4.276037216186523,False,896,885,36.62514686584473,200
1775114137.012713,write,k3,1221.4500904083252,False,886,886,,201
1775114137.017091,read,k3,3.0100345611572266,False,897,886,4.375696182250977,200
1775114137.0916579,write,k4,1214.806079864502,False,839,839,,201
1775114137.092385,write,k5,1228.57666015625,False,824,824,,201
1775114137.163591,write,k3,1242.1507835388184,False,887,887,,201
1775114137.171576,read,k4,3.1690597534179688,False,851,839,79.91886138916016,200
1775114137.196952,write,k3,1235.687017440796,False,889,889,,201
1775114137.1977332,write,k4,1233.1910133361816,False,840,840,,201
1775114137.198275,write,k3,1242.300033569336,False,888,888,,201
1775114137.198634,write,k5,1242.201805114746,False,825,825,,201
1775114137.199003,write,k4,1226.2928485870361,False,841,841,,201
1775114137.19936,write,k1,1241.5108680725098,False,848,848,,201
1775114137.1997051,write,k2,1224.8899936676025,False,814,814,,201
1775114137.2064362,read,k2,2.6051998138427734,False,823,814,6.7291259765625,200
1775114137.208867,read,k5,2.32696533203125,False,838,825,10.23101806640625,200
1775114137.210229,read,k2,2.092123031616211,False,824,814,10.522842407226562,200
1775114137.214924,write,k1,1216.9220447540283,False,849,849,,201
1775114137.2183921,read,k3,2.117156982421875,False,899,889,20.11394500732422,200
1775114137.243849,write,k4,1214.9450778961182,False,842,842,,201
1775114137.257299,read,k3,2.6702880859375,False,899,889,59.020042419433594,200
1775114137.262799,write,k2,1218.4569835662842,False,815,815,,201
1775114137.437313,write,k3,1220.177173614502,False,890,890,,201
1775114137.455233,read,k5,5.728006362915039,False,838,825,256.5958499908447,200
1775114137.470335,write,k2,1230.5610179901123,False,816,816,,201
1775114137.5099788,write,k3,1214.9782180786133,False,891,891,,201
1775114137.514506,read,k3,1.3370513916015625,False,900,891,4.526853561401367,200
1775114137.5177312,write,k1,1213.310956954956,False,850,850,,201
1775114137.518008,write,k3,1216.9771194458008,False,892,892,,201
1775114137.5236979,read,k3,1.4259815216064453,False,900,892,5.687952041625977,200
1775114137.5333388,read,k1,5.471944808959961,False,856,850,15.603780746459961,200
1775114137.536706,write,k1,1219.2997932434082,False,851,851,,201
1775114137.5554502,write,k5,1216.6578769683838,False,826,826,,201
1775114137.571681,write,k1,1224.2519855499268,False,852,852,,201
1775114137.579547,read,k5,3.075838088989258,False,839,826,24.094104766845703,200
1775114137.5847092,read,k1,2.2001266479492188,False,857,852,13.026952743530273,200
1775114137.6081212,write,k4,1217.635154724121,False,843,843,,201
1775114137.622595,write,k5,1225.7039546966553,False,827,827,,201
1775114137.623111,read,k3,7.491111755371094,False,900,892,105.09991645812988,200
1775114137.629007,read,k5,1.6655921936035156,False,840,827,6.412029266357422,200
1775114137.637509,read,k5,1.7762184143066406,False,840,827,14.912843704223633,200
1775114137.670819,write,k2,1220.850944519043,False,818,818,,201
1775114137.671305,write,k2,1224.3821620941162,False,817,817,,201
1775114137.671608,write,k4,1223.6328125,False,844,844,,201
1775114137.6756392,read,k3,2.1610260009765625,False,900,892,157.62782096862793,200
1775114137.683306,write,k5,1220.2630043029785,False,828,828,,201
1775114137.6836538,write,k3,1227.9548645019531,False,893,893,,201
1775114137.683916,write,k5,1218.8670635223389,False,829,829,,201
1775114137.684156,write,k3,1227.1809577941895,False,894,894,,201
1775114137.684652,read,k3,3.821849822998047,False,900,894,0.4940032958984375,200
1775114137.685392,read,k2,2.807140350341797,False,827,818,14.087200164794922,200
1775114137.6892679,read,k5,1.5850067138671875,False,840,829,5.351066589355469,200
1775114137.696714,read,k4,2.902984619140625,False,858,844,25.103092193603516,200
1775114137.7060459,read,k5,2.6679039001464844,False,842,829,22.127151489257812,200
1775114137.7066638,write,k5,1227.7309894561768,False,830,830,,201
1775114137.715428,read,k3,2.7277469635009766,False,900,894,31.269073486328125,200
1775114137.727295,read,k1,2.928018569946289,False,859,852,155.6110382080078,200
1775114137.775668,write,k4,1230.97825050354,False,845,845,,201
1775114137.781763,write,k2,1226.660966873169,False,819,819,,201
1775114137.788877,read,k5,3.1270980834960938,False,842,830,82.20958709716797,200
1775114137.797869,read,k4,2.318143844604492,False,858,845,22.197961807250977,200
1775114137.878918,write,k2,1220.041036605835,False,820,820,,201
1775114137.8911538,read,k2,2.722024917602539,False,828,820,12.23611831665039,200
1775114137.897093,read,k1,2.769947052001953,False,860,852,325.4098892211914,200
1775114137.931494,write,k5,1218.4667587280273,False,831,831,,201
1775114137.931822,write,k1,1220.6859588623047,False,853,853,,201
1775114137.9352698,read,k4,1.271963119506836,False,859,845,159.60383415222168,200
1775114137.939738,write,k2,1219.6710109710693,False,821,821,,201
1775114137.9437451,read,k2,1.9650459289550781,False,829,821,4.006862640380859,200
1775114137.949694,read,k2,1.672983169555664,False,829,821,9.95182991027832,200
1775114137.963253,read,k1,2.400636672973633,False,860,853,31.427860260009766,200
1775114137.975296,write,k4,1224.816083908081,False,846,846,,201
1775114137.97562,write,k5,1223.5469818115234,False,832,832,,201
1775114137.980119,read,k3,1.4240741729736328,False,900,894,295.9609031677246,200
1775114137.987148,write,k3,1220.8571434020996,False,895,895,,201
1775114137.9876008,write,k4,1221.9650745391846,False,847,847,,201
1775114137.988298,read,k2,3.1690597534179688,False,830,821,48.558712005615234,200
1775114137.999983,read,k4,3.2968521118164062,False,861,847,12.379884719848633,200
1775114138.122509,write,k5,1227.6437282562256,False,833,833,,201
1775114138.13396,write,k5,1224.0869998931885,False,834,834,,201
1775114138.134717,read,k1,5.060911178588867,False,860,853,202.88991928100586,200
1775114138.181797,write,k4,1218.6360359191895,False,848,848,,201
1775114138.1841679,write,k5,1216.1169052124023,False,835,835,,201
1775114138.194473,read,k3,3.2749176025390625,False,902,895,207.3221206665039,200
1775114138.194935,read,k4,2.780914306640625,False,862,848,13.142108917236328,200
1775114138.227226,write,k3,1234.1210842132568,False,896,896,,201
1775114138.227839,write,k4,1232.8779697418213,False,849,849,,201
1775114138.228393,write,k3,1224.30419921875,False,897,897,,201
1775114138.228881,write,k5,1233.3407402038574,False,836,836,,201
1775114138.235562,read,k2,3.7000179290771484,False,831,821,295.8190441131592,200
1775114138.240005,read,k3,2.3670196533203125,False,903,897,11.6119384765625,200
1775114138.242047,write,k4,1217.4158096313477,False,850,850,,201
1775114138.254853,read,k5,5.468845367431641,False,846,836,25.970935821533203,200
1775114138.265005,read,k1,1.9690990447998047,False,863,853,333.1778049468994,200
1775114138.276747,read,k2,1.615762710571289,False,831,821,337.0068073272705,200
1775114138.313418,write,k4,1213.1330966949463,False,851,851,,201
1775114138.3142169,write,k3,1218.1928157806396,False,898,898,,201
1775114138.32618,read,k5,3.9637088775634766,False,846,836,97.29695320129395,200
1775114138.3265579,read,k4,3.4019947052001953,False,864,851,13.143777847290039,200
1775114138.336844,read,k4,3.283977508544922,False,864,851,23.426055908203125,200
1775114138.33741,read,k1,3.142118453979492,False,863,853,405.58385848999023,200
1775114138.3461561,read,k1,2.5038719177246094,False,863,853,414.32976722717285,200
1775114138.397354,write,k3,1214.76411819458,False,899,899,,201
1775114138.4414349,write,k2,1236.449956893921,False,824,824,,201
1775114138.442107,write,k2,1239.4740581512451,False,823,823,,201
1775114138.44254,write,k2,1241.6701316833496,False,822,822,,201
1775114138.4429162,write,k5,1239.4888401031494,False,838,838,,201
1775114138.443338,write,k5,1241.8832778930664,False,837,837,,201
1775114138.4436579,write,k1,1230.7977676391602,False,854,854,,201
1775114138.456782,write,k2,1232.7830791473389,False,825,825,,201
1775114138.457314,write,k1,1230.557918548584,False,855,855,,201
1775114138.458774,read,k2,5.862236022949219,False,833,825,1.9931793212890625,200
1775114138.459178,read,k1,6.77490234375,False,863,855,1.8649101257324219,200
1775114138.467656,read,k3,4.361867904663086,False,904,899,70.30415534973145,200
1775114138.479717,read,k4,2.758026123046875,False,866,851,166.30005836486816,200
1775114138.483972,write,k3,1218.2819843292236,False,900,900,,201
1775114138.484372,write,k2,1217.6270484924316,False,826,826,,201
1775114138.490452,read,k5,3.091096878051758,False,848,838,47.11008071899414,200
1775114138.493812,read,k5,1.9006729125976562,False,848,838,50.47106742858887,200
1775114138.687658,write,k5,1224.0869998931885,False,839,839,,201
1775114138.701768,write,k1,1220.3891277313232,False,856,856,,201
1775114138.71605,read,k5,4.111289978027344,False,849,839,28.389930725097656,200
1775114138.7297542,read,k2,3.2758712768554688,False,835,826,245.3780174255371,200
1775114138.741749,read,k4,3.4749507904052734,False,867,851,428.3299446105957,200
1775114138.742395,write,k4,1217.0798778533936,False,852,852,,201
1775114138.7470531,write,k1,1215.0657176971436,False,857,857,,201
1775114138.751234,read,k4,2.602100372314453,False,867,852,8.837699890136719,200
1775114138.757706,read,k1,2.7730464935302734,False,866,857,10.652303695678711,200
1775114138.7720919,write,k2,1228.5292148590088,False,827,827,,201
1775114138.772686,write,k4,1231.9629192352295,False,853,853,,201
1775114138.793334,write,k4,1230.8871746063232,False,854,854,,201
1775114138.7939048,read,k2,27.353763580322266,False,836,827,21.81386947631836,200
1775114138.8017511,read,k5,5.3730010986328125,False,850,839,114.09282684326172,200
1775114138.8081129,write,k5,1214.379072189331,False,840,840,,201
1775114138.818401,read,k2,1.8579959869384766,False,836,827,46.30875587463379,200
1775114138.84222,write,k4,1216.120958328247,False,855,855,,201
1775114138.871534,write,k4,1222.1219539642334,False,856,856,,201
1775114138.902375,write,k1,1216.3050174713135,False,858,858,,201
1775114138.9031308,write,k1,1212.5060558319092,False,859,859,,201
1775114138.9036438,write,k5,1212.174654006958,False,841,841,,201
1775114138.903952,write,k4,1224.0760326385498,False,857,857,,201
1775114138.910385,write,k4,1215.9931659698486,False,858,858,,201
1775114138.912288,write,k5,1218.7860012054443,False,842,842,,201
1775114138.912729,read,k3,5.151987075805664,False,906,900,428.7559986114502,200
1775114138.914386,read,k1,4.971027374267578,False,867,859,11.253833770751953,200
1775114138.9247491,read,k5,2.2678375244140625,False,853,842,12.459993362426758,200
1775114138.940646,write,k2,1224.5759963989258,False,828,828,,201
1775114138.948448,write,k1,1216.369867324829,False,860,860,,201
1775114139.005606,write,k5,1213.9263153076172,False,843,843,,201
1775114139.01711,read,k4,3.161191940307617,False,872,858,106.72473907470703,200
1775114139.024677,write,k4,1220.0908660888672,False,859,859,,201
1775114139.0263832,read,k4,2.9189586639404297,False,872,859,1.7061233520507812,200
1775114139.037643,read,k1,2.34222412109375,False,868,860,89.19501304626465,200
1775114139.0381272,read,k4,1.77001953125,False,872,859,13.449907302856445,200
1775114139.041779,read,k4,1.9762516021728516,False,872,859,17.100095748901367,200
1775114139.115371,write,k5,1213.4480476379395,False,844,844,,201
1775114139.1825001,write,k2,1243.5262203216553,False,829,829,,201
1775114139.1830661,write,k2,1217.9293632507324,False,830,830,,201
1775114139.183497,write,k4,1242.3360347747803,False,860,860,,201
1775114139.20659,write,k3,1216.9630527496338,False,901,901,,201
1775114139.21259,write,k4,1215.3360843658447,False,861,861,,201
1775114139.213268,write,k3,1217.5917625427246,False,902,902,,201
1775114139.218003,read,k2,3.242969512939453,False,839,830,34.93618965148926,200
1775114139.226439,write,k4,1216.7589664459229,False,862,862,,201
1775114139.2269351,read,k1,4.410982131958008,False,871,860,278.4879207611084,200
1775114139.231075,read,k3,1.8138885498046875,False,908,902,17.8070068359375,200
1775114139.2358751,read,k3,2.8798580169677734,False,908,902,22.60589599609375,200
1775114139.383852,write,k2,1242.102861404419,False,831,831,,201
1775114139.402438,write,k1,1263.1590366363525,False,861,861,,201
1775114139.410911,write,k3,1210.8049392700195,False,903,903,,201
1775114139.413694,read,k1,2.5930404663085938,False,872,861,11.258125305175781,200
1775114139.4205408,write,k1,1216.6149616241455,False,862,862,,201
1775114139.422216,read,k5,2.6760101318359375,False,856,844,306.84494972229004,200
1775114139.425222,read,k4,2.3338794708251953,False,873,862,198.78292083740234,200
1775114139.456286,write,k1,1219.4969654083252,False,863,863,,201
1775114139.457288,write,k5,1221.5678691864014,False,845,845,,201
1775114139.4621398,read,k3,3.571033477783203,False,909,903,51.22804641723633,200
1775114139.464283,read,k4,1.7881393432617188,False,875,862,237.84375190734863,200
1775114139.484121,write,k5,1241.4500713348389,False,846,846,,201
1775114139.484491,write,k4,1236.6647720336914,False,863,863,,201
1775114139.510154,write,k4,1223.12593460083,False,864,864,,201
1775114139.536969,read,k5,15.910863876342773,False,856,846,52.848100662231445,200
1775114139.541707,read,k5,1.9938945770263672,False,856,846,57.58309364318848,200
1775114139.552822,read,k3,4.263877868652344,False,909,903,141.91174507141113,200
1775114139.5562282,write,k4,1217.3991203308105,False,865,865,,201
1775114139.5619352,read,k1,1.3728141784667969,False,874,863,105.6520938873291,200
1775114139.569752,write,k5,1221.714973449707,False,847,847,,201
1775114139.584128,read,k2,4.625797271728516,False,841,831,200.27971267700195,200
1775114139.622928,read,k5,11.861085891723633,False,857,847,53.1771183013916,200
1775114139.626194,write,k2,1218.28031539917,False,832,832,,201
1775114139.634922,read,k1,0.8177757263183594,False,875,863,178.63988876342773,200
1775114139.640366,read,k3,0.6570816040039062,False,910,903,229.45785522460938,200
1775114139.660034,write,k4,1213.8879299163818,False,866,866,,201
1775114139.6628082,write,k2,1214.1759395599365,False,833,833,,201
1775114139.664567,read,k4,1.5900135040283203,False,876,866,4.5318603515625,200
1775114139.6725981,read,k1,4.639863967895508,False,876,863,216.31503105163574,200
1775114139.710571,write,k5,1245.2449798583984,False,848,848,,201
1775114139.711802,write,k1,1224.999189376831,False,866,866,,201
1775114139.712366,write,k2,1252.049207687378,False,834,834,,201
1775114139.7128599,write,k1,1251.4731884002686,False,865,865,,201
1775114139.7132201,write,k3,1261.9891166687012,False,904,904,,201
1775114139.7135308,write,k1,1260.2291107177734,False,864,864,,201
1775114139.714537,write,k2,1219.0921306610107,False,835,835,,201
1775114139.714893,write,k5,1212.8708362579346,False,849,849,,201
1775114139.728767,read,k3,6.710052490234375,False,912,904,15.54417610168457,200
1775114139.7304509,read,k5,8.129119873046875,False,859,849,15.556097030639648,200
1775114139.743808,read,k4,3.036975860595703,False,877,866,83.7709903717041,200
1775114139.74426,read,k2,2.1338462829589844,False,843,835,29.72102165222168,200
1775114139.7541602,read,k5,2.9299259185791016,False,860,849,39.263010025024414,200
1775114139.927532,write,k4,1227.2717952728271,False,867,867,,201
1775114139.937556,read,k4,1.6088485717773438,False,878,867,10.0250244140625,200
1775114139.946551,read,k1,1.837015151977539,False,877,866,233.0169677734375,200
1775114139.962355,write,k2,1216.8080806732178,False,836,836,,201
1775114139.9702039,write,k5,1214.8361206054688,False,850,850,,201
1775114139.979475,read,k1,2.892732620239258,False,878,866,265.93899726867676,200
1775114140.038628,write,k3,1258.9879035949707,False,905,905,,201
1775114140.039262,write,k4,1235.6247901916504,False,869,869,,201
1775114140.039607,write,k4,1258.6848735809326,False,868,868,,201
1775114140.0400581,write,k3,1244.554042816162,False,906,906,,201
1775114140.0424352,write,k1,1222.137212753296,False,867,867,,201
1775114140.043282,read,k1,1.811981201171875,False,878,867,0.8459091186523438,200
1775114140.046168,read,k3,1.5158653259277344,False,913,906,6.108999252319336,200
1775114140.046464,read,k1,1.4848709106445312,False,878,867,4.028797149658203,200
1775114140.049797,read,k2,1.8110275268554688,False,843,836,87.44287490844727,200
1775114140.050116,read,k5,1.5311241149902344,False,861,850,79.91313934326172,200
1775114140.0552409,read,k1,3.583192825317383,False,878,867,12.804985046386719,200
1775114140.055613,read,k3,3.3690929412841797,False,914,906,15.55490493774414,200
1775114140.0588238,read,k3,2.012968063354492,False,914,906,18.763065338134766,200
1775114140.065707,read,k2,2.788066864013672,False,843,836,103.35087776184082,200
1775114140.071723,write,k5,1218.918800354004,False,851,851,,201
1775114140.084746,read,k5,7.511615753173828,False,864,851,13.022184371948242,200
1775114140.09246,read,k2,4.393339157104492,False,843,836,130.07283210754395,200
1775114140.140385,write,k4,1223.599910736084,False,871,871,,201
1775114140.1405592,write,k4,1231.6627502441406,False,870,870,,201
1775114140.140687,write,k2,1258.8708400726318,False,837,837,,201
1775114140.140793,write,k5,1229.9060821533203,False,852,852,,201
1775114140.1408901,write,k4,1223.7188816070557,False,872,872,,201
1775114140.140994,write,k5,1225.1088619232178,False,853,853,,201
1775114140.1443148,read,k1,0.9598731994628906,False,879,867,101.88102722167969,200
1775114140.147703,read,k4,0.8411407470703125,False,878,872,6.812810897827148,200
1775114140.149251,read,k3,1.3740062713623047,False,914,906,109.19404029846191,200
1775114140.151106,write,k1,1215.1100635528564,False,868,868,,201
1775114140.151202,read,k4,1.2450218200683594,False,878,872,10.31184196472168,200
1775114140.16113,read,k4,1.15203857421875,False,879,872,20.239830017089844,200
1775114140.161769,write,k2,1213.1052017211914,False,838,838,,201
1775114140.164764,read,k5,0.8420944213867188,False,866,853,23.770809173583984,200
1775114140.166296,write,k5,1213.0770683288574,False,854,854,,201
1775114140.260627,write,k2,1217.7889347076416,False,839,839,,201
1775114140.265468,write,k1,1214.846134185791,False,869,869,,201
1775114140.270527,read,k3,2.0499229431152344,False,918,906,230.4699420928955,200
1775114140.2762408,read,k5,1.070261001586914,False,867,854,109.94386672973633,200
1775114140.344509,write,k3,1218.7471389770508,False,907,907,,201
1775114140.373552,read,k2,22.815942764282227,False,843,839,112.92433738708496,200
1775114140.442915,write,k1,1256.716251373291,False,870,870,,201
1775114140.4430878,write,k1,1220.0539112091064,False,872,872,,201
1775114140.443209,write,k1,1255.3269863128662,False,871,871,,201
1775114140.4433851,write,k5,1221.4970588684082,False,855,855,,201
1775114140.443541,write,k3,1258.6791515350342,False,908,908,,201
1775114140.44367,write,k4,1210.2398872375488,False,873,873,,201
1775114140.447467,read,k5,1.21307373046875,False,867,855,4.080772399902344,200
1775114140.4477272,read,k2,1.718759536743164,False,843,839,187.09921836853027,200
1775114140.447835,read,k4,1.2450218200683594,False,879,873,4.163980484008789,200
1775114140.4493382,read,k4,0.8320808410644531,False,879,873,5.667924880981445,200
1775114140.4505029,read,k5,0.5979537963867188,False,869,855,7.117748260498047,200
1775114140.456425,read,k4,1.1398792266845703,False,879,873,12.75491714477539,200
1775114140.4578078,write,k3,1216.1898612976074,False,909,909,,201
1775114140.458744,read,k4,1.355886459350586,False,880,873,15.074014663696289,200
1775114140.619173,write,k5,1229.0818691253662,False,856,856,,201
1775114140.624126,read,k1,3.3049583435058594,False,883,872,180.91106414794922,200
1775114140.6382232,read,k4,4.247188568115234,False,880,873,194.5488452911377,200
1775114140.6424692,read,k2,2.377033233642578,False,845,839,381.8371295928955,200
1775114140.6471329,write,k4,1214.604139328003,False,875,875,,201
1775114140.647737,write,k4,1218.9080715179443,False,874,874,,201
1775114140.6485062,write,k1,1233.1178188323975,False,873,873,,201
1775114140.653533,read,k1,1.8649101257324219,False,884,873,5.029201507568359,200
1775114140.6583629,read,k2,2.4938583374023438,False,845,839,397.7341651916504,200
1775114140.658675,read,k3,2.3469924926757812,False,921,909,200.8650302886963,200
1775114140.666881,read,k3,2.850055694580078,False,921,909,209.06782150268555,200
1775114140.6877902,write,k2,1218.986988067627,False,840,840,,201
1775114140.6884348,write,k2,1217.9620265960693,False,841,841,,201
1775114140.695858,read,k2,2.312183380126953,False,845,841,7.383823394775391,200
1775114140.760415,write,k4,1270.960807800293,False,876,876,,201
1775114140.76123,write,k1,1270.9429264068604,False,874,874,,201
1775114140.769685,read,k4,3.1890869140625,False,880,876,9.269952774047852,200
1775114140.777239,write,k1,1215.1908874511719,False,875,875,,201
1775114140.780533,write,k5,1211.7819786071777,False,857,857,,201
1775114140.792556,read,k3,3.097057342529297,False,921,909,334.744930267334,200
1775114140.8002932,read,k2,2.2957324981689453,False,845,841,111.85669898986816,200
1775114140.8507469,write,k3,1221.9040393829346,False,910,910,,201
1775114140.861593,read,k4,2.26593017578125,False,881,876,101.17983818054199,200
1775114140.87585,write,k1,1225.7940769195557,False,876,876,,201
1775114140.918981,read,k5,31.388044357299805,False,875,857,138.44919204711914,200
1775114140.921491,write,k4,1245.1179027557373,False,877,877,,201
1775114140.9216352,write,k2,1238.6178970336914,False,842,842,,201
1775114140.925205,read,k2,0.8151531219482422,False,845,842,3.5676956176757812,200
1775114140.9284701,read,k4,0.6997585296630859,False,881,877,6.9789886474609375,200
1775114140.929985,read,k4,0.8199214935302734,False,881,877,8.494138717651367,200
1775114140.9314392,read,k5,0.6489753723144531,False,875,857,150.9082317352295,200
1775114140.93577,read,k5,0.5948543548583984,False,876,857,155.24029731750488,200
1775114140.957409,write,k5,1235.9561920166016,False,859,859,,201
1775114140.960978,write,k2,1247.300148010254,False,843,843,,201
1775114140.961354,write,k3,1245.840072631836,False,911,911,,201
1775114140.961647,write,k5,1235.1491451263428,False,860,860,,201
1775114140.961877,write,k3,1240.1609420776367,False,912,912,,201
1775114140.962384,write,k5,1241.6012287139893,False,858,858,,201
1775114140.975499,read,k2,10.537862777709961,False,846,843,14.518976211547852,200
1775114140.9758542,read,k5,4.49681282043457,False,876,860,13.469934463500977,200
1775114140.976171,read,k4,3.283977508544922,False,881,877,54.67796325683594,200
1775114140.97943,write,k1,1225.1079082489014,False,877,877,,201
1775114140.982778,read,k2,2.3500919342041016,False,847,843,21.798133850097656,200
1775114140.991921,write,k4,1226.4790534973145,False,878,878,,201
1775114140.9927628,read,k5,11.688947677612305,False,876,860,30.376911163330078,200
1775114141.025059,read,k5,29.181957244873047,False,877,860,62.6680850982666,200
1775114141.025961,read,k3,27.808666229248047,False,922,912,64.08190727233887,200
1775114141.179858,write,k5,1214.8010730743408,False,861,861,,201
1775114141.180715,write,k1,1225.2440452575684,False,878,878,,201
1775114141.185417,read,k4,3.02886962890625,False,882,878,193.49288940429688,200
1775114141.190526,read,k1,2.5768280029296875,False,890,878,9.811162948608398,200
1775114141.22687,write,k3,1243.614912033081,False,913,913,,201
1775114141.238501,read,k3,3.2739639282226562,False,923,913,11.630773544311523,200
1775114141.252177,read,k4,4.673004150390625,False,882,878,260.25390625,200
1775114141.278965,write,k3,1231.4260005950928,False,914,914,,201
1775114141.2817438,write,k5,1218.0590629577637,False,864,864,,201
1775114141.282308,write,k5,1217.8480625152588,False,863,863,,201
1775114141.282728,write,k5,1230.7350635528564,False,862,862,,201
1775114141.283348,write,k1,1211.0960483551025,False,879,879,,201
1775114141.293778,read,k1,3.3249855041503906,False,891,879,10.415077209472656,200
1775114141.294154,read,k3,3.33404541015625,False,924,914,15.190601348876953,200
1775114141.298102,read,k3,2.513885498046875,False,924,914,19.13595199584961,200
1775114141.3022568,read,k2,1.8329620361328125,False,847,843,341.2771224975586,200
1775114141.312313,read,k1,2.567291259765625,False,892,879,28.959035873413086,200
1775114141.32546,read,k1,3.0438899993896484,False,892,879,42.10805892944336,200
1775114141.327557,write,k5,1225.6250381469727,False,865,865,,201
1775114141.330119,read,k1,2.3322105407714844,False,892,879,46.769142150878906,200
1775114141.365725,write,k1,1217.952013015747,False,880,880,,201
1775114141.367636,write,k3,1216.2628173828125,False,916,916,,201
1775114141.3681228,write,k3,1218.2841300964355,False,915,915,,201
1775114141.3684711,write,k5,1219.0678119659424,False,866,866,,201
1775114141.375202,write,k1,1220.8850383758545,False,881,881,,201
1775114141.375712,write,k4,1215.620994567871,False,879,879,,201
1775114141.379693,read,k4,6.036996841430664,False,884,879,3.9768218994140625,200
1775114141.388191,read,k4,8.205890655517578,False,884,879,12.475013732910156,200
1775114141.390398,write,k3,1221.8780517578125,False,917,917,,201
1775114141.391005,write,k1,1218.7740802764893,False,882,882,,201
1775114141.391225,read,k2,9.850025177001953,False,848,843,430.24611473083496,200
1775114141.3917131,write,k3,1217.1950340270996,False,918,918,,201
1775114141.3925178,read,k3,5.733251571655273,False,925,918,0.8041858673095703,200
1775114141.394505,read,k1,1.116037368774414,False,893,882,3.4999847412109375,200
1775114141.395226,read,k3,1.1990070343017578,False,925,918,3.512144088745117,200
1775114141.395597,read,k5,0.9129047393798828,False,881,866,27.125120162963867,200
1775114141.397084,read,k3,1.0459423065185547,False,925,918,5.370140075683594,200
1775114141.400617,read,k4,1.7671585083007812,False,885,879,24.90377426147461,200
1775114141.402176,read,k3,0.9489059448242188,False,925,918,10.462045669555664,200
1775114141.404171,read,k4,0.9968280792236328,False,885,879,28.458833694458008,200
1775114141.482784,write,k5,1214.0960693359375,False,867,867,,201
1775114141.533602,write,k1,1246.9258308410645,False,883,883,,201
1775114141.597439,write,k3,1216.493844985962,False,919,919,,201
1775114141.670828,write,k5,1223.6862182617188,False,868,868,,201
1775114141.671535,write,k4,1215.3348922729492,False,880,880,,201
1775114141.6719391,write,k3,1222.2628593444824,False,920,920,,201
1775114141.67233,write,k5,1225.0862121582031,False,869,869,,201
1775114141.676878,read,k5,2.986907958984375,False,885,869,4.544973373413086,200
1775114141.6841989,write,k2,1218.904972076416,False,845,845,,201
1775114141.684607,write,k3,1221.451997756958,False,921,921,,201
1775114141.6849148,write,k2,1222.203016281128,False,844,844,,201
1775114141.694994,read,k2,2.8221607208251953,False,851,845,10.076045989990234,200
1775114141.6967082,read,k1,2.6192665100097656,False,896,883,163.10691833496094,200
1775114141.702862,read,k3,2.028942108154297,False,927,921,18.253087997436523,200
1775114141.705056,read,k3,1.6870498657226562,False,927,921,20.447969436645508,200
1775114141.709878,read,k4,2.044200897216797,False,886,880,38.342952728271484,200
1775114141.716217,read,k4,3.3791065216064453,False,886,880,44.682979583740234,200
1775114141.716537,read,k1,3.0319690704345703,False,896,883,182.9369068145752,200
1775114141.726294,read,k3,3.0410289764404297,False,927,921,41.68510437011719,200
1775114141.8677278,write,k1,1217.0932292938232,False,884,884,,201
1775114141.868225,write,k5,1219.569206237793,False,870,870,,201
1775114141.87167,read,k1,2.5370121002197266,False,896,884,3.941059112548828,200
1775114141.877242,read,k1,2.8090476989746094,False,896,884,9.512901306152344,200
1775114141.877596,read,k4,2.485990524291992,False,886,880,206.06207847595215,200
1775114141.88303,read,k3,1.466989517211914,False,927,921,198.42195510864258,200
1775114141.886258,read,k2,1.405954360961914,False,851,845,201.34210586547852,200
1775114141.892352,write,k5,1219.557762145996,False,871,871,,201
1775114141.892716,write,k1,1229.1438579559326,False,885,885,,201
1775114141.893054,read,k3,3.2901763916015625,False,927,921,208.44602584838867,200
1775114141.894476,read,k1,3.962993621826172,False,896,885,1.7590522766113281,200
1775114141.902308,read,k3,3.6401748657226562,False,928,921,217.6980972290039,200
1775114141.906368,read,k2,1.9710063934326172,False,851,845,221.4510440826416,200
1775114141.9391239,write,k1,1248.5649585723877,False,886,886,,201
1775114141.9398348,write,k5,1241.3129806518555,False,872,872,,201
1775114141.957293,read,k2,5.977869033813477,False,851,845,272.37391471862793,200
1775114141.971174,read,k1,2.836942672729492,False,899,886,32.048940658569336,200
1775114141.9752781,read,k4,2.5987625122070312,False,886,880,303.7400245666504,200
1775114141.9864378,write,k5,1214.5888805389404,False,873,873,,201
1775114141.987139,write,k1,1219.7401523590088,False,887,887,,201
1775114141.9991639,read,k3,3.293275833129883,False,929,921,314.55206871032715,200
1775114142.006609,read,k2,2.742767333984375,False,851,845,321.6891288757324,200
1775114142.0396318,write,k4,1250.7007122039795,False,881,881,,201
1775114142.0402539,write,k5,1234.0919971466064,False,874,874,,201
1775114142.045328,read,k4,2.374887466430664,False,887,881,5.697011947631836,200
1775114142.05262,read,k1,1.7750263214111328,False,900,887,65.48094749450684,200
1775114142.095894,write,k5,1232.2280406951904,False,875,875,,201
1775114142.105909,read,k5,3.753185272216797,False,889,875,10.013341903686523,200
1775114142.14832,write,k2,1218.9300060272217,False,846,846,,201
1775114142.155036,read,k2,2.279043197631836,False,851,846,6.714105606079102,200
1775114142.164887,write,k1,1219.9828624725342,False,888,888,,201
1775114142.166036,write,k5,1232.679843902588,False,876,876,,201
1775114142.168393,read,k5,3.2927989959716797,False,889,876,2.3543834686279297,200
1775114142.170084,read,k1,2.6459693908691406,False,900,888,5.197048187255859,200
1775114142.1754591,read,k1,2.213716506958008,False,900,888,10.572195053100586,200
1775114142.176084,write,k1,1212.8188610076904,False,889,889,,201
1775114142.178734,read,k4,1.7249584197998047,False,888,881,139.10508155822754,200
1775114142.1790452,read,k2,2.4290084838867188,False,851,846,30.726194381713867,200
1775114142.1807091,read,k5,1.5099048614501953,False,889,876,14.673233032226562,200
1775114142.184549,read,k4,2.3338794708251953,False,888,881,144.91915702819824,200
1775114142.184971,read,k5,2.3212432861328125,False,889,876,18.934011459350586,200
1775114142.188322,read,k1,1.8720626831054688,False,900,889,12.23897933959961,200
1775114142.1929212,read,k1,3.047943115234375,False,900,889,16.83497428894043,200
1775114142.1937542,read,k3,2.9397010803222656,False,931,921,509.14621353149414,200
1775114142.196793,write,k2,1223.2191562652588,False,847,847,,201
1775114142.197354,write,k3,1219.0608978271484,False,922,922,,201
1775114142.197879,write,k1,1227.6649475097656,False,890,890,,201
1775114142.198323,read,k4,3.8747787475585938,False,888,881,158.6933135986328,200
1775114142.204383,read,k5,4.581928253173828,False,890,876,38.34700584411621,200
1775114142.206221,read,k1,5.108118057250977,False,901,890,8.341073989868164,200
1775114142.207577,write,k4,1214.5607471466064,False,882,882,,201
1775114142.2079659,write,k5,1225.0590324401855,False,877,877,,201
1775114142.211905,read,k1,1.7731189727783203,False,902,890,14.024972915649414,200
1775114142.212359,read,k5,1.5952587127685547,False,890,877,4.393100738525391,200
1775114142.26449,write,k5,1231.5850257873535,False,879,879,,201
1775114142.26508,write,k5,1235.0289821624756,False,878,878,,201
1775114142.2706308,read,k1,3.8399696350097656,False,903,890,72.74699211120605,200
1775114142.278882,read,k3,3.120899200439453,False,934,922,81.52389526367188,200
1775114142.290957,read,k4,5.115032196044922,False,890,882,83.37783813476562,200
1775114142.2973208,read,k1,2.5479793548583984,False,903,890,99.43819046020508,200
1775114142.4026198,write,k5,1215.4550552368164,False,880,880,,201
1775114142.408087,read,k4,3.9527416229248047,False,890,882,200.50668716430664,200
1775114142.411836,read,k4,2.1996498107910156,False,890,882,204.25796508789062,200
1775114142.418,read,k5,2.2051334381103516,False,891,880,15.379905700683594,200
1775114142.4196868,write,k3,1219.6860313415527,False,923,923,,201
1775114142.4836211,write,k1,1222.7840423583984,False,891,891,,201
1775114142.501051,read,k5,7.653951644897461,False,891,880,98.42991828918457,200
1775114142.5059788,write,k3,1218.6334133148193,False,924,924,,201
1775114142.5064902,write,k4,1218.3189392089844,False,883,883,,201
1775114142.507673,write,k4,1219.0141677856445,False,884,884,,201
1775114142.520045,read,k2,3.504037857055664,False,852,847,323.25100898742676,200
1775114142.520376,read,k4,2.374887466430664,False,891,884,12.701988220214844,200
1775114142.5223308,write,k1,1216.0699367523193,False,892,892,,201
1775114142.532032,read,k1,2.0427703857421875,False,904,892,9.698867797851562,200
1775114142.5323,read,k4,1.4939308166503906,False,891,884,24.626970291137695,200
1775114142.566508,write,k3,1233.043909072876,False,925,925,,201
1775114142.5668328,write,k2,1233.8550090789795,False,848,848,,201
1775114142.576365,read,k3,1.119852066040039,False,935,925,9.855985641479492,200
1775114142.58818,read,k3,1.2390613555908203,False,935,925,21.670103073120117,200
1775114142.597242,read,k5,1.4650821685791016,False,892,880,194.6239471435547,200
1775114142.600397,write,k4,1219.3918228149414,False,885,885,,201
1775114142.601534,read,k4,0.8082389831542969,False,892,885,1.1358261108398438,200
1775114142.605624,write,k5,1223.93798828125,False,881,881,,201
1775114142.605901,write,k1,1219.6331024169922,False,893,893,,201
1775114142.610197,write,k1,1211.7869853973389,False,894,894,,201
1775114142.6109178,read,k5,2.4640560150146484,False,893,881,5.294084548950195,200
1775114142.614489,write,k3,1212.7149105072021,False,926,926,,201
1775114142.614733,write,k4,1210.1619243621826,False,886,886,,201
1775114142.61494,write,k5,1212.5928401947021,False,882,882,,201
1775114142.6300852,write,k5,1221.3211059570312,False,883,883,,201
1775114142.630429,write,k1,1218.717336654663,False,895,895,,201
1775114142.6368608,read,k4,1.332998275756836,False,893,886,22.125959396362305,200
1775114142.711089,write,k1,1217.1111106872559,False,896,896,,201
1775114142.759638,write,k2,1218.5966968536377,False,849,849,,201
1775114142.765449,read,k3,1.9619464874267578,False,936,926,150.9571075439453,200
1775114142.7768068,read,k3,2.7008056640625,False,936,926,162.31727600097656,200
1775114142.825716,write,k5,1220.4830646514893,False,884,884,,201
1775114142.842258,read,k1,6.509065628051758,False,907,896,131.16693496704102,200
1775114142.8498619,read,k1,2.613067626953125,False,907,896,138.77296447753906,200
1775114142.892391,write,k5,1219.1789150238037,False,885,885,,201
1775114142.900413,write,k5,1221.1120128631592,False,886,886,,201
1775114142.901057,read,k3,4.020929336547852,False,936,926,286.56506538391113,200
1775114142.901432,write,k2,1222.6078510284424,False,850,850,,201
1775114142.903998,write,k2,1215.3511047363281,False,851,851,,201
1775114142.904455,write,k3,1217.6411151885986,False,927,927,,201
1775114142.9107041,read,k1,2.3949146270751953,False,908,896,199.6150016784668,200
1775114142.93547,write,k5,1214.0259742736816,False,887,887,,201
1775114142.952684,write,k5,1218.8458442687988,False,888,888,,201
1775114143.1162162,write,k1,1214.7691249847412,False,898,898,,201
1775114143.116769,write,k1,1218.5101509094238,False,897,897,,201
1775114143.1171021,write,k3,1219.4089889526367,False,928,928,,201
1775114143.1260722,write,k1,1214.5118713378906,False,899,899,,201
1775114143.1283011,read,k5,4.46009635925293,False,898,888,175.61888694763184,200
1775114143.129051,read,k1,3.947019577026367,False,909,899,2.9821395874023438,200
1775114143.1361332,read,k1,3.030061721801758,False,909,899,10.062217712402344,200
1775114143.1369338,read,k4,2.9959678649902344,False,895,886,522.2010612487793,200
1775114143.1544309,read,k2,7.899045944213867,False,859,851,250.43034553527832,200
1775114143.170402,write,k3,1218.1401252746582,False,929,929,,201
1775114143.207565,write,k1,1218.601942062378,False,900,900,,201
1775114143.208402,write,k4,1224.992036819458,False,887,887,,201
1775114143.222743,write,k5,1214.2469882965088,False,889,889,,201
1775114143.223234,read,k5,2.1588802337646484,False,899,889,0.492095947265625,200
1775114143.229641,read,k2,0.8509159088134766,False,859,851,325.64401626586914,200
1775114143.233073,read,k4,0.7412433624267578,False,896,887,24.673938751220703,200
1775114143.2397811,read,k1,0.946044921875,False,910,900,32.22012519836426,200
1775114143.264429,write,k3,1216.7799472808838,False,930,930,,201
1775114143.277353,write,k3,1216.3481712341309,False,931,931,,201
1775114143.324148,write,k4,1213.912010192871,False,888,888,,201
1775114143.4279811,write,k1,1221.1661338806152,False,902,902,,201
1775114143.42873,write,k5,1237.325668334961,False,890,890,,201
1775114143.429163,write,k4,1227.067232131958,False,889,889,,201
1775114143.4295418,write,k1,1216.2401676177979,False,903,903,,201
1775114143.429899,write,k2,1229.6087741851807,False,852,852,,201
1775114143.430322,write,k1,1236.4869117736816,False,901,901,,201
1775114143.430763,write,k3,1218.285083770752,False,932,932,,201
1775114143.432296,write,k3,1212.9390239715576,False,933,933,,201
1775114143.4326248,write,k4,1214.9949073791504,False,890,890,,201
1775114143.437653,read,k3,4.436016082763672,False,942,933,5.355119705200195,200
1775114143.439452,read,k5,4.7321319580078125,False,900,890,10.720968246459961,200
1775114143.450939,read,k2,2.123117446899414,False,863,852,21.036863327026367,200
1775114143.48471,write,k3,1217.115879058838,False,934,934,,201
1775114143.4911842,read,k1,3.287076950073242,False,910,903,60.855865478515625,200
1775114143.526293,write,k5,1221.7228412628174,False,891,891,,201
1775114143.5327969,read,k5,2.2687911987304688,False,902,891,6.505012512207031,200
1775114143.642006,write,k1,1215.61598777771,False,904,904,,201
1775114143.643237,write,k3,1217.8659439086914,False,935,935,,201
1775114143.74494,write,k2,1218.1899547576904,False,854,854,,201
1775114143.749266,write,k4,1242.6199913024902,False,891,891,,201
1775114143.7496939,write,k2,1232.0880889892578,False,853,853,,201
1775114143.765625,read,k1,8.014202117919922,False,911,904,123.62098693847656,200
1775114143.766093,write,k5,1226.3009548187256,False,892,892,,201
1775114143.7665548,read,k4,6.548166275024414,False,901,891,17.290115356445312,200
1775114143.7668512,write,k4,1226.4618873596191,False,892,892,,201
1775114143.774167,read,k3,1.1830329895019531,False,945,935,130.93090057373047,200
1775114143.7772968,read,k4,1.3027191162109375,False,901,892,10.445117950439453,200
1775114143.777508,read,k1,1.1382102966308594,False,911,904,135.50615310668945,200
1775114143.778749,read,k4,0.8690357208251953,False,901,892,11.897802352905273,200
1775114143.7789671,write,k2,1209.6161842346191,False,855,855,,201
1775114143.782082,read,k2,1.1162757873535156,False,864,855,3.1130313873291016,200
1775114143.792057,read,k2,7.361888885498047,False,864,855,13.087034225463867,200
1775114143.842251,write,k5,1234.3320846557617,False,893,893,,201
1775114143.8424478,write,k2,1222.7787971496582,False,856,856,,201
1775114143.842638,write,k4,1228.8818359375,False,893,893,,201
1775114143.8428469,write,k5,1225.2259254455566,False,894,894,,201
1775114143.8430002,write,k1,1222.9318618774414,False,906,906,,201
1775114143.8432178,write,k1,1233.699083328247,False,905,905,,201
1775114143.8433979,write,k2,1215.8730030059814,False,857,857,,201
1775114143.843531,write,k3,1221.2059497833252,False,936,936,,201
1775114143.84497,read,k3,0.8568763732910156,False,946,936,1.4369487762451172,200
1775114143.8504388,write,k5,1210.8430862426758,False,895,895,,201
1775114143.850641,read,k3,1.9309520721435547,False,947,936,7.109165191650391,200
1775114143.850776,read,k4,1.9006729125976562,False,901,893,8.138895034790039,200
1775114143.854559,read,k4,1.6961097717285156,False,902,893,11.921882629394531,200
1775114143.854696,read,k4,1.6431808471679688,False,902,893,12.058734893798828,200
1775114143.85671,read,k2,0.7028579711914062,False,866,857,13.310909271240234,200
1775114143.859343,read,k5,0.7159709930419922,False,905,895,8.903264999389648,200
1775114143.859477,write,k1,1212.3689651489258,False,907,907,,201
1775114143.8708322,read,k4,0.8082389831542969,False,902,893,28.193950653076172,200
1775114143.8766248,read,k3,0.8220672607421875,False,948,936,33.093929290771484,200
1775114143.946101,write,k4,1224.203109741211,False,894,894,,201
1775114143.9556952,read,k1,2.3260116577148438,False,914,907,96.21405601501465,200
1775114144.001617,write,k2,1220.9899425506592,False,858,858,,201
1775114144.0797849,write,k1,1219.1922664642334,False,908,908,,201
1775114144.093984,read,k2,2.8409957885742188,False,869,858,92.36693382263184,200
1775114144.1025019,read,k1,3.4949779510498047,False,914,908,22.716045379638672,200
1775114144.1068878,read,k5,2.7930736541748047,False,905,895,256.44516944885254,200
1775114144.121583,read,k2,3.312826156616211,False,869,858,119.96817588806152,200
1775114144.129339,read,k3,0.7500648498535156,False,950,936,285.8080863952637,200
1775114144.144211,write,k2,1231.3101291656494,False,859,859,,201
1775114144.144395,write,k5,1233.572006225586,False,898,898,,201
1775114144.144535,write,k5,1233.0102920532227,False,897,897,,201
1775114144.1446872,write,k3,1229.2218208312988,False,937,937,,201
1775114144.144829,write,k5,1239.198923110962,False,896,896,,201
1775114144.1477592,read,k4,1.0390281677246094,False,902,894,201.6620635986328,200
1775114144.149461,read,k1,0.7519721984863281,False,914,908,69.67782974243164,200
1775114144.1538718,read,k4,1.4290809631347656,False,902,894,207.77416229248047,200
1775114144.159018,write,k1,1214.9200439453125,False,909,909,,201
1775114144.160063,read,k5,1.7099380493164062,False,907,898,15.232086181640625,200
1775114144.171958,write,k4,1215.5649662017822,False,895,895,,201
1775114144.186458,read,k2,2.721071243286133,False,872,859,42.24205017089844,200
1775114144.348934,write,k3,1224.1618633270264,False,938,938,,201
1775114144.3847198,write,k5,1251.1069774627686,False,899,899,,201
1775114144.385143,write,k4,1225.4931926727295,False,896,896,,201
1775114144.385476,write,k1,1239.6612167358398,False,910,910,,201
1775114144.387582,read,k3,1.6379356384277344,False,951,938,38.64908218383789,200
1775114144.388573,read,k5,1.5480518341064453,False,908,899,3.854036331176758,200
1775114144.39018,read,k3,1.3148784637451172,False,951,938,41.24808311462402,200
1775114144.3947809,write,k3,1215.5709266662598,False,939,939,,201
1775114144.400915,read,k3,2.089262008666992,False,951,939,6.1321258544921875,200
1775114144.403014,read,k1,1.9690990447998047,False,914,910,17.536163330078125,200
1775114144.447882,write,k5,1228.0268669128418,False,900,900,,201
1775114144.449219,write,k3,1214.31303024292,False,940,940,,201
1775114144.460035,write,k2,1214.8852348327637,False,860,860,,201
1775114144.460927,read,k3,3.555774688720703,False,953,940,11.707067489624023,200
1775114144.468126,read,k4,2.707242965698242,False,902,896,82.98110961914062,200
1775114144.4707341,read,k2,2.223968505859375,False,874,860,10.703086853027344,200
1775114144.4754329,read,k5,1.934051513671875,False,911,900,27.55284309387207,200
1775114144.479115,read,k3,2.4602413177490234,False,953,940,29.89506721496582,200
1775114144.480034,read,k2,2.585172653198242,False,874,860,20.003080368041992,200
1775114144.4908118,write,k3,1223.015308380127,False,941,941,,201
1775114144.494158,read,k4,6.736278533935547,False,902,896,109.01308059692383,200
1775114144.508157,read,k3,7.89189338684082,False,953,941,17.34304428100586,200
1775114144.550174,write,k3,1268.0997848510742,False,942,942,,201
1775114144.550716,write,k4,1223.8249778747559,False,897,897,,201
1775114144.689161,write,k2,1258.2411766052246,False,861,861,,201
1775114144.689688,write,k5,1249.7868537902832,False,901,901,,201
1775114144.689964,write,k2,1251.2707710266113,False,863,863,,201
1775114144.690201,write,k4,1258.6390972137451,False,898,898,,201
1775114144.6904268,write,k2,1256.0679912567139,False,862,862,,201
1775114144.690719,write,k4,1253.8471221923828,False,899,899,,201
1775114144.690942,write,k3,1255.167007446289,False,944,944,,201
1775114144.6911922,write,k5,1235.4040145874023,False,902,902,,201
1775114144.691454,write,k3,1257.875919342041,False,943,943,,201
1775114144.696267,read,k5,2.4328231811523438,False,912,902,5.070924758911133,200
1775114144.698197,read,k2,1.1260509490966797,False,875,863,7.768869400024414,200
1775114144.747243,write,k4,1250.2570152282715,False,900,900,,201
1775114144.754121,write,k1,1214.418888092041,False,911,911,,201
1775114144.762165,read,k4,2.3279190063476562,False,903,900,14.921903610229492,200
1775114144.777087,read,k5,8.579015731811523,False,912,902,85.89005470275879,200
1775114144.783267,read,k4,1.7538070678710938,False,903,900,36.02480888366699,200
1775114144.887993,write,k3,1236.0892295837402,False,945,945,,201
1775114144.888661,write,k4,1241.806983947754,False,901,901,,201
1775114144.89402,read,k4,2.5222301483154297,False,903,901,5.357027053833008,200
1775114144.8986099,read,k4,2.4666786193847656,False,903,901,9.948253631591797,200
1775114144.906653,read,k4,2.9380321502685547,False,903,901,17.9901123046875,200
1775114144.919712,read,k4,2.5458335876464844,False,903,901,31.049251556396484,200
1775114144.991798,write,k5,1220.1430797576904,False,903,903,,201
1775114144.992341,write,k2,1239.6538257598877,False,864,864,,201
1775114145.001863,read,k4,4.096031188964844,False,903,901,113.20114135742188,200
1775114145.008,write,k2,1215.8262729644775,False,865,865,,201
1775114145.008524,write,k1,1225.0781059265137,False,912,912,,201
1775114145.008928,write,k1,1218.1479930877686,False,913,913,,201
1775114145.010698,read,k1,4.07719612121582,False,919,913,1.7671585083007812,200
1775114145.0146291,read,k1,2.6748180389404297,False,919,913,5.700111389160156,200
1775114145.053975,write,k3,1256.408929824829,False,946,946,,201
1775114145.0584588,write,k3,1214.5931720733643,False,947,947,,201
1775114145.068089,read,k4,2.2089481353759766,False,907,901,179.4261932373047,200
1775114145.0794702,write,k5,1225.5139350891113,False,904,904,,201
1775114145.080043,write,k2,1222.2788333892822,False,867,867,,201
1775114145.08042,write,k2,1221.6241359710693,False,868,868,,201
1775114145.0807538,write,k4,1231.0562133789062,False,902,902,,201
1775114145.081072,write,k2,1232.6781749725342,False,866,866,,201
1775114145.081373,write,k3,1233.375072479248,False,948,948,,201
1775114145.081732,write,k5,1225.5659103393555,False,905,905,,201
1775114145.082946,write,k1,1213.1710052490234,False,914,914,,201
1775114145.085522,read,k5,2.3300647735595703,False,913,905,3.789186477661133,200
1775114145.086147,read,k4,2.4051666259765625,False,907,902,5.39088249206543,200
1775114145.090417,write,k2,1209.6037864685059,False,869,869,,201
1775114145.094183,read,k3,2.8982162475585938,False,960,948,12.80832290649414,200
1775114145.0945148,read,k1,2.033233642578125,False,921,914,11.569976806640625,200
1775114145.1019251,read,k5,4.728078842163086,False,914,905,20.19214630126953,200
1775114145.102247,read,k4,5.382061004638672,False,909,902,21.49200439453125,200
1775114145.102556,read,k1,1.8811225891113281,False,921,914,19.610166549682617,200
1775114145.108674,read,k1,2.421140670776367,False,921,914,25.72798728942871,200
1775114145.189749,write,k3,1224.2391109466553,False,949,949,,201
1775114145.246806,write,k3,1231.4488887786865,False,950,950,,201
1775114145.251404,read,k2,2.938985824584961,False,881,869,160.98380088806152,200
1775114145.351458,write,k5,1220.4790115356445,False,906,906,,201
1775114145.356294,read,k4,1.4431476593017578,False,912,902,275.5389213562012,200
1775114145.363304,write,k5,1216.1519527435303,False,907,907,,201
1775114145.363443,write,k2,1215.399980545044,False,870,870,,201
1775114145.38153,write,k2,1223.7210273742676,False,871,871,,201
1775114145.381665,write,k3,1218.8129425048828,False,951,951,,201
1775114145.381763,write,k2,1216.515064239502,False,872,872,,201
1775114145.381849,write,k5,1219.9339866638184,False,908,908,,201
1775114145.39095,read,k1,1.5311241149902344,False,922,914,308.00509452819824,200
1775114145.413682,write,k2,1223.8149642944336,False,873,873,,201
1775114145.585166,write,k2,1230.314016342163,False,874,874,,201
1775114145.5979571,read,k5,1.756906509399414,False,916,908,216.10498428344727,200
1775114145.614926,write,k5,1217.2019481658936,False,910,910,,201
1775114145.6152031,write,k5,1224.8730659484863,False,909,909,,201
1775114145.626118,read,k3,7.6751708984375,False,963,951,244.45009231567383,200
1775114145.630809,write,k5,1220.2110290527344,False,911,911,,201
1775114145.631288,write,k3,1222.4888801574707,False,952,952,,201
1775114145.694679,write,k3,1242.7339553833008,False,953,953,,201
1775114145.7326488,write,k1,1245.913028717041,False,915,915,,201
1775114145.733354,write,k5,1232.205867767334,False,912,912,,201
1775114145.741591,read,k4,2.165079116821289,False,914,902,660.8326435089111,200
1775114145.7479548,read,k1,2.0949840545654297,False,925,915,15.306949615478516,200
1775114145.752065,read,k2,1.6329288482666016,False,884,874,166.89682006835938,200
1775114145.762681,read,k3,2.4178028106689453,False,965,953,68.00198554992676,200
1775114145.7659578,write,k2,1249.3560314178467,False,875,875,,201
1775114145.773563,write,k4,1215.0659561157227,False,903,903,,201
1775114145.7741692,read,k4,5.423069000244141,False,915,903,0.6048679351806641,200
1775114145.7745962,write,k3,1214.5118713378906,False,954,954,,201
1775114145.782534,read,k2,3.6759376525878906,False,885,875,16.57390594482422,200
1775114145.7863932,read,k5,3.5490989685058594,False,916,912,53.03692817687988,200
1775114145.790793,read,k4,2.5267601013183594,False,915,903,17.230749130249023,200
1775114145.7912629,read,k5,3.426074981689453,False,916,912,57.908058166503906,200
1775114145.796629,read,k2,2.3009777069091797,False,885,875,30.6699275970459,200
1775114145.799922,read,k1,2.3708343505859375,False,925,915,67.27290153503418,200
1775114145.805665,read,k1,1.895904541015625,False,925,915,73.01473617553711,200
1775114145.823636,read,k3,9.929895401000977,False,967,954,49.03602600097656,200
1775114145.827512,read,k4,2.285003662109375,False,915,903,53.94887924194336,200
1775114145.9237819,write,k2,1225.1389026641846,False,877,877,,201
1775114145.9242969,write,k1,1229.3941974639893,False,917,917,,201
1775114145.924737,write,k2,1226.4511585235596,False,876,876,,201
1775114145.9251719,write,k3,1231.0657501220703,False,955,955,,201
1775114145.925498,write,k1,1225.7719039916992,False,918,918,,201
1775114145.9259038,write,k1,1232.7871322631836,False,916,916,,201
1775114145.92617,write,k3,1226.0942459106445,False,957,957,,201
1775114145.926448,write,k3,1220.4432487487793,False,958,958,,201
1775114145.926692,write,k3,1230.3221225738525,False,956,956,,201
1775114145.940566,read,k4,8.858919143676758,False,915,903,167.00172424316406,200
1775114145.941111,read,k2,9.686946868896484,False,885,877,16.371965408325195,200
1775114145.941453,read,k5,4.93168830871582,False,916,912,208.0979347229004,200
1775114145.9417129,read,k1,13.081073760986328,False,925,918,15.80810546875,200
1775114145.941935,read,k5,12.677192687988281,False,916,912,208.58120918273926,200
1775114145.9433742,read,k3,11.44719123840332,False,969,958,16.680002212524414,200
1775114145.9455092,read,k4,2.007007598876953,False,916,903,171.94700241088867,200
1775114145.945766,read,k4,1.5401840209960938,False,916,903,172.20497131347656,200
1775114145.947069,read,k2,1.2290477752685547,False,886,877,22.330045700073242,200
1775114145.951162,read,k5,2.279996871948242,False,916,912,217.8051471710205,200
1775114145.959253,read,k4,3.286123275756836,False,916,903,185.68873405456543,200
1775114145.9596539,read,k3,2.0799636840820312,False,971,958,32.959938049316406,200
1775114145.9599402,read,k5,3.1790733337402344,False,916,912,226.58610343933105,200
1775114145.971605,read,k1,1.8267631530761719,False,925,918,45.69673538208008,200
1775114145.9803689,write,k3,1223.5050201416016,False,959,959,,201
1775114145.989146,read,k5,2.4499893188476562,False,918,912,255.78808784484863,200
1775114146.0066938,write,k2,1219.6102142333984,False,878,878,,201
1775114146.0161421,read,k2,2.8259754180908203,False,888,878,9.447813034057617,200
1775114146.132307,write,k1,1224.6432304382324,False,919,919,,201
1775114146.1397278,write,k2,1211.838960647583,False,879,879,,201
1775114146.140531,read,k5,3.6971569061279297,False,920,912,407.17506408691406,200
1775114146.151532,read,k4,2.649068832397461,False,916,903,377.96783447265625,200
1775114146.2279098,write,k4,1227.2660732269287,False,904,904,,201
1775114146.237416,write,k5,1223.8240242004395,False,913,913,,201
1775114146.237855,read,k4,3.340005874633789,False,917,904,9.945869445800781,200
1775114146.238265,write,k3,1225.8169651031494,False,960,960,,201
1775114146.238723,write,k4,1218.660831451416,False,906,906,,201
1775114146.253393,write,k4,1233.8299751281738,False,905,905,,201
1775114146.2553558,read,k4,7.606983184814453,False,917,906,1.962900161743164,200
1775114146.282974,write,k4,1220.6850051879883,False,907,907,,201
1775114146.321912,write,k4,1232.8400611877441,False,908,908,,201
1775114146.3224618,write,k1,1237.8590106964111,False,921,921,,201
1775114146.322874,write,k4,1231.9691181182861,False,909,909,,201
1775114146.323154,write,k1,1250.485897064209,False,920,920,,201
1775114146.323433,write,k2,1233.7028980255127,False,881,881,,201
1775114146.3236868,write,k2,1235.060214996338,False,880,880,,201
1775114146.323942,write,k5,1236.3429069519043,False,914,914,,201
1775114146.329195,read,k3,3.1599998474121094,False,972,960,90.92593193054199,200
1775114146.330566,read,k1,3.859996795654297,False,928,921,7.409334182739258,200
1775114146.3312662,read,k3,3.570079803466797,False,972,960,92.99993515014648,200
1775114146.332403,read,k4,2.847909927368164,False,917,909,9.527921676635742,200
1775114146.332717,write,k4,1226.1109352111816,False,910,910,,201
1775114146.33297,write,k3,1220.3359603881836,False,961,961,,201
1775114146.333201,write,k4,1221.709966659546,False,911,911,,201
1775114146.334244,read,k5,2.4869441986083984,False,921,914,10.2996826171875,200
1775114146.3348029,read,k3,1.538991928100586,False,974,961,1.8329620361328125,200
1775114146.336229,read,k3,0.926971435546875,False,975,961,3.2591819763183594,200
1775114146.345672,read,k2,4.684925079345703,False,890,881,21.98195457458496,200
1775114146.34721,read,k3,2.626657485961914,False,977,961,14.238834381103516,200
1775114146.3607922,read,k5,5.051136016845703,False,922,914,36.844730377197266,200
1775114146.371134,read,k5,3.4580230712890625,False,922,914,47.186851501464844,200
1775114146.380836,read,k2,3.7140846252441406,False,893,881,57.144880294799805,200
1775114146.4377978,write,k4,1238.1501197814941,False,912,912,,201
1775114146.456595,read,k5,8.080005645751953,False,922,914,132.64894485473633,200
1775114146.48002,write,k1,1219.5398807525635,False,922,922,,201
1775114146.582431,write,k4,1220.993995666504,False,913,913,,201
1775114146.5894551,write,k5,1221.081018447876,False,915,915,,201
1775114146.589963,write,k4,1223.8469123840332,False,914,914,,201
1775114146.631218,write,k3,1239.2449378967285,False,963,963,,201
1775114146.632065,write,k2,1233.8860034942627,False,882,882,,201
1775114146.632694,write,k3,1248.3060359954834,False,962,962,,201
1775114146.633257,write,k5,1243.2377338409424,False,916,916,,201
1775114146.634665,write,k2,1217.677116394043,False,883,883,,201
1775114146.63789,read,k4,2.660989761352539,False,919,914,47.927141189575195,200
1775114146.641355,read,k2,2.727031707763672,False,894,883,6.6890716552734375,200
1775114146.8352299,write,k1,1233.8969707489014,False,923,923,,201
1775114146.8457758,write,k3,1226.9840240478516,False,964,964,,201
1775114146.848799,read,k2,2.8090476989746094,False,894,883,214.12920951843262,200
1775114146.8494878,read,k5,1.9831657409667969,False,926,916,216.2320613861084,200
1775114146.8602638,read,k5,2.7468204498291016,False,926,916,227.0050048828125,200
1775114146.8632388,write,k1,1229.6638488769531,False,924,924,,201
1775114146.865242,write,k2,1229.093074798584,False,884,884,,201
1775114146.865803,write,k3,1229.1550636291504,False,965,965,,201
1775114146.874201,read,k2,3.615140914916992,False,894,884,8.948802947998047,200
1775114146.8746188,read,k3,4.782676696777344,False,978,965,8.808135986328125,200
1775114146.877731,read,k4,2.154827117919922,False,920,914,287.7681255340576,200
1775114146.883136,read,k4,2.312898635864258,False,920,914,293.1711673736572,200
1775114146.8957272,read,k3,2.771139144897461,False,978,965,29.919147491455078,200
1775114146.941706,write,k1,1235.8322143554688,False,925,925,,201
1775114146.95371,read,k5,2.8982162475585938,False,928,916,320.4507827758789,200
1775114146.9608278,read,k2,2.3720264434814453,False,895,884,95.58391571044922,200
1775114146.966561,write,k4,1224.8070240020752,False,915,915,,201
1775114146.966938,read,k3,2.134084701538086,False,978,965,101.13310813903809,200
1775114146.9933271,write,k3,1222.905158996582,False,966,966,,201
1775114147.002859,write,k2,1225.1121997833252,False,885,885,,201
1775114147.044812,write,k3,1238.62624168396,False,967,967,,201
1775114147.066693,write,k3,1231.3189506530762,False,968,968,,201
1775114147.0776892,read,k4,3.3559799194335938,False,922,915,111.12427711486816,200
1775114147.169418,write,k2,1234.5373630523682,False,886,886,,201
1775114147.170075,write,k3,1239.7351264953613,False,969,969,,201
1775114147.170594,write,k3,1220.3288078308105,False,971,971,,201
1775114147.171051,write,k4,1229.027271270752,False,916,916,,201
1775114147.1717918,write,k3,1240.9889698028564,False,970,970,,201
1775114147.1722722,write,k2,1224.8871326446533,False,887,887,,201
1775114147.174792,read,k3,2.3908615112304688,False,979,971,2.998828887939453,200
1775114147.180694,read,k5,2.3670196533203125,False,929,916,547.4367141723633,200
1775114147.191597,write,k2,1223.7749099731445,False,888,888,,201
1775114147.192132,write,k5,1225.1341342926025,False,917,917,,201
1775114147.193969,write,k5,1216.4180278778076,False,918,918,,201
1775114147.199281,read,k2,2.3229122161865234,False,897,888,7.683038711547852,200
1775114147.20669,write,k5,1215.4290676116943,False,919,919,,201
1775114147.2082372,read,k5,6.123065948486328,False,932,919,1.5506744384765625,200
1775114147.24925,write,k5,1228.865146636963,False,920,920,,201
1775114147.374414,write,k4,1216.16792678833,False,917,917,,201
1775114147.375416,write,k1,1230.6499481201172,False,926,926,,201
1775114147.385946,read,k5,3.175020217895508,False,934,920,136.69824600219727,200
1775114147.388385,read,k5,2.274036407470703,False,934,920,139.13917541503906,200
1775114147.3974478,read,k5,2.3369789123535156,False,934,920,148.20122718811035,200
1775114147.403541,read,k2,1.8019676208496094,False,898,888,211.9450569152832,200
1775114147.477951,write,k2,1235.619068145752,False,889,889,,201
1775114147.478888,write,k1,1238.7399673461914,False,927,927,,201
1775114147.479367,write,k5,1221.1229801177979,False,921,921,,201
1775114147.479838,write,k3,1231.416940689087,False,972,972,,201
1775114147.485182,write,k2,1219.3479537963867,False,890,890,,201
1775114147.4878469,read,k3,4.764318466186523,False,979,972,8.006095886230469,200
1775114147.502174,write,k1,1216.4340019226074,False,928,928,,201
1775114147.5028532,read,k4,5.71894645690918,False,925,917,128.43894958496094,200
1775114147.5149372,read,k3,1.9059181213378906,False,979,972,35.0949764251709,200
1775114147.557099,write,k3,1222.7678298950195,False,975,975,,201
1775114147.557533,write,k3,1227.6151180267334,False,974,974,,201
1775114147.5578399,write,k3,1229.4962406158447,False,973,973,,201
1775114147.5747662,write,k3,1231.677770614624,False,977,977,,201
1775114147.575281,write,k3,1233.686923980713,False,976,976,,201
1775114147.575663,write,k2,1220.8678722381592,False,893,893,,201
1775114147.576045,write,k5,1234.0481281280518,False,922,922,,201
1775114147.576341,write,k2,1233.8581085205078,False,891,891,,201
1775114147.576632,write,k2,1233.8340282440186,False,892,892,,201
1775114147.593496,read,k2,16.77107810974121,False,900,893,16.861915588378906,200
1775114147.5939589,read,k2,3.3240318298339844,False,901,893,17.326831817626953,200
1775114147.597386,read,k2,0.7600784301757812,False,901,893,20.752906799316406,200
1775114147.601284,read,k5,0.6301403045654297,False,937,922,25.240182876586914,200
1775114147.608147,read,k3,0.6108283996582031,False,981,977,32.86600112915039,200
1775114147.610537,write,k3,1218.5089588165283,False,978,978,,201
1775114147.612601,read,k3,0.7631778717041016,False,981,978,2.064228057861328,200
1775114147.61675,read,k5,0.6740093231201172,False,937,922,40.70615768432617,200
1775114147.6229,read,k3,0.7538795471191406,False,981,978,12.36104965209961,200
1775114147.625762,read,k5,0.8809566497802734,False,937,922,49.71718788146973,200
1775114147.632326,read,k1,2.691030502319336,False,939,928,130.15294075012207,200
1775114147.634192,read,k4,2.9740333557128906,False,928,917,259.7770690917969,200
1775114147.6794398,write,k1,1217.6539897918701,False,929,929,,201
1775114147.710957,write,k4,1224.604845046997,False,918,918,,201
1775114147.72225,read,k5,2.579927444458008,False,939,922,146.20113372802734,200
1775114147.815009,write,k1,1220.5379009246826,False,930,930,,201
1775114147.8156302,write,k5,1222.3060131072998,False,923,923,,201
1775114147.816149,write,k2,1229.7279834747314,False,894,894,,201
1775114147.825238,read,k3,1.766204833984375,False,981,978,214.69807624816895,200
1775114147.827871,read,k4,1.447916030883789,False,929,918,116.91594123840332,200
1775114147.865621,write,k4,1232.1999073028564,False,919,919,,201
1775114147.8678458,write,k5,1230.6599617004395,False,924,924,,201
1775114147.91437,write,k1,1273.7212181091309,False,931,931,,201
1775114147.915593,write,k5,1272.4008560180664,False,926,926,,201
1775114147.9161139,write,k5,1278.1400680541992,False,925,925,,201
1775114147.927794,read,k5,7.323265075683594,False,939,926,11.677026748657227,200
1775114147.9288168,read,k4,1.9567012786865234,False,929,919,63.19737434387207,200
1775114148.123063,write,k1,1235.1179122924805,False,932,932,,201
1775114148.123554,write,k5,1243.7419891357422,False,928,928,,201
1775114148.1238348,write,k2,1222.0849990844727,False,895,895,,201
1775114148.124084,write,k5,1251.5661716461182,False,927,927,,201
1775114148.124325,write,k4,1272.080898284912,False,920,920,,201
1775114148.2243252,write,k4,1250.6103515625,False,921,921,,201
1775114148.2250502,write,k3,1227.1299362182617,False,979,979,,201
1775114148.225584,write,k2,1251.3127326965332,False,896,896,,201
1775114148.226006,write,k4,1220.17502784729,False,922,922,,201
1775114148.233679,read,k3,3.431081771850586,False,988,979,8.622884750366211,200
1775114148.23926,read,k1,1.8706321716308594,False,942,932,116.19710922241211,200
1775114148.297725,write,k1,1249.5098114013672,False,933,933,,201
1775114148.303571,read,k5,2.9418468475341797,False,940,928,179.48007583618164,200
1775114148.318793,read,k4,3.0531883239746094,False,932,922,92.77510643005371,200
1775114148.321973,write,k5,1234.8580360412598,False,929,929,,201
1775114148.327487,read,k4,2.385854721069336,False,933,922,101.48000717163086,200
1775114148.427336,write,k5,1218.1520462036133,False,933,933,,201
1775114148.4308128,write,k2,1252.9311180114746,False,897,897,,201
1775114148.4313831,write,k5,1240.830898284912,False,931,931,,201
1775114148.431807,write,k4,1257.7850818634033,False,923,923,,201
1775114148.4321852,write,k5,1232.4180603027344,False,932,932,,201
1775114148.4325361,write,k1,1258.95094871521,False,934,934,,201
1775114148.432863,write,k4,1237.1821403503418,False,924,924,,201
1775114148.433193,write,k1,1253.8490295410156,False,935,935,,201
1775114148.433541,write,k1,1222.4371433258057,False,936,936,,201
1775114148.433884,write,k5,1251.6779899597168,False,930,930,,201
1775114148.4387462,read,k4,4.091978073120117,False,933,924,5.881071090698242,200
1775114148.442841,read,k3,5.716800689697266,False,990,979,217.7889347076416,200
1775114148.44319,read,k2,6.405115127563477,False,905,897,12.376785278320312,200
1775114148.444244,read,k4,2.796173095703125,False,935,924,11.377334594726562,200
1775114148.445146,read,k3,2.9990673065185547,False,990,979,220.09587287902832,200
1775114148.530137,write,k5,1276.7527103424072,False,934,934,,201
1775114148.6319098,write,k1,1222.7623462677002,False,937,937,,201
1775114148.6323211,write,k2,1236.7002964019775,False,898,898,,201
1775114148.736583,write,k4,1255.7549476623535,False,925,925,,201
1775114148.73714,write,k2,1217.365026473999,False,900,900,,201
1775114148.737518,write,k2,1227.9679775238037,False,899,899,,201
1775114148.737849,write,k5,1249.8738765716553,False,935,935,,201
1775114148.738145,write,k1,1256.1299800872803,False,938,938,,201
1775114148.738422,write,k1,1242.9628372192383,False,939,939,,201
1775114148.747339,read,k2,5.595207214355469,False,907,900,9.818077087402344,200
1775114148.747829,read,k2,6.853818893432617,False,907,900,10.309934616088867,200
1775114148.7503219,read,k5,4.249095916748047,False,943,935,12.471914291381836,200
1775114148.750705,read,k2,5.608081817626953,False,907,900,13.186216354370117,200
1775114148.761334,read,k5,3.999948501586914,False,943,935,23.481130599975586,200
1775114148.762789,read,k2,3.917694091796875,False,907,900,25.268077850341797,200
1775114148.8464918,write,k2,1255.5992603302002,False,901,901,,201
1775114148.846965,write,k5,1281.0728549957275,False,936,936,,201
1775114148.847281,write,k3,1240.9939765930176,False,981,981,,201
1775114148.847523,write,k4,1257.5161457061768,False,928,928,,201
1775114148.847765,write,k5,1258.3601474761963,False,937,937,,201
1775114148.847979,write,k3,1282.8350067138672,False,980,980,,201
1775114148.8481889,write,k4,1280.8640003204346,False,926,926,,201
1775114148.8483908,write,k4,1260.178804397583,False,927,927,,201
1775114148.850442,read,k4,1.2049674987792969,False,936,928,2.049684524536133,200
1775114148.8522198,write,k5,1216.7820930480957,False,938,938,,201
1775114148.852629,write,k5,1213.3190631866455,False,939,939,,201
1775114148.8574631,read,k3,6.757974624633789,False,993,981,9.480953216552734,200
1775114148.859039,read,k3,5.750894546508789,False,994,981,11.05809211730957,200
1775114148.859266,read,k4,7.882118225097656,False,936,928,10.874748229980469,200
1775114148.860306,read,k4,2.2690296173095703,False,937,928,11.91401481628418,200
1775114148.860499,read,k3,2.171039581298828,False,994,981,12.519121170043945,200
1775114148.860681,read,k4,3.85284423828125,False,937,928,12.290716171264648,200
1775114148.861588,read,k2,0.6930828094482422,False,907,901,15.096902847290039,200
1775114148.862366,read,k1,0.72479248046875,False,947,939,123.94189834594727,200
1775114148.8650281,read,k3,1.2061595916748047,False,994,981,17.04716682434082,200
1775114148.868459,read,k3,2.6459693908691406,False,994,981,20.478010177612305,200
1775114148.86902,read,k3,1.7290115356445312,False,994,981,21.04020118713379,200
1775114148.86931,read,k3,3.237009048461914,False,994,981,21.33011817932129,200
1775114148.8748748,read,k4,1.3599395751953125,False,938,928,26.48186683654785,200
1775114148.8751302,read,k1,1.9998550415039062,False,950,939,136.70611381530762,200
1775114148.8790169,read,k2,1.79290771484375,False,907,901,32.52577781677246,200
1775114148.87947,read,k4,1.2691020965576172,False,938,928,31.077861785888672,200
1775114148.8838038,read,k4,1.9900798797607422,False,938,928,35.41088104248047,200
1775114148.939102,write,k2,1251.154899597168,False,902,902,,201
1775114148.9531572,write,k2,1214.7860527038574,False,903,903,,201
1775114149.045047,write,k4,1220.9956645965576,False,929,929,,201
1775114149.0454772,write,k2,1219.985008239746,False,904,904,,201
1775114149.082099,write,k1,1246.2239265441895,False,940,940,,201
1775114149.082304,read,k1,32.90891647338867,False,950,940,0.20503997802734375,200
1775114149.084842,read,k5,0.8258819580078125,False,948,939,232.21182823181152,200
1775114149.092247,read,k5,0.6949901580810547,False,948,939,239.61806297302246,200
1775114149.162661,write,k3,1223.0751514434814,False,985,985,,201
1775114149.163669,write,k3,1246.2658882141113,False,984,984,,201
1775114149.164157,write,k3,1284.8119735717773,False,982,982,,201
1775114149.1645708,write,k3,1281.602144241333,False,983,983,,201
1775114149.1648178,write,k3,1224.1828441619873,False,986,986,,201
1775114149.1752262,read,k5,4.342079162597656,False,948,939,322.59392738342285,200
1775114149.176846,read,k5,3.919839859008789,False,949,939,324.21398162841797,200
1775114149.370187,write,k3,1243.9680099487305,False,987,987,,201
1775114149.370816,write,k1,1242.7620887756348,False,941,941,,201
1775114149.371187,write,k3,1239.358901977539,False,988,988,,201
1775114149.371456,write,k4,1244.5628643035889,False,930,930,,201
1775114149.3717608,write,k1,1243.3881759643555,False,942,942,,201
1775114149.374969,read,k5,2.20489501953125,False,950,939,522.3369598388672,200
1775114149.378253,read,k5,2.234220504760742,False,950,939,525.6218910217285,200
1775114149.3871691,read,k4,5.737066268920898,False,940,930,15.70892333984375,200
1775114149.387677,read,k3,6.978034973144531,False,997,988,16.488313674926758,200
1775114149.388036,read,k3,8.350849151611328,False,997,988,16.848087310791016,200
1775114149.399446,read,k1,5.852222442626953,False,952,942,27.681827545166016,200
1775114149.399898,read,k3,6.983041763305664,False,997,988,28.710126876831055,200
1775114149.468103,write,k4,1236.9909286499023,False,932,932,,201
1775114149.468809,write,k5,1240.3600215911865,False,940,940,,201
1775114149.469121,write,k4,1239.9449348449707,False,931,931,,201
1775114149.469456,write,k3,1219.8400497436523,False,989,989,,201
1775114149.47695,read,k1,1.4140605926513672,False,952,942,105.18574714660645,200
1775114149.479989,read,k4,1.1928081512451172,False,942,932,10.864973068237305,200
1775114149.557589,write,k4,1233.0360412597656,False,933,933,,201
1775114149.569869,write,k2,1232.2359085083008,False,905,905,,201
1775114149.576898,read,k4,2.9833316802978516,False,942,933,19.30713653564453,200
1775114149.601025,read,k3,15.285968780517578,False,998,989,131.56795501708984,200
1775114149.676589,write,k4,1233.0529689788818,False,936,936,,201
1775114149.677173,write,k2,1226.0839939117432,False,906,906,,201
1775114149.677567,write,k3,1229.9020290374756,False,991,991,,201
1775114149.677952,write,k5,1241.537094116211,False,941,941,,201
1775114149.678268,write,k3,1238.7299537658691,False,990,990,,201
1775114149.678568,write,k1,1230.4420471191406,False,943,943,,201
1775114149.678855,write,k4,1242.8553104400635,False,935,935,,201
1775114149.6791449,write,k1,1228.4572124481201,False,944,944,,201
1775114149.6794372,write,k4,1245.448112487793,False,934,934,,201
1775114149.679779,write,k1,1228.0900478363037,False,945,945,,201
1775114149.688729,read,k1,7.338047027587891,False,954,945,8.941173553466797,200
1775114149.7063591,read,k1,20.81298828125,False,954,945,26.576995849609375,200
1775114149.706836,read,k1,17.056941986083984,False,954,945,27.057886123657227,200
1775114149.707087,read,k1,11.330127716064453,False,955,945,27.309179306030273,200
1775114149.777159,write,k1,1236.3290786743164,False,946,946,,201
1775114149.783114,read,k3,3.248929977416992,False,1003,991,104.84099388122559,200
1775114149.7870421,read,k1,2.412080764770508,False,955,946,9.882926940917969,200
1775114149.792703,read,k4,2.582073211669922,False,943,936,113.26313018798828,200
1775114149.804296,read,k5,6.249189376831055,False,953,941,126.3422966003418,200
1775114149.8150342,read,k4,3.325939178466797,False,943,936,135.59389114379883,200
1775114149.823791,read,k3,2.8810501098632812,False,1003,991,145.51901817321777,200
1775114149.8617978,write,k2,1228.5261154174805,False,907,907,,201
1775114149.8760698,write,k5,1236.2511157989502,False,942,942,,201
1775114149.880173,read,k2,1.6393661499023438,False,915,907,18.37468147277832,200
1775114149.892071,read,k2,2.0532608032226562,False,915,907,30.272960662841797,200
1775114149.8956218,read,k4,1.7848014831542969,False,943,936,216.18294715881348,200
1775114149.980077,write,k3,1235.579013824463,False,992,992,,201
1775114149.980509,write,k3,1225.8620262145996,False,993,993,,201
1775114149.9808362,write,k5,1234.3950271606445,False,943,943,,201
1775114149.981179,write,k1,1224.9300479888916,False,947,947,,201
1775114149.988051,read,k5,3.567934036254883,False,953,943,7.210969924926758,200
1775114149.988477,read,k5,5.048990249633789,False,953,943,7.64012336730957,200
1775114149.993929,write,k5,1230.752944946289,False,944,944,,201
1775114149.9949272,write,k5,1225.1768112182617,False,945,945,,201
1775114150.082954,write,k1,1220.0098037719727,False,948,948,,201
1775114150.083561,write,k4,1224.0538597106934,False,938,938,,201
1775114150.083966,write,k4,1230.4067611694336,False,937,937,,201
1775114150.0843048,write,k3,1231.3199043273926,False,994,994,,201
1775114150.084606,write,k5,1226.05299949646,False,946,946,,201
1775114150.0869482,write,k1,1220.4768657684326,False,949,949,,201
1775114150.087321,write,k1,1220.310926437378,False,950,950,,201
1775114150.089299,read,k1,3.3838748931884766,False,958,950,1.9767284393310547,200
1775114150.08988,read,k5,1.9850730895996094,False,954,946,5.273103713989258,200
1775114150.0916219,read,k4,2.9790401458740234,False,944,938,7.655143737792969,200
1775114150.099772,read,k5,7.793188095092773,False,954,946,15.163183212280273,200
1775114150.1001441,read,k4,3.35693359375,False,946,938,16.17717742919922,200
1775114150.100466,read,k2,4.842042922973633,False,919,907,238.66796493530273,200
1775114150.1007519,read,k4,5.835056304931641,False,946,938,16.78609848022461,200
1775114150.1010718,read,k1,9.381294250488281,False,958,950,13.751029968261719,200
1775114150.107528,write,k3,1229.6109199523926,False,995,995,,201
1775114150.107997,write,k5,1224.9078750610352,False,947,947,,201
1775114150.1087549,read,k3,4.696130752563477,False,1003,995,1.226663589477539,200
1775114150.109015,read,k2,4.357814788818359,False,920,907,247.21789360046387,200
1775114150.109233,read,k4,4.072904586791992,False,946,938,25.26712417602539,200
1775114150.118047,write,k3,1224.5709896087646,False,996,996,,201
1775114150.119367,read,k4,1.8198490142822266,False,946,938,35.4001522064209,200
1775114150.119576,read,k3,1.4629364013671875,False,1004,996,1.5292167663574219,200
1775114150.124841,read,k2,1.5769004821777344,False,922,907,263.0419731140137,200
1775114150.1261451,read,k5,1.2331008911132812,False,955,947,18.14723014831543,200
1775114150.129521,read,k1,1.634836196899414,False,958,950,42.198896408081055,200
1775114150.130049,read,k1,1.5277862548828125,False,958,950,42.726755142211914,200
1775114150.135909,read,k3,3.0813217163085938,False,1004,996,17.859220504760742,200
1775114150.144028,read,k3,2.853870391845703,False,1005,996,25.97808837890625,200
1775114150.179839,write,k5,1232.1338653564453,False,948,948,,201
1775114150.1803021,write,k2,1219.1658020019531,False,908,908,,201
1775114150.1914911,read,k2,2.507925033569336,False,922,908,11.185884475708008,200
1775114150.313,write,k1,1222.0680713653564,False,951,951,,201
1775114150.313223,write,k4,1261.4009380340576,False,939,939,,201
1775114150.313836,write,k3,1209.521770477295,False,997,997,,201
1775114150.318135,read,k1,0.7688999176025391,False,958,951,5.135059356689453,200
1775114150.392055,write,k1,1218.1339263916016,False,952,952,,201
1775114150.392277,write,k5,1218.001127243042,False,950,950,,201
1775114150.39243,write,k5,1219.9697494506836,False,949,949,,201
1775114150.411789,write,k2,1230.7369709014893,False,909,909,,201
1775114150.411992,write,k2,1226.9301414489746,False,910,910,,201
1775114150.422344,read,k5,1.390218734741211,False,956,950,29.912710189819336,200
1775114150.4341068,read,k5,1.2640953063964844,False,956,950,41.67604446411133,200
1775114150.4460852,read,k5,1.5947818756103516,False,956,950,53.65395545959473,200
1775114150.617665,write,k2,1223.7377166748047,False,911,911,,201
1775114150.617829,write,k4,1240.3390407562256,False,940,940,,201
1775114150.617944,write,k5,1214.491844177246,False,952,952,,201
1775114150.61805,write,k5,1237.9169464111328,False,951,951,,201
1775114150.625798,write,k4,1216.3259983062744,False,941,941,,201
1775114150.635513,read,k1,10.23411750793457,False,961,952,243.45922470092773,200
1775114150.63567,read,k5,10.225296020507812,False,956,952,17.61794090270996,200
1775114150.6966898,write,k4,1224.3127822875977,False,942,942,,201
1775114150.69693,write,k2,1223.327875137329,False,912,912,,201
1775114150.702446,read,k5,1.3911724090576172,False,956,952,84.39397811889648,200
1775114150.7147489,write,k2,1231.40287399292,False,913,913,,201
1775114150.714937,write,k1,1227.5772094726562,False,953,953,,201
1775114150.820253,write,k3,1255.582332611084,False,998,998,,201
1775114150.822134,write,k1,1211.3542556762695,False,954,954,,201
1775114150.832458,read,k5,5.352973937988281,False,957,952,214.4029140472412,200
1775114150.924272,write,k3,1243.250846862793,False,999,999,,201
1775114150.9251049,write,k3,1238.8689517974854,False,1000,1000,,201
1775114150.925674,write,k1,1237.6899719238281,False,955,955,,201
1775114150.926122,write,k5,1244.0319061279297,False,953,953,,201
1775114150.926568,write,k2,1246.6700077056885,False,914,914,,201
1775114150.92702,write,k4,1236.910104751587,False,943,943,,201
1775114150.927416,write,k3,1240.8068180084229,False,1001,1001,,201
1775114150.928483,write,k3,1217.9558277130127,False,1002,1002,,201
1775114150.930551,read,k2,3.025054931640625,False,926,914,3.979921340942383,200
1775114150.935552,read,k5,3.5669803619384766,False,957,953,9.427785873413086,200
1775114150.936716,write,k3,1223.1261730194092,False,1003,1003,,201
1775114150.937061,read,k5,4.448652267456055,False,957,953,10.933876037597656,200
1775114150.9375548,write,k2,1221.6639518737793,False,915,915,,201
1775114150.938745,read,k3,5.379915237426758,False,1010,1003,2.028942108154297,200
1775114150.9470139,read,k1,2.3272037506103516,False,964,955,21.338224411010742,200
1775114150.949654,read,k4,2.5339126586914062,False,954,943,22.63188362121582,200
1775114150.953949,read,k1,1.6942024230957031,False,964,955,28.2742977142334,200
1775114150.9569259,read,k2,1.9969940185546875,False,929,915,19.369125366210938,200
1775114150.9646678,read,k4,2.4602413177490234,False,954,943,37.64510154724121,200
1775114151.044872,write,k1,1215.8451080322266,False,956,956,,201
1775114151.05388,read,k4,3.9610862731933594,False,954,943,126.85489654541016,200
1775114151.0643141,read,k2,4.2209625244140625,False,929,915,126.75595283508301,200
1775114151.068495,read,k5,2.373933792114258,False,959,953,142.36903190612793,200
1775114151.075625,read,k5,2.0530223846435547,False,959,953,149.50013160705566,200
1775114151.122771,write,k1,1255.4550170898438,False,957,957,,201
1775114151.123264,write,k1,1221.6172218322754,False,958,958,,201
1775114151.1346612,read,k3,3.1769275665283203,False,1012,1003,197.94201850891113,200
1775114151.1351051,read,k1,5.218029022216797,False,965,958,11.839866638183594,200
1775114151.231981,write,k2,1242.9282665252686,False,917,917,,201
1775114151.232544,write,k2,1239.5048141479492,False,918,918,,201
1775114151.2329311,write,k2,1241.905689239502,False,919,919,,201
1775114151.2332952,write,k4,1235.5129718780518,False,944,944,,201
1775114151.233588,write,k5,1234.8988056182861,False,954,954,,201
1775114151.2338638,write,k2,1249.8159408569336,False,916,916,,201
1775114151.238615,read,k3,2.6099681854248047,False,1012,1003,301.8980026245117,200
1775114151.243469,read,k4,3.6296844482421875,False,955,944,10.171890258789062,200
1775114151.2442281,read,k2,2.2618770599365234,False,931,919,10.363101959228516,200
1775114151.244529,read,k2,3.274202346801758,False,931,919,10.665178298950195,200
1775114151.2474759,read,k3,2.7267932891845703,False,1012,1003,310.7600212097168,200
1775114151.249377,read,k1,1.821279525756836,False,966,958,126.1138916015625,200
1775114151.253433,read,k3,2.227783203125,False,1012,1003,316.71714782714844,200
1775114151.311195,write,k4,1220.8430767059326,False,945,945,,201
1775114151.311983,write,k4,1220.9560871124268,False,946,946,,201
1775114151.323185,write,k2,1219.9201583862305,False,920,920,,201
1775114151.343549,write,k2,1229.1576862335205,False,922,922,,201
1775114151.344248,write,k3,1226.9649505615234,False,1004,1004,,201
1775114151.344676,write,k2,1232.5880527496338,False,921,921,,201
1775114151.3450391,write,k5,1234.8339557647705,False,955,955,,201
1775114151.34828,write,k3,1213.5939598083496,False,1005,1005,,201
1775114151.348733,write,k5,1212.7010822296143,False,956,956,,201
1775114151.3491478,read,k4,2.485990524291992,False,957,946,37.162065505981445,200
1775114151.351508,read,k5,1.6520023345947266,False,962,956,2.773761749267578,200
1775114151.358448,read,k1,5.717992782592773,False,967,958,235.1841926574707,200
1775114151.3607402,read,k4,3.6110877990722656,False,957,946,48.75493049621582,200
1775114151.361077,read,k3,7.315397262573242,False,1012,1005,12.796878814697266,200
1775114151.366487,write,k4,1219.6199893951416,False,947,947,,201
1775114151.3764732,read,k4,2.1219253540039062,False,958,947,9.980916976928711,200
1775114151.3819551,read,k4,2.2432804107666016,False,958,947,15.465021133422852,200
1775114151.395087,read,k4,4.218101501464844,False,958,947,28.59807014465332,200
1775114151.42674,write,k3,1242.3369884490967,False,1006,1006,,201
1775114151.427349,write,k4,1227.782964706421,False,948,948,,201
1775114151.4363341,read,k5,2.6559829711914062,False,963,956,87.59880065917969,200
1775114151.4383528,read,k3,1.894235610961914,False,1012,1006,11.613845825195312,200
1775114151.440149,read,k2,1.7049312591552734,False,936,922,95.47066688537598,200
1775114151.5432498,write,k4,1219.4011211395264,False,949,949,,201
1775114151.544209,write,k3,1221.1620807647705,False,1007,1007,,201
1775114151.544541,write,k1,1222.3670482635498,False,959,959,,201
1775114151.546657,read,k4,1.5749931335449219,False,959,949,3.4079551696777344,200
1775114151.55235,read,k4,1.4209747314453125,False,959,949,9.100914001464844,200
1775114151.552568,read,k1,1.4090538024902344,False,970,959,8.026123046875,200
1775114151.556164,read,k5,0.9143352508544922,False,964,956,207.43203163146973,200
1775114151.615696,write,k1,1217.4081802368164,False,960,960,,201
1775114151.616081,write,k4,1220.3688621520996,False,950,950,,201
1775114151.6196659,write,k1,1216.8428897857666,False,961,961,,201
1775114151.623353,read,k4,1.5430450439453125,False,959,950,7.27081298828125,200
1775114151.625532,read,k3,1.4812946319580078,False,1013,1007,81.32195472717285,200
1775114151.6315331,read,k2,2.023935317993164,False,936,922,286.85593605041504,200
1775114151.641841,read,k1,2.5739669799804688,False,971,961,22.171974182128906,200
1775114151.648628,write,k4,1228.9440631866455,False,951,951,,201
1775114151.652383,read,k1,2.3622512817382812,False,971,961,32.71675109863281,200
1775114151.669672,write,k3,1214.8218154907227,False,1008,1008,,201
1775114151.6739829,read,k4,2.7320384979248047,False,960,951,25.352001190185547,200
1775114151.84732,write,k3,1226.7210483551025,False,1009,1009,,201
1775114151.847877,write,k4,1220.1049327850342,False,952,952,,201
1775114151.8482509,write,k2,1222.67484664917,False,923,923,,201
1775114151.8629398,write,k2,1223.4668731689453,False,924,924,,201
1775114151.863202,write,k3,1223.9623069763184,False,1010,1010,,201
1775114151.8638542,read,k3,3.4439563751220703,False,1014,1010,0.6499290466308594,200
1775114151.866977,read,k4,1.5461444854736328,False,960,952,19.099950790405273,200
1775114151.926893,write,k5,1220.9160327911377,False,957,957,,201
1775114151.9271739,write,k2,1225.8121967315674,False,925,925,,201
1775114151.933109,read,k2,2.360105514526367,False,938,925,5.931854248046875,200
1775114151.9380548,read,k3,1.2068748474121094,False,1014,1010,74.85318183898926,200
1775114151.946163,read,k3,1.302957534790039,False,1014,1010,82.96012878417969,200
1775114151.951143,read,k3,1.3759136199951172,False,1014,1010,87.94021606445312,200
1775114151.95137,write,k4,1231.1387062072754,False,953,953,,201
1775114151.951543,write,k1,1231.0981750488281,False,962,962,,201
1775114151.959954,read,k4,1.840829849243164,False,961,953,8.582115173339844,200
1775114151.960143,read,k4,1.6779899597167969,False,961,953,8.771896362304688,200
1775114151.977901,read,k5,11.354684829711914,False,966,957,51.00703239440918,200
1775114151.982846,read,k2,3.359079360961914,False,941,925,55.670738220214844,200
1775114151.985455,read,k3,0.7660388946533203,False,1014,1010,122.2531795501709,200
1775114152.006176,read,k4,11.348962783813477,False,961,953,54.80480194091797,200
1775114152.047761,write,k1,1223.4749794006348,False,963,963,,201
1775114152.0566342,read,k5,2.489805221557617,False,966,957,129.74023818969727,200
1775114152.072952,write,k2,1229.7730445861816,False,926,926,,201
1775114152.075375,read,k4,7.772922515869141,False,962,953,124.00293350219727,200
1775114152.097114,read,k3,12.913942337036133,False,1014,1010,233.91222953796387,200
1775114152.097409,read,k5,16.167163848876953,False,966,957,170.518159866333,200
1775114152.151584,write,k1,1217.5118923187256,False,964,964,,201
1775114152.151788,write,k2,1221.1272716522217,False,927,927,,201
1775114152.155061,read,k3,1.3470649719238281,False,1014,1010,291.8579578399658,200
1775114152.156613,read,k4,0.7443428039550781,False,963,953,205.24191856384277,200
1775114152.1690502,write,k5,1230.9629917144775,False,958,958,,201
1775114152.169166,write,k4,1234.4577312469482,False,954,954,,201
1775114152.1692538,write,k2,1233.3099842071533,False,928,928,,201
1775114152.16934,write,k3,1227.182149887085,False,1011,1011,,201
1775114152.169441,read,k1,0.9572505950927734,False,974,964,17.857074737548828,200
1775114152.169528,read,k4,1.3971328735351562,False,963,954,0.3609657287597656,200
1775114152.172322,read,k1,0.4951953887939453,False,974,964,20.737886428833008,200
1775114152.175055,read,k3,0.7588863372802734,False,1015,1011,5.714178085327148,200
1775114152.177206,read,k1,0.6022453308105469,False,974,964,25.623083114624023,200
1775114152.1795342,write,k3,1214.7629261016846,False,1012,1012,,201
1775114152.17974,write,k5,1234.342098236084,False,959,959,,201
1775114152.179862,write,k2,1232.4118614196777,False,929,929,,201
1775114152.1826408,read,k4,0.6458759307861328,False,963,954,13.473033905029297,200
1775114152.182734,read,k3,0.5929470062255859,False,1015,1012,3.200054168701172,200
1775114152.182827,read,k5,0.4520416259765625,False,967,959,3.0879974365234375,200
1775114152.183604,read,k3,0.3561973571777344,False,1015,1012,4.070043563842773,200
1775114152.184243,write,k1,1212.7008438110352,False,965,965,,201
1775114152.18436,read,k5,0.614166259765625,False,968,959,4.61888313293457,200
1775114152.191226,read,k2,0.7240772247314453,False,943,929,11.363983154296875,200
1775114152.191327,read,k1,0.7190704345703125,False,974,965,7.082939147949219,200
1775114152.191526,read,k5,1.1930465698242188,False,968,959,11.786222457885742,200
1775114152.1918259,read,k4,0.47707557678222656,False,964,954,22.658824920654297,200
1775114152.194358,read,k2,0.5738735198974609,False,943,929,14.494895935058594,200
1775114152.201449,read,k2,1.032114028930664,False,944,929,21.583080291748047,200
1775114152.323793,write,k2,1242.285966873169,False,930,930,,201
1775114152.3813078,write,k2,1238.5218143463135,False,931,931,,201
1775114152.38178,write,k1,1241.0800457000732,False,966,966,,201
1775114152.3901298,read,k2,4.332065582275391,False,944,931,8.820056915283203,200
1775114152.390621,read,k5,3.6468505859375,False,970,959,210.87980270385742,200
1775114152.455481,write,k4,1215.1217460632324,False,956,956,,201
1775114152.4565032,write,k4,1221.0729122161865,False,955,955,,201
1775114152.469907,read,k4,6.425142288208008,False,967,956,13.401031494140625,200
1775114152.476491,read,k3,3.305196762084961,False,1018,1012,296.9520092010498,200
1775114152.4791539,write,k5,1225.5780696868896,False,961,961,,201
1775114152.479713,write,k5,1228.8908958435059,False,960,960,,201
1775114152.4801202,write,k2,1234.3370914459229,False,932,932,,201
1775114152.483655,write,k1,1224.837064743042,False,967,967,,201
1775114152.4856331,read,k5,3.674030303955078,False,970,961,5.916833877563477,200
1775114152.485999,read,k5,1.4500617980957031,False,970,961,6.284952163696289,200
1775114152.494886,read,k4,6.273984909057617,False,968,956,38.38086128234863,200
1775114152.497328,read,k5,3.426790237426758,False,970,961,17.611980438232422,200
1775114152.503019,read,k1,2.234935760498047,False,974,967,19.3636417388916,200
1775114152.515179,read,k3,2.0008087158203125,False,1019,1012,335.64090728759766,200
1775114152.520386,read,k4,1.5330314636230469,False,968,956,63.881874084472656,200
1775114152.545828,write,k4,1215.0471210479736,False,957,957,,201
1775114152.546348,write,k2,1225.3761291503906,False,933,933,,201
1775114152.546935,write,k5,1232.2769165039062,False,962,962,,201
1775114152.558351,read,k4,1.809835433959961,False,968,957,12.521982192993164,200
1775114152.562992,read,k3,1.0368824005126953,False,1019,1012,383.4559917449951,200
1775114152.595819,write,k2,1237.9393577575684,False,935,935,,201
1775114152.596121,write,k1,1238.5952472686768,False,968,968,,201
1775114152.5963352,write,k2,1242.9630756378174,False,934,934,,201
1775114152.596534,write,k2,1232.2280406951904,False,936,936,,201
1775114152.596724,write,k4,1232.0470809936523,False,958,958,,201
1775114152.5969331,write,k5,1233.015775680542,False,963,963,,201
1775114152.600862,read,k1,0.9863376617431641,False,976,968,4.738092422485352,200
1775114152.6036448,read,k1,1.2998580932617188,False,976,968,7.522106170654297,200
1775114152.6114361,read,k1,2.0971298217773438,False,977,968,15.311717987060547,200
1775114152.620768,read,k1,1.52587890625,False,977,968,24.643898010253906,200
1775114152.6264021,read,k3,1.3751983642578125,False,1022,1012,446.8660354614258,200
1775114152.634082,write,k4,1235.4297637939453,False,959,959,,201
1775114152.634335,read,k3,1.447916030883789,False,1022,1012,454.79893684387207,200
1775114152.63737,read,k4,0.9367465972900391,False,968,959,3.2889842987060547,200
1775114152.6382332,read,k3,0.80108642578125,False,1022,1012,458.6970806121826,200
1775114152.646152,read,k2,1.188039779663086,False,948,936,49.61514472961426,200
1775114152.682549,write,k1,1239.527940750122,False,969,969,,201
1775114152.68297,write,k5,1240.4968738555908,False,964,964,,201
1775114152.796225,write,k1,1233.35599899292,False,971,971,,201
1775114152.7968261,write,k1,1246.2151050567627,False,970,970,,201
1775114152.7972322,write,k3,1243.4558868408203,False,1013,1013,,201
1775114152.803184,read,k5,2.552032470703125,False,972,964,120.20993232727051,200
1775114152.809066,read,k1,2.482175827026367,False,978,971,12.238025665283203,200
1775114152.816575,read,k4,3.100872039794922,False,968,959,182.49106407165527,200
1775114152.8519459,write,k4,1223.4680652618408,False,960,960,,201
1775114152.8525472,write,k5,1226.9082069396973,False,965,965,,201
1775114152.864158,read,k4,3.3788681030273438,False,968,960,12.210845947265625,200
1775114152.899404,write,k1,1238.778829574585,False,972,972,,201
1775114152.899924,write,k2,1241.1468029022217,False,937,937,,201
1775114152.9003022,write,k5,1224.3502140045166,False,966,966,,201
1775114152.9099898,read,k5,2.935171127319336,False,973,966,9.683847427368164,200
1775114152.913652,read,k4,2.084016799926758,False,968,960,61.7070198059082,200
1775114152.917668,read,k5,2.0720958709716797,False,973,966,17.363786697387695,200
1775114152.924861,read,k3,2.5949478149414062,False,1026,1013,127.6249885559082,200
1775114153.087414,write,k1,1238.1281852722168,False,973,973,,201
1775114153.0967941,read,k5,2.778768539428711,False,974,966,196.4879035949707,200
1775114153.10116,write,k2,1235.508918762207,False,938,938,,201
1775114153.101704,write,k4,1225.7890701293945,False,961,961,,201
1775114153.1020539,write,k1,1237.0219230651855,False,974,974,,201
1775114153.1023612,write,k3,1248.5771179199219,False,1014,1014,,201
1775114153.109966,read,k5,4.920005798339844,False,974,966,209.66196060180664,200
1775114153.110274,read,k2,3.8089752197265625,False,950,938,9.115934371948242,200
1775114153.122271,read,k5,2.6149749755859375,False,974,966,221.96602821350098,200
1775114153.12258,read,k5,5.7830810546875,False,974,966,222.27787971496582,200
1775114153.125959,read,k5,1.6472339630126953,False,974,966,225.65603256225586,200
1775114153.1565492,write,k2,1225.2066135406494,False,939,939,,201
1775114153.166589,read,k2,2.888917922973633,False,951,939,10.040998458862305,200
1775114153.186948,write,k2,1227.5891304016113,False,940,940,,201
1775114153.201483,write,k2,1235.8028888702393,False,941,941,,201
1775114153.238328,write,k4,1229.1102409362793,False,962,962,,201
1775114153.251216,read,k3,3.074169158935547,False,1029,1014,148.8487720489502,200
1775114153.265593,read,k2,3.670215606689453,False,952,941,64.10813331604004,200
1775114153.345372,write,k4,1242.905855178833,False,963,963,,201
1775114153.346417,write,k5,1241.6508197784424,False,967,967,,201
1775114153.357255,read,k4,2.118825912475586,False,968,963,11.883020401000977,200
1775114153.367842,read,k4,3.0851364135742188,False,968,963,22.46999740600586,200
1775114153.391157,write,k3,1216.6578769683838,False,1015,1015,,201
1775114153.391855,write,k2,1216.2580490112305,False,942,942,,201
1775114153.402663,read,k4,4.767894744873047,False,969,963,57.29103088378906,200
1775114153.4044878,read,k2,3.7412643432617188,False,954,942,12.632131576538086,200
1775114153.412477,write,k4,1217.489242553711,False,965,965,,201
1775114153.412794,write,k2,1233.6809635162354,False,943,943,,201
1775114153.413085,write,k5,1229.447841644287,False,968,968,,201
1775114153.414067,write,k2,1218.0452346801758,False,944,944,,201
1775114153.414779,write,k4,1226.5381813049316,False,964,964,,201
1775114153.415134,write,k4,1218.9602851867676,False,966,966,,201
1775114153.417782,write,k3,1217.6170349121094,False,1016,1016,,201
1775114153.420983,read,k4,9.75489616394043,False,969,966,5.848169326782227,200
1775114153.427835,read,k5,12.59303092956543,False,975,968,14.748096466064453,200
1775114153.428243,read,k5,6.860971450805664,False,977,968,15.15817642211914,200
1775114153.428509,read,k4,10.19287109375,False,969,966,13.375043869018555,200
1775114153.428715,read,k3,9.171009063720703,False,1030,1016,10.935068130493164,200
1775114153.43427,write,k5,1225.4228591918945,False,969,969,,201
1775114153.434706,read,k4,1.8811225891113281,False,969,966,19.571304321289062,200
1775114153.4355571,read,k2,2.154827117919922,False,956,944,21.48914337158203,200
1775114153.435848,read,k4,2.135753631591797,False,969,966,20.71404457092285,200
1775114153.437572,read,k5,0.9360313415527344,False,978,969,3.302335739135742,200
1775114153.4380832,read,k5,0.9510517120361328,False,978,969,3.814220428466797,200
1775114153.442044,read,k4,0.8771419525146484,False,970,966,26.909351348876953,200
1775114153.4436018,read,k5,0.804901123046875,False,978,969,9.33218002319336,200
1775114153.448817,read,k5,1.344919204711914,False,979,969,14.547348022460938,200
1775114153.548557,write,k5,1212.6991748809814,False,970,970,,201
1775114153.6127172,write,k3,1213.9687538146973,False,1018,1018,,201
1775114153.61311,write,k3,1215.3568267822266,False,1017,1017,,201
1775114153.718066,write,k2,1227.3132801055908,False,945,945,,201
1775114153.7187352,write,k3,1235.9960079193115,False,1019,1019,,201
1775114153.7192051,write,k4,1231.7888736724854,False,968,968,,201
1775114153.719556,write,k4,1258.0878734588623,False,967,967,,201
1775114153.7309608,write,k1,1224.8170375823975,False,975,975,,201
1775114153.7326221,read,k5,5.354881286621094,False,981,970,184.0660572052002,200
1775114153.732992,read,k4,6.068229675292969,False,972,968,13.434886932373047,200
1775114153.733272,read,k5,6.750822067260742,False,981,970,184.71789360046387,200
1775114153.737064,write,k2,1214.9078845977783,False,946,946,,201
1775114153.7384079,read,k4,3.3278465270996094,False,972,968,18.851280212402344,200
1775114153.7522812,read,k3,15.791893005371094,False,1031,1019,33.54287147521973,200
1775114153.76268,read,k4,1.8968582153320312,False,973,968,43.11990737915039,200
1775114153.763031,write,k2,1211.9979858398438,False,947,947,,201
1775114153.771421,read,k4,1.8477439880371094,False,973,968,51.86200141906738,200
1775114153.771708,read,k5,1.497030258178711,False,983,970,223.15406799316406,200
1775114153.7778618,read,k5,1.8668174743652344,False,983,970,229.30407524108887,200
1775114153.781965,read,k2,1.3763904571533203,False,956,947,18.931865692138672,200
1775114153.7830882,read,k4,1.0340213775634766,False,973,968,63.53116035461426,200
1775114153.793508,read,k2,2.3179054260253906,False,956,947,30.473947525024414,200
1775114153.809312,write,k3,1244.6770668029785,False,1020,1020,,201
1775114153.809812,write,k5,1254.713773727417,False,971,971,,201
1775114153.814718,read,k2,2.354860305786133,False,956,947,51.683902740478516,200
1775114153.815199,read,k3,2.1429061889648438,False,1032,1020,5.888938903808594,200
1775114153.816746,write,k1,1210.763931274414,False,977,977,,201
1775114153.817119,write,k3,1218.4078693389893,False,1021,1021,,201
1775114153.817407,write,k1,1217.8499698638916,False,976,976,,201
1775114153.817656,write,k3,1212.8651142120361,False,1022,1022,,201
1775114153.820065,read,k4,1.438140869140625,False,975,968,100.50797462463379,200
1775114153.8225448,read,k4,1.051187515258789,False,976,968,102.98705101013184,200
1775114153.824925,write,k2,1214.8840427398682,False,948,948,,201
1775114153.82703,read,k3,3.2339096069335938,False,1032,1022,9.371757507324219,200
1775114153.828949,read,k5,1.8198490142822266,False,983,971,19.13595199584961,200
1775114153.841111,read,k2,4.189968109130859,False,956,948,16.182899475097656,200
1775114153.8594902,write,k3,1214.9889469146729,False,1023,1023,,201
1775114153.872967,read,k5,1.4231204986572266,False,983,971,63.1561279296875,200
1775114153.882449,read,k5,0.9372234344482422,False,983,971,72.63803482055664,200
1775114153.889911,read,k5,1.2788772583007812,False,983,971,80.09910583496094,200
1775114153.892999,read,k4,1.4719963073730469,False,977,968,173.43902587890625,200
1775114153.902693,write,k1,1245.1860904693604,False,978,978,,201
1775114153.910165,write,k3,1219.590187072754,False,1024,1024,,201
1775114153.910867,write,k2,1219.3489074707031,False,949,949,,201
1775114153.9132411,read,k2,2.2101402282714844,False,957,949,2.3720264434814453,200
1775114153.92158,read,k5,4.731893539428711,False,983,971,111.76586151123047,200
1775114154.0239491,write,k5,1225.6050109863281,False,972,972,,201
1775114154.037961,write,k1,1219.4979190826416,False,979,979,,201
1775114154.0392709,read,k5,4.927873611450195,False,984,972,15.322208404541016,200
1775114154.046666,read,k3,2.5708675384521484,False,1034,1024,136.50035858154297,200
1775114154.051787,read,k1,1.97601318359375,False,986,979,13.826847076416016,200
1775114154.055756,read,k3,1.641988754272461,False,1034,1024,145.59221267700195,200
1775114154.058296,write,k2,1230.3569316864014,False,950,950,,201
1775114154.1154182,write,k5,1252.7122497558594,False,973,973,,201
1775114154.1160471,write,k1,1250.1730918884277,False,980,980,,201
1775114154.1247108,write,k3,1221.343994140625,False,1025,1025,,201
1775114154.125244,write,k3,1217.2141075134277,False,1026,1026,,201
1775114154.127171,read,k4,4.543066024780273,False,978,968,407.61303901672363,200
1775114154.161404,write,k5,1230.8242321014404,False,974,974,,201
1775114154.3270679,write,k3,1221.5919494628906,False,1027,1027,,201
1775114154.327966,write,k1,1223.8306999206543,False,981,981,,201
1775114154.337823,read,k3,4.165887832641602,False,1035,1027,10.755062103271484,200
1775114154.3401878,write,k2,1231.0459613800049,False,951,951,,201
1775114154.342251,write,k1,1212.5680446624756,False,982,982,,201
1775114154.3426769,write,k3,1211.6122245788574,False,1028,1028,,201
1775114154.430356,write,k5,1237.8511428833008,False,975,975,,201
1775114154.430992,write,k2,1219.2001342773438,False,952,952,,201
1775114154.431461,write,k3,1258.185863494873,False,1029,1029,,201
1775114154.512141,write,k2,1234.2610359191895,False,953,953,,201
1775114154.5666811,write,k2,1218.3139324188232,False,954,954,,201
1775114154.6324449,write,k4,1254.8060417175293,False,969,969,,201
1775114154.645492,write,k5,1229.560136795044,False,976,976,,201
1775114154.645903,write,k2,1239.0861511230469,False,955,955,,201
1775114154.646178,write,k5,1224.5209217071533,False,977,977,,201
1775114154.646482,write,k2,1216.2878513336182,False,956,956,,201
1775114154.6467142,write,k3,1226.5229225158691,False,1030,1030,,201
1775114154.647012,write,k5,1214.5569324493408,False,978,978,,201
1775114154.647289,read,k5,4.240989685058594,False,988,978,0.27489662170410156,200
1775114154.649009,read,k3,1.4567375183105469,False,1036,1030,2.2940635681152344,200
1775114154.6611068,read,k1,5.120992660522461,False,992,982,318.85409355163574,200
1775114154.66154,read,k4,6.849050521850586,False,979,969,29.098033905029297,200
1775114154.661888,read,k5,7.623910903930664,False,988,978,14.874935150146484,200
1775114154.665324,read,k2,1.934051513671875,False,964,956,18.838167190551758,200
1775114154.6660008,write,k1,1211.1291885375977,False,983,983,,201
1775114154.66633,write,k4,1220.6671237945557,False,971,971,,201
1775114154.6666172,write,k4,1228.4841537475586,False,970,970,,201
1775114154.667189,write,k5,1221.8260765075684,False,979,979,,201
1775114154.667636,read,k3,3.195047378540039,False,1036,1030,20.921945571899414,200
1775114154.674651,read,k4,4.797935485839844,False,981,971,8.029937744140625,200
1775114154.675819,read,k3,5.097866058349609,False,1036,1030,29.103755950927734,200
1775114154.676743,read,k2,5.559206008911133,False,964,956,30.259370803833008,200
1775114154.677185,read,k5,4.281044006347656,False,989,979,9.99593734741211,200
1775114154.6775308,read,k3,5.856990814208984,False,1036,1030,30.816078186035156,200
1775114154.685659,read,k4,1.348733901977539,False,983,971,19.037961959838867,200
1775114154.6958988,read,k2,3.2677650451660156,False,964,956,49.413204193115234,200
1775114154.704236,read,k5,4.068851470947266,False,990,979,37.04500198364258,200
1775114154.770467,write,k5,1214.2670154571533,False,980,980,,201
1775114154.800368,read,k5,23.891925811767578,False,990,980,29.902935028076172,200
1775114154.805475,read,k3,1.0120868682861328,False,1037,1030,158.76102447509766,200
1775114154.815913,read,k4,0.8709430694580078,False,984,971,149.29580688476562,200
1775114154.825878,read,k4,0.8561611175537109,False,984,971,159.26194190979004,200
1775114154.833256,write,k4,1214.287281036377,False,972,972,,201
1775114154.844095,read,k5,1.3577938079833984,False,991,980,73.62985610961914,200
1775114154.846962,read,k4,1.4579296112060547,False,984,972,13.704299926757812,200
1775114154.848135,write,k5,1227.3070812225342,False,981,981,,201
1775114154.852905,read,k5,1.9009113311767578,False,991,981,4.769086837768555,200
1775114154.856457,read,k1,1.4851093292236328,False,994,983,190.45591354370117,200
1775114154.858189,read,k3,1.3751983642578125,False,1037,1030,211.47394180297852,200
1775114154.9586549,write,k3,1232.9161167144775,False,1031,1031,,201
1775114154.967368,write,k5,1219.0988063812256,False,982,982,,201
1775114154.96751,write,k3,1231.8272590637207,False,1032,1032,,201
1775114154.967635,write,k4,1225.728988647461,False,973,973,,201
1775114154.967752,write,k5,1227.8649806976318,False,983,983,,201
1775114154.96846,read,k3,0.6721019744873047,False,1037,1032,0.9489059448242188,200
1775114154.971741,read,k3,0.6992816925048828,False,1037,1032,4.22978401184082,200
1775114154.981659,read,k4,2.6102066040039062,False,986,973,14.021158218383789,200
1775114154.990975,read,k2,1.806020736694336,False,965,956,344.49100494384766,200
1775114155.0022259,read,k2,3.1249523162841797,False,965,956,355.7403087615967,200
1775114155.010465,read,k4,3.432035446166992,False,986,973,42.82498359680176,200
1775114155.010871,write,k4,1218.9931869506836,False,974,974,,201
1775114155.030041,write,k4,1226.2179851531982,False,975,975,,201
1775114155.039331,write,k1,1220.2610969543457,False,984,984,,201
1775114155.039804,write,k4,1219.062089920044,False,976,976,,201
1775114155.040162,read,k5,3.793001174926758,False,992,983,72.40700721740723,200
1775114155.049665,write,k3,1224.0512371063232,False,1034,1034,,201
1775114155.0508711,write,k3,1226.625919342041,False,1033,1033,,201
1775114155.05175,write,k1,1223.4349250793457,False,985,985,,201
1775114155.0521212,write,k4,1220.2839851379395,False,977,977,,201
1775114155.052897,read,k3,7.356166839599609,False,1038,1034,2.0248889923095703,200
1775114155.054524,read,k3,2.3119449615478516,False,1038,1034,3.654003143310547,200
1775114155.054815,read,k3,5.002021789550781,False,1038,1034,3.944873809814453,200
1775114155.0608609,read,k3,3.030061721801758,False,1038,1034,9.989023208618164,200
1775114155.061486,read,k3,2.9070377349853516,False,1038,1034,10.614871978759766,200
1775114155.06301,read,k5,3.3330917358398438,False,992,983,95.25585174560547,200
1775114155.0699918,write,k2,1214.9059772491455,False,957,957,,201
1775114155.072315,read,k5,2.2039413452148438,False,992,983,104.56109046936035,200
1775114155.073175,read,k4,2.0737648010253906,False,988,977,21.052837371826172,200
1775114155.073901,read,k3,2.480745315551758,False,1038,1034,23.030996322631836,200
1775114155.080565,read,k3,4.430055618286133,False,1038,1034,29.692888259887695,200
1775114155.081742,read,k1,2.560138702392578,False,998,985,29.991865158081055,200
1775114155.084137,read,k1,1.9919872283935547,False,998,985,32.38677978515625,200
1775114155.085608,read,k4,2.202749252319336,False,988,977,33.486127853393555,200
1775114155.120481,write,k1,1222.4798202514648,False,986,986,,201
1775114155.137677,write,k4,1219.5398807525635,False,978,978,,201
1775114155.138113,write,k5,1222.6362228393555,False,984,984,,201
1775114155.147207,read,k4,3.0689239501953125,False,990,978,9.52911376953125,200
1775114155.161602,write,k2,1238.3549213409424,False,958,958,,201
1775114155.2672698,write,k5,1219.3920612335205,False,985,985,,201
1775114155.2737632,write,k2,1212.8779888153076,False,959,959,,201
1775114155.274526,write,k1,1213.1831645965576,False,987,987,,201
1775114155.281656,read,k1,3.839254379272461,False,999,987,7.127046585083008,200
1775114155.289367,read,k5,2.7229785919189453,False,995,985,22.0949649810791,200
1775114155.343267,write,k1,1215.9581184387207,False,989,989,,201
1775114155.3437598,write,k1,1220.1652526855469,False,988,988,,201
1775114155.364699,write,k3,1232.4178218841553,False,1035,1035,,201
1775114155.368973,write,k2,1231.4550876617432,False,960,960,,201
1775114155.369505,read,k5,8.305072784423828,False,997,985,102.23603248596191,200
1775114155.3762538,read,k5,0.7159709930419922,False,997,985,108.98494720458984,200
1775114155.3888268,read,k2,1.4178752899169922,False,967,960,19.850969314575195,200
1775114155.3917499,read,k3,0.8139610290527344,False,1040,1035,27.05216407775879,200
1775114155.402255,read,k1,1.2331008911132812,False,999,989,58.49289894104004,200
1775114155.406215,write,k5,1233.8230609893799,False,986,986,,201
1775114155.574347,write,k1,1238.1160259246826,False,990,990,,201
1775114155.5750751,write,k2,1227.3228168487549,False,961,961,,201
1775114155.575423,write,k5,1223.9420413970947,False,988,988,,201
1775114155.5756779,write,k5,1230.027198791504,False,987,987,,201
1775114155.5759292,write,k2,1227.6909351348877,False,962,962,,201
1775114155.584256,read,k3,1.9440650939941406,False,1041,1035,219.5568084716797,200
1775114155.586238,read,k1,2.532958984375,False,1001,990,11.893033981323242,200
1775114155.587863,read,k5,1.0190010070800781,False,998,988,12.185096740722656,200
1775114155.589598,read,k1,1.3377666473388672,False,1002,990,15.255212783813477,200
1775114155.672449,write,k3,1234.116792678833,False,1036,1036,,201
1775114155.67259,write,k2,1233.7069511413574,False,963,963,,201
1775114155.672686,write,k4,1238.313913345337,False,979,979,,201
1775114155.677421,read,k1,1.1470317840576172,False,1002,990,103.07836532592773,200
1775114155.6809611,read,k4,0.9920597076416016,False,994,979,8.27479362487793,200
1775114155.7416441,write,k2,1220.794677734375,False,964,964,,201
1775114155.790733,write,k1,1220.3121185302734,False,991,991,,201
1775114155.80178,read,k1,1.4081001281738281,False,1003,991,11.046886444091797,200
1775114155.809852,read,k3,1.1849403381347656,False,1042,1036,137.40301132202148,200
1775114155.814683,read,k2,1.107931137084961,False,969,964,73.03810119628906,200
1775114155.8193989,read,k5,1.043081283569336,False,998,988,243.72196197509766,200
1775114155.827731,read,k4,0.9820461273193359,False,995,979,155.0438404083252,200
1775114155.831615,read,k3,1.0471343994140625,False,1042,1036,159.1629981994629,200
1775114155.876884,write,k5,1222.951889038086,False,989,989,,201
1775114155.8770912,write,k1,1220.8521366119385,False,992,992,,201
1775114155.8772302,write,k4,1221.708059310913,False,980,980,,201
1775114155.877354,write,k4,1224.9572277069092,False,981,981,,201
1775114155.8828669,read,k2,1.4679431915283203,False,970,964,141.2220001220703,200
1775114155.883003,read,k1,1.3828277587890625,False,1003,992,5.912065505981445,200
1775114155.886613,read,k3,1.0228157043457031,False,1042,1036,214.16306495666504,200
1775114155.887857,read,k5,1.1227130889892578,False,998,989,10.972023010253906,200
1775114155.890284,write,k1,1214.3492698669434,False,993,993,,201
1775114155.8904178,write,k4,1217.893123626709,False,982,982,,201
1775114155.8905442,write,k4,1211.270809173584,False,983,983,,201
1775114155.894838,read,k2,0.9000301361083984,False,972,964,153.19299697875977,200
1775114155.895338,read,k1,0.8339881896972656,False,1003,993,5.052804946899414,200
1775114155.8990562,read,k5,1.1599063873291016,False,998,989,22.1710205078125,200
1775114155.912619,write,k3,1230.992317199707,False,1037,1037,,201
1775114155.912767,write,k5,1229.0260791778564,False,990,990,,201
1775114155.91291,write,k1,1229.96187210083,False,994,994,,201
1775114155.9152498,read,k2,1.0750293731689453,False,972,964,173.60520362854004,200
1775114155.9223208,read,k5,1.394033432006836,False,999,990,9.554862976074219,200
1775114155.922456,read,k4,1.7070770263671875,False,995,983,31.911849975585938,200
1775114155.9259572,read,k5,1.3668537139892578,False,999,990,13.190031051635742,200
1775114155.926108,read,k3,1.3399124145507812,False,1044,1037,13.488292694091797,200
1775114155.926781,write,k4,1213.7508392333984,False,984,984,,201
1775114155.937707,read,k2,1.2819766998291016,False,973,964,196.0620880126953,200
1775114156.049951,write,k5,1213.5329246520996,False,991,991,,201
1775114156.0771189,write,k1,1218.752145767212,False,995,995,,201
1775114156.078607,write,k1,1214.7059440612793,False,996,996,,201
1775114156.085811,read,k5,1.4641284942626953,False,1000,991,35.860300064086914,200
1775114156.184235,write,k4,1213.0308151245117,False,985,985,,201
1775114156.184473,write,k3,1210.669994354248,False,1038,1038,,201
1775114156.184615,write,k2,1214.7250175476074,False,965,965,,201
1775114156.188044,read,k3,1.203775405883789,False,1046,1038,3.5698413848876953,200
1775114156.1906419,write,k4,1215.5368328094482,False,986,986,,201
1775114156.193273,read,k4,1.332998275756836,False,997,986,2.6290416717529297,200
1775114156.194359,read,k3,0.9920597076416016,False,1047,1038,9.884834289550781,200
1775114156.197112,read,k3,0.8680820465087891,False,1047,1038,12.63880729675293,200
1775114156.2060711,read,k2,7.9250335693359375,False,974,965,21.451950073242188,200
1775114156.2656991,write,k5,1252.7039051055908,False,992,992,,201
1775114156.2661471,write,k1,1249.53293800354,False,997,997,,201
1775114156.280363,write,k1,1235.9099388122559,False,998,998,,201
1775114156.2807722,write,k4,1220.7071781158447,False,988,988,,201
1775114156.2810571,write,k2,1219.181776046753,False,966,966,,201
1775114156.28136,write,k4,1226.470947265625,False,987,987,,201
1775114156.287919,read,k5,2.6428699493408203,False,1001,992,22.217988967895508,200
1775114156.288578,read,k3,2.6040077209472656,False,1047,1038,104.10380363464355,200
1775114156.289168,read,k3,2.5129318237304688,False,1047,1038,104.69388961791992,200
1775114156.2899442,read,k5,1.2958049774169922,False,1001,992,24.247169494628906,200
1775114156.294251,write,k5,1216.0508632659912,False,993,993,,201
1775114156.294563,write,k3,1218.9111709594727,False,1039,1039,,201
1775114156.2989628,write,k5,1210.4010581970215,False,994,994,,201
1775114156.29951,read,k4,1.1930465698242188,False,999,988,18.147945404052734,200
1775114156.3031611,read,k3,1.1200904846191406,False,1048,1039,8.596181869506836,200
1775114156.3064342,read,k3,1.3532638549804688,False,1048,1039,11.868000030517578,200
1775114156.30866,write,k4,1215.7092094421387,False,989,989,,201
1775114156.357734,write,k4,1229.344129562378,False,990,990,,201
1775114156.366061,write,k4,1221.0686206817627,False,991,991,,201
1775114156.367797,read,k5,3.47900390625,False,1002,994,68.83120536804199,200
1775114156.377451,write,k4,1222.5162982940674,False,992,992,,201
1775114156.3953469,write,k1,1222.1379280090332,False,999,999,,201
1775114156.410035,read,k3,3.74603271484375,False,1048,1039,115.46611785888672,200
1775114156.4197628,read,k2,3.5703182220458984,False,977,966,138.70000839233398,200
1775114156.424087,read,k1,2.3279190063476562,False,1012,999,28.738737106323242,200
1775114156.489814,write,k3,1213.3569717407227,False,1040,1040,,201
1775114156.495059,write,k5,1215.1679992675781,False,995,995,,201
1775114156.499339,read,k1,1.7452239990234375,False,1012,999,103.99270057678223,200
1775114156.5071082,read,k4,2.035379409790039,False,1000,992,129.65798377990723,200
1775114156.514077,read,k1,1.8241405487060547,False,1012,999,118.73102188110352,200
1775114156.569321,write,k5,1276.4668464660645,False,996,996,,201
1775114156.573474,read,k2,1.6689300537109375,False,977,966,292.41490364074707,200
1775114156.585398,write,k5,1236.7191314697266,False,997,997,,201
1775114156.595825,write,k4,1220.876932144165,False,993,993,,201
1775114156.596355,write,k2,1221.7040061950684,False,967,967,,201
1775114156.604419,read,k5,6.200075149536133,False,1003,997,19.02008056640625,200
1775114156.6048052,read,k3,5.7086944580078125,False,1049,1040,114.99333381652832,200
1775114156.615722,read,k5,5.326032638549805,False,1003,997,30.323028564453125,200
1775114156.620516,read,k1,2.5949478149414062,False,1012,999,225.16989707946777,200
1775114156.624036,write,k5,1216.3729667663574,False,998,998,,201
1775114156.62523,write,k1,1213.543176651001,False,1000,1000,,201
1775114156.686573,read,k3,54.155826568603516,False,1050,1040,196.7623233795166,200
1775114156.793398,write,k1,1213.9229774475098,False,1001,1001,,201
1775114156.800411,write,k3,1218.3048725128174,False,1041,1041,,201
1775114156.801064,write,k1,1216.5358066558838,False,1002,1002,,201
1775114156.8077078,write,k4,1214.2689228057861,False,994,994,,201
1775114156.808901,read,k3,5.421161651611328,False,1051,1041,8.491039276123047,200
1775114156.809255,read,k5,4.030942916870117,False,1003,998,185.21904945373535,200
1775114156.822567,write,k2,1225.9039878845215,False,968,968,,201
1775114156.8233202,read,k1,11.845111846923828,False,1012,1002,22.253990173339844,200
1775114156.82387,read,k4,12.679815292358398,False,1003,994,16.16382598876953,200
1775114156.8242161,read,k2,13.426780700683594,False,979,968,1.6520023345947266,200
1775114156.827917,read,k3,2.9349327087402344,False,1052,1041,27.505874633789062,200
1775114156.831537,read,k4,2.973794937133789,False,1003,994,23.828983306884766,200
1775114156.8319411,read,k3,2.888202667236328,False,1052,1041,31.53204917907715,200
1775114156.842815,read,k2,2.713918685913086,False,979,968,20.2481746673584,200
1775114156.8996758,write,k4,1213.4051322937012,False,995,995,,201
1775114156.90029,write,k3,1213.8950824737549,False,1042,1042,,201
1775114156.9008372,write,k2,1223.038911819458,False,969,969,,201
1775114156.997823,write,k1,1244.1802024841309,False,1003,1003,,201
1775114157.003637,read,k5,4.321098327636719,False,1003,998,379.59909439086914,200
1775114157.01021,read,k2,2.056121826171875,False,980,969,109.37094688415527,200
1775114157.016441,read,k2,2.1491050720214844,False,980,969,115.60201644897461,200
1775114157.024558,read,k5,6.3381195068359375,False,1003,998,400.52103996276855,200
1775114157.085376,write,k2,1242.222785949707,False,970,970,,201
1775114157.1063218,write,k2,1219.9771404266357,False,971,971,,201
1775114157.106731,write,k2,1219.1498279571533,False,972,972,,201
1775114157.118567,write,k3,1224.9062061309814,False,1043,1043,,201
1775114157.123838,write,k3,1227.7350425720215,False,1044,1044,,201
1775114157.167584,write,k5,1268.4268951416016,False,999,999,,201
1775114157.168067,read,k1,43.70474815368652,False,1017,1003,170.24517059326172,200
1775114157.1685162,read,k4,37.348031997680664,False,1004,995,268.8441276550293,200
1775114157.168876,write,k1,1270.8179950714111,False,1004,1004,,201
1775114157.173267,read,k5,2.474069595336914,False,1003,999,5.680322647094727,200
1775114157.180015,read,k1,2.6366710662841797,False,1017,1004,11.137008666992188,200
1775114157.180734,read,k1,1.7480850219726562,False,1017,1004,11.857986450195312,200
1775114157.20302,write,k4,1266.362190246582,False,996,996,,201
1775114157.204629,write,k3,1275.0649452209473,False,1045,1045,,201
1775114157.2049222,write,k5,1259.0818405151367,False,1000,1000,,201
1775114157.205148,write,k2,1280.2369594573975,False,973,973,,201
1775114157.2053602,write,k1,1297.569751739502,False,1005,1005,,201
1775114157.211627,read,k5,1.2772083282470703,False,1004,1000,6.700992584228516,200
1775114157.309363,write,k3,1225.6090641021729,False,1046,1046,,201
1775114157.309786,write,k2,1219.810962677002,False,974,974,,201
1775114157.310177,write,k4,1254.7528743743896,False,997,997,,201
1775114157.31517,read,k2,2.6009082794189453,False,982,974,5.380868911743164,200
1775114157.322886,read,k2,3.1790733337402344,False,982,974,13.096809387207031,200
1775114157.409811,write,k3,1220.121145248413,False,1047,1047,,201
1775114157.415173,write,k5,1217.5328731536865,False,1001,1001,,201
1775114157.421332,read,k1,2.9408931732177734,False,1017,1005,215.96574783325195,200
1775114157.427625,read,k3,1.7600059509277344,False,1058,1047,17.817020416259766,200
1775114157.4719732,write,k1,1270.4312801361084,False,1006,1006,,201
1775114157.504062,write,k2,1285.8901023864746,False,975,975,,201
1775114157.504905,write,k1,1212.5627994537354,False,1008,1008,,201
1775114157.505665,write,k1,1231.70804977417,False,1007,1007,,201
1775114157.506387,write,k4,1234.1790199279785,False,998,998,,201
1775114157.509859,write,k4,1211.9500637054443,False,999,999,,201
1775114157.510327,write,k3,1213.460922241211,False,1048,1048,,201
1775114157.510668,write,k1,1213.3750915527344,False,1009,1009,,201
1775114157.511811,read,k3,4.721164703369141,False,1058,1048,1.483917236328125,200
1775114157.515027,read,k1,7.38215446472168,False,1017,1009,4.355192184448242,200
1775114157.515424,read,k3,2.69317626953125,False,1058,1048,5.096912384033203,200
1775114157.515689,read,k2,2.362966537475586,False,985,975,11.629819869995117,200
1775114157.518036,read,k5,2.276897430419922,False,1007,1001,102.86474227905273,200
1775114157.525965,read,k4,3.0488967895507812,False,1009,999,16.10398292541504,200
1775114157.526329,read,k1,3.721952438354492,False,1017,1009,15.66004753112793,200
1775114157.528095,write,k1,1222.5890159606934,False,1010,1010,,201
1775114157.528513,write,k1,1220.4761505126953,False,1011,1011,,201
1775114157.5288582,write,k5,1213.1919860839844,False,1002,1002,,201
1775114157.529137,read,k3,4.1141510009765625,False,1059,1048,18.81098747253418,200
1775114157.5322618,write,k4,1213.5720252990723,False,1000,1000,,201
1775114157.53493,read,k4,3.3528804779052734,False,1011,1000,2.666950225830078,200
1775114157.5356789,read,k3,2.638101577758789,False,1059,1048,25.35080909729004,200
1775114157.536479,read,k5,2.420186996459961,False,1007,1002,7.618904113769531,200
1775114157.538867,read,k3,1.959085464477539,False,1059,1048,28.539180755615234,200
1775114157.54055,read,k3,1.459360122680664,False,1060,1048,30.22313117980957,200
1775114157.5431669,read,k1,2.5107860565185547,False,1019,1011,14.652252197265625,200
1775114157.54785,read,k4,3.004789352416992,False,1011,1000,15.584945678710938,200
1775114157.613784,write,k1,1226.6671657562256,False,1012,1012,,201
1775114157.614471,write,k2,1243.3159351348877,False,976,976,,201
1775114157.6150799,write,k2,1239.0530109405518,False,977,977,,201
1775114157.626382,read,k1,5.313873291015625,False,1019,1012,12.598991394042969,200
1775114157.676739,write,k5,1243.3018684387207,False,1003,1003,,201
1775114157.778076,write,k4,1268.9237594604492,False,1001,1001,,201
1775114157.778604,write,k4,1261.589765548706,False,1002,1002,,201
1775114157.788338,read,k1,2.544879913330078,False,1021,1012,174.55506324768066,200
1775114157.810709,write,k2,1220.8950519561768,False,978,978,,201
1775114157.8112462,write,k3,1235.4516983032227,False,1049,1049,,201
1775114157.817452,read,k2,4.519224166870117,False,986,978,6.742238998413086,200
1775114157.823952,read,k1,3.2711029052734375,False,1021,1012,210.16907691955566,200
1775114157.8332312,write,k3,1221.3361263275146,False,1050,1050,,201
1775114157.9188359,write,k3,1223.7780094146729,False,1051,1051,,201
1775114157.919123,write,k4,1285.4769229888916,False,1003,1003,,201
1775114157.919327,write,k2,1292.13285446167,False,979,979,,201
1775114157.926721,read,k3,2.0568370819091797,False,1062,1051,7.882118225097656,200
1775114157.9375942,read,k2,2.7871131896972656,False,987,979,18.260955810546875,200
1775114157.948591,read,k2,1.9600391387939453,False,987,979,29.260873794555664,200
1775114157.95916,read,k2,2.3298263549804688,False,987,979,39.82996940612793,200
1775114157.9681869,read,k2,2.279996871948242,False,987,979,48.854827880859375,200
1775114158.084932,write,k3,1274.5747566223145,False,1052,1052,,201
1775114158.085511,write,k4,1246.340036392212,False,1004,1004,,201
1775114158.085929,write,k1,1248.1470108032227,False,1014,1014,,201
1775114158.086296,write,k3,1236.4470958709717,False,1053,1053,,201
1775114158.086633,write,k1,1255.9611797332764,False,1013,1013,,201
1775114158.119533,write,k3,1210.9870910644531,False,1054,1054,,201
1775114158.120288,write,k1,1218.4278964996338,False,1015,1015,,201
1775114158.1208608,write,k2,1213.6378288269043,False,980,980,,201
1775114158.1248882,read,k4,3.0629634857177734,False,1015,1004,39.37482833862305,200
1775114158.13414,read,k4,3.2770633697509766,False,1015,1004,48.62499237060547,200
1775114158.1471941,read,k3,3.5109519958496094,False,1062,1054,27.662038803100586,200
1775114158.152468,read,k3,1.8558502197265625,False,1062,1054,32.937049865722656,200
1775114158.285747,write,k1,1249.8047351837158,False,1016,1016,,201
1775114158.29537,read,k4,2.640962600708008,False,1016,1004,209.8550796508789,200
1775114158.333557,write,k3,1241.253137588501,False,1055,1055,,201
1775114158.391438,write,k3,1266.7839527130127,False,1056,1056,,201
1775114158.391988,write,k4,1218.555212020874,False,1005,1005,,201
1775114158.392401,write,k3,1214.3709659576416,False,1057,1057,,201
1775114158.392729,write,k1,1268.782138824463,False,1017,1017,,201
1775114158.4030468,read,k2,4.346132278442383,False,988,980,282.1810245513916,200
1775114158.405654,read,k5,4.817724227905273,False,1014,1003,728.9168834686279,200
1775114158.4060001,read,k3,4.705190658569336,False,1063,1057,13.597965240478516,200
1775114158.407495,read,k5,2.7120113372802734,False,1014,1003,730.7591438293457,200
1775114158.407854,write,k4,1223.1090068817139,False,1006,1006,,201
1775114158.4082282,write,k2,1222.5537300109863,False,981,981,,201
1775114158.416805,read,k1,3.679990768432617,False,1028,1017,24.07383918762207,200
1775114158.423967,write,k2,1215.2111530303955,False,982,982,,201
1775114158.4243999,write,k5,1217.4208164215088,False,1004,1004,,201
1775114158.426034,read,k3,2.9900074005126953,False,1064,1057,33.631086349487305,200
1775114158.428601,write,k5,1214.3669128417969,False,1005,1005,,201
1775114158.428975,write,k5,1213.8571739196777,False,1006,1006,,201
1775114158.4292889,write,k4,1215.5189514160156,False,1007,1007,,201
1775114158.431932,read,k1,1.7848014831542969,False,1030,1017,39.201974868774414,200
1775114158.441426,read,k2,2.863168716430664,False,989,982,17.458200454711914,200
1775114158.4529762,read,k5,2.3598670959472656,False,1014,1006,23.99897575378418,200
1775114158.543335,write,k3,1223.0992317199707,False,1058,1058,,201
1775114158.544288,write,k2,1219.1951274871826,False,983,983,,201
1775114158.545057,write,k4,1231.248140335083,False,1008,1008,,201
1775114158.554141,read,k2,2.0678043365478516,False,991,983,9.85407829284668,200
1775114158.55485,read,k4,1.811981201171875,False,1018,1008,9.79304313659668,200
1775114158.6426392,write,k2,1219.912052154541,False,984,984,,201
1775114158.651284,write,k2,1215.5349254608154,False,985,985,,201
1775114158.653866,read,k4,2.361774444580078,False,1018,1008,108.80899429321289,200
1775114158.659296,read,k2,2.9740333557128906,False,991,985,8.0108642578125,200
1775114158.698464,write,k5,1224.6520519256592,False,1007,1007,,201
1775114158.731769,write,k4,1215.653896331787,False,1009,1009,,201
1775114158.739132,write,k4,1220.0782299041748,False,1010,1010,,201
1775114158.73957,write,k3,1221.0261821746826,False,1059,1059,,201
1775114158.744502,write,k4,1217.8266048431396,False,1011,1011,,201
1775114158.747658,read,k2,1.5480518341064453,False,992,985,96.3747501373291,200
1775114158.750779,read,k1,1.6400814056396484,False,1032,1017,358.0479621887207,200
1775114158.7510679,read,k3,1.5149116516113281,False,1069,1059,11.496782302856445,200
1775114158.753854,read,k1,1.1360645294189453,False,1032,1017,361.12475395202637,200
1775114158.754125,write,k1,1217.5710201263428,False,1018,1018,,201
1775114158.754383,write,k1,1213.353157043457,False,1019,1019,,201
1775114158.7546399,write,k3,1217.5068855285645,False,1060,1060,,201
1775114158.756164,read,k1,1.0538101196289062,False,1032,1019,1.7800331115722656,200
1775114158.758563,read,k2,0.8647441864013672,False,992,985,107.28073120117188,200
1775114158.7602172,write,k5,1214.7841453552246,False,1008,1008,,201
1775114158.760444,read,k4,1.1432170867919922,False,1018,1011,15.942096710205078,200
1775114158.760642,write,k2,1214.8840427398682,False,986,986,,201
1775114158.7659168,write,k5,1215.6519889831543,False,1009,1009,,201
1775114158.772556,write,k4,1217.4909114837646,False,1012,1012,,201
1775114158.7732658,read,k1,4.15802001953125,False,1034,1019,18.882274627685547,200
1775114158.845786,write,k3,1223.9668369293213,False,1061,1061,,201
1775114158.8460102,write,k1,1222.350835800171,False,1020,1020,,201
1775114158.846147,write,k1,1213.3047580718994,False,1021,1021,,201
1775114158.854676,read,k4,0.9760856628417969,False,1019,1012,82.12089538574219,200
1775114158.8548522,read,k1,0.9407997131347656,False,1034,1021,8.704900741577148,200
1775114158.8617642,read,k2,0.9920597076416016,False,996,986,101.1209487915039,200
1775114158.870517,read,k4,0.7698535919189453,False,1019,1012,97.9619026184082,200
1775114158.874397,read,k1,0.9620189666748047,False,1034,1021,28.248071670532227,200
1775114158.903454,write,k4,1220.4790115356445,False,1013,1013,,201
1775114158.9183092,read,k1,3.4589767456054688,False,1034,1021,72.1588134765625,200
1775114159.013351,write,k5,1233.618974685669,False,1010,1010,,201
1775114159.018728,write,k3,1225.5120277404785,False,1062,1062,,201
1775114159.044256,write,k5,1228.9769649505615,False,1011,1011,,201
1775114159.0519319,write,k1,1214.1339778900146,False,1023,1023,,201
1775114159.053376,write,k1,1221.6200828552246,False,1022,1022,,201
1775114159.062069,read,k2,2.736806869506836,False,998,986,301.422119140625,200
1775114159.1471128,write,k5,1223.2661247253418,False,1012,1012,,201
1775114159.1476119,write,k2,1223.24800491333,False,987,987,,201
1775114159.203535,write,k1,1226.7577648162842,False,1024,1024,,201
1775114159.216825,read,k2,3.763914108276367,False,999,987,69.20886039733887,200
1775114159.224999,read,k5,3.2062530517578125,False,1020,1012,77.88491249084473,200
1775114159.2390301,read,k4,3.7000179290771484,False,1020,1013,335.57677268981934,200
1775114159.326736,write,k1,1232.5470447540283,False,1025,1025,,201
1775114159.327289,write,k4,1231.794834136963,False,1014,1014,,201
1775114159.328083,write,k5,1237.4708652496338,False,1013,1013,,201
1775114159.328442,write,k1,1233.7021827697754,False,1026,1026,,201
1775114159.328696,write,k4,1232.4621677398682,False,1015,1015,,201
1775114159.335326,read,k1,2.732992172241211,False,1036,1026,6.880044937133789,200
1775114159.338956,read,k5,3.432035446166992,False,1020,1013,10.867118835449219,200
1775114159.342449,read,k3,5.489826202392578,False,1073,1062,323.71973991394043,200
1775114159.343877,read,k2,3.1900405883789062,False,999,987,196.26283645629883,200
1775114159.3444679,read,k1,1.9173622131347656,False,1036,1026,16.02482795715332,200
1775114159.346603,write,k1,1214.9450778961182,False,1027,1027,,201
1775114159.347022,write,k5,1224.3869304656982,False,1014,1014,,201
1775114159.3550239,read,k4,5.13911247253418,False,1020,1015,26.323795318603516,200
1775114159.3554182,read,k4,5.275964736938477,False,1020,1015,26.721954345703125,200
1775114159.355663,read,k2,4.766941070556641,False,999,987,208.05096626281738,200
1775114159.357446,read,k3,1.6770362854003906,False,1074,1062,338.7136459350586,200
1775114159.35983,read,k5,1.405954360961914,False,1022,1014,12.805700302124023,200
1775114159.361483,read,k1,1.2218952178955078,False,1036,1027,14.877796173095703,200
1775114159.3694458,write,k4,1213.5090827941895,False,1016,1016,,201
1775114159.527709,write,k2,1226.501703262329,False,988,988,,201
1775114159.567905,write,k1,1224.2097854614258,False,1028,1028,,201
1775114159.5774238,read,k4,2.891063690185547,False,1021,1016,207.9761028289795,200
1775114159.587285,read,k3,2.4809837341308594,False,1076,1062,568.5555934906006,200
1775114159.5976791,read,k5,2.858877182006836,False,1023,1014,250.65064430236816,200
1775114159.609555,read,k2,2.9697418212890625,False,1001,988,81.84289932250977,200
1775114159.6204102,read,k2,2.3920536041259766,False,1001,988,92.70191192626953,200
1775114159.635058,write,k3,1234.915018081665,False,1063,1063,,201
1775114159.635494,write,k4,1219.843864440918,False,1017,1017,,201
1775114159.635839,write,k3,1222.0113277435303,False,1064,1064,,201
1775114159.636149,write,k1,1222.6817607879639,False,1029,1029,,201
1775114159.636448,write,k1,1222.1992015838623,False,1030,1030,,201
1775114159.636745,read,k1,6.641149520874023,False,1036,1030,0.29587745666503906,200
1775114159.6412559,read,k3,1.9309520721435547,False,1076,1064,5.416393280029297,200
1775114159.644165,read,k3,2.418994903564453,False,1076,1064,8.32509994506836,200
1775114159.644494,read,k4,2.3539066314697266,False,1021,1017,8.998870849609375,200
1775114159.647424,read,k3,2.4428367614746094,False,1076,1064,11.584043502807617,200
1775114159.6487591,write,k3,1214.8561477661133,False,1066,1066,,201
1775114159.649162,write,k3,1216.5369987487793,False,1065,1065,,201
1775114159.649492,write,k2,1220.127820968628,False,989,989,,201
1775114159.6546361,read,k5,2.1200180053710938,False,1023,1014,307.6128959655762,200
1775114159.658838,write,k3,1220.9548950195312,False,1067,1067,,201
1775114159.659269,write,k2,1220.108985900879,False,990,990,,201
1775114159.6607401,read,k5,2.614736557006836,False,1024,1014,313.7168884277344,200
1775114159.6811461,write,k4,1217.421054840088,False,1018,1018,,201
1775114159.686549,read,k2,1.9371509552001953,False,1003,990,27.27675437927246,200
1775114159.6958091,read,k3,2.02178955078125,False,1078,1067,36.96894645690918,200
1775114159.701805,read,k3,2.094745635986328,False,1078,1067,42.96517372131348,200
1775114159.713568,read,k4,2.134084701538086,False,1023,1018,32.42301940917969,200
1775114159.7194319,read,k1,2.042055130004883,False,1038,1030,82.98301696777344,200
1775114159.725916,read,k2,2.2020339965820312,False,1003,990,66.64395332336426,200
1775114159.771661,write,k2,1223.1481075286865,False,991,991,,201
1775114159.780664,read,k5,3.789663314819336,False,1026,1014,433.635950088501,200
1775114159.782899,write,k3,1222.531795501709,False,1068,1068,,201
1775114159.783367,write,k1,1222.3021984100342,False,1031,1031,,201
1775114159.792471,read,k4,3.2320022583007812,False,1024,1018,111.32216453552246,200
1775114159.882456,write,k2,1223.010778427124,False,992,992,,201
1775114159.882737,write,k1,1218.2672023773193,False,1032,1032,,201
1775114159.885555,read,k2,1.4750957489013672,False,1003,992,3.0982494354248047,200
1775114159.889614,read,k2,2.3419857025146484,False,1003,992,7.157087326049805,200
1775114159.9375129,write,k3,1227.4971008300781,False,1069,1069,,201
1775114159.9531782,write,k5,1216.1099910736084,False,1015,1015,,201
1775114159.965269,read,k5,8.635759353637695,False,1029,1015,12.08806037902832,200
1775114159.972372,write,k1,1215.7328128814697,False,1033,1033,,201
1775114159.973942,write,k5,1213.1719589233398,False,1016,1016,,201
1775114159.9764009,write,k1,1214.1141891479492,False,1034,1034,,201
1775114159.9775062,write,k3,1216.2749767303467,False,1070,1070,,201
1775114159.980128,write,k5,1217.4909114837646,False,1017,1017,,201
1775114159.980494,write,k2,1216.7589664459229,False,993,993,,201
1775114159.981865,read,k3,3.5457611083984375,False,1079,1070,4.357814788818359,200
1775114159.982765,write,k2,1213.9880657196045,False,994,994,,201
1775114159.983191,write,k4,1215.06929397583,False,1019,1019,,201
1775114159.985821,read,k2,1.9068717956542969,False,1003,994,3.052949905395508,200
1775114159.9861891,read,k3,1.7592906951904297,False,1079,1070,8.682966232299805,200
1775114159.988375,read,k2,1.6970634460449219,False,1003,994,5.608797073364258,200
1775114159.990169,read,k5,1.3861656188964844,False,1029,1017,10.040998458862305,200
1775114159.998155,write,k3,1219.6059226989746,False,1071,1071,,201
1775114159.998399,read,k4,6.472110748291016,False,1028,1019,15.20681381225586,200
1775114159.998623,write,k2,1218.2033061981201,False,995,995,,201
1775114159.9994419,read,k3,6.829977035522461,False,1079,1071,1.2869834899902344,200
1775114159.999707,read,k4,2.476215362548828,False,1028,1019,16.51597023010254,200
1775114160.006582,read,k3,1.7299652099609375,False,1079,1071,8.42595100402832,200
1775114160.064285,write,k2,1215.4350280761719,False,996,996,,201
1775114160.069452,read,k3,1.6989707946777344,False,1079,1071,71.29597663879395,200
1775114160.084159,read,k2,6.747007369995117,False,1006,996,19.87314224243164,200
1775114160.086261,write,k5,1225.2540588378906,False,1018,1018,,201
1775114160.09312,read,k5,3.5071372985839844,False,1030,1018,6.8569183349609375,200
1775114160.0990741,write,k2,1219.926118850708,False,997,997,,201
1775114160.100168,read,k1,5.366086959838867,False,1042,1034,123.76713752746582,200
1775114160.1403909,write,k1,1217.6339626312256,False,1035,1035,,201
1775114160.143314,read,k5,0.9560585021972656,False,1030,1018,57.05404281616211,200
1775114160.240766,write,k5,1223.9899635314941,False,1019,1019,,201
1775114160.2409458,write,k2,1219.3820476531982,False,998,998,,201
1775114160.248209,read,k5,0.6561279296875,False,1030,1019,7.442235946655273,200
1775114160.259899,read,k3,1.3632774353027344,False,1079,1071,261.74402236938477,200
1775114160.3117561,write,k3,1259.572982788086,False,1072,1072,,201
1775114160.312476,write,k3,1245.2681064605713,False,1073,1073,,201
1775114160.31282,write,k2,1249.2387294769287,False,999,999,,201
1775114160.4276521,write,k4,1271.700143814087,False,1020,1020,,201
1775114160.4278579,write,k5,1270.5481052398682,False,1020,1020,,201
1775114160.435454,read,k5,1.0471343994140625,False,1032,1020,7.595062255859375,200
1775114160.435616,read,k3,0.7481575012207031,False,1080,1073,123.14105033874512,200
1775114160.440032,read,k3,0.6270408630371094,False,1080,1073,127.55703926086426,200
1775114160.465333,write,k1,1220.8011150360107,False,1036,1036,,201
1775114160.468828,read,k4,0.9331703186035156,False,1029,1020,41.17608070373535,200
1775114160.4753659,read,k1,1.4882087707519531,False,1045,1036,10.033369064331055,200
1775114160.555778,write,k5,1219.857931137085,False,1021,1021,,201
1775114160.556349,write,k3,1219.031810760498,False,1074,1074,,201
1775114160.5691211,read,k2,9.511947631835938,False,1009,999,256.29711151123047,200
1775114160.570154,read,k4,4.450798034667969,False,1029,1020,142.5008773803711,200
1775114160.581106,read,k5,3.498077392578125,False,1034,1021,25.318145751953125,200
1775114160.581425,read,k2,2.9039382934570312,False,1009,999,268.6042785644531,200
1775114160.588628,read,k5,2.613067626953125,False,1034,1021,32.849788665771484,200
1775114160.588969,read,k5,2.4199485778808594,False,1034,1021,33.19191932678223,200
1775114160.594529,read,k5,1.9450187683105469,False,1034,1021,38.752079010009766,200
1775114160.596419,read,k5,2.44903564453125,False,1034,1021,40.64297676086426,200
1775114160.636673,write,k2,1274.435043334961,False,1000,1000,,201
1775114160.637206,write,k3,1267.613172531128,False,1075,1075,,201
1775114160.637511,write,k4,1273.3089923858643,False,1021,1021,,201
1775114160.637844,write,k5,1277.9228687286377,False,1023,1023,,201
1775114160.63811,write,k5,1288.935899734497,False,1022,1022,,201
1775114160.638357,write,k3,1252.4199485778809,False,1076,1076,,201
1775114160.648889,read,k3,6.110191345214844,False,1081,1076,10.527849197387695,200
1775114160.64941,read,k4,7.57908821105957,False,1030,1021,11.897802352905273,200
1775114160.649737,read,k4,5.683183670043945,False,1030,1021,12.224674224853516,200
1775114160.6501231,read,k2,4.575967788696289,False,1010,1000,13.45205307006836,200
1775114160.661174,read,k5,6.995201110839844,False,1035,1023,23.059844970703125,200
1775114160.665758,read,k1,8.764982223510742,False,1046,1036,200.4222869873047,200
1775114160.7711449,write,k2,1238.3842468261719,False,1001,1001,,201
1775114160.783015,read,k1,1.3489723205566406,False,1047,1036,317.68226623535156,200
1775114160.8602118,write,k1,1215.5821323394775,False,1037,1037,,201
1775114160.860384,write,k2,1217.3359394073486,False,1002,1002,,201
1775114160.86048,write,k3,1214.1191959381104,False,1077,1077,,201
1775114160.864684,read,k4,1.1191368103027344,False,1031,1021,227.1728515625,200
1775114160.866942,read,k5,1.1439323425292969,False,1036,1023,228.83105278015137,200
1775114160.870048,read,k3,0.8490085601806641,False,1082,1077,9.567022323608398,200
1775114160.876968,read,k4,0.9999275207519531,False,1031,1021,239.4568920135498,200
1775114160.889462,read,k2,2.3317337036132812,False,1011,1002,29.07705307006836,200
1775114160.896072,read,k3,1.3849735260009766,False,1083,1077,35.592079162597656,200
1775114160.9031382,read,k1,1.1179447174072266,False,1048,1037,42.925119400024414,200
1775114160.916291,read,k4,4.017829895019531,False,1031,1021,278.7809371948242,200
1775114160.920301,write,k2,1266.4821147918701,False,1003,1003,,201
1775114160.920414,write,k5,1250.9403228759766,False,1026,1026,,201
1775114160.920501,write,k1,1260.9052658081055,False,1038,1038,,201
1775114160.920587,write,k3,1253.026008605957,False,1078,1078,,201
1775114160.920681,write,k4,1265.5479907989502,False,1022,1022,,201
1775114160.9207659,write,k4,1265.204906463623,False,1023,1023,,201
1775114160.920852,write,k5,1263.7839317321777,False,1024,1024,,201
1775114160.9209301,write,k5,1251.861810684204,False,1025,1025,,201
1775114160.92518,read,k4,0.7638931274414062,False,1031,1023,4.413127899169922,200
1775114160.927443,read,k5,0.453948974609375,False,1036,1026,6.510734558105469,200
1775114160.927955,read,k4,0.4851818084716797,False,1031,1023,7.188081741333008,200
1775114160.929429,read,k3,0.5979537963867188,False,1083,1078,8.841991424560547,200
1775114160.9296541,read,k4,0.7002353668212891,False,1031,1023,8.888006210327148,200
1775114160.929748,read,k2,0.6260871887207031,False,1012,1003,9.446859359741211,200
1775114160.932927,read,k4,0.43892860412597656,False,1031,1023,12.161016464233398,200
1775114160.934104,read,k5,0.45680999755859375,False,1037,1026,13.171911239624023,200
1775114160.9371588,read,k5,1.0921955108642578,False,1038,1026,16.22772216796875,200
1775114160.947867,read,k1,8.663177490234375,False,1049,1038,27.366161346435547,200
1775114160.9498508,write,k4,1219.2320823669434,False,1024,1024,,201
1775114160.950508,read,k5,2.866029739379883,False,1038,1026,29.576778411865234,200
1775114160.951187,read,k3,0.4601478576660156,False,1085,1078,30.599117279052734,200
1775114160.9579468,read,k5,2.2232532501220703,False,1039,1026,37.01591491699219,200
1775114161.041994,write,k5,1248.5568523406982,False,1028,1028,,201
1775114161.0422149,write,k5,1254.7876834869385,False,1027,1027,,201
1775114161.044076,write,k4,1249.8221397399902,False,1025,1025,,201
1775114161.1334789,write,k1,1241.6276931762695,False,1039,1039,,201
1775114161.1339269,write,k5,1244.199275970459,False,1029,1029,,201
1775114161.140404,read,k4,2.3810863494873047,False,1033,1025,96.32205963134766,200
1775114161.141322,read,k2,1.7421245574951172,False,1013,1003,221.01879119873047,200
1775114161.163667,write,k3,1219.3059921264648,False,1079,1079,,201
1775114161.258206,write,k2,1267.0807838439941,False,1004,1004,,201
1775114161.258893,write,k1,1247.1718788146973,False,1042,1042,,201
1775114161.25931,write,k4,1269.0308094024658,False,1028,1028,,201
1775114161.259656,write,k5,1257.4388980865479,False,1030,1030,,201
1775114161.259973,write,k1,1283.4422588348389,False,1041,1041,,201
1775114161.260271,write,k1,1287.6060009002686,False,1040,1040,,201
1775114161.260659,write,k2,1258.9828968048096,False,1005,1005,,201
1775114161.260948,write,k4,1255.6109428405762,False,1029,1029,,201
1775114161.261227,write,k2,1251.5950202941895,False,1006,1006,,201
1775114161.2615,write,k4,1280.925989151001,False,1026,1026,,201
1775114161.2629492,write,k4,1276.6730785369873,False,1027,1027,,201
1775114161.2665558,read,k4,4.380941390991211,False,1035,1029,3.604888916015625,200
1775114161.272192,read,k4,7.426023483276367,False,1035,1029,9.240865707397461,200
1775114161.272483,read,k4,9.436845779418945,False,1035,1029,9.533882141113281,200
1775114161.272749,read,k5,9.378671646118164,False,1042,1030,13.093233108520508,200
1775114161.274339,read,k5,7.351875305175781,False,1042,1030,14.681100845336914,200
1775114161.274826,read,k1,4.231929779052734,False,1051,1042,14.55378532409668,200
1775114161.2815201,read,k5,1.3587474822998047,False,1044,1030,21.862268447875977,200
1775114161.286985,read,k2,2.440214157104492,False,1015,1006,25.755882263183594,200
1775114161.288419,read,k3,2.398967742919922,False,1087,1079,124.75275993347168,200
1775114161.292783,read,k1,1.2450218200683594,False,1052,1042,32.51075744628906,200
1775114161.304617,read,k3,1.8849372863769531,False,1087,1079,140.94901084899902,200
1775114161.34569,write,k2,1254.9769878387451,False,1007,1007,,201
1775114161.346415,write,k2,1244.0500259399414,False,1008,1008,,201
1775114161.346982,write,k1,1225.0919342041016,False,1043,1043,,201
1775114161.359755,read,k3,4.639148712158203,False,1088,1079,196.08664512634277,200
1775114161.375686,read,k3,3.41796875,False,1088,1079,212.01491355895996,200
1775114161.38046,read,k1,2.808094024658203,False,1052,1043,33.47468376159668,200
1775114161.388124,write,k1,1242.490291595459,False,1044,1044,,201
1775114161.401262,read,k5,4.29081916809082,False,1044,1030,141.6020393371582,200
1775114161.463409,write,k2,1217.6513671875,False,1009,1009,,201
1775114161.5627148,write,k5,1246.9120025634766,False,1032,1032,,201
1775114161.5631769,write,k1,1246.2131977081299,False,1045,1045,,201
1775114161.563444,write,k5,1289.632797241211,False,1031,1031,,201
1775114161.5653021,write,k3,1248.7449645996094,False,1080,1080,,201
1775114161.566293,read,k2,1.6982555389404297,False,1019,1009,102.88691520690918,200
1775114161.5753732,read,k1,2.7010440826416016,False,1053,1045,12.192964553833008,200
1775114161.5942478,read,k2,7.4939727783203125,False,1019,1009,130.84006309509277,200
1775114161.704418,write,k5,1260.389804840088,False,1033,1033,,201
1775114161.7045991,write,k5,1254.53519821167,False,1034,1034,,201
1775114161.704726,write,k1,1220.6447124481201,False,1046,1046,,201
1775114161.706828,read,k2,0.8509159088134766,False,1019,1009,243.4229850769043,200
1775114161.710606,read,k1,0.6840229034423828,False,1053,1046,5.878925323486328,200
1775114161.712749,read,k3,0.6222724914550781,False,1089,1080,147.44806289672852,200
1775114161.7223601,read,k2,0.6351470947265625,False,1019,1009,258.9550018310547,200
1775114161.8281212,write,k2,1231.200933456421,False,1010,1010,,201
1775114161.8287098,write,k4,1224.858045578003,False,1030,1030,,201
1775114161.835999,read,k2,2.9599666595458984,False,1019,1010,7.87806510925293,200
1775114161.847896,read,k2,2.9060840606689453,False,1019,1010,19.77396011352539,200
1775114161.858558,read,k4,2.8028488159179688,False,1039,1030,29.844999313354492,200
1775114161.9103591,write,k5,1250.1628398895264,False,1036,1036,,201
1775114161.910893,write,k5,1265.9850120544434,False,1035,1035,,201
1775114161.911235,write,k1,1246.5908527374268,False,1047,1047,,201
1775114161.911571,write,k3,1268.4710025787354,False,1081,1081,,201
1775114161.9118872,write,k2,1236.0820770263672,False,1011,1011,,201
1775114161.9122372,write,k4,1257.3230266571045,False,1031,1031,,201
1775114161.915499,read,k2,3.1538009643554688,False,1019,1011,3.610849380493164,200
1775114161.91902,read,k3,2.7189254760742188,False,1091,1081,7.447004318237305,200
1775114161.92122,read,k4,2.1049976348876953,False,1039,1031,8.981943130493164,200
1775114161.922583,read,k5,2.0699501037597656,False,1048,1036,11.689901351928711,200
1775114161.9372091,read,k5,11.696100234985352,False,1048,1036,26.315927505493164,200
1775114162.014414,write,k1,1226.5691757202148,False,1048,1048,,201
1775114162.115513,write,k3,1242.2471046447754,False,1083,1083,,201
1775114162.11629,write,k3,1247.6551532745361,False,1082,1082,,201
1775114162.125521,read,k2,6.779909133911133,False,1020,1011,213.63091468811035,200
1775114162.139436,read,k4,2.418994903564453,False,1042,1031,227.19478607177734,200
1775114162.143946,write,k1,1213.5810852050781,False,1049,1049,,201
1775114162.144382,write,k3,1214.9202823638916,False,1084,1084,,201
1775114162.1446662,write,k2,1217.9489135742188,False,1012,1012,,201
1775114162.1449149,write,k5,1215.083122253418,False,1037,1037,,201
1775114162.147275,read,k4,2.2399425506591797,False,1042,1031,235.03494262695312,200
1775114162.148767,read,k2,2.2039413452148438,False,1020,1012,4.099845886230469,200
1775114162.153881,read,k5,1.132965087890625,False,1048,1037,8.964061737060547,200
1775114162.154172,write,k5,1219.459056854248,False,1038,1038,,201
1775114162.156352,read,k1,0.9121894836425781,False,1055,1049,12.406110763549805,200
1775114162.164139,read,k1,1.277923583984375,False,1055,1049,20.193099975585938,200
1775114162.224459,write,k2,1284.9736213684082,False,1013,1013,,201
1775114162.225021,write,k1,1254.9641132354736,False,1050,1050,,201
1775114162.225318,write,k5,1269.4509029388428,False,1039,1039,,201
1775114162.225565,write,k4,1274.298906326294,False,1032,1032,,201
1775114162.225785,write,k3,1286.4408493041992,False,1085,1085,,201
1775114162.229888,read,k3,1.6949176788330078,False,1096,1085,4.099845886230469,200
1775114162.231178,read,k3,2.2819042205810547,False,1096,1085,5.39088249206543,200
1775114162.231713,read,k1,2.4940967559814453,False,1056,1050,6.691932678222656,200
1775114162.231915,read,k1,1.6179084777832031,False,1056,1050,6.89387321472168,200
1775114162.234793,read,k5,1.4989376068115234,False,1049,1039,9.472131729125977,200
1775114162.241712,read,k1,2.7980804443359375,False,1057,1050,16.689062118530273,200
1775114162.24718,read,k5,2.540111541748047,False,1049,1039,21.85797691345215,200
1775114162.252846,read,k1,2.374887466430664,False,1058,1050,27.81987190246582,200
1775114162.2634082,read,k5,2.231121063232422,False,1049,1039,38.08712959289551,200
1775114162.316394,write,k5,1266.2742137908936,False,1040,1040,,201
1775114162.31681,write,k5,1262.3381614685059,False,1041,1041,,201
1775114162.317066,write,k4,1267.7440643310547,False,1033,1033,,201
1775114162.393762,write,k4,1247.1232414245605,False,1034,1034,,201
1775114162.3939688,write,k4,1227.550983428955,False,1035,1035,,201
1775114162.3941052,write,k5,1246.6685771942139,False,1042,1042,,201
1775114162.399204,read,k4,0.9579658508300781,False,1044,1035,5.234956741333008,200
1775114162.399925,read,k1,0.6821155548095703,False,1059,1050,174.90386962890625,200
1775114162.40226,read,k5,0.7538795471191406,False,1050,1042,8.154869079589844,200
1775114162.404288,read,k5,0.7407665252685547,False,1050,1042,10.181903839111328,200
1775114162.409801,read,k3,0.7219314575195312,False,1099,1085,184.01479721069336,200
1775114162.415355,read,k1,0.5960464477539062,False,1060,1050,190.33408164978027,200
1775114162.422942,read,k5,0.8368492126464844,False,1050,1042,28.83601188659668,200
1775114162.426644,read,k1,1.5239715576171875,False,1060,1050,201.62200927734375,200
1775114162.431254,read,k5,1.8322467803955078,False,1050,1042,37.14585304260254,200
1775114162.452287,read,k2,11.175870895385742,False,1021,1013,227.8270721435547,200
1775114162.4612339,read,k1,2.3260116577148438,False,1060,1050,236.20915412902832,200
1775114162.4733021,read,k2,2.038717269897461,False,1021,1013,248.76999855041504,200
1775114162.4877179,read,k4,3.695964813232422,False,1044,1035,93.74380111694336,200
1775114162.528147,write,k2,1231.8251132965088,False,1016,1016,,201
1775114162.5286489,write,k1,1267.038106918335,False,1051,1051,,201
1775114162.528995,write,k4,1244.0390586853027,False,1036,1036,,201
1775114162.529273,write,k2,1262.6349925994873,False,1014,1014,,201
1775114162.529537,write,k2,1252.5861263275146,False,1015,1015,,201
1775114162.529801,write,k1,1252.4480819702148,False,1052,1052,,201
1775114162.5300622,write,k5,1258.4929466247559,False,1044,1044,,201
1775114162.5305622,write,k5,1259.5701217651367,False,1043,1043,,201
1775114162.530893,write,k3,1266.4752006530762,False,1086,1086,,201
1775114162.532159,write,k3,1260.8401775360107,False,1087,1087,,201
1775114162.533581,read,k1,2.560853958129883,False,1061,1052,3.776073455810547,200
1775114162.537468,read,k3,3.5462379455566406,False,1099,1087,5.3081512451171875,200
1775114162.5378501,read,k3,3.5750865936279297,False,1099,1087,5.691051483154297,200
1775114162.538368,read,k5,1.6248226165771484,False,1051,1044,7.803916931152344,200
1775114162.540295,read,k4,1.1878013610839844,False,1046,1036,11.297941207885742,200
1775114162.5443451,read,k3,1.3036727905273438,False,1099,1087,12.18414306640625,200
1775114162.5496058,read,k2,1.9807815551757812,False,1021,1016,20.06697654724121,200
1775114162.582417,write,k3,1267.218828201294,False,1088,1088,,201
1775114162.61961,write,k2,1266.0291194915771,False,1017,1017,,201
1775114162.62877,write,k2,1244.6420192718506,False,1019,1019,,201
1775114162.62932,write,k2,1274.8677730560303,False,1018,1018,,201
1775114162.630456,read,k4,2.7539730072021484,False,1048,1036,101.45998001098633,200
1775114162.639851,read,k5,1.4491081237792969,False,1055,1044,109.2841625213623,200
1775114162.6831832,write,k4,1271.4197635650635,False,1037,1037,,201
1775114162.696739,write,k1,1222.9351997375488,False,1053,1053,,201
1775114162.83367,write,k5,1227.3359298706055,False,1046,1046,,201
1775114162.83445,write,k4,1260.9829902648926,False,1038,1038,,201
1775114162.835072,write,k5,1261.3179683685303,False,1045,1045,,201
1775114162.835741,write,k3,1262.542963027954,False,1089,1089,,201
1775114162.845133,read,k2,4.730939865112305,False,1024,1019,215.80982208251953,200
1775114162.846299,read,k2,3.7081241607666016,False,1024,1019,216.9780731201172,200
1775114162.8555,read,k2,2.6848316192626953,False,1024,1019,226.1788845062256,200
1775114162.8558981,read,k4,1.8968582153320312,False,1050,1038,21.450042724609375,200
1775114162.863012,read,k4,1.8091201782226562,False,1050,1038,28.563976287841797,200
1775114162.8660932,read,k2,1.8491744995117188,False,1024,1019,236.771821975708,200
1775114162.8737762,read,k3,2.7990341186523438,False,1103,1089,38.03300857543945,200
1775114162.880328,read,k1,2.287149429321289,False,1061,1053,183.58922004699707,200
1775114162.8869178,read,k5,3.837108612060547,False,1056,1046,51.84602737426758,200
1775114162.894044,read,k5,2.3941993713378906,False,1056,1046,58.96902084350586,200
1775114162.908105,read,k2,2.663135528564453,False,1024,1019,278.7809371948242,200
1775114162.935822,write,k5,1228.3620834350586,False,1047,1047,,201
1775114162.936469,write,k3,1221.8821048736572,False,1090,1090,,201
1775114162.9433541,read,k4,2.6009082794189453,False,1050,1038,108.9010238647461,200
1775114162.9889479,write,k4,1263.0729675292969,False,1039,1039,,201
1775114163.003241,read,k3,2.7799606323242188,False,1103,1090,66.77031517028809,200
1775114163.0115578,read,k3,2.8138160705566406,False,1103,1090,75.0892162322998,200
1775114163.059811,write,k3,1223.6669063568115,False,1091,1091,,201
1775114163.0670981,read,k1,3.1239986419677734,False,1062,1053,370.35489082336426,200
1775114163.094021,write,k1,1224.5311737060547,False,1054,1054,,201
1775114163.109878,read,k3,3.5500526428222656,False,1103,1091,50.06217956542969,200
1775114163.118676,read,k1,2.7267932891845703,False,1062,1054,24.65510368347168,200
1775114163.129573,read,k3,3.0329227447509766,False,1103,1091,69.75913047790527,200
1775114163.1372118,write,k3,1219.6900844573975,False,1092,1092,,201
1775114163.137967,write,k5,1223.2608795166016,False,1048,1048,,201
1775114163.1446111,read,k3,1.867055892944336,False,1103,1092,7.400035858154297,200
1775114163.191516,write,k4,1268.630027770996,False,1040,1040,,201
1775114163.192121,write,k4,1243.5877323150635,False,1041,1041,,201
1775114163.1924438,write,k2,1257.2319507598877,False,1020,1020,,201
1775114163.192744,write,k1,1268.8310146331787,False,1055,1055,,201
1775114163.197487,read,k2,2.768278121948242,False,1026,1020,5.039691925048828,200
1775114163.198418,read,k1,2.7282238006591797,False,1064,1055,5.67317008972168,200
1775114163.199594,read,k2,1.9931793212890625,False,1026,1020,7.14874267578125,200
1775114163.207618,read,k1,1.9421577453613281,False,1064,1055,14.87112045288086,200
1775114163.2949529,write,k3,1274.9898433685303,False,1093,1093,,201
1775114163.3757691,write,k3,1227.8399467468262,False,1094,1094,,201
1775114163.376553,write,k3,1226.7787456512451,False,1095,1095,,201
1775114163.3770602,write,k4,1259.260892868042,False,1042,1042,,201
1775114163.37752,write,k4,1231.3239574432373,False,1043,1043,,201
1775114163.378013,write,k5,1214.9059772491455,False,1049,1049,,201
1775114163.378301,write,k3,1215.817928314209,False,1096,1096,,201
1775114163.385115,write,k4,1216.1400318145752,False,1044,1044,,201
1775114163.386518,read,k2,4.71186637878418,False,1027,1020,194.06795501708984,200
1775114163.3868911,read,k2,3.548860549926758,False,1027,1020,194.44680213928223,200
1775114163.387158,read,k4,4.515171051025391,False,1052,1044,2.0449161529541016,200
1775114163.388831,read,k1,5.048036575317383,False,1064,1055,196.08497619628906,200
1775114163.389735,read,k2,1.8770694732666016,False,1027,1020,197.28994369506836,200
1775114163.390342,read,k5,1.1649131774902344,False,1060,1049,12.3291015625,200
1775114163.392355,read,k1,1.148223876953125,False,1066,1055,199.61023330688477,200
1775114163.393379,read,k1,0.9379386901855469,False,1066,1055,200.63424110412598,200
1775114163.4009259,read,k2,1.4848709106445312,False,1027,1020,208.4789276123047,200
1775114163.4441311,write,k1,1210.4430198669434,False,1057,1057,,201
1775114163.444754,write,k1,1217.6201343536377,False,1056,1056,,201
1775114163.450221,read,k5,2.101898193359375,False,1062,1049,72.20602035522461,200
1775114163.458223,read,k3,1.5909671783447266,False,1106,1096,79.92005348205566,200
1775114163.4940102,write,k3,1253.1118392944336,False,1097,1097,,201
1775114163.494217,write,k1,1255.6610107421875,False,1058,1058,,201
1775114163.49439,write,k5,1223.973035812378,False,1050,1050,,201
1775114163.502252,read,k4,1.543283462524414,False,1053,1044,117.13790893554688,200
1775114163.502634,read,k5,1.5289783477783203,False,1062,1050,8.244037628173828,200
1775114163.513612,read,k4,1.825094223022461,False,1053,1044,128.49688529968262,200
1775114163.558454,write,k3,1233.5779666900635,False,1099,1099,,201
1775114163.559097,write,k3,1235.9740734100342,False,1098,1098,,201
1775114163.559424,write,k1,1235.671043395996,False,1059,1059,,201
1775114163.620113,write,k1,1218.189001083374,False,1060,1060,,201
1775114163.6207192,write,k2,1212.4543190002441,False,1021,1021,,201
1775114163.706791,write,k1,1215.688943862915,False,1061,1061,,201
1775114163.759337,write,k5,1227.0426750183105,False,1051,1051,,201
1775114163.759889,write,k4,1228.3692359924316,False,1045,1045,,201
1775114163.760155,write,k4,1222.2461700439453,False,1046,1046,,201
1775114163.760383,write,k3,1212.3157978057861,False,1100,1100,,201
1775114163.760597,write,k4,1211.6010189056396,False,1048,1048,,201
1775114163.760821,write,k5,1221.437931060791,False,1052,1052,,201
1775114163.761056,write,k5,1212.7130031585693,False,1054,1054,,201
1775114163.761302,write,k5,1219.2728519439697,False,1053,1053,,201
1775114163.761558,write,k4,1220.5488681793213,False,1047,1047,,201
1775114163.765078,read,k5,2.7680397033691406,False,1063,1054,3.772735595703125,200
1775114163.765407,read,k4,2.5153160095214844,False,1054,1048,3.8480758666992188,200
1775114163.769995,read,k3,4.110097885131836,False,1108,1100,9.608983993530273,200
1775114163.774488,read,k2,8.326292037963867,False,1030,1021,153.76782417297363,200
1775114163.77888,read,k4,3.8771629333496094,False,1054,1048,17.319917678833008,200
1775114163.779232,read,k3,8.348226547241211,False,1110,1100,18.847942352294922,200
1775114163.7833972,write,k3,1223.7458229064941,False,1101,1101,,201
1775114163.78581,read,k4,2.293825149536133,False,1055,1048,24.251222610473633,200
1775114163.7976792,write,k3,1213.4740352630615,False,1102,1102,,201
1775114163.8621812,write,k5,1228.2190322875977,False,1055,1055,,201
1775114163.862884,write,k2,1229.6271324157715,False,1022,1022,,201
1775114163.863803,write,k4,1214.7409915924072,False,1049,1049,,201
1775114163.87094,read,k4,1.9001960754394531,False,1055,1049,7.133960723876953,200
1775114163.878803,read,k1,2.299070358276367,False,1071,1061,172.011137008667,200
1775114163.893499,read,k3,2.2509098052978516,False,1110,1102,95.82114219665527,200
1775114163.9070652,write,k2,1215.2211666107178,False,1023,1023,,201
1775114163.915694,read,k3,1.8918514251708984,False,1111,1102,118.01505088806152,200
1775114163.921878,write,k4,1214.6451473236084,False,1050,1050,,201
1775114163.928771,read,k1,2.197265625,False,1071,1061,221.98104858398438,200
1775114163.93263,read,k5,1.996755599975586,False,1068,1055,70.4500675201416,200
1775114164.069174,write,k2,1229.7940254211426,False,1024,1024,,201
1775114164.069636,write,k3,1226.2749671936035,False,1103,1103,,201
1775114164.082216,read,k3,2.0029544830322266,False,1112,1103,12.578248977661133,200
1775114164.08253,read,k1,1.7437934875488281,False,1071,1061,375.74315071105957,200
1775114164.087021,write,k5,1215.414047241211,False,1056,1056,,201
1775114164.088459,read,k2,1.2969970703125,False,1034,1024,19.284963607788086,200
1775114164.0925179,read,k3,1.3802051544189453,False,1112,1103,22.880077362060547,200
1775114164.096592,read,k2,0.9481906890869141,False,1034,1024,27.41718292236328,200
1775114164.101259,read,k4,1.589059829711914,False,1056,1050,179.3808937072754,200
1775114164.162406,write,k2,1247.765064239502,False,1025,1025,,201
1775114164.167379,write,k1,1214.674949645996,False,1062,1062,,201
1775114164.168336,write,k5,1223.8740921020508,False,1057,1057,,201
1775114164.17118,read,k5,0.7710456848144531,False,1070,1057,2.8417110443115234,200
1775114164.180819,read,k2,0.7128715515136719,False,1035,1025,18.411874771118164,200
1775114164.191498,read,k4,0.8146762847900391,False,1057,1050,269.6208953857422,200
1775114164.263117,write,k5,1242.5041198730469,False,1058,1058,,201
1775114164.294613,write,k4,1217.5202369689941,False,1051,1051,,201
1775114164.3743172,write,k1,1227.0960807800293,False,1063,1063,,201
1775114164.374966,write,k4,1224.50590133667,False,1052,1052,,201
1775114164.375367,write,k2,1242.351770401001,False,1026,1026,,201
1775114164.387841,read,k1,6.871938705444336,False,1071,1063,13.522863388061523,200
1775114164.388403,read,k3,6.036043167114258,False,1115,1103,318.76611709594727,200
1775114164.397452,read,k4,3.3540725708007812,False,1057,1052,22.481918334960938,200
1775114164.401549,read,k1,3.9069652557373047,False,1071,1063,27.23097801208496,200
1775114164.4107342,read,k1,2.0799636840820312,False,1071,1063,36.41796112060547,200
1775114164.4316,write,k3,1230.3800582885742,False,1104,1104,,201
1775114164.432095,write,k1,1236.7501258850098,False,1064,1064,,201
1775114164.4526012,read,k3,9.245157241821289,False,1117,1104,21.00086212158203,200
1775114164.464184,write,k2,1254.1139125823975,False,1027,1027,,201
1775114164.464511,write,k5,1259.732961654663,False,1059,1059,,201
1775114164.473728,read,k4,1.9221305847167969,False,1057,1052,98.75988960266113,200
1775114164.5676732,write,k5,1264.72806930542,False,1060,1060,,201
1775114164.6292999,write,k4,1224.3809700012207,False,1053,1053,,201
1775114164.629764,write,k1,1236.299991607666,False,1067,1067,,201
1775114164.630071,write,k5,1233.2608699798584,False,1062,1062,,201
1775114164.630432,write,k1,1246.1590766906738,False,1066,1066,,201
1775114164.6307998,write,k1,1246.8202114105225,False,1065,1065,,201
1775114164.631216,write,k5,1237.3759746551514,False,1061,1061,,201
1775114164.631773,write,k3,1234.5688343048096,False,1105,1105,,201
1775114164.636609,read,k1,2.92205810546875,False,1072,1067,5.80596923828125,200
1775114164.6380858,read,k2,1.264810562133789,False,1035,1027,173.90203475952148,200
1775114164.640637,read,k2,1.4598369598388672,False,1035,1027,176.4512062072754,200
1775114164.6408992,read,k1,2.0301342010498047,False,1072,1067,10.097980499267578,200
1775114164.642103,read,k5,2.0952224731445312,False,1076,1062,10.88571548461914,200
1775114164.6427882,read,k1,1.6510486602783203,False,1072,1067,11.986970901489258,200
1775114164.654463,read,k1,4.7168731689453125,False,1073,1067,23.65708351135254,200
1775114164.655736,read,k5,4.834175109863281,False,1076,1062,24.51777458190918,200
1775114164.661448,read,k1,1.909017562866211,False,1074,1067,30.642986297607422,200
1775114164.663691,read,k1,1.743316650390625,False,1074,1067,32.887935638427734,200
1775114164.6677902,read,k2,1.7578601837158203,False,1036,1027,203.60398292541504,200
1775114164.674602,write,k3,1227.9889583587646,False,1106,1106,,201
1775114164.694649,write,k1,1219.1081047058105,False,1068,1068,,201
1775114164.699991,read,k2,2.9332637786865234,False,1037,1027,235.80503463745117,200
1775114164.711817,read,k2,2.628326416015625,False,1037,1027,247.63011932373047,200
1775114164.730288,read,k5,8.661031723022461,False,1077,1062,99.06673431396484,200
1775114164.7416792,read,k3,2.8662681579589844,False,1118,1106,67.07501411437988,200
1775114164.747689,write,k1,1245.9020614624023,False,1069,1069,,201
1775114164.748112,write,k2,1239.5708560943604,False,1028,1028,,201
1775114164.753696,read,k3,2.519845962524414,False,1118,1106,79.09393310546875,200
1775114164.766612,write,k3,1250.9169578552246,False,1107,1107,,201
1775114164.7778912,write,k3,1213.7761116027832,False,1108,1108,,201
1775114164.77838,write,k1,1215.2538299560547,False,1070,1070,,201
1775114164.78607,write,k4,1217.8068161010742,False,1054,1054,,201
1775114164.80372,read,k2,14.87421989440918,False,1039,1028,55.60493469238281,200
1775114164.871237,write,k2,1248.091220855713,False,1029,1029,,201
1775114164.872004,write,k2,1248.309850692749,False,1029,1029,,201
1775114164.8849149,read,k5,4.260063171386719,False,1078,1062,253.69501113891602,200
1775114164.893298,read,k5,2.7740001678466797,False,1078,1062,262.07900047302246,200
1775114164.9337,write,k5,1225.501298904419,False,1063,1063,,201
1775114165.008265,write,k5,1231.6789627075195,False,1066,1066,,201
1775114165.0088902,write,k2,1229.4692993164062,False,1031,1031,,201
1775114165.009297,write,k5,1241.2641048431396,False,1065,1065,,201
1775114165.009619,write,k3,1239.137887954712,False,1110,1110,,201
1775114165.0099032,write,k4,1228.6579608917236,False,1055,1055,,201
1775114165.010253,write,k3,1242.656946182251,False,1109,1109,,201
1775114165.010617,write,k5,1247.4119663238525,False,1064,1064,,201
1775114165.010925,write,k2,1245.445728302002,False,1030,1030,,201
1775114165.0124218,write,k5,1219.0330028533936,False,1067,1067,,201
1775114165.012796,write,k2,1217.8380489349365,False,1032,1032,,201
1775114165.017428,read,k2,3.9980411529541016,False,1040,1032,4.6291351318359375,200
1775114165.018502,read,k3,4.348278045654297,False,1120,1110,8.248090744018555,200
1775114165.020288,read,k3,2.6569366455078125,False,1120,1110,10.032892227172852,200
1775114165.0278778,read,k5,7.047176361083984,False,1080,1067,15.451908111572266,200
1775114165.028404,read,k4,7.2078704833984375,False,1062,1055,18.498897552490234,200
1775114165.039257,read,k4,2.81524658203125,False,1062,1055,29.35004234313965,200
1775114165.0484831,write,k1,1244.71116065979,False,1071,1071,,201
1775114165.056994,read,k1,2.5420188903808594,False,1079,1071,8.508920669555664,200
1775114165.082752,write,k2,1217.0698642730713,False,1033,1033,,201
1775114165.094581,read,k5,3.8068294525146484,False,1080,1067,82.15498924255371,200
1775114165.104606,read,k5,3.0319690704345703,False,1080,1067,92.18096733093262,200
1775114165.105073,write,k5,1234.004259109497,False,1068,1068,,201
1775114165.110477,read,k4,2.6521682739257812,False,1062,1055,100.5709171295166,200
1775114165.15244,write,k3,1248.4538555145264,False,1111,1111,,201
1775114165.157363,read,k3,2.351045608520508,False,1123,1111,4.923343658447266,200
1775114165.164431,read,k2,2.263784408569336,False,1042,1033,81.67910575866699,200
1775114165.173684,read,k1,2.2699832916259766,False,1079,1071,125.1990795135498,200
1775114165.1746671,write,k3,1236.396074295044,False,1112,1112,,201
1775114165.175576,write,k2,1250.5779266357422,False,1034,1034,,201
1775114165.3113332,write,k5,1220.768928527832,False,1069,1069,,201
1775114165.3171232,write,k4,1222.0921516418457,False,1056,1056,,201
1775114165.355975,write,k5,1252.7940273284912,False,1070,1070,,201
1775114165.381788,write,k2,1214.8277759552002,False,1035,1035,,201
1775114165.3844469,write,k4,1210.824966430664,False,1057,1057,,201
1775114165.437796,write,k3,1237.0049953460693,False,1113,1113,,201
1775114165.490035,write,k3,1218.8999652862549,False,1114,1114,,201
1775114165.497514,read,k4,1.703023910522461,False,1064,1057,113.06405067443848,200
1775114165.502775,read,k2,1.3530254364013672,False,1044,1035,120.9878921508789,200
1775114165.5112581,read,k4,1.461029052734375,False,1064,1057,126.81007385253906,200
1775114165.522339,read,k5,1.38092041015625,False,1082,1070,166.3680076599121,200
1775114165.5388532,write,k3,1237.766981124878,False,1115,1115,,201
1775114165.618386,write,k3,1235.6650829315186,False,1116,1116,,201
1775114165.6185951,write,k3,1218.2960510253906,False,1117,1117,,201
1775114165.626886,read,k4,1.348733901977539,False,1066,1057,242.43807792663574,200
1775114165.656689,write,k5,1236.8886470794678,False,1071,1071,,201
1775114165.662257,read,k1,1.2869834899902344,False,1082,1071,613.7771606445312,200
1775114165.669246,write,k5,1226.5288829803467,False,1072,1072,,201
1775114165.6727061,write,k5,1215.7618999481201,False,1073,1073,,201
1775114165.6736581,read,k4,1.7309188842773438,False,1066,1057,289.2112731933594,200
1775114165.6750789,read,k3,1.2447834014892578,False,1124,1117,56.48398399353027,200
1775114165.675616,read,k3,0.7379055023193359,False,1124,1117,57.021141052246094,200
1775114165.68525,read,k1,1.9938945770263672,False,1082,1071,636.7700099945068,200
1775114165.685698,write,k5,1215.066909790039,False,1074,1074,,201
1775114165.6914718,read,k1,1.608133316040039,False,1083,1071,642.9898738861084,200
1775114165.6916962,read,k3,2.110004425048828,False,1124,1117,73.09913635253906,200
1775114165.694798,read,k1,1.5900135040283203,False,1083,1071,646.3158130645752,200
1775114165.701833,read,k3,2.1941661834716797,False,1124,1117,83.2359790802002,200
1775114165.706357,read,k1,1.7600059509277344,False,1083,1071,657.8738689422607,200
1775114165.7155242,write,k1,1230.3760051727295,False,1072,1072,,201
1775114165.7943099,write,k3,1224.5368957519531,False,1118,1118,,201
1775114165.851552,write,k5,1216.9549465179443,False,1075,1075,,201
1775114165.8672671,write,k1,1225.8379459381104,False,1073,1073,,201
1775114165.870954,write,k1,1220.4179763793945,False,1074,1074,,201
1775114165.878531,write,k2,1225.2299785614014,False,1036,1036,,201
1775114165.887629,write,k5,1249.3889331817627,False,1076,1076,,201
1775114165.8898098,write,k2,1214.134931564331,False,1037,1037,,201
1775114165.889956,write,k4,1217.2138690948486,False,1058,1058,,201
1775114165.893995,read,k3,0.9629726409912109,False,1124,1118,99.68781471252441,200
1775114165.8980758,read,k5,0.6196498870849609,False,1086,1076,10.44607162475586,200
1775114165.90519,read,k2,0.7648468017578125,False,1048,1037,15.380144119262695,200
1775114165.9220202,write,k5,1237.01810836792,False,1077,1077,,201
1775114165.935711,read,k3,2.7480125427246094,False,1124,1118,141.4039134979248,200
1775114165.950149,read,k1,3.3609867095947266,False,1085,1074,79.19502258300781,200
1775114165.972438,write,k4,1220.6792831420898,False,1059,1059,,201
1775114165.9726012,write,k2,1220.1149463653564,False,1038,1038,,201
1775114165.9764118,write,k4,1214.8332595825195,False,1060,1060,,201
1775114165.980636,read,k5,1.043081283569336,False,1087,1077,58.61616134643555,200
1775114165.9824362,read,k1,0.9028911590576172,False,1085,1074,111.48405075073242,200
1775114165.987263,read,k1,1.5070438385009766,False,1085,1074,116.31107330322266,200
1775114165.987353,read,k1,1.4948844909667969,False,1085,1074,116.40119552612305,200
1775114165.992532,write,k4,1217.7419662475586,False,1061,1061,,201
1775114166.0072582,read,k1,7.996797561645508,False,1087,1074,136.3050937652588,200
1775114166.007437,read,k2,9.593963623046875,False,1048,1038,34.834861755371094,200
1775114166.0189,read,k5,1.374959945678711,False,1087,1077,96.87995910644531,200
1775114166.019029,write,k2,1239.7451400756836,False,1039,1039,,201
1775114166.0191412,write,k5,1238.7449741363525,False,1078,1078,,201
1775114166.022785,read,k1,1.1301040649414062,False,1087,1074,151.83305740356445,200
1775114166.025429,write,k4,1213.5932445526123,False,1062,1062,,201
1775114166.025911,read,k1,1.6202926635742188,False,1087,1074,154.95896339416504,200
1775114166.0292952,read,k1,1.373291015625,False,1087,1074,158.3421230316162,200
1775114166.0303628,read,k4,0.7901191711425781,False,1070,1062,4.93311882019043,200
1775114166.031612,read,k5,0.7579326629638672,False,1087,1078,12.47096061706543,200
1775114166.0985768,write,k3,1217.0581817626953,False,1119,1119,,201
1775114166.117074,write,k5,1220.9372520446777,False,1079,1079,,201
1775114166.122968,read,k4,0.6809234619140625,False,1070,1062,97.54014015197754,200
1775114166.1531599,read,k2,20.582199096679688,False,1050,1039,134.13000106811523,200
1775114166.1553578,write,k3,1219.5069789886475,False,1120,1120,,201
1775114166.231894,write,k5,1218.0860042572021,False,1080,1080,,201
1775114166.232088,write,k2,1221.0609912872314,False,1040,1040,,201
1775114166.232225,write,k1,1219.3479537963867,False,1075,1075,,201
1775114166.238633,read,k4,1.1110305786132812,False,1071,1062,213.20414543151855,200
1775114166.2393322,read,k4,0.6580352783203125,False,1071,1062,213.90318870544434,200
1775114166.2425,write,k1,1216.5210247039795,False,1077,1077,,201
1775114166.242641,write,k1,1220.6981182098389,False,1076,1076,,201
1775114166.242762,write,k3,1223.6192226409912,False,1121,1121,,201
1775114166.242877,write,k1,1215.9769535064697,False,1078,1078,,201
1775114166.2429812,write,k3,1223.3760356903076,False,1122,1122,,201
1775114166.244926,read,k4,0.8299350738525391,False,1071,1062,219.4981575012207,200
1775114166.245119,read,k5,0.6589889526367188,False,1088,1080,13.226032257080078,200
1775114166.250655,read,k2,0.5681514739990234,False,1050,1040,18.565893173217773,200
1775114166.2520928,read,k1,1.0256767272949219,False,1090,1078,9.215116500854492,200
1775114166.252337,read,k4,1.0900497436523438,False,1073,1062,226.90916061401367,200
1775114166.255351,read,k3,0.9911060333251953,False,1128,1122,12.368917465209961,200
1775114166.25549,read,k5,0.8859634399414062,False,1088,1080,23.59604835510254,200
1775114166.259361,write,k3,1222.3320007324219,False,1123,1123,,201
1775114166.264395,write,k1,1218.7581062316895,False,1079,1079,,201
1775114166.26495,read,k4,0.9100437164306641,False,1073,1062,239.52102661132812,200
1775114166.278375,write,k2,1219.092845916748,False,1041,1041,,201
1775114166.291378,read,k3,3.957033157348633,False,1128,1123,32.015085220336914,200
1775114166.323015,write,k5,1216.3922786712646,False,1081,1081,,201
1775114166.355315,write,k2,1235.5787754058838,False,1042,1042,,201
1775114166.365997,read,k3,3.4329891204833984,False,1130,1123,106.63080215454102,200
1775114166.3768792,read,k2,3.6809444427490234,False,1052,1042,21.563053131103516,200
1775114166.39949,write,k2,1215.1029109954834,False,1043,1043,,201
1775114166.399953,write,k4,1222.1179008483887,False,1063,1063,,201
1775114166.4002619,write,k1,1224.311113357544,False,1080,1080,,201
1775114166.408003,read,k1,2.2509098052978516,False,1091,1080,7.737874984741211,200
1775114166.410872,read,k2,1.538991928100586,False,1052,1043,11.381864547729492,200
1775114166.5344481,write,k4,1215.4028415679932,False,1064,1064,,201
1775114166.535305,write,k1,1218.0001735687256,False,1081,1081,,201
1775114166.587229,write,k5,1224.8589992523193,False,1082,1082,,201
1775114166.618591,write,k3,1234.9069118499756,False,1124,1124,,201
1775114166.6230311,write,k1,1227.0350456237793,False,1082,1082,,201
1775114166.685072,write,k2,1235.1069450378418,False,1044,1044,,201
1775114166.764231,write,k4,1215.9419059753418,False,1066,1066,,201
1775114166.764884,write,k4,1236.4170551300049,False,1065,1065,,201
1775114166.775033,read,k5,4.225969314575195,False,1092,1082,187.80088424682617,200
1775114166.7843149,read,k4,3.132343292236328,False,1076,1066,19.428014755249023,200
1775114166.7984672,read,k5,3.4949779510498047,False,1093,1082,211.23480796813965,200
1775114166.8072839,read,k3,3.4089088439941406,False,1132,1124,188.690185546875,200
1775114166.864963,write,k2,1235.9178066253662,False,1045,1045,,201
1775114166.87358,write,k2,1235.9278202056885,False,1046,1046,,201
1775114166.8784032,read,k2,3.3190250396728516,False,1054,1046,4.823207855224609,200
1775114166.884796,write,k5,1212.6882076263428,False,1083,1083,,201
1775114166.8948438,read,k4,1.5058517456054688,False,1076,1066,129.960298538208,200
1775114166.934429,write,k1,1249.8359680175781,False,1083,1083,,201
1775114166.9349172,write,k2,1221.9641208648682,False,1047,1047,,201
1775114166.935213,write,k5,1232.9411506652832,False,1084,1084,,201
1775114166.939647,write,k5,1216.918706893921,False,1085,1085,,201
1775114166.945877,read,k5,3.3102035522460938,False,1093,1085,6.227016448974609,200
1775114166.946269,read,k1,3.1881332397460938,False,1095,1083,11.841058731079102,200
1775114166.947752,read,k5,2.7556419372558594,False,1093,1085,8.104324340820312,200
1775114166.9571998,read,k3,2.502918243408203,False,1133,1124,338.6070728302002,200
1775114167.03583,write,k5,1230.9901714324951,False,1086,1086,,201
1775114167.0818639,write,k1,1224.7109413146973,False,1084,1084,,201
1775114167.133355,write,k2,1237.3950481414795,False,1048,1048,,201
1775114167.1340249,write,k4,1239.055871963501,False,1069,1069,,201
1775114167.1344352,write,k4,1249.4401931762695,False,1068,1068,,201
1775114167.13479,write,k1,1233.124017715454,False,1085,1085,,201
1775114167.135118,write,k4,1250.5741119384766,False,1067,1067,,201
1775114167.1361148,write,k5,1225.5072593688965,False,1087,1087,,201
1775114167.1383822,read,k3,2.1398067474365234,False,1133,1124,519.7880268096924,200
1775114167.14181,read,k4,2.6950836181640625,False,1077,1069,6.690025329589844,200
1775114167.1421509,read,k1,3.618001937866211,False,1097,1085,7.361173629760742,200
1775114167.143439,read,k2,3.010988235473633,False,1057,1048,10.085821151733398,200
1775114167.147265,read,k1,3.3130645751953125,False,1097,1085,12.471914291381836,200
1775114167.149277,read,k2,4.8618316650390625,False,1058,1048,15.922784805297852,200
1775114167.14991,read,k1,2.5072097778320312,False,1097,1085,15.117883682250977,200
1775114167.1611001,read,k3,3.165006637573242,False,1133,1124,542.5069332122803,200
1775114167.161509,read,k4,3.2067298889160156,False,1077,1069,26.38983726501465,200
1775114167.161812,read,k4,8.491992950439453,False,1077,1069,26.692867279052734,200
1775114167.1687,read,k3,3.8318634033203125,False,1133,1124,550.1070022583008,200
1775114167.170094,read,k2,3.2448768615722656,False,1059,1048,36.73982620239258,200
1775114167.175806,read,k4,3.025054931640625,False,1077,1069,40.68493843078613,200
1775114167.184064,read,k5,2.9480457305908203,False,1093,1087,47.94597625732422,200
1775114167.187864,write,k3,1225.6078720092773,False,1125,1125,,201
1775114167.193934,read,k1,3.6263465881347656,False,1099,1085,59.13996696472168,200
1775114167.2003672,read,k5,2.653837203979492,False,1093,1087,64.24903869628906,200
1775114167.206833,read,k1,2.5229454040527344,False,1099,1085,72.03888893127441,200
1775114167.2182348,read,k5,2.4518966674804688,False,1093,1087,82.11708068847656,200
1775114167.237344,write,k2,1222.316026687622,False,1049,1049,,201
1775114167.237782,write,k4,1214.0977382659912,False,1070,1070,,201
1775114167.238097,write,k1,1252.4499893188477,False,1086,1086,,201
1775114167.238362,write,k1,1247.2848892211914,False,1087,1087,,201
1775114167.244628,read,k1,2.8450489044189453,False,1099,1087,6.26373291015625,200
1775114167.2475278,read,k1,1.5807151794433594,False,1099,1087,9.165048599243164,200
1775114167.250889,read,k1,1.409769058227539,False,1099,1087,12.524843215942383,200
1775114167.257845,read,k1,1.8322467803955078,False,1100,1087,19.476890563964844,200
1775114167.267431,write,k5,1235.4989051818848,False,1088,1088,,201
1775114167.268091,write,k1,1232.551097869873,False,1088,1088,,201
1775114167.268647,write,k1,1232.893943786621,False,1089,1089,,201
1775114167.2705522,read,k2,1.7788410186767578,False,1061,1049,33.206939697265625,200
1775114167.277007,read,k4,3.804922103881836,False,1078,1070,39.22319412231445,200
1775114167.3393621,write,k2,1235.7091903686523,False,1050,1050,,201
1775114167.384487,write,k4,1219.7391986846924,False,1071,1071,,201
1775114167.3851972,write,k1,1223.6659526824951,False,1090,1090,,201
1775114167.453032,write,k3,1215.1908874511719,False,1126,1126,,201
1775114167.4589498,read,k5,2.907991409301758,False,1095,1088,191.51687622070312,200
1775114167.49231,write,k4,1247.650146484375,False,1072,1072,,201
1775114167.4929228,write,k4,1245.248794555664,False,1073,1073,,201
1775114167.493362,write,k3,1241.9428825378418,False,1128,1128,,201
1775114167.4937322,write,k5,1235.530138015747,False,1089,1089,,201
1775114167.4940832,write,k2,1234.0290546417236,False,1051,1051,,201
1775114167.4944189,write,k2,1219.4108963012695,False,1052,1052,,201
1775114167.494752,write,k5,1229.4931411743164,False,1090,1090,,201
1775114167.4951,write,k3,1246.0730075836182,False,1127,1127,,201
1775114167.495611,write,k4,1226.3360023498535,False,1074,1074,,201
1775114167.506794,read,k1,5.789041519165039,False,1104,1090,121.5970516204834,200
1775114167.5071082,read,k2,11.384010314941406,False,1062,1052,12.68911361694336,200
1775114167.5073779,read,k4,7.322072982788086,False,1080,1074,11.766910552978516,200
1775114167.5076501,read,k1,8.394002914428711,False,1102,1090,122.45416641235352,200
1775114167.517736,read,k1,3.317117691040039,False,1104,1090,132.5371265411377,200
1775114167.5321221,read,k2,3.0541419982910156,False,1065,1052,37.69803047180176,200
1775114167.543343,write,k3,1240.556001663208,False,1129,1129,,201
1775114167.545344,write,k3,1219.7859287261963,False,1130,1130,,201
1775114167.5526621,read,k1,4.451990127563477,False,1104,1090,167.464017868042,200
1775114167.554053,read,k2,2.458810806274414,False,1065,1052,59.632062911987305,200
1775114167.5632372,read,k5,4.441261291503906,False,1095,1090,68.4819221496582,200
1775114167.564894,read,k3,4.556179046630859,False,1138,1130,19.549131393432617,200
1775114167.569382,read,k1,2.2988319396972656,False,1104,1090,184.18407440185547,200
1775114167.57422,read,k4,2.6328563690185547,False,1082,1074,78.60589027404785,200
1775114167.574668,read,k4,1.7647743225097656,False,1082,1074,79.0557861328125,200
1775114167.579034,read,k2,2.3360252380371094,False,1065,1052,84.61213111877441,200
1775114167.585057,read,k2,2.330780029296875,False,1065,1052,90.63506126403809,200
1775114167.598625,read,k1,2.0940303802490234,False,1105,1090,213.42802047729492,200
1775114167.6019788,read,k4,1.7430782318115234,False,1082,1074,106.3680648803711,200
1775114167.6134279,write,k1,1227.2088527679443,False,1091,1091,,201
1775114167.624009,write,k5,1215.743064880371,False,1091,1091,,201
1775114167.633945,read,k3,2.215147018432617,False,1138,1130,88.59896659851074,200
1775114167.645893,write,k2,1231.1091423034668,False,1053,1053,,201
1775114167.6467788,write,k3,1227.3437976837158,False,1131,1131,,201
1775114167.6564329,read,k5,2.009868621826172,False,1096,1091,32.42206573486328,200
1775114167.661885,read,k2,1.543283462524414,False,1066,1053,15.991926193237305,200
1775114167.669898,read,k4,3.016948699951172,False,1082,1074,174.285888671875,200
1775114167.7547038,write,k4,1217.1592712402344,False,1075,1075,,201
1775114167.782667,write,k3,1237.691879272461,False,1132,1132,,201
1775114167.847054,write,k4,1251.2402534484863,False,1076,1076,,201
1775114167.850212,write,k1,1220.7930088043213,False,1092,1092,,201
1775114167.854486,write,k5,1217.822790145874,False,1092,1092,,201
1775114167.9084458,write,k1,1220.7131385803223,False,1093,1093,,201
1775114167.941941,read,k3,23.642778396606445,False,1139,1132,159.271240234375,200
1775114167.997222,write,k5,1224.7049808502197,False,1093,1093,,201
1775114168.047908,write,k2,1237.0429039001465,False,1054,1054,,201
1775114168.054807,read,k4,1.5797615051269531,False,1083,1076,207.75294303894043,200
1775114168.059822,read,k2,2.0689964294433594,False,1067,1054,11.913061141967773,200
1775114168.070836,read,k2,4.359960556030273,False,1067,1054,22.927045822143555,200
1775114168.09884,write,k1,1222.9220867156982,False,1094,1094,,201
1775114168.107957,read,k5,1.9803047180175781,False,1097,1093,110.73470115661621,200
1775114168.1139882,write,k1,1227.1170616149902,False,1095,1095,,201
1775114168.12841,write,k2,1230.0920486450195,False,1055,1055,,201
1775114168.128844,read,k4,9.04393196105957,False,1084,1076,281.79097175598145,200
1775114168.140756,read,k2,1.6939640045166016,False,1067,1055,12.34579086303711,200
1775114168.179793,write,k3,1243.6301708221436,False,1133,1133,,201
1775114168.17998,write,k2,1225.9242534637451,False,1056,1056,,201
1775114168.180114,read,k3,28.68199348449707,False,1139,1133,0.3199577331542969,200
1775114168.180232,write,k1,1224.5409488677979,False,1096,1096,,201
1775114168.199428,write,k4,1234.6909046173096,False,1077,1077,,201
1775114168.1996748,read,k1,9.683847427368164,False,1112,1096,19.442319869995117,200
1775114168.199828,read,k2,10.639190673828125,False,1067,1056,19.849061965942383,200
1775114168.203443,read,k3,0.6120204925537109,False,1141,1133,23.648977279663086,200
1775114168.210115,read,k2,0.6399154663085938,False,1068,1056,30.1361083984375,200
1775114168.214369,read,k2,0.7588863372802734,False,1068,1056,34.39021110534668,200
1775114168.223882,read,k3,0.9191036224365234,False,1141,1133,44.088125228881836,200
1775114168.2726521,write,k2,1228.71994972229,False,1057,1057,,201
1775114168.3336692,write,k1,1241.4891719818115,False,1097,1097,,201
1775114168.3456519,read,k3,3.2639503479003906,False,1142,1133,165.85421562194824,200
1775114168.359908,read,k5,2.0422935485839844,False,1097,1093,362.6847267150879,200
1775114168.3642602,write,k2,1219.4948196411133,False,1059,1059,,201
1775114168.364842,write,k2,1223.8349914550781,False,1058,1058,,201
1775114168.37619,read,k5,7.222175598144531,False,1097,1093,378.9639472961426,200
1775114168.4009962,write,k1,1246.859073638916,False,1098,1098,,201
1775114168.40151,write,k2,1228.2068729400635,False,1060,1060,,201
1775114168.401819,write,k1,1236.1390590667725,False,1099,1099,,201
1775114168.408782,read,k4,2.7320384979248047,False,1087,1077,209.35297012329102,200
1775114168.413625,read,k3,2.270936965942383,False,1143,1133,233.82902145385742,200
1775114168.413864,read,k4,1.996755599975586,False,1087,1077,214.43605422973633,200
1775114168.41649,write,k3,1224.4799137115479,False,1134,1134,,201
1775114168.4476001,write,k2,1225.7912158966064,False,1061,1061,,201
1775114168.4557598,read,k1,3.256082534790039,False,1114,1099,53.93385887145996,200
1775114168.464137,read,k2,2.8848648071289062,False,1069,1061,16.538143157958984,200
1775114168.476116,write,k4,1231.1608791351318,False,1078,1078,,201
1775114168.476502,write,k1,1225.1269817352295,False,1100,1100,,201
1775114168.476864,write,k3,1233.8800430297852,False,1135,1135,,201
1775114168.478379,read,k4,3.648996353149414,False,1087,1078,2.2640228271484375,200
1775114168.480171,read,k3,1.7049312591552734,False,1144,1135,3.3049583435058594,200
1775114168.489824,read,k4,4.250764846801758,False,1087,1078,13.708114624023438,200
1775114168.4913301,read,k2,3.0069351196289062,False,1069,1061,43.734073638916016,200
1775114168.513062,write,k3,1239.1419410705566,False,1136,1136,,201
1775114168.5136828,write,k4,1232.3658466339111,False,1079,1079,,201
1775114168.514027,write,k5,1238.0449771881104,False,1094,1094,,201
1775114168.5143628,write,k2,1239.8929595947266,False,1062,1062,,201
1775114168.520107,read,k3,1.6078948974609375,False,1146,1136,7.0438385009765625,200
1775114168.5224519,read,k2,1.0743141174316406,False,1069,1062,8.087635040283203,200
1775114168.524399,read,k1,1.0128021240234375,False,1115,1100,47.8971004486084,200
1775114168.525026,read,k3,1.138925552368164,False,1146,1136,11.964797973632812,200
1775114168.525567,read,k1,0.9770393371582031,False,1115,1100,49.06487464904785,200
1775114168.531894,read,k3,1.992940902709961,False,1146,1136,18.829822540283203,200
1775114168.544001,read,k1,1.5518665313720703,False,1115,1100,67.49892234802246,200
1775114168.5565262,read,k2,2.1898746490478516,False,1069,1062,42.16289520263672,200
1775114168.564895,read,k3,2.4499893188476562,False,1146,1136,51.83005332946777,200
1775114168.57654,write,k5,1233.8640689849854,False,1095,1095,,201
1775114168.578038,read,k5,2.609729766845703,False,1101,1095,1.4977455139160156,200
1775114168.60692,write,k4,1214.9720191955566,False,1080,1080,,201
1775114168.616566,read,k1,3.1328201293945312,False,1115,1100,140.0589942932129,200
1775114168.621851,write,k1,1231.6081523895264,False,1101,1101,,201
1775114168.627421,read,k4,3.287076950073242,False,1089,1080,20.498991012573242,200
1775114168.720801,write,k1,1250.797986984253,False,1102,1102,,201
1775114168.722414,write,k1,1218.0469036102295,False,1103,1103,,201
1775114168.723095,write,k1,1222.3899364471436,False,1104,1104,,201
1775114168.723574,write,k2,1223.120927810669,False,1063,1063,,201
1775114168.724086,write,k2,1221.9040393829346,False,1064,1064,,201
1775114168.724671,write,k3,1224.9720096588135,False,1137,1137,,201
1775114168.7326999,read,k3,5.729198455810547,False,1147,1137,8.026123046875,200
1775114168.735071,read,k1,4.626989364624023,False,1116,1104,11.973857879638672,200
1775114168.736316,read,k1,2.0279884338378906,False,1117,1104,13.220071792602539,200
1775114168.7445061,read,k3,3.6420822143554688,False,1147,1137,19.832134246826172,200
1775114168.7452831,write,k2,1229.2370796203613,False,1065,1065,,201
1775114168.745642,read,k2,3.1621456146240234,False,1070,1065,0.35881996154785156,200
1775114168.746013,write,k3,1230.226993560791,False,1138,1138,,201
1775114168.746736,write,k4,1231.368064880371,False,1081,1081,,201
1775114168.785066,write,k4,1243.415117263794,False,1082,1082,,201
1775114168.8186188,write,k1,1234.593152999878,False,1105,1105,,201
1775114168.842918,write,k5,1231.9328784942627,False,1096,1096,,201
1775114168.848385,read,k3,2.318143844604492,False,1152,1138,102.3702621459961,200
1775114168.895478,write,k1,1259.8631381988525,False,1107,1107,,201
1775114168.895673,write,k1,1277.0843505859375,False,1106,1106,,201
1775114168.895802,write,k2,1242.0308589935303,False,1066,1066,,201
1775114168.907103,write,k2,1231.9438457489014,False,1067,1067,,201
1775114168.9158762,read,k1,1.2822151184082031,False,1118,1107,20.20096778869629,200
1775114168.921691,read,k4,0.823974609375,False,1092,1082,136.6250514984131,200
1775114168.930957,read,k4,0.8358955383300781,False,1092,1082,145.89190483093262,200
1775114168.986295,write,k5,1225.1079082489014,False,1097,1097,,201
1775114168.9992352,read,k3,6.138324737548828,False,1154,1138,253.2181739807129,200
1775114169.0049999,read,k3,2.123594284057617,False,1154,1138,258.9833736419678,200
1775114169.0133371,read,k3,2.8612613677978516,False,1154,1138,267.3201560974121,200
1775114169.01867,write,k1,1228.2187938690186,False,1108,1108,,201
1775114169.020683,read,k1,1.7511844635009766,False,1118,1108,2.012014389038086,200
1775114169.0230532,read,k3,1.6367435455322266,False,1154,1138,277.0380973815918,200
1775114169.09955,write,k4,1242.2230243682861,False,1083,1083,,201
1775114169.10034,write,k1,1245.676040649414,False,1109,1109,,201
1775114169.100776,write,k3,1242.9702281951904,False,1139,1139,,201
1775114169.1232698,read,k1,20.09892463684082,False,1118,1109,22.904157638549805,200
1775114169.123958,read,k5,13.422012329101562,False,1106,1097,137.6640796661377,200
1775114169.132162,read,k1,2.7620792388916016,False,1118,1109,31.820058822631836,200
1775114169.143135,read,k5,2.567291259765625,False,1106,1097,156.83817863464355,200
1775114169.197945,write,k1,1250.8132457733154,False,1110,1110,,201
1775114169.210099,read,k5,2.4640560150146484,False,1107,1097,223.80304336547852,200
1775114169.2247198,write,k1,1215.7630920410156,False,1111,1111,,201
1775114169.2334661,read,k5,3.9038658142089844,False,1108,1097,247.16901779174805,200
1775114169.240318,read,k5,2.778291702270508,False,1108,1097,254.02212142944336,200
1775114169.2500732,read,k2,2.3009777069091797,False,1071,1067,342.96607971191406,200
1775114169.263125,read,k1,2.402067184448242,False,1118,1111,38.40494155883789,200
1775114169.326802,write,k4,1245.6121444702148,False,1084,1084,,201
1775114169.349018,write,k1,1233.1480979919434,False,1112,1112,,201
1775114169.3622348,write,k4,1226.6101837158203,False,1085,1085,,201
1775114169.362699,read,k3,23.646831512451172,False,1157,1139,261.9211673736572,200
1775114169.3630311,read,k5,9.467840194702148,False,1109,1097,376.7380714416504,200
1775114169.373811,read,k5,1.0368824005126953,False,1110,1097,387.5162601470947,200
1775114169.387202,read,k1,1.6770362854003906,False,1118,1112,38.18488121032715,200
1775114169.393515,read,k5,2.4771690368652344,False,1110,1097,407.21988677978516,200
1775114169.416107,write,k3,1233.247995376587,False,1141,1141,,201
1775114169.4164789,write,k3,1234.3664169311523,False,1140,1140,,201
1775114169.4214249,read,k4,2.8619766235351562,False,1092,1085,59.19003486633301,200
1775114169.421958,read,k2,2.138853073120117,False,1072,1067,514.8532390594482,200
1775114169.422622,write,k2,1218.7650203704834,False,1068,1068,,201
1775114169.422922,write,k4,1209.5069885253906,False,1086,1086,,201
1775114169.4288042,read,k2,2.007007598876953,False,1072,1068,6.180286407470703,200
1775114169.434473,read,k5,2.669811248779297,False,1110,1097,448.1782913208008,200
1775114169.434864,read,k4,3.6821365356445312,False,1092,1086,11.940956115722656,200
1775114169.4364219,read,k2,1.3759136199951172,False,1072,1068,13.800382614135742,200
1775114169.489564,write,k3,1260.9038352966309,False,1142,1142,,201
1775114169.518139,write,k1,1233.2782745361328,False,1113,1113,,201
1775114169.5342689,read,k4,4.1370391845703125,False,1092,1086,111.3440990447998,200
1775114169.596909,write,k4,1222.085952758789,False,1087,1087,,201
1775114169.597405,write,k2,1218.9350128173828,False,1069,1069,,201
1775114169.59775,write,k5,1227.0081043243408,False,1098,1098,,201
1775114169.6065722,read,k5,2.195119857788086,False,1113,1098,8.819818496704102,200
1775114169.608981,read,k4,1.7306804656982422,False,1092,1087,12.07280158996582,200
1775114169.616669,read,k1,2.9129981994628906,False,1120,1113,98.53100776672363,200
1775114169.617013,read,k1,2.8319358825683594,False,1120,1113,98.87576103210449,200
1775114169.628358,read,k3,2.238035202026367,False,1160,1142,138.7941837310791,200
1775114169.6290822,write,k3,1222.391128540039,False,1143,1143,,201
1775114169.6658938,write,k1,1243.1230545043945,False,1114,1114,,201
1775114169.6667662,write,k3,1243.6130046844482,False,1144,1144,,201
1775114169.667527,write,k5,1246.4399337768555,False,1099,1099,,201
1775114169.687837,read,k2,11.302947998046875,False,1073,1069,90.42811393737793,200
1775114169.688368,read,k5,12.775182723999023,False,1115,1099,20.840883255004883,200
1775114169.6956182,read,k2,2.2330284118652344,False,1073,1069,98.21009635925293,200
1775114169.724988,write,k3,1231.7848205566406,False,1145,1145,,201
1775114169.7260401,write,k5,1239.7820949554443,False,1100,1100,,201
1775114169.726634,write,k1,1239.738941192627,False,1115,1115,,201
1775114169.727211,write,k3,1228.4140586853027,False,1146,1146,,201
1775114169.733244,read,k1,4.807949066162109,False,1120,1115,6.608009338378906,200
1775114169.7337751,write,k5,1211.2557888031006,False,1101,1101,,201
1775114169.740387,read,k2,1.8918514251708984,False,1074,1069,142.98129081726074,200
1775114169.746229,read,k2,2.9692649841308594,False,1074,1069,148.82302284240723,200
1775114169.7499049,write,k4,1215.3420448303223,False,1089,1089,,201
1775114169.750279,write,k4,1219.393014907837,False,1088,1088,,201
1775114169.75389,read,k2,2.022981643676758,False,1074,1069,156.48317337036133,200
1775114169.754316,read,k3,1.6720294952392578,False,1160,1146,27.105093002319336,200
1775114169.763084,read,k4,2.4051666259765625,False,1095,1089,12.803077697753906,200
1775114169.766468,read,k2,2.007007598876953,False,1075,1069,169.06213760375977,200
1775114169.815753,write,k2,1235.802173614502,False,1070,1070,,201
1775114169.817013,write,k5,1227.6229858398438,False,1102,1102,,201
1775114169.8204181,read,k5,2.0208358764648438,False,1117,1102,3.4050941467285156,200
1775114169.848834,write,k3,1223.9577770233154,False,1147,1147,,201
1775114169.871653,write,k4,1237.8549575805664,False,1090,1090,,201
1775114169.877932,read,k2,3.5991668701171875,False,1077,1070,62.18075752258301,200
1775114169.89005,read,k2,8.182764053344727,False,1077,1070,74.29671287536621,200
1775114169.9749131,write,k5,1243.3831691741943,False,1103,1103,,201
1775114169.97555,write,k1,1249.4451999664307,False,1116,1116,,201
1775114169.975931,write,k1,1242.6769733428955,False,1117,1117,,201
1775114169.9762518,write,k3,1234.5929145812988,False,1148,1148,,201
1775114169.978413,write,k4,1225.9321212768555,False,1091,1091,,201
1775114169.979532,write,k3,1230.635643005371,False,1149,1149,,201
1775114169.979881,write,k3,1229.266881942749,False,1150,1150,,201
1775114169.980185,write,k3,1229.118824005127,False,1151,1151,,201
1775114169.983676,read,k2,3.407001495361328,False,1078,1070,167.92607307434082,200
1775114169.984298,read,k1,3.6809444427490234,False,1123,1117,8.365869522094727,200
1775114169.984542,read,k1,3.6449432373046875,False,1123,1117,8.610963821411133,200
1775114169.9862468,read,k2,2.4766921997070312,False,1078,1070,170.49813270568848,200
1775114169.991157,read,k1,4.200935363769531,False,1124,1117,15.223979949951172,200
1775114169.991498,read,k4,4.001855850219727,False,1096,1091,13.08584213256836,200
1775114169.999647,read,k3,3.701925277709961,False,1163,1151,19.45972442626953,200
1775114170.0112178,read,k4,9.437799453735352,False,1096,1091,32.800912857055664,200
1775114170.011955,read,k1,2.6466846466064453,False,1124,1117,36.022186279296875,200
1775114170.0198069,read,k4,4.19926643371582,False,1096,1091,41.39113426208496,200
1775114170.024607,write,k5,1270.6780433654785,False,1104,1104,,201
1775114170.0253062,read,k3,3.361940383911133,False,1163,1151,45.117855072021484,200
1775114170.026599,write,k3,1235.5220317840576,False,1152,1152,,201
1775114170.029988,read,k1,2.044200897216797,False,1124,1117,54.05282974243164,200
1775114170.035061,write,k5,1213.9599323272705,False,1105,1105,,201
1775114170.035488,read,k4,3.039121627807617,False,1096,1091,57.07502365112305,200
1775114170.035767,read,k2,3.992795944213867,False,1079,1070,220.0179100036621,200
1775114170.0387928,read,k4,2.9349327087402344,False,1096,1091,60.378074645996094,200
1775114170.039907,read,k3,2.3860931396484375,False,1163,1152,13.305902481079102,200
1775114170.050587,read,k5,2.8209686279296875,False,1120,1105,15.524148941040039,200
1775114170.131632,write,k4,1233.004093170166,False,1092,1092,,201
1775114170.133449,write,k1,1228.7540435791016,False,1118,1118,,201
1775114170.137496,write,k3,1235.9297275543213,False,1154,1154,,201
1775114170.137872,write,k3,1279.4148921966553,False,1153,1153,,201
1775114170.139016,read,k5,2.474069595336914,False,1121,1105,103.95526885986328,200
1775114170.1392589,read,k3,1.2962818145751953,False,1164,1154,1.3871192932128906,200
1775114170.143353,read,k5,1.1301040649414062,False,1121,1105,108.2921028137207,200
1775114170.175118,write,k5,1236.5810871124268,False,1106,1106,,201
1775114170.2072399,read,k4,29.808998107910156,False,1097,1092,75.6070613861084,200
1775114170.212693,read,k1,1.9450187683105469,False,1127,1118,79.24389839172363,200
1775114170.2186618,read,k1,0.7772445678710938,False,1127,1118,85.21413803100586,200
1775114170.225869,read,k3,0.6272792816162109,False,1164,1154,87.9969596862793,200
1775114170.235424,read,k4,0.8168220520019531,False,1097,1092,103.79385948181152,200
1775114170.239182,read,k2,0.8120536804199219,False,1080,1070,423.4328269958496,200
1775114170.243305,write,k3,1214.6341800689697,False,1155,1155,,201
1775114170.243934,write,k3,1214.238166809082,False,1156,1156,,201
1775114170.251743,read,k1,1.096963882446289,False,1127,1118,118.29280853271484,200
1775114170.254747,read,k3,0.926971435546875,False,1165,1156,10.812044143676758,200
1775114170.3371892,write,k3,1227.550983428955,False,1157,1157,,201
1775114170.348508,write,k2,1217.6487445831299,False,1071,1071,,201
1775114170.3725178,write,k5,1220.9858894348145,False,1107,1107,,201
1775114170.381345,read,k1,1.7380714416503906,False,1128,1118,247.8959560394287,200
1775114170.438762,write,k5,1224.0149974822998,False,1108,1108,,201
1775114170.4493902,read,k1,1.7290115356445312,False,1129,1118,315.94204902648926,200
1775114170.517529,write,k5,1241.9750690460205,False,1109,1109,,201
1775114170.527209,read,k2,2.676248550415039,False,1080,1071,178.69901657104492,200
1775114170.6166542,write,k2,1245.0079917907715,False,1072,1072,,201
1775114170.617335,write,k5,1252.1860599517822,False,1110,1110,,201
1775114170.621957,read,k4,2.7718544006347656,False,1097,1092,490.3240203857422,200
1775114170.631335,read,k5,3.429889678955078,False,1125,1110,13.998031616210938,200
1775114170.633663,read,k3,2.1092891693115234,False,1166,1157,296.475887298584,200
1775114170.640448,write,k3,1236.379861831665,False,1158,1158,,201
1775114170.644804,read,k4,4.189968109130859,False,1097,1092,513.1709575653076,200
1775114170.645291,read,k4,6.093025207519531,False,1097,1092,513.6599540710449,200
1775114170.6497338,read,k1,3.0651092529296875,False,1129,1118,516.2830352783203,200
1775114170.652457,write,k1,1210.5159759521484,False,1120,1120,,201
1775114170.658026,write,k1,1220.8781242370605,False,1119,1119,,201
1775114170.658527,write,k5,1216.0520553588867,False,1112,1112,,201
1775114170.658883,write,k5,1225.912094116211,False,1111,1111,,201
1775114170.659916,read,k3,6.910085678100586,False,1166,1158,19.468069076538086,200
1775114170.662095,read,k1,1.6798973083496094,False,1129,1120,4.065752029418945,200
1775114170.67411,read,k2,2.285003662109375,False,1082,1072,57.456254959106445,200
1775114170.6744168,read,k1,2.2039413452148438,False,1129,1120,16.39389991760254,200
1775114170.751306,write,k3,1252.406120300293,False,1159,1159,,201
1775114170.758566,write,k5,1216.7108058929443,False,1113,1113,,201
1775114170.765267,read,k4,2.084970474243164,False,1098,1092,633.634090423584,200
1775114170.770905,read,k1,1.5821456909179688,False,1129,1120,112.87879943847656,200
1775114170.820554,write,k3,1220.3662395477295,False,1160,1160,,201
1775114170.837017,write,k4,1215.9509658813477,False,1093,1093,,201
1775114170.84064,read,k5,2.0308494567871094,False,1129,1113,82.07178115844727,200
1775114170.85719,write,k2,1218.4901237487793,False,1073,1073,,201
1775114170.857823,write,k5,1221.23122215271,False,1114,1114,,201
1775114170.8644538,read,k4,2.4099349975585938,False,1099,1093,27.436017990112305,200
1775114170.922938,write,k5,1223.4530448913574,False,1117,1117,,201
1775114170.923307,write,k5,1252.2029876708984,False,1115,1115,,201
1775114170.9235342,write,k5,1228.7909984588623,False,1116,1116,,201
1775114170.958006,write,k4,1228.9161682128906,False,1094,1094,,201
1775114170.958508,write,k1,1228.9118766784668,False,1121,1121,,201
1775114170.95881,write,k2,1223.3281135559082,False,1074,1074,,201
1775114170.9673758,write,k4,1224.585771560669,False,1095,1095,,201
1775114170.96908,read,k3,4.139184951782227,False,1166,1160,148.52523803710938,200
1775114170.9793909,read,k2,6.683111190795898,False,1086,1074,20.578861236572266,200
1775114170.980468,write,k2,1216.4008617401123,False,1075,1075,,201
1775114171.046005,write,k1,1273.23317527771,False,1122,1122,,201
1775114171.046205,write,k2,1221.4789390563965,False,1077,1077,,201
1775114171.046339,write,k1,1220.836877822876,False,1123,1123,,201
1775114171.04646,write,k2,1272.6211547851562,False,1076,1076,,201
1775114171.05285,read,k2,0.8392333984375,False,1088,1077,6.389141082763672,200
1775114171.053592,read,k3,0.6918907165527344,False,1167,1160,233.03914070129395,200
1775114171.0567172,read,k4,0.7951259613037109,False,1099,1095,89.34283256530762,200
1775114171.05724,read,k4,0.8039474487304688,False,1099,1095,89.86496925354004,200
1775114171.0623128,read,k5,0.6148815155029297,False,1132,1117,138.7779712677002,200
1775114171.0742679,write,k3,1217.5240516662598,False,1161,1161,,201
1775114171.149943,write,k3,1257.2808265686035,False,1162,1162,,201
1775114171.157673,read,k1,1.0290145874023438,False,1133,1123,111.33193969726562,200
1775114171.248372,write,k2,1269.8338031768799,False,1078,1078,,201
1775114171.248508,write,k5,1262.8941535949707,False,1118,1118,,201
1775114171.2486022,write,k5,1235.517978668213,False,1119,1119,,201
1775114171.24869,write,k2,1253.720998764038,False,1079,1079,,201
1775114171.248773,write,k3,1254.3082237243652,False,1163,1163,,201
1775114171.248857,write,k1,1262.204885482788,False,1124,1124,,201
1775114171.248935,write,k4,1261.1172199249268,False,1096,1096,,201
1775114171.2555509,read,k3,1.2247562408447266,False,1168,1163,6.777763366699219,200
1775114171.256431,read,k5,0.8547306060791016,False,1135,1119,7.8277587890625,200
1775114171.256535,read,k1,1.1668205261230469,False,1133,1124,7.678031921386719,200
1775114171.258056,read,k1,0.8459091186523438,False,1133,1124,9.198904037475586,200
1775114171.2581692,read,k5,0.8199214935302734,False,1135,1119,9.566783905029297,200
1775114171.258259,read,k1,0.7281303405761719,False,1133,1124,9.401798248291016,200
1775114171.260776,read,k5,0.6699562072753906,False,1135,1119,12.173652648925781,200
1775114171.260885,write,k5,1218.2257175445557,False,1120,1120,,201
1775114171.262155,read,k2,0.57220458984375,False,1090,1079,13.464212417602539,200
1775114171.26244,read,k2,0.4971027374267578,False,1090,1079,13.749122619628906,200
1775114171.2629619,read,k5,0.6771087646484375,False,1135,1120,2.076864242553711,200
1775114171.267647,write,k3,1223.9532470703125,False,1164,1164,,201
1775114171.267735,write,k1,1224.3640422821045,False,1125,1125,,201
1775114171.267817,write,k5,1215.273380279541,False,1121,1121,,201
1775114171.272993,read,k2,0.8289813995361328,False,1091,1079,24.302005767822266,200
1775114171.3621418,write,k1,1218.3260917663574,False,1126,1126,,201
1775114171.362304,write,k2,1222.0690250396729,False,1080,1080,,201
1775114171.3624399,write,k1,1217.0360088348389,False,1127,1127,,201
1775114171.362559,write,k4,1220.961093902588,False,1097,1097,,201
1775114171.3662112,read,k2,2.1321773529052734,False,1091,1080,3.9060115814208984,200
1775114171.3712268,read,k1,1.4960765838623047,False,1135,1127,8.787155151367188,200
1775114171.371354,read,k2,1.458883285522461,False,1091,1080,9.048938751220703,200
1775114171.373622,read,k1,0.8091926574707031,False,1135,1127,11.182069778442383,200
1775114171.380343,read,k4,1.9180774688720703,False,1103,1097,17.783164978027344,200
1775114171.457794,write,k3,1212.8291130065918,False,1165,1165,,201
1775114171.461511,write,k5,1212.8219604492188,False,1122,1122,,201
1775114171.5599182,write,k1,1297.8150844573975,False,1128,1128,,201
1775114171.5688992,read,k3,3.2958984375,False,1172,1165,111.10281944274902,200
1775114171.5715,write,k5,1229.1927337646484,False,1123,1123,,201
1775114171.572193,write,k3,1218.2598114013672,False,1166,1166,,201
1775114171.5797482,read,k2,2.973794937133789,False,1091,1080,217.4389362335205,200
1775114171.580239,read,k4,2.8700828552246094,False,1104,1097,217.67711639404297,200
1775114171.584361,read,k5,2.026081085205078,False,1137,1123,12.862205505371094,200
1775114171.589086,read,k4,2.8028488159179688,False,1104,1097,226.52220726013184,200
1775114171.592749,read,k4,3.5240650177001953,False,1104,1097,230.18717765808105,200
1775114171.593251,read,k4,1.9488334655761719,False,1104,1097,230.69000244140625,200
1775114171.5964339,read,k2,1.6939640045166016,False,1091,1080,234.12704467773438,200
1775114171.5993721,read,k4,1.6970634460449219,False,1104,1097,236.80996894836426,200
1775114171.6116328,read,k3,2.4378299713134766,False,1172,1166,39.440155029296875,200
1775114171.615526,write,k1,1226.1669635772705,False,1129,1129,,201
1775114171.669046,write,k5,1211.5402221679688,False,1124,1124,,201
1775114171.761446,write,k5,1230.9908866882324,False,1125,1125,,201
1775114171.877098,write,k2,1226.3898849487305,False,1081,1081,,201
1775114171.877805,write,k5,1232.2592735290527,False,1126,1126,,201
1775114171.88291,read,k3,3.2639503479003906,False,1173,1166,310.7151985168457,200
1775114171.8926,read,k5,6.331920623779297,False,1137,1126,14.789104461669922,200
1775114171.895979,write,k2,1220.2610969543457,False,1083,1083,,201
1775114171.8965518,write,k5,1215.8551216125488,False,1128,1128,,201
1775114171.896801,write,k4,1229.0189266204834,False,1098,1098,,201
1775114171.897047,write,k5,1230.464220046997,False,1127,1127,,201
1775114171.897274,write,k2,1229.8731803894043,False,1082,1082,,201
1775114171.9010072,read,k3,1.3041496276855469,False,1173,1166,328.815221786499,200
1775114171.903723,read,k5,1.8508434295654297,False,1137,1128,6.675004959106445,200
1775114171.903947,read,k1,1.6586780548095703,False,1138,1129,288.4209156036377,200
1775114171.904694,read,k1,1.425027847290039,False,1138,1129,289.1688346862793,200
1775114171.908992,read,k2,1.2378692626953125,False,1093,1083,11.715888977050781,200
1775114171.91302,read,k5,1.1761188507080078,False,1138,1128,15.972137451171875,200
1775114171.914473,read,k4,0.9000301361083984,False,1107,1098,17.671823501586914,200
1775114171.9694269,write,k2,1213.4218215942383,False,1084,1084,,201
1775114172.024357,write,k4,1245.0640201568604,False,1099,1099,,201
1775114172.0690079,write,k5,1242.476224899292,False,1129,1129,,201
1775114172.069332,write,k1,1218.801736831665,False,1130,1130,,201
1775114172.077031,read,k3,2.2661685943603516,False,1176,1166,504.8341751098633,200
1775114172.078615,read,k5,2.7730464935302734,False,1139,1129,9.604930877685547,200
1775114172.0913548,write,k5,1223.8097190856934,False,1130,1130,,201
1775114172.0970829,read,k2,7.8678131103515625,False,1093,1084,127.6559829711914,200
1775114172.1027358,read,k2,1.3430118560791016,False,1094,1084,133.30888748168945,200
1775114172.11548,read,k5,4.137277603149414,False,1139,1130,24.1239070892334,200
1775114172.128541,write,k2,1255.8960914611816,False,1085,1085,,201
1775114172.13291,read,k5,1.9478797912597656,False,1140,1130,41.55588150024414,200
1775114172.146799,read,k3,11.422872543334961,False,1176,1166,574.60618019104,200
1775114172.19151,write,k5,1257.2932243347168,False,1131,1131,,201
1775114172.191732,write,k1,1224.1580486297607,False,1132,1132,,201
1775114172.1918678,write,k1,1265.8579349517822,False,1131,1131,,201
1775114172.191991,write,k2,1263.1721496582031,False,1086,1086,,201
1775114172.192109,write,k3,1224.1296768188477,False,1167,1167,,201
1775114172.196906,read,k5,0.8678436279296875,False,1140,1131,5.3958892822265625,200
1775114172.1970549,read,k1,0.8380413055419922,False,1141,1132,5.187034606933594,200
1775114172.1977012,read,k4,0.6148815155029297,False,1108,1099,173.34604263305664,200
1775114172.199887,write,k2,1222.5940227508545,False,1087,1087,,201
1775114172.200046,write,k2,1217.2417640686035,False,1088,1088,,201
1775114172.20018,write,k1,1216.318130493164,False,1133,1133,,201
1775114172.204266,read,k4,0.7469654083251953,False,1108,1099,179.91185188293457,200
1775114172.206951,read,k2,0.6630420684814453,False,1095,1088,6.904125213623047,200
1775114172.210075,read,k2,0.6427764892578125,False,1095,1088,10.029077529907227,200
1775114172.2119732,read,k1,0.7069110870361328,False,1143,1133,11.793136596679688,200
1775114172.214242,read,k2,0.6918907165527344,False,1095,1088,14.194965362548828,200
1775114172.221062,read,k1,0.6492137908935547,False,1143,1133,20.881175994873047,200
1775114172.272886,write,k5,1214.4420146942139,False,1132,1132,,201
1775114172.273864,write,k3,1218.1260585784912,False,1168,1168,,201
1775114172.274281,write,k2,1216.02201461792,False,1089,1089,,201
1775114172.280287,write,k2,1211.604118347168,False,1090,1090,,201
1775114172.280659,read,k5,1.7960071563720703,False,1141,1132,7.772922515869141,200
1775114172.286109,read,k2,0.9748935699462891,False,1096,1090,5.8231353759765625,200
1775114172.292675,write,k5,1215.273141860962,False,1133,1133,,201
1775114172.404644,write,k5,1237.8828525543213,False,1134,1134,,201
1775114172.500392,write,k4,1230.6129932403564,False,1101,1101,,201
1775114172.501179,write,k4,1230.041742324829,False,1102,1102,,201
1775114172.501816,write,k3,1229.8228740692139,False,1169,1169,,201
1775114172.502313,write,k2,1239.238977432251,False,1091,1091,,201
1775114172.502659,write,k4,1236.3247871398926,False,1100,1100,,201
1775114172.503006,write,k1,1232.6982021331787,False,1134,1134,,201
1775114172.503333,write,k5,1249.3131160736084,False,1135,1135,,201
1775114172.503647,write,k5,1249.418020248413,False,1135,1135,,201
1775114172.503946,write,k5,1234.9467277526855,False,1136,1136,,201
1775114172.504236,write,k5,1234.1811656951904,False,1137,1137,,201
1775114172.504632,write,k1,1220.1652526855469,False,1135,1135,,201
1775114172.5134962,read,k5,3.055095672607422,False,1144,1137,9.256839752197266,200
1775114172.5139022,read,k5,4.547119140625,False,1144,1137,9.664058685302734,200
1775114172.514863,read,k1,5.783796310424805,False,1145,1135,10.229825973510742,200
1775114172.515195,read,k2,2.4340152740478516,False,1099,1091,12.881994247436523,200
1775114172.515519,read,k5,3.702878952026367,False,1144,1137,11.281967163085938,200
1775114172.522898,read,k2,1.5840530395507812,False,1099,1091,20.583152770996094,200
1775114172.526506,read,k2,3.453969955444336,False,1099,1091,24.190902709960938,200
1775114172.526777,read,k3,3.3948421478271484,False,1181,1169,24.960994720458984,200
1775114172.5285382,read,k2,1.2350082397460938,False,1099,1091,26.224136352539062,200
1775114172.5295649,read,k5,0.8840560913085938,False,1144,1137,25.326967239379883,200
1775114172.540593,read,k1,1.1699199676513672,False,1146,1135,35.95900535583496,200
1775114172.6056252,write,k3,1239.1998767852783,False,1170,1170,,201
1775114172.605966,write,k4,1227.6928424835205,False,1104,1104,,201
1775114172.6061811,write,k1,1218.2002067565918,False,1136,1136,,201
1775114172.606379,write,k4,1234.5011234283447,False,1103,1103,,201
1775114172.613078,read,k4,1.9650459289550781,False,1113,1104,6.698131561279297,200
1775114172.613534,read,k2,1.750946044921875,False,1099,1091,111.2208366394043,200
1775114172.613739,read,k3,2.187967300415039,False,1181,1170,8.115768432617188,200
1775114172.708069,write,k3,1242.6841259002686,False,1172,1172,,201
1775114172.70867,write,k3,1244.0009117126465,False,1171,1171,,201
1775114172.7158442,read,k5,4.533052444458008,False,1146,1137,211.60197257995605,200
1775114172.726733,read,k4,8.79216194152832,False,1114,1104,120.35012245178223,200
1775114172.822873,write,k4,1215.7559394836426,False,1105,1105,,201
1775114172.823624,write,k1,1229.5961380004883,False,1137,1137,,201
1775114172.831902,write,k2,1217.2229290008545,False,1092,1092,,201
1775114172.838472,write,k2,1217.7660465240479,False,1093,1093,,201
1775114172.839314,read,k2,2.028226852416992,False,1101,1093,0.8420944213867188,200
1775114172.912222,write,k4,1232.422113418579,False,1106,1106,,201
1775114172.921622,read,k3,3.406047821044922,False,1183,1172,212.94498443603516,200
1775114172.931913,read,k3,2.964019775390625,False,1183,1172,223.2379913330078,200
1775114173.0243251,write,k3,1259.6068382263184,False,1173,1173,,201
1775114173.031564,read,k2,3.1239986419677734,False,1101,1093,193.08996200561523,200
1775114173.046357,read,k3,3.3998489379882812,False,1183,1173,22.02916145324707,200
1775114173.055966,read,k3,2.852916717529297,False,1183,1173,31.63909912109375,200
1775114173.127672,write,k3,1226.2887954711914,False,1174,1174,,201
1775114173.128333,write,k1,1235.3770732879639,False,1138,1138,,201
1775114173.128813,write,k3,1218.602180480957,False,1175,1175,,201
1775114173.129177,write,k4,1227.5447845458984,False,1107,1107,,201
1775114173.129502,write,k5,1219.5639610290527,False,1138,1138,,201
1775114173.133764,read,k4,2.716064453125,False,1117,1107,4.584074020385742,200
1775114173.1345139,read,k1,3.016948699951172,False,1149,1138,6.181001663208008,200
1775114173.135715,write,k5,1216.7408466339111,False,1139,1139,,201
1775114173.136155,write,k3,1217.4620628356934,False,1176,1176,,201
1775114173.139183,read,k2,2.9261112213134766,False,1102,1093,300.70996284484863,200
1775114173.1410182,read,k4,2.9201507568359375,False,1117,1107,11.839151382446289,200
1775114173.1413739,read,k5,3.789186477661133,False,1147,1139,5.6629180908203125,200
1775114173.144228,read,k4,2.7670860290527344,False,1117,1107,15.050172805786133,200
1775114173.1459498,read,k2,2.637147903442383,False,1102,1093,307.4769973754883,200
1775114173.146324,read,k5,1.9991397857666016,False,1147,1139,10.612964630126953,200
1775114173.155026,read,k2,2.237081527709961,False,1102,1093,316.55001640319824,200
1775114173.155408,read,k3,2.9859542846679688,False,1183,1176,19.25206184387207,200
1775114173.155854,read,k3,4.301786422729492,False,1183,1176,19.698143005371094,200
1775114173.158792,read,k2,2.3679733276367188,False,1102,1093,320.31798362731934,200
1775114173.165594,read,k1,3.5288333892822266,False,1150,1138,37.25790977478027,200
1775114173.21891,write,k1,1242.2521114349365,False,1139,1139,,201
1775114173.2413409,read,k4,13.915061950683594,False,1117,1107,112.16115951538086,200
1775114173.247155,write,k1,1218.2209491729736,False,1140,1140,,201
1775114173.32496,write,k4,1236.475944519043,False,1108,1108,,201
1775114173.325268,write,k2,1226.2039184570312,False,1094,1094,,201
1775114173.3372931,write,k5,1217.2930240631104,False,1140,1140,,201
1775114173.3392088,read,k4,2.8150081634521484,False,1117,1108,14.250040054321289,200
1775114173.339552,read,k2,3.7751197814941406,False,1104,1094,14.281034469604492,200
1775114173.344309,read,k1,1.767873764038086,False,1153,1140,97.1519947052002,200
1775114173.348073,read,k4,1.5370845794677734,False,1117,1108,23.113250732421875,200
1775114173.351697,read,k3,1.992940902709961,False,1184,1176,215.54017066955566,200
1775114173.366664,read,k5,11.174917221069336,False,1148,1140,29.367923736572266,200
1775114173.44677,write,k2,1247.8091716766357,False,1095,1095,,201
1775114173.447467,write,k3,1243.7770366668701,False,1178,1178,,201
1775114173.4480371,write,k3,1236.3090515136719,False,1179,1179,,201
1775114173.44855,write,k1,1245.2061176300049,False,1142,1142,,201
1775114173.448917,write,k1,1291.778802871704,False,1141,1141,,201
1775114173.4495769,write,k3,1256.2167644500732,False,1177,1177,,201
1775114173.45012,write,k3,1223.3469486236572,False,1180,1180,,201
1775114173.451186,write,k5,1231.1952114105225,False,1141,1141,,201
1775114173.4516742,write,k1,1245.879888534546,False,1143,1143,,201
1775114173.465255,read,k1,8.734941482543945,False,1153,1143,13.576984405517578,200
1775114173.465643,read,k5,12.70604133605957,False,1149,1141,14.456987380981445,200
1775114173.465912,read,k5,8.31913948059082,False,1149,1141,14.725923538208008,200
1775114173.466124,read,k5,10.472774505615234,False,1149,1141,14.937877655029297,200
1775114173.466333,read,k2,12.65573501586914,False,1104,1095,19.565105438232422,200
1775114173.4665751,read,k1,7.918119430541992,False,1153,1143,14.899969100952148,200
1775114173.472328,read,k4,1.667022705078125,False,1119,1108,147.3681926727295,200
1775114173.47429,read,k4,1.8880367279052734,False,1119,1108,149.33109283447266,200
1775114173.475765,read,k5,2.0139217376708984,False,1151,1141,24.577856063842773,200
1775114173.4760919,read,k4,1.3990402221679688,False,1119,1108,151.13425254821777,200
1775114173.479614,read,k5,1.5909671783447266,False,1151,1141,28.4268856048584,200
1775114173.4862552,read,k5,1.5308856964111328,False,1151,1141,35.06898880004883,200
1775114173.5290592,write,k4,1250.8220672607422,False,1109,1109,,201
1775114173.5296068,write,k1,1240.1070594787598,False,1144,1144,,201
1775114173.5300322,write,k2,1246.0637092590332,False,1096,1096,,201
1775114173.5304399,write,k5,1247.0510005950928,False,1142,1142,,201
1775114173.5307531,write,k1,1235.4769706726074,False,1145,1145,,201
1775114173.536882,read,k2,2.6040077209472656,False,1106,1096,6.847143173217773,200
1775114173.542185,read,k5,1.9021034240722656,False,1151,1142,11.742115020751953,200
1775114173.546581,read,k2,1.4102458953857422,False,1106,1096,16.54791831970215,200
1775114173.551923,read,k3,1.2388229370117188,False,1187,1180,101.80234909057617,200
1775114173.55693,read,k2,3.0128955841064453,False,1106,1096,26.89385414123535,200
1775114173.567521,read,k4,2.440929412841797,False,1120,1109,38.46025466918945,200
1775114173.631677,write,k5,1223.2840061187744,False,1143,1143,,201
1775114173.751055,write,k1,1236.792802810669,False,1146,1146,,201
1775114173.751585,write,k4,1230.5288314819336,False,1111,1111,,201
1775114173.751965,write,k3,1231.4739227294922,False,1181,1181,,201
1775114173.752301,write,k2,1247.2898960113525,False,1097,1097,,201
1775114173.7526221,write,k2,1243.9007759094238,False,1098,1098,,201
1775114173.753074,write,k2,1242.988109588623,False,1099,1099,,201
1775114173.753515,write,k5,1245.3112602233887,False,1144,1144,,201
1775114173.753845,write,k4,1247.8070259094238,False,1110,1110,,201
1775114173.754187,write,k4,1216.3536548614502,False,1113,1113,,201
1775114173.7546291,write,k4,1217.444896697998,False,1112,1112,,201
1775114173.7569401,read,k4,2.195119857788086,False,1120,1113,2.3097991943359375,200
1775114173.761489,write,k5,1214.3211364746094,False,1145,1145,,201
1775114173.765548,read,k3,6.173849105834961,False,1188,1181,13.580083847045898,200
1775114173.7658792,read,k4,7.644176483154297,False,1122,1113,11.246204376220703,200
1775114173.766089,read,k5,7.465124130249023,False,1151,1145,4.601716995239258,200
1775114173.769703,read,k3,2.7840137481689453,False,1190,1181,17.736196517944336,200
1775114173.7700129,read,k1,2.8488636016845703,False,1156,1146,18.960952758789062,200
1775114173.770226,read,k3,7.87663459777832,False,1190,1181,18.261194229125977,200
1775114173.7704298,read,k4,1.7979145050048828,False,1122,1113,15.800952911376953,200
1775114173.7744708,read,k2,1.7459392547607422,False,1110,1099,21.394968032836914,200
1775114173.77766,read,k2,1.901865005493164,False,1110,1099,24.58500862121582,200
1775114173.7802508,read,k3,3.2808780670166016,False,1190,1181,28.28526496887207,200
1775114173.7816699,read,k2,3.668069839477539,False,1110,1099,28.595924377441406,200
1775114173.7843342,read,k1,2.2079944610595703,False,1157,1146,33.28108787536621,200
1775114173.7913039,read,k5,2.2668838500976562,False,1152,1145,29.814958572387695,200
1775114173.803306,read,k4,2.5129318237304688,False,1123,1113,48.67410659790039,200
1775114173.8073301,read,k4,1.811981201171875,False,1123,1113,52.70099639892578,200
1775114173.8218088,read,k1,2.162933349609375,False,1157,1146,70.7540512084961,200
1775114173.832214,write,k3,1215.17014503479,False,1182,1182,,201
1775114173.832716,write,k4,1214.2810821533203,False,1114,1114,,201
1775114173.833152,write,k5,1216.865062713623,False,1146,1146,,201
1775114173.83356,write,k2,1221.278429031372,False,1100,1100,,201
1775114173.840296,read,k4,4.065990447998047,False,1123,1114,7.57908821105957,200
1775114173.843125,read,k3,2.3980140686035156,False,1190,1182,10.912179946899414,200
1775114173.8436759,read,k5,2.332925796508789,False,1154,1146,10.52403450012207,200
1775114173.853597,read,k5,4.19306755065918,False,1154,1146,20.444154739379883,200
1775114173.8539898,read,k2,4.088163375854492,False,1111,1100,20.428895950317383,200
1775114173.8543308,read,k2,2.997159957885742,False,1111,1100,20.77007293701172,200
1775114173.8582132,read,k3,2.218008041381836,False,1190,1182,26.0012149810791,200
1775114173.8592908,read,k4,2.502918243408203,False,1123,1114,26.575088500976562,200
1775114173.859754,read,k3,2.6369094848632812,False,1190,1182,27.543067932128906,200
1775114173.8715441,read,k1,3.5948753356933594,False,1157,1146,120.49007415771484,200
1775114173.871896,read,k2,3.542184829711914,False,1111,1100,38.333892822265625,200
1775114173.948334,write,k2,1229.2160987854004,False,1101,1101,,201
1775114173.948867,write,k1,1214.536190032959,False,1147,1147,,201
1775114174.05474,write,k3,1229.659080505371,False,1183,1183,,201
1775114174.055221,write,k4,1227.2980213165283,False,1115,1115,,201
1775114174.062065,read,k2,1.7118453979492188,False,1112,1101,113.73114585876465,200
1775114174.064265,write,k4,1216.2959575653076,False,1116,1116,,201
1775114174.0647721,write,k1,1217.5660133361816,False,1148,1148,,201
1775114174.070126,read,k5,2.412080764770508,False,1156,1146,236.97304725646973,200
1775114174.071297,read,k5,2.0439624786376953,False,1156,1146,238.145112991333,200
1775114174.07872,read,k1,2.370119094848633,False,1157,1148,13.944149017333984,200
1775114174.155823,write,k4,1214.0569686889648,False,1117,1117,,201
1775114174.2770848,write,k5,1214.662790298462,False,1147,1147,,201
1775114174.359137,write,k1,1220.6249237060547,False,1150,1150,,201
1775114174.359915,write,k1,1230.1709651947021,False,1149,1149,,201
1775114174.3603,write,k2,1228.1029224395752,False,1102,1102,,201
1775114174.365205,read,k5,3.8437843322753906,False,1156,1147,88.11616897583008,200
1775114174.374727,write,k3,1218.764066696167,False,1184,1184,,201
1775114174.375788,write,k2,1211.7021083831787,False,1103,1103,,201
1775114174.376128,write,k2,1210.3378772735596,False,1104,1104,,201
1775114174.382408,read,k3,1.6100406646728516,False,1194,1184,7.678985595703125,200
1775114174.388268,write,k1,1219.2308902740479,False,1151,1151,,201
1775114174.458594,write,k5,1213.0639553070068,False,1148,1148,,201
1775114174.469053,read,k4,4.137992858886719,False,1127,1117,313.2281303405762,200
1775114174.479092,write,k1,1223.6909866333008,False,1152,1152,,201
1775114174.5648692,write,k1,1222.6719856262207,False,1153,1153,,201
1775114174.5700212,write,k4,1216.9828414916992,False,1118,1118,,201
1775114174.578708,read,k2,2.768993377685547,False,1114,1104,202.5761604309082,200
1775114174.5895941,write,k4,1214.4031524658203,False,1119,1119,,201
1775114174.5933251,read,k5,6.515979766845703,False,1156,1148,134.73105430603027,200
1775114174.6023328,read,k3,3.954172134399414,False,1195,1184,227.60295867919922,200
1775114174.6693802,write,k5,1216.7561054229736,False,1149,1149,,201
1775114174.6698802,write,k3,1217.9887294769287,False,1185,1185,,201
1775114174.672553,read,k4,1.7359256744384766,False,1128,1119,82.96012878417969,200
1775114174.675401,read,k5,1.093149185180664,False,1157,1149,6.024837493896484,200
1775114174.675693,read,k4,0.8268356323242188,False,1128,1119,86.10200881958008,200
1775114174.676224,write,k2,1218.9679145812988,False,1105,1105,,201
1775114174.6780438,write,k5,1209.9051475524902,False,1150,1150,,201
1775114174.679461,read,k5,1.8749237060546875,False,1157,1150,1.416921615600586,200
1775114174.690345,write,k5,1217.635154724121,False,1151,1151,,201
1775114174.690853,read,k4,3.9970874786376953,False,1128,1119,101.26018524169922,200
1775114174.691158,write,k2,1213.4828567504883,False,1106,1106,,201
1775114174.691444,write,k3,1212.859869003296,False,1186,1186,,201
1775114174.700937,read,k3,2.192974090576172,False,1196,1186,9.490013122558594,200
1775114174.7013068,read,k2,2.002239227294922,False,1118,1106,10.149240493774414,200
1775114174.705278,write,k4,1220.8640575408936,False,1120,1120,,201
1775114174.7086358,read,k5,1.3229846954345703,False,1158,1151,18.29075813293457,200
1775114174.7513118,write,k1,1253.8888454437256,False,1154,1154,,201
1775114174.757567,write,k3,1221.8759059906006,False,1187,1187,,201
1775114174.7582989,write,k1,1225.0971794128418,False,1156,1156,,201
1775114174.75878,write,k1,1226.5410423278809,False,1155,1155,,201
1775114174.778548,write,k2,1223.8237857818604,False,1107,1107,,201
1775114174.787411,read,k1,23.012876510620117,False,1164,1156,28.627872467041016,200
1775114174.788116,read,k4,25.123119354248047,False,1128,1120,82.83805847167969,200
1775114174.7914062,write,k3,1214.7350311279297,False,1188,1188,,201
1775114174.8741481,write,k2,1234.1282367706299,False,1108,1108,,201
1775114174.887431,read,k5,3.5851001739501953,False,1160,1151,197.0818042755127,200
1775114174.893855,read,k5,3.2732486724853516,False,1160,1151,203.5069465637207,200
1775114174.905287,read,k3,3.210783004760742,False,1198,1188,113.8758659362793,200
1775114174.980869,write,k4,1223.7770557403564,False,1121,1121,,201
1775114174.981487,write,k2,1214.9810791015625,False,1109,1109,,201
1775114174.9818602,write,k4,1224.3287563323975,False,1122,1122,,201
1775114174.982215,write,k3,1221.9901084899902,False,1189,1189,,201
1775114174.994105,write,k2,1223.4477996826172,False,1110,1110,,201
1775114174.994712,write,k1,1215.6429290771484,False,1157,1157,,201
1775114174.995154,write,k2,1212.6867771148682,False,1111,1111,,201
1775114174.995532,write,k3,1233.5872650146484,False,1190,1190,,201
1775114174.996149,read,k5,5.911827087402344,False,1160,1151,305.8037757873535,200
1775114174.996531,read,k2,8.244991302490234,False,1121,1111,1.377105712890625,200
1775114174.996863,read,k3,5.559206008911133,False,1198,1190,1.3298988342285156,200
1775114174.998744,write,k5,1214.0491008758545,False,1152,1152,,201
1775114175.007523,read,k4,7.653951644897461,False,1129,1122,25.658845901489258,200
1775114175.007972,read,k2,7.531881332397461,False,1121,1111,12.818098068237305,200
1775114175.0093598,write,k4,1221.628189086914,False,1123,1123,,201
1775114175.0097668,read,k1,8.28099250793457,False,1166,1157,15.055179595947266,200
1775114175.01085,read,k3,8.434295654296875,False,1198,1190,15.317201614379883,200
1775114175.01399,read,k5,5.267143249511719,False,1161,1152,15.24496078491211,200
1775114175.0183492,read,k3,2.250194549560547,False,1198,1190,22.81498908996582,200
1775114175.025509,read,k5,2.710103988647461,False,1162,1152,26.762008666992188,200
1775114175.0592608,write,k5,1232.133150100708,False,1153,1153,,201
1775114175.0671208,read,k2,3.5598278045654297,False,1125,1111,71.96402549743652,200
1775114175.073164,read,k2,2.7420520782470703,False,1125,1111,78.00793647766113,200
1775114175.092279,write,k3,1225.2399921417236,False,1191,1191,,201
1775114175.09273,write,k5,1253.2591819763184,False,1154,1154,,201
1775114175.093697,write,k4,1217.0372009277344,False,1124,1124,,201
1775114175.094089,write,k5,1216.3190841674805,False,1155,1155,,201
1775114175.185375,write,k3,1231.137990951538,False,1192,1192,,201
1775114175.186122,write,k5,1232.6819896697998,False,1156,1156,,201
1775114175.1971278,read,k4,3.802061080932617,False,1131,1124,103.42907905578613,200
1775114175.291229,write,k2,1232.7327728271484,False,1112,1112,,201
1775114175.298822,write,k4,1227.3950576782227,False,1125,1125,,201
1775114175.299598,write,k3,1223.9432334899902,False,1193,1193,,201
1775114175.300273,write,k1,1216.2222862243652,False,1158,1158,,201
1775114175.3947442,write,k3,1237.4379634857178,False,1194,1194,,201
1775114175.4032729,read,k1,1.4910697937011719,False,1169,1158,103.00087928771973,200
1775114175.504173,write,k4,1220.9100723266602,False,1126,1126,,201
1775114175.517174,read,k2,1.9841194152832031,False,1128,1112,225.94785690307617,200
1775114175.594056,write,k1,1228.4338474273682,False,1159,1159,,201
1775114175.598497,read,k2,2.6412010192871094,False,1128,1112,307.2679042816162,200
1775114175.603572,write,k1,1229.8951148986816,False,1161,1161,,201
1775114175.60407,write,k2,1223.017930984497,False,1113,1113,,201
1775114175.604537,write,k4,1224.4510650634766,False,1127,1127,,201
1775114175.604937,write,k1,1217.6620960235596,False,1162,1162,,201
1775114175.6053069,write,k1,1234.9770069122314,False,1160,1160,,201
1775114175.6056588,read,k2,4.406929016113281,False,1128,1113,1.5881061553955078,200
1775114175.609052,read,k5,2.022981643676758,False,1166,1156,422.9319095611572,200
1775114175.612179,read,k3,3.039121627807617,False,1199,1194,217.43297576904297,200
1775114175.612823,read,k3,3.3330917358398438,False,1199,1194,218.0778980255127,200
1775114175.614017,write,k1,1215.0542736053467,False,1163,1163,,201
1775114175.614391,read,k3,3.367900848388672,False,1199,1194,219.64597702026367,200
1775114175.616307,read,k3,1.8360614776611328,False,1199,1194,221.56286239624023,200
1775114175.620105,read,k1,1.8761157989501953,False,1170,1163,6.087303161621094,200
1775114175.624862,read,k4,3.367900848388672,False,1135,1127,20.32327651977539,200
1775114175.625212,read,k2,2.608060836791992,False,1128,1113,21.14105224609375,200
1775114175.6255639,read,k2,3.675222396850586,False,1128,1113,21.494150161743164,200
1775114175.636918,read,k3,2.2230148315429688,False,1200,1194,242.1700954437256,200
1775114175.699144,write,k4,1214.2608165740967,False,1128,1128,,201
1775114175.69989,write,k2,1224.3080139160156,False,1114,1114,,201
1775114175.714398,read,k1,7.647991180419922,False,1170,1163,100.37803649902344,200
1775114175.7979898,write,k3,1227.726936340332,False,1195,1195,,201
1775114175.807463,write,k5,1215.3799533843994,False,1157,1157,,201
1775114175.834524,write,k2,1226.39799118042,False,1115,1115,,201
1775114175.843743,read,k4,0.8649826049804688,False,1136,1128,144.60086822509766,200
1775114175.908889,write,k2,1221.282958984375,False,1118,1118,,201
1775114175.9096231,write,k2,1232.7699661254883,False,1116,1116,,201
1775114175.910152,write,k2,1231.9040298461914,False,1117,1117,,201
1775114175.912979,write,k3,1218.1849479675293,False,1196,1196,,201
1775114175.9134479,write,k1,1218.0240154266357,False,1164,1164,,201
1775114175.926427,write,k5,1219.6228504180908,False,1158,1158,,201
1775114175.9298491,write,k2,1220.6950187683105,False,1119,1119,,201
1775114175.9307132,read,k3,7.955789566040039,False,1202,1196,17.73214340209961,200
1775114175.934963,read,k4,2.8090476989746094,False,1137,1128,235.81910133361816,200
1775114175.939852,read,k2,1.435995101928711,False,1131,1119,10.001897811889648,200
1775114175.943557,write,k5,1223.1407165527344,False,1159,1159,,201
1775114176.003319,write,k3,1234.8101139068604,False,1198,1198,,201
1775114176.003901,write,k4,1244.2398071289062,False,1129,1129,,201
1775114176.0044942,write,k3,1221.771001815796,False,1197,1197,,201
1775114176.012675,write,k2,1218.3029651641846,False,1120,1120,,201
1775114176.013221,write,k5,1219.5792198181152,False,1160,1160,,201
1775114176.014931,read,k3,9.301900863647461,False,1203,1198,10.435104370117188,200
1775114176.0153039,read,k1,5.769968032836914,False,1173,1164,101.85670852661133,200
1775114176.015889,write,k1,1221.0988998413086,False,1165,1165,,201
1775114176.016156,read,k2,2.8390884399414062,False,1132,1120,3.4830570220947266,200
1775114176.0163782,read,k1,2.147197723388672,False,1173,1165,0.4889965057373047,200
1775114176.028173,read,k5,3.773927688598633,False,1170,1160,14.947652816772461,200
1775114176.029066,read,k4,5.459070205688477,False,1139,1129,25.164127349853516,200
1775114176.029451,read,k4,4.511117935180664,False,1139,1129,25.550127029418945,200
1775114176.138481,write,k1,1224.7469425201416,False,1166,1166,,201
1775114176.1455412,read,k1,1.64794921875,False,1173,1166,7.0590972900390625,200
1775114176.214973,write,k2,1230.7419776916504,False,1121,1121,,201
1775114176.2290199,write,k5,1226.1831760406494,False,1161,1161,,201
1775114176.231161,write,k5,1214.2910957336426,False,1162,1162,,201
1775114176.231315,write,k4,1219.900131225586,False,1130,1130,,201
1775114176.2314398,write,k2,1223.0398654937744,False,1123,1123,,201
1775114176.2329621,write,k2,1229.7680377960205,False,1122,1122,,201
1775114176.23574,read,k4,0.7498264312744141,False,1140,1130,4.424095153808594,200
1775114176.238595,write,k1,1216.737985610962,False,1168,1168,,201
1775114176.2387588,write,k1,1218.4789180755615,False,1167,1167,,201
1775114176.239095,write,k2,1219.2320823669434,False,1124,1124,,201
1775114176.2392168,read,k5,1.3840198516845703,False,1172,1162,8.054971694946289,200
1775114176.2449841,write,k2,1214.6060466766357,False,1125,1125,,201
1775114176.248538,read,k1,0.5769729614257812,False,1178,1168,9.778261184692383,200
1775114176.25228,read,k1,1.0099411010742188,False,1178,1168,13.520240783691406,200
1775114176.2524319,read,k5,0.9217262268066406,False,1172,1162,21.269798278808594,200
1775114176.287571,read,k5,23.159027099609375,False,1172,1162,56.40602111816406,200
1775114176.2928388,read,k2,2.7899742126464844,False,1137,1125,47.85323143005371,200
1775114176.2961211,read,k1,1.0082721710205078,False,1178,1168,57.36112594604492,200
1775114176.300224,read,k4,0.7750988006591797,False,1140,1130,68.9079761505127,200
1775114176.302448,read,k2,0.6911754608154297,False,1137,1125,57.459115982055664,200
1775114176.308919,read,k3,1.744985580444336,False,1205,1198,304.4250011444092,200
1775114176.312114,write,k2,1228.3031940460205,False,1126,1126,,201
1775114176.318445,write,k3,1218.1079387664795,False,1199,1199,,201
1775114176.318615,write,k1,1220.0419902801514,False,1169,1169,,201
1775114176.318756,write,k4,1217.7948951721191,False,1131,1131,,201
1775114176.318885,write,k5,1219.5169925689697,False,1163,1163,,201
1775114176.319711,read,k4,0.7898807525634766,False,1140,1131,0.95367431640625,200
1775114176.323125,read,k4,0.8211135864257812,False,1140,1131,4.368782043457031,200
1775114176.32879,read,k2,1.566171646118164,False,1138,1126,16.675949096679688,200
1775114176.328948,read,k4,1.2950897216796875,False,1141,1131,10.191679000854492,200
1775114176.3363898,read,k4,1.3070106506347656,False,1141,1131,17.63296127319336,200
1775114176.3407722,read,k2,2.0508766174316406,False,1139,1126,28.656959533691406,200
1775114176.344091,read,k1,1.7538070678710938,False,1178,1169,25.47621726989746,200
1775114176.349762,read,k1,1.1320114135742188,False,1178,1169,31.14604949951172,200
1775114176.419735,write,k2,1225.2631187438965,False,1127,1127,,201
1775114176.4333591,read,k3,1.1458396911621094,False,1206,1199,114.91513252258301,200
1775114176.440942,write,k4,1231.4398288726807,False,1132,1132,,201
1775114176.520572,write,k5,1225.0852584838867,False,1164,1164,,201
1775114176.523008,write,k5,1220.0641632080078,False,1165,1165,,201
1775114176.523136,write,k5,1217.5590991973877,False,1166,1166,,201
1775114176.523776,write,k2,1215.1060104370117,False,1128,1128,,201
1775114176.5273442,read,k5,0.9748935699462891,False,1173,1166,4.207134246826172,200
1775114176.531183,read,k1,1.1479854583740234,False,1179,1169,212.5680446624756,200
1775114176.533241,read,k4,1.0917186737060547,False,1142,1132,92.29803085327148,200
1775114176.620982,write,k1,1214.2541408538818,False,1170,1170,,201
1775114176.7443159,write,k4,1223.7329483032227,False,1133,1133,,201
1775114176.835854,write,k4,1225.5210876464844,False,1134,1134,,201
1775114176.83621,write,k5,1220.9620475769043,False,1167,1167,,201
1775114176.83644,write,k4,1219.6071147918701,False,1135,1135,,201
1775114176.842956,write,k4,1212.460994720459,False,1136,1136,,201
1775114176.844057,write,k3,1212.8610610961914,False,1200,1200,,201
1775114176.8446531,write,k3,1209.0070247650146,False,1201,1201,,201
1775114176.8457391,read,k1,1.5921592712402344,False,1180,1170,224.75504875183105,200
1775114176.849886,read,k3,1.1692047119140625,False,1206,1201,5.230188369750977,200
1775114176.851572,read,k3,0.8442401885986328,False,1206,1201,6.916999816894531,200
1775114176.865273,write,k2,1217.8781032562256,False,1129,1129,,201
1775114176.8760262,read,k1,1.8448829650878906,False,1181,1170,255.04112243652344,200
1775114176.882792,read,k1,1.4832019805908203,False,1181,1170,261.8081569671631,200
1775114176.926355,write,k3,1221.14896774292,False,1202,1202,,201
1775114176.945708,write,k5,1221.0280895233154,False,1168,1168,,201
1775114176.952985,read,k1,2.032041549682617,False,1182,1170,331.9969177246094,200
1775114177.027919,write,k2,1223.5257625579834,False,1130,1130,,201
1775114177.0491872,write,k5,1230.8712005615234,False,1169,1169,,201
1775114177.070225,write,k2,1217.4110412597656,False,1131,1131,,201
1775114177.1334982,write,k5,1221.5371131896973,False,1170,1170,,201
1775114177.134179,write,k1,1223.8202095031738,False,1171,1171,,201
1775114177.1399271,write,k4,1220.3049659729004,False,1137,1137,,201
1775114177.14037,write,k1,1222.8150367736816,False,1172,1172,,201
1775114177.142228,read,k5,3.955364227294922,False,1175,1170,8.729934692382812,200
1775114177.143556,write,k4,1208.0419063568115,False,1138,1138,,201
1775114177.147695,write,k1,1211.1258506774902,False,1173,1173,,201
1775114177.156209,read,k4,7.852077484130859,False,1147,1138,12.651920318603516,200
1775114177.1568232,read,k3,5.8460235595703125,False,1208,1202,230.4689884185791,200
1775114177.158751,read,k1,7.088899612426758,False,1185,1173,11.05499267578125,200
1775114177.1647391,read,k1,1.9960403442382812,False,1185,1173,17.041921615600586,200
1775114177.166354,write,k2,1217.7491188049316,False,1132,1132,,201
1775114177.166676,write,k3,1219.2769050598145,False,1203,1203,,201
1775114177.174495,read,k2,2.0329952239990234,False,1145,1132,8.13913345336914,200
1775114177.176525,read,k2,1.5439987182617188,False,1145,1132,10.170936584472656,200
1775114177.2327511,write,k4,1214.1709327697754,False,1139,1139,,201
1775114177.233366,write,k2,1215.9008979797363,False,1133,1133,,201
1775114177.240426,write,k5,1217.7109718322754,False,1171,1171,,201
1775114177.24448,read,k2,3.103017807006836,False,1145,1133,11.111974716186523,200
1775114177.253657,write,k3,1218.5347080230713,False,1204,1204,,201
1775114177.254245,write,k3,1215.9297466278076,False,1205,1205,,201
1775114177.254684,write,k4,1220.2980518341064,False,1140,1140,,201
1775114177.2585442,read,k4,7.892847061157227,False,1148,1140,3.857851028442383,200
1775114177.2717571,read,k5,16.591787338256836,False,1176,1171,31.32915496826172,200
1775114177.2743611,read,k1,15.297889709472656,False,1188,1173,126.66702270507812,200
1775114177.2745442,read,k3,2.0949840545654297,False,1210,1205,20.301103591918945,200
1775114177.274685,read,k2,2.7179718017578125,False,1146,1133,41.320085525512695,200
1775114177.279503,read,k2,0.8382797241210938,False,1146,1133,46.13804817199707,200
1775114177.283562,read,k4,0.682830810546875,False,1148,1140,28.877973556518555,200
1775114177.368852,write,k2,1221.0822105407715,False,1134,1134,,201
1775114177.436938,write,k5,1215.1298522949219,False,1172,1172,,201
1775114177.4457579,write,k2,1210.9930515289307,False,1135,1135,,201
1775114177.446204,write,k1,1210.0698947906494,False,1174,1174,,201
1775114177.459716,write,k1,1214.0607833862305,False,1177,1177,,201
1775114177.4602199,write,k1,1221.405029296875,False,1175,1175,,201
1775114177.460596,read,k5,5.681753158569336,False,1178,1172,23.65899085998535,200
1775114177.460921,write,k2,1221.6660976409912,False,1136,1136,,201
1775114177.46122,write,k1,1219.1600799560547,False,1176,1176,,201
1775114177.461505,write,k1,1214.3919467926025,False,1178,1178,,201
1775114177.466611,read,k5,2.3679733276367188,False,1178,1172,29.674053192138672,200
1775114177.471362,read,k4,2.640247344970703,False,1151,1140,216.6748046875,200
1775114177.471946,read,k5,1.6589164733886719,False,1178,1172,35.00986099243164,200
1775114177.476806,write,k2,1220.9231853485107,False,1137,1137,,201
1775114177.486527,read,k2,2.966165542602539,False,1148,1137,9.720087051391602,200
1775114177.493362,read,k2,2.6340484619140625,False,1148,1137,16.554832458496094,200
1775114177.5036118,read,k1,3.1862258911132812,False,1192,1178,42.10209846496582,200
1775114177.541628,write,k5,1219.102144241333,False,1173,1173,,201
1775114177.54227,write,k3,1214.7901058197021,False,1206,1206,,201
1775114177.5425432,write,k4,1219.109058380127,False,1141,1141,,201
1775114177.54279,write,k2,1229.1181087493896,False,1138,1138,,201
1775114177.5465732,write,k2,1211.7211818695068,False,1139,1139,,201
1775114177.5510778,read,k2,2.8231143951416016,False,1148,1139,4.503965377807617,200
1775114177.552006,read,k5,2.650737762451172,False,1178,1173,10.380029678344727,200
1775114177.552259,read,k4,2.440929412841797,False,1152,1141,9.716033935546875,200
1775114177.553376,read,k5,1.9900798797607422,False,1178,1173,11.748790740966797,200
1775114177.5598779,read,k3,2.2449493408203125,False,1212,1206,17.603158950805664,200
1775114177.5616739,read,k4,1.6713142395019531,False,1152,1141,19.128799438476562,200
1775114177.562413,read,k3,1.689910888671875,False,1212,1206,20.142078399658203,200
1775114177.5781078,write,k2,1216.7868614196777,False,1140,1140,,201
1775114177.660098,write,k4,1217.2908782958984,False,1142,1142,,201
1775114177.660761,write,k1,1224.7581481933594,False,1179,1179,,201
1775114177.74288,write,k2,1215.411901473999,False,1142,1142,,201
1775114177.7436259,write,k2,1219.2811965942383,False,1141,1141,,201
1775114177.754795,read,k4,4.097700119018555,False,1153,1142,94.69413757324219,200
1775114177.755445,read,k4,3.8008689880371094,False,1153,1142,95.34740447998047,200
1775114177.7648141,write,k2,1223.3030796051025,False,1143,1143,,201
1775114177.765239,write,k1,1223.5620021820068,False,1180,1180,,201
1775114177.7687511,read,k1,2.928018569946289,False,1196,1180,3.511190414428711,200
1775114177.772471,read,k2,2.264738082885742,False,1148,1143,7.655858993530273,200
1775114177.774553,read,k1,2.8228759765625,False,1197,1180,9.313106536865234,200
1775114177.7790048,read,k3,2.4449825286865234,False,1214,1206,236.73224449157715,200
1775114177.8473868,write,k4,1216.8538570404053,False,1143,1143,,201
1775114177.854482,read,k3,2.7768611907958984,False,1215,1206,312.2062683105469,200
1775114177.866994,read,k5,2.8150081634521484,False,1181,1173,325.3660202026367,200
1775114177.878578,read,k4,3.9529800415039062,False,1153,1143,31.19206428527832,200
1775114177.887119,read,k3,2.2840499877929688,False,1215,1206,344.846248626709,200
1775114177.900672,read,k5,3.0410289764404297,False,1181,1173,359.04479026794434,200
1775114177.9648309,write,k4,1217.012882232666,False,1144,1144,,201
1775114177.978702,read,k5,2.948760986328125,False,1181,1173,437.0748996734619,200
1775114177.990795,read,k2,2.2361278533935547,False,1149,1143,225.97980499267578,200
1775114177.996906,read,k1,2.8600692749023438,False,1197,1180,231.66203498840332,200
1775114178.010536,read,k2,3.297090530395508,False,1149,1143,245.72110176086426,200
1775114178.019687,read,k5,3.8437843322753906,False,1181,1173,478.0569076538086,200
1775114178.072196,write,k4,1229.00390625,False,1145,1145,,201
1775114178.072993,write,k2,1223.6521244049072,False,1144,1144,,201
1775114178.073344,write,k4,1227.1771430969238,False,1146,1146,,201
1775114178.073579,write,k5,1227.0987033843994,False,1174,1174,,201
1775114178.084652,read,k3,2.2640228271484375,False,1218,1206,542.3781871795654,200
1775114178.098271,write,k1,1243.8032627105713,False,1181,1181,,201
1775114178.098811,write,k4,1243.5710430145264,False,1147,1147,,201
1775114178.1072562,read,k4,2.8481483459472656,False,1153,1147,8.440971374511719,200
1775114178.109747,write,k3,1217.8947925567627,False,1207,1207,,201
1775114178.110102,read,k5,2.341032028198242,False,1182,1174,36.520957946777344,200
1775114178.118214,read,k3,2.992868423461914,False,1218,1207,8.460760116577148,200
1775114178.121791,read,k5,2.0101070404052734,False,1183,1174,48.20823669433594,200
1775114178.135205,read,k1,4.178047180175781,False,1198,1181,36.93389892578125,200
1775114178.144992,read,k4,3.2041072845458984,False,1154,1147,46.17714881896973,200
1775114178.150768,write,k1,1218.609094619751,False,1182,1182,,201
1775114178.160577,read,k1,2.465963363647461,False,1198,1182,9.807825088500977,200
1775114178.187138,write,k5,1226.6039848327637,False,1175,1175,,201
1775114178.201406,read,k3,4.424095153808594,False,1218,1207,91.65501594543457,200
1775114178.206932,read,k4,2.310037612915039,False,1155,1147,108.11805725097656,200
1775114178.217291,read,k4,2.3369789123535156,False,1155,1147,118.47782135009766,200
1775114178.261194,write,k1,1222.2647666931152,False,1183,1183,,201
1775114178.277218,read,k2,6.002187728881836,False,1150,1144,204.2238712310791,200
1775114178.279061,write,k1,1224.358081817627,False,1184,1184,,201
1775114178.285811,read,k3,3.342866897583008,False,1219,1207,176.05996131896973,200
1775114178.2921422,read,k1,2.8848648071289062,False,1198,1184,13.078927993774414,200
1775114178.333312,write,k1,1251.9381046295166,False,1185,1185,,201
1775114178.358002,write,k2,1220.6592559814453,False,1145,1145,,201
1775114178.380079,write,k3,1233.6511611938477,False,1208,1208,,201
1775114178.40149,write,k1,1241.1410808563232,False,1186,1186,,201
1775114178.4018922,write,k5,1227.297067642212,False,1176,1176,,201
1775114178.402216,write,k3,1247.1637725830078,False,1209,1209,,201
1775114178.402449,write,k4,1222.7449417114258,False,1148,1148,,201
1775114178.402684,write,k3,1241.3020133972168,False,1210,1210,,201
1775114178.4029608,write,k1,1218.2111740112305,False,1187,1187,,201
1775114178.409761,read,k1,3.114938735961914,False,1199,1187,6.796836853027344,200
1775114178.4104269,read,k1,3.244161605834961,False,1199,1187,7.463932037353516,200
1775114178.4107149,read,k2,3.2906532287597656,False,1151,1145,52.71196365356445,200
1775114178.4117,read,k2,3.0400753021240234,False,1151,1145,53.697824478149414,200
1775114178.427767,read,k4,5.3730010986328125,False,1157,1148,25.3140926361084,200
1775114178.464389,write,k1,1223.7348556518555,False,1188,1188,,201
1775114178.492388,write,k2,1243.368148803711,False,1146,1146,,201
1775114178.496521,write,k1,1216.7627811431885,False,1189,1189,,201
1775114178.5055182,write,k5,1222.9318618774414,False,1178,1178,,201
1775114178.506212,write,k5,1223.4280109405518,False,1177,1177,,201
1775114178.5065641,read,k5,8.75401496887207,False,1186,1178,0.37598609924316406,200
1775114178.5068622,write,k4,1217.175006866455,False,1149,1149,,201
1775114178.507566,read,k3,3.5169124603271484,False,1222,1210,104.88104820251465,200
1775114178.514305,read,k4,2.749919891357422,False,1157,1149,7.440805435180664,200
1775114178.515009,read,k5,3.123044967651367,False,1186,1178,8.82101058959961,200
1775114178.517931,read,k4,1.3401508331298828,False,1157,1149,11.066913604736328,200
1775114178.526604,read,k3,2.1371841430664062,False,1223,1210,123.91781806945801,200
1775114178.531889,read,k4,1.814126968383789,False,1157,1149,25.025129318237305,200
1775114178.6073,write,k1,1233.238935470581,False,1190,1190,,201
1775114178.6196978,read,k1,0.8618831634521484,False,1202,1190,12.398004531860352,200
1775114178.631225,read,k5,0.7312297821044922,False,1188,1178,125.03790855407715,200
1775114178.643178,read,k4,0.7541179656982422,False,1158,1149,136.31582260131836,200
1775114178.657303,read,k5,3.2770633697509766,False,1188,1178,151.11494064331055,200
1775114178.676492,write,k4,1234.7357273101807,False,1150,1150,,201
1775114178.676671,read,k1,8.09478759765625,False,1202,1190,69.37170028686523,200
1775114178.6966772,write,k4,1243.8137531280518,False,1151,1151,,201
1775114178.697214,write,k2,1228.992223739624,False,1147,1147,,201
1775114178.697547,write,k1,1228.1129360198975,False,1192,1192,,201
1775114178.697789,write,k1,1232.6407432556152,False,1191,1191,,201
1775114178.7032452,read,k3,1.44195556640625,False,1223,1210,300.55785179138184,200
1775114178.7036102,write,k4,1228.0519008636475,False,1152,1152,,201
1775114178.703913,write,k2,1227.9870510101318,False,1148,1148,,201
1775114178.704159,write,k3,1229.856014251709,False,1211,1211,,201
1775114178.7073522,read,k5,1.4269351959228516,False,1189,1178,201.16281509399414,200
1775114178.715465,read,k3,6.212949752807617,False,1223,1211,11.30223274230957,200
1775114178.7161431,read,k2,3.523111343383789,False,1151,1148,12.228012084960938,200
1775114178.716618,read,k1,4.547119140625,False,1203,1192,18.828153610229492,200
1775114178.7169669,read,k2,2.9659271240234375,False,1151,1148,13.053178787231445,200
1775114178.7256498,read,k3,3.9479732513427734,False,1223,1211,21.48914337158203,200
1775114178.726698,write,k3,1218.6369895935059,False,1212,1212,,201
1775114178.733033,read,k3,3.1287670135498047,False,1223,1212,6.333112716674805,200
1775114178.7352169,read,k2,2.0399093627929688,False,1151,1148,31.30316734313965,200
1775114178.737131,read,k4,1.3971328735351562,False,1160,1152,33.52093696594238,200
1775114178.809876,write,k1,1265.8131122589111,False,1193,1193,,201
1775114178.8104541,write,k1,1224.6289253234863,False,1196,1196,,201
1775114178.8108668,write,k5,1241.6572570800781,False,1180,1180,,201
1775114178.811211,write,k5,1256.4959526062012,False,1179,1179,,201
1775114178.811529,write,k1,1248.563289642334,False,1194,1194,,201
1775114178.8118389,write,k1,1247.1387386322021,False,1195,1195,,201
1775114178.817006,read,k3,3.476858139038086,False,1224,1212,90.30485153198242,200
1775114178.822659,read,k2,2.3450851440429688,False,1153,1148,118.74198913574219,200
1775114178.824354,read,k5,2.586841583251953,False,1192,1180,13.142108917236328,200
1775114178.827682,read,k3,2.1181106567382812,False,1224,1212,100.9829044342041,200
1775114178.837585,read,k4,2.285003662109375,False,1162,1152,133.9719295501709,200
1775114178.913093,write,k4,1246.589183807373,False,1153,1153,,201
1775114178.913641,write,k3,1246.1729049682617,False,1213,1213,,201
1775114178.925267,read,k4,3.4329891204833984,False,1163,1153,12.169837951660156,200
1775114178.9998221,write,k3,1236.340045928955,False,1214,1214,,201
1775114179.0003798,write,k1,1233.6750030517578,False,1197,1197,,201
1775114179.0119581,write,k5,1228.543996810913,False,1181,1181,,201
1775114179.012706,write,k3,1224.8518466949463,False,1215,1215,,201
1775114179.02258,read,k4,13.167858123779297,False,1163,1153,109.48610305786133,200
1775114179.023125,read,k3,7.536888122558594,False,1226,1215,10.418891906738281,200
1775114179.036818,read,k3,9.680986404418945,False,1226,1215,24.1091251373291,200
1775114179.039864,read,k4,6.7920684814453125,False,1164,1153,126.77192687988281,200
1775114179.099017,read,k5,42.77968406677246,False,1193,1181,87.06283569335938,200
1775114179.1041741,read,k4,1.3539791107177734,False,1164,1153,191.08295440673828,200
1775114179.12656,write,k2,1217.517614364624,False,1149,1149,,201
1775114179.133471,read,k2,0.8211135864257812,False,1153,1149,6.910800933837891,200
1775114179.2631328,write,k3,1236.9518280029297,False,1216,1216,,201
1775114179.3035479,write,k1,1214.9090766906738,False,1198,1198,,201
1775114179.3046021,write,k3,1225.6009578704834,False,1217,1217,,201
1775114179.3051252,write,k3,1223.7939834594727,False,1218,1218,,201
1775114179.3054562,write,k5,1225.3570556640625,False,1182,1182,,201
1775114179.3143098,read,k4,4.081010818481445,False,1164,1153,401.2160301208496,200
1775114179.316446,read,k3,3.0927658081054688,False,1227,1218,11.319875717163086,200
1775114179.325325,read,k5,2.8228759765625,False,1195,1182,19.865989685058594,200
1775114179.347073,write,k5,1228.060007095337,False,1183,1183,,201
1775114179.347659,write,k4,1233.4520816802979,False,1154,1154,,201
1775114179.3634071,read,k4,5.217075347900391,False,1164,1154,15.746116638183594,200
1775114179.417454,write,k2,1261.758804321289,False,1150,1150,,201
1775114179.418334,write,k4,1250.0441074371338,False,1155,1155,,201
1775114179.451597,write,k3,1225.8648872375488,False,1219,1219,,201
1775114179.452406,read,k4,31.09121322631836,False,1164,1155,34.07168388366699,200
1775114179.4536169,read,k3,26.081085205078125,False,1229,1219,2.0220279693603516,200
1775114179.465798,read,k4,1.7769336700439453,False,1164,1155,47.46079444885254,200
1775114179.527485,write,k2,1244.2502975463867,False,1151,1151,,201
1775114179.54127,read,k3,3.509044647216797,False,1229,1219,89.67185020446777,200
1775114179.6148689,write,k1,1274.3470668792725,False,1199,1199,,201
1775114179.615456,write,k4,1319.29612159729,False,1156,1156,,201
1775114179.615839,write,k5,1225.2569198608398,False,1184,1184,,201
1775114179.61617,write,k3,1254.4867992401123,False,1220,1220,,201
1775114179.6218,read,k1,2.948760986328125,False,1210,1199,6.929159164428711,200
1775114179.6272588,read,k3,4.36091423034668,False,1229,1220,11.08694076538086,200
1775114179.6278899,read,k5,4.29987907409668,False,1198,1184,12.050151824951172,200
1775114179.628833,read,k3,3.1931400299072266,False,1229,1220,12.662887573242188,200
1775114179.6536262,write,k5,1232.0268154144287,False,1185,1185,,201
1775114179.654156,write,k3,1246.1519241333008,False,1221,1221,,201
1775114179.654637,write,k4,1242.5801753997803,False,1157,1157,,201
1775114179.6549702,write,k3,1235.361099243164,False,1222,1222,,201
1775114179.655283,write,k1,1244.272232055664,False,1200,1200,,201
1775114179.6678982,read,k2,3.9908885955810547,False,1155,1151,140.4118537902832,200
1775114179.674301,read,k4,2.1021366119384766,False,1166,1157,19.66118812561035,200
1775114179.7135549,write,k5,1276.9598960876465,False,1186,1186,,201
1775114179.7185411,write,k1,1241.9612407684326,False,1201,1201,,201
1775114179.719056,read,k5,3.3540725708007812,False,1201,1186,5.501031875610352,200
1775114179.7305942,read,k2,4.645824432373047,False,1156,1151,203.1078338623047,200
1775114179.739957,read,k5,2.918720245361328,False,1201,1186,26.401042938232422,200
1775114179.75585,write,k1,1235.144853591919,False,1202,1202,,201
1775114179.756413,write,k3,1245.5511093139648,False,1223,1223,,201
1775114179.756883,write,k5,1241.1718368530273,False,1188,1188,,201
1775114179.757333,write,k5,1244.0261840820312,False,1187,1187,,201
1775114179.7578208,read,k3,6.273746490478516,False,1231,1223,1.4069080352783203,200
1775114179.765008,read,k5,3.098726272583008,False,1202,1188,7.673978805541992,200
1775114179.7653859,read,k3,3.1130313873291016,False,1231,1223,8.971691131591797,200
1775114179.768129,write,k4,1227.503776550293,False,1158,1158,,201
1775114179.768527,read,k4,2.2881031036376953,False,1166,1158,0.3979206085205078,200
1775114179.772161,read,k2,2.031087875366211,False,1156,1151,244.67778205871582,200
1775114179.774498,read,k4,1.9078254699707031,False,1166,1158,6.366968154907227,200
1775114179.783981,read,k2,4.286050796508789,False,1156,1151,256.49476051330566,200
1775114179.9182222,write,k1,1218.7330722808838,False,1203,1203,,201
1775114179.9184551,write,k4,1232.3858737945557,False,1159,1159,,201
1775114179.918605,write,k5,1233.2522869110107,False,1189,1189,,201
1775114179.922814,read,k1,1.0237693786621094,False,1212,1203,4.5909881591796875,200
1775114179.9750469,write,k4,1266.1550045013428,False,1160,1160,,201
1775114179.975214,write,k5,1250.8838176727295,False,1192,1192,,201
1775114179.975347,write,k1,1250.3912448883057,False,1204,1204,,201
1775114179.975466,write,k5,1251.6632080078125,False,1191,1191,,201
1775114179.975583,write,k5,1268.1491374969482,False,1190,1190,,201
1775114179.9788852,read,k2,1.7132759094238281,False,1157,1151,451.4038562774658,200
1775114179.979033,read,k3,0.8950233459472656,False,1232,1223,222.62096405029297,200
1775114179.9814882,read,k1,0.8127689361572266,False,1212,1204,6.140232086181641,200
1775114179.983271,read,k5,0.7240772247314453,False,1204,1192,7.68733024597168,200
1775114179.98578,read,k5,0.6787776947021484,False,1204,1192,10.19597053527832,200
1775114179.991489,read,k1,0.61798095703125,False,1212,1204,16.14212989807129,200
1775114179.996129,read,k3,0.5788803100585938,False,1234,1223,239.7167682647705,200
1775114180.001902,read,k3,0.5640983581542969,False,1234,1223,245.49102783203125,200
1775114180.0165582,write,k4,1277.4598598480225,False,1161,1161,,201
1775114180.016742,write,k1,1273.1189727783203,False,1205,1205,,201
1775114180.060344,write,k5,1230.9341430664062,False,1193,1193,,201
1775114180.0614479,write,k2,1247.1928596496582,False,1152,1152,,201
1775114180.062128,write,k4,1220.9880352020264,False,1163,1163,,201
1775114180.063041,write,k2,1246.877908706665,False,1153,1153,,201
1775114180.063741,write,k3,1251.7240047454834,False,1224,1224,,201
1775114180.06414,write,k4,1233.9560985565186,False,1162,1162,,201
1775114180.0762181,read,k1,2.209901809692383,False,1214,1205,59.47089195251465,200
1775114180.1499982,write,k3,1220.0331687927246,False,1226,1226,,201
1775114180.1504278,write,k3,1229.762077331543,False,1225,1225,,201
1775114180.157527,read,k2,2.2041797637939453,False,1159,1153,94.4828987121582,200
1775114180.1578019,read,k5,1.8990039825439453,False,1207,1193,97.46098518371582,200
1775114180.165133,read,k4,1.7237663269042969,False,1173,1163,100.99101066589355,200
1775114180.269637,write,k4,1253.0770301818848,False,1164,1164,,201
1775114180.270231,write,k1,1259.4881057739258,False,1206,1206,,201
1775114180.2837172,read,k3,7.447004318237305,False,1236,1226,133.2840919494629,200
1775114180.284506,read,k1,6.615161895751953,False,1214,1206,14.274120330810547,200
1775114180.29722,read,k3,2.9840469360351562,False,1237,1226,146.7881202697754,200
1775114180.306664,read,k4,5.156040191650391,False,1173,1164,37.02592849731445,200
1775114180.322788,write,k5,1217.2818183898926,False,1194,1194,,201
1775114180.3233569,write,k1,1253.6699771881104,False,1207,1207,,201
1775114180.3285172,read,k2,2.0618438720703125,False,1159,1153,265.4728889465332,200
1775114180.330643,read,k3,1.2488365173339844,False,1237,1226,180.21225929260254,200
1775114180.340235,read,k4,2.482175827026367,False,1173,1164,70.59693336486816,200
1775114180.340723,read,k2,1.9392967224121094,False,1159,1153,277.6811122894287,200
1775114180.34907,read,k2,2.0520687103271484,False,1159,1153,286.0260009765625,200
1775114180.350593,read,k3,1.3599395751953125,False,1237,1226,200.16098022460938,200
1775114180.362342,write,k1,1223.1082916259766,False,1208,1208,,201
1775114180.486345,write,k3,1214.7152423858643,False,1227,1227,,201
1775114180.527673,write,k2,1219.7399139404297,False,1154,1154,,201
1775114180.540378,read,k3,2.4709701538085938,False,1239,1227,54.0311336517334,200
1775114180.555447,read,k2,3.400087356567383,False,1160,1154,27.77409553527832,200
1775114180.566738,read,k3,2.026081085205078,False,1239,1227,80.39021492004395,200
1775114180.571358,write,k5,1251.7876625061035,False,1195,1195,,201
1775114180.571696,write,k3,1256.0408115386963,False,1228,1228,,201
1775114180.5719218,write,k3,1239.3989562988281,False,1229,1229,,201
1775114180.5733728,read,k4,1.2068748474121094,False,1173,1164,303.73597145080566,200
1775114180.5759082,read,k4,1.5711784362792969,False,1173,1164,306.272029876709,200
1775114180.579602,read,k2,1.2171268463134766,False,1160,1154,51.92923545837402,200
1775114180.581978,read,k5,1.2760162353515625,False,1209,1195,10.620832443237305,200
1775114180.59249,write,k5,1221.3687896728516,False,1197,1197,,201
1775114180.592895,write,k5,1233.7760925292969,False,1196,1196,,201
1775114180.594961,read,k4,3.3621788024902344,False,1174,1164,325.32286643981934,200
1775114180.607929,read,k4,7.092952728271484,False,1174,1164,338.2899761199951,200
1775114180.614284,read,k4,2.045869827270508,False,1174,1164,344.64573860168457,200
1775114180.618131,read,k1,1.9032955169677734,False,1218,1208,255.78999519348145,200
1775114180.6279838,read,k4,3.4728050231933594,False,1174,1164,358.34693908691406,200
1775114180.633549,read,k1,2.0761489868164062,False,1218,1208,271.2078094482422,200
1775114180.6464121,read,k1,3.010988235473633,False,1218,1208,284.0707302093506,200
1775114180.673494,write,k1,1217.7050113677979,False,1209,1209,,201
1775114180.6777549,write,k1,1216.722011566162,False,1210,1210,,201
1775114180.680008,read,k4,2.110004425048828,False,1174,1164,410.3710651397705,200
1775114180.684119,read,k2,2.2721290588378906,False,1160,1154,156.44502639770508,200
1775114180.687465,write,k5,1215.9790992736816,False,1198,1198,,201
1775114180.692926,read,k1,5.064249038696289,False,1218,1210,15.169143676757812,200
1775114180.7898529,write,k2,1238.9602661132812,False,1155,1155,,201
1775114180.8665001,write,k5,1228.1908988952637,False,1200,1200,,201
1775114180.8670871,write,k1,1229.9740314483643,False,1212,1212,,201
1775114180.867491,write,k1,1243.293046951294,False,1211,1211,,201
1775114180.867852,write,k5,1229.9039363861084,False,1199,1199,,201
1775114180.872305,read,k4,2.360105514526367,False,1174,1164,602.665901184082,200
1775114180.8753312,write,k5,1219.8901176452637,False,1201,1201,,201
1775114180.8764129,read,k3,3.4470558166503906,False,1243,1229,304.4872283935547,200
1775114180.876986,read,k5,3.1599998474121094,False,1209,1201,1.653909683227539,200
1775114180.882327,read,k1,3.180980682373047,False,1219,1212,14.832735061645508,200
1775114180.892766,write,k2,1227.3869514465332,False,1156,1156,,201
1775114180.893211,write,k4,1234.971046447754,False,1165,1165,,201
1775114180.893607,write,k4,1234.921932220459,False,1166,1166,,201
1775114180.893939,read,k4,2.4220943450927734,False,1175,1166,0.3311634063720703,200
1775114180.902456,read,k4,2.068042755126953,False,1176,1166,8.84699821472168,200
1775114180.910787,write,k3,1227.8966903686523,False,1230,1230,,201
1775114180.9692109,write,k3,1242.304801940918,False,1231,1231,,201
1775114180.9751308,read,k2,2.997159957885742,False,1162,1156,82.36384391784668,200
1775114180.995564,write,k3,1230.069875717163,False,1232,1232,,201
1775114180.996191,write,k5,1234.938144683838,False,1202,1202,,201
1775114181.006687,read,k3,22.893190383911133,False,1244,1232,11.124849319458008,200
1775114181.007023,read,k1,2.9451847076416016,False,1221,1212,139.53089714050293,200
1775114181.007253,write,k5,1235.8222007751465,False,1203,1203,,201
1775114181.010422,write,k5,1231.9722175598145,False,1204,1204,,201
1775114181.0106869,write,k4,1234.0278625488281,False,1167,1167,,201
1775114181.017946,read,k2,1.741170883178711,False,1162,1156,125.17976760864258,200
1775114181.018913,read,k4,0.7188320159912109,False,1179,1167,8.224964141845703,200
1775114181.020111,read,k2,0.9300708770751953,False,1163,1156,127.34484672546387,200
1775114181.028042,read,k5,1.2578964233398438,False,1211,1204,17.620086669921875,200
1775114181.030439,write,k4,1243.6888217926025,False,1168,1168,,201
1775114181.171714,write,k2,1244.7988986968994,False,1157,1157,,201
1775114181.1724758,write,k4,1245.893955230713,False,1170,1170,,201
1775114181.173134,write,k4,1249.9141693115234,False,1169,1169,,201
1775114181.177553,read,k2,3.5431385040283203,False,1164,1157,5.840778350830078,200
1775114181.186774,read,k2,2.652883529663086,False,1164,1157,15.061616897583008,200
1775114181.187393,read,k3,2.197265625,False,1246,1232,191.82896614074707,200
1775114181.19417,read,k4,2.1848678588867188,False,1180,1170,21.03400230407715,200
1775114181.199272,read,k1,2.877950668334961,False,1221,1212,331.77900314331055,200
1775114181.209176,write,k3,1225.843906402588,False,1233,1233,,201
1775114181.209606,write,k2,1229.1240692138672,False,1158,1158,,201
1775114181.2100842,write,k3,1226.269006729126,False,1234,1234,,201
1775114181.211908,write,k4,1220.3772068023682,False,1171,1171,,201
1775114181.221343,read,k3,6.279945373535156,False,1247,1234,11.255979537963867,200
1775114181.222569,read,k2,6.2427520751953125,False,1164,1158,12.961149215698242,200
1775114181.223443,read,k5,3.222942352294922,False,1212,1204,213.02032470703125,200
1775114181.230742,read,k1,2.424001693725586,False,1221,1212,363.2488250732422,200
1775114181.232522,write,k4,1223.1881618499756,False,1172,1172,,201
1775114181.235704,write,k1,1216.4812088012695,False,1213,1213,,201
1775114181.2370298,read,k4,1.953125,False,1182,1172,4.508256912231445,200
1775114181.273092,write,k1,1246.7730045318604,False,1214,1214,,201
1775114181.280332,read,k5,2.9578208923339844,False,1212,1204,269.90509033203125,200
1775114181.2937422,read,k1,2.167224884033203,False,1223,1214,20.65110206604004,200
1775114181.31072,write,k2,1232.3329448699951,False,1159,1159,,201
1775114181.3111832,write,k5,1242.5730228424072,False,1207,1207,,201
1775114181.3115451,write,k5,1243.6628341674805,False,1206,1206,,201
1775114181.3119,write,k5,1245.140790939331,False,1205,1205,,201
1775114181.312244,write,k3,1244.1110610961914,False,1235,1235,,201
1775114181.3125792,write,k4,1245.0199127197266,False,1173,1173,,201
1775114181.316535,read,k5,2.353191375732422,False,1212,1207,4.6329498291015625,200
1775114181.317285,read,k3,2.3539066314697266,False,1248,1235,5.03993034362793,200
1775114181.317848,read,k2,2.20489501953125,False,1166,1159,7.129192352294922,200
1775114181.319507,read,k1,1.583099365234375,False,1224,1214,46.41890525817871,200
1775114181.322146,read,k4,2.557992935180664,False,1183,1173,9.567022323608398,200
1775114181.326208,read,k2,1.7368793487548828,False,1168,1159,15.48910140991211,200
1775114181.329588,read,k3,1.7080307006835938,False,1248,1235,17.343997955322266,200
1775114181.335063,read,k1,1.6889572143554688,False,1224,1214,61.97500228881836,200
1775114181.3403661,read,k2,1.6748905181884766,False,1168,1159,29.64615821838379,200
1775114181.347945,read,k1,2.0780563354492188,False,1224,1214,74.85699653625488,200
1775114181.359484,read,k2,2.3059844970703125,False,1168,1159,48.76208305358887,200
1775114181.3692422,read,k4,2.4340152740478516,False,1183,1173,56.65898323059082,200
1775114181.3861928,write,k5,1213.5140895843506,False,1208,1208,,201
1775114181.386828,write,k3,1221.3561534881592,False,1236,1236,,201
1775114181.396652,read,k5,3.134012222290039,False,1214,1208,10.458707809448242,200
1775114181.410719,read,k3,3.1821727752685547,False,1249,1236,23.88930320739746,200
1775114181.416592,read,k5,2.3190975189208984,False,1214,1208,30.40003776550293,200
1775114181.42738,read,k2,3.551006317138672,False,1168,1159,116.65725708007812,200
1775114181.436436,read,k5,2.5920867919921875,False,1214,1208,50.24409294128418,200
1775114181.4588008,read,k1,12.82811164855957,False,1225,1214,185.71019172668457,200
1775114181.4694731,read,k5,1.8901824951171875,False,1214,1208,83.2817554473877,200
1775114181.480552,read,k1,1.2962818145751953,False,1225,1214,207.46421813964844,200
1775114181.490135,read,k4,1.4801025390625,False,1183,1173,177.55603790283203,200
1775114181.4984372,read,k5,1.306772232055664,False,1214,1208,112.24794387817383,200
1775114181.514851,write,k3,1222.249984741211,False,1237,1237,,201
1775114181.534534,write,k1,1220.4265594482422,False,1215,1215,,201
1775114181.5744529,write,k2,1221.7228412628174,False,1160,1160,,201
1775114181.574569,write,k3,1222.4748134613037,False,1238,1238,,201
1775114181.592694,read,k1,6.371974945068359,False,1227,1215,58.15887451171875,200
1775114181.6048288,read,k2,1.180887222290039,False,1168,1160,30.375957489013672,200
1775114181.61763,write,k3,1250.925064086914,False,1239,1239,,201
1775114181.7122712,write,k5,1216.1650657653809,False,1209,1209,,201
1775114181.818024,write,k4,1241.023063659668,False,1174,1174,,201
1775114181.818403,write,k3,1242.2840595245361,False,1240,1240,,201
1775114181.8186529,write,k1,1216.9506549835205,False,1217,1217,,201
1775114181.818879,write,k1,1228.083848953247,False,1216,1216,,201
1775114181.821944,write,k1,1218.094825744629,False,1218,1218,,201
1775114181.826298,read,k4,4.27699089050293,False,1186,1174,8.275032043457031,200
1775114181.826804,read,k4,2.0983219146728516,False,1187,1174,8.78000259399414,200
1775114181.837793,read,k2,1.8107891082763672,False,1170,1160,263.3380889892578,200
1775114181.838209,read,k4,1.8398761749267578,False,1187,1174,20.18594741821289,200
1775114181.882199,write,k3,1226.6201972961426,False,1241,1241,,201
1775114181.8938189,read,k3,3.353118896484375,False,1250,1241,11.619091033935547,200
1775114181.921159,write,k3,1215.5811786651611,False,1243,1243,,201
1775114181.9216378,write,k3,1232.731819152832,False,1242,1242,,201
1775114181.922039,write,k2,1215.2340412139893,False,1161,1161,,201
1775114181.9273212,read,k1,2.834796905517578,False,1229,1218,105.37600517272949,200
1775114181.9275808,read,k3,2.4690628051757812,False,1250,1243,5.942106246948242,200
1775114181.93123,read,k1,2.1071434020996094,False,1229,1218,109.2839241027832,200
1775114181.934668,read,k5,1.6069412231445312,False,1216,1209,222.3958969116211,200
1775114181.9422069,read,k2,2.597332000732422,False,1170,1161,20.165205001831055,200
1775114181.950391,read,k2,1.79290771484375,False,1170,1161,28.350114822387695,200
1775114181.956225,read,k4,1.5633106231689453,False,1189,1174,138.20195198059082,200
1775114181.9605062,read,k4,1.7991065979003906,False,1189,1174,142.48299598693848,200
1775114181.968259,read,k4,2.246856689453125,False,1189,1174,150.23493766784668,200
1775114181.97355,read,k3,2.0780563354492188,False,1250,1243,51.9108772277832,200
1775114182.015626,write,k1,1218.6558246612549,False,1219,1219,,201
1775114182.024988,read,k4,3.242969512939453,False,1190,1174,206.95877075195312,200
1775114182.1025321,write,k2,1230.093002319336,False,1162,1162,,201
1775114182.122328,write,k1,1242.4850463867188,False,1220,1220,,201
1775114182.122831,write,k5,1227.8811931610107,False,1211,1211,,201
1775114182.123245,write,k4,1236.5670204162598,False,1175,1175,,201
1775114182.123567,write,k3,1225.0430583953857,False,1244,1244,,201
1775114182.1238341,write,k4,1224.4930267333984,False,1176,1176,,201
1775114182.124067,write,k5,1241.631031036377,False,1210,1210,,201
1775114182.1285288,write,k4,1218.6481952667236,False,1177,1177,,201
1775114182.140552,write,k4,1220.339059829712,False,1178,1178,,201
1775114182.14113,read,k3,11.204957962036133,False,1251,1244,17.561912536621094,200
1775114182.144382,read,k1,1.5480518341064453,False,1231,1220,22.05514907836914,200
1775114182.2224472,write,k1,1223.4067916870117,False,1221,1221,,201
1775114182.2277389,write,k4,1211.9276523590088,False,1179,1179,,201
1775114182.2328708,write,k2,1215.5070304870605,False,1163,1163,,201
1775114182.2332501,write,k3,1218.0559635162354,False,1245,1245,,201
1775114182.234805,read,k1,3.309965133666992,False,1232,1221,12.356996536254883,200
1775114182.235116,read,k5,2.9981136322021484,False,1217,1211,111.04798316955566,200
1775114182.2395961,read,k4,2.034902572631836,False,1191,1179,11.857986450195312,200
1775114182.243958,write,k5,1214.087963104248,False,1212,1212,,201
1775114182.244249,write,k4,1213.7329578399658,False,1180,1180,,201
1775114182.245101,read,k5,2.732992172241211,False,1217,1212,1.1420249938964844,200
1775114182.245355,read,k3,2.187013626098633,False,1253,1245,12.104988098144531,200
1775114182.2467961,read,k2,2.2821426391601562,False,1172,1163,13.925790786743164,200
1775114182.248321,read,k5,2.225160598754883,False,1217,1212,4.352092742919922,200
1775114182.250356,read,k2,1.7230510711669922,False,1172,1163,17.485618591308594,200
1775114182.251219,read,k4,1.4319419860839844,False,1191,1180,6.968975067138672,200
1775114182.2522619,read,k3,0.9799003601074219,False,1254,1245,19.0122127532959,200
1775114182.25505,read,k5,1.5988349914550781,False,1218,1212,11.090993881225586,200
1775114182.25869,read,k5,1.6410350799560547,False,1219,1212,14.729022979736328,200
1775114182.2589839,read,k2,3.8552284240722656,False,1172,1163,26.113033294677734,200
1775114182.2652311,read,k3,1.6031265258789062,False,1254,1245,31.979084014892578,200
1775114182.2748108,write,k2,1232.3980331420898,False,1164,1164,,201
1775114182.276449,read,k2,2.851724624633789,False,1173,1164,1.6379356384277344,200
1775114182.39596,write,k3,1219.804286956787,False,1246,1246,,201
1775114182.4029498,read,k5,2.5331974029541016,False,1220,1212,158.98823738098145,200
1775114182.411747,write,k3,1214.7150039672852,False,1247,1247,,201
1775114182.41342,read,k3,2.8753280639648438,False,1255,1247,1.672983169555664,200
1775114182.4236128,write,k4,1218.6779975891113,False,1181,1181,,201
1775114182.44545,write,k4,1223.940134048462,False,1182,1182,,201
1775114182.446183,write,k3,1220.6599712371826,False,1248,1248,,201
1775114182.446579,write,k1,1216.5639400482178,False,1222,1222,,201
1775114182.450645,write,k2,1216.2730693817139,False,1165,1165,,201
1775114182.46303,write,k2,1224.12109375,False,1166,1166,,201
1775114182.464884,write,k1,1225.5010604858398,False,1223,1223,,201
1775114182.465222,read,k2,15.608072280883789,False,1173,1166,2.190113067626953,200
1775114182.465525,read,k4,13.292074203491211,False,1193,1182,20.078659057617188,200
1775114182.475137,read,k1,1.5358924865722656,False,1233,1223,10.251045227050781,200
1775114182.4829109,read,k3,1.7032623291015625,False,1256,1248,36.72599792480469,200
1775114182.518241,write,k4,1219.3348407745361,False,1183,1183,,201
1775114182.526129,write,k1,1213.4389877319336,False,1224,1224,,201
1775114182.534514,write,k2,1211.0388278961182,False,1168,1168,,201
1775114182.534783,write,k5,1213.9639854431152,False,1213,1213,,201
1775114182.534982,write,k2,1213.7627601623535,False,1167,1167,,201
1775114182.5351849,read,k1,1.9009113311767578,False,1235,1224,9.058237075805664,200
1775114182.538166,read,k3,1.1091232299804688,False,1256,1248,91.98284149169922,200
1775114182.538356,read,k1,1.0309219360351562,False,1235,1224,12.228965759277344,200
1775114182.542186,write,k3,1211.0536098480225,False,1249,1249,,201
1775114182.544558,read,k5,1.0857582092285156,False,1224,1213,9.775161743164062,200
1775114182.545137,read,k5,1.107931137084961,False,1224,1213,10.35308837890625,200
1775114182.5924008,write,k5,1221.4369773864746,False,1214,1214,,201
1775114182.611208,write,k1,1218.4710502624512,False,1225,1225,,201
1775114182.624674,read,k1,1.6720294952392578,False,1237,1225,13.464927673339844,200
1775114182.725431,write,k4,1219.038963317871,False,1184,1184,,201
1775114182.732657,write,k1,1214.4670486450195,False,1226,1226,,201
1775114182.734905,read,k1,2.0351409912109375,False,1237,1226,2.2478103637695312,200
1775114182.769393,write,k1,1225.9557247161865,False,1227,1227,,201
1775114182.790091,write,k4,1213.4859561920166,False,1185,1185,,201
1775114182.806303,read,k3,5.117177963256836,False,1259,1249,264.1141414642334,200
1775114182.812777,read,k1,2.980947494506836,False,1238,1227,43.383121490478516,200
1775114182.828298,write,k1,1220.4790115356445,False,1228,1228,,201
1775114182.835357,write,k2,1216.068983078003,False,1169,1169,,201
1775114182.936619,write,k4,1214.2972946166992,False,1186,1186,,201
1775114183.042298,write,k2,1221.0140228271484,False,1170,1170,,201
1775114183.064584,write,k4,1240.2770519256592,False,1187,1187,,201
1775114183.065027,write,k1,1240.0782108306885,False,1229,1229,,201
1775114183.075315,write,k3,1231.5540313720703,False,1250,1250,,201
1775114183.0756822,write,k5,1236.22465133667,False,1215,1215,,201
1775114183.0767639,read,k4,4.0111541748046875,False,1195,1187,12.18104362487793,200
1775114183.077017,read,k1,2.8548240661621094,False,1239,1229,11.987924575805664,200
1775114183.089097,read,k1,6.161212921142578,False,1239,1229,24.064064025878906,200
1775114183.089514,read,k3,6.299018859863281,False,1261,1250,14.198780059814453,200
1775114183.097717,read,k5,2.0940303802490234,False,1228,1215,22.03202247619629,200
1775114183.13293,write,k5,1231.4679622650146,False,1216,1216,,201
1775114183.137812,read,k1,3.264188766479492,False,1241,1229,72.78108596801758,200
1775114183.1408799,write,k4,1214.858055114746,False,1188,1188,,201
1775114183.1546931,read,k5,6.394147872924805,False,1228,1216,21.760940551757812,200
1775114183.1840131,write,k4,1243.0188655853271,False,1189,1189,,201
1775114183.2052522,write,k4,1221.6219902038574,False,1190,1190,,201
1775114183.2523289,write,k3,1216.9499397277832,False,1251,1251,,201
1775114183.3452768,write,k2,1232.7089309692383,False,1171,1171,,201
1775114183.350102,read,k5,2.0821094512939453,False,1228,1216,217.17000007629395,200
1775114183.3677702,write,k3,1237.4472618103027,False,1253,1253,,201
1775114183.3686159,write,k1,1234.8928451538086,False,1231,1231,,201
1775114183.369237,write,k5,1239.8579120635986,False,1217,1217,,201
1775114183.369758,write,k1,1244.361162185669,False,1230,1230,,201
1775114183.3701031,write,k2,1243.4780597686768,False,1172,1172,,201
1775114183.370393,write,k3,1237.036943435669,False,1252,1252,,201
1775114183.4266949,write,k1,1279.9081802368164,False,1232,1232,,201
1775114183.4280388,read,k3,43.53594779968262,False,1264,1253,57.64293670654297,200
1775114183.429918,write,k4,1285.4020595550537,False,1191,1191,,201
1775114183.430596,read,k2,47.51920700073242,False,1177,1172,60.491085052490234,200
1775114183.431069,read,k1,45.823097229003906,False,1242,1232,4.374980926513672,200
1775114183.4333801,read,k1,1.5728473663330078,False,1243,1232,6.686925888061523,200
1775114183.440641,read,k4,1.2562274932861328,False,1198,1191,10.721921920776367,200
1775114183.452994,read,k3,2.521038055419922,False,1267,1253,82.5967788696289,200
1775114183.459821,read,k3,1.5599727630615234,False,1267,1253,89.42580223083496,200
1775114183.506185,write,k2,1242.959976196289,False,1173,1173,,201
1775114183.506994,write,k5,1223.4466075897217,False,1220,1220,,201
1775114183.507699,write,k3,1225.308895111084,False,1255,1255,,201
1775114183.5081978,write,k5,1261.308193206787,False,1218,1218,,201
1775114183.50864,write,k3,1261.2009048461914,False,1254,1254,,201
1775114183.5089989,write,k4,1255.0430297851562,False,1192,1192,,201
1775114183.509279,write,k5,1255.5649280548096,False,1219,1219,,201
1775114183.512574,read,k2,3.184795379638672,False,1178,1173,6.390094757080078,200
1775114183.513248,read,k4,3.2999515533447266,False,1198,1192,4.241943359375,200
1775114183.525196,read,k2,7.190942764282227,False,1179,1173,19.012928009033203,200
1775114183.525484,read,k1,5.079030990600586,False,1243,1232,98.79183769226074,200
1775114183.5296052,read,k2,1.8622875213623047,False,1179,1173,23.418903350830078,200
1775114183.5377018,read,k5,1.7809867858886719,False,1230,1220,28.419017791748047,200
